WB_id,consensus_module,consensus_strength,chemical,logFC,FDR,is_detected,direction
WBGene00017691,2,0.6666666666666666,GenX,-1.842167532,2.66391210250695e-08,True,down
WBGene00015326,2,0.9333333333333333,GenX,0.716264637,1.5314189014501e-06,True,up
WBGene00018480,2,1.0,GenX,2.448439665,1.9773532240127e-06,True,up
WBGene00022683,2,0.9666666666666667,GenX,0.782730611,2.24585808907633e-06,True,up
WBGene00019914,2,0.9333333333333333,GenX,0.654788444,8.03922146550089e-06,True,up
WBGene00018398,2,0.9666666666666667,GenX,0.486569495,1.80148108853445e-05,True,up
WBGene00001156,2,0.9666666666666667,GenX,0.620773443,2.22215151237469e-05,True,up
WBGene00013654,2,0.9333333333333333,GenX,0.642894567,2.84342548105893e-05,True,up
WBGene00008594,2,0.9666666666666667,GenX,0.492923981,7.9236903306786e-05,True,up
WBGene00007536,2,1.0,GenX,0.671944405,0.000101098,True,up
WBGene00000136,2,0.9333333333333333,GenX,0.871850996,0.000114479,True,up
WBGene00007108,2,1.0,GenX,0.370324836,0.000154936,True,up
WBGene00018823,2,1.0,GenX,0.686630789,0.000155108,True,up
WBGene00001243,2,1.0,GenX,0.416609413,0.000229369,True,up
WBGene00044488,2,0.9666666666666667,GenX,1.156520473,0.000258986,True,up
WBGene00004020,2,1.0,GenX,-0.703358313,0.000269263,True,down
WBGene00003959,2,0.5333333333333333,GenX,0.7137789,0.000296159,True,up
WBGene00000785,2,1.0,GenX,-0.61462968,0.000513101,True,down
WBGene00019547,2,1.0,GenX,-0.89884562,0.000664424,True,down
WBGene00008194,2,1.0,GenX,0.362740787,0.000951032,True,up
WBGene00006897,2,1.0,GenX,-0.725603994,0.00150557,True,down
WBGene00015767,2,0.9666666666666667,GenX,0.296595544,0.001755007,True,up
WBGene00003958,2,1.0,GenX,-0.677688609,0.002085629,True,down
WBGene00009883,2,1.0,GenX,-0.520799244,0.002450016,True,down
WBGene00013073,2,0.9666666666666667,GenX,-1.16197596,0.00313287,True,down
WBGene00015403,2,0.9666666666666667,GenX,-0.563465862,0.003816065,True,down
WBGene00008621,2,0.9666666666666667,GenX,0.962637817,0.004146707,True,up
WBGene00016020,2,0.9333333333333333,GenX,0.338217633,0.004924841,True,up
WBGene00014244,2,1.0,GenX,0.58236501,0.004939415,True,up
WBGene00006351,2,0.9666666666666667,GenX,0.461469055,0.006045344,True,up
WBGene00021487,2,0.9666666666666667,GenX,0.639959318,0.007046502,True,up
WBGene00002043,2,1.0,GenX,0.353225154,0.007113998,True,up
WBGene00004424,2,1.0,GenX,-0.236664802,0.007179867,True,down
WBGene00000240,2,0.9333333333333333,GenX,0.376838703,0.007843318,True,up
WBGene00001768,2,1.0,GenX,0.721340604,0.007997458,True,up
WBGene00019973,2,1.0,GenX,-0.457877983,0.009148904,True,down
WBGene00010116,2,1.0,GenX,-0.413713166,0.010244297,True,down
WBGene00019345,2,1.0,GenX,0.30067537,0.010831543,True,up
WBGene00008986,2,1.0,GenX,0.513739752,0.011295086,True,up
WBGene00004432,2,1.0,GenX,-0.208228554,0.011793299,True,down
WBGene00002089,2,1.0,GenX,0.669697978,0.014199493,True,up
WBGene00016511,2,0.9333333333333333,GenX,0.373868336,0.015455622,True,up
WBGene00004417,2,1.0,GenX,-0.180305421,0.015790024,True,down
WBGene00004438,2,0.9333333333333333,GenX,-0.287598527,0.016008483,True,down
WBGene00009515,2,1.0,GenX,-0.651842631,0.016913135,True,down
WBGene00004428,2,1.0,GenX,-0.173881864,0.01794789,True,down
WBGene00004201,2,1.0,GenX,0.216322898,0.020594029,True,up
WBGene00020579,2,1.0,GenX,0.392390373,0.02067836,True,up
WBGene00004487,2,1.0,GenX,-0.183495039,0.02067836,True,down
WBGene00004448,2,1.0,GenX,-0.25928471,0.021463853,True,down
WBGene00004413,2,1.0,GenX,-0.186903076,0.021919335,True,down
WBGene00013101,2,0.9333333333333333,GenX,1.356199602,0.022189039,True,up
WBGene00020507,2,1.0,GenX,0.18266151,0.024434862,True,up
WBGene00009119,2,1.0,GenX,-0.222845576,0.025190281,True,down
WBGene00004436,2,1.0,GenX,-0.217389266,0.025297647,True,down
WBGene00003015,2,1.0,GenX,-0.456686306,0.027109939,True,down
WBGene00008607,2,1.0,GenX,-0.300657535,0.027242067,True,down
WBGene00014095,2,1.0,GenX,0.221493536,0.030841406,True,up
WBGene00021743,2,0.9666666666666667,GenX,0.621199513,0.031277702,True,up
WBGene00000802,2,1.0,GenX,-0.178825989,0.031359574,True,down
WBGene00021852,2,1.0,GenX,-0.225000447,0.031626859,True,down
WBGene00004408,2,1.0,GenX,-0.152725357,0.03172867,True,down
WBGene00004423,2,1.0,GenX,-0.19365813,0.034549394,True,down
WBGene00016970,2,0.9666666666666667,GenX,-0.505726569,0.036333226,True,down
WBGene00004415,2,1.0,GenX,-0.15011021,0.037548663,True,down
WBGene00014138,2,0.9666666666666667,GenX,0.398258598,0.038005045,True,up
WBGene00011102,2,1.0,GenX,-0.207209999,0.040079652,True,down
WBGene00004425,2,1.0,GenX,-0.160665853,0.042062235,True,down
WBGene00003053,2,0.9333333333333333,GenX,-0.166010952,0.042108446,True,down
WBGene00004416,2,1.0,GenX,-0.156986983,0.0456044,True,down
WBGene00000719,2,1.0,GenX,0.604144545,0.050090667,False,up
WBGene00022856,2,1.0,GenX,0.346719431,0.051028372,False,up
WBGene00020268,2,1.0,GenX,0.200255094,0.055190568,False,up
WBGene00020052,2,1.0,GenX,0.397025102,0.055268459,False,up
WBGene00012015,2,1.0,GenX,0.301621984,0.057736282,False,up
WBGene00018939,2,0.9333333333333333,GenX,0.458610764,0.060213204,False,up
WBGene00044043,2,0.9666666666666667,GenX,-2.161899658,0.060213204,False,down
WBGene00004475,2,1.0,GenX,-0.160951866,0.062070265,False,down
WBGene00000118,2,0.9333333333333333,GenX,-0.311903078,0.062070265,False,down
WBGene00018350,2,1.0,GenX,-0.263538628,0.064427985,False,down
WBGene00009008,2,1.0,GenX,0.336802852,0.067043534,False,up
WBGene00020911,2,0.9666666666666667,GenX,-0.62474287,0.069138553,False,down
WBGene00004418,2,1.0,GenX,-0.143148674,0.07245839,False,down
WBGene00008451,2,0.9666666666666667,GenX,-0.409793118,0.073265076,False,down
WBGene00000237,2,1.0,GenX,-0.166614049,0.074917067,False,down
WBGene00018343,2,1.0,GenX,-0.937494596,0.074917067,False,down
WBGene00010924,2,1.0,GenX,-0.537565578,0.078949954,False,down
WBGene00016755,2,0.7666666666666667,GenX,-0.598951636,0.079699232,False,down
WBGene00022276,2,0.8666666666666667,GenX,0.190742295,0.079844488,False,up
WBGene00004420,2,1.0,GenX,-0.16137475,0.082696393,False,down
WBGene00013874,2,1.0,GenX,-0.284745549,0.08434883,False,down
WBGene00004483,2,1.0,GenX,-0.213319939,0.086292539,False,down
WBGene00001501,2,1.0,GenX,-0.273508117,0.08736158,False,down
WBGene00016333,2,0.9666666666666667,GenX,0.175609235,0.087403217,False,up
WBGene00016667,2,1.0,GenX,0.945139584,0.087790739,False,up
WBGene00004473,2,1.0,GenX,-0.153966051,0.089988063,False,down
WBGene00020022,2,1.0,GenX,0.269679419,0.091084934,False,up
WBGene00016489,2,1.0,GenX,-0.181974918,0.093110525,False,down
WBGene00011095,2,1.0,GenX,0.402250971,0.098919156,False,up
WBGene00011932,2,1.0,GenX,0.216021471,0.100273766,False,up
WBGene00000743,2,0.9,GenX,0.46010537,0.100810892,False,up
WBGene00002262,2,1.0,GenX,0.319640565,0.105173527,False,up
WBGene00006863,2,1.0,GenX,-0.184058238,0.105173527,False,down
WBGene00020701,2,1.0,GenX,-0.313690307,0.105173527,False,down
WBGene00011938,2,1.0,GenX,-0.423049587,0.105173527,False,down
WBGene00019655,2,1.0,GenX,-0.682455769,0.105173527,False,down
WBGene00007947,2,1.0,GenX,0.985825296,0.108114784,False,up
WBGene00013167,2,0.9333333333333333,GenX,0.21619078,0.110994389,False,up
WBGene00020703,2,0.9333333333333333,GenX,-0.191587415,0.110994389,False,down
WBGene00020006,2,1.0,GenX,-0.23246502,0.111141447,False,down
WBGene00008483,2,1.0,GenX,-0.501909719,0.111602763,False,down
WBGene00000699,2,1.0,GenX,0.348715049,0.11581079,False,up
WBGene00004429,2,1.0,GenX,-0.16009264,0.119363519,False,down
WBGene00001241,2,0.9333333333333333,GenX,0.383291982,0.119535415,False,up
WBGene00004745,2,0.8,GenX,-0.181676982,0.121512876,False,down
WBGene00007185,2,1.0,GenX,-0.25723651,0.123359012,False,down
WBGene00007275,2,1.0,GenX,0.414415283,0.125081106,False,up
WBGene00016714,2,1.0,GenX,-0.503930547,0.126126571,False,down
WBGene00011083,2,1.0,GenX,-0.373879179,0.126801808,False,down
WBGene00000742,2,1.0,GenX,0.437237179,0.128677127,False,up
WBGene00019495,2,1.0,GenX,-0.331818191,0.128677127,False,down
WBGene00004469,2,1.0,GenX,-0.133495301,0.129321784,False,down
WBGene00021758,2,0.9666666666666667,GenX,-0.283687455,0.135352767,False,down
WBGene00020383,2,0.8666666666666667,GenX,0.280622064,0.136184205,False,up
WBGene00000218,2,0.7666666666666667,GenX,-0.227482283,0.137065515,False,down
WBGene00004480,2,1.0,GenX,-0.18439829,0.139072742,False,down
WBGene00007653,2,1.0,GenX,-0.184063482,0.142827196,False,down
WBGene00003902,2,1.0,GenX,-0.1130013,0.143348529,False,down
WBGene00011195,2,1.0,GenX,-0.184423775,0.144842708,False,down
WBGene00005131,2,1.0,GenX,-0.604197413,0.147735946,False,down
WBGene00018146,2,1.0,GenX,-0.233456981,0.148027099,False,down
WBGene00000633,2,0.9333333333333333,GenX,-0.78279473,0.150612809,False,down
WBGene00000753,2,1.0,GenX,0.404543548,0.155906291,False,up
WBGene00020256,2,1.0,GenX,-0.390285289,0.162223037,False,down
WBGene00020756,2,0.9666666666666667,GenX,0.204358371,0.163452866,False,up
WBGene00008560,2,1.0,GenX,-0.956129965,0.163452866,False,down
WBGene00000594,2,1.0,GenX,0.345424327,0.164569358,False,up
WBGene00000741,2,0.9666666666666667,GenX,0.436374034,0.16820166,False,up
WBGene00001244,2,1.0,GenX,0.222293986,0.169959637,False,up
WBGene00010993,2,1.0,GenX,0.13474875,0.170880159,False,up
WBGene00000691,2,1.0,GenX,0.335014243,0.172433198,False,up
WBGene00004493,2,1.0,GenX,-0.170533859,0.173221083,False,down
WBGene00020576,2,1.0,GenX,-0.24323001,0.173507872,False,down
WBGene00004427,2,1.0,GenX,-0.132158959,0.175546131,False,down
WBGene00017241,2,1.0,GenX,0.326834464,0.179939637,False,up
WBGene00009385,2,1.0,GenX,-0.299409558,0.182050427,False,down
WBGene00011707,2,1.0,GenX,-0.275815502,0.183548399,False,down
WBGene00007220,2,1.0,GenX,-0.297306963,0.184046436,False,down
WBGene00013007,2,1.0,GenX,-0.883392899,0.185780385,False,down
WBGene00019869,2,1.0,GenX,0.274395788,0.191161514,False,up
WBGene00012228,2,0.9666666666666667,GenX,-0.424209618,0.191820862,False,down
WBGene00017591,2,1.0,GenX,0.225969719,0.193145177,False,up
WBGene00011291,2,0.9333333333333333,GenX,0.217481462,0.193145177,False,up
WBGene00002065,2,1.0,GenX,-0.133600113,0.197735718,False,down
WBGene00003407,2,1.0,GenX,0.140528333,0.198461532,False,up
WBGene00004400,2,0.9666666666666667,GenX,-0.246013174,0.198461532,False,down
WBGene00003993,2,0.9,GenX,-0.340861875,0.198461532,False,down
WBGene00010204,2,1.0,GenX,-0.366976094,0.198461532,False,down
WBGene00007894,2,1.0,GenX,-0.779559003,0.198461532,False,down
WBGene00015928,2,1.0,GenX,0.150685871,0.199637062,False,up
WBGene00002269,2,1.0,GenX,-0.263553428,0.199637062,False,down
WBGene00015010,2,1.0,GenX,0.357133482,0.199806663,False,up
WBGene00044117,2,1.0,GenX,0.886410046,0.203256955,False,up
WBGene00004958,2,0.9,GenX,-0.419373414,0.203879936,False,down
WBGene00004409,2,1.0,GenX,-0.189724476,0.206668246,False,down
WBGene00017092,2,1.0,GenX,1.05606969,0.20697078,False,up
WBGene00007113,2,1.0,GenX,0.26208465,0.207456547,False,up
WBGene00008749,2,1.0,GenX,0.224256423,0.207456547,False,up
WBGene00020847,2,1.0,GenX,-0.173475641,0.21018598,False,down
WBGene00010263,2,1.0,GenX,-0.404401823,0.218808734,False,down
WBGene00011524,2,0.9666666666666667,GenX,-0.36953365,0.219287783,False,down
WBGene00004412,2,1.0,GenX,-0.116755041,0.225228049,False,down
WBGene00004495,2,1.0,GenX,-0.189112667,0.225330957,False,down
WBGene00003957,2,0.7666666666666667,GenX,0.509271111,0.226454334,False,up
WBGene00002257,2,1.0,GenX,-0.257953791,0.226504575,False,down
WBGene00019435,2,0.9666666666666667,GenX,-0.250358858,0.229220036,False,down
WBGene00011222,2,1.0,GenX,-0.172669024,0.23231309,False,down
WBGene00004442,2,1.0,GenX,-0.21841596,0.235532548,False,down
WBGene00021325,2,1.0,GenX,0.211758994,0.239390709,False,up
WBGene00018364,2,0.9666666666666667,GenX,-0.144532867,0.239589324,False,down
WBGene00007109,2,1.0,GenX,0.317710227,0.243967013,False,up
WBGene00009370,2,0.9666666666666667,GenX,-0.347502912,0.243967013,False,down
WBGene00017420,2,0.9666666666666667,GenX,-0.701323577,0.252961196,False,down
WBGene00020150,2,0.9666666666666667,GenX,-1.198816067,0.254869866,False,down
WBGene00018283,2,1.0,GenX,0.579962417,0.255605124,False,up
WBGene00021322,2,1.0,GenX,0.244400686,0.256573878,False,up
WBGene00003903,2,1.0,GenX,0.124468208,0.257921828,False,up
WBGene00008799,2,0.9666666666666667,GenX,-0.941008594,0.258605385,False,down
WBGene00019213,2,0.8666666666666667,GenX,0.344714474,0.259528276,False,up
WBGene00000038,2,1.0,GenX,-0.271617236,0.260163777,False,down
WBGene00021359,2,1.0,GenX,-0.267571396,0.262095538,False,down
WBGene00000172,2,1.0,GenX,0.208013808,0.262843673,False,up
WBGene00017246,2,1.0,GenX,0.38971072,0.267483437,False,up
WBGene00000215,2,1.0,GenX,-0.197778328,0.267499577,False,down
WBGene00008920,2,0.9333333333333333,GenX,-0.101911874,0.270618807,False,down
WBGene00022042,2,1.0,GenX,-0.108998924,0.27230482,False,down
WBGene00016759,2,1.0,GenX,0.214139065,0.276794701,False,up
WBGene00012344,2,1.0,GenX,-0.106383663,0.277389216,False,down
WBGene00001813,2,1.0,GenX,0.146779555,0.277963234,False,up
WBGene00020484,2,0.9,GenX,-1.116966551,0.278094826,False,down
WBGene00008506,2,1.0,GenX,0.198651441,0.279435117,False,up
WBGene00018472,2,0.6666666666666666,GenX,-0.461170602,0.283219359,False,down
WBGene00021396,2,0.9666666666666667,GenX,-0.325055662,0.283397033,False,down
WBGene00004474,2,1.0,GenX,-0.149901251,0.286778581,False,down
WBGene00019464,2,0.9333333333333333,GenX,-0.278057458,0.287624169,False,down
WBGene00017719,2,1.0,GenX,0.242662984,0.29109068,False,up
WBGene00011804,2,1.0,GenX,-0.346724176,0.292093145,False,down
WBGene00022357,2,1.0,GenX,-0.450447543,0.292093145,False,down
WBGene00004501,2,1.0,GenX,-0.164275719,0.292786009,False,down
WBGene00004332,2,0.9666666666666667,GenX,-0.231739717,0.295481486,False,down
WBGene00004445,2,1.0,GenX,-0.153216754,0.302551375,False,down
WBGene00004470,2,1.0,GenX,-0.141937426,0.30303354,False,down
WBGene00022486,2,0.6333333333333333,GenX,-0.384974609,0.303302344,False,down
WBGene00004419,2,1.0,GenX,-0.114837944,0.303357377,False,down
WBGene00004479,2,1.0,GenX,-0.140882353,0.304527621,False,down
WBGene00006728,2,1.0,GenX,-0.157877442,0.306478444,False,down
WBGene00010657,2,0.9666666666666667,GenX,-0.491017104,0.317594353,False,down
WBGene00020557,2,1.0,GenX,-0.2353218,0.323683607,False,down
WBGene00000302,2,0.5333333333333333,GenX,-0.26960141,0.323683607,False,down
WBGene00004472,2,1.0,GenX,-0.139992161,0.325161258,False,down
WBGene00014251,2,1.0,GenX,0.438104094,0.330424031,False,up
WBGene00018237,2,1.0,GenX,0.283043934,0.330424031,False,up
WBGene00004491,2,1.0,GenX,-0.150750135,0.330424031,False,down
WBGene00000720,2,0.9666666666666667,GenX,0.407853264,0.331219548,False,up
WBGene00013729,2,1.0,GenX,-0.264188952,0.331219548,False,down
WBGene00019021,2,1.0,GenX,-0.87714243,0.33255818,False,down
WBGene00017240,2,0.9,GenX,0.172258038,0.334821647,False,up
WBGene00004489,2,1.0,GenX,-0.125270773,0.338298235,False,down
WBGene00015173,2,1.0,GenX,-0.114313798,0.339452382,False,down
WBGene00020889,2,1.0,GenX,0.366144738,0.340011158,False,up
WBGene00015118,2,0.7,GenX,0.77342303,0.340624031,False,up
WBGene00018718,2,1.0,GenX,0.196982492,0.342339575,False,up
WBGene00013872,2,1.0,GenX,-0.311174918,0.344127515,False,down
WBGene00014003,2,0.9666666666666667,GenX,-0.520476517,0.345438292,False,down
WBGene00004125,2,1.0,GenX,-0.162545008,0.347255435,False,down
WBGene00019849,2,0.9,GenX,0.800852637,0.348751956,False,up
WBGene00002067,2,1.0,GenX,-0.219140573,0.349997643,False,down
WBGene00016282,2,1.0,GenX,0.268719072,0.350191274,False,up
WBGene00016151,2,0.7,GenX,-0.179262086,0.356098852,False,down
WBGene00018928,2,1.0,GenX,-0.599802161,0.356465928,False,down
WBGene00009668,2,0.9333333333333333,GenX,-0.205761847,0.357869504,False,down
WBGene00013037,2,0.9,GenX,-0.345987577,0.358156264,False,down
WBGene00006725,2,1.0,GenX,-0.13049885,0.360135606,False,down
WBGene00010652,2,0.9,GenX,0.474187977,0.361598253,False,up
WBGene00008132,2,1.0,GenX,-0.337387848,0.364612902,False,down
WBGene00015176,2,0.9666666666666667,GenX,-0.162532731,0.365925072,False,down
WBGene00004433,2,1.0,GenX,-0.142108274,0.36632686,False,down
WBGene00022089,2,1.0,GenX,-0.08742304,0.367228152,False,down
WBGene00007875,2,0.8333333333333334,GenX,-0.381742921,0.368998638,False,down
WBGene00013204,2,1.0,GenX,-0.128759975,0.370692887,False,down
WBGene00044074,2,1.0,GenX,-0.77869742,0.370763217,False,down
WBGene00018714,2,0.9666666666666667,GenX,0.163918393,0.371250373,False,up
WBGene00004426,2,1.0,GenX,-0.130990967,0.371250373,False,down
WBGene00003956,2,1.0,GenX,-0.159788594,0.371250373,False,down
WBGene00006802,2,0.9666666666666667,GenX,-0.152135382,0.371685904,False,down
WBGene00044797,2,1.0,GenX,-0.298762017,0.374154063,False,down
WBGene00001791,2,1.0,GenX,0.199113369,0.378685812,False,up
WBGene00009224,2,1.0,GenX,-0.256597593,0.379418796,False,down
WBGene00012452,2,0.8,GenX,-0.178142141,0.383128243,False,down
WBGene00004477,2,1.0,GenX,-0.125801587,0.384845388,False,down
WBGene00010339,2,1.0,GenX,0.171628937,0.387083075,False,up
WBGene00010500,2,1.0,GenX,-0.124153615,0.393124609,False,down
WBGene00012635,2,1.0,GenX,-1.140002512,0.393124609,False,down
WBGene00004440,2,1.0,GenX,-0.1472712,0.393395902,False,down
WBGene00001856,2,1.0,GenX,-0.331242096,0.393724447,False,down
WBGene00002010,2,1.0,GenX,0.146402438,0.394192315,False,up
WBGene00008097,2,1.0,GenX,-0.283832193,0.394192315,False,down
WBGene00010750,2,0.9333333333333333,GenX,0.254588658,0.396985674,False,up
WBGene00011194,2,0.9666666666666667,GenX,-0.266187602,0.396985674,False,down
WBGene00013946,2,1.0,GenX,-0.3230221,0.396985674,False,down
WBGene00000858,2,0.9333333333333333,GenX,0.164010577,0.397892896,False,up
WBGene00019643,2,1.0,GenX,-0.236454064,0.398405994,False,down
WBGene00002044,2,1.0,GenX,0.176167644,0.4011744,False,up
WBGene00009220,2,0.9666666666666667,GenX,0.472453089,0.401600372,False,up
WBGene00010356,2,1.0,GenX,-0.182289298,0.404238098,False,down
WBGene00020550,2,1.0,GenX,-0.491474647,0.404603124,False,down
WBGene00012767,2,1.0,GenX,-0.182268473,0.406235049,False,down
WBGene00007913,2,0.7333333333333333,GenX,0.273966958,0.406733434,False,up
WBGene00017075,2,0.9333333333333333,GenX,-0.149541804,0.407467984,False,down
WBGene00011156,2,1.0,GenX,-0.265402905,0.409765038,False,down
WBGene00007116,2,1.0,GenX,-0.188429924,0.410827872,False,down
WBGene00003982,2,1.0,GenX,0.21917101,0.411136908,False,up
WBGene00009469,2,1.0,GenX,-0.2429039,0.411401179,False,down
WBGene00015146,2,1.0,GenX,0.139633809,0.414378893,False,up
WBGene00019935,2,1.0,GenX,-0.300748239,0.414554577,False,down
WBGene00021367,2,1.0,GenX,0.197718959,0.418983679,False,up
WBGene00011661,2,1.0,GenX,-0.157171244,0.419230101,False,down
WBGene00018215,2,0.8666666666666667,GenX,-0.266070787,0.419230101,False,down
WBGene00016973,2,0.9666666666666667,GenX,-0.56868154,0.420427138,False,down
WBGene00008923,2,0.9333333333333333,GenX,-0.15591545,0.420828371,False,down
WBGene00012170,2,1.0,GenX,0.426115238,0.421945048,False,up
WBGene00001085,2,1.0,GenX,0.111192704,0.425271163,False,up
WBGene00016659,2,1.0,GenX,-0.460864175,0.425271163,False,down
WBGene00015064,2,1.0,GenX,-0.279003357,0.425534226,False,down
WBGene00020396,2,1.0,GenX,-0.363703484,0.425913267,False,down
WBGene00002045,2,1.0,GenX,-0.10230807,0.427762303,False,down
WBGene00004729,2,1.0,GenX,0.109881743,0.428117292,False,up
WBGene00020245,2,0.9666666666666667,GenX,-0.273040205,0.428874064,False,down
WBGene00012007,2,1.0,GenX,0.217422991,0.433061827,False,up
WBGene00017975,2,1.0,GenX,0.193074134,0.433315711,False,up
WBGene00002139,2,0.8,GenX,-0.154363974,0.433859951,False,down
WBGene00008118,2,1.0,GenX,-0.253424826,0.434590667,False,down
WBGene00011559,2,0.9666666666666667,GenX,-0.228482007,0.436841918,False,down
WBGene00017070,2,0.9666666666666667,GenX,-0.159970572,0.438356415,False,down
WBGene00017765,2,0.9666666666666667,GenX,0.102990849,0.443696144,False,up
WBGene00016838,2,1.0,GenX,-0.185100714,0.444403776,False,down
WBGene00043066,2,1.0,GenX,0.218902849,0.445747354,False,up
WBGene00001855,2,1.0,GenX,-0.213323119,0.446966825,False,down
WBGene00012647,2,0.9666666666666667,GenX,0.344318668,0.44710869,False,up
WBGene00012134,2,1.0,GenX,-0.121201661,0.449563511,False,down
WBGene00003572,2,1.0,GenX,0.217242083,0.450082482,False,up
WBGene00000967,2,1.0,GenX,-0.200009101,0.450082482,False,down
WBGene00004452,2,1.0,GenX,-0.257291602,0.450158482,False,down
WBGene00001819,2,1.0,GenX,-0.163004519,0.451344376,False,down
WBGene00009483,2,1.0,GenX,-0.214152091,0.451344376,False,down
WBGene00006508,2,1.0,GenX,-0.102280095,0.452727509,False,down
WBGene00018640,2,1.0,GenX,-0.79445985,0.452727509,False,down
WBGene00015029,2,1.0,GenX,-0.183595816,0.454454621,False,down
WBGene00004410,2,1.0,GenX,-0.255482856,0.455835492,False,down
WBGene00006994,2,1.0,GenX,-0.129026487,0.456821948,False,down
WBGene00001662,2,1.0,GenX,0.092841977,0.457394903,False,up
WBGene00008442,2,0.9666666666666667,GenX,-0.223884209,0.457394903,False,down
WBGene00002125,2,1.0,GenX,-0.230310242,0.457394903,False,down
WBGene00012420,2,1.0,GenX,-0.297990167,0.457625636,False,down
WBGene00015695,2,1.0,GenX,-0.263309588,0.465777468,False,down
WBGene00007624,2,1.0,GenX,-0.165188996,0.470819797,False,down
WBGene00018427,2,1.0,GenX,-0.444902313,0.470882317,False,down
WBGene00016676,2,1.0,GenX,0.13628602,0.472715385,False,up
WBGene00001208,2,0.6,GenX,0.108332462,0.47401941,False,up
WBGene00021074,2,0.9666666666666667,GenX,-0.154950255,0.476143192,False,down
WBGene00004476,2,1.0,GenX,-0.106921109,0.478870233,False,down
WBGene00015565,2,1.0,GenX,-0.166603573,0.479086832,False,down
WBGene00004499,2,1.0,GenX,-0.133227656,0.479125303,False,down
WBGene00000815,2,0.9333333333333333,GenX,0.126122484,0.479387071,False,up
WBGene00022273,2,1.0,GenX,-0.234298451,0.482743595,False,down
WBGene00009090,2,0.9666666666666667,GenX,0.748180282,0.483716345,False,up
WBGene00010130,2,1.0,GenX,0.108200937,0.48410999,False,up
WBGene00017535,2,1.0,GenX,-0.940753097,0.48410999,False,down
WBGene00008998,2,0.9333333333333333,GenX,0.320550411,0.484234033,False,up
WBGene00016797,2,0.9666666666666667,GenX,-0.60764858,0.48444146,False,down
WBGene00000739,2,1.0,GenX,0.300067899,0.485344805,False,up
WBGene00017262,2,0.8666666666666667,GenX,0.173410022,0.485344805,False,up
WBGene00019972,2,0.9,GenX,-0.567515797,0.485344805,False,down
WBGene00019273,2,1.0,GenX,0.310907196,0.492470162,False,up
WBGene00017707,2,1.0,GenX,-0.617111786,0.492470162,False,down
WBGene00007836,2,1.0,GenX,-0.285648984,0.492854813,False,down
WBGene00010556,2,1.0,GenX,-0.097382017,0.493199928,False,down
WBGene00015038,2,1.0,GenX,-0.257886316,0.501030483,False,down
WBGene00019977,2,1.0,GenX,-0.437865572,0.503050358,False,down
WBGene00000539,2,1.0,GenX,-0.310637726,0.504111402,False,down
WBGene00003218,2,1.0,GenX,-0.107268813,0.506532974,False,down
WBGene00002023,2,1.0,GenX,-0.121137944,0.508776894,False,down
WBGene00001713,2,0.9666666666666667,GenX,0.238034962,0.509090344,False,up
WBGene00022663,2,1.0,GenX,-0.217070014,0.509090344,False,down
WBGene00004776,2,0.9666666666666667,GenX,-0.166368397,0.509450758,False,down
WBGene00021269,2,0.9333333333333333,GenX,-0.227423114,0.50989364,False,down
WBGene00015203,2,1.0,GenX,0.104749264,0.51312297,False,up
WBGene00015392,2,0.9,GenX,-0.488360491,0.515298482,False,down
WBGene00004431,2,1.0,GenX,-0.115239232,0.516645721,False,down
WBGene00007254,2,1.0,GenX,0.202201985,0.517244294,False,up
WBGene00004449,2,1.0,GenX,-0.117933508,0.520373061,False,down
WBGene00012698,2,0.9333333333333333,GenX,-0.486482704,0.521813516,False,down
WBGene00009432,2,1.0,GenX,0.225963382,0.522219177,False,up
WBGene00013004,2,1.0,GenX,0.129217434,0.522223115,False,up
WBGene00012923,2,0.9666666666666667,GenX,-0.303742935,0.522223115,False,down
WBGene00021465,2,1.0,GenX,-0.4338904,0.522223115,False,down
WBGene00018293,2,1.0,GenX,0.281738708,0.523406883,False,up
WBGene00013947,2,1.0,GenX,-0.445427422,0.523406883,False,down
WBGene00000213,2,0.8333333333333334,GenX,-0.829587269,0.52441086,False,down
WBGene00011522,2,0.9666666666666667,GenX,0.165240185,0.526015799,False,up
WBGene00016373,2,0.9666666666666667,GenX,0.216235673,0.526142901,False,up
WBGene00006804,2,1.0,GenX,-0.165927212,0.527085035,False,down
WBGene00011051,2,1.0,GenX,-0.119608648,0.529066273,False,down
WBGene00001909,2,1.0,GenX,-0.106697314,0.529255456,False,down
WBGene00004441,2,1.0,GenX,-0.146219047,0.529255456,False,down
WBGene00015019,2,0.6333333333333333,GenX,-0.655031995,0.529255456,False,down
WBGene00000075,2,1.0,GenX,-0.200857517,0.53122862,False,down
WBGene00008566,2,1.0,GenX,-0.263012784,0.532124187,False,down
WBGene00004447,2,1.0,GenX,-0.125357945,0.532151248,False,down
WBGene00006704,2,1.0,GenX,-0.129914335,0.534470131,False,down
WBGene00015196,2,1.0,GenX,-0.51579871,0.535444796,False,down
WBGene00016971,2,1.0,GenX,-0.225378812,0.535571625,False,down
WBGene00020977,2,0.9666666666666667,GenX,-0.563795984,0.535997914,False,down
WBGene00023067,2,1.0,GenX,-0.317511562,0.538101918,False,down
WBGene00008148,2,1.0,GenX,0.15742574,0.538188279,False,up
WBGene00001996,2,0.9333333333333333,GenX,-0.10475833,0.54011095,False,down
WBGene00013103,2,0.9333333333333333,GenX,0.266799603,0.545874067,False,up
WBGene00006571,2,0.9666666666666667,GenX,-0.241758954,0.546332284,False,down
WBGene00014209,2,1.0,GenX,-0.158835656,0.549174512,False,down
WBGene00010647,2,1.0,GenX,-0.334709068,0.549174512,False,down
WBGene00021321,2,0.9666666666666667,GenX,-0.273151604,0.550024616,False,down
WBGene00008929,2,0.9666666666666667,GenX,0.281508133,0.550688692,False,up
WBGene00020347,2,1.0,GenX,0.114125953,0.551092121,False,up
WBGene00011979,2,0.9666666666666667,GenX,0.757463012,0.551167405,False,up
WBGene00006839,2,1.0,GenX,-0.088575678,0.552146763,False,down
WBGene00011143,2,0.9666666666666667,GenX,-0.145980283,0.552146763,False,down
WBGene00021128,2,0.9666666666666667,GenX,0.165592639,0.553130445,False,up
WBGene00009343,2,1.0,GenX,-0.183825719,0.553284963,False,down
WBGene00006910,2,1.0,GenX,0.116497112,0.554010461,False,up
WBGene00020516,2,1.0,GenX,0.191058805,0.554328917,False,up
WBGene00010842,2,0.9333333333333333,GenX,0.096749347,0.554620556,False,up
WBGene00000768,2,1.0,GenX,-0.121679674,0.554620556,False,down
WBGene00019729,2,0.9,GenX,-0.16096916,0.555124578,False,down
WBGene00009218,2,0.9333333333333333,GenX,-0.164006165,0.557820191,False,down
WBGene00012365,2,1.0,GenX,-0.168872596,0.558116421,False,down
WBGene00016421,2,1.0,GenX,-0.350011824,0.558116421,False,down
WBGene00000162,2,1.0,GenX,0.133988181,0.561332575,False,up
WBGene00013551,2,1.0,GenX,-0.213220028,0.561332575,False,down
WBGene00013217,2,1.0,GenX,0.160632496,0.564078719,False,up
WBGene00016258,2,1.0,GenX,0.093113725,0.564078719,False,up
WBGene00003777,2,1.0,GenX,-0.0939032,0.564078719,False,down
WBGene00044204,2,0.9,GenX,0.245659527,0.564081598,False,up
WBGene00004094,2,1.0,GenX,-0.152661404,0.564081598,False,down
WBGene00006067,2,1.0,GenX,-0.131951089,0.564642011,False,down
WBGene00004435,2,1.0,GenX,-0.187311512,0.564642011,False,down
WBGene00004450,2,1.0,GenX,-0.147081694,0.564749662,False,down
WBGene00012602,2,1.0,GenX,-0.156728472,0.56607267,False,down
WBGene00004484,2,1.0,GenX,-0.111489387,0.56758104,False,down
WBGene00008110,2,1.0,GenX,0.128449249,0.570589733,False,up
WBGene00011742,2,1.0,GenX,0.125155711,0.571385384,False,up
WBGene00018782,2,0.9666666666666667,GenX,-0.092281692,0.57295086,False,down
WBGene00004051,2,1.0,GenX,-0.110528005,0.57295086,False,down
WBGene00007234,2,0.9333333333333333,GenX,-0.14818212,0.57515283,False,down
WBGene00008042,2,1.0,GenX,-0.339125298,0.575333936,False,down
WBGene00004953,2,1.0,GenX,-0.162697604,0.576075474,False,down
WBGene00004478,2,1.0,GenX,-0.115644954,0.576976019,False,down
WBGene00012553,2,1.0,GenX,-0.08715839,0.581255568,False,down
WBGene00006913,2,1.0,GenX,0.118089299,0.582259864,False,up
WBGene00017733,2,1.0,GenX,-0.153775492,0.582550747,False,down
WBGene00012330,2,1.0,GenX,-0.200958287,0.582550747,False,down
WBGene00011155,2,1.0,GenX,-0.29486309,0.582550747,False,down
WBGene00001099,2,1.0,GenX,0.139690051,0.582640554,False,up
WBGene00012615,2,1.0,GenX,0.301488613,0.582853738,False,up
WBGene00009531,2,1.0,GenX,0.147069746,0.582853738,False,up
WBGene00008595,2,1.0,GenX,0.139338023,0.582853738,False,up
WBGene00015793,2,1.0,GenX,0.121005205,0.582853738,False,up
WBGene00002183,2,0.8,GenX,0.11939509,0.582853738,False,up
WBGene00003074,2,1.0,GenX,0.118875709,0.582853738,False,up
WBGene00011338,2,1.0,GenX,-0.108911219,0.582853738,False,down
WBGene00021148,2,1.0,GenX,-0.109482877,0.582853738,False,down
WBGene00004482,2,1.0,GenX,-0.119308966,0.582853738,False,down
WBGene00012291,2,1.0,GenX,-0.176690476,0.582853738,False,down
WBGene00003994,2,0.9666666666666667,GenX,-0.216942658,0.582853738,False,down
WBGene00008583,2,1.0,GenX,-0.303044252,0.582853738,False,down
WBGene00022517,2,1.0,GenX,-0.384424834,0.582853738,False,down
WBGene00011973,2,0.9333333333333333,GenX,-0.593836919,0.582853738,False,down
WBGene00021350,2,1.0,GenX,-0.104378851,0.583229792,False,down
WBGene00018152,2,1.0,GenX,-0.186977131,0.583610092,False,down
WBGene00014204,2,1.0,GenX,-0.073108296,0.584267763,False,down
WBGene00000230,2,0.9666666666666667,GenX,-0.087857926,0.584267763,False,down
WBGene00010481,2,1.0,GenX,-0.191045323,0.584921755,False,down
WBGene00008494,2,1.0,GenX,-0.321695378,0.585497162,False,down
WBGene00011418,2,0.9666666666666667,GenX,0.158207058,0.589081202,False,up
WBGene00011353,2,1.0,GenX,0.135392901,0.589081202,False,up
WBGene00017891,2,1.0,GenX,0.09292464,0.589081202,False,up
WBGene00000937,2,1.0,GenX,-0.134922329,0.589081202,False,down
WBGene00014182,2,1.0,GenX,0.583648018,0.589784634,False,up
WBGene00021442,2,1.0,GenX,0.126385531,0.589784634,False,up
WBGene00003412,2,1.0,GenX,-0.143110905,0.589784634,False,down
WBGene00016564,2,1.0,GenX,-0.222054341,0.589784634,False,down
WBGene00009069,2,1.0,GenX,-0.373926528,0.589784634,False,down
WBGene00017490,2,1.0,GenX,-0.53264341,0.589784634,False,down
WBGene00016131,2,0.9333333333333333,GenX,0.146045995,0.590137774,False,up
WBGene00001830,2,1.0,GenX,-0.23671623,0.590137774,False,down
WBGene00045275,2,0.9666666666666667,GenX,-0.868889622,0.590137774,False,down
WBGene00006465,2,0.9,GenX,-0.115178481,0.590668819,False,down
WBGene00004439,2,1.0,GenX,-0.118999306,0.590668819,False,down
WBGene00007144,2,0.9666666666666667,GenX,-0.132201101,0.590668819,False,down
WBGene00008173,2,0.9333333333333333,GenX,-0.285807771,0.590841308,False,down
WBGene00013507,2,0.9666666666666667,GenX,-0.296252899,0.591795958,False,down
WBGene00001679,2,0.9666666666666667,GenX,-0.093644721,0.592001981,False,down
WBGene00017500,2,0.9666666666666667,GenX,-0.528781024,0.593903055,False,down
WBGene00022246,2,1.0,GenX,0.218273054,0.594316966,False,up
WBGene00004306,2,1.0,GenX,-0.101506126,0.594316966,False,down
WBGene00007729,2,0.5666666666666667,GenX,-0.321559795,0.594953437,False,down
WBGene00006988,2,1.0,GenX,-0.150352206,0.596912725,False,down
WBGene00018487,2,1.0,GenX,0.29304371,0.598679461,False,up
WBGene00004910,2,1.0,GenX,-0.124944595,0.598679461,False,down
WBGene00013074,2,0.9666666666666667,GenX,-0.609065061,0.601054168,False,down
WBGene00020633,2,1.0,GenX,0.131666807,0.601944136,False,up
WBGene00012883,2,0.9666666666666667,GenX,0.444502659,0.603164768,False,up
WBGene00010305,2,0.9666666666666667,GenX,-0.162881494,0.603380807,False,down
WBGene00004061,2,1.0,GenX,0.184469963,0.605639553,False,up
WBGene00006353,2,0.9333333333333333,GenX,-0.13070986,0.607101269,False,down
WBGene00006383,2,1.0,GenX,-0.1039849,0.607197059,False,down
WBGene00016210,2,1.0,GenX,-0.15491151,0.608112212,False,down
WBGene00004498,2,0.9,GenX,-0.235379763,0.609186596,False,down
WBGene00007746,2,1.0,GenX,0.125573138,0.611146463,False,up
WBGene00012645,2,1.0,GenX,-0.113860459,0.612655957,False,down
WBGene00013669,2,1.0,GenX,-0.168121203,0.616780923,False,down
WBGene00004494,2,1.0,GenX,-0.157149071,0.618813782,False,down
WBGene00021644,2,1.0,GenX,0.096233437,0.619016427,False,up
WBGene00044310,2,1.0,GenX,-0.186651554,0.619295999,False,down
WBGene00012640,2,1.0,GenX,-0.246832721,0.622133673,False,down
WBGene00009688,2,1.0,GenX,-0.112723019,0.623164642,False,down
WBGene00013387,2,0.9333333333333333,GenX,-0.289879651,0.62368055,False,down
WBGene00011892,2,0.9,GenX,-0.184825918,0.626424895,False,down
WBGene00012165,2,1.0,GenX,-0.720097232,0.626424895,False,down
WBGene00017925,2,0.9333333333333333,GenX,-0.110743029,0.627336631,False,down
WBGene00000115,2,1.0,GenX,0.159169416,0.627511804,False,up
WBGene00019111,2,1.0,GenX,0.238444189,0.627844207,False,up
WBGene00020517,2,0.9666666666666667,GenX,0.101923631,0.627844207,False,up
WBGene00044318,2,1.0,GenX,-0.182350911,0.627844207,False,down
WBGene00004282,2,1.0,GenX,-0.203569458,0.627844207,False,down
WBGene00004205,2,0.6,GenX,0.113079231,0.627889622,False,up
WBGene00005019,2,0.9666666666666667,GenX,0.106508094,0.629731501,False,up
WBGene00001589,2,0.9333333333333333,GenX,-0.084179581,0.629731501,False,down
WBGene00017825,2,0.9666666666666667,GenX,-0.13745818,0.630908265,False,down
WBGene00010214,2,0.9666666666666667,GenX,-0.213569393,0.632072719,False,down
WBGene00006349,2,0.9666666666666667,GenX,-0.120133979,0.633370451,False,down
WBGene00000496,2,1.0,GenX,-0.254123506,0.635502535,False,down
WBGene00012683,2,0.9666666666666667,GenX,-0.727222682,0.639231031,False,down
WBGene00009768,2,0.9333333333333333,GenX,0.403698333,0.640611413,False,up
WBGene00011410,2,0.9333333333333333,GenX,-0.107919437,0.640611413,False,down
WBGene00000120,2,0.9666666666666667,GenX,-0.099103866,0.642781345,False,down
WBGene00003210,2,1.0,GenX,-0.095353965,0.644542985,False,down
WBGene00015965,2,0.7333333333333333,GenX,-0.186258935,0.644788989,False,down
WBGene00022649,2,0.9666666666666667,GenX,0.22659834,0.646583211,False,up
WBGene00000732,2,0.9666666666666667,GenX,0.451842303,0.647001087,False,up
WBGene00016995,2,1.0,GenX,0.233651086,0.647062023,False,up
WBGene00009161,2,0.9666666666666667,GenX,-0.111897268,0.647062023,False,down
WBGene00021191,2,1.0,GenX,-0.12829594,0.647062023,False,down
WBGene00020258,2,1.0,GenX,-0.205202353,0.647062023,False,down
WBGene00006919,2,1.0,GenX,0.096572893,0.647559285,False,up
WBGene00009952,2,0.7,GenX,0.14391128,0.650022885,False,up
WBGene00011034,2,1.0,GenX,-0.125640591,0.650022885,False,down
WBGene00004062,2,1.0,GenX,-0.714200365,0.650022885,False,down
WBGene00003239,2,0.9,GenX,-0.105439692,0.650953463,False,down
WBGene00009451,2,0.9666666666666667,GenX,-0.112333305,0.650953463,False,down
WBGene00018742,2,0.8666666666666667,GenX,-0.20971488,0.650953463,False,down
WBGene00011275,2,1.0,GenX,-0.277072738,0.650953463,False,down
WBGene00021419,2,1.0,GenX,-0.194824149,0.651786718,False,down
WBGene00004775,2,1.0,GenX,-0.142365176,0.652029602,False,down
WBGene00020237,2,1.0,GenX,0.36250742,0.65226455,False,up
WBGene00011119,2,0.9333333333333333,GenX,0.221184291,0.652621605,False,up
WBGene00007474,2,0.9666666666666667,GenX,0.188230233,0.653017003,False,up
WBGene00006951,2,1.0,GenX,-0.152668856,0.653017003,False,down
WBGene00010266,2,0.6666666666666666,GenX,0.18922783,0.653034234,False,up
WBGene00001385,2,1.0,GenX,-0.107827064,0.653034234,False,down
WBGene00022580,2,0.9333333333333333,GenX,-0.085270521,0.653176717,False,down
WBGene00000142,2,1.0,GenX,0.109301284,0.65486558,False,up
WBGene00000040,2,1.0,GenX,0.101807713,0.65486558,False,up
WBGene00001336,2,1.0,GenX,-0.074517005,0.65486558,False,down
WBGene00007988,2,0.9333333333333333,GenX,0.227978659,0.655300812,False,up
WBGene00003917,2,0.9666666666666667,GenX,-0.148690133,0.655300812,False,down
WBGene00001590,2,1.0,GenX,-0.194935457,0.655300812,False,down
WBGene00013269,2,1.0,GenX,-0.136929136,0.657955301,False,down
WBGene00017895,2,1.0,GenX,-0.093915953,0.659509947,False,down
WBGene00004016,2,1.0,GenX,-0.119551882,0.659512614,False,down
WBGene00004422,2,1.0,GenX,-0.116105235,0.659550593,False,down
WBGene00010851,2,1.0,GenX,0.154969904,0.659798675,False,up
WBGene00022231,2,1.0,GenX,-0.118349514,0.659798675,False,down
WBGene00004485,2,1.0,GenX,-0.129801635,0.659897697,False,down
WBGene00009958,2,1.0,GenX,0.119471047,0.659925596,False,up
WBGene00015949,2,1.0,GenX,0.16214109,0.661307335,False,up
WBGene00001516,2,0.9333333333333333,GenX,-0.07057054,0.662939641,False,down
WBGene00015507,2,0.9666666666666667,GenX,-0.127967342,0.662939641,False,down
WBGene00007242,2,1.0,GenX,-0.152891413,0.662939641,False,down
WBGene00015708,2,1.0,GenX,-0.428787797,0.664200962,False,down
WBGene00020993,2,0.9666666666666667,GenX,-0.132386122,0.664621013,False,down
WBGene00011029,2,1.0,GenX,0.097448651,0.665886571,False,up
WBGene00004430,2,1.0,GenX,-0.098796762,0.665886571,False,down
WBGene00021661,2,1.0,GenX,-0.256985825,0.665886571,False,down
WBGene00013265,2,1.0,GenX,-0.130068143,0.66601624,False,down
WBGene00017416,2,1.0,GenX,-0.2996804,0.666489573,False,down
WBGene00004047,2,1.0,GenX,0.077477389,0.667873224,False,up
WBGene00012891,2,1.0,GenX,-0.095956344,0.667873224,False,down
WBGene00010867,2,0.9666666666666667,GenX,-0.115579199,0.667873224,False,down
WBGene00012276,2,1.0,GenX,-0.246506658,0.667873224,False,down
WBGene00003768,2,1.0,GenX,-0.370018183,0.667873224,False,down
WBGene00009644,2,0.9666666666666667,GenX,-0.443948853,0.667873224,False,down
WBGene00012176,2,0.9333333333333333,GenX,0.461389081,0.668008246,False,up
WBGene00016920,2,0.5333333333333333,GenX,0.192230453,0.668008246,False,up
WBGene00000010,2,1.0,GenX,-0.140961083,0.668008246,False,down
WBGene00001018,2,1.0,GenX,0.094336427,0.668925562,False,up
WBGene00004486,2,1.0,GenX,-0.104378514,0.670550258,False,down
WBGene00015540,2,1.0,GenX,-0.138943322,0.670550258,False,down
WBGene00014132,2,0.9,GenX,0.528049768,0.671316798,False,up
WBGene00012529,2,1.0,GenX,0.120376165,0.672169908,False,up
WBGene00004341,2,0.9333333333333333,GenX,-0.115104543,0.672169908,False,down
WBGene00004488,2,1.0,GenX,-0.10819718,0.672876153,False,down
WBGene00001993,2,0.9666666666666667,GenX,0.181068838,0.673456153,False,up
WBGene00006440,2,1.0,GenX,-0.247583687,0.673456153,False,down
WBGene00016171,2,0.9666666666666667,GenX,-0.120419968,0.67397694,False,down
WBGene00018975,2,1.0,GenX,-0.111680256,0.674538339,False,down
WBGene00010351,2,1.0,GenX,-0.295537445,0.674538339,False,down
WBGene00014106,2,0.9666666666666667,GenX,0.199218929,0.674662452,False,up
WBGene00006391,2,0.9,GenX,0.174226437,0.674713482,False,up
WBGene00022702,2,1.0,GenX,0.140837525,0.674713482,False,up
WBGene00004806,2,1.0,GenX,-0.091019912,0.674713482,False,down
WBGene00004434,2,1.0,GenX,-0.109844859,0.674713482,False,down
WBGene00007743,2,1.0,GenX,-0.157614719,0.674713482,False,down
WBGene00015135,2,0.9333333333333333,GenX,-0.56322681,0.675461511,False,down
WBGene00044094,2,1.0,GenX,0.111533508,0.675930531,False,up
WBGene00008091,2,1.0,GenX,0.218292728,0.676369956,False,up
WBGene00022787,2,1.0,GenX,0.130679756,0.676369956,False,up
WBGene00021377,2,1.0,GenX,-0.098906555,0.676440979,False,down
WBGene00016278,2,1.0,GenX,-0.072712466,0.677519258,False,down
WBGene00206487,2,0.9666666666666667,GenX,-0.127096181,0.677519258,False,down
WBGene00000647,2,0.9,GenX,0.197732629,0.678032577,False,up
WBGene00017261,2,1.0,GenX,-0.122884886,0.678032577,False,down
WBGene00003825,2,0.9666666666666667,GenX,-0.068784205,0.678115989,False,down
WBGene00016418,2,1.0,GenX,0.119663397,0.679170464,False,up
WBGene00003947,2,0.5333333333333333,GenX,-0.130680019,0.679170464,False,down
WBGene00002105,2,0.9666666666666667,GenX,-0.289512954,0.679170464,False,down
WBGene00010793,2,0.8666666666666667,GenX,0.123431266,0.679932539,False,up
WBGene00012258,2,0.9666666666666667,GenX,0.077524514,0.680336571,False,up
WBGene00007021,2,1.0,GenX,0.135742384,0.680742589,False,up
WBGene00006760,2,1.0,GenX,-0.173226639,0.680742589,False,down
WBGene00044345,2,1.0,GenX,-0.123366989,0.682382543,False,down
WBGene00002324,2,1.0,GenX,-0.139246778,0.682728173,False,down
WBGene00001646,2,1.0,GenX,-0.190640008,0.683576233,False,down
WBGene00013365,2,1.0,GenX,-0.106470003,0.683644999,False,down
WBGene00003246,2,1.0,GenX,0.12870595,0.683744735,False,up
WBGene00008398,2,1.0,GenX,-0.12341785,0.683744735,False,down
WBGene00003546,2,1.0,GenX,-0.330051873,0.683744735,False,down
WBGene00001772,2,0.6,GenX,0.170959133,0.684615636,False,up
WBGene00004454,2,1.0,GenX,-0.137160927,0.685876352,False,down
WBGene00011719,2,1.0,GenX,0.106768195,0.686419576,False,up
WBGene00004497,2,1.0,GenX,-0.18731585,0.68674297,False,down
WBGene00015011,2,1.0,GenX,-0.13417382,0.688726018,False,down
WBGene00008664,2,1.0,GenX,0.098149561,0.689127725,False,up
WBGene00009672,2,0.9,GenX,0.091600886,0.689127725,False,up
WBGene00008882,2,1.0,GenX,-0.087681033,0.689127725,False,down
WBGene00007750,2,1.0,GenX,-0.102727744,0.689127725,False,down
WBGene00015450,2,1.0,GenX,-0.114011885,0.689127725,False,down
WBGene00019432,2,1.0,GenX,-0.127923992,0.689127725,False,down
WBGene00016493,2,1.0,GenX,-0.134638839,0.689127725,False,down
WBGene00005020,2,1.0,GenX,-0.141733279,0.689127725,False,down
WBGene00007014,2,0.9666666666666667,GenX,-0.191640263,0.689127725,False,down
WBGene00044338,2,1.0,GenX,-0.277745823,0.689127725,False,down
WBGene00018741,2,1.0,GenX,-0.576047352,0.689127725,False,down
WBGene00007549,2,1.0,GenX,0.19498796,0.690045003,False,up
WBGene00000733,2,0.9333333333333333,GenX,0.452693441,0.690368772,False,up
WBGene00015116,2,1.0,GenX,-0.189207401,0.691740422,False,down
WBGene00016868,2,1.0,GenX,-0.242672426,0.691740422,False,down
WBGene00004481,2,1.0,GenX,-0.115630517,0.691773091,False,down
WBGene00006917,2,0.8666666666666667,GenX,0.08355889,0.691884618,False,up
WBGene00001362,2,0.6,GenX,0.213395996,0.692131515,False,up
WBGene00018071,2,1.0,GenX,-0.155193458,0.692131515,False,down
WBGene00002205,2,1.0,GenX,0.221189298,0.692373416,False,up
WBGene00013088,2,0.9666666666666667,GenX,0.548738548,0.693519436,False,up
WBGene00009431,2,1.0,GenX,0.344727913,0.694546777,False,up
WBGene00000375,2,0.6333333333333333,GenX,0.147000488,0.694546777,False,up
WBGene00009372,2,1.0,GenX,-0.14730112,0.694546777,False,down
WBGene00003922,2,1.0,GenX,-0.110850739,0.695040174,False,down
WBGene00013201,2,0.9333333333333333,GenX,0.117199712,0.695836612,False,up
WBGene00008379,2,0.9,GenX,-0.162874618,0.695836612,False,down
WBGene00006510,2,0.7,GenX,-0.506884944,0.695836612,False,down
WBGene00000079,2,0.8666666666666667,GenX,-0.103682242,0.696099874,False,down
WBGene00016423,2,1.0,GenX,-0.183122336,0.696113714,False,down
WBGene00011180,2,1.0,GenX,-0.207180554,0.697059696,False,down
WBGene00022845,2,0.9,GenX,-0.289822217,0.697059696,False,down
WBGene00004496,2,1.0,GenX,-0.10274521,0.697830274,False,down
WBGene00017757,2,1.0,GenX,-0.119355497,0.698070829,False,down
WBGene00001752,2,0.9666666666666667,GenX,0.423073419,0.69816628,False,up
WBGene00014230,2,1.0,GenX,0.110792464,0.698517192,False,up
WBGene00021562,2,1.0,GenX,0.078572781,0.698517192,False,up
WBGene00000229,2,1.0,GenX,-0.062775359,0.698517192,False,down
WBGene00004492,2,1.0,GenX,-0.127417953,0.698517192,False,down
WBGene00007702,2,0.9666666666666667,GenX,-0.201613421,0.698517192,False,down
WBGene00006503,2,0.9666666666666667,GenX,-0.098192315,0.698675273,False,down
WBGene00008089,2,0.9666666666666667,GenX,0.146441416,0.700286152,False,up
WBGene00021973,2,1.0,GenX,0.084052957,0.700286152,False,up
WBGene00021626,2,0.9666666666666667,GenX,-0.126061216,0.700880132,False,down
WBGene00003389,2,1.0,GenX,0.078911426,0.701005033,False,up
WBGene00004444,2,1.0,GenX,-0.118793205,0.701005033,False,down
WBGene00000813,2,1.0,GenX,0.08218746,0.70323229,False,up
WBGene00000122,2,0.6333333333333333,GenX,-0.065793517,0.70323229,False,down
WBGene00010333,2,1.0,GenX,-0.094556869,0.70323229,False,down
WBGene00016632,2,1.0,GenX,-0.136383518,0.70323229,False,down
WBGene00001386,2,0.9666666666666667,GenX,-0.205332692,0.70323229,False,down
WBGene00007140,2,1.0,GenX,-0.360033718,0.70323229,False,down
WBGene00009878,2,1.0,GenX,-0.117919709,0.704708844,False,down
WBGene00019682,2,1.0,GenX,0.128687212,0.705849938,False,up
WBGene00020964,2,1.0,GenX,0.123870415,0.705967125,False,up
WBGene00003183,2,1.0,GenX,0.098784879,0.705967125,False,up
WBGene00004789,2,0.5333333333333333,GenX,-0.099732401,0.705967125,False,down
WBGene00004891,2,1.0,GenX,-0.089956068,0.708741167,False,down
WBGene00005010,2,0.8333333333333334,GenX,0.087560707,0.709221848,False,up
WBGene00004320,2,1.0,GenX,-0.102708028,0.709221848,False,down
WBGene00000777,2,1.0,GenX,0.126100587,0.709721827,False,up
WBGene00013404,2,0.8666666666666667,GenX,-0.37669384,0.711859764,False,down
WBGene00000969,2,0.9333333333333333,GenX,-0.275907716,0.711945252,False,down
WBGene00044499,2,1.0,GenX,-0.41070604,0.712287153,False,down
WBGene00015117,2,1.0,GenX,-0.147640022,0.713521929,False,down
WBGene00000884,2,1.0,GenX,0.094994363,0.713626609,False,up
WBGene00018407,2,1.0,GenX,-0.112061712,0.713626609,False,down
WBGene00001372,2,1.0,GenX,-0.174319087,0.714070994,False,down
WBGene00001690,2,1.0,GenX,0.287533024,0.714768612,False,up
WBGene00002162,2,0.9666666666666667,GenX,-0.062724727,0.714768612,False,down
WBGene00012941,2,0.9666666666666667,GenX,-0.223871476,0.718244326,False,down
WBGene00006620,2,0.6,GenX,-0.249856143,0.718244326,False,down
WBGene00015755,2,1.0,GenX,-0.117364512,0.722714202,False,down
WBGene00022230,2,0.8666666666666667,GenX,0.199074628,0.722808554,False,up
WBGene00008480,2,1.0,GenX,-0.069869822,0.722808554,False,down
WBGene00009188,2,1.0,GenX,-0.080403056,0.722808554,False,down
WBGene00013575,2,1.0,GenX,-0.095363761,0.722808554,False,down
WBGene00019361,2,0.9666666666666667,GenX,-0.110048921,0.722808554,False,down
WBGene00022610,2,0.9666666666666667,GenX,-0.119360998,0.722808554,False,down
WBGene00000002,2,1.0,GenX,-0.154006284,0.722808554,False,down
WBGene00012976,2,1.0,GenX,-0.175898536,0.722808554,False,down
WBGene00016250,2,1.0,GenX,-0.111108404,0.723677845,False,down
WBGene00012407,2,1.0,GenX,-0.121424487,0.723710846,False,down
WBGene00002271,2,1.0,GenX,-0.123520404,0.723938182,False,down
WBGene00003422,2,1.0,GenX,-0.15760722,0.723938182,False,down
WBGene00019188,2,1.0,GenX,-0.081839019,0.724572106,False,down
WBGene00044326,2,1.0,GenX,-0.093765636,0.725446226,False,down
WBGene00011273,2,1.0,GenX,-0.070827357,0.727223085,False,down
WBGene00022682,2,0.9666666666666667,GenX,-0.146257366,0.727223085,False,down
WBGene00015582,2,0.9666666666666667,GenX,-0.483787251,0.727223085,False,down
WBGene00011538,2,1.0,GenX,-0.190962993,0.727854835,False,down
WBGene00007679,2,1.0,GenX,0.12897313,0.728493568,False,up
WBGene00010319,2,0.9666666666666667,GenX,-0.231226861,0.730415589,False,down
WBGene00019360,2,0.9333333333333333,GenX,0.196703101,0.731039487,False,up
WBGene00000817,2,0.9333333333333333,GenX,0.092131684,0.731039487,False,up
WBGene00019962,2,1.0,GenX,-0.185365619,0.731039487,False,down
WBGene00010476,2,0.9666666666666667,GenX,0.104208676,0.73112648,False,up
WBGene00011891,2,0.9666666666666667,GenX,0.113068325,0.732283502,False,up
WBGene00004446,2,1.0,GenX,-0.115944597,0.732283502,False,down
WBGene00009148,2,1.0,GenX,-0.285539746,0.73261938,False,down
WBGene00044745,2,1.0,GenX,0.172204559,0.734586453,False,up
WBGene00009507,2,1.0,GenX,-0.091357606,0.734586453,False,down
WBGene00044789,2,0.8666666666666667,GenX,-0.11875028,0.734586453,False,down
WBGene00015009,2,0.9666666666666667,GenX,0.080613655,0.734698989,False,up
WBGene00022382,2,1.0,GenX,0.119308314,0.735014764,False,up
WBGene00019959,2,1.0,GenX,-0.094655202,0.735246832,False,down
WBGene00006714,2,0.9666666666666667,GenX,-0.124446081,0.735246832,False,down
WBGene00017708,2,1.0,GenX,-0.212246275,0.735246832,False,down
WBGene00011717,2,1.0,GenX,0.087538838,0.735979732,False,up
WBGene00020413,2,0.9666666666666667,GenX,-0.14634794,0.737946012,False,down
WBGene00012762,2,1.0,GenX,0.071822706,0.73901241,False,up
WBGene00008493,2,1.0,GenX,-0.335850853,0.73901241,False,down
WBGene00016273,2,1.0,GenX,-0.437771068,0.739367246,False,down
WBGene00003837,2,1.0,GenX,0.13497145,0.740681235,False,up
WBGene00010501,2,1.0,GenX,0.27828523,0.7414132,False,up
WBGene00018786,2,1.0,GenX,-0.219711501,0.7414132,False,down
WBGene00013270,2,1.0,GenX,-0.110139754,0.741480365,False,down
WBGene00001028,2,1.0,GenX,0.095262126,0.741666585,False,up
WBGene00015313,2,0.9666666666666667,GenX,-0.161042212,0.741666585,False,down
WBGene00016442,2,1.0,GenX,0.131714435,0.742517076,False,up
WBGene00194906,2,1.0,GenX,-0.337857603,0.742517076,False,down
WBGene00014141,2,0.9333333333333333,GenX,-0.127048284,0.743217193,False,down
WBGene00012758,2,0.6,GenX,-0.129150877,0.743308911,False,down
WBGene00015035,2,1.0,GenX,-0.185740279,0.743308911,False,down
WBGene00011224,2,1.0,GenX,-0.186511916,0.743308911,False,down
WBGene00019146,2,1.0,GenX,0.242341939,0.744164847,False,up
WBGene00003186,2,1.0,GenX,0.081722531,0.745057697,False,up
WBGene00004348,2,0.9666666666666667,GenX,0.110239793,0.746046323,False,up
WBGene00001132,2,1.0,GenX,-0.086388466,0.746046323,False,down
WBGene00004900,2,0.9333333333333333,GenX,0.082099068,0.746525101,False,up
WBGene00009087,2,1.0,GenX,0.279526532,0.746821578,False,up
WBGene00013011,2,1.0,GenX,0.056131707,0.746821578,False,up
WBGene00021935,2,0.7,GenX,-0.103120283,0.746821578,False,down
WBGene00011444,2,1.0,GenX,-0.106078047,0.746821578,False,down
WBGene00016871,2,1.0,GenX,-0.08246513,0.747464281,False,down
WBGene00021785,2,0.5666666666666667,GenX,-0.140496691,0.748468073,False,down
WBGene00015330,2,1.0,GenX,-0.118215437,0.749074413,False,down
WBGene00017073,2,1.0,GenX,-0.243319986,0.749074413,False,down
WBGene00015332,2,1.0,GenX,-0.307491711,0.749074413,False,down
WBGene00015519,2,1.0,GenX,-0.138217032,0.749262971,False,down
WBGene00013235,2,0.9666666666666667,GenX,-0.085755994,0.749263644,False,down
WBGene00020191,2,1.0,GenX,-0.158050083,0.74953463,False,down
WBGene00010317,2,1.0,GenX,0.126315079,0.749623719,False,up
WBGene00017974,2,1.0,GenX,0.072204104,0.749623719,False,up
WBGene00006671,2,1.0,GenX,-0.096588675,0.749623719,False,down
WBGene00015137,2,1.0,GenX,-0.097122823,0.749623719,False,down
WBGene00003968,2,0.5666666666666667,GenX,-0.390633185,0.749623719,False,down
WBGene00004490,2,1.0,GenX,-0.129117262,0.749698789,False,down
WBGene00008262,2,1.0,GenX,-0.077515479,0.750435777,False,down
WBGene00004875,2,1.0,GenX,-0.091674664,0.750435777,False,down
WBGene00016124,2,1.0,GenX,0.099491688,0.751599969,False,up
WBGene00004397,2,0.5333333333333333,GenX,-0.818150577,0.751624887,False,down
WBGene00020491,2,1.0,GenX,0.147968653,0.75168595,False,up
WBGene00003169,2,1.0,GenX,0.116981083,0.75168595,False,up
WBGene00009454,2,0.9666666666666667,GenX,-0.074543386,0.75168595,False,down
WBGene00013210,2,1.0,GenX,-0.0770277,0.75168595,False,down
WBGene00019503,2,1.0,GenX,-0.106044122,0.75168595,False,down
WBGene00001468,2,1.0,GenX,0.217168478,0.75217679,False,up
WBGene00008973,2,1.0,GenX,-0.079874137,0.75217679,False,down
WBGene00022251,2,0.6666666666666666,GenX,-0.098111765,0.75217679,False,down
WBGene00007557,2,0.9333333333333333,GenX,-0.118482058,0.75217679,False,down
WBGene00010638,2,0.9,GenX,-0.135033014,0.75217679,False,down
WBGene00009138,2,1.0,GenX,-0.146722378,0.75217679,False,down
WBGene00004443,2,1.0,GenX,-0.160268091,0.75217679,False,down
WBGene00044617,2,0.9666666666666667,GenX,-0.449778218,0.75217679,False,down
WBGene00001247,2,1.0,GenX,0.124566753,0.75270051,False,up
WBGene00015609,2,1.0,GenX,0.109825993,0.75270051,False,up
WBGene00011335,2,1.0,GenX,-0.179073725,0.75270051,False,down
WBGene00021286,2,1.0,GenX,0.088147983,0.753209129,False,up
WBGene00014054,2,1.0,GenX,0.081064236,0.753240912,False,up
WBGene00010197,2,1.0,GenX,-0.082531383,0.753240912,False,down
WBGene00007385,2,1.0,GenX,-0.072210434,0.75326714,False,down
WBGene00004130,2,1.0,GenX,-0.093091394,0.753598438,False,down
WBGene00000204,2,0.8666666666666667,GenX,-0.072528579,0.754147137,False,down
WBGene00009441,2,1.0,GenX,0.106451291,0.75432291,False,up
WBGene00001995,2,1.0,GenX,0.133310246,0.754405607,False,up
WBGene00010678,2,0.9666666666666667,GenX,-0.207614089,0.754657975,False,down
WBGene00001185,2,1.0,GenX,0.194976388,0.755591433,False,up
WBGene00011487,2,1.0,GenX,-0.69113629,0.756352183,False,down
WBGene00013968,2,0.9666666666666667,GenX,0.287995245,0.757678563,False,up
WBGene00017347,2,1.0,GenX,-0.108156892,0.757678563,False,down
WBGene00018957,2,0.6,GenX,-0.224289054,0.757678563,False,down
WBGene00001070,2,0.9333333333333333,GenX,-0.669274289,0.757678563,False,down
WBGene00015922,2,0.9666666666666667,GenX,-0.087887163,0.758612528,False,down
WBGene00000070,2,1.0,GenX,0.096257579,0.758692043,False,up
WBGene00011374,2,1.0,GenX,-0.129639256,0.758692043,False,down
WBGene00022633,2,1.0,GenX,0.127191636,0.758888754,False,up
WBGene00007652,2,1.0,GenX,-0.115231513,0.758888754,False,down
WBGene00019509,2,0.9666666666666667,GenX,-0.183165593,0.758888754,False,down
WBGene00016942,2,1.0,GenX,-0.506089181,0.758888754,False,down
WBGene00012952,2,1.0,GenX,-0.259884476,0.76100686,False,down
WBGene00013857,2,1.0,GenX,-0.176689272,0.761734105,False,down
WBGene00008868,2,0.9666666666666667,GenX,-0.115246391,0.763119068,False,down
WBGene00010562,2,0.9666666666666667,GenX,0.08149681,0.763119134,False,up
WBGene00018541,2,0.8666666666666667,GenX,0.213483026,0.763127752,False,up
WBGene00013275,2,1.0,GenX,0.139864167,0.763146472,False,up
WBGene00004880,2,0.9666666666666667,GenX,0.073052222,0.763146472,False,up
WBGene00021534,2,1.0,GenX,-0.045978195,0.763249523,False,down
WBGene00011108,2,0.9333333333333333,GenX,-0.147358259,0.763561453,False,down
WBGene00008509,2,0.9666666666666667,GenX,-0.182459412,0.763561453,False,down
WBGene00009320,2,1.0,GenX,-0.115093514,0.763909678,False,down
WBGene00012657,2,1.0,GenX,-0.164958115,0.764797371,False,down
WBGene00000270,2,1.0,GenX,-0.136258026,0.765331721,False,down
WBGene00022309,2,1.0,GenX,-0.137147592,0.765331721,False,down
WBGene00018426,2,1.0,GenX,0.078030091,0.765370625,False,up
WBGene00022192,2,1.0,GenX,-0.078492293,0.765370625,False,down
WBGene00012600,2,1.0,GenX,-0.115529741,0.765370625,False,down
WBGene00007993,2,1.0,GenX,0.062397931,0.765416538,False,up
WBGene00000511,2,1.0,GenX,0.103895283,0.767350992,False,up
WBGene00020139,2,1.0,GenX,-0.296651242,0.767706841,False,down
WBGene00016400,2,1.0,GenX,0.090011631,0.768628804,False,up
WBGene00019957,2,1.0,GenX,-0.107040747,0.768628804,False,down
WBGene00004337,2,1.0,GenX,-0.10295916,0.769270921,False,down
WBGene00045276,2,1.0,GenX,-0.485470245,0.769522768,False,down
WBGene00006679,2,0.9666666666666667,GenX,-0.257974149,0.771449994,False,down
WBGene00004377,2,0.7,GenX,-0.079017553,0.771574565,False,down
WBGene00021657,2,0.9666666666666667,GenX,0.113507196,0.772403878,False,up
WBGene00001651,2,0.9333333333333333,GenX,0.066785568,0.772403878,False,up
WBGene00005001,2,0.7333333333333333,GenX,-0.161836793,0.773071494,False,down
WBGene00012927,2,0.9333333333333333,GenX,-0.133546763,0.774290863,False,down
WBGene00004830,2,1.0,GenX,-0.077402688,0.774317849,False,down
WBGene00020101,2,1.0,GenX,-0.09749537,0.774317849,False,down
WBGene00007434,2,1.0,GenX,-0.099403594,0.774317849,False,down
WBGene00017002,2,1.0,GenX,-0.162808535,0.774317849,False,down
WBGene00004357,2,1.0,GenX,-0.052726974,0.774446982,False,down
WBGene00019120,2,1.0,GenX,0.066364217,0.775081847,False,up
WBGene00011994,2,1.0,GenX,-0.068179823,0.775410562,False,down
WBGene00008254,2,1.0,GenX,-0.106883322,0.775676704,False,down
WBGene00017567,2,1.0,GenX,-0.534514245,0.775676704,False,down
WBGene00019813,2,1.0,GenX,0.088797427,0.775725064,False,up
WBGene00007941,2,0.9666666666666667,GenX,-0.100018384,0.775725064,False,down
WBGene00045455,2,0.9333333333333333,GenX,-0.165973506,0.775725064,False,down
WBGene00007089,2,1.0,GenX,-0.065596513,0.77577301,False,down
WBGene00006498,2,1.0,GenX,-0.068446217,0.776109693,False,down
WBGene00022054,2,1.0,GenX,-0.140491165,0.776287085,False,down
WBGene00004089,2,0.9333333333333333,GenX,0.065834108,0.776475355,False,up
WBGene00000976,2,0.5333333333333333,GenX,-0.124350434,0.776475355,False,down
WBGene00015022,2,1.0,GenX,-0.118852418,0.777644142,False,down
WBGene00015713,2,0.8666666666666667,GenX,0.142401964,0.777721296,False,up
WBGene00014020,2,1.0,GenX,-0.105739147,0.777721296,False,down
WBGene00007019,2,1.0,GenX,0.112164174,0.77813822,False,up
WBGene00004060,2,1.0,GenX,-0.091240175,0.77813822,False,down
WBGene00007921,2,0.9666666666666667,GenX,-0.094370904,0.77813822,False,down
WBGene00012734,2,0.9666666666666667,GenX,-0.102510848,0.77813822,False,down
WBGene00013332,2,1.0,GenX,0.090350462,0.778264638,False,up
WBGene00010776,2,1.0,GenX,0.074840348,0.7784864,False,up
WBGene00018045,2,1.0,GenX,0.17269797,0.779983346,False,up
WBGene00001620,2,1.0,GenX,0.111291283,0.779983346,False,up
WBGene00003898,2,1.0,GenX,0.065671672,0.779983346,False,up
WBGene00000536,2,1.0,GenX,-0.092255131,0.779983346,False,down
WBGene00017349,2,1.0,GenX,-0.191613511,0.780952593,False,down
WBGene00000674,2,1.0,GenX,-0.086662122,0.781261988,False,down
WBGene00006522,2,1.0,GenX,-0.170228438,0.781377456,False,down
WBGene00011300,2,0.9666666666666667,GenX,-0.176285466,0.781377456,False,down
WBGene00016590,2,1.0,GenX,-0.237421347,0.781377456,False,down
WBGene00018397,2,0.9,GenX,-0.327376362,0.781377456,False,down
WBGene00019396,2,1.0,GenX,0.100278875,0.782833575,False,up
WBGene00023450,2,1.0,GenX,-0.146618181,0.782844042,False,down
WBGene00013679,2,1.0,GenX,0.084187634,0.784103822,False,up
WBGene00022389,2,1.0,GenX,0.064376574,0.784103822,False,up
WBGene00021365,2,1.0,GenX,-0.068994092,0.784103822,False,down
WBGene00016654,2,0.9666666666666667,GenX,-0.091301101,0.784103822,False,down
WBGene00008511,2,0.9666666666666667,GenX,-0.388806624,0.784103822,False,down
WBGene00002088,2,0.7333333333333333,GenX,0.168309683,0.784218691,False,up
WBGene00016294,2,0.6,GenX,0.130858741,0.784218691,False,up
WBGene00012105,2,1.0,GenX,0.073981953,0.784218691,False,up
WBGene00018154,2,1.0,GenX,-0.073986647,0.784218691,False,down
WBGene00020408,2,0.9333333333333333,GenX,-0.093220656,0.784218691,False,down
WBGene00011914,2,0.9666666666666667,GenX,-0.117790024,0.784218691,False,down
WBGene00012179,2,1.0,GenX,-0.151818214,0.784218691,False,down
WBGene00000881,2,0.6,GenX,-0.111699547,0.784278587,False,down
WBGene00012358,2,0.9666666666666667,GenX,-0.092076652,0.786413031,False,down
WBGene00007339,2,0.9666666666666667,GenX,-0.163603022,0.78683042,False,down
WBGene00007826,2,1.0,GenX,0.120273739,0.787674608,False,up
WBGene00009993,2,0.6,GenX,-0.075689561,0.789149754,False,down
WBGene00007528,2,1.0,GenX,-0.094235288,0.789181059,False,down
WBGene00019572,2,0.9666666666666667,GenX,-0.109134636,0.789181059,False,down
WBGene00003006,2,1.0,GenX,-0.09924413,0.790008247,False,down
WBGene00002363,2,0.7,GenX,-0.052227313,0.79005854,False,down
WBGene00020399,2,0.9,GenX,-0.108202987,0.790733429,False,down
WBGene00014965,2,1.0,GenX,0.088332603,0.791789879,False,up
WBGene00018963,2,1.0,GenX,-0.054578629,0.792394776,False,down
WBGene00003059,2,1.0,GenX,-0.118191507,0.792394776,False,down
WBGene00017239,2,0.9666666666666667,GenX,0.183368073,0.792617457,False,up
WBGene00021058,2,0.7,GenX,-0.067393761,0.792921574,False,down
WBGene00000520,2,0.9,GenX,-0.073970693,0.792921574,False,down
WBGene00012269,2,1.0,GenX,0.240565946,0.793000873,False,up
WBGene00004732,2,0.6666666666666666,GenX,-0.055205372,0.793000873,False,down
WBGene00007413,2,1.0,GenX,-0.078839704,0.793000873,False,down
WBGene00011965,2,0.9666666666666667,GenX,-0.101612561,0.793000873,False,down
WBGene00012719,2,0.9666666666666667,GenX,-0.117925139,0.793000873,False,down
WBGene00012479,2,0.8333333333333334,GenX,-0.11841478,0.793000873,False,down
WBGene00003025,2,1.0,GenX,0.069996871,0.793816699,False,up
WBGene00007167,2,1.0,GenX,0.075246953,0.794622434,False,up
WBGene00022378,2,1.0,GenX,-0.120009394,0.794986299,False,down
WBGene00001007,2,1.0,GenX,0.070120815,0.796057748,False,up
WBGene00007683,2,0.9,GenX,0.079404397,0.796206545,False,up
WBGene00021346,2,1.0,GenX,-0.091471724,0.796206545,False,down
WBGene00020049,2,0.9333333333333333,GenX,0.124664886,0.796398878,False,up
WBGene00018544,2,0.9,GenX,0.322464632,0.79653685,False,up
WBGene00008891,2,0.9,GenX,0.156803974,0.796601953,False,up
WBGene00001334,2,1.0,GenX,-0.065216533,0.796601953,False,down
WBGene00000880,2,0.9666666666666667,GenX,-0.059179371,0.79687856,False,down
WBGene00011071,2,1.0,GenX,-0.060354465,0.797149145,False,down
WBGene00019822,2,0.8333333333333334,GenX,-0.066878665,0.797149145,False,down
WBGene00269433,2,0.6333333333333333,GenX,-0.23169081,0.797149145,False,down
WBGene00009287,2,1.0,GenX,-0.240924819,0.79793507,False,down
WBGene00008385,2,1.0,GenX,-0.114191524,0.798706712,False,down
WBGene00016492,2,1.0,GenX,0.219134737,0.798976786,False,up
WBGene00007261,2,1.0,GenX,0.070585698,0.80049452,False,up
WBGene00006605,2,0.9666666666666667,GenX,-0.052052038,0.80049452,False,down
WBGene00005007,2,1.0,GenX,-0.075592354,0.80049452,False,down
WBGene00012935,2,1.0,GenX,-0.156575773,0.80049452,False,down
WBGene00017831,2,1.0,GenX,-0.111749115,0.800610565,False,down
WBGene00012716,2,0.9666666666666667,GenX,-0.174243649,0.800610565,False,down
WBGene00010283,2,0.9666666666666667,GenX,-0.087955139,0.80078636,False,down
WBGene00001112,2,1.0,GenX,0.066159697,0.8014727,False,up
WBGene00004460,2,1.0,GenX,-0.094586779,0.801604854,False,down
WBGene00045507,2,1.0,GenX,0.081808526,0.802741772,False,up
WBGene00004744,2,1.0,GenX,-0.064898914,0.802741772,False,down
WBGene00008344,2,1.0,GenX,0.062111016,0.803085067,False,up
WBGene00012234,2,0.9,GenX,-0.075569276,0.803671219,False,down
WBGene00021295,2,1.0,GenX,-0.115332919,0.803677835,False,down
WBGene00009745,2,0.8666666666666667,GenX,-0.119695393,0.803797579,False,down
WBGene00012370,2,1.0,GenX,-0.109444314,0.804048224,False,down
WBGene00194680,2,1.0,GenX,-0.20176664,0.804218558,False,down
WBGene00001653,2,1.0,GenX,0.066917581,0.804333367,False,up
WBGene00008165,2,1.0,GenX,0.063392493,0.804333367,False,up
WBGene00012206,2,0.9666666666666667,GenX,-0.075906879,0.804333367,False,down
WBGene00018925,2,1.0,GenX,-0.080454067,0.804333367,False,down
WBGene00006869,2,1.0,GenX,-0.111307655,0.804333367,False,down
WBGene00018337,2,0.9333333333333333,GenX,-0.155488963,0.804333367,False,down
WBGene00004721,2,0.5666666666666667,GenX,-0.186818467,0.804333367,False,down
WBGene00020376,2,1.0,GenX,0.103759192,0.804821996,False,up
WBGene00020026,2,1.0,GenX,0.092476318,0.804821996,False,up
WBGene00044329,2,1.0,GenX,-0.094455951,0.804821996,False,down
WBGene00015932,2,0.9666666666666667,GenX,0.441011884,0.804842918,False,up
WBGene00018423,2,1.0,GenX,0.170930359,0.804842918,False,up
WBGene00044637,2,1.0,GenX,0.140877535,0.804842918,False,up
WBGene00001429,2,0.9333333333333333,GenX,0.133613206,0.804842918,False,up
WBGene00018793,2,1.0,GenX,0.08398429,0.804842918,False,up
WBGene00000837,2,0.9666666666666667,GenX,0.045983478,0.804842918,False,up
WBGene00008622,2,0.8666666666666667,GenX,-0.059632846,0.804842918,False,down
WBGene00003242,2,0.9,GenX,-0.072534905,0.804842918,False,down
WBGene00044072,2,0.9666666666666667,GenX,-0.082083548,0.804842918,False,down
WBGene00013447,2,1.0,GenX,-0.083085448,0.804842918,False,down
WBGene00008151,2,0.5666666666666667,GenX,-0.085320336,0.804842918,False,down
WBGene00013716,2,1.0,GenX,-0.088449536,0.804842918,False,down
WBGene00013139,2,0.5333333333333333,GenX,-0.091393007,0.804842918,False,down
WBGene00010814,2,0.8333333333333334,GenX,-0.109948718,0.804842918,False,down
WBGene00018527,2,0.9666666666666667,GenX,-0.221780193,0.804842918,False,down
WBGene00004223,2,1.0,GenX,-0.257557287,0.804842918,False,down
WBGene00017499,2,0.9333333333333333,GenX,-0.376832256,0.804842918,False,down
WBGene00000513,2,1.0,GenX,-0.187519949,0.805158866,False,down
WBGene00007137,2,0.8333333333333334,GenX,-0.071033447,0.805316613,False,down
WBGene00012371,2,0.9666666666666667,GenX,-0.19508392,0.805316613,False,down
WBGene00007223,2,1.0,GenX,-0.093690113,0.805653824,False,down
WBGene00017344,2,0.9666666666666667,GenX,-0.106638711,0.805653824,False,down
WBGene00007018,2,1.0,GenX,-0.118187481,0.806882325,False,down
WBGene00014137,2,0.9333333333333333,GenX,0.125582062,0.80733431,False,up
WBGene00010340,2,1.0,GenX,0.111835875,0.80733431,False,up
WBGene00003090,2,1.0,GenX,-0.113391927,0.807461125,False,down
WBGene00003952,2,1.0,GenX,-0.090930089,0.80758144,False,down
WBGene00004269,2,1.0,GenX,-0.115845629,0.808909976,False,down
WBGene00001648,2,1.0,GenX,-0.049302434,0.808942866,False,down
WBGene00003996,2,0.8,GenX,-0.063224938,0.808942866,False,down
WBGene00004203,2,0.8666666666666667,GenX,0.088145229,0.810325994,False,up
WBGene00012608,2,1.0,GenX,-0.192821698,0.811150934,False,down
WBGene00005021,2,0.8333333333333334,GenX,0.110435535,0.81236156,False,up
WBGene00045305,2,1.0,GenX,0.324614296,0.8126526,False,up
WBGene00004855,2,0.9666666666666667,GenX,-0.072543484,0.813441646,False,down
WBGene00001838,2,0.9666666666666667,GenX,-0.085079517,0.813441646,False,down
WBGene00015512,2,0.9333333333333333,GenX,-0.156763924,0.813479694,False,down
WBGene00013211,2,1.0,GenX,-0.192121286,0.813479694,False,down
WBGene00015492,2,1.0,GenX,-0.077879298,0.813750668,False,down
WBGene00013727,2,0.9333333333333333,GenX,-0.247880272,0.814408554,False,down
WBGene00016626,2,0.7666666666666667,GenX,0.14581896,0.815141721,False,up
WBGene00020970,2,0.9666666666666667,GenX,-0.064078326,0.815141721,False,down
WBGene00015025,2,1.0,GenX,-0.059318819,0.816920081,False,down
WBGene00010459,2,1.0,GenX,0.110531139,0.817769415,False,up
WBGene00011367,2,0.9666666666666667,GenX,-0.110624365,0.818287284,False,down
WBGene00007955,2,1.0,GenX,0.063650885,0.818711629,False,up
WBGene00015141,2,0.9333333333333333,GenX,0.295077161,0.819379593,False,up
WBGene00010229,2,0.9666666666666667,GenX,0.112491218,0.819379593,False,up
WBGene00013122,2,0.8,GenX,0.109935521,0.819379593,False,up
WBGene00011916,2,1.0,GenX,0.09483399,0.819379593,False,up
WBGene00006963,2,0.9666666666666667,GenX,0.08034456,0.819379593,False,up
WBGene00003941,2,1.0,GenX,0.076100506,0.819379593,False,up
WBGene00022336,2,1.0,GenX,-0.064339107,0.819379593,False,down
WBGene00022053,2,1.0,GenX,-0.064444469,0.819379593,False,down
WBGene00000915,2,0.9,GenX,-0.067539722,0.819379593,False,down
WBGene00007129,2,0.5666666666666667,GenX,-0.070770089,0.819379593,False,down
WBGene00004207,2,0.9666666666666667,GenX,-0.070967328,0.819379593,False,down
WBGene00007390,2,0.9666666666666667,GenX,-0.071660654,0.819379593,False,down
WBGene00023405,2,0.9666666666666667,GenX,-0.071987237,0.819379593,False,down
WBGene00019832,2,1.0,GenX,-0.095241735,0.819379593,False,down
WBGene00013109,2,0.5333333333333333,GenX,-0.096692064,0.819379593,False,down
WBGene00015487,2,1.0,GenX,-0.097923538,0.819379593,False,down
WBGene00011454,2,1.0,GenX,-0.105372299,0.819379593,False,down
WBGene00021867,2,0.9666666666666667,GenX,-0.151382858,0.819379593,False,down
WBGene00000264,2,1.0,GenX,-0.156233784,0.819379593,False,down
WBGene00017358,2,1.0,GenX,-0.192092116,0.819379593,False,down
WBGene00001240,2,1.0,GenX,0.10318763,0.81949664,False,up
WBGene00012765,2,1.0,GenX,-0.043235158,0.819637893,False,down
WBGene00016380,2,1.0,GenX,0.102809829,0.820487948,False,up
WBGene00011498,2,0.9666666666666667,GenX,0.087523482,0.820487948,False,up
WBGene00020824,2,1.0,GenX,-0.074780446,0.820487948,False,down
WBGene00004453,2,1.0,GenX,-0.141459201,0.820487948,False,down
WBGene00016979,2,1.0,GenX,0.111796314,0.820613895,False,up
WBGene00013273,2,1.0,GenX,0.094486696,0.820613895,False,up
WBGene00020553,2,0.7666666666666667,GenX,-0.065392863,0.820613895,False,down
WBGene00012433,2,1.0,GenX,-0.289640067,0.820613895,False,down
WBGene00044296,2,0.9,GenX,0.152761335,0.821035024,False,up
WBGene00006968,2,1.0,GenX,-0.064071666,0.821035024,False,down
WBGene00011271,2,0.9666666666666667,GenX,0.059356368,0.821207306,False,up
WBGene00003826,2,1.0,GenX,0.050403697,0.821207306,False,up
WBGene00022854,2,1.0,GenX,-0.109048752,0.821207306,False,down
WBGene00013406,2,1.0,GenX,-0.117677672,0.821207306,False,down
WBGene00009007,2,1.0,GenX,0.082186134,0.821457319,False,up
WBGene00004510,2,1.0,GenX,-0.070576918,0.821689578,False,down
WBGene00015806,2,0.9666666666666667,GenX,-0.08105184,0.821766021,False,down
WBGene00018077,2,0.9666666666666667,GenX,0.133329412,0.822900423,False,up
WBGene00010306,2,1.0,GenX,0.076981102,0.822900423,False,up
WBGene00010002,2,1.0,GenX,-0.080658038,0.822994728,False,down
WBGene00001682,2,1.0,GenX,-0.069335012,0.823031019,False,down
WBGene00001817,2,0.7,GenX,0.058075566,0.823618979,False,up
WBGene00008147,2,0.9666666666666667,GenX,0.102400152,0.824225552,False,up
WBGene00021226,2,1.0,GenX,0.2864035,0.824325559,False,up
WBGene00017355,2,0.9666666666666667,GenX,0.067135946,0.824325559,False,up
WBGene00000205,2,0.9666666666666667,GenX,0.080636123,0.824623609,False,up
WBGene00008957,2,1.0,GenX,-0.11392063,0.824976372,False,down
WBGene00013514,2,1.0,GenX,-0.139414564,0.824982603,False,down
WBGene00007520,2,0.9666666666666667,GenX,-0.062769953,0.825044196,False,down
WBGene00001581,2,1.0,GenX,0.121549476,0.825050785,False,up
WBGene00001039,2,0.6,GenX,0.123452851,0.82559982,False,up
WBGene00011529,2,0.9333333333333333,GenX,0.061236189,0.82559982,False,up
WBGene00018339,2,0.7666666666666667,GenX,-0.051263854,0.82559982,False,down
WBGene00022453,2,1.0,GenX,-0.103961818,0.82559982,False,down
WBGene00009284,2,1.0,GenX,-0.067121151,0.826092903,False,down
WBGene00019490,2,1.0,GenX,-0.070089701,0.826092903,False,down
WBGene00016021,2,1.0,GenX,0.069270914,0.826580957,False,up
WBGene00017293,2,1.0,GenX,0.093607526,0.82678758,False,up
WBGene00001503,2,1.0,GenX,0.06250715,0.82678758,False,up
WBGene00001948,2,1.0,GenX,-0.137909294,0.82678758,False,down
WBGene00017284,2,1.0,GenX,-0.058017152,0.828568273,False,down
WBGene00001038,2,1.0,GenX,-0.057619951,0.828595529,False,down
WBGene00022573,2,0.9666666666666667,GenX,0.170333786,0.828893141,False,up
WBGene00018985,2,0.9666666666666667,GenX,-0.118564923,0.830211517,False,down
WBGene00011636,2,1.0,GenX,-0.06738171,0.830354326,False,down
WBGene00018638,2,1.0,GenX,-0.055645352,0.830458072,False,down
WBGene00006474,2,1.0,GenX,-0.087820063,0.830780021,False,down
WBGene00012073,2,1.0,GenX,0.09224796,0.83168729,False,up
WBGene00011092,2,1.0,GenX,-0.102138778,0.832264177,False,down
WBGene00017131,2,1.0,GenX,-0.165601808,0.832481962,False,down
WBGene00011087,2,1.0,GenX,-0.17485416,0.833206324,False,down
WBGene00009177,2,0.9666666666666667,GenX,0.106565358,0.834173203,False,up
WBGene00007112,2,1.0,GenX,-0.158504042,0.834262762,False,down
WBGene00010899,2,0.9666666666666667,GenX,0.157570221,0.83500655,False,up
WBGene00004121,2,1.0,GenX,-0.057724784,0.83500655,False,down
WBGene00004105,2,1.0,GenX,-0.05885124,0.83500655,False,down
WBGene00001823,2,0.9666666666666667,GenX,-0.083762903,0.83500655,False,down
WBGene00000745,2,0.9,GenX,-0.235134278,0.835225573,False,down
WBGene00004175,2,0.7333333333333333,GenX,-0.099225178,0.83594561,False,down
WBGene00016375,2,1.0,GenX,-0.088681676,0.837141979,False,down
WBGene00019101,2,1.0,GenX,0.155689785,0.837507065,False,up
WBGene00022783,2,1.0,GenX,-0.228355404,0.837507065,False,down
WBGene00006961,2,1.0,GenX,0.082187631,0.8376968,False,up
WBGene00006634,2,1.0,GenX,-0.07621104,0.837771649,False,down
WBGene00019157,2,1.0,GenX,0.069350829,0.838211983,False,up
WBGene00007493,2,0.7,GenX,-0.071241274,0.838211983,False,down
WBGene00003017,2,0.9666666666666667,GenX,-0.217497333,0.838478699,False,down
WBGene00004743,2,0.9666666666666667,GenX,-0.068084995,0.839673097,False,down
WBGene00001595,2,0.9666666666666667,GenX,-0.164633643,0.840648916,False,down
WBGene00012376,2,1.0,GenX,-0.061791153,0.842017508,False,down
WBGene00016337,2,1.0,GenX,-0.252144581,0.842017508,False,down
WBGene00021236,2,0.9333333333333333,GenX,-0.33392316,0.842017508,False,down
WBGene00044720,2,1.0,GenX,-0.071244144,0.842183608,False,down
WBGene00019631,2,1.0,GenX,-0.132838601,0.842183608,False,down
WBGene00010759,2,1.0,GenX,0.322622463,0.842187412,False,up
WBGene00044413,2,1.0,GenX,-0.178062514,0.842832827,False,down
WBGene00011115,2,0.8333333333333334,GenX,0.072746713,0.842967251,False,up
WBGene00016542,2,0.8,GenX,-0.077097222,0.842967251,False,down
WBGene00003949,2,1.0,GenX,-0.078286425,0.842967251,False,down
WBGene00001998,2,0.9666666666666667,GenX,-0.178949038,0.842967251,False,down
WBGene00003085,2,1.0,GenX,-0.04686608,0.844314946,False,down
WBGene00004456,2,1.0,GenX,-0.118766911,0.84536556,False,down
WBGene00012270,2,1.0,GenX,0.156309634,0.845693438,False,up
WBGene00002196,2,1.0,GenX,-0.038080509,0.845693438,False,down
WBGene00004206,2,1.0,GenX,-0.081861221,0.845693438,False,down
WBGene00012522,2,1.0,GenX,-0.081943995,0.845693438,False,down
WBGene00022694,2,1.0,GenX,-0.095000634,0.845693438,False,down
WBGene00006573,2,0.6666666666666666,GenX,-0.1373491,0.845693438,False,down
WBGene00022773,2,1.0,GenX,-0.155332603,0.845693438,False,down
WBGene00015573,2,0.9333333333333333,GenX,-0.262949472,0.845766791,False,down
WBGene00015297,2,0.8666666666666667,GenX,0.07045405,0.84641897,False,up
WBGene00001520,2,1.0,GenX,0.044697992,0.84641897,False,up
WBGene00015684,2,1.0,GenX,-0.08840837,0.84641897,False,down
WBGene00008418,2,1.0,GenX,-0.105674587,0.84641897,False,down
WBGene00013506,2,1.0,GenX,0.106150791,0.846855963,False,up
WBGene00019227,2,1.0,GenX,-0.115908425,0.847151702,False,down
WBGene00020197,2,1.0,GenX,0.056680674,0.848356398,False,up
WBGene00019630,2,0.9333333333333333,GenX,-0.18332953,0.848356398,False,down
WBGene00012271,2,1.0,GenX,-0.277792227,0.848356398,False,down
WBGene00002050,2,1.0,GenX,-0.0833318,0.848525434,False,down
WBGene00008606,2,1.0,GenX,-0.105913003,0.848525434,False,down
WBGene00002064,2,1.0,GenX,-0.141242117,0.848525434,False,down
WBGene00001745,2,0.9666666666666667,GenX,0.071720336,0.848668713,False,up
WBGene00007873,2,1.0,GenX,0.410675731,0.848727287,False,up
WBGene00002985,2,0.9666666666666667,GenX,-0.092084263,0.848975682,False,down
WBGene00015177,2,0.9666666666666667,GenX,0.070718105,0.849638744,False,up
WBGene00000263,2,1.0,GenX,-0.06308425,0.849638744,False,down
WBGene00003953,2,1.0,GenX,-0.083815821,0.850600447,False,down
WBGene00016152,2,0.9666666666666667,GenX,-0.257751057,0.850600447,False,down
WBGene00000198,2,1.0,GenX,0.08244034,0.851470742,False,up
WBGene00010828,2,1.0,GenX,-0.103339939,0.851597212,False,down
WBGene00000176,2,0.9333333333333333,GenX,0.142898055,0.851687849,False,up
WBGene00004296,2,1.0,GenX,-0.065490138,0.851839572,False,down
WBGene00008548,2,0.9666666666666667,GenX,-0.082024372,0.852182235,False,down
WBGene00013553,2,1.0,GenX,-0.189298436,0.852917718,False,down
WBGene00011887,2,1.0,GenX,-0.05908241,0.853320852,False,down
WBGene00011226,2,0.9333333333333333,GenX,0.07976015,0.853621777,False,up
WBGene00011422,2,1.0,GenX,0.144537519,0.853829269,False,up
WBGene00018088,2,1.0,GenX,-0.083520286,0.854550629,False,down
WBGene00004506,2,1.0,GenX,-0.062251038,0.855222171,False,down
WBGene00007949,2,0.8,GenX,0.364685624,0.856637301,False,up
WBGene00000207,2,1.0,GenX,-0.037884171,0.856637301,False,down
WBGene00022152,2,1.0,GenX,-0.056714796,0.856637301,False,down
WBGene00017982,2,1.0,GenX,-0.115572188,0.856637301,False,down
WBGene00019941,2,0.6666666666666666,GenX,-0.046988526,0.856693498,False,down
WBGene00009052,2,1.0,GenX,0.056145384,0.856917239,False,up
WBGene00044924,2,0.9666666666666667,GenX,0.10993715,0.857860608,False,up
WBGene00007698,2,1.0,GenX,0.063576746,0.857860608,False,up
WBGene00014208,2,0.9666666666666667,GenX,0.060603074,0.857860608,False,up
WBGene00015555,2,0.7,GenX,-0.0472733,0.857860608,False,down
WBGene00013441,2,1.0,GenX,-0.056164925,0.857860608,False,down
WBGene00003927,2,1.0,GenX,-0.076995249,0.857860608,False,down
WBGene00019328,2,1.0,GenX,-0.081158333,0.857860608,False,down
WBGene00018383,2,0.9666666666666667,GenX,-0.172663541,0.857860608,False,down
WBGene00000294,2,1.0,GenX,-0.047820318,0.857998064,False,down
WBGene00004297,2,1.0,GenX,-0.118031469,0.858189942,False,down
WBGene00006707,2,0.9333333333333333,GenX,-0.069453311,0.858360385,False,down
WBGene00010055,2,1.0,GenX,0.093043504,0.858377153,False,up
WBGene00009992,2,1.0,GenX,0.04543853,0.859552193,False,up
WBGene00010362,2,1.0,GenX,-0.114707118,0.85974403,False,down
WBGene00009951,2,0.9666666666666667,GenX,0.166005854,0.860190187,False,up
WBGene00006468,2,1.0,GenX,-0.069340774,0.860190187,False,down
WBGene00001249,2,1.0,GenX,-0.078278799,0.860190187,False,down
WBGene00021190,2,0.9666666666666667,GenX,-0.140129604,0.860190187,False,down
WBGene00008765,2,1.0,GenX,0.062486376,0.860371445,False,up
WBGene00020104,2,0.4666666666666667,GenX,-0.215730435,0.860973176,False,down
WBGene00021676,2,0.9666666666666667,GenX,-0.10066345,0.861420669,False,down
WBGene00004274,2,1.0,GenX,-0.042359397,0.862279911,False,down
WBGene00004859,2,1.0,GenX,0.081859685,0.862351645,False,up
WBGene00003813,2,1.0,GenX,0.078006112,0.863697341,False,up
WBGene00001978,2,0.9666666666666667,GenX,0.063369135,0.863697341,False,up
WBGene00019715,2,1.0,GenX,-0.053320213,0.863697341,False,down
WBGene00015485,2,0.9333333333333333,GenX,-0.051111212,0.863947829,False,down
WBGene00002074,2,0.9666666666666667,GenX,-0.054097985,0.863947829,False,down
WBGene00021401,2,1.0,GenX,-0.065414761,0.863947829,False,down
WBGene00009925,2,1.0,GenX,-0.08379153,0.863947829,False,down
WBGene00018885,2,1.0,GenX,-0.100778514,0.863947829,False,down
WBGene00011556,2,0.9666666666666667,GenX,-0.116398122,0.863947829,False,down
WBGene00001808,2,1.0,GenX,-0.124382827,0.863947829,False,down
WBGene00018723,2,1.0,GenX,-0.144062724,0.863947829,False,down
WBGene00020146,2,0.9666666666666667,GenX,0.061101992,0.863955416,False,up
WBGene00304812,2,0.9666666666666667,GenX,-0.24421915,0.864009466,False,down
WBGene00004767,2,1.0,GenX,0.046099932,0.86428912,False,up
WBGene00000371,2,1.0,GenX,-0.052466601,0.86428912,False,down
WBGene00001328,2,1.0,GenX,-0.069884506,0.86428912,False,down
WBGene00018221,2,0.9666666666666667,GenX,-0.070441784,0.865170348,False,down
WBGene00016582,2,1.0,GenX,-0.050635819,0.86556929,False,down
WBGene00000507,2,0.9666666666666667,GenX,-0.081983936,0.86556929,False,down
WBGene00002220,2,1.0,GenX,0.063355744,0.866142208,False,up
WBGene00009340,2,1.0,GenX,0.074481931,0.868679462,False,up
WBGene00001898,2,0.8666666666666667,GenX,0.0722471,0.869153765,False,up
WBGene00000228,2,1.0,GenX,-0.048478066,0.869153765,False,down
WBGene00017642,2,1.0,GenX,-0.045860196,0.869245803,False,down
WBGene00017037,2,1.0,GenX,-0.050760488,0.869245803,False,down
WBGene00000189,2,1.0,GenX,0.123999454,0.870378178,False,up
WBGene00019940,2,1.0,GenX,-0.051229706,0.870378178,False,down
WBGene00001743,2,1.0,GenX,-0.058594577,0.870378178,False,down
WBGene00009710,2,1.0,GenX,0.189112677,0.870593242,False,up
WBGene00020397,2,1.0,GenX,0.085432284,0.870593242,False,up
WBGene00004902,2,1.0,GenX,0.072743959,0.870593242,False,up
WBGene00009482,2,1.0,GenX,0.0609811,0.870593242,False,up
WBGene00021209,2,1.0,GenX,0.043775683,0.870593242,False,up
WBGene00020025,2,1.0,GenX,0.041728228,0.870593242,False,up
WBGene00018857,2,1.0,GenX,-0.049691236,0.870593242,False,down
WBGene00014938,2,0.5333333333333333,GenX,-0.102040066,0.870593242,False,down
WBGene00012201,2,0.9666666666666667,GenX,0.161127101,0.870734765,False,up
WBGene00006692,2,1.0,GenX,0.11043885,0.870745102,False,up
WBGene00007348,2,0.9666666666666667,GenX,-0.075242137,0.870745102,False,down
WBGene00023487,2,1.0,GenX,-0.08522516,0.870883771,False,down
WBGene00001820,2,0.9666666666666667,GenX,-0.151980463,0.872114642,False,down
WBGene00008404,2,0.9666666666666667,GenX,0.059951766,0.872355419,False,up
WBGene00020843,2,1.0,GenX,-0.074054182,0.872355419,False,down
WBGene00011269,2,1.0,GenX,-0.105058609,0.872357478,False,down
WBGene00004503,2,1.0,GenX,-0.063853283,0.87351752,False,down
WBGene00007690,2,1.0,GenX,-0.069909693,0.873889687,False,down
WBGene00019493,2,1.0,GenX,0.055379898,0.874347987,False,up
WBGene00003967,2,1.0,GenX,-0.047173293,0.874347987,False,down
WBGene00002991,2,0.9666666666666667,GenX,-0.065064528,0.874347987,False,down
WBGene00020837,2,1.0,GenX,0.06089314,0.874776384,False,up
WBGene00003081,2,1.0,GenX,0.093396563,0.874991568,False,up
WBGene00015975,2,1.0,GenX,0.090350403,0.875546446,False,up
WBGene00016154,2,0.9666666666666667,GenX,-0.059032495,0.875546446,False,down
WBGene00001088,2,0.8666666666666667,GenX,-0.061650576,0.875546446,False,down
WBGene00017372,2,1.0,GenX,-0.062524246,0.875546446,False,down
WBGene00011110,2,1.0,GenX,-0.045740409,0.876079077,False,down
WBGene00022665,2,1.0,GenX,-0.126072402,0.87623044,False,down
WBGene00020038,2,1.0,GenX,-0.048654537,0.876885332,False,down
WBGene00020012,2,1.0,GenX,-0.06688435,0.87709017,False,down
WBGene00020183,2,0.5666666666666667,GenX,-0.084251456,0.87709017,False,down
WBGene00009187,2,1.0,GenX,0.062999474,0.877121504,False,up
WBGene00009798,2,1.0,GenX,0.107348076,0.87744303,False,up
WBGene00003225,2,1.0,GenX,0.055068617,0.87744303,False,up
WBGene00003019,2,1.0,GenX,-0.053713933,0.87744303,False,down
WBGene00012464,2,1.0,GenX,-0.100333928,0.87744303,False,down
WBGene00002068,2,0.8,GenX,-0.142393409,0.87744303,False,down
WBGene00010403,2,1.0,GenX,-0.276790149,0.87744303,False,down
WBGene00006324,2,1.0,GenX,-0.057809229,0.877607182,False,down
WBGene00013884,2,0.5666666666666667,GenX,0.150285157,0.878325385,False,up
WBGene00008370,2,1.0,GenX,0.097987705,0.878325385,False,up
WBGene00006875,2,0.8,GenX,0.053148753,0.878325385,False,up
WBGene00006516,2,1.0,GenX,0.038356043,0.878325385,False,up
WBGene00004044,2,1.0,GenX,-0.097889867,0.878325385,False,down
WBGene00000257,2,0.8,GenX,-0.099707699,0.878325385,False,down
WBGene00018307,2,0.8666666666666667,GenX,-0.154854003,0.878325385,False,down
WBGene00012651,2,0.6,GenX,-0.080467006,0.878640474,False,down
WBGene00021529,2,0.6666666666666666,GenX,-0.20320718,0.878671239,False,down
WBGene00018092,2,1.0,GenX,0.315683471,0.879480898,False,up
WBGene00013808,2,1.0,GenX,0.041004732,0.879480898,False,up
WBGene00011068,2,1.0,GenX,0.062411618,0.879681819,False,up
WBGene00011885,2,0.9333333333333333,GenX,0.038347896,0.880327124,False,up
WBGene00011930,2,0.9333333333333333,GenX,0.072282639,0.880603203,False,up
WBGene00004404,2,0.9666666666666667,GenX,-0.067133269,0.881528427,False,down
WBGene00022374,2,1.0,GenX,-0.177834588,0.881528427,False,down
WBGene00000865,2,0.9666666666666667,GenX,-0.177518008,0.881674927,False,down
WBGene00008101,2,1.0,GenX,0.076939259,0.882933382,False,up
WBGene00018374,2,0.9666666666666667,GenX,-0.056226804,0.882933382,False,down
WBGene00016381,2,1.0,GenX,-0.107749015,0.883531236,False,down
WBGene00017711,2,1.0,GenX,-0.098784639,0.884663535,False,down
WBGene00004143,2,0.9666666666666667,GenX,-0.057014889,0.884669554,False,down
WBGene00001579,2,1.0,GenX,0.055025289,0.885589904,False,up
WBGene00011181,2,1.0,GenX,-0.079301081,0.885589904,False,down
WBGene00021714,2,1.0,GenX,0.074314399,0.885878014,False,up
WBGene00010205,2,1.0,GenX,-0.195705792,0.885878014,False,down
WBGene00020625,2,1.0,GenX,0.074736266,0.886822732,False,up
WBGene00019007,2,1.0,GenX,-0.094284073,0.887315273,False,down
WBGene00000200,2,1.0,GenX,0.034755293,0.887599607,False,up
WBGene00008336,2,0.9666666666666667,GenX,0.109791022,0.888502228,False,up
WBGene00007059,2,1.0,GenX,0.060769229,0.888502228,False,up
WBGene00002011,2,1.0,GenX,0.080808108,0.889606951,False,up
WBGene00017101,2,1.0,GenX,0.090072469,0.890212283,False,up
WBGene00014086,2,0.9333333333333333,GenX,0.037004906,0.890212283,False,up
WBGene00018849,2,1.0,GenX,-0.046175058,0.890212283,False,down
WBGene00008764,2,1.0,GenX,-0.051588648,0.890212283,False,down
WBGene00022092,2,1.0,GenX,-0.085766026,0.890212283,False,down
WBGene00022786,2,0.9,GenX,0.078510083,0.890601729,False,up
WBGene00010383,2,0.9666666666666667,GenX,0.064508393,0.890601729,False,up
WBGene00018328,2,1.0,GenX,-0.077041927,0.890601729,False,down
WBGene00020823,2,1.0,GenX,-0.083985886,0.890601729,False,down
WBGene00021913,2,1.0,GenX,-0.099149436,0.890601729,False,down
WBGene00005002,2,1.0,GenX,0.197253229,0.890774095,False,up
WBGene00016655,2,1.0,GenX,0.081121585,0.893201228,False,up
WBGene00020322,2,1.0,GenX,-0.070999437,0.893204783,False,down
WBGene00022021,2,1.0,GenX,-0.067035202,0.893230515,False,down
WBGene00008279,2,0.9333333333333333,GenX,-0.266927676,0.893339184,False,down
WBGene00006610,2,1.0,GenX,-0.077578845,0.893425582,False,down
WBGene00019075,2,1.0,GenX,0.064939218,0.893869897,False,up
WBGene00018811,2,1.0,GenX,-0.156726246,0.894136142,False,down
WBGene00006796,2,1.0,GenX,-0.045145464,0.894583708,False,down
WBGene00010068,2,1.0,GenX,-0.189017206,0.895013319,False,down
WBGene00009736,2,0.9666666666666667,GenX,0.073448457,0.895068316,False,up
WBGene00020957,2,1.0,GenX,-0.052407204,0.895068316,False,down
WBGene00017514,2,1.0,GenX,0.077777046,0.895128986,False,up
WBGene00022025,2,1.0,GenX,-0.062929531,0.895128986,False,down
WBGene00022033,2,1.0,GenX,-0.114627866,0.895128986,False,down
WBGene00022043,2,0.9666666666666667,GenX,-0.153244339,0.895128986,False,down
WBGene00011163,2,1.0,GenX,-0.215409044,0.895128986,False,down
WBGene00044360,2,0.9666666666666667,GenX,-0.153471411,0.895676712,False,down
WBGene00021884,2,1.0,GenX,-0.12372854,0.896285632,False,down
WBGene00017734,2,0.7,GenX,0.068009889,0.897288341,False,up
WBGene00018984,2,1.0,GenX,-0.067988577,0.897288341,False,down
WBGene00022613,2,1.0,GenX,0.047512772,0.897475489,False,up
WBGene00006429,2,0.9666666666666667,GenX,0.300710588,0.897497195,False,up
WBGene00303030,2,1.0,GenX,0.116860361,0.897497195,False,up
WBGene00015322,2,1.0,GenX,0.097778703,0.897497195,False,up
WBGene00012803,2,0.9666666666666667,GenX,0.07205065,0.897497195,False,up
WBGene00022459,2,1.0,GenX,0.036634277,0.897497195,False,up
WBGene00007975,2,1.0,GenX,-0.058481421,0.897497195,False,down
WBGene00019221,2,1.0,GenX,-0.062585748,0.897497195,False,down
WBGene00016145,2,1.0,GenX,-0.064743603,0.897497195,False,down
WBGene00006681,2,0.9666666666666667,GenX,-0.069016791,0.897497195,False,down
WBGene00018911,2,1.0,GenX,-0.137047628,0.897497195,False,down
WBGene00011503,2,0.9666666666666667,GenX,0.054420674,0.898405959,False,up
WBGene00006519,2,0.9666666666666667,GenX,-0.050261505,0.898405959,False,down
WBGene00018187,2,1.0,GenX,-0.039505406,0.898477035,False,down
WBGene00021061,2,1.0,GenX,-0.057466039,0.898477035,False,down
WBGene00015189,2,0.9666666666666667,GenX,-0.105046625,0.898477035,False,down
WBGene00001910,2,0.5333333333333333,GenX,0.083169613,0.89878589,False,up
WBGene00000935,2,0.9666666666666667,GenX,-0.135975503,0.89878589,False,down
WBGene00022170,2,1.0,GenX,-0.04491901,0.898796156,False,down
WBGene00022534,2,1.0,GenX,-0.080746121,0.898804086,False,down
WBGene00010436,2,1.0,GenX,-0.11597507,0.898933752,False,down
WBGene00004684,2,1.0,GenX,-0.035497959,0.899467371,False,down
WBGene00009563,2,0.9666666666666667,GenX,-0.063374257,0.899467371,False,down
WBGene00011193,2,1.0,GenX,0.077529692,0.899620882,False,up
WBGene00008331,2,1.0,GenX,0.0441852,0.900361606,False,up
WBGene00016960,2,1.0,GenX,-0.05466611,0.900361606,False,down
WBGene00007236,2,1.0,GenX,0.071132606,0.901174141,False,up
WBGene00017742,2,0.9,GenX,-0.088415534,0.901174141,False,down
WBGene00012393,2,1.0,GenX,0.063363004,0.901476405,False,up
WBGene00020451,2,0.9666666666666667,GenX,-0.073860969,0.901476405,False,down
WBGene00219275,2,0.9666666666666667,GenX,0.103790085,0.901547864,False,up
WBGene00011507,2,1.0,GenX,-0.028919636,0.901547864,False,down
WBGene00022193,2,1.0,GenX,-0.048904632,0.901547864,False,down
WBGene00015017,2,0.9666666666666667,GenX,-0.055196425,0.901547864,False,down
WBGene00016495,2,0.5666666666666667,GenX,-0.064287067,0.901547864,False,down
WBGene00000835,2,0.9666666666666667,GenX,0.097018548,0.902298817,False,up
WBGene00004929,2,1.0,GenX,-0.040654279,0.902298817,False,down
WBGene00010338,2,0.8333333333333334,GenX,-0.060808571,0.902298817,False,down
WBGene00001239,2,0.9333333333333333,GenX,-0.048057296,0.902649098,False,down
WBGene00016624,2,1.0,GenX,-0.059583469,0.903375884,False,down
WBGene00008140,2,0.9333333333333333,GenX,0.052134536,0.903727761,False,up
WBGene00010077,2,1.0,GenX,-0.088738423,0.903727761,False,down
WBGene00020942,2,1.0,GenX,-0.060206019,0.903807421,False,down
WBGene00007966,2,1.0,GenX,0.073317254,0.903973292,False,up
WBGene00020125,2,0.9666666666666667,GenX,-0.080803354,0.903973292,False,down
WBGene00010109,2,1.0,GenX,0.084840078,0.904101993,False,up
WBGene00010749,2,0.7,GenX,0.070697939,0.904101993,False,up
WBGene00000829,2,1.0,GenX,0.056136386,0.904101993,False,up
WBGene00018974,2,1.0,GenX,0.043041942,0.904101993,False,up
WBGene00020246,2,0.9666666666666667,GenX,-0.033019623,0.904101993,False,down
WBGene00019061,2,1.0,GenX,-0.041492134,0.904101993,False,down
WBGene00006364,2,1.0,GenX,-0.049524967,0.904101993,False,down
WBGene00006788,2,1.0,GenX,-0.054032433,0.904101993,False,down
WBGene00044723,2,1.0,GenX,-0.13719744,0.904101993,False,down
WBGene00022800,2,1.0,GenX,-0.042595067,0.904208224,False,down
WBGene00020264,2,1.0,GenX,0.036990448,0.904812282,False,up
WBGene00017909,2,1.0,GenX,-0.122566209,0.904969503,False,down
WBGene00009064,2,1.0,GenX,0.039438541,0.905484288,False,up
WBGene00009712,2,1.0,GenX,-0.033962967,0.905485287,False,down
WBGene00000917,2,0.8,GenX,-0.052000062,0.905662008,False,down
WBGene00006699,2,0.9,GenX,-0.059511329,0.905703374,False,down
WBGene00010416,2,1.0,GenX,0.036251672,0.906789398,False,up
WBGene00000812,2,1.0,GenX,0.038501323,0.906986974,False,up
WBGene00013096,2,1.0,GenX,-0.052614144,0.906986974,False,down
WBGene00011006,2,1.0,GenX,0.058207449,0.907041433,False,up
WBGene00012354,2,1.0,GenX,-0.031267857,0.907041433,False,down
WBGene00016623,2,0.7,GenX,-0.079700049,0.907041433,False,down
WBGene00020933,2,1.0,GenX,0.047723244,0.907155822,False,up
WBGene00018634,2,1.0,GenX,-0.068854401,0.907155822,False,down
WBGene00018016,2,0.9666666666666667,GenX,-0.077635842,0.907155822,False,down
WBGene00022887,2,0.9,GenX,-0.104461923,0.907155822,False,down
WBGene00011870,2,1.0,GenX,-0.111005006,0.907584526,False,down
WBGene00001412,2,1.0,GenX,-0.045969099,0.907692654,False,down
WBGene00010698,2,0.9666666666666667,GenX,0.342834982,0.907840527,False,up
WBGene00008212,2,1.0,GenX,0.161513052,0.907840527,False,up
WBGene00019017,2,1.0,GenX,0.075910801,0.907840527,False,up
WBGene00011045,2,0.8666666666666667,GenX,0.047816541,0.907840527,False,up
WBGene00001836,2,1.0,GenX,0.037897176,0.907840527,False,up
WBGene00021765,2,1.0,GenX,-0.036210747,0.907840527,False,down
WBGene00018218,2,1.0,GenX,-0.047694072,0.907840527,False,down
WBGene00018831,2,1.0,GenX,-0.062975967,0.907840527,False,down
WBGene00013561,2,1.0,GenX,-0.06505096,0.907840527,False,down
WBGene00007266,2,0.6666666666666666,GenX,-0.066724253,0.907840527,False,down
WBGene00000514,2,0.5333333333333333,GenX,-0.069970354,0.907840527,False,down
WBGene00017449,2,0.9333333333333333,GenX,-0.086094088,0.907840527,False,down
WBGene00022351,2,1.0,GenX,-0.066760215,0.908150948,False,down
WBGene00006946,2,1.0,GenX,0.065869158,0.909505682,False,up
WBGene00022836,2,1.0,GenX,0.046464571,0.909683949,False,up
WBGene00020417,2,1.0,GenX,-0.039283116,0.909733745,False,down
WBGene00020054,2,1.0,GenX,0.072949562,0.91012714,False,up
WBGene00017842,2,1.0,GenX,-0.097942701,0.91012714,False,down
WBGene00018704,2,0.9,GenX,0.071618773,0.910505882,False,up
WBGene00009514,2,1.0,GenX,-0.06483226,0.910505882,False,down
WBGene00019823,2,0.9,GenX,-0.082344137,0.910505882,False,down
WBGene00012032,2,0.9,GenX,-0.348154244,0.910505882,False,down
WBGene00010699,2,1.0,GenX,0.076692145,0.910737481,False,up
WBGene00004256,2,1.0,GenX,0.064863461,0.910737481,False,up
WBGene00015407,2,1.0,GenX,0.063569639,0.910737481,False,up
WBGene00009011,2,1.0,GenX,0.054438993,0.910737481,False,up
WBGene00020662,2,1.0,GenX,0.048802331,0.910737481,False,up
WBGene00010959,2,0.9,GenX,0.048394501,0.910737481,False,up
WBGene00006442,2,1.0,GenX,0.047374404,0.910737481,False,up
WBGene00001056,2,1.0,GenX,0.046784463,0.910737481,False,up
WBGene00001980,2,1.0,GenX,0.038150421,0.910737481,False,up
WBGene00018703,2,1.0,GenX,0.035995465,0.910737481,False,up
WBGene00011268,2,1.0,GenX,-0.046789931,0.910737481,False,down
WBGene00021421,2,1.0,GenX,-0.048815955,0.910737481,False,down
WBGene00006567,2,1.0,GenX,-0.058986338,0.910737481,False,down
WBGene00022569,2,1.0,GenX,-0.063724108,0.910737481,False,down
WBGene00018935,2,0.9666666666666667,GenX,-0.044977951,0.911542255,False,down
WBGene00021452,2,1.0,GenX,0.125071236,0.911745436,False,up
WBGene00004854,2,1.0,GenX,0.046919322,0.911745436,False,up
WBGene00022629,2,1.0,GenX,-0.062970902,0.911745436,False,down
WBGene00045050,2,1.0,GenX,-0.117947267,0.912110661,False,down
WBGene00010397,2,1.0,GenX,0.063263785,0.912591933,False,up
WBGene00004905,2,0.9666666666666667,GenX,0.041623821,0.912591933,False,up
WBGene00022281,2,1.0,GenX,0.075736886,0.912615481,False,up
WBGene00001082,2,1.0,GenX,-0.036404558,0.912701069,False,down
WBGene00017900,2,0.9,GenX,-0.043614406,0.912701069,False,down
WBGene00020692,2,1.0,GenX,-0.083093152,0.913371628,False,down
WBGene00012951,2,1.0,GenX,-0.050890312,0.913734104,False,down
WBGene00013029,2,1.0,GenX,0.066620457,0.913984263,False,up
WBGene00020275,2,1.0,GenX,-0.036956744,0.91449912,False,down
WBGene00007766,2,1.0,GenX,-0.114093953,0.91449912,False,down
WBGene00000846,2,1.0,GenX,-0.051286023,0.914643203,False,down
WBGene00008400,2,1.0,GenX,-0.048568634,0.915729064,False,down
WBGene00010925,2,1.0,GenX,-0.07199261,0.915729064,False,down
WBGene00010908,2,0.8666666666666667,GenX,-0.035567817,0.915871413,False,down
WBGene00010140,2,1.0,GenX,-0.08625653,0.915871413,False,down
WBGene00206418,2,1.0,GenX,-0.095600419,0.915871413,False,down
WBGene00018142,2,0.9666666666666667,GenX,-0.14825716,0.915871413,False,down
WBGene00006933,2,1.0,GenX,-0.035342273,0.916322379,False,down
WBGene00007388,2,1.0,GenX,0.064347373,0.917103328,False,up
WBGene00016725,2,1.0,GenX,0.058808833,0.917103328,False,up
WBGene00011047,2,1.0,GenX,0.05716898,0.917173218,False,up
WBGene00016735,2,1.0,GenX,0.044167507,0.917173218,False,up
WBGene00019754,2,1.0,GenX,0.202139921,0.917773298,False,up
WBGene00044008,2,0.7,GenX,-0.051426376,0.917773298,False,down
WBGene00003375,2,0.5666666666666667,GenX,-0.052046453,0.917773298,False,down
WBGene00013352,2,0.9666666666666667,GenX,0.054464998,0.918333687,False,up
WBGene00009307,2,1.0,GenX,-0.031055706,0.918449738,False,down
WBGene00007136,2,0.9333333333333333,GenX,-0.102676651,0.918449738,False,down
WBGene00020480,2,1.0,GenX,-0.079477657,0.918671545,False,down
WBGene00013188,2,0.7,GenX,0.065132673,0.918806544,False,up
WBGene00008979,2,0.6,GenX,0.045849252,0.918806544,False,up
WBGene00004679,2,1.0,GenX,0.038482223,0.918806544,False,up
WBGene00006520,2,1.0,GenX,0.063551843,0.919116738,False,up
WBGene00001843,2,1.0,GenX,0.070833664,0.919145735,False,up
WBGene00003592,2,1.0,GenX,-0.043281059,0.919246706,False,down
WBGene00020294,2,0.9666666666666667,GenX,0.04901585,0.919345252,False,up
WBGene00002783,2,1.0,GenX,-0.067828833,0.919345252,False,down
WBGene00011081,2,0.8666666666666667,GenX,-0.092200688,0.919553964,False,down
WBGene00003479,2,1.0,GenX,0.044635273,0.91987873,False,up
WBGene00015206,2,1.0,GenX,0.041359517,0.91987873,False,up
WBGene00000994,2,1.0,GenX,-0.064624142,0.91987873,False,down
WBGene00002138,2,0.8,GenX,-0.052658767,0.920633214,False,down
WBGene00012188,2,1.0,GenX,-0.05364198,0.920633214,False,down
WBGene00019373,2,0.9333333333333333,GenX,-0.063890777,0.920633214,False,down
WBGene00011768,2,0.9666666666666667,GenX,-0.092295153,0.920633214,False,down
WBGene00004314,2,0.9666666666666667,GenX,0.037497619,0.920693836,False,up
WBGene00019767,2,1.0,GenX,-0.039308754,0.920693836,False,down
WBGene00013436,2,1.0,GenX,-0.058063819,0.920693836,False,down
WBGene00015248,2,1.0,GenX,-0.051393559,0.920794404,False,down
WBGene00007386,2,0.9333333333333333,GenX,0.048550543,0.921048504,False,up
WBGene00017011,2,1.0,GenX,-0.053405659,0.921048504,False,down
WBGene00018624,2,0.9666666666666667,GenX,0.133669701,0.921239323,False,up
WBGene00003001,2,0.9,GenX,0.066301626,0.921239323,False,up
WBGene00009915,2,0.9666666666666667,GenX,0.047280622,0.921239323,False,up
WBGene00001596,2,1.0,GenX,-0.03677404,0.921239323,False,down
WBGene00003924,2,0.6666666666666666,GenX,-0.045628462,0.921239323,False,down
WBGene00021311,2,1.0,GenX,-0.051999561,0.921239323,False,down
WBGene00000105,2,0.6,GenX,-0.054952572,0.921239323,False,down
WBGene00018785,2,1.0,GenX,-0.055482859,0.921239323,False,down
WBGene00000214,2,1.0,GenX,-0.073920237,0.921239323,False,down
WBGene00020181,2,1.0,GenX,-0.038987211,0.922190164,False,down
WBGene00008740,2,1.0,GenX,-0.098449812,0.922526236,False,down
WBGene00009565,2,1.0,GenX,-0.052784917,0.923659217,False,down
WBGene00021355,2,0.9333333333333333,GenX,0.036989214,0.923846679,False,up
WBGene00021519,2,0.9666666666666667,GenX,0.126490467,0.924253541,False,up
WBGene00020222,2,0.9333333333333333,GenX,0.062479081,0.924348305,False,up
WBGene00017837,2,1.0,GenX,0.045055003,0.924563404,False,up
WBGene00019609,2,1.0,GenX,0.057916057,0.925987022,False,up
WBGene00016182,2,1.0,GenX,-0.063811878,0.925987022,False,down
WBGene00022029,2,1.0,GenX,0.099317699,0.926346424,False,up
WBGene00018599,2,1.0,GenX,0.037937884,0.926346424,False,up
WBGene00012359,2,1.0,GenX,0.031456601,0.926346424,False,up
WBGene00006433,2,1.0,GenX,0.030858869,0.926346424,False,up
WBGene00003052,2,1.0,GenX,0.030658339,0.926346424,False,up
WBGene00016202,2,1.0,GenX,-0.033106796,0.926346424,False,down
WBGene00302991,2,0.9333333333333333,GenX,-0.149662343,0.926346424,False,down
WBGene00006896,2,0.9333333333333333,GenX,0.044383461,0.926397505,False,up
WBGene00017687,2,1.0,GenX,0.059822848,0.926625944,False,up
WBGene00014139,2,1.0,GenX,-0.039776357,0.926625944,False,down
WBGene00010231,2,1.0,GenX,0.076185884,0.927570149,False,up
WBGene00008456,2,0.9666666666666667,GenX,0.06376223,0.927570149,False,up
WBGene00018576,2,1.0,GenX,0.061526205,0.927570149,False,up
WBGene00016143,2,1.0,GenX,-0.044243145,0.927570149,False,down
WBGene00009117,2,0.6,GenX,-0.236557901,0.927570149,False,down
WBGene00006810,2,0.9333333333333333,GenX,0.047298237,0.928432701,False,up
WBGene00015308,2,1.0,GenX,-0.050367956,0.928432701,False,down
WBGene00017159,2,0.9666666666666667,GenX,-0.056764269,0.928432701,False,down
WBGene00006887,2,0.9333333333333333,GenX,0.047930927,0.928945657,False,up
WBGene00011735,2,1.0,GenX,0.037540894,0.928945657,False,up
WBGene00001631,2,1.0,GenX,-0.04370383,0.928945657,False,down
WBGene00007256,2,0.9333333333333333,GenX,0.034367654,0.92947002,False,up
WBGene00022368,2,1.0,GenX,-0.054683755,0.929803808,False,down
WBGene00012337,2,0.9666666666666667,GenX,0.054454771,0.929921096,False,up
WBGene00009113,2,1.0,GenX,0.069469816,0.929975076,False,up
WBGene00021685,2,1.0,GenX,-0.04110105,0.929975076,False,down
WBGene00003220,2,1.0,GenX,-0.037899016,0.930580196,False,down
WBGene00018794,2,1.0,GenX,-0.043289278,0.930599584,False,down
WBGene00018877,2,1.0,GenX,0.133463997,0.930708421,False,up
WBGene00000266,2,0.9666666666666667,GenX,0.031000672,0.930861687,False,up
WBGene00000889,2,1.0,GenX,-0.032963375,0.930950094,False,down
WBGene00002058,2,0.9666666666666667,GenX,-0.075289633,0.931109407,False,down
WBGene00013544,2,1.0,GenX,0.068828106,0.931423336,False,up
WBGene00007106,2,0.6,GenX,0.052064343,0.931423336,False,up
WBGene00016134,2,1.0,GenX,0.041196365,0.931423336,False,up
WBGene00022300,2,1.0,GenX,0.040522082,0.931423336,False,up
WBGene00021856,2,1.0,GenX,-0.039498206,0.931423336,False,down
WBGene00013550,2,0.9333333333333333,GenX,-0.040143415,0.931423336,False,down
WBGene00010083,2,1.0,GenX,-0.056521141,0.931423336,False,down
WBGene00016325,2,0.9,GenX,-0.063897882,0.931423336,False,down
WBGene00003579,2,1.0,GenX,-0.067871699,0.931423336,False,down
WBGene00011576,2,1.0,GenX,-0.085916368,0.931423336,False,down
WBGene00017084,2,1.0,GenX,0.052493776,0.932765125,False,up
WBGene00012802,2,1.0,GenX,-0.071599144,0.932765125,False,down
WBGene00007728,2,1.0,GenX,-0.105252982,0.932765125,False,down
WBGene00015865,2,1.0,GenX,0.100884092,0.93302783,False,up
WBGene00010960,2,0.9666666666666667,GenX,0.051963441,0.93302783,False,up
WBGene00006698,2,1.0,GenX,0.047716852,0.93302783,False,up
WBGene00011280,2,1.0,GenX,0.045723874,0.93302783,False,up
WBGene00007100,2,1.0,GenX,0.043015511,0.93302783,False,up
WBGene00022348,2,1.0,GenX,0.040310601,0.93302783,False,up
WBGene00016989,2,1.0,GenX,0.039543817,0.93302783,False,up
WBGene00013677,2,1.0,GenX,0.038406006,0.93302783,False,up
WBGene00007027,2,0.9333333333333333,GenX,0.028015746,0.93302783,False,up
WBGene00007918,2,1.0,GenX,-0.041526171,0.93302783,False,down
WBGene00006062,2,1.0,GenX,-0.048166625,0.93302783,False,down
WBGene00043064,2,1.0,GenX,-0.05713463,0.93302783,False,down
WBGene00007687,2,1.0,GenX,-0.078836142,0.93302783,False,down
WBGene00018342,2,1.0,GenX,-0.081931164,0.93302783,False,down
WBGene00008565,2,1.0,GenX,-0.17160187,0.93302783,False,down
WBGene00020403,2,0.9666666666666667,GenX,-0.037405111,0.933083471,False,down
WBGene00009739,2,1.0,GenX,-0.038957765,0.933083471,False,down
WBGene00014035,2,0.9666666666666667,GenX,-0.071079877,0.933497315,False,down
WBGene00000203,2,1.0,GenX,0.035372705,0.93382581,False,up
WBGene00003663,2,1.0,GenX,0.15007146,0.934100379,False,up
WBGene00011368,2,1.0,GenX,-0.05283302,0.934146706,False,down
WBGene00020130,2,1.0,GenX,0.074270264,0.93415142,False,up
WBGene00015150,2,1.0,GenX,0.072622633,0.93415142,False,up
WBGene00021736,2,1.0,GenX,0.054312212,0.93415142,False,up
WBGene00006595,2,1.0,GenX,0.041165162,0.93415142,False,up
WBGene00012037,2,1.0,GenX,-0.044337249,0.93415142,False,down
WBGene00004361,2,0.7666666666666667,GenX,-0.046786777,0.93415142,False,down
WBGene00013819,2,0.9666666666666667,GenX,-0.093697256,0.93415142,False,down
WBGene00010442,2,0.8666666666666667,GenX,0.164714118,0.934154484,False,up
WBGene00020765,2,1.0,GenX,0.05292166,0.934196891,False,up
WBGene00016981,2,1.0,GenX,-0.040252839,0.934610738,False,down
WBGene00022269,2,1.0,GenX,-0.053486394,0.934682763,False,down
WBGene00019673,2,1.0,GenX,-0.04610618,0.934767917,False,down
WBGene00001102,2,1.0,GenX,-0.064481269,0.934767917,False,down
WBGene00008598,2,1.0,GenX,0.123723936,0.934878863,False,up
WBGene00013667,2,1.0,GenX,-0.031522277,0.934878863,False,down
WBGene00011339,2,0.5333333333333333,GenX,-0.170710412,0.934878863,False,down
WBGene00003729,2,0.9666666666666667,GenX,0.078315176,0.934895413,False,up
WBGene00010626,2,0.9333333333333333,GenX,0.034962675,0.934895413,False,up
WBGene00007449,2,1.0,GenX,-0.184870325,0.934895413,False,down
WBGene00000246,2,1.0,GenX,-0.065525942,0.935548108,False,down
WBGene00003559,2,0.9666666666666667,GenX,-0.043072346,0.935738885,False,down
WBGene00018520,2,0.9666666666666667,GenX,0.030843667,0.935821935,False,up
WBGene00001155,2,1.0,GenX,-0.115365809,0.935833697,False,down
WBGene00020500,2,1.0,GenX,-0.043318641,0.935884834,False,down
WBGene00010758,2,0.9333333333333333,GenX,0.053333359,0.936257825,False,up
WBGene00013920,2,1.0,GenX,0.043140172,0.936257825,False,up
WBGene00009793,2,1.0,GenX,0.038092555,0.936257825,False,up
WBGene00001236,2,1.0,GenX,0.030902653,0.936257825,False,up
WBGene00006769,2,1.0,GenX,-0.028023996,0.936257825,False,down
WBGene00001865,2,0.9666666666666667,GenX,-0.044190399,0.936257825,False,down
WBGene00008687,2,0.9666666666666667,GenX,-0.048928126,0.936257825,False,down
WBGene00016192,2,1.0,GenX,-0.062460873,0.936257825,False,down
WBGene00009219,2,1.0,GenX,-0.065653738,0.936257825,False,down
WBGene00016996,2,0.6,GenX,-0.107640476,0.936257825,False,down
WBGene00013725,2,0.9666666666666667,GenX,0.057504859,0.936476862,False,up
WBGene00003007,2,0.9666666666666667,GenX,0.047173205,0.936476862,False,up
WBGene00000161,2,1.0,GenX,0.034634253,0.936978279,False,up
WBGene00006840,2,1.0,GenX,-0.025566784,0.937041882,False,down
WBGene00009665,2,1.0,GenX,0.047060391,0.937122053,False,up
WBGene00010199,2,1.0,GenX,-0.030654303,0.937390469,False,down
WBGene00009059,2,1.0,GenX,0.056908158,0.937458158,False,up
WBGene00016934,2,0.9,GenX,0.051972126,0.937458158,False,up
WBGene00010027,2,1.0,GenX,0.155627325,0.937713866,False,up
WBGene00009977,2,1.0,GenX,0.03813096,0.937713866,False,up
WBGene00022369,2,1.0,GenX,0.025665718,0.937713866,False,up
WBGene00022501,2,0.9666666666666667,GenX,-0.03646889,0.937713866,False,down
WBGene00021024,2,1.0,GenX,-0.038854525,0.937713866,False,down
WBGene00022434,2,0.9333333333333333,GenX,-0.05183962,0.937713866,False,down
WBGene00006729,2,1.0,GenX,-0.057912972,0.937713866,False,down
WBGene00020893,2,1.0,GenX,-0.159777199,0.937713866,False,down
WBGene00016011,2,0.8333333333333334,GenX,-0.053682229,0.937927753,False,down
WBGene00000552,2,1.0,GenX,0.021430649,0.938630483,False,up
WBGene00015092,2,1.0,GenX,-0.037329135,0.938630483,False,down
WBGene00013998,2,0.9666666666666667,GenX,0.046083386,0.939156295,False,up
WBGene00003002,2,1.0,GenX,-0.025628725,0.939156295,False,down
WBGene00003161,2,1.0,GenX,-0.08258153,0.939156295,False,down
WBGene00044638,2,1.0,GenX,-0.127740012,0.939156295,False,down
WBGene00013379,2,0.5333333333333333,GenX,-0.048711246,0.939156416,False,down
WBGene00017741,2,0.9666666666666667,GenX,-0.055628156,0.939156416,False,down
WBGene00000249,2,1.0,GenX,-0.040819813,0.939904412,False,down
WBGene00077679,2,0.9666666666666667,GenX,0.140175568,0.940453175,False,up
WBGene00009294,2,1.0,GenX,-0.046537606,0.940453175,False,down
WBGene00000462,2,1.0,GenX,-0.053331635,0.940554733,False,down
WBGene00021502,2,1.0,GenX,0.055744146,0.941092853,False,up
WBGene00018013,2,1.0,GenX,-0.046123905,0.941092853,False,down
WBGene00020193,2,1.0,GenX,-0.081402808,0.941092853,False,down
WBGene00008386,2,1.0,GenX,0.029880877,0.941129429,False,up
WBGene00022150,2,1.0,GenX,0.030373583,0.942448502,False,up
WBGene00015105,2,1.0,GenX,-0.064985048,0.942448502,False,down
WBGene00015984,2,1.0,GenX,-0.070289217,0.942448502,False,down
WBGene00010279,2,0.9666666666666667,GenX,0.030910565,0.942515211,False,up
WBGene00043057,2,1.0,GenX,0.044788417,0.942746267,False,up
WBGene00008369,2,1.0,GenX,-0.0618179,0.942746267,False,down
WBGene00017082,2,0.9666666666666667,GenX,0.051714335,0.943062256,False,up
WBGene00001253,2,0.9666666666666667,GenX,-0.035833157,0.943224427,False,down
WBGene00001776,2,0.9333333333333333,GenX,-0.095899221,0.943224427,False,down
WBGene00007483,2,1.0,GenX,-0.09176459,0.943982539,False,down
WBGene00000417,2,1.0,GenX,0.076856223,0.945229828,False,up
WBGene00255600,2,1.0,GenX,0.074315404,0.945272136,False,up
WBGene00021870,2,1.0,GenX,0.0790477,0.945667281,False,up
WBGene00014227,2,1.0,GenX,0.043246632,0.945667281,False,up
WBGene00000410,2,0.9333333333333333,GenX,0.032790038,0.945667281,False,up
WBGene00012730,2,1.0,GenX,0.027337017,0.945667281,False,up
WBGene00010497,2,0.9666666666666667,GenX,-0.050653706,0.945667281,False,down
WBGene00021282,2,1.0,GenX,-0.076767913,0.945667281,False,down
WBGene00017796,2,1.0,GenX,-0.057216594,0.945925517,False,down
WBGene00011890,2,1.0,GenX,0.039065755,0.946087356,False,up
WBGene00019074,2,0.9333333333333333,GenX,0.030976662,0.946087356,False,up
WBGene00011490,2,1.0,GenX,-0.049567625,0.946087356,False,down
WBGene00010879,2,0.9333333333333333,GenX,-0.058887598,0.946087356,False,down
WBGene00020967,2,0.9666666666666667,GenX,-0.078418827,0.946087356,False,down
WBGene00194642,2,1.0,GenX,-0.079969828,0.946087356,False,down
WBGene00017301,2,0.7,GenX,-0.093866423,0.946087356,False,down
WBGene00012369,2,1.0,GenX,0.029476492,0.946091619,False,up
WBGene00015283,2,0.9666666666666667,GenX,0.028972161,0.946091619,False,up
WBGene00018395,2,1.0,GenX,-0.019992818,0.946091619,False,down
WBGene00003578,2,1.0,GenX,-0.038343145,0.946091619,False,down
WBGene00021391,2,0.9666666666666667,GenX,0.04562888,0.946704551,False,up
WBGene00044651,2,1.0,GenX,-0.042929797,0.946704551,False,down
WBGene00013094,2,0.9666666666666667,GenX,0.027276418,0.947047975,False,up
WBGene00016387,2,1.0,GenX,0.091473926,0.94709174,False,up
WBGene00013433,2,1.0,GenX,0.069745349,0.94709174,False,up
WBGene00011123,2,1.0,GenX,0.05464936,0.94709174,False,up
WBGene00011055,2,0.9666666666666667,GenX,0.049600843,0.94709174,False,up
WBGene00016060,2,0.8666666666666667,GenX,-0.02787172,0.94709174,False,down
WBGene00004471,2,1.0,GenX,-0.029920124,0.94709174,False,down
WBGene00003594,2,1.0,GenX,-0.030149474,0.94709174,False,down
WBGene00015810,2,1.0,GenX,-0.031830422,0.94709174,False,down
WBGene00023491,2,0.9666666666666667,GenX,-0.04127147,0.94709174,False,down
WBGene00012253,2,1.0,GenX,-0.078517405,0.94709174,False,down
WBGene00011164,2,1.0,GenX,-0.103410133,0.94709174,False,down
WBGene00015413,2,1.0,GenX,0.032197539,0.947162389,False,up
WBGene00022645,2,1.0,GenX,-0.207777713,0.947193399,False,down
WBGene00022031,2,1.0,GenX,0.040907593,0.94725005,False,up
WBGene00018565,2,0.9333333333333333,GenX,0.133253559,0.947385374,False,up
WBGene00017194,2,1.0,GenX,0.090079877,0.947385374,False,up
WBGene00018193,2,0.9666666666666667,GenX,0.040915683,0.947385374,False,up
WBGene00006713,2,1.0,GenX,0.040184029,0.947385374,False,up
WBGene00008767,2,1.0,GenX,-0.034787659,0.947385374,False,down
WBGene00004245,2,1.0,GenX,-0.036251406,0.947385374,False,down
WBGene00006589,2,1.0,GenX,-0.068336341,0.947385374,False,down
WBGene00018157,2,0.9666666666666667,GenX,-0.104123103,0.947385374,False,down
WBGene00021146,2,1.0,GenX,0.037180167,0.94740071,False,up
WBGene00013354,2,1.0,GenX,-0.029836514,0.94740071,False,down
WBGene00012559,2,1.0,GenX,0.038470504,0.948042749,False,up
WBGene00020831,2,1.0,GenX,0.031532368,0.948042749,False,up
WBGene00044483,2,0.9666666666666667,GenX,-0.05340499,0.948042749,False,down
WBGene00015389,2,1.0,GenX,0.034845892,0.948252159,False,up
WBGene00016601,2,1.0,GenX,-0.029348086,0.948357032,False,down
WBGene00016030,2,0.9666666666666667,GenX,-0.029795003,0.948357032,False,down
WBGene00018964,2,1.0,GenX,-0.059162712,0.948357032,False,down
WBGene00045192,2,1.0,GenX,0.028885438,0.948398545,False,up
WBGene00016758,2,1.0,GenX,0.052406488,0.948404848,False,up
WBGene00022100,2,1.0,GenX,0.034012498,0.948404848,False,up
WBGene00013676,2,1.0,GenX,-0.030271249,0.948404848,False,down
WBGene00004367,2,1.0,GenX,-0.030404974,0.948404848,False,down
WBGene00000391,2,0.6666666666666666,GenX,-0.043630249,0.948404848,False,down
WBGene00001853,2,1.0,GenX,-0.052186176,0.948404848,False,down
WBGene00012888,2,1.0,GenX,-0.057526895,0.948404848,False,down
WBGene00001805,2,0.9333333333333333,GenX,-0.107795424,0.948404848,False,down
WBGene00006690,2,1.0,GenX,0.06252667,0.948566524,False,up
WBGene00003793,2,1.0,GenX,-0.025674051,0.948677142,False,down
WBGene00000187,2,1.0,GenX,0.034009648,0.949605021,False,up
WBGene00009987,2,1.0,GenX,-0.033218906,0.949605021,False,down
WBGene00011828,2,1.0,GenX,-0.029790797,0.949811442,False,down
WBGene00015632,2,1.0,GenX,-0.051339567,0.949811442,False,down
WBGene00019346,2,1.0,GenX,0.063273769,0.94982935,False,up
WBGene00022213,2,1.0,GenX,0.120860722,0.951263233,False,up
WBGene00017362,2,1.0,GenX,0.038100826,0.951263233,False,up
WBGene00021539,2,1.0,GenX,-0.027172083,0.95126538,False,down
WBGene00006443,2,0.9666666666666667,GenX,-0.029706844,0.95126538,False,down
WBGene00012226,2,1.0,GenX,-0.03167622,0.951837462,False,down
WBGene00013123,2,1.0,GenX,-0.032355495,0.952304261,False,down
WBGene00018814,2,1.0,GenX,-0.052490548,0.952543129,False,down
WBGene00007500,2,1.0,GenX,-0.047200035,0.952773436,False,down
WBGene00015789,2,1.0,GenX,0.047591205,0.952814569,False,up
WBGene00017000,2,1.0,GenX,0.080355528,0.953386715,False,up
WBGene00044107,2,1.0,GenX,0.082462425,0.953773897,False,up
WBGene00011747,2,0.9666666666666667,GenX,-0.027937028,0.953773897,False,down
WBGene00001860,2,1.0,GenX,0.024307867,0.953887385,False,up
WBGene00008978,2,0.9,GenX,0.065328638,0.953942973,False,up
WBGene00017916,2,1.0,GenX,-0.055700405,0.953942973,False,down
WBGene00000772,2,0.9333333333333333,GenX,-0.094441413,0.953942973,False,down
WBGene00013768,2,1.0,GenX,-0.039036085,0.954241594,False,down
WBGene00007710,2,1.0,GenX,-0.077355337,0.954241594,False,down
WBGene00008318,2,1.0,GenX,-0.059754421,0.954408696,False,down
WBGene00022499,2,1.0,GenX,-0.028150346,0.955173445,False,down
WBGene00012858,2,1.0,GenX,-0.047267686,0.955173445,False,down
WBGene00022776,2,1.0,GenX,-0.032417533,0.955943835,False,down
WBGene00219322,2,1.0,GenX,0.11578935,0.956218241,False,up
WBGene00020894,2,1.0,GenX,0.080334845,0.956218241,False,up
WBGene00016069,2,1.0,GenX,0.077405472,0.956218241,False,up
WBGene00000523,2,0.9666666666666667,GenX,0.049910766,0.956218241,False,up
WBGene00017087,2,1.0,GenX,0.049631795,0.956218241,False,up
WBGene00007974,2,1.0,GenX,0.040608727,0.956218241,False,up
WBGene00008683,2,0.9666666666666667,GenX,0.033330034,0.956218241,False,up
WBGene00022794,2,1.0,GenX,0.03177809,0.956218241,False,up
WBGene00021363,2,1.0,GenX,0.03095466,0.956218241,False,up
WBGene00008219,2,0.9666666666666667,GenX,0.029692297,0.956218241,False,up
WBGene00011502,2,0.9,GenX,-0.02670668,0.956218241,False,down
WBGene00022195,2,1.0,GenX,-0.028737163,0.956218241,False,down
WBGene00016722,2,0.9666666666666667,GenX,-0.033743402,0.956218241,False,down
WBGene00009744,2,1.0,GenX,-0.03398156,0.956218241,False,down
WBGene00018006,2,1.0,GenX,-0.034449197,0.956218241,False,down
WBGene00000231,2,1.0,GenX,-0.034944788,0.956218241,False,down
WBGene00011589,2,1.0,GenX,-0.035738732,0.956218241,False,down
WBGene00003164,2,1.0,GenX,-0.037836945,0.956218241,False,down
WBGene00044026,2,0.9666666666666667,GenX,-0.041657803,0.956218241,False,down
WBGene00018779,2,1.0,GenX,-0.043929099,0.956218241,False,down
WBGene00008408,2,1.0,GenX,-0.046105786,0.956218241,False,down
WBGene00006721,2,1.0,GenX,-0.059052182,0.956218241,False,down
WBGene00271715,2,1.0,GenX,-0.078524208,0.956218241,False,down
WBGene00022236,2,1.0,GenX,-0.101980067,0.956218241,False,down
WBGene00008164,2,0.9,GenX,0.041986588,0.956842346,False,up
WBGene00005663,2,0.8666666666666667,GenX,0.028132275,0.956856437,False,up
WBGene00021914,2,1.0,GenX,-0.032374036,0.956856437,False,down
WBGene00017758,2,1.0,GenX,-0.038156098,0.956856437,False,down
WBGene00011205,2,0.5666666666666667,GenX,-0.045172792,0.956856437,False,down
WBGene00009440,2,1.0,GenX,0.01958286,0.956943833,False,up
WBGene00013463,2,0.9666666666666667,GenX,-0.022357604,0.956943833,False,down
WBGene00014186,2,0.9333333333333333,GenX,-0.079963702,0.956943833,False,down
WBGene00020064,2,0.5666666666666667,GenX,-0.112746946,0.956943833,False,down
WBGene00045272,2,0.9666666666666667,GenX,-0.067280386,0.957224844,False,down
WBGene00011109,2,1.0,GenX,0.040207632,0.957235723,False,up
WBGene00077643,2,0.9666666666666667,GenX,-0.029110869,0.95734558,False,down
WBGene00002032,2,1.0,GenX,-0.070226379,0.95734558,False,down
WBGene00008316,2,1.0,GenX,-0.066553001,0.958442599,False,down
WBGene00017608,2,0.9666666666666667,GenX,0.026336069,0.959465661,False,up
WBGene00000067,2,1.0,GenX,-0.046743836,0.95971245,False,down
WBGene00012694,2,1.0,GenX,0.027673842,0.959715091,False,up
WBGene00019943,2,0.9666666666666667,GenX,-0.033300048,0.959715091,False,down
WBGene00009650,2,1.0,GenX,-0.032670894,0.960445232,False,down
WBGene00010419,2,1.0,GenX,0.021726114,0.960463777,False,up
WBGene00007022,2,1.0,GenX,-0.04481219,0.961349361,False,down
WBGene00011111,2,0.7,GenX,-0.028943903,0.961750003,False,down
WBGene00000920,2,1.0,GenX,-0.042947449,0.961763079,False,down
WBGene00011375,2,1.0,GenX,0.027326558,0.962255551,False,up
WBGene00018854,2,1.0,GenX,-0.029768337,0.962350826,False,down
WBGene00004178,2,1.0,GenX,-0.045965183,0.962392464,False,down
WBGene00004087,2,1.0,GenX,-0.02114089,0.962396928,False,down
WBGene00020838,2,1.0,GenX,0.027968815,0.962557904,False,up
WBGene00004893,2,1.0,GenX,0.037005092,0.962571085,False,up
WBGene00006635,2,0.9666666666666667,GenX,0.026252466,0.962571085,False,up
WBGene00006414,2,1.0,GenX,-0.022762283,0.962571085,False,down
WBGene00022703,2,1.0,GenX,-0.028054403,0.962571085,False,down
WBGene00011334,2,0.8666666666666667,GenX,-0.030791427,0.962571085,False,down
WBGene00020883,2,1.0,GenX,-0.044296681,0.962571085,False,down
WBGene00015377,2,1.0,GenX,0.089273167,0.962795227,False,up
WBGene00004339,2,1.0,GenX,-0.049147589,0.963420824,False,down
WBGene00020921,2,1.0,GenX,-0.032236409,0.963560371,False,down
WBGene00003576,2,0.9666666666666667,GenX,0.040391791,0.963923214,False,up
WBGene00015396,2,1.0,GenX,-0.06834504,0.963923214,False,down
WBGene00016166,2,0.9666666666666667,GenX,-0.030760752,0.964598905,False,down
WBGene00013147,2,0.5333333333333333,GenX,0.095798504,0.964760495,False,up
WBGene00007695,2,1.0,GenX,0.036668343,0.964760495,False,up
WBGene00019937,2,1.0,GenX,-0.034567324,0.964760495,False,down
WBGene00012943,2,1.0,GenX,-0.038512351,0.964760495,False,down
WBGene00015937,2,1.0,GenX,-0.112111332,0.965694882,False,down
WBGene00000818,2,1.0,GenX,0.023798617,0.96592189,False,up
WBGene00017594,2,1.0,GenX,-0.088161734,0.96592189,False,down
WBGene00022073,2,1.0,GenX,0.027160727,0.966071131,False,up
WBGene00014203,2,1.0,GenX,-0.041195972,0.966071131,False,down
WBGene00011162,2,1.0,GenX,-0.070783426,0.966071131,False,down
WBGene00019868,2,0.9,GenX,0.060272707,0.96635191,False,up
WBGene00009443,2,1.0,GenX,-0.071889616,0.966439286,False,down
WBGene00007145,2,1.0,GenX,-0.035588389,0.967315852,False,down
WBGene00004824,2,0.9333333333333333,GenX,0.029182078,0.967569814,False,up
WBGene00022277,2,1.0,GenX,0.028048135,0.967610558,False,up
WBGene00000071,2,1.0,GenX,0.039762255,0.967767566,False,up
WBGene00008533,2,1.0,GenX,0.033707988,0.967767566,False,up
WBGene00019163,2,0.7666666666666667,GenX,0.025122045,0.967767566,False,up
WBGene00009246,2,1.0,GenX,0.022658944,0.967767566,False,up
WBGene00013232,2,1.0,GenX,0.021478196,0.967767566,False,up
WBGene00012558,2,1.0,GenX,-0.032972564,0.967767566,False,down
WBGene00018073,2,0.9666666666666667,GenX,-0.050184365,0.967767566,False,down
WBGene00021603,2,0.9666666666666667,GenX,-0.086527768,0.967767566,False,down
WBGene00022360,2,1.0,GenX,-0.024355588,0.968294234,False,down
WBGene00010396,2,1.0,GenX,0.111466156,0.968753383,False,up
WBGene00003818,2,1.0,GenX,0.018026116,0.968753383,False,up
WBGene00001874,2,1.0,GenX,-0.020107625,0.968753383,False,down
WBGene00022297,2,1.0,GenX,-0.033388111,0.968753383,False,down
WBGene00000265,2,1.0,GenX,-0.049669891,0.968753383,False,down
WBGene00004010,2,1.0,GenX,0.022577447,0.968778505,False,up
WBGene00013866,2,0.9666666666666667,GenX,0.080604923,0.968865157,False,up
WBGene00004086,2,1.0,GenX,0.040945853,0.968865157,False,up
WBGene00018719,2,1.0,GenX,0.036712171,0.968865157,False,up
WBGene00016710,2,0.9333333333333333,GenX,0.028257299,0.968865157,False,up
WBGene00010491,2,0.9666666666666667,GenX,-0.040541129,0.968865157,False,down
WBGene00006674,2,1.0,GenX,-0.055917707,0.968865157,False,down
WBGene00009346,2,1.0,GenX,-0.047952022,0.969224752,False,down
WBGene00001147,2,1.0,GenX,0.070276442,0.969938528,False,up
WBGene00021800,2,0.6666666666666666,GenX,0.016651544,0.969938528,False,up
WBGene00008685,2,1.0,GenX,-0.017889548,0.969938528,False,down
WBGene00022128,2,1.0,GenX,-0.020465808,0.969938528,False,down
WBGene00017161,2,1.0,GenX,-0.021570728,0.969938528,False,down
WBGene00015238,2,1.0,GenX,-0.031473463,0.969938528,False,down
WBGene00011376,2,1.0,GenX,-0.044261575,0.969938528,False,down
WBGene00019600,2,1.0,GenX,-0.049011505,0.969938528,False,down
WBGene00008688,2,1.0,GenX,0.038152285,0.970050621,False,up
WBGene00008934,2,0.8666666666666667,GenX,0.034113988,0.970050621,False,up
WBGene00003901,2,1.0,GenX,-0.023488363,0.970050621,False,down
WBGene00019838,2,1.0,GenX,-0.036802755,0.970050621,False,down
WBGene00012675,2,1.0,GenX,-0.042479803,0.970050621,False,down
WBGene00017962,2,1.0,GenX,-0.116850037,0.970050621,False,down
WBGene00000952,2,0.9666666666666667,GenX,0.072147274,0.970085442,False,up
WBGene00008547,2,0.8666666666666667,GenX,0.034771091,0.970085442,False,up
WBGene00010565,2,1.0,GenX,0.02832094,0.970085442,False,up
WBGene00021423,2,0.8333333333333334,GenX,0.022946145,0.970085442,False,up
WBGene00017482,2,0.9666666666666667,GenX,0.022804615,0.970085442,False,up
WBGene00006734,2,1.0,GenX,0.020759333,0.970085442,False,up
WBGene00004167,2,1.0,GenX,0.016607259,0.970085442,False,up
WBGene00008339,2,1.0,GenX,-0.023086487,0.970085442,False,down
WBGene00017046,2,0.9,GenX,-0.023132286,0.970085442,False,down
WBGene00013552,2,1.0,GenX,-0.061140469,0.970085442,False,down
WBGene00009884,2,0.9333333333333333,GenX,-0.066678079,0.970085442,False,down
WBGene00012175,2,0.9333333333333333,GenX,0.115420534,0.970095835,False,up
WBGene00008930,2,1.0,GenX,0.048184406,0.970095835,False,up
WBGene00010044,2,1.0,GenX,0.031076665,0.970095835,False,up
WBGene00010433,2,1.0,GenX,0.028818396,0.970095835,False,up
WBGene00013558,2,0.8666666666666667,GenX,0.023917174,0.970095835,False,up
WBGene00022166,2,1.0,GenX,-0.021571202,0.970095835,False,down
WBGene00003010,2,1.0,GenX,-0.025875407,0.970095835,False,down
WBGene00013443,2,1.0,GenX,-0.042811527,0.970095835,False,down
WBGene00017313,2,1.0,GenX,-0.022590284,0.970186047,False,down
WBGene00002915,2,1.0,GenX,0.028465768,0.970260179,False,up
WBGene00000839,2,0.9666666666666667,GenX,0.017897241,0.970260179,False,up
WBGene00010089,2,1.0,GenX,-0.026260033,0.970260179,False,down
WBGene00010521,2,1.0,GenX,0.066518871,0.970716118,False,up
WBGene00017767,2,1.0,GenX,0.065599991,0.970716118,False,up
WBGene00021109,2,0.9666666666666667,GenX,0.065203538,0.970716118,False,up
WBGene00175035,2,1.0,GenX,0.06202195,0.970716118,False,up
WBGene00021687,2,1.0,GenX,0.04404978,0.970716118,False,up
WBGene00086566,2,1.0,GenX,0.033188009,0.970716118,False,up
WBGene00006389,2,1.0,GenX,0.031399793,0.970716118,False,up
WBGene00021319,2,0.9666666666666667,GenX,0.030701774,0.970716118,False,up
WBGene00019005,2,1.0,GenX,0.030639133,0.970716118,False,up
WBGene00019620,2,1.0,GenX,0.029789959,0.970716118,False,up
WBGene00007704,2,0.9666666666666667,GenX,0.029767407,0.970716118,False,up
WBGene00011637,2,1.0,GenX,0.025408533,0.970716118,False,up
WBGene00009267,2,1.0,GenX,0.025023503,0.970716118,False,up
WBGene00011722,2,1.0,GenX,0.022079029,0.970716118,False,up
WBGene00008081,2,0.9666666666666667,GenX,0.021749195,0.970716118,False,up
WBGene00011867,2,1.0,GenX,0.021694362,0.970716118,False,up
WBGene00003961,2,1.0,GenX,0.020652814,0.970716118,False,up
WBGene00007703,2,1.0,GenX,0.018226259,0.970716118,False,up
WBGene00010676,2,1.0,GenX,0.017872362,0.970716118,False,up
WBGene00007008,2,1.0,GenX,0.016952452,0.970716118,False,up
WBGene00018812,2,0.9666666666666667,GenX,-0.016573799,0.970716118,False,down
WBGene00006747,2,1.0,GenX,-0.017689858,0.970716118,False,down
WBGene00010875,2,1.0,GenX,-0.022154301,0.970716118,False,down
WBGene00015405,2,1.0,GenX,-0.022177487,0.970716118,False,down
WBGene00000143,2,1.0,GenX,-0.024018561,0.970716118,False,down
WBGene00016990,2,0.9,GenX,-0.024189764,0.970716118,False,down
WBGene00010564,2,0.7,GenX,-0.024798602,0.970716118,False,down
WBGene00019554,2,1.0,GenX,-0.025011452,0.970716118,False,down
WBGene00021923,2,0.9333333333333333,GenX,-0.026238478,0.970716118,False,down
WBGene00017184,2,1.0,GenX,-0.026322207,0.970716118,False,down
WBGene00012478,2,0.9333333333333333,GenX,-0.026785556,0.970716118,False,down
WBGene00001095,2,0.9666666666666667,GenX,-0.027119447,0.970716118,False,down
WBGene00014234,2,1.0,GenX,-0.027828289,0.970716118,False,down
WBGene00015466,2,1.0,GenX,-0.031139949,0.970716118,False,down
WBGene00021628,2,1.0,GenX,-0.033361104,0.970716118,False,down
WBGene00185079,2,1.0,GenX,-0.0342281,0.970716118,False,down
WBGene00007692,2,1.0,GenX,-0.037944237,0.970716118,False,down
WBGene00012029,2,0.9333333333333333,GenX,-0.039262044,0.970716118,False,down
WBGene00013755,2,1.0,GenX,-0.042313923,0.970716118,False,down
WBGene00019122,2,0.9666666666666667,GenX,-0.045012886,0.970716118,False,down
WBGene00045249,2,1.0,GenX,-0.049137836,0.970716118,False,down
WBGene00000778,2,1.0,GenX,-0.059352357,0.970716118,False,down
WBGene00017363,2,1.0,GenX,-0.06201439,0.970716118,False,down
WBGene00013207,2,1.0,GenX,-0.107346883,0.970716118,False,down
WBGene00011015,2,1.0,GenX,-0.022443961,0.970758204,False,down
WBGene00012025,2,1.0,GenX,0.074233545,0.971159695,False,up
WBGene00009777,2,1.0,GenX,0.067662507,0.971159695,False,up
WBGene00016027,2,0.9666666666666667,GenX,0.054314061,0.971159695,False,up
WBGene00018908,2,1.0,GenX,0.044490203,0.971159695,False,up
WBGene00010070,2,1.0,GenX,0.026389801,0.971159695,False,up
WBGene00006773,2,1.0,GenX,0.023213968,0.971159695,False,up
WBGene00011884,2,0.8666666666666667,GenX,0.021280904,0.971159695,False,up
WBGene00014075,2,1.0,GenX,0.019584063,0.971159695,False,up
WBGene00020779,2,0.9,GenX,0.01853798,0.971159695,False,up
WBGene00009919,2,0.9333333333333333,GenX,0.017628981,0.971159695,False,up
WBGene00016393,2,0.9666666666666667,GenX,0.015988832,0.971159695,False,up
WBGene00007428,2,1.0,GenX,0.014302645,0.971159695,False,up
WBGene00045383,2,1.0,GenX,-0.01742293,0.971159695,False,down
WBGene00009082,2,1.0,GenX,-0.017591661,0.971159695,False,down
WBGene00021764,2,1.0,GenX,-0.018609586,0.971159695,False,down
WBGene00010964,2,0.5333333333333333,GenX,-0.022771453,0.971159695,False,down
WBGene00010579,2,1.0,GenX,-0.023578179,0.971159695,False,down
WBGene00013893,2,1.0,GenX,-0.023603029,0.971159695,False,down
WBGene00017605,2,1.0,GenX,-0.026490725,0.971159695,False,down
WBGene00009329,2,1.0,GenX,-0.031238452,0.971159695,False,down
WBGene00022448,2,1.0,GenX,-0.031813981,0.971159695,False,down
WBGene00021020,2,1.0,GenX,-0.032458376,0.971159695,False,down
WBGene00001974,2,0.9,GenX,0.02017842,0.971161918,False,up
WBGene00004831,2,0.9333333333333333,GenX,-0.021945815,0.971161918,False,down
WBGene00018025,2,0.9666666666666667,GenX,-0.026745814,0.971161918,False,down
WBGene00016336,2,1.0,GenX,-0.097886862,0.971161918,False,down
WBGene00013137,2,0.6333333333333333,GenX,0.037517711,0.971234473,False,up
WBGene00012807,2,0.9,GenX,0.03006771,0.971234473,False,up
WBGene00023421,2,1.0,GenX,0.022205592,0.971234473,False,up
WBGene00044322,2,1.0,GenX,-0.031113545,0.971234473,False,down
WBGene00010629,2,1.0,GenX,0.025039462,0.971304832,False,up
WBGene00020628,2,0.9333333333333333,GenX,0.013595406,0.971304832,False,up
WBGene00000292,2,0.9,GenX,-0.014469888,0.971304832,False,down
WBGene00007042,2,1.0,GenX,-0.016019828,0.971304832,False,down
WBGene00016631,2,1.0,GenX,-0.017850126,0.971304832,False,down
WBGene00006540,2,1.0,GenX,-0.018260094,0.971304832,False,down
WBGene00012768,2,0.9666666666666667,GenX,-0.018603304,0.971304832,False,down
WBGene00001583,2,1.0,GenX,-0.023456261,0.971304832,False,down
WBGene00006381,2,1.0,GenX,-0.027454241,0.971304832,False,down
WBGene00008852,2,1.0,GenX,-0.019644754,0.971789753,False,down
WBGene00050937,2,0.9666666666666667,GenX,0.032034008,0.971851503,False,up
WBGene00007917,2,0.9333333333333333,GenX,0.01599797,0.971989434,False,up
WBGene00004931,2,1.0,GenX,-0.020661405,0.971989434,False,down
WBGene00195063,2,1.0,GenX,-0.032236689,0.971989434,False,down
WBGene00012875,2,1.0,GenX,0.020768192,0.972118309,False,up
WBGene00011743,2,0.6666666666666666,GenX,-0.029040347,0.972118309,False,down
WBGene00022704,2,0.9,GenX,-0.030630052,0.972118309,False,down
WBGene00014228,2,0.9666666666666667,GenX,0.028925035,0.972218359,False,up
WBGene00008078,2,1.0,GenX,0.017989995,0.972218359,False,up
WBGene00021507,2,1.0,GenX,-0.016670602,0.972218359,False,down
WBGene00021514,2,1.0,GenX,0.036479806,0.972702469,False,up
WBGene00004451,2,1.0,GenX,-0.02368096,0.972716648,False,down
WBGene00003523,2,0.9666666666666667,GenX,0.093403818,0.972821766,False,up
WBGene00007255,2,0.9666666666666667,GenX,0.033880062,0.972821766,False,up
WBGene00010370,2,0.9666666666666667,GenX,0.031846287,0.972821766,False,up
WBGene00007606,2,0.8,GenX,0.021058762,0.972821766,False,up
WBGene00012867,2,1.0,GenX,0.020392559,0.972821766,False,up
WBGene00000210,2,1.0,GenX,0.019512217,0.972821766,False,up
WBGene00007184,2,1.0,GenX,0.014958564,0.972821766,False,up
WBGene00017285,2,1.0,GenX,0.014438455,0.972821766,False,up
WBGene00011604,2,1.0,GenX,-0.019421055,0.972821766,False,down
WBGene00013804,2,1.0,GenX,-0.02046155,0.972821766,False,down
WBGene00016944,2,1.0,GenX,-0.024518232,0.972821766,False,down
WBGene00010732,2,0.8666666666666667,GenX,0.0180657,0.973011213,False,up
WBGene00000532,2,1.0,GenX,0.014942827,0.973011213,False,up
WBGene00006726,2,1.0,GenX,-0.034188769,0.973011213,False,down
WBGene00014188,2,1.0,GenX,0.090095446,0.97316045,False,up
WBGene00020099,2,0.6,GenX,0.02719494,0.97316045,False,up
WBGene00015328,2,1.0,GenX,0.017715604,0.97316045,False,up
WBGene00015477,2,0.6666666666666666,GenX,0.017554617,0.97316045,False,up
WBGene00018491,2,0.9333333333333333,GenX,-0.019006154,0.97316045,False,down
WBGene00021467,2,0.9666666666666667,GenX,-0.020528534,0.97316045,False,down
WBGene00021362,2,0.9666666666666667,GenX,-0.022692723,0.97316045,False,down
WBGene00008375,2,1.0,GenX,-0.046533252,0.97316045,False,down
WBGene00010013,2,1.0,GenX,0.017044476,0.973574616,False,up
WBGene00002845,2,1.0,GenX,-0.01389772,0.973574616,False,down
WBGene00020094,2,1.0,GenX,-0.020875415,0.973574616,False,down
WBGene00015707,2,1.0,GenX,-0.060598277,0.973574616,False,down
WBGene00008848,2,0.9666666666666667,GenX,-0.026656807,0.974005983,False,down
WBGene00011580,2,1.0,GenX,-0.015286183,0.974263854,False,down
WBGene00017866,2,1.0,GenX,-0.025290758,0.974263854,False,down
WBGene00011040,2,1.0,GenX,-0.023958501,0.974310198,False,down
WBGene00021354,2,1.0,GenX,0.034316787,0.974352133,False,up
WBGene00019321,2,1.0,GenX,0.036323835,0.974666185,False,up
WBGene00007110,2,0.7,GenX,0.017824764,0.974669685,False,up
WBGene00302998,2,0.9666666666666667,GenX,-0.051172827,0.974770472,False,down
WBGene00001558,2,1.0,GenX,-0.016345448,0.975267236,False,down
WBGene00001332,2,0.9666666666666667,GenX,0.022232126,0.975591727,False,up
WBGene00015885,2,1.0,GenX,-0.028881965,0.975591727,False,down
WBGene00007192,2,1.0,GenX,0.012040518,0.975643371,False,up
WBGene00004769,2,1.0,GenX,0.02097736,0.975908941,False,up
WBGene00004800,2,1.0,GenX,0.012670338,0.975908941,False,up
WBGene00013606,2,1.0,GenX,-0.012262895,0.975908941,False,down
WBGene00006593,2,1.0,GenX,-0.01315644,0.975939316,False,down
WBGene00022376,2,1.0,GenX,0.033377886,0.976183643,False,up
WBGene00006824,2,1.0,GenX,-0.020364102,0.976183643,False,down
WBGene00001093,2,1.0,GenX,0.012553729,0.976228082,False,up
WBGene00016173,2,1.0,GenX,-0.022632606,0.976228082,False,down
WBGene00006568,2,0.9666666666666667,GenX,0.048994989,0.976729137,False,up
WBGene00020320,2,0.9333333333333333,GenX,0.018400648,0.976729137,False,up
WBGene00018070,2,0.9333333333333333,GenX,-0.038343973,0.976729137,False,down
WBGene00018330,2,1.0,GenX,0.021995962,0.976734651,False,up
WBGene00018674,2,1.0,GenX,0.016656441,0.976734651,False,up
WBGene00005662,2,1.0,GenX,-0.018131285,0.976734651,False,down
WBGene00007214,2,0.7,GenX,-0.031959375,0.976734651,False,down
WBGene00007600,2,1.0,GenX,-0.064837197,0.976734651,False,down
WBGene00012187,2,1.0,GenX,0.024442979,0.976986138,False,up
WBGene00018999,2,1.0,GenX,-0.039738139,0.977151229,False,down
WBGene00018635,2,0.6666666666666666,GenX,-0.021367757,0.977163842,False,down
WBGene00001263,2,0.9333333333333333,GenX,0.022252622,0.977279889,False,up
WBGene00010325,2,1.0,GenX,-0.022397471,0.977279889,False,down
WBGene00000537,2,1.0,GenX,-0.019081233,0.977323256,False,down
WBGene00018138,2,1.0,GenX,0.068075385,0.977999424,False,up
WBGene00014189,2,1.0,GenX,0.051299056,0.978220734,False,up
WBGene00014060,2,1.0,GenX,0.032770589,0.978220734,False,up
WBGene00007233,2,0.9666666666666667,GenX,0.028839831,0.978220734,False,up
WBGene00016108,2,1.0,GenX,0.02854591,0.978220734,False,up
WBGene00001214,2,1.0,GenX,0.026842529,0.978220734,False,up
WBGene00009556,2,1.0,GenX,0.026106362,0.978220734,False,up
WBGene00003914,2,1.0,GenX,0.023867396,0.978220734,False,up
WBGene00007237,2,0.9333333333333333,GenX,0.023232377,0.978220734,False,up
WBGene00003129,2,1.0,GenX,0.020020589,0.978220734,False,up
WBGene00001338,2,0.9666666666666667,GenX,0.017833075,0.978220734,False,up
WBGene00006524,2,0.9333333333333333,GenX,0.016764393,0.978220734,False,up
WBGene00003932,2,0.9666666666666667,GenX,0.016441935,0.978220734,False,up
WBGene00009783,2,0.8666666666666667,GenX,-0.013970534,0.978220734,False,down
WBGene00000843,2,1.0,GenX,-0.01593475,0.978220734,False,down
WBGene00021103,2,1.0,GenX,-0.022372133,0.978220734,False,down
WBGene00015235,2,1.0,GenX,-0.022943621,0.978220734,False,down
WBGene00008546,2,1.0,GenX,-0.024835159,0.978220734,False,down
WBGene00021332,2,1.0,GenX,-0.025746301,0.978220734,False,down
WBGene00006937,2,1.0,GenX,-0.017214432,0.978395665,False,down
WBGene00004753,2,1.0,GenX,-0.013512113,0.9789474,False,down
WBGene00019778,2,1.0,GenX,-0.016876158,0.9789474,False,down
WBGene00008776,2,0.9666666666666667,GenX,0.029067759,0.979318888,False,up
WBGene00014119,2,1.0,GenX,0.020525157,0.979318888,False,up
WBGene00013140,2,1.0,GenX,0.016165966,0.979318888,False,up
WBGene00021331,2,1.0,GenX,-0.023894574,0.979318888,False,down
WBGene00013838,2,1.0,GenX,0.028784135,0.979478428,False,up
WBGene00021849,2,0.8666666666666667,GenX,0.014421617,0.979478428,False,up
WBGene00001749,2,1.0,GenX,-0.039415072,0.979478428,False,down
WBGene00012496,2,1.0,GenX,0.018830809,0.97997278,False,up
WBGene00021132,2,1.0,GenX,0.020418577,0.980251966,False,up
WBGene00007922,2,1.0,GenX,0.016083983,0.980622858,False,up
WBGene00022742,2,1.0,GenX,-0.011987981,0.980622858,False,down
WBGene00016391,2,1.0,GenX,-0.016600459,0.980622858,False,down
WBGene00020588,2,1.0,GenX,-0.046229966,0.980622858,False,down
WBGene00004802,2,0.9333333333333333,GenX,-0.049240661,0.980622858,False,down
WBGene00020189,2,1.0,GenX,0.020955611,0.980626743,False,up
WBGene00020441,2,1.0,GenX,-0.019145276,0.980626743,False,down
WBGene00016639,2,0.7,GenX,0.072822938,0.981699435,False,up
WBGene00008763,2,0.9333333333333333,GenX,0.053845083,0.981699435,False,up
WBGene00022670,2,0.9666666666666667,GenX,0.020705605,0.981699435,False,up
WBGene00017289,2,0.7666666666666667,GenX,0.018946405,0.981699435,False,up
WBGene00010780,2,1.0,GenX,0.018829541,0.981699435,False,up
WBGene00017286,2,1.0,GenX,0.014833376,0.981699435,False,up
WBGene00021415,2,1.0,GenX,0.014395477,0.981699435,False,up
WBGene00001580,2,1.0,GenX,0.012444521,0.981699435,False,up
WBGene00015581,2,1.0,GenX,0.012149954,0.981699435,False,up
WBGene00002994,2,0.9666666666666667,GenX,0.011849787,0.981699435,False,up
WBGene00013847,2,0.9666666666666667,GenX,0.010589238,0.981699435,False,up
WBGene00006771,2,1.0,GenX,-0.010678767,0.981699435,False,down
WBGene00004403,2,1.0,GenX,-0.0111866,0.981699435,False,down
WBGene00012460,2,1.0,GenX,-0.021750758,0.981699435,False,down
WBGene00022883,2,1.0,GenX,-0.022293333,0.981699435,False,down
WBGene00010304,2,0.9666666666666667,GenX,-0.022306377,0.981699435,False,down
WBGene00016018,2,0.9666666666666667,GenX,-0.02367798,0.981699435,False,down
WBGene00007994,2,0.9666666666666667,GenX,-0.031696061,0.981699435,False,down
WBGene00016551,2,1.0,GenX,-0.033288105,0.981699435,False,down
WBGene00013967,2,0.9333333333333333,GenX,0.023638656,0.982143142,False,up
WBGene00013591,2,0.6666666666666666,GenX,0.021524065,0.982143142,False,up
WBGene00007774,2,0.9666666666666667,GenX,0.02058091,0.982143142,False,up
WBGene00001040,2,1.0,GenX,0.019670808,0.982143142,False,up
WBGene00004508,2,1.0,GenX,0.011791716,0.982143142,False,up
WBGene00000548,2,1.0,GenX,-0.009115906,0.982143142,False,down
WBGene00018998,2,1.0,GenX,-0.015666961,0.982143142,False,down
WBGene00002128,2,0.9666666666666667,GenX,-0.020463149,0.982143142,False,down
WBGene00008281,2,1.0,GenX,-0.020680752,0.982143142,False,down
WBGene00012408,2,1.0,GenX,-0.035062041,0.982143142,False,down
WBGene00009237,2,0.7,GenX,0.028350595,0.982204312,False,up
WBGene00022675,2,1.0,GenX,-0.013229216,0.982204312,False,down
WBGene00006974,2,1.0,GenX,0.020617563,0.982409116,False,up
WBGene00017761,2,1.0,GenX,-0.040051086,0.982409116,False,down
WBGene00019215,2,0.9333333333333333,GenX,0.041915957,0.98243669,False,up
WBGene00007286,2,0.9666666666666667,GenX,-0.041650783,0.98243669,False,down
WBGene00012712,2,0.9666666666666667,GenX,0.017774279,0.982749461,False,up
WBGene00001812,2,1.0,GenX,-0.015131112,0.982749461,False,down
WBGene00010525,2,1.0,GenX,-0.031251291,0.982749461,False,down
WBGene00011333,2,1.0,GenX,0.008956187,0.982891439,False,up
WBGene00013680,2,1.0,GenX,-0.016746747,0.982949689,False,down
WBGene00011035,2,1.0,GenX,0.021060969,0.983151925,False,up
WBGene00004204,2,0.9666666666666667,GenX,0.010655166,0.983366927,False,up
WBGene00003831,2,1.0,GenX,-0.009354358,0.983366927,False,down
WBGene00019295,2,1.0,GenX,-0.015651081,0.983366927,False,down
WBGene00018735,2,1.0,GenX,-0.017025801,0.983366927,False,down
WBGene00010505,2,1.0,GenX,-0.034596725,0.983366927,False,down
WBGene00044151,2,1.0,GenX,-0.06651618,0.983366927,False,down
WBGene00007023,2,0.9666666666666667,GenX,0.011116012,0.983639576,False,up
WBGene00013529,2,1.0,GenX,0.015385315,0.983863264,False,up
WBGene00001585,2,1.0,GenX,-0.017559916,0.983863264,False,down
WBGene00016544,2,1.0,GenX,-0.030537011,0.983863264,False,down
WBGene00023477,2,1.0,GenX,-0.048905699,0.98397221,False,down
WBGene00009145,2,0.9,GenX,0.018348849,0.984119832,False,up
WBGene00013015,2,0.9666666666666667,GenX,-0.01448941,0.984119832,False,down
WBGene00003948,2,0.9666666666666667,GenX,-0.015769,0.984119832,False,down
WBGene00000798,2,0.9666666666666667,GenX,-0.016950914,0.984119832,False,down
WBGene00011807,2,1.0,GenX,0.01100836,0.984186389,False,up
WBGene00001060,2,1.0,GenX,0.010337278,0.984261033,False,up
WBGene00019250,2,0.9666666666666667,GenX,-0.012631112,0.984261033,False,down
WBGene00044294,2,0.9666666666666667,GenX,-0.018990481,0.984846553,False,down
WBGene00001997,2,0.9333333333333333,GenX,-0.025786941,0.984846553,False,down
WBGene00003664,2,0.9,GenX,0.038116252,0.985304925,False,up
WBGene00009456,2,1.0,GenX,-0.009657509,0.98540583,False,down
WBGene00015207,2,1.0,GenX,0.011642237,0.985442658,False,up
WBGene00015236,2,1.0,GenX,0.041335991,0.985463962,False,up
WBGene00013690,2,0.9666666666666667,GenX,0.022406348,0.986059402,False,up
WBGene00017782,2,1.0,GenX,-0.012099865,0.986059402,False,down
WBGene00002280,2,1.0,GenX,-0.013106728,0.986059402,False,down
WBGene00014078,2,0.9666666666666667,GenX,-0.013762823,0.986059402,False,down
WBGene00021917,2,1.0,GenX,-0.017967293,0.986059402,False,down
WBGene00006368,2,0.9,GenX,-0.014958192,0.986133415,False,down
WBGene00017149,2,0.8666666666666667,GenX,-0.024618469,0.986133415,False,down
WBGene00017487,2,0.9666666666666667,GenX,-0.017557806,0.986405176,False,down
WBGene00044894,2,1.0,GenX,-0.02621927,0.986479684,False,down
WBGene00017976,2,0.9666666666666667,GenX,0.019410101,0.987159506,False,up
WBGene00020375,2,1.0,GenX,0.015265491,0.987159506,False,up
WBGene00004969,2,1.0,GenX,0.013873182,0.987159506,False,up
WBGene00013021,2,1.0,GenX,0.012805338,0.987159506,False,up
WBGene00015356,2,1.0,GenX,0.012054512,0.987159506,False,up
WBGene00007412,2,0.9333333333333333,GenX,-0.00980157,0.987159506,False,down
WBGene00016750,2,0.9333333333333333,GenX,-0.012086108,0.987159506,False,down
WBGene00010702,2,1.0,GenX,-0.012189683,0.987159506,False,down
WBGene00017926,2,1.0,GenX,-0.013761145,0.987159506,False,down
WBGene00012208,2,1.0,GenX,-0.013862509,0.987159506,False,down
WBGene00004112,2,1.0,GenX,-0.014281652,0.987159506,False,down
WBGene00022583,2,1.0,GenX,-0.015408702,0.987159506,False,down
WBGene00010288,2,1.0,GenX,-0.022943059,0.987159506,False,down
WBGene00008488,2,1.0,GenX,0.024531846,0.987559947,False,up
WBGene00022803,2,1.0,GenX,0.017873332,0.987559947,False,up
WBGene00007135,2,1.0,GenX,-0.011546907,0.987559947,False,down
WBGene00008944,2,1.0,GenX,0.024085145,0.987718072,False,up
WBGene00012715,2,1.0,GenX,0.021439087,0.988294976,False,up
WBGene00020464,2,1.0,GenX,-0.013760146,0.988294976,False,down
WBGene00000173,2,1.0,GenX,0.038747106,0.988337543,False,up
WBGene00006709,2,1.0,GenX,0.011951333,0.988337543,False,up
WBGene00012756,2,0.9333333333333333,GenX,0.011730395,0.988337543,False,up
WBGene00022850,2,1.0,GenX,0.011269538,0.988337543,False,up
WBGene00020259,2,1.0,GenX,0.009350782,0.988337543,False,up
WBGene00007287,2,1.0,GenX,-0.008722698,0.988337543,False,down
WBGene00015099,2,1.0,GenX,-0.01108421,0.988337543,False,down
WBGene00009353,2,1.0,GenX,-0.012319887,0.988337543,False,down
WBGene00003417,2,1.0,GenX,-0.016429741,0.988337543,False,down
WBGene00009787,2,0.8,GenX,-0.024037256,0.988427721,False,down
WBGene00001443,2,0.9666666666666667,GenX,0.007671747,0.98885551,False,up
WBGene00015171,2,1.0,GenX,-0.016407619,0.98885551,False,down
WBGene00021160,2,1.0,GenX,0.046084763,0.988996103,False,up
WBGene00020281,2,0.9666666666666667,GenX,0.027203467,0.988996103,False,up
WBGene00044648,2,1.0,GenX,0.016442712,0.988996103,False,up
WBGene00010726,2,0.9333333333333333,GenX,0.010270747,0.988996103,False,up
WBGene00009940,2,0.9666666666666667,GenX,0.009070977,0.988996103,False,up
WBGene00011687,2,1.0,GenX,-0.009534821,0.988996103,False,down
WBGene00017763,2,1.0,GenX,-0.009910139,0.988996103,False,down
WBGene00015310,2,1.0,GenX,-0.012212491,0.988996103,False,down
WBGene00001404,2,1.0,GenX,-0.012345142,0.988996103,False,down
WBGene00007959,2,1.0,GenX,-0.014104369,0.988996103,False,down
WBGene00011670,2,1.0,GenX,0.024836951,0.989343661,False,up
WBGene00018488,2,1.0,GenX,0.015356815,0.989343661,False,up
WBGene00021097,2,0.7,GenX,0.010111652,0.989343661,False,up
WBGene00009027,2,1.0,GenX,0.009561169,0.989343661,False,up
WBGene00002251,2,0.9666666666666667,GenX,-0.008813335,0.989343661,False,down
WBGene00010975,2,0.8666666666666667,GenX,-0.010038511,0.989343661,False,down
WBGene00004058,2,1.0,GenX,-0.012066158,0.989343661,False,down
WBGene00009058,2,1.0,GenX,-0.012118307,0.989343661,False,down
WBGene00019647,2,1.0,GenX,-0.012878942,0.989343661,False,down
WBGene00012167,2,1.0,GenX,-0.013461997,0.989343661,False,down
WBGene00004335,2,1.0,GenX,-0.016203337,0.989343661,False,down
WBGene00016123,2,1.0,GenX,-0.018740065,0.989343661,False,down
WBGene00004120,2,1.0,GenX,-0.029368766,0.989343661,False,down
WBGene00008964,2,0.9666666666666667,GenX,-0.056792984,0.989343661,False,down
WBGene00018878,2,1.0,GenX,0.011665583,0.989606738,False,up
WBGene00020379,2,1.0,GenX,0.011737586,0.989804468,False,up
WBGene00012121,2,1.0,GenX,0.009614691,0.989804468,False,up
WBGene00013001,2,1.0,GenX,-0.012666869,0.989804468,False,down
WBGene00010631,2,1.0,GenX,0.005035223,0.990216168,False,up
WBGene00014123,2,0.9666666666666667,GenX,-0.00957187,0.990237298,False,down
WBGene00012806,2,0.9333333333333333,GenX,0.014991457,0.990792552,False,up
WBGene00020131,2,1.0,GenX,-0.008952228,0.990792552,False,down
WBGene00019971,2,1.0,GenX,-0.009929213,0.990873373,False,down
WBGene00003614,2,0.9666666666666667,GenX,0.012316079,0.990932698,False,up
WBGene00008053,2,1.0,GenX,0.011167038,0.990932698,False,up
WBGene00011864,2,1.0,GenX,0.007252523,0.991141124,False,up
WBGene00003735,2,1.0,GenX,0.006471785,0.991537117,False,up
WBGene00012325,2,1.0,GenX,-0.028629312,0.991537117,False,down
WBGene00019963,2,0.9666666666666667,GenX,-0.056181337,0.991590977,False,down
WBGene00015347,2,1.0,GenX,0.00893532,0.991810368,False,up
WBGene00007561,2,1.0,GenX,0.008843651,0.991950831,False,up
WBGene00010878,2,1.0,GenX,-0.012980816,0.991950831,False,down
WBGene00008084,2,0.5333333333333333,GenX,0.023631275,0.992139595,False,up
WBGene00006585,2,0.7,GenX,0.010406963,0.992139595,False,up
WBGene00006792,2,1.0,GenX,0.009623406,0.992139595,False,up
WBGene00016188,2,0.8333333333333334,GenX,0.008637515,0.992139595,False,up
WBGene00001485,2,1.0,GenX,0.008511064,0.992139595,False,up
WBGene00017795,2,0.6333333333333333,GenX,0.007873464,0.992139595,False,up
WBGene00022279,2,1.0,GenX,0.007356753,0.992139595,False,up
WBGene00001043,2,1.0,GenX,0.005875169,0.992139595,False,up
WBGene00009661,2,0.9,GenX,-0.006011311,0.992139595,False,down
WBGene00011729,2,1.0,GenX,-0.006448317,0.992139595,False,down
WBGene00009575,2,1.0,GenX,-0.007593121,0.992139595,False,down
WBGene00020230,2,1.0,GenX,-0.008287712,0.992139595,False,down
WBGene00022864,2,1.0,GenX,-0.008328471,0.992139595,False,down
WBGene00004705,2,1.0,GenX,-0.01167338,0.992139595,False,down
WBGene00011635,2,1.0,GenX,-0.012216696,0.992139595,False,down
WBGene00022770,2,1.0,GenX,-0.015983823,0.992139595,False,down
WBGene00020300,2,1.0,GenX,-0.015984735,0.992139595,False,down
WBGene00017934,2,1.0,GenX,-0.016354769,0.992139595,False,down
WBGene00012225,2,1.0,GenX,-0.019985608,0.992139595,False,down
WBGene00009608,2,0.8666666666666667,GenX,-0.045507229,0.992139595,False,down
WBGene00020471,2,1.0,GenX,0.010890158,0.992673873,False,up
WBGene00018361,2,1.0,GenX,-0.007444446,0.992673873,False,down
WBGene00003022,2,1.0,GenX,0.009514148,0.992919401,False,up
WBGene00022690,2,1.0,GenX,0.031447839,0.993671815,False,up
WBGene00013350,2,1.0,GenX,0.011134834,0.993671815,False,up
WBGene00012811,2,1.0,GenX,0.011023071,0.993671815,False,up
WBGene00011833,2,1.0,GenX,0.010099957,0.993671815,False,up
WBGene00009179,2,0.9666666666666667,GenX,0.009745265,0.993671815,False,up
WBGene00016674,2,0.9666666666666667,GenX,0.009562246,0.993671815,False,up
WBGene00022379,2,1.0,GenX,0.009560433,0.993671815,False,up
WBGene00015138,2,0.9333333333333333,GenX,0.009399279,0.993671815,False,up
WBGene00045403,2,1.0,GenX,0.008659344,0.993671815,False,up
WBGene00020549,2,1.0,GenX,0.008574598,0.993671815,False,up
WBGene00009455,2,0.9666666666666667,GenX,0.008398131,0.993671815,False,up
WBGene00017269,2,0.9,GenX,0.008178876,0.993671815,False,up
WBGene00019460,2,0.9666666666666667,GenX,0.008091686,0.993671815,False,up
WBGene00018282,2,1.0,GenX,0.008049344,0.993671815,False,up
WBGene00019199,2,1.0,GenX,0.007921862,0.993671815,False,up
WBGene00010742,2,0.9,GenX,0.007903148,0.993671815,False,up
WBGene00020782,2,1.0,GenX,0.007721445,0.993671815,False,up
WBGene00010583,2,1.0,GenX,0.007650798,0.993671815,False,up
WBGene00013925,2,0.9333333333333333,GenX,0.007214792,0.993671815,False,up
WBGene00000557,2,1.0,GenX,0.007146528,0.993671815,False,up
WBGene00003041,2,1.0,GenX,0.006958447,0.993671815,False,up
WBGene00022737,2,0.5333333333333333,GenX,0.006827683,0.993671815,False,up
WBGene00018408,2,1.0,GenX,0.006801567,0.993671815,False,up
WBGene00000407,2,0.9666666666666667,GenX,0.006662118,0.993671815,False,up
WBGene00014666,2,1.0,GenX,0.006662113,0.993671815,False,up
WBGene00022104,2,1.0,GenX,0.006411111,0.993671815,False,up
WBGene00016395,2,0.9666666666666667,GenX,0.006381599,0.993671815,False,up
WBGene00022158,2,0.9333333333333333,GenX,0.005941822,0.993671815,False,up
WBGene00016836,2,1.0,GenX,0.005884503,0.993671815,False,up
WBGene00022460,2,1.0,GenX,0.005875917,0.993671815,False,up
WBGene00016592,2,0.9333333333333333,GenX,0.005830764,0.993671815,False,up
WBGene00016643,2,1.0,GenX,0.005546689,0.993671815,False,up
WBGene00019771,2,1.0,GenX,0.005344177,0.993671815,False,up
WBGene00002252,2,1.0,GenX,0.005137123,0.993671815,False,up
WBGene00008380,2,1.0,GenX,0.005088412,0.993671815,False,up
WBGene00021827,2,1.0,GenX,0.005003764,0.993671815,False,up
WBGene00008729,2,1.0,GenX,0.004943441,0.993671815,False,up
WBGene00006993,2,1.0,GenX,0.004913004,0.993671815,False,up
WBGene00012994,2,1.0,GenX,0.004865638,0.993671815,False,up
WBGene00001584,2,1.0,GenX,0.00454076,0.993671815,False,up
WBGene00004927,2,1.0,GenX,0.004390042,0.993671815,False,up
WBGene00006911,2,1.0,GenX,0.004347142,0.993671815,False,up
WBGene00004046,2,1.0,GenX,0.003857954,0.993671815,False,up
WBGene00008528,2,1.0,GenX,0.003731178,0.993671815,False,up
WBGene00018009,2,1.0,GenX,0.003572109,0.993671815,False,up
WBGene00008670,2,1.0,GenX,0.003412095,0.993671815,False,up
WBGene00021063,2,1.0,GenX,0.003263388,0.993671815,False,up
WBGene00004389,2,1.0,GenX,0.003183979,0.993671815,False,up
WBGene00018710,2,1.0,GenX,0.003117255,0.993671815,False,up
WBGene00004303,2,1.0,GenX,0.002832453,0.993671815,False,up
WBGene00019121,2,1.0,GenX,0.00279484,0.993671815,False,up
WBGene00000227,2,1.0,GenX,0.002685686,0.993671815,False,up
WBGene00011980,2,1.0,GenX,0.002064959,0.993671815,False,up
WBGene00004760,2,1.0,GenX,-0.002895547,0.993671815,False,down
WBGene00021444,2,1.0,GenX,-0.003030323,0.993671815,False,down
WBGene00009126,2,0.9666666666666667,GenX,-0.003208694,0.993671815,False,down
WBGene00007583,2,1.0,GenX,-0.003386986,0.993671815,False,down
WBGene00007880,2,1.0,GenX,-0.003397281,0.993671815,False,down
WBGene00011067,2,1.0,GenX,-0.003718522,0.993671815,False,down
WBGene00002059,2,0.9333333333333333,GenX,-0.004022426,0.993671815,False,down
WBGene00007139,2,0.9666666666666667,GenX,-0.004213238,0.993671815,False,down
WBGene00001365,2,0.9666666666666667,GenX,-0.004274432,0.993671815,False,down
WBGene00003056,2,0.9666666666666667,GenX,-0.004281459,0.993671815,False,down
WBGene00022618,2,1.0,GenX,-0.00441808,0.993671815,False,down
WBGene00013678,2,1.0,GenX,-0.004519885,0.993671815,False,down
WBGene00011016,2,1.0,GenX,-0.00455786,0.993671815,False,down
WBGene00009103,2,1.0,GenX,-0.004833183,0.993671815,False,down
WBGene00012434,2,1.0,GenX,-0.004937494,0.993671815,False,down
WBGene00009918,2,1.0,GenX,-0.004942428,0.993671815,False,down
WBGene00001775,2,1.0,GenX,-0.005116082,0.993671815,False,down
WBGene00044431,2,1.0,GenX,-0.005125705,0.993671815,False,down
WBGene00021847,2,1.0,GenX,-0.005367291,0.993671815,False,down
WBGene00017007,2,1.0,GenX,-0.005428663,0.993671815,False,down
WBGene00001470,2,1.0,GenX,-0.005585433,0.993671815,False,down
WBGene00022791,2,0.9666666666666667,GenX,-0.005600877,0.993671815,False,down
WBGene00009159,2,1.0,GenX,-0.005891551,0.993671815,False,down
WBGene00011648,2,1.0,GenX,-0.006031475,0.993671815,False,down
WBGene00000762,2,1.0,GenX,-0.006162746,0.993671815,False,down
WBGene00020839,2,0.7,GenX,-0.006171162,0.993671815,False,down
WBGene00044784,2,1.0,GenX,-0.006412582,0.993671815,False,down
WBGene00011323,2,1.0,GenX,-0.006471425,0.993671815,False,down
WBGene00013347,2,1.0,GenX,-0.006924548,0.993671815,False,down
WBGene00001867,2,0.9666666666666667,GenX,-0.007069244,0.993671815,False,down
WBGene00001425,2,1.0,GenX,-0.007119927,0.993671815,False,down
WBGene00000164,2,1.0,GenX,-0.007128656,0.993671815,False,down
WBGene00014111,2,1.0,GenX,-0.00730854,0.993671815,False,down
WBGene00003078,2,1.0,GenX,-0.007390932,0.993671815,False,down
WBGene00000145,2,1.0,GenX,-0.007423514,0.993671815,False,down
WBGene00015205,2,0.7,GenX,-0.007529945,0.993671815,False,down
WBGene00002225,2,0.9666666666666667,GenX,-0.00754023,0.993671815,False,down
WBGene00235102,2,1.0,GenX,-0.007961279,0.993671815,False,down
WBGene00017759,2,1.0,GenX,-0.00800512,0.993671815,False,down
WBGene00006477,2,1.0,GenX,-0.008132744,0.993671815,False,down
WBGene00022865,2,1.0,GenX,-0.00832739,0.993671815,False,down
WBGene00022363,2,1.0,GenX,-0.008340094,0.993671815,False,down
WBGene00002297,2,1.0,GenX,-0.008611125,0.993671815,False,down
WBGene00003077,2,0.5666666666666667,GenX,-0.008652604,0.993671815,False,down
WBGene00008457,2,1.0,GenX,-0.008759592,0.993671815,False,down
WBGene00015124,2,0.9666666666666667,GenX,-0.009693084,0.993671815,False,down
WBGene00012835,2,1.0,GenX,-0.010769042,0.993671815,False,down
WBGene00020419,2,0.9333333333333333,GenX,-0.013251429,0.993671815,False,down
WBGene00019368,2,1.0,GenX,-0.025441334,0.993671815,False,down
WBGene00000717,2,1.0,GenX,-0.027688798,0.993671815,False,down
WBGene00000936,2,1.0,GenX,0.002744137,0.994476929,False,up
WBGene00000869,2,1.0,GenX,-0.001601624,0.994511339,False,down
WBGene00302986,2,0.9666666666666667,GenX,0.008016023,0.994578268,False,up
WBGene00001784,2,0.7,GenX,0.003450348,0.994578268,False,up
WBGene00000239,2,1.0,GenX,0.003320283,0.994578268,False,up
WBGene00013259,2,0.9333333333333333,GenX,0.00306533,0.994578268,False,up
WBGene00021811,2,1.0,GenX,0.002463094,0.994578268,False,up
WBGene00018061,2,1.0,GenX,-0.00274607,0.994578268,False,down
WBGene00195084,2,1.0,GenX,-0.007623197,0.994578268,False,down
WBGene00013938,2,1.0,GenX,-0.01046851,0.994578268,False,down
WBGene00012489,2,0.9666666666666667,GenX,0.007980843,0.994637714,False,up
WBGene00010286,2,1.0,GenX,0.002901944,0.994637714,False,up
WBGene00021985,2,1.0,GenX,-0.003557162,0.994637714,False,down
WBGene00019769,2,0.9666666666666667,GenX,0.003735189,0.994729849,False,up
WBGene00011308,2,0.9666666666666667,GenX,0.002412389,0.994729849,False,up
WBGene00021104,2,1.0,GenX,-0.003241384,0.994868859,False,down
WBGene00000886,2,1.0,GenX,0.0042245,0.994994637,False,up
WBGene00044989,2,1.0,GenX,0.001662007,0.9950878,False,up
WBGene00017929,2,0.9666666666666667,GenX,0.002074765,0.995681935,False,up
WBGene00021938,2,1.0,GenX,0.001582771,0.995681935,False,up
WBGene00009306,2,0.6333333333333333,GenX,-0.001797206,0.995681935,False,down
WBGene00019400,2,0.9666666666666667,GenX,0.002172853,0.995836797,False,up
WBGene00021735,2,0.9333333333333333,GenX,0.001862777,0.996384705,False,up
WBGene00001975,2,1.0,GenX,0.001847548,0.996384705,False,up
WBGene00000269,2,0.9333333333333333,GenX,-0.001569508,0.996384705,False,down
WBGene00010542,2,1.0,GenX,0.006881502,0.996398491,False,up
WBGene00019486,2,1.0,GenX,-0.008629297,0.996564162,False,down
WBGene00006722,2,1.0,GenX,0.002633223,0.996730319,False,up
WBGene00012543,2,1.0,GenX,0.001029219,0.997003837,False,up
WBGene00014165,2,0.9,GenX,-0.001701038,0.997003837,False,down
WBGene00185102,2,0.9666666666666667,GenX,-0.005239656,0.997003837,False,down
WBGene00020270,2,1.0,GenX,-0.007023817,0.997006035,False,down
WBGene00009223,2,0.9333333333333333,GenX,0.001738518,0.997221167,False,up
WBGene00010472,2,1.0,GenX,-0.003467932,0.997221167,False,down
WBGene00004298,2,1.0,GenX,-0.002222303,0.997393804,False,down
WBGene00004257,2,1.0,GenX,0.002406435,0.997528476,False,up
WBGene00001633,2,0.9666666666666667,GenX,-0.002848849,0.997528476,False,down
WBGene00022491,2,1.0,GenX,-0.000923028,0.998040412,False,down
WBGene00011641,2,1.0,GenX,0.001668612,0.998116904,False,up
WBGene00002243,2,1.0,GenX,-0.000916306,0.998164727,False,down
WBGene00015706,2,1.0,GenX,0.0017017,0.998208873,False,up
WBGene00012786,2,1.0,GenX,0.001611027,0.998208873,False,up
WBGene00010539,2,0.9333333333333333,GenX,0.001554386,0.998208873,False,up
WBGene00004887,2,0.9666666666666667,GenX,0.000820642,0.998208873,False,up
WBGene00020284,2,1.0,GenX,0.00079034,0.998208873,False,up
WBGene00007787,2,0.9666666666666667,GenX,0.000508843,0.998208873,False,up
WBGene00007588,2,1.0,GenX,-0.000549649,0.998208873,False,down
WBGene00010595,2,1.0,GenX,0.001202375,0.998346021,False,up
WBGene00021378,2,1.0,GenX,0.000897368,0.998346021,False,up
WBGene00006365,2,0.9666666666666667,GenX,0.000650815,0.998346021,False,up
WBGene00009461,2,0.9666666666666667,GenX,0.00059639,0.998346021,False,up
WBGene00017282,2,1.0,GenX,0.000415772,0.998346021,False,up
WBGene00011634,2,1.0,GenX,-0.000479933,0.998346021,False,down
WBGene00012241,2,1.0,GenX,-0.000473056,0.99849317,False,down
WBGene00015769,2,1.0,GenX,0.000482682,0.998802917,False,up
WBGene00002148,2,1.0,GenX,0.000165689,0.999221746,False,up
WBGene00008785,2,0.8,GenX,0.000606138,0.999497373,False,up
