WB_id,consensus_module,consensus_strength,chemical,logFC,FDR,is_detected,direction
WBGene00010904,1,0.9666666666666667,GenX,4.050072861,1.07695237254004e-26,True,up
WBGene00000372,1,0.9666666666666667,GenX,12.24873221,3.6935018648465396e-26,True,up
WBGene00011673,1,0.6,GenX,7.264106021,2.3264346824033e-25,True,up
WBGene00019515,1,0.9333333333333333,GenX,5.367131622,1.0330519534667601e-24,True,up
WBGene00018913,1,1.0,GenX,14.40683536,1.47897614411063e-24,True,up
WBGene00002260,1,0.9,GenX,5.703368147,3.24771181175386e-24,True,up
WBGene00021567,1,1.0,GenX,16.03336921,6.2667607530929004e-24,True,up
WBGene00003995,1,0.9666666666666667,GenX,3.360770421,2.4444014234720897e-22,True,up
WBGene00011800,1,0.9666666666666667,GenX,4.701560745,1.46950672256497e-20,True,up
WBGene00000412,1,0.9666666666666667,GenX,4.05947068,6.16740619119957e-20,True,up
WBGene00017244,1,0.9666666666666667,GenX,2.480838126,1.22388563059318e-18,True,up
WBGene00018206,1,0.9666666666666667,GenX,3.036970483,2.5596089384273002e-18,True,up
WBGene00008043,1,0.9666666666666667,GenX,2.9175921,9.86847005160372e-16,True,up
WBGene00020592,1,0.9666666666666667,GenX,1.381994998,1.16909547028561e-15,True,up
WBGene00011676,1,1.0,GenX,1.910033684,4.17032119225395e-15,True,up
WBGene00015449,1,1.0,GenX,2.700195203,2.02387822154774e-14,True,up
WBGene00004001,1,0.9666666666666667,GenX,1.610665707,3.41109465292914e-14,True,up
WBGene00010238,1,1.0,GenX,2.122759631,1.1587851230738999e-13,True,up
WBGene00016450,1,1.0,GenX,-1.391162195,4.66481185744359e-13,True,down
WBGene00018333,1,0.9333333333333333,GenX,2.523763121,7.62388804522185e-13,True,up
WBGene00007073,1,0.8666666666666667,GenX,1.958077839,1.43551616571722e-12,True,up
WBGene00011675,1,0.9333333333333333,GenX,3.737857917,2.11773281724938e-12,True,up
WBGene00007364,1,0.9666666666666667,GenX,5.67288553,7.616286763958769e-11,True,up
WBGene00009048,1,0.9,GenX,-1.666157813,7.616286763958769e-11,True,down
WBGene00019968,1,0.6,GenX,3.227387635,8.332362551404889e-11,True,up
WBGene00008634,1,0.9666666666666667,GenX,-1.516506026,5.45011173668791e-10,True,down
WBGene00019100,1,0.9666666666666667,GenX,1.963142346,6.42744334324509e-10,True,up
WBGene00010470,1,0.9333333333333333,GenX,1.974603179,6.62098292800747e-10,True,up
WBGene00021873,1,0.9,GenX,-2.56019629,6.961832450272621e-10,True,down
WBGene00007368,1,0.9333333333333333,GenX,-2.499511901,9.13525475240545e-10,True,down
WBGene00018912,1,0.9666666666666667,GenX,3.424699012,3.15388079847611e-09,True,up
WBGene00009706,1,0.9666666666666667,GenX,-3.445465231,4.360701464887171e-09,True,down
WBGene00018646,1,0.9666666666666667,GenX,1.540088224,1.19673161272831e-08,True,up
WBGene00010411,1,1.0,GenX,3.121922085,1.74625042698792e-08,True,up
WBGene00021566,1,1.0,GenX,3.473599209,5.36870139728234e-08,True,up
WBGene00013215,1,1.0,GenX,0.800422319,8.44294707667049e-08,True,up
WBGene00022125,1,0.9666666666666667,GenX,1.124026839,9.08259907606948e-08,True,up
WBGene00009259,1,0.6666666666666666,GenX,0.49916878,1.02727836679928e-07,True,up
WBGene00009450,1,1.0,GenX,0.809379459,1.19988157288986e-07,True,up
WBGene00019738,1,0.9,GenX,1.122316701,1.77039048619975e-07,True,up
WBGene00004358,1,1.0,GenX,0.75977619,2.96020188507291e-07,True,up
WBGene00044811,1,0.9333333333333333,GenX,1.778512733,3.3624032437209e-07,True,up
WBGene00006636,1,1.0,GenX,-0.666452258,3.3624032437209e-07,True,down
WBGene00019886,1,0.9666666666666667,GenX,5.436757233,3.4038916646228e-07,True,up
WBGene00016610,1,0.9,GenX,0.657839258,4.10073783046837e-07,True,up
WBGene00270321,1,0.9666666666666667,GenX,2.097465312,4.18719278788765e-07,True,up
WBGene00007331,1,1.0,GenX,-0.902282578,6.62769880645062e-07,True,down
WBGene00000784,1,0.5,GenX,-0.828134852,7.61845498194038e-07,True,down
WBGene00017592,1,0.9,GenX,-0.90593305,9.56398836013726e-07,True,down
WBGene00009347,1,0.6333333333333333,GenX,0.664536565,1.10801291498293e-06,True,up
WBGene00002249,1,1.0,GenX,0.342949073,1.84911224920164e-06,True,up
WBGene00008575,1,1.0,GenX,2.861480992,1.91356419311516e-06,True,up
WBGene00015739,1,1.0,GenX,1.09821279,2.97284473018241e-06,True,up
WBGene00015050,1,1.0,GenX,-0.869284314,3.42323772114169e-06,True,down
WBGene00019730,1,1.0,GenX,-0.87747123,4.11803216145414e-06,True,down
WBGene00009397,1,1.0,GenX,0.858246336,4.47561882102828e-06,True,up
WBGene00004990,1,0.9,GenX,-0.513603533,5.16510207313274e-06,True,down
WBGene00013035,1,1.0,GenX,-0.530642852,5.37977811100359e-06,True,down
WBGene00009165,1,1.0,GenX,0.786249462,5.84224953740651e-06,True,up
WBGene00022261,1,0.9666666666666667,GenX,1.539634248,7.54834270559506e-06,True,up
WBGene00009215,1,0.9333333333333333,GenX,-3.519474097,1.01404334512154e-05,True,down
WBGene00001786,1,0.6333333333333333,GenX,1.365946604,1.3023565232483e-05,True,up
WBGene00009396,1,0.9,GenX,0.494664177,1.44368759345584e-05,True,up
WBGene00008874,1,0.9666666666666667,GenX,1.545866434,1.50339222363705e-05,True,up
WBGene00001753,1,0.8666666666666667,GenX,1.90059483,1.90985937779494e-05,True,up
WBGene00006562,1,0.6333333333333333,GenX,-0.556603784,2.39774317826505e-05,True,down
WBGene00019895,1,1.0,GenX,-0.620739385,2.84342548105893e-05,True,down
WBGene00008477,1,0.9333333333333333,GenX,1.011534646,3.80357402211523e-05,True,up
WBGene00013904,1,0.9666666666666667,GenX,-1.226674574,3.87771757405021e-05,True,down
WBGene00000783,1,0.9666666666666667,GenX,0.560671323,4.68266501811068e-05,True,up
WBGene00007650,1,0.9,GenX,-0.367805054,6.31275524667424e-05,True,down
WBGene00008425,1,1.0,GenX,-0.782164932,7.59274391455974e-05,True,down
WBGene00016022,1,0.8666666666666667,GenX,0.746271311,7.67382598648282e-05,True,up
WBGene00022076,1,1.0,GenX,-0.849530961,8.63741232672966e-05,True,down
WBGene00020128,1,0.8666666666666667,GenX,1.070189431,8.72839919198253e-05,True,up
WBGene00003093,1,1.0,GenX,-2.851305789,8.88057430197058e-05,True,down
WBGene00009796,1,0.8666666666666667,GenX,0.584113963,0.000106619,True,up
WBGene00017874,1,0.6333333333333333,GenX,0.42092297,0.000110088,True,up
WBGene00004999,1,1.0,GenX,-0.501633431,0.000117738,True,down
WBGene00012664,1,1.0,GenX,-2.401349997,0.000121957,True,down
WBGene00014092,1,1.0,GenX,0.608910877,0.00012425,True,up
WBGene00007455,1,0.5,GenX,0.621308301,0.000134348,True,up
WBGene00021768,1,0.8666666666666667,GenX,1.428507758,0.000137926,True,up
WBGene00013820,1,1.0,GenX,-2.033285153,0.000152281,True,down
WBGene00018708,1,0.9666666666666667,GenX,-1.165514218,0.000154936,True,down
WBGene00012293,1,0.9666666666666667,GenX,2.093548146,0.000168298,True,up
WBGene00015088,1,0.5666666666666667,GenX,0.414168194,0.000180356,True,up
WBGene00000114,1,1.0,GenX,0.406379217,0.000188255,True,up
WBGene00016425,1,0.9666666666666667,GenX,1.17179107,0.000202327,True,up
WBGene00008296,1,0.8666666666666667,GenX,0.843879785,0.000206697,True,up
WBGene00004003,1,0.9666666666666667,GenX,0.710960161,0.000261341,True,up
WBGene00003233,1,0.6333333333333333,GenX,-0.378964148,0.000261341,True,down
WBGene00019089,1,0.9666666666666667,GenX,3.167062107,0.000280343,True,up
WBGene00003095,1,1.0,GenX,-2.467119085,0.000323913,True,down
WBGene00010660,1,0.8666666666666667,GenX,0.519491442,0.00033005,True,up
WBGene00010034,1,1.0,GenX,-1.826038783,0.000370314,True,down
WBGene00011841,1,1.0,GenX,2.444630891,0.000455748,True,up
WBGene00016451,1,1.0,GenX,-1.89077115,0.000484489,True,down
WBGene00015711,1,0.9333333333333333,GenX,1.701164391,0.000513101,True,up
WBGene00001754,1,0.9666666666666667,GenX,0.813900112,0.00054562,True,up
WBGene00015087,1,0.9666666666666667,GenX,0.656361877,0.00054562,True,up
WBGene00013597,1,1.0,GenX,0.318708463,0.000554004,True,up
WBGene00014057,1,1.0,GenX,-0.764151199,0.000556175,True,down
WBGene00001602,1,1.0,GenX,0.417056447,0.000624157,True,up
WBGene00008538,1,1.0,GenX,-1.08701996,0.000624157,True,down
WBGene00015646,1,0.5666666666666667,GenX,-0.552152609,0.000649507,True,down
WBGene00016063,1,0.9666666666666667,GenX,2.108518759,0.000695553,True,up
WBGene00003091,1,1.0,GenX,0.840998595,0.000755542,True,up
WBGene00007183,1,0.9666666666666667,GenX,2.568140587,0.000800762,True,up
WBGene00008462,1,0.9,GenX,-1.799641644,0.001167173,True,down
WBGene00019653,1,1.0,GenX,-0.883280378,0.001235187,True,down
WBGene00007565,1,1.0,GenX,-1.073716002,0.001342948,True,down
WBGene00015933,1,1.0,GenX,-1.670772309,0.001458062,True,down
WBGene00021590,1,1.0,GenX,1.048818715,0.001491927,True,up
WBGene00019660,1,1.0,GenX,0.900187872,0.00153289,True,up
WBGene00009526,1,0.9666666666666667,GenX,1.958716187,0.001955618,True,up
WBGene00013176,1,1.0,GenX,0.368849264,0.001965488,True,up
WBGene00010123,1,1.0,GenX,-1.29262788,0.001965488,True,down
WBGene00019279,1,1.0,GenX,-0.459683604,0.002317412,True,down
WBGene00019917,1,0.9,GenX,-1.345839381,0.002327624,True,down
WBGene00000216,1,0.9666666666666667,GenX,0.271357091,0.00236213,True,up
WBGene00006678,1,1.0,GenX,0.508733348,0.002450016,True,up
WBGene00010597,1,0.9666666666666667,GenX,0.475813994,0.002450016,True,up
WBGene00011076,1,1.0,GenX,1.643995212,0.002590597,True,up
WBGene00013292,1,0.9666666666666667,GenX,0.400496881,0.003033683,True,up
WBGene00018113,1,0.9666666666666667,GenX,1.067028963,0.003107123,True,up
WBGene00003096,1,0.8333333333333334,GenX,-1.175738415,0.003247135,True,down
WBGene00002199,1,0.9666666666666667,GenX,0.769112582,0.003350124,True,up
WBGene00016585,1,0.5333333333333333,GenX,0.493919448,0.003384451,True,up
WBGene00003828,1,1.0,GenX,-0.67565091,0.003384451,True,down
WBGene00020658,1,0.9666666666666667,GenX,0.560755823,0.003492685,True,up
WBGene00020938,1,1.0,GenX,-0.741532163,0.003773019,True,down
WBGene00000281,1,1.0,GenX,0.313484185,0.004456063,True,up
WBGene00003688,1,0.9666666666666667,GenX,0.576734803,0.005429115,True,up
WBGene00003094,1,0.9,GenX,-2.100329412,0.005527305,True,down
WBGene00009488,1,1.0,GenX,-1.535432846,0.005604759,True,down
WBGene00019986,1,1.0,GenX,0.333393365,0.005675035,True,up
WBGene00235113,1,0.9666666666666667,GenX,-1.296911721,0.00599215,True,down
WBGene00017332,1,0.9,GenX,-1.030904549,0.005992406,True,down
WBGene00007122,1,0.5666666666666667,GenX,0.280633548,0.006597658,True,up
WBGene00001787,1,0.9666666666666667,GenX,0.958937571,0.006957691,True,up
WBGene00017023,1,0.9666666666666667,GenX,-0.316994209,0.007046502,True,down
WBGene00020589,1,0.9666666666666667,GenX,0.430674006,0.007332395,True,up
WBGene00016769,1,1.0,GenX,0.384370903,0.007843318,True,up
WBGene00002274,1,0.6333333333333333,GenX,0.377384704,0.007843318,True,up
WBGene00009311,1,0.7333333333333333,GenX,-2.308367115,0.007843318,True,down
WBGene00008584,1,1.0,GenX,1.180878008,0.008066657,True,up
WBGene00016686,1,0.9333333333333333,GenX,2.513255215,0.008173597,True,up
WBGene00011767,1,0.9666666666666667,GenX,-0.307509618,0.009362018,True,down
WBGene00008596,1,0.9,GenX,-0.648714613,0.009664641,True,down
WBGene00001927,1,0.9333333333333333,GenX,-1.138285789,0.009833207,True,down
WBGene00010928,1,0.6333333333333333,GenX,-1.978665532,0.009833207,True,down
WBGene00021518,1,1.0,GenX,0.557304717,0.009880689,True,up
WBGene00012968,1,1.0,GenX,0.405782808,0.010116216,True,up
WBGene00019268,1,1.0,GenX,-0.64808759,0.010116216,True,down
WBGene00012921,1,1.0,GenX,-1.001838684,0.010181611,True,down
WBGene00013875,1,0.9333333333333333,GenX,-1.043317163,0.010181611,True,down
WBGene00008793,1,1.0,GenX,-0.791962047,0.010219781,True,down
WBGene00012251,1,1.0,GenX,-0.442831621,0.010831543,True,down
WBGene00021028,1,1.0,GenX,-1.342533664,0.011295086,True,down
WBGene00017818,1,1.0,GenX,-0.499189075,0.012319771,True,down
WBGene00044396,1,0.9666666666666667,GenX,0.479267993,0.012670699,True,up
WBGene00010901,1,0.9,GenX,-0.272474594,0.013036912,True,down
WBGene00016274,1,0.8666666666666667,GenX,-1.554862824,0.014594895,True,down
WBGene00022199,1,1.0,GenX,0.239230521,0.014794789,True,up
WBGene00044898,1,1.0,GenX,-0.809550719,0.015720136,True,down
WBGene00015913,1,0.9666666666666667,GenX,2.994102792,0.015757166,True,up
WBGene00002250,1,1.0,GenX,0.309863627,0.015908914,True,up
WBGene00020307,1,0.6333333333333333,GenX,0.369730574,0.016170226,True,up
WBGene00015280,1,0.5333333333333333,GenX,-0.264325107,0.017214108,True,down
WBGene00004259,1,1.0,GenX,-0.573319328,0.018277496,True,down
WBGene00219274,1,0.9666666666666667,GenX,-2.340505952,0.01889263,True,down
WBGene00017322,1,0.5333333333333333,GenX,-0.481673778,0.019157812,True,down
WBGene00017775,1,1.0,GenX,-0.299321511,0.020511697,True,down
WBGene00018971,1,1.0,GenX,0.52301437,0.02067836,True,up
WBGene00009056,1,1.0,GenX,1.09079224,0.021463853,True,up
WBGene00019803,1,0.9666666666666667,GenX,0.442418923,0.021463853,True,up
WBGene00011668,1,0.9333333333333333,GenX,-1.847369116,0.021463853,True,down
WBGene00016782,1,0.9,GenX,0.469683606,0.021595529,True,up
WBGene00010450,1,1.0,GenX,-0.331492926,0.022581628,True,down
WBGene00009424,1,0.6,GenX,-0.842041816,0.022581628,True,down
WBGene00007358,1,0.9,GenX,-1.152788453,0.023171793,True,down
WBGene00002118,1,0.5333333333333333,GenX,-0.51898102,0.024491527,True,down
WBGene00194955,1,0.6,GenX,1.101213681,0.024552117,True,up
WBGene00010791,1,0.9666666666666667,GenX,1.457764145,0.024572246,True,up
WBGene00020445,1,0.5666666666666667,GenX,0.463209789,0.025416015,True,up
WBGene00002054,1,0.9666666666666667,GenX,-0.404246144,0.025704866,True,down
WBGene00017071,1,1.0,GenX,-0.613771589,0.025795585,True,down
WBGene00008368,1,0.9666666666666667,GenX,0.365888166,0.028360808,True,up
WBGene00019109,1,0.9,GenX,0.75771449,0.029738705,True,up
WBGene00009423,1,0.5666666666666667,GenX,-0.796012586,0.030226374,True,down
WBGene00004414,1,1.0,GenX,-0.213841523,0.030233509,True,down
WBGene00043062,1,1.0,GenX,-0.534677726,0.030688129,True,down
WBGene00001925,1,0.9333333333333333,GenX,-0.996209722,0.031315823,True,down
WBGene00012530,1,1.0,GenX,0.282901076,0.033800192,True,up
WBGene00015080,1,0.9,GenX,-0.968461734,0.035428533,True,down
WBGene00016517,1,1.0,GenX,0.693603625,0.040190729,True,up
WBGene00002055,1,1.0,GenX,-0.648380946,0.040711882,True,down
WBGene00000781,1,1.0,GenX,-0.534948118,0.041413618,True,down
WBGene00014761,1,1.0,GenX,-0.789272309,0.04182918,True,down
WBGene00022179,1,1.0,GenX,0.836089034,0.042268584,True,up
WBGene00002855,1,1.0,GenX,0.186435986,0.042923153,True,up
WBGene00001500,1,1.0,GenX,-0.642552957,0.042957513,True,down
WBGene00012782,1,1.0,GenX,-0.220140099,0.043562436,True,down
WBGene00012911,1,0.9666666666666667,GenX,0.321844545,0.044149786,True,up
WBGene00015887,1,1.0,GenX,0.331118259,0.044449752,True,up
WBGene00021526,1,0.6333333333333333,GenX,-2.160337518,0.04491423,True,down
WBGene00018755,1,0.8666666666666667,GenX,0.668963701,0.045190431,True,up
WBGene00022644,1,0.7666666666666667,GenX,0.800896906,0.046287078,True,up
WBGene00002056,1,1.0,GenX,-0.248437673,0.047029368,True,down
WBGene00008993,1,1.0,GenX,0.566374774,0.047962314,True,up
WBGene00011821,1,1.0,GenX,-0.456389617,0.047962314,True,down
WBGene00007866,1,0.5333333333333333,GenX,-1.440636296,0.050090667,False,down
WBGene00021872,1,0.7,GenX,0.532404223,0.050111626,False,up
WBGene00016739,1,0.9666666666666667,GenX,-0.161876179,0.050695864,False,down
WBGene00001761,1,1.0,GenX,0.406707362,0.051415337,False,up
WBGene00008810,1,0.9666666666666667,GenX,1.150732304,0.051617892,False,up
WBGene00003736,1,0.5,GenX,0.318839373,0.052346111,False,up
WBGene00013748,1,1.0,GenX,0.997220647,0.052461702,False,up
WBGene00013541,1,0.9666666666666667,GenX,0.384859612,0.052461702,False,up
WBGene00018903,1,0.8666666666666667,GenX,-1.006360658,0.052461702,False,down
WBGene00003625,1,0.9666666666666667,GenX,0.202250438,0.052553679,False,up
WBGene00014046,1,0.9666666666666667,GenX,-2.023100084,0.052553679,False,down
WBGene00004124,1,0.9333333333333333,GenX,0.373461558,0.055268459,False,up
WBGene00004000,1,1.0,GenX,0.432336335,0.056008013,False,up
WBGene00007221,1,0.9666666666666667,GenX,0.261157763,0.056149305,False,up
WBGene00017641,1,0.9666666666666667,GenX,0.359927871,0.060835579,False,up
WBGene00009813,1,0.9666666666666667,GenX,0.386934192,0.061911215,False,up
WBGene00013078,1,0.7666666666666667,GenX,0.33479645,0.063834897,False,up
WBGene00004195,1,0.8,GenX,0.282357558,0.063834897,False,up
WBGene00001932,1,1.0,GenX,-0.857356189,0.063983327,False,down
WBGene00001699,1,0.9666666666666667,GenX,0.36929275,0.064427985,False,up
WBGene00007324,1,1.0,GenX,-0.394854277,0.064635855,False,down
WBGene00010516,1,1.0,GenX,-0.6990028,0.064635855,False,down
WBGene00001766,1,0.9,GenX,2.182673994,0.065933584,False,up
WBGene00013358,1,1.0,GenX,0.206298028,0.067056911,False,up
WBGene00016663,1,0.5333333333333333,GenX,0.30303846,0.067151918,False,up
WBGene00003627,1,0.9666666666666667,GenX,0.190692489,0.067350671,False,up
WBGene00002891,1,0.6,GenX,0.172971363,0.067350671,False,up
WBGene00010337,1,1.0,GenX,-0.245962088,0.067578594,False,down
WBGene00017448,1,1.0,GenX,-0.216601883,0.069624776,False,down
WBGene00012308,1,0.9,GenX,-1.621540031,0.070710038,False,down
WBGene00206373,1,0.9666666666666667,GenX,0.653563182,0.071177536,False,up
WBGene00011990,1,1.0,GenX,-0.258831794,0.073559223,False,down
WBGene00001773,1,0.9666666666666667,GenX,2.374193591,0.074542141,False,up
WBGene00009453,1,0.6666666666666666,GenX,0.313967725,0.077201635,False,up
WBGene00012594,1,1.0,GenX,1.578973533,0.078399124,False,up
WBGene00019465,1,1.0,GenX,0.183323525,0.079844488,False,up
WBGene00007153,1,1.0,GenX,0.299201019,0.08009153,False,up
WBGene00011262,1,1.0,GenX,-0.719134478,0.08009153,False,down
WBGene00007848,1,0.9666666666666667,GenX,0.253038559,0.081128957,False,up
WBGene00010128,1,1.0,GenX,0.481958522,0.081712371,False,up
WBGene00010774,1,1.0,GenX,-0.525035895,0.090148699,False,down
WBGene00010050,1,0.8,GenX,0.397536137,0.090888322,False,up
WBGene00016781,1,1.0,GenX,0.307531299,0.091461341,False,up
WBGene00044588,1,0.6,GenX,-0.667948623,0.093110525,False,down
WBGene00001905,1,0.9333333333333333,GenX,-0.975641052,0.094316415,False,down
WBGene00007228,1,0.9666666666666667,GenX,0.53164315,0.095803394,False,up
WBGene00007138,1,1.0,GenX,0.494116679,0.098868091,False,up
WBGene00014864,1,0.9666666666666667,GenX,-0.48508709,0.098868091,False,down
WBGene00017506,1,1.0,GenX,-0.605151492,0.098919156,False,down
WBGene00019846,1,1.0,GenX,-0.590303085,0.100810892,False,down
WBGene00007404,1,0.5,GenX,-0.699467474,0.101229949,False,down
WBGene00001933,1,0.9666666666666667,GenX,-0.81692035,0.102136687,False,down
WBGene00016424,1,0.9666666666666667,GenX,0.597702888,0.103826092,False,up
WBGene00006979,1,1.0,GenX,0.845611768,0.105173527,False,up
WBGene00017200,1,1.0,GenX,-1.014179436,0.105173527,False,down
WBGene00003767,1,0.9,GenX,-0.661911727,0.105234168,False,down
WBGene00019945,1,1.0,GenX,-1.082676729,0.10579905,False,down
WBGene00004238,1,1.0,GenX,-0.199281416,0.108305288,False,down
WBGene00021159,1,1.0,GenX,-0.322540985,0.109476548,False,down
WBGene00086558,1,0.6333333333333333,GenX,1.573858113,0.110264823,False,up
WBGene00020335,1,0.5,GenX,-0.573496066,0.110367482,False,down
WBGene00018412,1,0.9666666666666667,GenX,1.159722095,0.11363241,False,up
WBGene00009096,1,0.7,GenX,0.319543298,0.11626993,False,up
WBGene00009393,1,0.9666666666666667,GenX,0.264464912,0.117828612,False,up
WBGene00009511,1,0.6,GenX,0.320422002,0.118211573,False,up
WBGene00008184,1,1.0,GenX,1.121897078,0.118972148,False,up
WBGene00016201,1,0.9666666666666667,GenX,0.494502178,0.120761426,False,up
WBGene00020378,1,1.0,GenX,-0.375006408,0.123707593,False,down
WBGene00077573,1,0.9333333333333333,GenX,1.296875003,0.123731054,False,up
WBGene00009686,1,0.6333333333333333,GenX,-0.742434116,0.125508669,False,down
WBGene00019060,1,0.9,GenX,0.402136979,0.1270793,False,up
WBGene00000472,1,1.0,GenX,-0.125343067,0.127167979,False,down
WBGene00019008,1,1.0,GenX,0.43239286,0.128243852,False,up
WBGene00017443,1,0.9666666666666667,GenX,0.389419317,0.128288083,False,up
WBGene00009433,1,0.9666666666666667,GenX,0.345295131,0.130958546,False,up
WBGene00004405,1,1.0,GenX,0.280691976,0.136040878,False,up
WBGene00012947,1,0.7333333333333333,GenX,1.706266079,0.140057358,False,up
WBGene00015277,1,0.9,GenX,-0.778033251,0.145831898,False,down
WBGene00017123,1,0.8666666666666667,GenX,0.332616649,0.146441232,False,up
WBGene00009529,1,0.6333333333333333,GenX,0.342660381,0.147735946,False,up
WBGene00018678,1,0.9333333333333333,GenX,-0.232930743,0.148353064,False,down
WBGene00001767,1,1.0,GenX,-0.521081084,0.149627687,False,down
WBGene00004191,1,0.9333333333333333,GenX,0.274139502,0.149745122,False,up
WBGene00019370,1,0.9,GenX,-0.353248492,0.150612809,False,down
WBGene00001878,1,0.9666666666666667,GenX,-1.126528525,0.150612809,False,down
WBGene00044644,1,0.9666666666666667,GenX,0.97931542,0.15362764,False,up
WBGene00017027,1,0.7,GenX,0.613845313,0.156618374,False,up
WBGene00012149,1,0.9,GenX,-0.321058686,0.163732911,False,down
WBGene00001764,1,1.0,GenX,0.81667549,0.168958425,False,up
WBGene00004218,1,1.0,GenX,-0.379103993,0.168958425,False,down
WBGene00021008,1,0.9666666666666667,GenX,-0.607552964,0.17134626,False,down
WBGene00005670,1,0.9,GenX,0.653181937,0.172585444,False,up
WBGene00001984,1,1.0,GenX,0.356385444,0.173221083,False,up
WBGene00020797,1,0.9666666666666667,GenX,-1.098808725,0.173221083,False,down
WBGene00007482,1,1.0,GenX,-0.398570192,0.175778614,False,down
WBGene00017945,1,1.0,GenX,0.394104909,0.177551928,False,up
WBGene00008199,1,1.0,GenX,0.378967336,0.18202687,False,up
WBGene00009947,1,1.0,GenX,0.29668371,0.182050427,False,up
WBGene00019731,1,0.7333333333333333,GenX,-0.468430522,0.182714239,False,down
WBGene00007267,1,0.6333333333333333,GenX,-0.13717212,0.185063323,False,down
WBGene00019604,1,1.0,GenX,-0.755385343,0.185780385,False,down
WBGene00015896,1,1.0,GenX,0.646497908,0.18646312,False,up
WBGene00014253,1,1.0,GenX,0.253588824,0.18899316,False,up
WBGene00017625,1,0.9666666666666667,GenX,0.366897696,0.189945264,False,up
WBGene00012471,1,0.7333333333333333,GenX,-0.146791881,0.191692105,False,down
WBGene00009994,1,0.7,GenX,-0.224580329,0.193145177,False,down
WBGene00008985,1,0.9666666666666667,GenX,1.427260405,0.193501128,False,up
WBGene00016571,1,0.9666666666666667,GenX,0.652621621,0.194717585,False,up
WBGene00001702,1,0.9666666666666667,GenX,0.300527296,0.195364984,False,up
WBGene00008654,1,0.9666666666666667,GenX,-0.287207497,0.196424463,False,down
WBGene00015469,1,0.9,GenX,0.284427382,0.198461532,False,up
WBGene00003611,1,1.0,GenX,-0.306114147,0.198921472,False,down
WBGene00016892,1,1.0,GenX,-0.734960026,0.199637062,False,down
WBGene00011089,1,1.0,GenX,0.323044055,0.199826701,False,up
WBGene00017971,1,1.0,GenX,0.215391967,0.202940454,False,up
WBGene00016360,1,0.8,GenX,-0.700457528,0.203256955,False,down
WBGene00000988,1,1.0,GenX,0.488617587,0.203357329,False,up
WBGene00006463,1,0.9666666666666667,GenX,-0.344693901,0.206682431,False,down
WBGene00023492,1,1.0,GenX,1.768185458,0.20697078,False,up
WBGene00013540,1,0.9666666666666667,GenX,-0.297053887,0.214072681,False,down
WBGene00001926,1,0.9333333333333333,GenX,-0.677121199,0.214227302,False,down
WBGene00004091,1,0.6,GenX,0.234527785,0.214699784,False,up
WBGene00013564,1,0.9666666666666667,GenX,0.943642731,0.216959233,False,up
WBGene00001906,1,0.9666666666666667,GenX,-0.517497659,0.217933276,False,down
WBGene00011940,1,0.5333333333333333,GenX,-0.172487941,0.218808734,False,down
WBGene00020311,1,1.0,GenX,-0.388667705,0.218808734,False,down
WBGene00044759,1,0.9666666666666667,GenX,0.489149356,0.221199593,False,up
WBGene00004172,1,0.9666666666666667,GenX,0.189490586,0.225330957,False,up
WBGene00018839,1,1.0,GenX,0.686494372,0.226454334,False,up
WBGene00008803,1,0.9,GenX,0.303730806,0.230645967,False,up
WBGene00011330,1,0.9,GenX,0.216763195,0.231580874,False,up
WBGene00008826,1,0.9666666666666667,GenX,0.859858468,0.232479762,False,up
WBGene00235114,1,1.0,GenX,-0.570980333,0.236029841,False,down
WBGene00015424,1,1.0,GenX,0.466697704,0.236153427,False,up
WBGene00008629,1,1.0,GenX,-0.690767648,0.240079454,False,down
WBGene00005585,1,0.9333333333333333,GenX,-1.025511207,0.243967013,False,down
WBGene00001399,1,1.0,GenX,-1.512162083,0.245639876,False,down
WBGene00010998,1,1.0,GenX,0.479178896,0.247042421,False,up
WBGene00017751,1,1.0,GenX,-0.856537737,0.247893642,False,down
WBGene00008519,1,1.0,GenX,0.511094308,0.255270011,False,up
WBGene00194928,1,1.0,GenX,1.080410861,0.258605385,False,up
WBGene00077692,1,0.9666666666666667,GenX,0.975262271,0.258605385,False,up
WBGene00009495,1,0.9333333333333333,GenX,-0.523778296,0.258605385,False,down
WBGene00008227,1,0.9333333333333333,GenX,-0.289399893,0.260163777,False,down
WBGene00008644,1,0.6,GenX,-0.354340105,0.261987187,False,down
WBGene00002146,1,0.8,GenX,0.181747472,0.262095538,False,up
WBGene00000996,1,0.5666666666666667,GenX,0.180112464,0.262923799,False,up
WBGene00000972,1,1.0,GenX,-0.563826589,0.26735142,False,down
WBGene00019029,1,0.9666666666666667,GenX,-0.697964496,0.267483437,False,down
WBGene00006434,1,0.9666666666666667,GenX,0.186348464,0.271289693,False,up
WBGene00164973,1,1.0,GenX,-0.533884016,0.272204853,False,down
WBGene00044073,1,0.5333333333333333,GenX,0.399394615,0.272532522,False,up
WBGene00018424,1,1.0,GenX,-0.620587471,0.272532522,False,down
WBGene00016957,1,1.0,GenX,-0.278994718,0.272735507,False,down
WBGene00020182,1,0.9333333333333333,GenX,0.596015092,0.277670431,False,up
WBGene00018692,1,1.0,GenX,0.244037724,0.282176059,False,up
WBGene00008694,1,0.9333333333333333,GenX,0.168957645,0.286077922,False,up
WBGene00011510,1,1.0,GenX,0.116084484,0.287006041,False,up
WBGene00009480,1,0.5,GenX,0.746272939,0.287624169,False,up
WBGene00011258,1,0.9,GenX,-0.285819018,0.287624169,False,down
WBGene00044455,1,0.9,GenX,-0.431408288,0.287624169,False,down
WBGene00001896,1,0.7666666666666667,GenX,-0.617412256,0.287624169,False,down
WBGene00003765,1,1.0,GenX,-0.58453314,0.295481486,False,down
WBGene00000022,1,0.9666666666666667,GenX,-0.198197078,0.295778328,False,down
WBGene00009577,1,0.6333333333333333,GenX,0.194197586,0.301365964,False,up
WBGene00007450,1,1.0,GenX,-0.487117074,0.306478444,False,down
WBGene00012753,1,1.0,GenX,-0.345154273,0.307880067,False,down
WBGene00001894,1,0.9,GenX,-0.75281204,0.311730353,False,down
WBGene00001705,1,0.5,GenX,0.650249871,0.318406664,False,up
WBGene00007330,1,0.6,GenX,0.423812306,0.323683607,False,up
WBGene00001034,1,1.0,GenX,0.106239477,0.325161258,False,up
WBGene00009400,1,0.8666666666666667,GenX,-0.695130735,0.326464877,False,down
WBGene00021213,1,1.0,GenX,-0.584588917,0.328895853,False,down
WBGene00009518,1,1.0,GenX,-0.447625027,0.332535285,False,down
WBGene00044132,1,1.0,GenX,0.553478186,0.333902206,False,up
WBGene00007819,1,1.0,GenX,0.297210506,0.340011158,False,up
WBGene00017881,1,1.0,GenX,-0.73693045,0.340011158,False,down
WBGene00001793,1,0.9666666666666667,GenX,-0.182738181,0.346732137,False,down
WBGene00016756,1,0.9,GenX,-0.325628224,0.346732137,False,down
WBGene00001922,1,1.0,GenX,-0.533757421,0.346732137,False,down
WBGene00004197,1,1.0,GenX,0.269202968,0.350178041,False,up
WBGene00010514,1,0.8666666666666667,GenX,-0.511600908,0.355162768,False,down
WBGene00002223,1,1.0,GenX,0.117160766,0.356098852,False,up
WBGene00194746,1,0.9666666666666667,GenX,1.006519859,0.356465928,False,up
WBGene00012688,1,1.0,GenX,0.424149488,0.362541151,False,up
WBGene00011852,1,0.9,GenX,-0.319660734,0.364612902,False,down
WBGene00010947,1,1.0,GenX,-0.223197335,0.367622604,False,down
WBGene00004421,1,0.5666666666666667,GenX,-0.142363018,0.368998638,False,down
WBGene00004007,1,1.0,GenX,-0.914565564,0.370299258,False,down
WBGene00004986,1,1.0,GenX,-0.246670836,0.372763201,False,down
WBGene00001490,1,1.0,GenX,-0.121211795,0.378685812,False,down
WBGene00012583,1,0.9333333333333333,GenX,0.497346523,0.38007841,False,up
WBGene00020580,1,0.9666666666666667,GenX,0.558685076,0.383297808,False,up
WBGene00001527,1,1.0,GenX,0.114842244,0.383363056,False,up
WBGene00009898,1,0.9666666666666667,GenX,1.993084461,0.38363172,False,up
WBGene00022127,1,0.9666666666666667,GenX,-0.140584612,0.384845388,False,down
WBGene00015122,1,0.5,GenX,0.190367648,0.386417462,False,up
WBGene00008167,1,1.0,GenX,0.218212493,0.386608816,False,up
WBGene00002974,1,0.6,GenX,-0.132962264,0.389703556,False,down
WBGene00015693,1,1.0,GenX,0.408938163,0.393395902,False,up
WBGene00003413,1,1.0,GenX,0.296892746,0.393395902,False,up
WBGene00012533,1,1.0,GenX,-0.376346636,0.393395902,False,down
WBGene00000451,1,0.9666666666666667,GenX,-0.490779125,0.394608339,False,down
WBGene00009394,1,1.0,GenX,0.149504605,0.395141128,False,up
WBGene00016435,1,1.0,GenX,0.260189722,0.396985674,False,up
WBGene00014207,1,1.0,GenX,-0.177655882,0.397565347,False,down
WBGene00006886,1,1.0,GenX,0.281972871,0.397892896,False,up
WBGene00001877,1,1.0,GenX,-0.481489678,0.398797045,False,down
WBGene00019249,1,1.0,GenX,0.137439452,0.399905491,False,up
WBGene00014172,1,0.9666666666666667,GenX,0.15631914,0.400326894,False,up
WBGene00021000,1,0.6333333333333333,GenX,-0.446172382,0.404238098,False,down
WBGene00003891,1,0.9666666666666667,GenX,0.185165648,0.404603124,False,up
WBGene00011236,1,0.6,GenX,-0.369287202,0.407467984,False,down
WBGene00003758,1,0.9666666666666667,GenX,0.267437004,0.409283685,False,up
WBGene00018986,1,1.0,GenX,0.261881793,0.409283685,False,up
WBGene00015623,1,1.0,GenX,0.760366289,0.409612848,False,up
WBGene00194908,1,0.9666666666666667,GenX,0.305530874,0.419222285,False,up
WBGene00015388,1,0.9666666666666667,GenX,0.73379494,0.419230101,False,up
WBGene00010659,1,0.8,GenX,-0.416773194,0.419230101,False,down
WBGene00000799,1,1.0,GenX,-0.305195947,0.419349389,False,down
WBGene00007942,1,1.0,GenX,0.122473737,0.420828371,False,up
WBGene00021564,1,0.9333333333333333,GenX,0.15047023,0.425271163,False,up
WBGene00009389,1,0.8,GenX,-0.152162127,0.427762303,False,down
WBGene00008022,1,0.9333333333333333,GenX,-0.340514706,0.431697293,False,down
WBGene00012324,1,0.9,GenX,-0.435184853,0.432088941,False,down
WBGene00018153,1,0.9,GenX,0.472682677,0.433061827,False,up
WBGene00001919,1,0.9,GenX,-0.657743462,0.433859951,False,down
WBGene00045393,1,0.9666666666666667,GenX,1.269617558,0.433979465,False,up
WBGene00016809,1,0.9666666666666667,GenX,0.238580858,0.436651982,False,up
WBGene00003507,1,0.9666666666666667,GenX,0.191734449,0.436651982,False,up
WBGene00006947,1,0.7333333333333333,GenX,-0.720644967,0.436651982,False,down
WBGene00002344,1,1.0,GenX,-0.103908161,0.436841918,False,down
WBGene00017379,1,0.8333333333333334,GenX,0.375377573,0.441303953,False,up
WBGene00015807,1,1.0,GenX,-0.271867592,0.441303953,False,down
WBGene00010649,1,0.6,GenX,-0.287189023,0.442632049,False,down
WBGene00013266,1,1.0,GenX,-0.160296101,0.450158482,False,down
WBGene00021136,1,0.7666666666666667,GenX,-0.863535508,0.450158482,False,down
WBGene00012857,1,1.0,GenX,0.204667604,0.451757311,False,up
WBGene00000968,1,0.9333333333333333,GenX,-0.305134434,0.455099248,False,down
WBGene00022847,1,0.9666666666666667,GenX,0.238815834,0.455403033,False,up
WBGene00001893,1,0.9333333333333333,GenX,-0.570560913,0.456821948,False,down
WBGene00022252,1,1.0,GenX,0.200853467,0.457050455,False,up
WBGene00020509,1,0.5666666666666667,GenX,0.175523923,0.457394903,False,up
WBGene00017125,1,1.0,GenX,0.14113449,0.457394903,False,up
WBGene00001746,1,0.9666666666666667,GenX,0.11121361,0.461217422,False,up
WBGene00044807,1,0.9333333333333333,GenX,-0.735675604,0.465561748,False,down
WBGene00010773,1,0.9,GenX,0.229475865,0.465777468,False,up
WBGene00002057,1,1.0,GenX,-0.231505555,0.465777468,False,down
WBGene00011407,1,0.9666666666666667,GenX,-0.339746918,0.465777468,False,down
WBGene00001889,1,0.5333333333333333,GenX,-0.781243472,0.465777468,False,down
WBGene00003769,1,0.9666666666666667,GenX,-0.43733281,0.468328555,False,down
WBGene00010148,1,1.0,GenX,0.757532546,0.47080406,False,up
WBGene00044034,1,0.9666666666666667,GenX,0.593308569,0.47080406,False,up
WBGene00001881,1,0.9666666666666667,GenX,-0.679220895,0.47080406,False,down
WBGene00015259,1,1.0,GenX,0.53829083,0.471699252,False,up
WBGene00011044,1,0.6333333333333333,GenX,-0.20698075,0.474609965,False,down
WBGene00016096,1,1.0,GenX,-0.46766953,0.474609965,False,down
WBGene00020156,1,1.0,GenX,-0.322807651,0.47488627,False,down
WBGene00018910,1,0.7666666666666667,GenX,0.624486532,0.474988041,False,up
WBGene00021709,1,1.0,GenX,0.365241798,0.476143192,False,up
WBGene00008996,1,0.8,GenX,0.277977925,0.476143192,False,up
WBGene00008922,1,1.0,GenX,0.274944049,0.476143192,False,up
WBGene00016763,1,1.0,GenX,0.214016843,0.477324665,False,up
WBGene00015167,1,0.8666666666666667,GenX,-0.42303047,0.477324665,False,down
WBGene00018393,1,1.0,GenX,-1.051393713,0.478408775,False,down
WBGene00001168,1,1.0,GenX,-0.088638245,0.482206628,False,down
WBGene00044468,1,0.9666666666666667,GenX,0.284251158,0.483665784,False,up
WBGene00015823,1,1.0,GenX,-0.151666864,0.492046065,False,down
WBGene00003511,1,0.8333333333333334,GenX,-0.480623523,0.492470162,False,down
WBGene00019496,1,0.9666666666666667,GenX,-0.327181706,0.492854813,False,down
WBGene00045457,1,0.9666666666666667,GenX,1.180923012,0.495215967,False,up
WBGene00011868,1,0.7666666666666667,GenX,0.20185576,0.498694927,False,up
WBGene00017650,1,0.6,GenX,0.445008212,0.509090344,False,up
WBGene00010778,1,1.0,GenX,-0.093641118,0.509090344,False,down
WBGene00020151,1,0.9666666666666667,GenX,0.597275564,0.509450758,False,up
WBGene00012747,1,1.0,GenX,-0.56818995,0.515203338,False,down
WBGene00013602,1,0.6666666666666666,GenX,0.400079412,0.515298482,False,up
WBGene00003099,1,0.9666666666666667,GenX,-1.189338536,0.518837479,False,down
WBGene00016340,1,0.9666666666666667,GenX,1.223704344,0.520507642,False,up
WBGene00008917,1,0.9,GenX,-0.533929604,0.521813516,False,down
WBGene00016144,1,1.0,GenX,0.136963912,0.522219177,False,up
WBGene00016150,1,0.8666666666666667,GenX,-0.238437851,0.522940726,False,down
WBGene00009334,1,1.0,GenX,-0.159214895,0.526719502,False,down
WBGene00020082,1,1.0,GenX,-0.10650422,0.528556961,False,down
WBGene00022817,1,1.0,GenX,0.146421019,0.528679892,False,up
WBGene00004804,1,1.0,GenX,0.160493685,0.529066273,False,up
WBGene00012788,1,0.9333333333333333,GenX,0.494919735,0.529255456,False,up
WBGene00013766,1,0.9,GenX,-0.154063179,0.534821448,False,down
WBGene00001719,1,0.5666666666666667,GenX,0.300739387,0.534960424,False,up
WBGene00018402,1,0.9,GenX,0.213601983,0.535571625,False,up
WBGene00012589,1,1.0,GenX,0.369442672,0.535997914,False,up
WBGene00004193,1,1.0,GenX,0.172053634,0.543383146,False,up
WBGene00012744,1,1.0,GenX,0.571967217,0.545874067,False,up
WBGene00007841,1,1.0,GenX,-0.357231706,0.545910881,False,down
WBGene00007778,1,0.9666666666666667,GenX,0.60812349,0.552146763,False,up
WBGene00011436,1,0.9666666666666667,GenX,0.156402027,0.552146763,False,up
WBGene00017947,1,0.9,GenX,-0.245596932,0.553587786,False,down
WBGene00012597,1,1.0,GenX,0.597583206,0.553791028,False,up
WBGene00022490,1,1.0,GenX,-0.203811866,0.555715961,False,down
WBGene00006658,1,1.0,GenX,-0.412925025,0.557966418,False,down
WBGene00004930,1,0.9333333333333333,GenX,0.209956957,0.558116421,False,up
WBGene00017645,1,1.0,GenX,-0.503837938,0.561332575,False,down
WBGene00012748,1,0.8,GenX,-0.61468637,0.561332575,False,down
WBGene00018467,1,1.0,GenX,-0.137514747,0.564073972,False,down
WBGene00021582,1,1.0,GenX,0.790344408,0.564078719,False,up
WBGene00011399,1,0.6666666666666666,GenX,-0.215834172,0.564081598,False,down
WBGene00001928,1,0.9,GenX,-0.645322564,0.564151614,False,down
WBGene00004285,1,1.0,GenX,-0.157153613,0.564642011,False,down
WBGene00000049,1,1.0,GenX,-0.365776226,0.564642011,False,down
WBGene00009648,1,1.0,GenX,0.198055077,0.56758104,False,up
WBGene00010620,1,0.6666666666666666,GenX,0.107842187,0.56758104,False,up
WBGene00012023,1,0.9666666666666667,GenX,-0.403930361,0.575059964,False,down
WBGene00001895,1,0.9,GenX,-0.51914176,0.581784756,False,down
WBGene00002008,1,1.0,GenX,0.143990871,0.582259864,False,up
WBGene00219420,1,1.0,GenX,-0.521992063,0.582394937,False,down
WBGene00007574,1,0.6,GenX,-0.223159572,0.58246937,False,down
WBGene00009900,1,1.0,GenX,-0.363025749,0.582550747,False,down
WBGene00012067,1,0.6,GenX,-1.276317632,0.582550747,False,down
WBGene00021224,1,0.7666666666666667,GenX,0.555119589,0.582853738,False,up
WBGene00007068,1,0.9666666666666667,GenX,0.161963952,0.582853738,False,up
WBGene00000929,1,0.9666666666666667,GenX,0.116485927,0.582853738,False,up
WBGene00007786,1,0.9666666666666667,GenX,0.093454238,0.582853738,False,up
WBGene00044001,1,0.9,GenX,-0.408270675,0.582853738,False,down
WBGene00012781,1,0.5,GenX,-0.686624061,0.582853738,False,down
WBGene00004059,1,0.9666666666666667,GenX,0.11193179,0.583229792,False,up
WBGene00015336,1,0.9333333333333333,GenX,-0.14642585,0.583856692,False,down
WBGene00021492,1,1.0,GenX,0.419479897,0.584267763,False,up
WBGene00010988,1,0.5333333333333333,GenX,-0.260821478,0.584267763,False,down
WBGene00011062,1,0.9,GenX,-0.599422219,0.584731413,False,down
WBGene00017024,1,0.9666666666666667,GenX,1.310289992,0.58505185,False,up
WBGene00008180,1,0.5666666666666667,GenX,-0.583080794,0.58505185,False,down
WBGene00007163,1,1.0,GenX,-0.530851655,0.586984016,False,down
WBGene00013559,1,1.0,GenX,0.365842298,0.589081202,False,up
WBGene00001879,1,0.9666666666666667,GenX,-0.651930611,0.589081202,False,down
WBGene00019080,1,0.9333333333333333,GenX,0.604414324,0.589784634,False,up
WBGene00206354,1,1.0,GenX,0.322317344,0.589784634,False,up
WBGene00012295,1,0.9666666666666667,GenX,0.317195254,0.589784634,False,up
WBGene00014108,1,1.0,GenX,0.117812272,0.589784634,False,up
WBGene00011235,1,1.0,GenX,-0.497068922,0.589784634,False,down
WBGene00013935,1,1.0,GenX,-0.810486851,0.589784634,False,down
WBGene00194902,1,0.9666666666666667,GenX,1.293636973,0.590137774,False,up
WBGene00020472,1,0.9666666666666667,GenX,1.138068514,0.590137774,False,up
WBGene00002095,1,1.0,GenX,0.460661834,0.590137774,False,up
WBGene00020365,1,1.0,GenX,0.31249204,0.590137774,False,up
WBGene00003385,1,1.0,GenX,0.20043747,0.590137774,False,up
WBGene00013497,1,1.0,GenX,-0.203969004,0.590137774,False,down
WBGene00001940,1,1.0,GenX,-0.534485114,0.590137774,False,down
WBGene00001903,1,0.9666666666666667,GenX,-0.903615595,0.591896055,False,down
WBGene00015378,1,1.0,GenX,0.167241155,0.592841807,False,up
WBGene00007906,1,0.9666666666666667,GenX,0.152118332,0.598541396,False,up
WBGene00019619,1,0.7,GenX,-0.31852053,0.598679461,False,down
WBGene00003253,1,0.6333333333333333,GenX,-0.072481489,0.601054168,False,down
WBGene00016073,1,1.0,GenX,-0.131698646,0.601862016,False,down
WBGene00007010,1,0.9666666666666667,GenX,0.108131353,0.607700054,False,up
WBGene00021556,1,1.0,GenX,0.156624266,0.608663072,False,up
WBGene00003397,1,0.9,GenX,-0.11235206,0.611061452,False,down
WBGene00010931,1,1.0,GenX,-0.344474001,0.611183672,False,down
WBGene00019393,1,1.0,GenX,-0.514494738,0.611183672,False,down
WBGene00017777,1,1.0,GenX,-0.130923424,0.616043897,False,down
WBGene00000556,1,1.0,GenX,-0.484504818,0.618271775,False,down
WBGene00020760,1,0.6,GenX,0.549116213,0.618813782,False,up
WBGene00015373,1,0.8666666666666667,GenX,-0.570360998,0.619160644,False,down
WBGene00006944,1,1.0,GenX,-0.110083222,0.620719144,False,down
WBGene00005009,1,0.5666666666666667,GenX,0.078513338,0.621119153,False,up
WBGene00000190,1,0.9666666666666667,GenX,0.707683288,0.621721674,False,up
WBGene00006407,1,1.0,GenX,-0.082851622,0.622133673,False,down
WBGene00007867,1,0.9666666666666667,GenX,-0.38065978,0.622133673,False,down
WBGene00003111,1,0.6333333333333333,GenX,0.140794112,0.623164642,False,up
WBGene00009494,1,0.5666666666666667,GenX,-0.562991797,0.625353577,False,down
WBGene00005648,1,0.9333333333333333,GenX,0.11354317,0.627844207,False,up
WBGene00015125,1,1.0,GenX,0.113289465,0.627844207,False,up
WBGene00011774,1,0.9666666666666667,GenX,-0.207515652,0.627844207,False,down
WBGene00000981,1,0.9,GenX,0.249127357,0.628001558,False,up
WBGene00016577,1,1.0,GenX,-0.516275634,0.628607759,False,down
WBGene00009255,1,1.0,GenX,1.469488662,0.629682666,False,up
WBGene00022019,1,0.9,GenX,0.072564238,0.63478325,False,up
WBGene00013840,1,1.0,GenX,0.395580546,0.63720007,False,up
WBGene00019164,1,1.0,GenX,-0.138837005,0.637343783,False,down
WBGene00001918,1,0.5666666666666667,GenX,-0.592638617,0.63981536,False,down
WBGene00010559,1,0.8,GenX,0.244072322,0.640611413,False,up
WBGene00006918,1,0.7666666666666667,GenX,0.099173717,0.645688257,False,up
WBGene00009902,1,1.0,GenX,0.440726303,0.646127328,False,up
WBGene00007353,1,0.9333333333333333,GenX,-0.168536532,0.646583211,False,down
WBGene00017166,1,0.9333333333333333,GenX,0.084731629,0.647001087,False,up
WBGene00009146,1,0.6333333333333333,GenX,-0.291991539,0.647559285,False,down
WBGene00044440,1,0.6,GenX,0.111527386,0.650022885,False,up
WBGene00020137,1,1.0,GenX,-0.278372269,0.650953463,False,down
WBGene00008553,1,0.9,GenX,-0.429481486,0.650953463,False,down
WBGene00008809,1,0.8666666666666667,GenX,0.870288353,0.65102885,False,up
WBGene00011362,1,0.9333333333333333,GenX,-0.475010268,0.65110038,False,down
WBGene00010253,1,1.0,GenX,0.938462882,0.651902976,False,up
WBGene00019550,1,0.8666666666666667,GenX,-0.358635246,0.651978501,False,down
WBGene00008214,1,0.9666666666666667,GenX,0.175175114,0.653017003,False,up
WBGene00000979,1,0.6666666666666666,GenX,-0.643772856,0.653097556,False,down
WBGene00020029,1,0.9666666666666667,GenX,-0.133643322,0.654289655,False,down
WBGene00016045,1,0.7,GenX,0.109313824,0.65486558,False,up
WBGene00004225,1,0.5333333333333333,GenX,0.177559832,0.65862643,False,up
WBGene00000008,1,0.9333333333333333,GenX,-0.737632829,0.659798675,False,down
WBGene00009886,1,0.9,GenX,-0.085911977,0.662019322,False,down
WBGene00006999,1,0.9333333333333333,GenX,-0.080266306,0.662939641,False,down
WBGene00016987,1,0.9333333333333333,GenX,-0.188686871,0.662939641,False,down
WBGene00016817,1,1.0,GenX,-0.231624871,0.662939641,False,down
WBGene00012107,1,0.9333333333333333,GenX,-0.309896077,0.662939641,False,down
WBGene00007599,1,0.9666666666666667,GenX,0.249954685,0.664200962,False,up
WBGene00001116,1,1.0,GenX,-0.114506079,0.664200962,False,down
WBGene00008452,1,1.0,GenX,-0.088330571,0.665328109,False,down
WBGene00022505,1,0.9,GenX,-0.201907803,0.665549635,False,down
WBGene00003642,1,1.0,GenX,-0.411525791,0.665549635,False,down
WBGene00045253,1,1.0,GenX,0.354117667,0.666489573,False,up
WBGene00020908,1,1.0,GenX,0.120686405,0.666489573,False,up
WBGene00000279,1,0.9666666666666667,GenX,-0.183460662,0.666489573,False,down
WBGene00010605,1,1.0,GenX,0.109214434,0.667255211,False,up
WBGene00019677,1,0.7,GenX,-0.195618825,0.667873224,False,down
WBGene00017806,1,0.9,GenX,0.565736145,0.668008246,False,up
WBGene00003377,1,1.0,GenX,0.422691722,0.668008246,False,up
WBGene00003474,1,1.0,GenX,0.63683089,0.670550258,False,up
WBGene00021814,1,1.0,GenX,0.197571022,0.671316798,False,up
WBGene00003530,1,0.9666666666666667,GenX,0.170729421,0.672169908,False,up
WBGene00015190,1,0.9666666666666667,GenX,-0.168407209,0.674538339,False,down
WBGene00018353,1,0.9666666666666667,GenX,0.539442406,0.674713482,False,up
WBGene00020648,1,1.0,GenX,-0.403955754,0.674713482,False,down
WBGene00015333,1,0.9666666666666667,GenX,-0.312454437,0.676369956,False,down
WBGene00010353,1,0.6333333333333333,GenX,0.509157694,0.676440979,False,up
WBGene00004823,1,1.0,GenX,-0.216462988,0.677519258,False,down
WBGene00015382,1,0.9666666666666667,GenX,0.260762918,0.678032577,False,up
WBGene00007296,1,0.6333333333333333,GenX,-0.104308882,0.678032577,False,down
WBGene00000985,1,1.0,GenX,0.080308974,0.679138502,False,up
WBGene00017530,1,1.0,GenX,0.19728562,0.679170464,False,up
WBGene00001692,1,0.9666666666666667,GenX,0.237949487,0.679932539,False,up
WBGene00001740,1,0.5666666666666667,GenX,-0.120098746,0.681647452,False,down
WBGene00016998,1,1.0,GenX,0.329295106,0.682728173,False,up
WBGene00020141,1,1.0,GenX,-0.222893924,0.682728173,False,down
WBGene00015327,1,0.6,GenX,-0.154445392,0.683644999,False,down
WBGene00004890,1,1.0,GenX,-0.122819804,0.683695956,False,down
WBGene00003764,1,0.9666666666666667,GenX,-0.244505856,0.684820151,False,down
WBGene00044663,1,0.9666666666666667,GenX,0.458973901,0.685876352,False,up
WBGene00000068,1,0.8666666666666667,GenX,0.080803171,0.685899926,False,up
WBGene00001687,1,1.0,GenX,-0.213149945,0.686120435,False,down
WBGene00021580,1,0.5,GenX,1.219897309,0.689127725,False,up
WBGene00016246,1,0.5333333333333333,GenX,0.155053642,0.689127725,False,up
WBGene00015553,1,1.0,GenX,0.069689429,0.689127725,False,up
WBGene00009943,1,0.9,GenX,-0.144852389,0.689127725,False,down
WBGene00001886,1,0.5,GenX,-0.454687152,0.689127725,False,down
WBGene00016162,1,1.0,GenX,0.087302913,0.691740422,False,up
WBGene00021901,1,0.7,GenX,-0.086706838,0.691773091,False,down
WBGene00015790,1,0.9666666666666667,GenX,0.103880582,0.692131515,False,up
WBGene00020820,1,0.8,GenX,0.100517084,0.692131515,False,up
WBGene00006533,1,0.5666666666666667,GenX,0.080231077,0.692131515,False,up
WBGene00044260,1,0.6333333333333333,GenX,-0.149660074,0.692131515,False,down
WBGene00008577,1,0.6,GenX,-0.267047135,0.692131515,False,down
WBGene00021983,1,0.5666666666666667,GenX,0.116927076,0.694254342,False,up
WBGene00044707,1,0.9666666666666667,GenX,1.003845183,0.694546777,False,up
WBGene00019763,1,0.6333333333333333,GenX,-0.306419458,0.694546777,False,down
WBGene00006478,1,0.8666666666666667,GenX,0.068664131,0.694914473,False,up
WBGene00017376,1,1.0,GenX,0.162685943,0.695033226,False,up
WBGene00022657,1,0.9666666666666667,GenX,-0.261098936,0.695040174,False,down
WBGene00005110,1,1.0,GenX,0.272942442,0.696446442,False,up
WBGene00044375,1,0.5333333333333333,GenX,0.566635145,0.697326096,False,up
WBGene00001153,1,1.0,GenX,-0.105475955,0.697326096,False,down
WBGene00019843,1,1.0,GenX,-0.156768018,0.697326096,False,down
WBGene00014052,1,0.6,GenX,-0.271361453,0.697326096,False,down
WBGene00015098,1,1.0,GenX,-0.425932769,0.697326096,False,down
WBGene00003879,1,0.7,GenX,-0.886606747,0.697830274,False,down
WBGene00015052,1,0.9333333333333333,GenX,0.457452391,0.698517192,False,up
WBGene00044316,1,0.9666666666666667,GenX,0.320599551,0.698517192,False,up
WBGene00006064,1,0.9666666666666667,GenX,0.234263283,0.698517192,False,up
WBGene00008735,1,1.0,GenX,-0.115381649,0.698517192,False,down
WBGene00018189,1,0.8,GenX,0.679428381,0.698675273,False,up
WBGene00017397,1,0.7,GenX,-0.17290714,0.698675273,False,down
WBGene00016087,1,0.7,GenX,0.133316272,0.700400516,False,up
WBGene00002272,1,1.0,GenX,-0.198900297,0.701005033,False,down
WBGene00016112,1,0.9333333333333333,GenX,0.124765774,0.70323229,False,up
WBGene00016217,1,1.0,GenX,-0.233628561,0.70515211,False,down
WBGene00021936,1,0.9,GenX,0.108298104,0.705967125,False,up
WBGene00016089,1,0.9666666666666667,GenX,-0.225913,0.706168491,False,down
WBGene00008395,1,0.6666666666666666,GenX,0.161526638,0.709948056,False,up
WBGene00005293,1,0.9,GenX,-0.673781133,0.711603362,False,down
WBGene00077684,1,0.9666666666666667,GenX,0.975565823,0.712287153,False,up
WBGene00020884,1,1.0,GenX,-0.092973034,0.713626609,False,down
WBGene00008094,1,0.9666666666666667,GenX,0.082867501,0.714074929,False,up
WBGene00019225,1,1.0,GenX,0.139533612,0.714768612,False,up
WBGene00018765,1,1.0,GenX,0.121805952,0.714768612,False,up
WBGene00007558,1,1.0,GenX,-0.217896933,0.714768612,False,down
WBGene00019579,1,0.9666666666666667,GenX,0.304746113,0.718244326,False,up
WBGene00011564,1,1.0,GenX,0.078343142,0.718244326,False,up
WBGene00016499,1,0.9666666666666667,GenX,0.157905934,0.718824376,False,up
WBGene00011212,1,1.0,GenX,0.1358094,0.718824376,False,up
WBGene00016034,1,0.9666666666666667,GenX,0.157725281,0.722253647,False,up
WBGene00009983,1,1.0,GenX,-0.467558346,0.722253647,False,down
WBGene00000488,1,1.0,GenX,0.134232777,0.722808554,False,up
WBGene00019068,1,0.5666666666666667,GenX,-0.097765634,0.722808554,False,down
WBGene00011223,1,1.0,GenX,-0.242425299,0.723261427,False,down
WBGene00016159,1,1.0,GenX,-0.109275892,0.723938182,False,down
WBGene00001150,1,0.7333333333333333,GenX,0.430277842,0.723940068,False,up
WBGene00009635,1,1.0,GenX,-0.117001087,0.729124215,False,down
WBGene00195045,1,0.7,GenX,-0.405272149,0.730415589,False,down
WBGene00017032,1,0.9333333333333333,GenX,0.293142306,0.732283502,False,up
WBGene00045401,1,0.9666666666666667,GenX,0.670047615,0.733422076,False,up
WBGene00010840,1,1.0,GenX,0.078395328,0.734586453,False,up
WBGene00011105,1,1.0,GenX,0.219995863,0.734698989,False,up
WBGene00015309,1,1.0,GenX,-0.341377949,0.735246832,False,down
WBGene00015955,1,0.8666666666666667,GenX,0.106204939,0.738564748,False,up
WBGene00001491,1,1.0,GenX,-0.091965259,0.738843966,False,down
WBGene00011528,1,1.0,GenX,-0.10204036,0.738904522,False,down
WBGene00009789,1,1.0,GenX,0.153536288,0.739625999,False,up
WBGene00000373,1,1.0,GenX,0.413312664,0.740681235,False,up
WBGene00001794,1,0.9,GenX,0.092597112,0.741666585,False,up
WBGene00019599,1,0.6333333333333333,GenX,0.131339513,0.741667764,False,up
WBGene00018920,1,0.6,GenX,-0.327404308,0.741928863,False,down
WBGene00018860,1,0.9666666666666667,GenX,0.104816066,0.742238613,False,up
WBGene00010625,1,0.7,GenX,-0.117419249,0.743217193,False,down
WBGene00008798,1,0.6,GenX,0.285510078,0.743308911,False,up
WBGene00011476,1,1.0,GenX,-0.133301,0.743308911,False,down
WBGene00010745,1,1.0,GenX,-0.327270593,0.743308911,False,down
WBGene00022642,1,1.0,GenX,0.30200478,0.746046323,False,up
WBGene00000528,1,0.9333333333333333,GenX,0.135319473,0.746046323,False,up
WBGene00001917,1,0.9,GenX,-0.463042581,0.746046323,False,down
WBGene00012091,1,0.9666666666666667,GenX,0.908813283,0.746525101,False,up
WBGene00009552,1,0.9666666666666667,GenX,0.083730188,0.749074413,False,up
WBGene00016939,1,1.0,GenX,0.180624089,0.749132622,False,up
WBGene00012400,1,0.9666666666666667,GenX,0.832796574,0.749262971,False,up
WBGene00003371,1,0.9666666666666667,GenX,-0.085952928,0.749623719,False,down
WBGene00014113,1,1.0,GenX,-0.175196964,0.749623719,False,down
WBGene00008484,1,0.9666666666666667,GenX,0.214910189,0.750088743,False,up
WBGene00007956,1,0.9666666666666667,GenX,0.077007851,0.750832336,False,up
WBGene00004944,1,0.9666666666666667,GenX,-0.119266949,0.750832336,False,down
WBGene00012552,1,0.9666666666666667,GenX,-0.16567683,0.75168595,False,down
WBGene00020047,1,0.9666666666666667,GenX,0.227554185,0.75217679,False,up
WBGene00021403,1,0.7333333333333333,GenX,0.202729654,0.75217679,False,up
WBGene00022267,1,0.8,GenX,-0.842943377,0.75217679,False,down
WBGene00011967,1,1.0,GenX,-0.090695032,0.75270051,False,down
WBGene00001760,1,0.9666666666666667,GenX,0.617439475,0.753598438,False,up
WBGene00004311,1,1.0,GenX,-0.085382668,0.753598438,False,down
WBGene00304806,1,0.9333333333333333,GenX,0.21363258,0.755110141,False,up
WBGene00012252,1,0.9666666666666667,GenX,-0.16579437,0.755110141,False,down
WBGene00010566,1,0.6333333333333333,GenX,-0.220809614,0.755110141,False,down
WBGene00022283,1,0.6333333333333333,GenX,-0.33997439,0.75596741,False,down
WBGene00015829,1,0.9666666666666667,GenX,0.474409554,0.757678563,False,up
WBGene00019664,1,0.9666666666666667,GenX,0.08906363,0.758888754,False,up
WBGene00011880,1,1.0,GenX,-0.140278571,0.758888754,False,down
WBGene00009031,1,1.0,GenX,-0.423346478,0.758888754,False,down
WBGene00010666,1,0.5,GenX,-0.179659895,0.760881919,False,down
WBGene00000418,1,0.6666666666666666,GenX,0.108609609,0.76100686,False,up
WBGene00016705,1,0.9333333333333333,GenX,-0.114822858,0.76100686,False,down
WBGene00000116,1,0.9,GenX,0.124273391,0.762454927,False,up
WBGene00020166,1,1.0,GenX,-0.150239261,0.763359961,False,down
WBGene00021602,1,1.0,GenX,-0.342752597,0.763359961,False,down
WBGene00015768,1,0.9666666666666667,GenX,0.149800435,0.765331721,False,up
WBGene00008495,1,0.9,GenX,-0.161456321,0.765370625,False,down
WBGene00007132,1,0.9666666666666667,GenX,0.586609149,0.766642781,False,up
WBGene00019458,1,1.0,GenX,-0.169531416,0.769270921,False,down
WBGene00007297,1,0.9666666666666667,GenX,0.247596091,0.769881522,False,up
WBGene00014091,1,0.9666666666666667,GenX,0.089719243,0.769881522,False,up
WBGene00007751,1,0.5666666666666667,GenX,-0.173447109,0.769881522,False,down
WBGene00010822,1,0.8666666666666667,GenX,0.151330275,0.771574565,False,up
WBGene00004002,1,0.7,GenX,-0.293867945,0.771574565,False,down
WBGene00013650,1,0.9666666666666667,GenX,-0.125285648,0.772249766,False,down
WBGene00020626,1,1.0,GenX,-0.266623142,0.772361737,False,down
WBGene00022457,1,0.9,GenX,-0.123490962,0.772403878,False,down
WBGene00011952,1,0.6333333333333333,GenX,-0.416958916,0.77249061,False,down
WBGene00020010,1,0.6,GenX,0.239674221,0.774058079,False,up
WBGene00013917,1,1.0,GenX,-0.099926026,0.774290863,False,down
WBGene00011094,1,0.5666666666666667,GenX,-0.11487272,0.774290863,False,down
WBGene00017214,1,0.8666666666666667,GenX,0.785547639,0.774317849,False,up
WBGene00010902,1,0.9,GenX,-0.156156607,0.775283656,False,down
WBGene00000396,1,0.9666666666666667,GenX,0.096606572,0.775410562,False,up
WBGene00006730,1,1.0,GenX,-0.075656151,0.775676704,False,down
WBGene00018279,1,1.0,GenX,-0.235637468,0.775676704,False,down
WBGene00003933,1,0.9666666666666667,GenX,-0.108985788,0.776153496,False,down
WBGene00016647,1,1.0,GenX,-0.160980217,0.777219186,False,down
WBGene00000212,1,0.9,GenX,-0.184862919,0.777721296,False,down
WBGene00013593,1,0.7333333333333333,GenX,-0.058771944,0.77813822,False,down
WBGene00000074,1,0.8666666666666667,GenX,0.091404803,0.778264638,False,up
WBGene00020726,1,0.9666666666666667,GenX,0.113115745,0.779512382,False,up
WBGene00008492,1,1.0,GenX,0.213349347,0.78081409,False,up
WBGene00020637,1,0.9,GenX,0.993256987,0.781377456,False,up
WBGene00000521,1,1.0,GenX,0.506020479,0.781377456,False,up
WBGene00021928,1,0.9666666666666667,GenX,0.161289825,0.781377456,False,up
WBGene00017727,1,1.0,GenX,-0.078230592,0.781377456,False,down
WBGene00044212,1,0.9666666666666667,GenX,-0.690281771,0.781377456,False,down
WBGene00000137,1,0.9666666666666667,GenX,0.090202798,0.783970963,False,up
WBGene00022504,1,1.0,GenX,0.375279935,0.784103822,False,up
WBGene00022572,1,0.9666666666666667,GenX,0.357510003,0.784103822,False,up
WBGene00004048,1,0.9666666666666667,GenX,-0.084071789,0.784103822,False,down
WBGene00011130,1,1.0,GenX,0.72730098,0.784218691,False,up
WBGene00009678,1,0.5333333333333333,GenX,-0.106591177,0.784218691,False,down
WBGene00020834,1,0.9,GenX,-0.363181169,0.786826312,False,down
WBGene00001937,1,0.9333333333333333,GenX,-0.536424019,0.786826312,False,down
WBGene00015284,1,1.0,GenX,-0.148957546,0.787582898,False,down
WBGene00001046,1,0.9666666666666667,GenX,0.182348704,0.789181059,False,up
WBGene00005004,1,0.9,GenX,-0.253232056,0.792921574,False,down
WBGene00004988,1,0.6,GenX,0.127753563,0.793000873,False,up
WBGene00011936,1,1.0,GenX,-0.069218374,0.793724471,False,down
WBGene00022549,1,0.8666666666666667,GenX,-0.139526874,0.794622434,False,down
WBGene00044382,1,0.5666666666666667,GenX,0.215663403,0.795314614,False,up
WBGene00000789,1,0.7666666666666667,GenX,-0.099228116,0.796057748,False,down
WBGene00017688,1,0.9,GenX,-0.134804455,0.796206545,False,down
WBGene00001771,1,1.0,GenX,-0.212805176,0.796206545,False,down
WBGene00008794,1,1.0,GenX,-0.327105526,0.798076624,False,down
WBGene00044401,1,1.0,GenX,0.108493476,0.798684425,False,up
WBGene00009692,1,0.6,GenX,-0.297454897,0.798821102,False,down
WBGene00019288,1,0.9,GenX,-0.474158076,0.800113786,False,down
WBGene00004796,1,1.0,GenX,0.092663648,0.80049452,False,up
WBGene00000795,1,1.0,GenX,0.091405668,0.80049452,False,up
WBGene00006483,1,0.9666666666666667,GenX,-0.050626086,0.80049452,False,down
WBGene00011532,1,1.0,GenX,-0.125699987,0.80049452,False,down
WBGene00001536,1,1.0,GenX,-0.164091957,0.80049452,False,down
WBGene00021043,1,1.0,GenX,0.139742836,0.8014727,False,up
WBGene00021081,1,0.9666666666666667,GenX,0.615337372,0.803797579,False,up
WBGene00016061,1,1.0,GenX,0.116567702,0.804333367,False,up
WBGene00001149,1,1.0,GenX,0.082339795,0.804333367,False,up
WBGene00000970,1,0.9666666666666667,GenX,0.071810995,0.804333367,False,up
WBGene00013261,1,0.9333333333333333,GenX,-0.109294991,0.804333367,False,down
WBGene00018280,1,1.0,GenX,-0.136087489,0.804333367,False,down
WBGene00001885,1,0.9,GenX,-0.324501631,0.804333367,False,down
WBGene00001137,1,1.0,GenX,-0.05382295,0.804821996,False,down
WBGene00012593,1,0.8333333333333334,GenX,0.828621054,0.804842918,False,up
WBGene00007682,1,0.9333333333333333,GenX,0.582474312,0.804842918,False,up
WBGene00012592,1,0.6333333333333333,GenX,0.564774171,0.804842918,False,up
WBGene00194926,1,0.9666666666666667,GenX,0.314031712,0.804842918,False,up
WBGene00023451,1,0.9,GenX,0.24182592,0.804842918,False,up
WBGene00022346,1,0.9666666666666667,GenX,0.154665778,0.804842918,False,up
WBGene00003733,1,0.9666666666666667,GenX,0.073889691,0.804842918,False,up
WBGene00019457,1,0.6,GenX,-0.062376907,0.804842918,False,down
WBGene00015037,1,0.6333333333333333,GenX,-0.123213428,0.804842918,False,down
WBGene00007907,1,0.6333333333333333,GenX,-0.146760336,0.804842918,False,down
WBGene00013594,1,0.9666666666666667,GenX,0.176636355,0.805158866,False,up
WBGene00008486,1,0.9666666666666667,GenX,0.256352601,0.805653824,False,up
WBGene00045357,1,0.6333333333333333,GenX,-0.178340101,0.805653824,False,down
WBGene00271830,1,0.9,GenX,-0.326721995,0.806882325,False,down
WBGene00009114,1,0.9,GenX,1.246214329,0.808498448,False,up
WBGene00019214,1,0.9666666666666667,GenX,-0.476819103,0.808498448,False,down
WBGene00004049,1,0.9,GenX,-0.096373385,0.809358371,False,down
WBGene00022194,1,0.8666666666666667,GenX,0.147178486,0.809788064,False,up
WBGene00270320,1,1.0,GenX,0.330134146,0.810325994,False,up
WBGene00015890,1,1.0,GenX,1.176700373,0.813441646,False,up
WBGene00206384,1,1.0,GenX,-0.542355118,0.817769415,False,down
WBGene00019725,1,0.9,GenX,0.090354323,0.818163606,False,up
WBGene00020280,1,0.6666666666666666,GenX,-0.137338009,0.81937249,False,down
WBGene00015224,1,0.9666666666666667,GenX,0.649706636,0.819379593,False,up
WBGene00015225,1,0.9666666666666667,GenX,0.596977408,0.819379593,False,up
WBGene00015089,1,0.9666666666666667,GenX,0.480961869,0.819379593,False,up
WBGene00001545,1,0.9,GenX,0.267960688,0.819379593,False,up
WBGene00005649,1,0.9666666666666667,GenX,0.239478114,0.819379593,False,up
WBGene00022756,1,1.0,GenX,0.236729968,0.819379593,False,up
WBGene00000217,1,0.9,GenX,0.103446355,0.819379593,False,up
WBGene00013284,1,1.0,GenX,0.10088089,0.819379593,False,up
WBGene00004886,1,0.7,GenX,0.095928923,0.819379593,False,up
WBGene00021647,1,0.7,GenX,0.089912702,0.819379593,False,up
WBGene00022881,1,0.6,GenX,0.081779185,0.819379593,False,up
WBGene00021683,1,1.0,GenX,0.0670881,0.819379593,False,up
WBGene00009369,1,1.0,GenX,0.062897473,0.819379593,False,up
WBGene00011122,1,0.6666666666666666,GenX,0.056216692,0.819379593,False,up
WBGene00007944,1,1.0,GenX,-0.065445632,0.819379593,False,down
WBGene00006504,1,1.0,GenX,-0.06842586,0.819379593,False,down
WBGene00015110,1,0.9333333333333333,GenX,-0.136677739,0.819379593,False,down
WBGene00010646,1,1.0,GenX,-0.149369372,0.819379593,False,down
WBGene00044435,1,0.6333333333333333,GenX,-0.159574981,0.819379593,False,down
WBGene00013160,1,0.8333333333333334,GenX,0.05496049,0.81949664,False,up
WBGene00010503,1,1.0,GenX,-0.113428585,0.81949664,False,down
WBGene00009824,1,1.0,GenX,-0.260002257,0.81949664,False,down
WBGene00017867,1,0.9,GenX,-0.240742361,0.820613895,False,down
WBGene00001892,1,0.9,GenX,-0.41097202,0.820613895,False,down
WBGene00045048,1,1.0,GenX,0.317600826,0.821035024,False,up
WBGene00008948,1,1.0,GenX,-0.049013126,0.821207306,False,down
WBGene00014801,1,1.0,GenX,0.150535049,0.822900423,False,up
WBGene00009430,1,0.9666666666666667,GenX,0.164654321,0.823036944,False,up
WBGene00206371,1,1.0,GenX,-0.262742299,0.823925169,False,down
WBGene00016048,1,0.7666666666666667,GenX,-0.249300949,0.824225552,False,down
WBGene00007924,1,0.9,GenX,-0.060658223,0.825044196,False,down
WBGene00009475,1,0.9666666666666667,GenX,0.123000375,0.82559982,False,up
WBGene00010630,1,0.9333333333333333,GenX,0.103717444,0.825918691,False,up
WBGene00011090,1,0.9666666666666667,GenX,0.112284778,0.827118673,False,up
WBGene00003771,1,1.0,GenX,-0.232244694,0.828767714,False,down
WBGene00012855,1,0.7666666666666667,GenX,0.243642958,0.830211517,False,up
WBGene00044416,1,1.0,GenX,1.663582382,0.830670645,False,up
WBGene00015185,1,1.0,GenX,-0.071668298,0.83174328,False,down
WBGene00019908,1,0.7333333333333333,GenX,-0.090317725,0.833206324,False,down
WBGene00044291,1,0.9,GenX,-0.139350873,0.833856471,False,down
WBGene00014215,1,0.9,GenX,0.076269681,0.834779329,False,up
WBGene00001929,1,0.9,GenX,-0.375850986,0.834846784,False,down
WBGene00019355,1,1.0,GenX,-0.100679123,0.83500655,False,down
WBGene00045415,1,0.6,GenX,0.613062251,0.837141979,False,up
WBGene00015716,1,1.0,GenX,0.112107301,0.838316636,False,up
WBGene00017441,1,0.9666666666666667,GenX,0.301152253,0.839673097,False,up
WBGene00004781,1,0.7666666666666667,GenX,-0.101206506,0.841451598,False,down
WBGene00017438,1,0.9,GenX,0.334098112,0.842017508,False,up
WBGene00005652,1,0.5666666666666667,GenX,-0.18338564,0.842017508,False,down
WBGene00284844,1,1.0,GenX,-0.297577103,0.842017508,False,down
WBGene00012456,1,1.0,GenX,-0.326476438,0.842017508,False,down
WBGene00002021,1,1.0,GenX,-0.114576944,0.842387434,False,down
WBGene00014914,1,1.0,GenX,0.177883404,0.842832827,False,up
WBGene00018191,1,0.9666666666666667,GenX,-0.117147541,0.842832827,False,down
WBGene00008170,1,0.9666666666666667,GenX,0.175917361,0.842967251,False,up
WBGene00007756,1,0.9333333333333333,GenX,0.067942734,0.842967251,False,up
WBGene00019240,1,0.9333333333333333,GenX,-0.073424378,0.844314946,False,down
WBGene00013294,1,0.9666666666666667,GenX,0.516388324,0.844625397,False,up
WBGene00022286,1,0.5666666666666667,GenX,0.051537831,0.845027197,False,up
WBGene00006309,1,0.9666666666666667,GenX,0.08139107,0.845693438,False,up
WBGene00003919,1,1.0,GenX,-0.058576796,0.845693438,False,down
WBGene00009617,1,1.0,GenX,-0.096734856,0.845693438,False,down
WBGene00019073,1,1.0,GenX,-0.131114216,0.845693438,False,down
WBGene00001939,1,0.9666666666666667,GenX,-0.359142487,0.846305317,False,down
WBGene00001880,1,0.9666666666666667,GenX,-0.282595604,0.84641897,False,down
WBGene00015794,1,0.9666666666666667,GenX,-0.319058212,0.84641897,False,down
WBGene00003907,1,0.9666666666666667,GenX,-0.08530848,0.847151702,False,down
WBGene00015227,1,0.9666666666666667,GenX,0.516373585,0.848299549,False,up
WBGene00015644,1,0.6333333333333333,GenX,0.044644296,0.848356398,False,up
WBGene00019090,1,0.9666666666666667,GenX,0.341088543,0.848525434,False,up
WBGene00018802,1,0.5666666666666667,GenX,0.063844926,0.848525434,False,up
WBGene00007103,1,0.6333333333333333,GenX,-0.095832693,0.848727287,False,down
WBGene00003633,1,1.0,GenX,-0.13533707,0.848975682,False,down
WBGene00017121,1,1.0,GenX,-0.069081764,0.849396958,False,down
WBGene00016721,1,1.0,GenX,0.098023817,0.849638744,False,up
WBGene00219309,1,1.0,GenX,0.720764489,0.850600447,False,up
WBGene00008302,1,0.9333333333333333,GenX,0.505345622,0.851307951,False,up
WBGene00001451,1,0.9666666666666667,GenX,0.093179962,0.851307951,False,up
WBGene00015799,1,1.0,GenX,-0.328127784,0.852725144,False,down
WBGene00020009,1,0.9666666666666667,GenX,-0.180338168,0.854292445,False,down
WBGene00012840,1,1.0,GenX,-0.271779645,0.855464455,False,down
WBGene00020989,1,1.0,GenX,0.087047556,0.856637301,False,up
WBGene00012505,1,0.9666666666666667,GenX,-0.561086353,0.856637301,False,down
WBGene00015162,1,0.9333333333333333,GenX,0.06172991,0.856917239,False,up
WBGene00000163,1,0.8666666666666667,GenX,-0.036991577,0.857860608,False,down
WBGene00000779,1,1.0,GenX,-0.080098822,0.857860608,False,down
WBGene00007655,1,0.9666666666666667,GenX,0.593567471,0.859552193,False,up
WBGene00006493,1,0.9666666666666667,GenX,-0.05309209,0.859552193,False,down
WBGene00022606,1,1.0,GenX,-0.198762279,0.859552193,False,down
WBGene00010970,1,0.9,GenX,-0.130165694,0.85974403,False,down
WBGene00009061,1,0.9666666666666667,GenX,0.516180798,0.860190187,False,up
WBGene00019057,1,0.9666666666666667,GenX,-0.107606225,0.860190187,False,down
WBGene00017103,1,1.0,GenX,-0.305608344,0.860204278,False,down
WBGene00009499,1,0.7,GenX,0.079381247,0.860371445,False,up
WBGene00012439,1,1.0,GenX,0.120783827,0.861420669,False,up
WBGene00021915,1,1.0,GenX,-0.08170464,0.862279911,False,down
WBGene00010558,1,1.0,GenX,-0.077212449,0.863697341,False,down
WBGene00002191,1,1.0,GenX,-0.037859645,0.863947829,False,down
WBGene00003495,1,0.5666666666666667,GenX,-0.054013297,0.863947829,False,down
WBGene00020357,1,0.9666666666666667,GenX,0.467447025,0.86428912,False,up
WBGene00008542,1,0.6,GenX,0.089018268,0.86428912,False,up
WBGene00007946,1,0.9666666666666667,GenX,-0.578880544,0.865170348,False,down
WBGene00000283,1,0.7,GenX,0.06450703,0.867262586,False,up
WBGene00003224,1,0.7666666666666667,GenX,-0.090546919,0.870378178,False,down
WBGene00008427,1,0.7,GenX,-0.231444883,0.870538494,False,down
WBGene00013959,1,0.6,GenX,-0.069958088,0.870593242,False,down
WBGene00019504,1,1.0,GenX,-0.039543267,0.870745102,False,down
WBGene00013417,1,0.9666666666666667,GenX,-0.236683056,0.874090877,False,down
WBGene00022365,1,1.0,GenX,-0.069378601,0.874347987,False,down
WBGene00014008,1,0.6,GenX,-0.252093074,0.874347987,False,down
WBGene00016649,1,1.0,GenX,-0.11667368,0.87492858,False,down
WBGene00000564,1,0.9666666666666667,GenX,-0.038485877,0.875274943,False,down
WBGene00018345,1,0.9666666666666667,GenX,0.531970258,0.875282064,False,up
WBGene00195093,1,0.6333333333333333,GenX,0.066739408,0.875546446,False,up
WBGene00001684,1,0.9666666666666667,GenX,0.060662725,0.875546446,False,up
WBGene00007322,1,0.9333333333333333,GenX,-0.172639171,0.876885332,False,down
WBGene00012155,1,1.0,GenX,-0.168931359,0.87709017,False,down
WBGene00014254,1,0.9666666666666667,GenX,0.138283428,0.87790342,False,up
WBGene00011265,1,0.9,GenX,0.148324039,0.878325385,False,up
WBGene00000982,1,0.9666666666666667,GenX,0.095637536,0.878325385,False,up
WBGene00004896,1,0.8333333333333334,GenX,0.05711164,0.878325385,False,up
WBGene00010844,1,0.9,GenX,0.048547654,0.878325385,False,up
WBGene00004005,1,0.9666666666666667,GenX,-0.125348612,0.878325385,False,down
WBGene00044403,1,1.0,GenX,-0.132796987,0.878325385,False,down
WBGene00304201,1,1.0,GenX,-0.489390861,0.878325385,False,down
WBGene00009413,1,1.0,GenX,-0.247002845,0.878640474,False,down
WBGene00003992,1,0.5666666666666667,GenX,-0.084494456,0.878649283,False,down
WBGene00011765,1,0.6333333333333333,GenX,-0.072285547,0.879452064,False,down
WBGene00004810,1,0.9,GenX,0.227976233,0.879864427,False,up
WBGene00019314,1,0.9333333333333333,GenX,0.169687173,0.881528427,False,up
WBGene00017537,1,1.0,GenX,0.148299175,0.881528427,False,up
WBGene00022093,1,0.9,GenX,0.080574398,0.881528427,False,up
WBGene00003934,1,1.0,GenX,-0.050179338,0.882933382,False,down
WBGene00022497,1,0.6333333333333333,GenX,-0.193996227,0.882933382,False,down
WBGene00009554,1,0.9,GenX,0.18481837,0.883097827,False,up
WBGene00001946,1,0.7666666666666667,GenX,-0.065354305,0.883097827,False,down
WBGene00011611,1,0.9666666666666667,GenX,-0.107293921,0.883097827,False,down
WBGene00013611,1,0.9333333333333333,GenX,-0.300936944,0.883097827,False,down
WBGene00012591,1,0.9,GenX,0.390023312,0.88552011,False,up
WBGene00019362,1,1.0,GenX,-0.070890297,0.885732567,False,down
WBGene00015324,1,0.6,GenX,0.077149012,0.887599607,False,up
WBGene00011101,1,0.9666666666666667,GenX,0.129663851,0.888502228,False,up
WBGene00001901,1,0.7333333333333333,GenX,-0.177022061,0.888502228,False,down
WBGene00045488,1,0.9666666666666667,GenX,0.344391289,0.889130302,False,up
WBGene00007131,1,0.8666666666666667,GenX,0.398296233,0.88929972,False,up
WBGene00020612,1,1.0,GenX,0.090213977,0.889669562,False,up
WBGene00007657,1,0.9666666666666667,GenX,0.634116511,0.890212283,False,up
WBGene00001854,1,1.0,GenX,0.104004577,0.890212283,False,up
WBGene00010006,1,1.0,GenX,-0.057712772,0.890601729,False,down
WBGene00021835,1,0.7,GenX,-0.082422432,0.890601729,False,down
WBGene00010515,1,1.0,GenX,-0.109207967,0.890601729,False,down
WBGene00020359,1,0.7,GenX,-0.132317256,0.890601729,False,down
WBGene00011238,1,1.0,GenX,-0.196687308,0.890601729,False,down
WBGene00019732,1,0.9666666666666667,GenX,0.079095287,0.890615149,False,up
WBGene00012391,1,1.0,GenX,-0.146640908,0.890615149,False,down
WBGene00002019,1,1.0,GenX,-0.262239884,0.890615149,False,down
WBGene00001685,1,0.9,GenX,0.058380361,0.893323055,False,up
WBGene00010821,1,0.9666666666666667,GenX,0.583130666,0.895013319,False,up
WBGene00001960,1,0.9,GenX,-0.197479061,0.895750155,False,down
WBGene00008521,1,0.9333333333333333,GenX,0.044138135,0.895768847,False,up
WBGene00019128,1,0.6,GenX,-0.091654363,0.895928922,False,down
WBGene00008267,1,0.9666666666666667,GenX,0.482527519,0.897497195,False,up
WBGene00008005,1,0.6333333333333333,GenX,-0.119235403,0.897497195,False,down
WBGene00002017,1,1.0,GenX,-0.235343871,0.897497195,False,down
WBGene00018038,1,1.0,GenX,-0.259710861,0.898405959,False,down
WBGene00021193,1,0.8,GenX,0.325943401,0.898909905,False,up
WBGene00018313,1,0.7,GenX,0.272453685,0.898933752,False,up
WBGene00013419,1,0.9666666666666667,GenX,-0.157325979,0.899467371,False,down
WBGene00044772,1,1.0,GenX,-0.209814116,0.899467371,False,down
WBGene00006615,1,0.9,GenX,0.046913758,0.899620882,False,up
WBGene00001915,1,1.0,GenX,-0.048359089,0.900361606,False,down
WBGene00007431,1,0.9333333333333333,GenX,-0.08993271,0.900361606,False,down
WBGene00219451,1,1.0,GenX,0.093732762,0.901547864,False,up
WBGene00003624,1,1.0,GenX,0.062022704,0.901547864,False,up
WBGene00006514,1,0.6333333333333333,GenX,-0.054828304,0.901547864,False,down
WBGene00007384,1,1.0,GenX,-0.071649009,0.901547864,False,down
WBGene00013281,1,1.0,GenX,-0.258722465,0.901547864,False,down
WBGene00007726,1,0.5333333333333333,GenX,0.170209745,0.902298817,False,up
WBGene00000840,1,0.8666666666666667,GenX,-0.039684302,0.902649098,False,down
WBGene00020358,1,0.8666666666666667,GenX,0.159914227,0.902816221,False,up
WBGene00022548,1,0.9666666666666667,GenX,-0.31551428,0.902889103,False,down
WBGene00011474,1,0.9666666666666667,GenX,0.061495949,0.903727761,False,up
WBGene00009256,1,1.0,GenX,0.061237596,0.903807421,False,up
WBGene00005712,1,0.9666666666666667,GenX,0.065379954,0.903973292,False,up
WBGene00015906,1,1.0,GenX,0.244194262,0.904101993,False,up
WBGene00304787,1,0.6333333333333333,GenX,0.225473189,0.906789398,False,up
WBGene00010058,1,0.9,GenX,0.299401042,0.906986974,False,up
WBGene00012969,1,0.9,GenX,0.173503029,0.907041433,False,up
WBGene00044067,1,0.9666666666666667,GenX,0.127343041,0.907041433,False,up
WBGene00006712,1,0.6,GenX,0.076065945,0.907041433,False,up
WBGene00019961,1,0.9,GenX,-0.267706996,0.907041433,False,down
WBGene00003763,1,0.9666666666666667,GenX,0.294062865,0.907840527,False,up
WBGene00008152,1,1.0,GenX,0.139949213,0.907840527,False,up
WBGene00006751,1,1.0,GenX,-0.034972221,0.907840527,False,down
WBGene00003565,1,0.9666666666666667,GenX,-0.078431152,0.907840527,False,down
WBGene00010275,1,0.9,GenX,-0.116795193,0.907840527,False,down
WBGene00022661,1,0.9666666666666667,GenX,-0.206986506,0.907840527,False,down
WBGene00017072,1,0.9333333333333333,GenX,0.251343979,0.909505682,False,up
WBGene00000467,1,0.6,GenX,-0.092486896,0.910505882,False,down
WBGene00012279,1,0.9666666666666667,GenX,0.154675286,0.910737481,False,up
WBGene00007367,1,0.9,GenX,0.125606707,0.910737481,False,up
WBGene00020088,1,1.0,GenX,0.047123906,0.910737481,False,up
WBGene00013752,1,1.0,GenX,-0.07187804,0.910737481,False,down
WBGene00007015,1,1.0,GenX,-0.08945484,0.910737481,False,down
WBGene00012967,1,0.9666666666666667,GenX,-0.113324156,0.910737481,False,down
WBGene00018591,1,0.9666666666666667,GenX,-0.196653102,0.910737481,False,down
WBGene00013634,1,0.9666666666666667,GenX,-0.408654575,0.910737481,False,down
WBGene00008102,1,1.0,GenX,0.278047839,0.911542255,False,up
WBGene00023483,1,1.0,GenX,0.424505254,0.911745436,False,up
WBGene00000439,1,0.9666666666666667,GenX,0.084340815,0.911814937,False,up
WBGene00009849,1,0.9,GenX,-0.356362828,0.912591933,False,down
WBGene00020143,1,1.0,GenX,0.046020728,0.912701069,False,up
WBGene00008940,1,1.0,GenX,-0.044383322,0.912701069,False,down
WBGene00086568,1,0.9666666666666667,GenX,0.380281196,0.912850787,False,up
WBGene00013980,1,0.6,GenX,0.407175983,0.91449912,False,up
WBGene00009866,1,0.9,GenX,0.275976458,0.91449912,False,up
WBGene00022240,1,1.0,GenX,0.066006588,0.914681127,False,up
WBGene00001618,1,0.9333333333333333,GenX,-0.134057432,0.915165308,False,down
WBGene00006566,1,0.9,GenX,-0.055133704,0.915205669,False,down
WBGene00009774,1,0.9666666666666667,GenX,-0.096872247,0.915912046,False,down
WBGene00002694,1,1.0,GenX,-0.037071711,0.916899388,False,down
WBGene00007090,1,0.8333333333333334,GenX,0.036016145,0.917173218,False,up
WBGene00001392,1,0.8666666666666667,GenX,0.075189686,0.917773298,False,up
WBGene00000245,1,0.9666666666666667,GenX,0.075388722,0.918315801,False,up
WBGene00044708,1,0.9666666666666667,GenX,0.596594768,0.918449738,False,up
WBGene00007904,1,0.5333333333333333,GenX,0.084582643,0.918806544,False,up
WBGene00003717,1,1.0,GenX,-0.240523736,0.919345252,False,down
WBGene00002978,1,1.0,GenX,-0.040212889,0.919553964,False,down
WBGene00021860,1,0.8666666666666667,GenX,0.325965472,0.91987873,False,up
WBGene00006718,1,0.9666666666666667,GenX,0.100524807,0.91987873,False,up
WBGene00017568,1,0.9,GenX,0.091915388,0.91987873,False,up
WBGene00020360,1,1.0,GenX,0.060880224,0.91987873,False,up
WBGene00003773,1,0.9,GenX,0.045420046,0.91987873,False,up
WBGene00004275,1,0.6,GenX,-0.151644602,0.91987873,False,down
WBGene00045475,1,1.0,GenX,-0.41454664,0.91987873,False,down
WBGene00206359,1,0.9333333333333333,GenX,0.43534231,0.920628207,False,up
WBGene00022469,1,1.0,GenX,-0.070292764,0.920628207,False,down
WBGene00044469,1,0.7,GenX,-0.085290883,0.920633214,False,down
WBGene00004093,1,1.0,GenX,0.117632941,0.921048504,False,up
WBGene00007660,1,0.9666666666666667,GenX,0.332087664,0.921239323,False,up
WBGene00007013,1,0.6,GenX,0.048623291,0.921239323,False,up
WBGene00022413,1,1.0,GenX,-0.058340489,0.921239323,False,down
WBGene00011255,1,1.0,GenX,-0.336759038,0.921239323,False,down
WBGene00007674,1,0.8666666666666667,GenX,-0.729060435,0.921239323,False,down
WBGene00008390,1,0.6,GenX,0.153936549,0.921476317,False,up
WBGene00018715,1,1.0,GenX,0.092431071,0.922403382,False,up
WBGene00016595,1,1.0,GenX,-0.312947224,0.924233318,False,down
WBGene00011757,1,1.0,GenX,-0.167387765,0.925428836,False,down
WBGene00007978,1,1.0,GenX,0.087263661,0.926279409,False,up
WBGene00007656,1,0.9666666666666667,GenX,0.440372366,0.926346424,False,up
WBGene00017467,1,0.5666666666666667,GenX,0.164991603,0.926346424,False,up
WBGene00020901,1,0.9666666666666667,GenX,0.070409705,0.926707564,False,up
WBGene00011997,1,0.9,GenX,-0.060014472,0.927430296,False,down
WBGene00013746,1,1.0,GenX,0.066287223,0.928432701,False,up
WBGene00018587,1,0.9333333333333333,GenX,-0.066160542,0.928510944,False,down
WBGene00011209,1,1.0,GenX,0.170459308,0.929133867,False,up
WBGene00006649,1,1.0,GenX,0.060377228,0.929975076,False,up
WBGene00012168,1,1.0,GenX,-0.132330315,0.929975076,False,down
WBGene00018921,1,1.0,GenX,0.110037387,0.931423336,False,up
WBGene00000526,1,0.9666666666666667,GenX,0.060672947,0.931423336,False,up
WBGene00012670,1,0.6,GenX,-0.263540767,0.931423336,False,down
WBGene00001432,1,0.5666666666666667,GenX,0.076902165,0.93302783,False,up
WBGene00000420,1,0.8666666666666667,GenX,-0.044683964,0.93302783,False,down
WBGene00004346,1,0.9333333333333333,GenX,-0.058266723,0.93302783,False,down
WBGene00012280,1,0.6,GenX,-0.085490516,0.93302783,False,down
WBGene00016559,1,0.9333333333333333,GenX,-0.088122389,0.93302783,False,down
WBGene00015834,1,0.9666666666666667,GenX,0.585550522,0.93415142,False,up
WBGene00011311,1,1.0,GenX,-0.040651394,0.93415142,False,down
WBGene00016648,1,1.0,GenX,-0.083349586,0.93415142,False,down
WBGene00001694,1,0.9,GenX,-0.240315291,0.93415142,False,down
WBGene00004681,1,0.9666666666666667,GenX,-0.026820266,0.934895413,False,down
WBGene00006461,1,0.6333333333333333,GenX,-0.083865819,0.935840588,False,down
WBGene00007658,1,0.9666666666666667,GenX,0.424972689,0.936257825,False,up
WBGene00012152,1,0.9333333333333333,GenX,0.077851517,0.936257825,False,up
WBGene00011832,1,1.0,GenX,-0.049029589,0.936257825,False,down
WBGene00015557,1,0.9333333333333333,GenX,-0.06991852,0.936257825,False,down
WBGene00001090,1,1.0,GenX,0.037139113,0.936476862,False,up
WBGene00018594,1,0.9666666666666667,GenX,-0.080630767,0.936476862,False,down
WBGene00009170,1,1.0,GenX,0.375026509,0.936855556,False,up
WBGene00001204,1,0.9,GenX,0.062442276,0.937122053,False,up
WBGene00016106,1,1.0,GenX,-0.141159177,0.937922194,False,down
WBGene00001609,1,0.6,GenX,-0.096685334,0.938205636,False,down
WBGene00017658,1,0.9333333333333333,GenX,-0.317919662,0.938630483,False,down
WBGene00022891,1,1.0,GenX,0.141725565,0.939156295,False,up
WBGene00016323,1,1.0,GenX,-0.047422106,0.939156295,False,down
WBGene00008507,1,0.9666666666666667,GenX,0.458085058,0.940832235,False,up
WBGene00016717,1,0.9666666666666667,GenX,0.075073151,0.942746267,False,up
WBGene00022062,1,0.9666666666666667,GenX,-0.112324236,0.943982539,False,down
WBGene00017957,1,1.0,GenX,-0.077150157,0.944010668,False,down
WBGene00017599,1,0.9666666666666667,GenX,-0.120737434,0.944010668,False,down
WBGene00005484,1,0.9666666666666667,GenX,0.180999769,0.946087356,False,up
WBGene00007835,1,0.7,GenX,0.098309221,0.946087356,False,up
WBGene00015741,1,0.7,GenX,0.075391447,0.946087356,False,up
WBGene00000991,1,1.0,GenX,0.057510679,0.946087356,False,up
WBGene00003369,1,0.5333333333333333,GenX,-0.032938087,0.946087356,False,down
WBGene00008564,1,1.0,GenX,-0.040102,0.946087356,False,down
WBGene00018117,1,0.7333333333333333,GenX,0.041799765,0.946091619,False,up
WBGene00235158,1,1.0,GenX,-0.100541685,0.946091619,False,down
WBGene00008632,1,0.9666666666666667,GenX,0.127477329,0.94709174,False,up
WBGene00018702,1,0.5,GenX,0.049659138,0.94709174,False,up
WBGene00009200,1,0.6,GenX,0.039579904,0.94709174,False,up
WBGene00022801,1,1.0,GenX,-0.044973113,0.94709174,False,down
WBGene00016190,1,1.0,GenX,-0.054178819,0.94709174,False,down
WBGene00022247,1,0.8666666666666667,GenX,0.091038519,0.947193399,False,up
WBGene00016319,1,0.8666666666666667,GenX,0.128834085,0.947241476,False,up
WBGene00044014,1,0.9666666666666667,GenX,0.374825027,0.947385374,False,up
WBGene00006780,1,0.9666666666666667,GenX,-0.034613174,0.947385374,False,down
WBGene00022870,1,0.9666666666666667,GenX,-0.167353366,0.947385374,False,down
WBGene00015426,1,0.7,GenX,-0.188947655,0.947385374,False,down
WBGene00017703,1,0.6333333333333333,GenX,-0.233980743,0.947385374,False,down
WBGene00007591,1,1.0,GenX,-0.048314873,0.947921889,False,down
WBGene00006952,1,1.0,GenX,-0.140342746,0.948042749,False,down
WBGene00003170,1,0.9666666666666667,GenX,0.064667781,0.948357032,False,up
WBGene00004149,1,0.9666666666666667,GenX,0.43220916,0.948404848,False,up
WBGene00000543,1,1.0,GenX,0.03194496,0.948404848,False,up
WBGene00016033,1,0.9,GenX,-0.034467754,0.948404848,False,down
WBGene00006667,1,0.9666666666666667,GenX,-0.075750555,0.948404848,False,down
WBGene00001647,1,1.0,GenX,-0.081664624,0.948404848,False,down
WBGene00001876,1,0.9666666666666667,GenX,-0.236724583,0.948472512,False,down
WBGene00019764,1,0.8666666666666667,GenX,0.060201605,0.948677142,False,up
WBGene00018144,1,0.8666666666666667,GenX,-0.081501481,0.948677142,False,down
WBGene00001882,1,0.9666666666666667,GenX,0.208291638,0.949811442,False,up
WBGene00008068,1,1.0,GenX,-0.367671981,0.949811442,False,down
WBGene00044574,1,1.0,GenX,-0.111076916,0.949984558,False,down
WBGene00016013,1,0.9666666666666667,GenX,0.137254186,0.951232207,False,up
WBGene00007130,1,0.8666666666666667,GenX,0.065786912,0.951263233,False,up
WBGene00017717,1,0.5,GenX,0.062094951,0.951263233,False,up
WBGene00009216,1,0.9666666666666667,GenX,0.057869918,0.951263233,False,up
WBGene00007240,1,0.9333333333333333,GenX,-0.066841064,0.951263233,False,down
WBGene00002097,1,0.9666666666666667,GenX,-0.087354127,0.952102302,False,down
WBGene00014135,1,0.8,GenX,-0.123602087,0.952145669,False,down
WBGene00004152,1,0.9333333333333333,GenX,-0.021305776,0.952698159,False,down
WBGene00021066,1,0.9666666666666667,GenX,0.210860549,0.953162359,False,up
WBGene00018902,1,1.0,GenX,-0.089864721,0.953942973,False,down
WBGene00194646,1,0.9666666666666667,GenX,0.371733669,0.954241594,False,up
WBGene00194998,1,1.0,GenX,0.115084496,0.954241594,False,up
WBGene00017151,1,1.0,GenX,0.05341938,0.954241594,False,up
WBGene00007661,1,0.9666666666666667,GenX,0.363263027,0.956218241,False,up
WBGene00045297,1,0.9333333333333333,GenX,0.101684293,0.956218241,False,up
WBGene00017755,1,0.9333333333333333,GenX,0.0596693,0.956218241,False,up
WBGene00000964,1,1.0,GenX,0.058325792,0.956218241,False,up
WBGene00016635,1,0.8,GenX,0.052448639,0.956218241,False,up
WBGene00009995,1,1.0,GenX,0.027606943,0.956218241,False,up
WBGene00009825,1,1.0,GenX,-0.031264966,0.956218241,False,down
WBGene00019058,1,1.0,GenX,-0.081700536,0.956218241,False,down
WBGene00044457,1,0.6,GenX,-0.130987846,0.956218241,False,down
WBGene00235133,1,0.9333333333333333,GenX,-0.267968148,0.956218241,False,down
WBGene00010508,1,0.9,GenX,-0.315239212,0.956218241,False,down
WBGene00018310,1,0.8666666666666667,GenX,-0.073060906,0.956387558,False,down
WBGene00022067,1,0.8666666666666667,GenX,-0.034063775,0.956856437,False,down
WBGene00009137,1,0.9666666666666667,GenX,-0.047318051,0.956856437,False,down
WBGene00020003,1,1.0,GenX,-0.095957569,0.956856437,False,down
WBGene00018229,1,1.0,GenX,0.127942813,0.956943833,False,up
WBGene00008168,1,0.8666666666666667,GenX,-0.058256096,0.956943833,False,down
WBGene00012822,1,0.9666666666666667,GenX,0.263779809,0.957193967,False,up
WBGene00006845,1,0.9,GenX,0.056062916,0.957235723,False,up
WBGene00008797,1,0.9,GenX,-0.132145203,0.95734558,False,down
WBGene00019315,1,0.9,GenX,0.170167207,0.957747303,False,up
WBGene00195177,1,0.9333333333333333,GenX,0.252876976,0.958635523,False,up
WBGene00015223,1,0.8666666666666667,GenX,0.251854091,0.95971245,False,up
WBGene00001931,1,0.9666666666666667,GenX,-0.162644051,0.959715091,False,down
WBGene00044207,1,0.9666666666666667,GenX,-0.30074232,0.959715091,False,down
WBGene00019299,1,0.6,GenX,-0.087110314,0.959994873,False,down
WBGene00012035,1,0.9666666666666667,GenX,-0.060950106,0.962386082,False,down
WBGene00006633,1,0.9666666666666667,GenX,0.041603143,0.962392464,False,up
WBGene00022546,1,0.8,GenX,0.200164472,0.962571085,False,up
WBGene00009166,1,1.0,GenX,-0.228537918,0.962571085,False,down
WBGene00010962,1,1.0,GenX,-0.032857834,0.962795227,False,down
WBGene00020972,1,0.6333333333333333,GenX,0.048345336,0.962833118,False,up
WBGene00020743,1,1.0,GenX,-0.096347353,0.964585913,False,down
WBGene00011886,1,1.0,GenX,-0.078566643,0.965000289,False,down
WBGene00019644,1,0.9666666666666667,GenX,-0.094597245,0.965000289,False,down
WBGene00000522,1,0.6666666666666666,GenX,-0.065590715,0.965489832,False,down
WBGene00010053,1,0.5666666666666667,GenX,-0.068279376,0.965489832,False,down
WBGene00010206,1,0.9666666666666667,GenX,0.522451985,0.967008336,False,up
WBGene00009073,1,0.5333333333333333,GenX,0.113480965,0.967284229,False,up
WBGene00015514,1,0.7333333333333333,GenX,0.030077833,0.967284229,False,up
WBGene00045331,1,1.0,GenX,0.171575154,0.967727746,False,up
WBGene00008067,1,1.0,GenX,0.376323821,0.967767566,False,up
WBGene00010080,1,1.0,GenX,-0.044596918,0.967767566,False,down
WBGene00007303,1,0.9,GenX,-0.080140738,0.967767566,False,down
WBGene00001921,1,1.0,GenX,-0.144684893,0.967767566,False,down
WBGene00011906,1,0.9,GenX,-0.082896408,0.967938277,False,down
WBGene00022329,1,0.8,GenX,0.07292509,0.968753383,False,up
WBGene00009354,1,0.9666666666666667,GenX,-0.053631784,0.968830498,False,down
WBGene00008858,1,0.9666666666666667,GenX,0.181096566,0.969938528,False,up
WBGene00020394,1,1.0,GenX,0.112103805,0.969938528,False,up
WBGene00004809,1,0.9666666666666667,GenX,0.027886043,0.969938528,False,up
WBGene00018579,1,1.0,GenX,-0.037907828,0.969938528,False,down
WBGene00001942,1,1.0,GenX,-0.104764423,0.969938528,False,down
WBGene00010124,1,0.9,GenX,0.086026514,0.970050621,False,up
WBGene00010471,1,0.9666666666666667,GenX,-0.020697034,0.970050621,False,down
WBGene00004369,1,0.9666666666666667,GenX,-0.022084066,0.970063335,False,down
WBGene00022260,1,1.0,GenX,-0.040574371,0.970085442,False,down
WBGene00005342,1,0.9666666666666667,GenX,-0.139599489,0.970085442,False,down
WBGene00010282,1,0.5,GenX,0.080693936,0.970095835,False,up
WBGene00017463,1,0.9666666666666667,GenX,0.0338985,0.970095835,False,up
WBGene00015509,1,1.0,GenX,-0.023223323,0.970095835,False,down
WBGene00006754,1,1.0,GenX,0.023399828,0.970255195,False,up
WBGene00003711,1,1.0,GenX,0.044567246,0.970260179,False,up
WBGene00011575,1,0.8333333333333334,GenX,0.035699327,0.970260179,False,up
WBGene00018990,1,1.0,GenX,0.031706449,0.970260179,False,up
WBGene00009971,1,1.0,GenX,-0.05069446,0.970260179,False,down
WBGene00008300,1,0.7333333333333333,GenX,-0.052447394,0.970260179,False,down
WBGene00018760,1,0.5666666666666667,GenX,-0.0537246,0.970260179,False,down
WBGene00022375,1,0.9666666666666667,GenX,-0.185556954,0.970260179,False,down
WBGene00015828,1,0.9666666666666667,GenX,0.209576602,0.970716118,False,up
WBGene00194742,1,0.9,GenX,0.135785885,0.970716118,False,up
WBGene00005582,1,1.0,GenX,0.131722427,0.970716118,False,up
WBGene00012323,1,1.0,GenX,0.110012414,0.970716118,False,up
WBGene00003714,1,0.9666666666666667,GenX,0.068090455,0.970716118,False,up
WBGene00005063,1,0.5,GenX,0.065201259,0.970716118,False,up
WBGene00008099,1,0.9333333333333333,GenX,0.065185263,0.970716118,False,up
WBGene00013876,1,0.6,GenX,0.039905016,0.970716118,False,up
WBGene00006588,1,1.0,GenX,0.032099423,0.970716118,False,up
WBGene00001538,1,1.0,GenX,0.031155121,0.970716118,False,up
WBGene00045419,1,1.0,GenX,0.018004705,0.970716118,False,up
WBGene00008019,1,1.0,GenX,-0.01816484,0.970716118,False,down
WBGene00023497,1,0.9333333333333333,GenX,-0.019391603,0.970716118,False,down
WBGene00003097,1,1.0,GenX,-0.023481967,0.970716118,False,down
WBGene00009124,1,1.0,GenX,-0.031402967,0.970716118,False,down
WBGene00018174,1,0.9666666666666667,GenX,-0.032523119,0.970716118,False,down
WBGene00011437,1,1.0,GenX,-0.036738293,0.970716118,False,down
WBGene00020048,1,0.9666666666666667,GenX,-0.078290189,0.970716118,False,down
WBGene00011926,1,0.9666666666666667,GenX,-0.078899629,0.970716118,False,down
WBGene00020955,1,1.0,GenX,0.026241635,0.970769228,False,up
WBGene00014214,1,0.8666666666666667,GenX,-0.023906069,0.970769228,False,down
WBGene00001572,1,0.9,GenX,-0.026593443,0.97100322,False,down
WBGene00009169,1,1.0,GenX,0.285484423,0.971159695,False,up
WBGene00195165,1,0.9666666666666667,GenX,0.243488962,0.971159695,False,up
WBGene00001914,1,0.9333333333333333,GenX,0.149664113,0.971159695,False,up
WBGene00015894,1,1.0,GenX,0.146477116,0.971159695,False,up
WBGene00018918,1,1.0,GenX,0.126077924,0.971159695,False,up
WBGene00013901,1,0.9666666666666667,GenX,0.070028601,0.971159695,False,up
WBGene00003571,1,0.6,GenX,0.050984441,0.971159695,False,up
WBGene00010965,1,0.5,GenX,0.023970586,0.971159695,False,up
WBGene00014243,1,0.9666666666666667,GenX,-0.024770311,0.971159695,False,down
WBGene00022200,1,0.6,GenX,-0.026462741,0.971159695,False,down
WBGene00016657,1,1.0,GenX,-0.061722084,0.971159695,False,down
WBGene00006928,1,0.6333333333333333,GenX,0.123360887,0.971161918,False,up
WBGene00020556,1,0.9333333333333333,GenX,0.029621599,0.971161918,False,up
WBGene00021179,1,0.9666666666666667,GenX,0.251972113,0.971234473,False,up
WBGene00011129,1,0.6,GenX,0.097698965,0.971234473,False,up
WBGene00018675,1,1.0,GenX,-0.091104089,0.971234473,False,down
WBGene00012726,1,0.9666666666666667,GenX,0.20352038,0.971304832,False,up
WBGene00021223,1,1.0,GenX,0.109862319,0.971789753,False,up
WBGene00008301,1,0.9666666666666667,GenX,0.158749442,0.972118309,False,up
WBGene00000069,1,0.9666666666666667,GenX,0.026234646,0.972218359,False,up
WBGene00000959,1,1.0,GenX,0.016079024,0.972218359,False,up
WBGene00006764,1,0.9666666666666667,GenX,0.015598909,0.972218359,False,up
WBGene00014252,1,0.9666666666666667,GenX,-0.024074325,0.972218359,False,down
WBGene00044201,1,0.9666666666666667,GenX,-0.382320934,0.972218359,False,down
WBGene00018400,1,0.9333333333333333,GenX,-0.073890918,0.972821766,False,down
WBGene00005893,1,1.0,GenX,-0.077412715,0.972821766,False,down
WBGene00044237,1,0.9666666666666667,GenX,0.225727366,0.97316045,False,up
WBGene00021865,1,1.0,GenX,0.074614596,0.97316045,False,up
WBGene00022169,1,0.9,GenX,0.015399446,0.97316045,False,up
WBGene00000409,1,0.6333333333333333,GenX,-0.019924429,0.97316045,False,down
WBGene00020732,1,0.9666666666666667,GenX,-0.020145156,0.97316045,False,down
WBGene00020227,1,0.9,GenX,-0.274405308,0.97316045,False,down
WBGene00003555,1,0.5,GenX,0.025694158,0.973574616,False,up
WBGene00011530,1,1.0,GenX,0.08961876,0.973652685,False,up
WBGene00022518,1,0.9666666666666667,GenX,0.014180536,0.974263854,False,up
WBGene00009168,1,1.0,GenX,-0.194827625,0.974310198,False,down
WBGene00022848,1,1.0,GenX,0.024804757,0.974352133,False,up
WBGene00010354,1,0.9,GenX,0.057506926,0.975155697,False,up
WBGene00007056,1,1.0,GenX,-0.029775808,0.975591727,False,down
WBGene00002063,1,0.8666666666666667,GenX,-0.041730868,0.975643371,False,down
WBGene00009077,1,0.6,GenX,0.147671911,0.975939316,False,up
WBGene00008500,1,0.8666666666666667,GenX,0.053073954,0.975939316,False,up
WBGene00018137,1,0.9,GenX,0.034091672,0.976228082,False,up
WBGene00010296,1,0.9333333333333333,GenX,-0.043229965,0.976729137,False,down
WBGene00010326,1,1.0,GenX,0.012412936,0.976734651,False,up
WBGene00000786,1,1.0,GenX,-0.02924426,0.976734651,False,down
WBGene00009358,1,0.9666666666666667,GenX,-0.038339171,0.976734651,False,down
WBGene00003172,1,1.0,GenX,-0.016038038,0.977151229,False,down
WBGene00007617,1,0.9333333333333333,GenX,-0.024234489,0.977163842,False,down
WBGene00001480,1,1.0,GenX,0.033205955,0.977279889,False,up
WBGene00020220,1,1.0,GenX,0.100784762,0.977624456,False,up
WBGene00022028,1,0.6666666666666666,GenX,0.05451281,0.978220734,False,up
WBGene00021897,1,0.9666666666666667,GenX,0.029107321,0.978220734,False,up
WBGene00007317,1,1.0,GenX,-0.015676448,0.978220734,False,down
WBGene00017936,1,0.6333333333333333,GenX,-0.031549933,0.978220734,False,down
WBGene00007465,1,0.9666666666666667,GenX,-0.040846799,0.978220734,False,down
WBGene00006876,1,0.9666666666666667,GenX,0.020802223,0.9789474,False,up
WBGene00021532,1,0.9666666666666667,GenX,0.016810631,0.9789474,False,up
WBGene00004860,1,0.9666666666666667,GenX,-0.019512166,0.9789474,False,down
WBGene00013604,1,1.0,GenX,-0.024452929,0.9789474,False,down
WBGene00007659,1,0.9666666666666667,GenX,0.174317127,0.979478428,False,up
WBGene00013381,1,1.0,GenX,-0.064369749,0.980251966,False,down
WBGene00012910,1,0.9666666666666667,GenX,0.086953527,0.980295375,False,up
WBGene00001488,1,0.9666666666666667,GenX,0.019610416,0.980295375,False,up
WBGene00008819,1,0.8,GenX,0.01667974,0.980622858,False,up
WBGene00000478,1,1.0,GenX,0.014582011,0.980622858,False,up
WBGene00002137,1,1.0,GenX,-0.011054783,0.980622858,False,down
WBGene00004390,1,0.7,GenX,-0.019838013,0.980622858,False,down
WBGene00008050,1,1.0,GenX,-0.04609889,0.980622858,False,down
WBGene00015455,1,0.9666666666666667,GenX,-0.061463952,0.980622858,False,down
WBGene00077757,1,0.8666666666666667,GenX,0.079747635,0.981053992,False,up
WBGene00010004,1,0.5666666666666667,GenX,0.112492191,0.981699435,False,up
WBGene00019907,1,0.9333333333333333,GenX,0.018505904,0.981699435,False,up
WBGene00007094,1,1.0,GenX,-0.019830125,0.981699435,False,down
WBGene00001644,1,1.0,GenX,-0.022784458,0.981699435,False,down
WBGene00021131,1,1.0,GenX,-0.023559805,0.981699435,False,down
WBGene00015172,1,0.9666666666666667,GenX,-0.025207888,0.981699435,False,down
WBGene00044767,1,0.9,GenX,-0.0267934,0.981699435,False,down
WBGene00000178,1,1.0,GenX,-0.012856182,0.982143142,False,down
WBGene00013446,1,0.8333333333333334,GenX,-0.020577897,0.982143142,False,down
WBGene00018806,1,1.0,GenX,-0.034858587,0.982143142,False,down
WBGene00011762,1,0.9,GenX,0.028014343,0.982370714,False,up
WBGene00006975,1,1.0,GenX,-0.009110824,0.982370714,False,down
WBGene00017022,1,0.9666666666666667,GenX,0.040737072,0.982874047,False,up
WBGene00011282,1,0.7333333333333333,GenX,-0.011109508,0.983366927,False,down
WBGene00006735,1,1.0,GenX,-0.011374024,0.983366927,False,down
WBGene00021749,1,0.9666666666666667,GenX,0.013642753,0.983863264,False,up
WBGene00018354,1,0.9666666666666667,GenX,-0.048797261,0.984261033,False,down
WBGene00000442,1,0.9666666666666667,GenX,-0.041055318,0.985367139,False,down
WBGene00005925,1,1.0,GenX,-0.056201713,0.98540583,False,down
WBGene00004963,1,0.9666666666666667,GenX,0.069583731,0.985442658,False,up
WBGene00009785,1,0.9666666666666667,GenX,0.041836701,0.985442658,False,up
WBGene00017959,1,1.0,GenX,-0.043101061,0.985442658,False,down
WBGene00020364,1,0.9,GenX,-0.089773067,0.985442658,False,down
WBGene00018543,1,1.0,GenX,0.073496347,0.985618764,False,up
WBGene00044028,1,1.0,GenX,-0.033225217,0.985922635,False,down
WBGene00012030,1,0.9666666666666667,GenX,0.0112285,0.986059402,False,up
WBGene00015454,1,1.0,GenX,0.009738563,0.986059402,False,up
WBGene00011830,1,1.0,GenX,-0.017697762,0.986059402,False,down
WBGene00015473,1,0.6333333333333333,GenX,0.058854282,0.986133415,False,up
WBGene00007991,1,1.0,GenX,0.022856648,0.986133415,False,up
WBGene00010280,1,0.9666666666666667,GenX,0.009381659,0.986133415,False,up
WBGene00014115,1,1.0,GenX,-0.010504483,0.986133415,False,down
WBGene00011451,1,0.9,GenX,-0.018781035,0.986133415,False,down
WBGene00006638,1,0.5666666666666667,GenX,-0.012103433,0.986405176,False,down
WBGene00004402,1,1.0,GenX,0.045090318,0.987159506,False,up
WBGene00016555,1,0.8666666666666667,GenX,0.024638711,0.987159506,False,up
WBGene00017156,1,0.8333333333333334,GenX,0.022526586,0.987159506,False,up
WBGene00010504,1,1.0,GenX,0.016108681,0.987159506,False,up
WBGene00012973,1,1.0,GenX,-0.008359215,0.987159506,False,down
WBGene00003868,1,0.9666666666666667,GenX,-0.014351937,0.987159506,False,down
WBGene00010031,1,1.0,GenX,-0.04793539,0.987159506,False,down
WBGene00010563,1,0.5333333333333333,GenX,0.049239808,0.987559947,False,up
WBGene00011945,1,1.0,GenX,0.026717801,0.987559947,False,up
WBGene00003695,1,1.0,GenX,0.022428125,0.987563327,False,up
WBGene00016811,1,0.9,GenX,0.012694701,0.987563327,False,up
WBGene00020402,1,0.9666666666666667,GenX,-0.01352642,0.987563327,False,down
WBGene00007662,1,0.9666666666666667,GenX,-0.147930568,0.987563327,False,down
WBGene00014210,1,0.8666666666666667,GenX,-0.019256508,0.988294976,False,down
WBGene00018955,1,1.0,GenX,0.026821602,0.988337543,False,up
WBGene00017080,1,1.0,GenX,0.010482196,0.988427721,False,up
WBGene00019806,1,0.9,GenX,0.013640168,0.988872449,False,up
WBGene00019588,1,0.7,GenX,0.038476357,0.988996103,False,up
WBGene00000822,1,0.9666666666666667,GenX,0.010086694,0.988996103,False,up
WBGene00000712,1,0.9666666666666667,GenX,-0.032954051,0.988996103,False,down
WBGene00010830,1,0.9666666666666667,GenX,0.035661588,0.989343661,False,up
WBGene00018738,1,0.9,GenX,-0.023855342,0.989343661,False,down
WBGene00022406,1,0.5333333333333333,GenX,-0.051407917,0.989343661,False,down
WBGene00021895,1,1.0,GenX,0.01124892,0.989606738,False,up
WBGene00011708,1,0.9666666666666667,GenX,-0.014167217,0.989606738,False,down
WBGene00000150,1,0.6666666666666666,GenX,0.006428196,0.989804468,False,up
WBGene00045416,1,0.9666666666666667,GenX,0.04715221,0.990216168,False,up
WBGene00009735,1,0.9333333333333333,GenX,-0.0224983,0.990707931,False,down
WBGene00022691,1,0.9666666666666667,GenX,0.034201249,0.990809009,False,up
WBGene00020862,1,0.5,GenX,0.011930226,0.990877596,False,up
WBGene00003687,1,0.9,GenX,-0.006000263,0.990932698,False,down
WBGene00021745,1,0.9,GenX,0.022111998,0.991011774,False,up
WBGene00002717,1,0.9666666666666667,GenX,0.006396502,0.991537117,False,up
WBGene00015100,1,0.9666666666666667,GenX,-0.038759055,0.991590977,False,down
WBGene00086560,1,0.9333333333333333,GenX,0.080322884,0.992139595,False,up
WBGene00009361,1,1.0,GenX,0.023697373,0.992139595,False,up
WBGene00003862,1,0.9666666666666667,GenX,0.021789558,0.992139595,False,up
WBGene00044666,1,0.5,GenX,0.014425427,0.992139595,False,up
WBGene00020346,1,0.5666666666666667,GenX,0.008398826,0.992139595,False,up
WBGene00011860,1,1.0,GenX,-0.010261841,0.992139595,False,down
WBGene00017257,1,0.9,GenX,-0.01434013,0.992139595,False,down
WBGene00009157,1,1.0,GenX,-0.019022637,0.992139595,False,down
WBGene00011539,1,0.8666666666666667,GenX,-0.041605288,0.992139595,False,down
WBGene00195181,1,0.9333333333333333,GenX,-0.108743708,0.992139595,False,down
WBGene00015143,1,0.9333333333333333,GenX,0.005609947,0.992344372,False,up
WBGene00011207,1,0.9333333333333333,GenX,-0.01611308,0.992673873,False,down
WBGene00009876,1,1.0,GenX,0.016136817,0.993417202,False,up
WBGene00219493,1,0.9333333333333333,GenX,0.091693113,0.993671815,False,up
WBGene00007891,1,1.0,GenX,0.079826451,0.993671815,False,up
WBGene00016226,1,0.6,GenX,0.053407109,0.993671815,False,up
WBGene00015226,1,0.9666666666666667,GenX,0.045329937,0.993671815,False,up
WBGene00018478,1,0.7,GenX,0.025645557,0.993671815,False,up
WBGene00271605,1,0.9666666666666667,GenX,0.022516024,0.993671815,False,up
WBGene00013585,1,1.0,GenX,0.015129268,0.993671815,False,up
WBGene00015759,1,0.5333333333333333,GenX,0.0092534,0.993671815,False,up
WBGene00020457,1,0.9666666666666667,GenX,0.009156108,0.993671815,False,up
WBGene00045365,1,1.0,GenX,0.008700257,0.993671815,False,up
WBGene00010637,1,1.0,GenX,0.008562097,0.993671815,False,up
WBGene00004790,1,1.0,GenX,0.008459911,0.993671815,False,up
WBGene00044903,1,1.0,GenX,0.007030366,0.993671815,False,up
WBGene00020566,1,0.9,GenX,0.006849787,0.993671815,False,up
WBGene00010421,1,1.0,GenX,0.006321418,0.993671815,False,up
WBGene00019207,1,1.0,GenX,0.006268259,0.993671815,False,up
WBGene00012112,1,0.9333333333333333,GenX,0.005489682,0.993671815,False,up
WBGene00006513,1,0.9666666666666667,GenX,0.005465768,0.993671815,False,up
WBGene00016409,1,0.9666666666666667,GenX,0.004966102,0.993671815,False,up
WBGene00010111,1,0.7666666666666667,GenX,0.004434034,0.993671815,False,up
WBGene00006587,1,0.6333333333333333,GenX,-0.004292219,0.993671815,False,down
WBGene00016292,1,1.0,GenX,-0.005104136,0.993671815,False,down
WBGene00016646,1,1.0,GenX,-0.005244037,0.993671815,False,down
WBGene00011776,1,0.5666666666666667,GenX,-0.005784904,0.993671815,False,down
WBGene00006423,1,0.8333333333333334,GenX,-0.006393117,0.993671815,False,down
WBGene00017012,1,1.0,GenX,-0.006787358,0.993671815,False,down
WBGene00021583,1,0.9666666666666667,GenX,-0.008211309,0.993671815,False,down
WBGene00000135,1,0.9,GenX,-0.008495927,0.993671815,False,down
WBGene00013019,1,0.9666666666666667,GenX,-0.009390529,0.993671815,False,down
WBGene00017720,1,0.9,GenX,-0.01022907,0.993671815,False,down
WBGene00013587,1,1.0,GenX,-0.010776778,0.993671815,False,down
WBGene00009782,1,0.6333333333333333,GenX,-0.010851147,0.993671815,False,down
WBGene00020924,1,0.7333333333333333,GenX,-0.011471628,0.993671815,False,down
WBGene00015291,1,1.0,GenX,-0.012550152,0.993671815,False,down
WBGene00043279,1,0.9,GenX,-0.013603773,0.993671815,False,down
WBGene00019552,1,1.0,GenX,-0.017316076,0.993671815,False,down
WBGene00019580,1,1.0,GenX,-0.019113638,0.993671815,False,down
WBGene00012042,1,0.8666666666666667,GenX,-0.020028266,0.993671815,False,down
WBGene00019367,1,1.0,GenX,-0.020306696,0.993671815,False,down
WBGene00007909,1,0.9666666666666667,GenX,-0.022083389,0.993671815,False,down
WBGene00012101,1,0.9666666666666667,GenX,-0.0244051,0.993671815,False,down
WBGene00014206,1,1.0,GenX,-0.024753049,0.993671815,False,down
WBGene00001780,1,0.8666666666666667,GenX,-0.044967286,0.993671815,False,down
WBGene00194645,1,0.9666666666666667,GenX,-0.056484107,0.993671815,False,down
WBGene00022766,1,1.0,GenX,-0.006353862,0.994476929,False,down
WBGene00003396,1,0.9666666666666667,GenX,-0.003420719,0.994511339,False,down
WBGene00018067,1,1.0,GenX,0.004301643,0.994578268,False,up
WBGene00006369,1,0.9666666666666667,GenX,0.002089276,0.994578268,False,up
WBGene00020709,1,1.0,GenX,0.001835733,0.995458133,False,up
WBGene00013289,1,1.0,GenX,0.002867578,0.995681935,False,up
WBGene00008269,1,0.9666666666666667,GenX,0.023613748,0.996384705,False,up
WBGene00008342,1,1.0,GenX,0.002861407,0.996478523,False,up
WBGene00001494,1,1.0,GenX,-0.001437049,0.996836431,False,down
WBGene00012239,1,1.0,GenX,-0.004482396,0.996836431,False,down
WBGene00007134,1,0.9666666666666667,GenX,0.018484335,0.997003837,False,up
WBGene00004323,1,0.9666666666666667,GenX,0.001189355,0.997393804,False,up
WBGene00021183,1,0.6333333333333333,GenX,0.004163999,0.997849535,False,up
WBGene00010784,1,1.0,GenX,-0.001642473,0.998036333,False,down
WBGene00017093,1,0.9666666666666667,GenX,-0.004200475,0.998040412,False,down
WBGene00005931,1,0.6666666666666666,GenX,-0.002367418,0.998160664,False,down
WBGene00009504,1,1.0,GenX,-0.001019467,0.998208873,False,down
WBGene00015046,1,0.9666666666666667,GenX,-0.005511503,0.998208873,False,down
WBGene00012125,1,0.9666666666666667,GenX,-0.000446231,0.99849317,False,down
WBGene00001923,1,0.9,GenX,0.001146595,0.998610186,False,up
WBGene00138721,1,0.9666666666666667,GenX,-0.000282166,0.999898004,False,down
