WB_id,consensus_module,consensus_strength,chemical,logFC,FDR,is_detected,direction
WBGene00011673,1,0.6,PFBA,7.11582430290467,1.56058719081252e-24,True,up
WBGene00015894,1,1.0,PFBA,7.15234939582686,1.27330140203409e-23,True,up
WBGene00015623,1,1.0,PFBA,5.20784135608626,4.72798395158034e-20,True,up
WBGene00018206,1,0.9666666666666667,PFBA,3.47221612352974,6.64076954204591e-20,True,up
WBGene00000988,1,1.0,PFBA,3.16554254423149,4.95249671205643e-16,True,up
WBGene00019515,1,0.9333333333333333,PFBA,3.01762187282559,4.95249671205643e-16,True,up
WBGene00015887,1,1.0,PFBA,1.50766814889944,8.48531405918951e-16,True,up
WBGene00008694,1,0.9333333333333333,PFBA,1.1174674011436,8.48531405918951e-16,True,up
WBGene00010904,1,0.9666666666666667,PFBA,1.56708892039328,2.3296251535162e-13,True,up
WBGene00002855,1,1.0,PFBA,0.702512106473129,4.56517721016233e-13,True,up
WBGene00017874,1,0.6333333333333333,PFBA,0.94245822563211,6.67764001970004e-13,True,up
WBGene00019090,1,0.9666666666666667,PFBA,3.15294477167998,1.83690272971018e-12,True,up
WBGene00020156,1,1.0,PFBA,1.7469491848302,9.296961010129009e-12,True,up
WBGene00008519,1,1.0,PFBA,2.13819619720283,1.8746541695625598e-11,True,up
WBGene00017244,1,0.9666666666666667,PFBA,1.38788767713219,1.27268610663248e-10,True,up
WBGene00000412,1,0.9666666666666667,PFBA,2.22716123330629,2.32741497682673e-10,True,up
WBGene00007122,1,0.5666666666666667,PFBA,0.690083916610641,2.39913911081851e-10,True,up
WBGene00020182,1,0.9333333333333333,PFBA,2.249246413511,1.8313160394143501e-09,True,up
WBGene00015890,1,1.0,PFBA,3.72591694264545,3.86324597190425e-09,True,up
WBGene00016998,1,1.0,PFBA,1.68514628121175,5.42488936471883e-09,True,up
WBGene00007330,1,0.6,PFBA,1.72859689212731,7.0561629870002606e-09,True,up
WBGene00016595,1,1.0,PFBA,2.51284150005477,1.47047392977577e-08,True,up
WBGene00021647,1,0.7,PFBA,0.739627020847372,2.60798713016107e-08,True,up
WBGene00009255,1,1.0,PFBA,4.37797365572037,9.92450297951862e-08,True,up
WBGene00002095,1,1.0,PFBA,1.77385378183504,1.50984971670827e-07,True,up
WBGene00009824,1,1.0,PFBA,1.62702524126779,1.8034246394716e-07,True,up
WBGene00017166,1,0.9333333333333333,PFBA,0.425400655684186,2.82557176580987e-07,True,up
WBGene00003611,1,1.0,PFBA,0.821955791642652,3.69505168119328e-07,True,up
WBGene00013597,1,1.0,PFBA,0.482580431031453,4.54381396721882e-07,True,up
WBGene00015333,1,0.9666666666666667,PFBA,1.38817965693722,6.9504667206462e-07,True,up
WBGene00018424,1,1.0,PFBA,1.48747095893866,1.05765466351035e-06,True,up
WBGene00015449,1,1.0,PFBA,1.45799247412597,1.24709425741883e-06,True,up
WBGene00000372,1,0.9666666666666667,PFBA,4.0917390490437,2.45514077836954e-06,True,up
WBGene00009577,1,0.6333333333333333,PFBA,0.559326149157187,7.3882405350383e-06,True,up
WBGene00015896,1,1.0,PFBA,1.47627103941448,8.76471014791509e-06,True,up
WBGene00020394,1,1.0,PFBA,1.66635094999251,1.07620226270268e-05,True,up
WBGene00219274,1,0.9666666666666667,PFBA,2.13388092708827,1.28719127634929e-05,True,up
WBGene00019604,1,1.0,PFBA,1.37983964967361,1.35241896368618e-05,True,up
WBGene00002260,1,0.9,PFBA,1.73096916966137,1.70998861977423e-05,True,up
WBGene00235113,1,0.9666666666666667,PFBA,-2.1512805468453,3.75972544822152e-05,True,down
WBGene00018708,1,0.9666666666666667,PFBA,-1.34135514821665,4.02994901542167e-05,True,down
WBGene00010471,1,0.9666666666666667,PFBA,-0.35603702494026,6.3659536700107e-05,True,down
WBGene00001684,1,0.9666666666666667,PFBA,0.442866183235823,7.69661343943211e-05,True,up
WBGene00007183,1,0.9666666666666667,PFBA,2.54579532591841,0.0001080382221459,True,up
WBGene00007946,1,0.9666666666666667,PFBA,2.68235547325787,0.0001142451524039,True,up
WBGene00003995,1,0.9666666666666667,PFBA,0.785907398917407,0.0001834172089662,True,up
WBGene00000114,1,1.0,PFBA,0.406869412984995,0.0003932112208939,True,up
WBGene00009256,1,1.0,PFBA,0.460916689300354,0.0004032258060377,True,up
WBGene00014092,1,1.0,PFBA,0.590239452329012,0.0004214059165598,True,up
WBGene00000972,1,1.0,PFBA,1.17008208791492,0.0004262171829909,True,up
WBGene00011830,1,1.0,PFBA,-0.561132249703769,0.0006720266651937,True,down
WBGene00013587,1,1.0,PFBA,0.681075712183492,0.0009217245729348,True,up
WBGene00022252,1,1.0,PFBA,0.503904501594152,0.0010268147369797,True,up
WBGene00006886,1,1.0,PFBA,-0.682221655854841,0.0015218508004859,True,down
WBGene00012688,1,1.0,PFBA,-1.26288544211157,0.0016790827160328,True,down
WBGene00001685,1,0.9,PFBA,0.37715960223647,0.0018552922815884,True,up
WBGene00016450,1,1.0,PFBA,-0.519189388395213,0.0027076062676375,True,down
WBGene00009423,1,0.5666666666666667,PFBA,-1.10164289095062,0.0027999566886487,True,down
WBGene00003571,1,0.6,PFBA,0.826854905310999,0.002848196604804,True,up
WBGene00007331,1,1.0,PFBA,-0.563393110243392,0.0038767382958963,True,down
WBGene00007073,1,0.8666666666666667,PFBA,0.790216110874848,0.0040842333908712,True,up
WBGene00009424,1,0.6,PFBA,-1.08078331913346,0.0046640272873745,True,down
WBGene00019731,1,0.7333333333333333,PFBA,0.734185397485895,0.0055097002083627,True,up
WBGene00194908,1,0.9666666666666667,PFBA,0.650948051804792,0.0055097002083627,True,up
WBGene00011676,1,1.0,PFBA,0.603881707451446,0.0056371575681597,True,up
WBGene00019732,1,0.9666666666666667,PFBA,-0.472216452304496,0.0060232181783388,True,down
WBGene00020592,1,0.9666666666666667,PFBA,0.411348566537363,0.0061716124423196,True,up
WBGene00022657,1,0.9666666666666667,PFBA,-0.867430642308316,0.0064706019280036,True,down
WBGene00010123,1,1.0,PFBA,-1.34836005556898,0.0071801675443625,True,down
WBGene00020589,1,0.9666666666666667,PFBA,-0.474225016660362,0.0072639365468555,True,down
WBGene00206384,1,1.0,PFBA,1.76934056627832,0.0080208405687672,True,up
WBGene00022076,1,1.0,PFBA,-0.620766408128044,0.008629624345354,True,down
WBGene00021532,1,0.9666666666666667,PFBA,-0.321537835740736,0.0098945254129784,True,down
WBGene00019660,1,1.0,PFBA,0.865183497015729,0.0103316918124778,True,up
WBGene00010516,1,1.0,PFBA,-0.947155523971745,0.0117205694997277,True,down
WBGene00016892,1,1.0,PFBA,0.948021036873418,0.0134524451791574,True,up
WBGene00003695,1,1.0,PFBA,0.591613653922081,0.0134524451791574,True,up
WBGene00003717,1,1.0,PFBA,1.33067215988235,0.01374220825133,True,up
WBGene00008584,1,1.0,PFBA,-1.25361234267886,0.0141364035898211,True,down
WBGene00007450,1,1.0,PFBA,0.754430984282311,0.0161452131077334,True,up
WBGene00021183,1,0.6333333333333333,PFBA,0.985195606194582,0.0198059310400562,True,up
WBGene00011800,1,0.9666666666666667,PFBA,0.941781670898484,0.020189122313518,True,up
WBGene00017125,1,1.0,PFBA,-0.282623330044028,0.0222572969897562,True,down
WBGene00017376,1,1.0,PFBA,-0.479631894339231,0.0224979937733054,True,down
WBGene00019895,1,1.0,PFBA,0.400455710851507,0.0229727956975846,True,up
WBGene00019886,1,0.9666666666666667,PFBA,3.5155427400955,0.0234161226357399,True,up
WBGene00011767,1,0.9666666666666667,PFBA,-0.299975829964053,0.0244682549661723,True,down
WBGene00000982,1,0.9666666666666667,PFBA,-0.467201734358603,0.0244682549661723,True,down
WBGene00019917,1,0.9,PFBA,0.855197536456475,0.0259858807582451,True,up
WBGene00017332,1,0.9,PFBA,-0.824353565243508,0.0353622359610547,True,down
WBGene00007455,1,0.5,PFBA,-0.423922686195637,0.036152729246328,True,down
WBGene00010034,1,1.0,PFBA,-1.27823835429471,0.0376108629145093,True,down
WBGene00009706,1,0.9666666666666667,PFBA,-1.18216821342583,0.0398224038374646,True,down
WBGene00010778,1,1.0,PFBA,-0.18422443502339,0.0400450156392715,True,down
WBGene00017818,1,1.0,PFBA,-0.471695427529209,0.0428056102012265,True,down
WBGene00018918,1,1.0,PFBA,-2.32330771527448,0.0445643505246205,True,down
WBGene00010773,1,0.9,PFBA,-0.443204436075983,0.0468171465530923,True,down
WBGene00003765,1,1.0,PFBA,-0.922690016746919,0.0490051637470072,True,down
WBGene00004003,1,0.9666666666666667,PFBA,0.486301733296479,0.0499859276102376,True,up
WBGene00001399,1,1.0,PFBA,-2.27912307610999,0.0500591931021488,False,down
WBGene00009430,1,0.9666666666666667,PFBA,-0.608475114287882,0.0547958936712943,False,down
WBGene00015172,1,0.9666666666666667,PFBA,0.4404461265802,0.0616894564925621,False,up
WBGene00010947,1,1.0,PFBA,-0.362395671200213,0.0665800598195377,False,down
WBGene00008794,1,1.0,PFBA,-1.03794747909952,0.0665800598195377,False,down
WBGene00006588,1,1.0,PFBA,0.353336509191786,0.0695914757831861,False,up
WBGene00001699,1,0.9666666666666667,PFBA,0.398623812597472,0.0741325153854768,False,up
WBGene00021028,1,1.0,PFBA,-1.09089613019835,0.0797627876212971,False,down
WBGene00019164,1,1.0,PFBA,0.289548384326001,0.0992453280549848,False,up
WBGene00010124,1,0.9,PFBA,-0.981001540846168,0.10664688756005,False,down
WBGene00003627,1,0.9666666666666667,PFBA,0.197806257807797,0.108504239997016,False,up
WBGene00044903,1,1.0,PFBA,0.473002000823308,0.11278883788267,False,up
WBGene00010421,1,1.0,PFBA,0.474050532299227,0.115702512190482,False,up
WBGene00004001,1,0.9666666666666667,PFBA,-0.468613838427273,0.11892096933013,False,down
WBGene00016340,1,0.9666666666666667,PFBA,1.90062105631353,0.119424319310789,False,up
WBGene00044001,1,0.9,PFBA,-0.784934406908503,0.121313806253476,False,down
WBGene00018990,1,1.0,PFBA,0.298836465109488,0.121553508395803,False,up
WBGene00010659,1,0.8,PFBA,-0.698763413500559,0.123670869391499,False,down
WBGene00019730,1,1.0,PFBA,0.406599128421671,0.137436771944615,False,up
WBGene00009215,1,0.9333333333333333,PFBA,-1.27870987405242,0.140396079413145,False,down
WBGene00022260,1,1.0,PFBA,0.350704656607357,0.144927588701863,False,up
WBGene00003891,1,0.9666666666666667,PFBA,0.277105642545244,0.148345074707505,False,up
WBGene00018860,1,0.9666666666666667,PFBA,0.253099190929387,0.154129071350028,False,up
WBGene00007296,1,0.6333333333333333,PFBA,-0.221969564774987,0.155860601172133,False,down
WBGene00021223,1,1.0,PFBA,-1.75406414537839,0.159637616091374,False,down
WBGene00016425,1,0.9666666666666667,PFBA,0.765375581240986,0.165328064699603,False,up
WBGene00017688,1,0.9,PFBA,-0.375592737189996,0.166997803398269,False,down
WBGene00001780,1,0.8666666666666667,PFBA,-1.89115450973567,0.166997803398269,False,down
WBGene00019725,1,0.9,PFBA,0.265888643477133,0.172078923413134,False,up
WBGene00000784,1,0.5,PFBA,-0.343237489923378,0.174578120726421,False,down
WBGene00008538,1,1.0,PFBA,-0.65148536690957,0.180101784481996,False,down
WBGene00007848,1,0.9666666666666667,PFBA,-0.248704966725173,0.183745300930067,False,down
WBGene00012968,1,1.0,PFBA,0.309809492685587,0.188867294339341,False,up
WBGene00009347,1,0.6333333333333333,PFBA,0.280180670997571,0.190679508200057,False,up
WBGene00022028,1,0.6666666666666666,PFBA,0.726730576620559,0.195626891302408,False,up
WBGene00006504,1,1.0,PFBA,0.199114558395161,0.196616782507069,False,up
WBGene00008803,1,0.9,PFBA,0.357521098700054,0.201048104164785,False,up
WBGene00013035,1,1.0,PFBA,-0.234191147605935,0.202489747451196,False,down
WBGene00022817,1,1.0,PFBA,0.23510902499818,0.203315078700408,False,up
WBGene00004225,1,0.5333333333333333,PFBA,-0.34544035719249,0.207281510078527,False,down
WBGene00011223,1,1.0,PFBA,-0.526584279629575,0.220562415768925,False,down
WBGene00009475,1,0.9666666666666667,PFBA,0.353384357218428,0.243671783273564,False,up
WBGene00014914,1,1.0,PFBA,-0.533540997511478,0.250383117305664,False,down
WBGene00009900,1,1.0,PFBA,0.548741475174481,0.252645130032749,False,up
WBGene00009494,1,0.5666666666666667,PFBA,-0.945207299222409,0.26930474736707,False,down
WBGene00010337,1,1.0,PFBA,-0.216774856863848,0.279359903661079,False,down
WBGene00044811,1,0.9333333333333333,PFBA,0.726698058457528,0.28951961032355,False,up
WBGene00007431,1,0.9333333333333333,PFBA,-0.345629612989216,0.290237559409359,False,down
WBGene00019843,1,1.0,PFBA,-0.310478139888605,0.299999326762043,False,down
WBGene00003769,1,0.9666666666666667,PFBA,-0.615259380820589,0.304168154758252,False,down
WBGene00016159,1,1.0,PFBA,0.232862931839755,0.304605985939536,False,up
WBGene00016739,1,0.9666666666666667,PFBA,-0.134287566564021,0.304605985939536,False,down
WBGene00001692,1,0.9666666666666667,PFBA,0.449110764338311,0.306637579178791,False,up
WBGene00011105,1,1.0,PFBA,0.458401302997027,0.310519192317074,False,up
WBGene00018920,1,0.6,PFBA,0.651397979490512,0.32077960854984,False,up
WBGene00001767,1,1.0,PFBA,-0.567155434964525,0.320863544364585,False,down
WBGene00014215,1,0.9,PFBA,0.212834020190401,0.326136463067954,False,up
WBGene00002146,1,0.8,PFBA,0.204557318671241,0.328271663164933,False,up
WBGene00016096,1,1.0,PFBA,-0.657374661425932,0.332186212298279,False,down
WBGene00019458,1,1.0,PFBA,-0.383614274401505,0.333577207882166,False,down
WBGene00013281,1,1.0,PFBA,1.04171018884773,0.339362340434697,False,up
WBGene00010282,1,0.5,PFBA,0.613666227755408,0.339362340434697,False,up
WBGene00020335,1,0.5,PFBA,-0.550380419109022,0.339362340434697,False,down
WBGene00015052,1,0.9333333333333333,PFBA,-0.97019415874793,0.339362340434697,False,down
WBGene00021683,1,1.0,PFBA,0.174997456418425,0.346898159701999,False,up
WBGene00007956,1,0.9666666666666667,PFBA,0.161345981321623,0.352152554009279,False,up
WBGene00019763,1,0.6333333333333333,PFBA,-0.580077587918882,0.352152554009279,False,down
WBGene00021590,1,1.0,PFBA,0.593306661990699,0.355492457980672,False,up
WBGene00016663,1,0.5333333333333333,PFBA,0.251004675955457,0.355492457980672,False,up
WBGene00018903,1,0.8666666666666667,PFBA,-0.670023602057421,0.355492457980672,False,down
WBGene00016022,1,0.8666666666666667,PFBA,0.345433847625692,0.35700545587185,False,up
WBGene00016577,1,1.0,PFBA,-1.03366182590312,0.35700545587185,False,down
WBGene00015693,1,1.0,PFBA,0.488724573188633,0.373509005393164,False,up
WBGene00003093,1,1.0,PFBA,-1.16135063720457,0.377634558051721,False,down
WBGene00008810,1,0.9666666666666667,PFBA,-1.04179488226153,0.388007918216894,False,down
WBGene00011212,1,1.0,PFBA,0.261202973493561,0.397079429683014,False,up
WBGene00011262,1,1.0,PFBA,-0.591743584440523,0.397190402313076,False,down
WBGene00013292,1,0.9666666666666667,PFBA,-0.232192000265742,0.410471501538611,False,down
WBGene00020612,1,1.0,PFBA,-0.305549014521281,0.410471501538611,False,down
WBGene00016150,1,0.8666666666666667,PFBA,-0.322693301573331,0.413447835144892,False,down
WBGene00194998,1,1.0,PFBA,0.657931321227666,0.415405083049144,False,up
WBGene00014254,1,0.9666666666666667,PFBA,-0.449108848056762,0.417308182165203,False,down
WBGene00008629,1,1.0,PFBA,-0.700836111215582,0.417308182165203,False,down
WBGene00008094,1,0.9666666666666667,PFBA,0.155569626665913,0.419658456145011,False,up
WBGene00011668,1,0.9333333333333333,PFBA,1.04636961787614,0.420083355398578,False,up
WBGene00021873,1,0.9,PFBA,-0.552440937317991,0.420083355398578,False,down
WBGene00000929,1,0.9666666666666667,PFBA,-0.169817492861327,0.421159045502888,False,down
WBGene00006944,1,1.0,PFBA,0.170406715720689,0.429153842316603,False,up
WBGene00000556,1,1.0,PFBA,-0.714613057144627,0.434019794430775,False,down
WBGene00008050,1,1.0,PFBA,0.524799674586385,0.434071015115771,False,up
WBGene00016360,1,0.8,PFBA,0.574577347431714,0.434803884632595,False,up
WBGene00021492,1,1.0,PFBA,0.598475988560166,0.436920061449143,False,up
WBGene00021928,1,0.9666666666666667,PFBA,-0.407564794256975,0.43833237240184,False,down
WBGene00001876,1,0.9666666666666667,PFBA,-1.13143103337186,0.44435756078744,False,down
WBGene00015768,1,0.9666666666666667,PFBA,0.30764944274084,0.444727950109532,False,up
WBGene00014008,1,0.6,PFBA,0.640090196120623,0.448562416538412,False,up
WBGene00010931,1,1.0,PFBA,-0.502366827848695,0.452828163463836,False,down
WBGene00009635,1,1.0,PFBA,-0.215200220375505,0.455236665257224,False,down
WBGene00006979,1,1.0,PFBA,0.734268445202942,0.460249860116665,False,up
WBGene00007867,1,0.9666666666666667,PFBA,-0.61244721413801,0.461477596243447,False,down
WBGene00043062,1,1.0,PFBA,-0.35504583724569,0.466049365945037,False,down
WBGene00010666,1,0.5,PFBA,0.357280823100291,0.466436969777134,False,up
WBGene00003233,1,0.6333333333333333,PFBA,0.167337456958598,0.48243669245203,False,up
WBGene00011708,1,0.9666666666666667,PFBA,-0.260020823104353,0.48243669245203,False,down
WBGene00020955,1,1.0,PFBA,-0.202850979220683,0.491963898841329,False,down
WBGene00019496,1,0.9666666666666667,PFBA,0.436446753100132,0.492648233883985,False,up
WBGene00013358,1,1.0,PFBA,-0.154222017798543,0.495275092238508,False,down
WBGene00002118,1,0.5333333333333333,PFBA,-0.340920361333159,0.495741955363586,False,down
WBGene00000245,1,0.9666666666666667,PFBA,0.280290311879454,0.496434211227266,False,up
WBGene00021131,1,1.0,PFBA,-0.279366592103564,0.496434211227266,False,down
WBGene00013381,1,1.0,PFBA,-0.657730131865604,0.500761456316186,False,down
WBGene00000178,1,1.0,PFBA,-0.153205677293471,0.502589581937745,False,down
WBGene00001153,1,1.0,PFBA,-0.17661647033386,0.502589581937745,False,down
WBGene00002249,1,1.0,PFBA,0.115150531871232,0.504428672850223,False,up
WBGene00009354,1,0.9666666666666667,PFBA,-0.34128745038272,0.51281681556819,False,down
WBGene00013980,1,0.6,PFBA,1.06666472367503,0.515391501955037,False,up
WBGene00008492,1,1.0,PFBA,-0.440495994046818,0.515391501955037,False,down
WBGene00045488,1,0.9666666666666667,PFBA,1.00901168892092,0.516448439570214,False,up
WBGene00008564,1,1.0,PFBA,-0.186883226663951,0.517111299292091,False,down
WBGene00018971,1,1.0,PFBA,-0.348637547532582,0.518465251713651,False,down
WBGene00008634,1,0.9666666666666667,PFBA,-0.338656930089837,0.519467754723655,False,down
WBGene00009902,1,1.0,PFBA,-0.732758775626293,0.521365439419927,False,down
WBGene00009311,1,0.7333333333333333,PFBA,-1.18814830575892,0.526092290564296,False,down
WBGene00016610,1,0.9,PFBA,0.202393921857672,0.52702824761178,False,up
WBGene00004990,1,0.9,PFBA,-0.176557353028714,0.52702824761178,False,down
WBGene00004790,1,1.0,PFBA,-0.272828794160809,0.52702824761178,False,down
WBGene00021709,1,1.0,PFBA,0.428035745246175,0.529631114149013,False,up
WBGene00017200,1,1.0,PFBA,-0.862297359954375,0.529631114149013,False,down
WBGene00010275,1,0.9,PFBA,0.38340056605662,0.54067184697296,False,up
WBGene00019619,1,0.7,PFBA,-0.440365704509499,0.54067184697296,False,down
WBGene00005670,1,0.9,PFBA,0.624288184279319,0.545545985096899,False,up
WBGene00001915,1,1.0,PFBA,-0.149702941829608,0.553251795393672,False,down
WBGene00012505,1,0.9666666666666667,PFBA,-1.19521026515884,0.553251795393672,False,down
WBGene00015799,1,1.0,PFBA,0.895333616973314,0.554498200319727,False,up
WBGene00009433,1,0.9666666666666667,PFBA,-0.291330164678452,0.559481358700681,False,down
WBGene00009124,1,1.0,PFBA,0.221250521368579,0.563876106120774,False,up
WBGene00020365,1,1.0,PFBA,-0.40947359998372,0.563876106120774,False,down
WBGene00010514,1,0.8666666666666667,PFBA,-0.527893206639505,0.568077577357017,False,down
WBGene00015823,1,1.0,PFBA,-0.174980324000393,0.573079708844768,False,down
WBGene00012023,1,0.9666666666666667,PFBA,0.488621955065657,0.575806576352479,False,up
WBGene00219420,1,1.0,PFBA,-0.771221904290092,0.582457979296958,False,down
WBGene00019315,1,0.9,PFBA,0.76623457342849,0.585583041516077,False,up
WBGene00009048,1,0.9,PFBA,-0.329626536319816,0.587981975368443,False,down
WBGene00006309,1,0.9666666666666667,PFBA,-0.190043926150309,0.596854572362128,False,down
WBGene00010745,1,1.0,PFBA,-0.625470540262736,0.602035836148297,False,down
WBGene00019279,1,1.0,PFBA,-0.216480231637983,0.604732556516264,False,down
WBGene00011265,1,0.9,PFBA,0.394849890219751,0.609236065200552,False,up
WBGene00011510,1,1.0,PFBA,0.107312601673308,0.609425264654491,False,up
WBGene00013019,1,0.9666666666666667,PFBA,-0.283389678300566,0.618658341052087,False,down
WBGene00001960,1,0.9,PFBA,0.576639106339207,0.62376249403722,False,up
WBGene00019907,1,0.9333333333333333,PFBA,0.195877204901273,0.62376249403722,False,up
WBGene00006461,1,0.6333333333333333,PFBA,-0.335814311417997,0.62384646208493,False,down
WBGene00010630,1,0.9333333333333333,PFBA,0.226947522732004,0.625207433217531,False,up
WBGene00007819,1,1.0,PFBA,0.283433985489387,0.62849596412442,False,up
WBGene00014801,1,1.0,PFBA,0.321297500116405,0.644890361756348,False,up
WBGene00007650,1,0.9,PFBA,-0.13381284061743,0.644890361756348,False,down
WBGene00003764,1,0.9666666666666667,PFBA,0.35087599849922,0.645715182542524,False,up
WBGene00018675,1,1.0,PFBA,-0.799113404063044,0.651518600994015,False,down
WBGene00011399,1,0.6666666666666666,PFBA,-0.25469412107905,0.65188064222058,False,down
WBGene00011330,1,0.9,PFBA,-0.183297838749734,0.654278319631003,False,down
WBGene00001771,1,1.0,PFBA,-0.417363229402724,0.654278319631003,False,down
WBGene00019945,1,1.0,PFBA,-0.739623404688468,0.654278319631003,False,down
WBGene00009554,1,0.9,PFBA,0.482032254590971,0.65732783757661,False,up
WBGene00014046,1,0.9666666666666667,PFBA,-0.964222892926063,0.657775254561831,False,down
WBGene00021567,1,1.0,PFBA,3.64211110754159,0.660426146491024,False,up
WBGene00006712,1,0.6,PFBA,0.229191378549979,0.660426146491024,False,up
WBGene00044440,1,0.6,PFBA,0.151350367222403,0.660426146491024,False,up
WBGene00009995,1,1.0,PFBA,0.132360444453188,0.663115432455881,False,up
WBGene00019588,1,0.7,PFBA,0.564209763664765,0.663747961706871,False,up
WBGene00020938,1,1.0,PFBA,-0.348695674370392,0.663747961706871,False,down
WBGene00005893,1,1.0,PFBA,-0.580940955685379,0.663747961706871,False,down
WBGene00017658,1,0.9333333333333333,PFBA,-1.28394600949174,0.663747961706871,False,down
WBGene00009825,1,1.0,PFBA,0.150072451950823,0.666618641448874,False,up
WBGene00013650,1,0.9666666666666667,PFBA,0.217772946914698,0.668590324379716,False,up
WBGene00009876,1,1.0,PFBA,-0.336767077326532,0.668590324379716,False,down
WBGene00013840,1,1.0,PFBA,-0.528666008289097,0.669152417904626,False,down
WBGene00022179,1,1.0,PFBA,0.527285771023711,0.669624431306881,False,up
WBGene00009393,1,0.9666666666666667,PFBA,0.190831374291094,0.669624431306881,False,up
WBGene00018802,1,0.5666666666666667,PFBA,0.14211760983052,0.669624431306881,False,up
WBGene00017777,1,1.0,PFBA,-0.166284275018177,0.669624431306881,False,down
WBGene00017151,1,1.0,PFBA,0.248257048396566,0.669803803858119,False,up
WBGene00013160,1,0.8333333333333334,PFBA,0.11128795885745,0.672659480548617,False,up
WBGene00235114,1,1.0,PFBA,-0.502503141238638,0.672659480548617,False,down
WBGene00021224,1,0.7666666666666667,PFBA,-0.745713534320942,0.672659480548617,False,down
WBGene00022504,1,1.0,PFBA,-0.62065413190251,0.676703131383395,False,down
WBGene00022127,1,0.9666666666666667,PFBA,-0.134221355765794,0.67683204819156,False,down
WBGene00019128,1,0.6,PFBA,0.253647462622474,0.677594777763761,False,up
WBGene00015455,1,0.9666666666666667,PFBA,-0.593252749368092,0.679275847582006,False,down
WBGene00020128,1,0.8666666666666667,PFBA,-0.38771674688412,0.679374900220004,False,down
WBGene00004191,1,0.9333333333333333,PFBA,0.199993995875196,0.689055316074315,False,up
WBGene00008214,1,0.9666666666666667,PFBA,0.232593102965358,0.691087733346254,False,up
WBGene00008495,1,0.9,PFBA,-0.274571267035794,0.695498986899718,False,down
WBGene00007599,1,0.9666666666666667,PFBA,-0.34388633822735,0.695498986899718,False,down
WBGene00001702,1,0.9666666666666667,PFBA,0.231542416717127,0.706064503604202,False,up
WBGene00003767,1,0.9,PFBA,-0.453182986385977,0.706064503604202,False,down
WBGene00020445,1,0.5666666666666667,PFBA,0.267597354009767,0.70804049756066,False,up
WBGene00012295,1,0.9666666666666667,PFBA,0.381205926437452,0.70831130956368,False,up
WBGene00007909,1,0.9666666666666667,PFBA,0.736504361232784,0.709225624658207,False,up
WBGene00010791,1,0.9666666666666667,PFBA,0.789614505054594,0.710335220967655,False,up
WBGene00001946,1,0.7666666666666667,PFBA,-0.163168333111838,0.72894503455568,False,down
WBGene00009866,1,0.9,PFBA,0.778183201050706,0.73589653081632,False,up
WBGene00011238,1,1.0,PFBA,-0.499946213719308,0.73589653081632,False,down
WBGene00000135,1,0.9,PFBA,0.235781989159159,0.735976889449084,False,up
WBGene00044666,1,0.5,PFBA,-0.243061754840427,0.741000177406714,False,down
WBGene00015469,1,0.9,PFBA,0.214255420594574,0.742805157883015,False,up
WBGene00004963,1,0.9666666666666667,PFBA,0.668057444238678,0.745672712579617,False,up
WBGene00004238,1,1.0,PFBA,-0.131403933006857,0.745672712579617,False,down
WBGene00018579,1,1.0,PFBA,-0.209410800757071,0.746549860856113,False,down
WBGene00004218,1,1.0,PFBA,-0.268198322668756,0.746549860856113,False,down
WBGene00022756,1,1.0,PFBA,0.487635397444114,0.749218603707739,False,up
WBGene00002063,1,0.8666666666666667,PFBA,0.316403769762438,0.752641254335056,False,up
WBGene00010558,1,1.0,PFBA,0.170817139787437,0.753874068985507,False,up
WBGene00008368,1,0.9666666666666667,PFBA,0.201364111239295,0.754005394715815,False,up
WBGene00018765,1,1.0,PFBA,0.17290539869714,0.754920507887904,False,up
WBGene00008300,1,0.7333333333333333,PFBA,0.301452298669385,0.757414681436178,False,up
WBGene00018760,1,0.5666666666666667,PFBA,-0.309569421121876,0.757414681436178,False,down
WBGene00022261,1,0.9666666666666667,PFBA,0.433965624783356,0.757425433232352,False,up
WBGene00010296,1,0.9333333333333333,PFBA,0.323267874633045,0.758044553665636,False,up
WBGene00012149,1,0.9,PFBA,0.223345725240376,0.762083902406745,False,up
WBGene00020743,1,1.0,PFBA,-0.469043801055063,0.763296594044084,False,down
WBGene00044382,1,0.5666666666666667,PFBA,0.387339681031627,0.766768104240595,False,up
WBGene00012552,1,0.9666666666666667,PFBA,0.247540206613659,0.766768104240595,False,up
WBGene00011311,1,1.0,PFBA,0.137963317014357,0.766768104240595,False,up
WBGene00014091,1,0.9666666666666667,PFBA,-0.142603948129755,0.766768104240595,False,down
WBGene00021983,1,0.5666666666666667,PFBA,-0.156965157237283,0.766768104240595,False,down
WBGene00007835,1,0.7,PFBA,-0.410680422886231,0.766768104240595,False,down
WBGene00044316,1,0.9666666666666667,PFBA,-0.43714858820561,0.766768104240595,False,down
WBGene00003094,1,0.9,PFBA,-0.776601914196326,0.766768104240595,False,down
WBGene00044644,1,0.9666666666666667,PFBA,0.687930170150169,0.772613866639839,False,up
WBGene00001922,1,1.0,PFBA,0.383300330030752,0.772613866639839,False,up
WBGene00015167,1,0.8666666666666667,PFBA,-0.395254789172146,0.772613866639839,False,down
WBGene00009073,1,0.5333333333333333,PFBA,-0.731260348486201,0.77282115544329,False,down
WBGene00045253,1,1.0,PFBA,0.431774225915541,0.773568519148207,False,up
WBGene00007384,1,1.0,PFBA,-0.186493990746527,0.773568519148207,False,down
WBGene00002891,1,0.6,PFBA,0.101341417433052,0.782113882508897,False,up
WBGene00004172,1,0.9666666666666667,PFBA,0.140666470423019,0.78243317049089,False,up
WBGene00045419,1,1.0,PFBA,0.0988937453912769,0.785534186185274,False,up
WBGene00001761,1,1.0,PFBA,-0.237729250402381,0.785534186185274,False,down
WBGene00206371,1,1.0,PFBA,-0.462090807126735,0.785534186185274,False,down
WBGene00009849,1,0.9,PFBA,-0.856565357445704,0.785534186185274,False,down
WBGene00000712,1,0.9666666666666667,PFBA,0.411740211880502,0.79078295830693,False,up
WBGene00002137,1,1.0,PFBA,-0.0953963815498545,0.800846127050546,False,down
WBGene00010901,1,0.9,PFBA,-0.127350068405364,0.802601806070124,False,down
WBGene00021745,1,0.9,PFBA,0.345259676559541,0.808318182539979,False,up
WBGene00007138,1,1.0,PFBA,0.316302700052121,0.808318182539979,False,up
WBGene00020311,1,1.0,PFBA,0.277707275237254,0.808318182539979,False,up
WBGene00021749,1,0.9666666666666667,PFBA,0.13647427145823,0.808318182539979,False,up
WBGene00006638,1,0.5666666666666667,PFBA,-0.133839518989301,0.808318182539979,False,down
WBGene00010928,1,0.6333333333333333,PFBA,-0.759744868412965,0.808431209999929,False,down
WBGene00004002,1,0.7,PFBA,0.399408697030255,0.811206628064785,False,up
WBGene00012168,1,1.0,PFBA,0.433292671392627,0.811344851822318,False,up
WBGene00015280,1,0.5333333333333333,PFBA,-0.12614995524679,0.811344851822318,False,down
WBGene00018910,1,0.7666666666666667,PFBA,-0.641612489484651,0.811344851822318,False,down
WBGene00017727,1,1.0,PFBA,-0.121389507431278,0.822761420525845,False,down
WBGene00011880,1,1.0,PFBA,-0.206533787199423,0.82567720152661,False,down
WBGene00022457,1,0.9,PFBA,0.187152795278853,0.825834303349176,False,up
WBGene00015514,1,0.7333333333333333,PFBA,-0.14000034761349,0.825834303349176,False,down
WBGene00011062,1,0.9,PFBA,0.655338481601601,0.826581516733371,False,up
WBGene00020989,1,1.0,PFBA,0.171109484353199,0.826581516733371,False,up
WBGene00002056,1,1.0,PFBA,-0.131899752524176,0.826763082422403,False,down
WBGene00017537,1,1.0,PFBA,0.32787428601377,0.830021905646032,False,up
WBGene00011868,1,0.7666666666666667,PFBA,-0.191506596100582,0.834087322128973,False,down
WBGene00010080,1,1.0,PFBA,0.201365822261878,0.8367172862583,False,up
WBGene00010563,1,0.5333333333333333,PFBA,-0.680239845424689,0.837111954177951,False,down
WBGene00015284,1,1.0,PFBA,0.231438451196691,0.84191177184385,False,up
WBGene00003771,1,1.0,PFBA,-0.418154696213335,0.842492889990001,False,down
WBGene00007682,1,0.9333333333333333,PFBA,0.916229471820514,0.843139731675648,False,up
WBGene00015162,1,0.9333333333333333,PFBA,0.121222489040611,0.843139731675648,False,up
WBGene00016957,1,1.0,PFBA,-0.204837823245171,0.843139731675648,False,down
WBGene00021768,1,0.8666666666666667,PFBA,0.447163681095887,0.844640394968903,False,up
WBGene00011906,1,0.9,PFBA,-0.377441733585672,0.848683810020909,False,down
WBGene00013261,1,0.9333333333333333,PFBA,0.181029389419466,0.849298100637452,False,up
WBGene00022093,1,0.9,PFBA,-0.176905572246507,0.849658887502053,False,down
WBGene00018478,1,0.7,PFBA,-0.458098925588671,0.849658887502053,False,down
WBGene00011757,1,1.0,PFBA,-0.492869422356714,0.849930390273669,False,down
WBGene00017936,1,0.6333333333333333,PFBA,-0.230471891098929,0.85067138203407,False,down
WBGene00017022,1,0.9666666666666667,PFBA,0.351586038711411,0.853398557089889,False,up
WBGene00009450,1,1.0,PFBA,0.176687221719412,0.854600637084423,False,up
WBGene00004781,1,0.7666666666666667,PFBA,-0.184206433671208,0.854600637084423,False,down
WBGene00020307,1,0.6333333333333333,PFBA,-0.169784514727051,0.858603559859954,False,down
WBGene00016647,1,1.0,PFBA,-0.236870617322757,0.860849240396069,False,down
WBGene00003474,1,1.0,PFBA,0.721231685957834,0.86475219444914,False,up
WBGene00000799,1,1.0,PFBA,0.246149912871789,0.86475219444914,False,up
WBGene00004890,1,1.0,PFBA,-0.145238414312273,0.86475219444914,False,down
WBGene00009994,1,0.7,PFBA,-0.145772550281813,0.865259444669227,False,down
WBGene00013419,1,0.9666666666666667,PFBA,-0.355198590017521,0.865259444669227,False,down
WBGene00013417,1,0.9666666666666667,PFBA,-0.443327967649739,0.865259444669227,False,down
WBGene00004796,1,1.0,PFBA,0.143716839517583,0.866309142033654,False,up
WBGene00014057,1,1.0,PFBA,-0.251808460733341,0.866309142033654,False,down
WBGene00008043,1,0.9666666666666667,PFBA,0.352045713264276,0.8698856791048,False,up
WBGene00014135,1,0.8,PFBA,0.489052380594474,0.871584560444658,False,up
WBGene00009031,1,1.0,PFBA,-0.661317550387008,0.872908525969178,False,down
WBGene00018913,1,1.0,PFBA,2.95010513045319,0.875387086462754,False,up
WBGene00077692,1,0.9666666666666667,PFBA,0.698361804315318,0.875387086462754,False,up
WBGene00012107,1,0.9333333333333333,PFBA,0.332445208919566,0.875387086462754,False,up
WBGene00012030,1,0.9666666666666667,PFBA,0.110823620846497,0.875387086462754,False,up
WBGene00003828,1,1.0,PFBA,-0.254109703046337,0.875387086462754,False,down
WBGene00011575,1,0.8333333333333334,PFBA,0.171999816142276,0.879796358772767,False,up
WBGene00000409,1,0.6333333333333333,PFBA,-0.123132200300947,0.880795667692377,False,down
WBGene00012781,1,0.5,PFBA,-0.562908749278052,0.888274075520553,False,down
WBGene00007068,1,0.9666666666666667,PFBA,-0.155124939565434,0.894981983513691,False,down
WBGene00017568,1,0.9,PFBA,-0.247584097456812,0.894981983513691,False,down
WBGene00018393,1,1.0,PFBA,-0.878358847147142,0.894981983513691,False,down
WBGene00009114,1,0.9,PFBA,-2.58034170645483,0.894981983513691,False,down
WBGene00023451,1,0.9,PFBA,0.37372124190639,0.89527534009091,False,up
WBGene00010566,1,0.6333333333333333,PFBA,-0.291856362456388,0.897569377622154,False,down
WBGene00001753,1,0.8666666666666667,PFBA,0.488305095758154,0.900481857049266,False,up
WBGene00007674,1,0.8666666666666667,PFBA,-1.37367913559446,0.903538903460689,False,down
WBGene00022469,1,1.0,PFBA,0.178256316097423,0.905022667267868,False,up
WBGene00020648,1,1.0,PFBA,-0.432525824426631,0.906502994757285,False,down
WBGene00004944,1,0.9666666666666667,PFBA,0.15409912757876,0.907083133892489,False,up
WBGene00017957,1,1.0,PFBA,-0.246116793906898,0.907083133892489,False,down
WBGene00004007,1,1.0,PFBA,-0.629194443054168,0.907083133892489,False,down
WBGene00009169,1,1.0,PFBA,-1.00567238155997,0.907083133892489,False,down
WBGene00018587,1,0.9333333333333333,PFBA,0.18535393243796,0.908454998502497,False,up
WBGene00013917,1,1.0,PFBA,0.136427135926223,0.909300605421808,False,up
WBGene00009971,1,1.0,PFBA,0.248395662751942,0.918628566319415,False,up
WBGene00017397,1,0.7,PFBA,0.190773624087816,0.918628566319415,False,up
WBGene00009813,1,0.9666666666666667,PFBA,-0.19353717176593,0.918628566319415,False,down
WBGene00005585,1,0.9333333333333333,PFBA,-0.57234313522481,0.918628566319415,False,down
WBGene00005063,1,0.5,PFBA,0.315375987777474,0.919002161459321,False,up
WBGene00012293,1,0.9666666666666667,PFBA,0.842688880983958,0.92551687206724,False,up
WBGene00003625,1,0.9666666666666667,PFBA,0.0960698029264242,0.931129688827685,False,up
WBGene00019089,1,0.9666666666666667,PFBA,-1.55041224911374,0.931129688827685,False,down
WBGene00004405,1,1.0,PFBA,0.155268427916455,0.932984208271754,False,up
WBGene00007978,1,1.0,PFBA,-0.220563567208644,0.933499789761869,False,down
WBGene00001705,1,0.5,PFBA,-0.48440884831709,0.933745246773763,False,down
WBGene00009165,1,1.0,PFBA,0.187623492736531,0.935102036724634,False,up
WBGene00016756,1,0.9,PFBA,-0.221475724480449,0.935102036724634,False,down
WBGene00045297,1,0.9333333333333333,PFBA,-0.357322900139058,0.935102036724634,False,down
WBGene00012753,1,1.0,PFBA,-0.238376186898995,0.935670550033947,False,down
WBGene00015098,1,1.0,PFBA,-0.406505388916171,0.935670550033947,False,down
WBGene00012670,1,0.6,PFBA,-0.761712188751181,0.935670550033947,False,down
WBGene00015913,1,0.9666666666666667,PFBA,1.14458303828614,0.936371583213565,False,up
WBGene00045331,1,1.0,PFBA,0.619375082758709,0.936371583213565,False,up
WBGene00012597,1,1.0,PFBA,0.494553985636927,0.936371583213565,False,up
WBGene00001896,1,0.7666666666666667,PFBA,0.341680067283957,0.936371583213565,False,up
WBGene00018191,1,0.9666666666666667,PFBA,0.189091653112491,0.936371583213565,False,up
WBGene00019986,1,1.0,PFBA,0.120172090557948,0.936371583213565,False,up
WBGene00016409,1,0.9666666666666667,PFBA,0.116818342406355,0.936371583213565,False,up
WBGene00011474,1,0.9666666666666667,PFBA,-0.132295951226221,0.936371583213565,False,down
WBGene00015327,1,0.6,PFBA,-0.165337652834376,0.936371583213565,False,down
WBGene00000964,1,1.0,PFBA,-0.20930389643993,0.936371583213565,False,down
WBGene00016217,1,1.0,PFBA,-0.248972244248706,0.936371583213565,False,down
WBGene00017071,1,1.0,PFBA,-0.258519936576876,0.936371583213565,False,down
WBGene00012155,1,1.0,PFBA,-0.296848757957963,0.936371583213565,False,down
WBGene00012391,1,1.0,PFBA,-0.297764106142758,0.936371583213565,False,down
WBGene00019100,1,0.9666666666666667,PFBA,-0.366789527260554,0.936371583213565,False,down
WBGene00003642,1,1.0,PFBA,-0.393064889532876,0.936371583213565,False,down
WBGene00008917,1,0.9,PFBA,-0.444449534344054,0.936371583213565,False,down
WBGene00007163,1,1.0,PFBA,-0.506798944483605,0.936371583213565,False,down
WBGene00019961,1,0.9,PFBA,-0.626625665277632,0.936371583213565,False,down
WBGene00008342,1,1.0,PFBA,-0.173668761269307,0.936729838849639,False,down
WBGene00011774,1,0.9666666666666667,PFBA,-0.195395743417304,0.936729838849639,False,down
WBGene00009789,1,1.0,PFBA,-0.179411800201069,0.938269272886611,False,down
WBGene00016061,1,1.0,PFBA,0.161168221789499,0.940608536534264,False,up
WBGene00020166,1,1.0,PFBA,0.185266176816771,0.941558016175349,False,up
WBGene00016809,1,0.9666666666666667,PFBA,0.177034365570277,0.941558016175349,False,up
WBGene00009947,1,1.0,PFBA,0.164665375552912,0.941558016175349,False,up
WBGene00011967,1,1.0,PFBA,-0.108482350722312,0.941558016175349,False,down
WBGene00001392,1,0.8666666666666667,PFBA,-0.174759749143068,0.941558016175349,False,down
WBGene00018912,1,0.9666666666666667,PFBA,1.2735735523114,0.941656576926341,False,up
WBGene00004402,1,1.0,PFBA,-0.411756329856664,0.941656576926341,False,down
WBGene00003758,1,0.9666666666666667,PFBA,0.191406150514593,0.944889621244014,False,up
WBGene00009168,1,1.0,PFBA,-0.906762132634311,0.944889621244014,False,down
WBGene00015424,1,1.0,PFBA,-0.280168586317493,0.946164536304141,False,down
WBGene00077757,1,0.8666666666666667,PFBA,0.515828216987651,0.946533839773024,False,up
WBGene00007841,1,1.0,PFBA,0.282540827590145,0.946533839773024,False,up
WBGene00219309,1,1.0,PFBA,-0.762052344166821,0.946533839773024,False,down
WBGene00045357,1,0.6333333333333333,PFBA,-0.242964365337187,0.947925504778316,False,down
WBGene00018402,1,0.9,PFBA,0.174172956512352,0.94795354678903,False,up
WBGene00012747,1,1.0,PFBA,-0.414390149919044,0.948670919324716,False,down
WBGene00006928,1,0.6333333333333333,PFBA,-0.606151050282903,0.948670919324716,False,down
WBGene00009216,1,0.9666666666666667,PFBA,0.182671555409339,0.951138103372384,False,up
WBGene00003530,1,0.9666666666666667,PFBA,-0.167783399670528,0.951138103372384,False,down
WBGene00000522,1,0.6666666666666666,PFBA,-0.250572658111381,0.951138103372384,False,down
WBGene00015933,1,1.0,PFBA,-0.495169081526806,0.951138103372384,False,down
WBGene00017441,1,0.9666666666666667,PFBA,0.462165753168588,0.951184623743798,False,up
WBGene00019580,1,1.0,PFBA,0.363254437294536,0.951184623743798,False,up
WBGene00003711,1,1.0,PFBA,0.186987485194865,0.951184623743798,False,up
WBGene00020658,1,0.9666666666666667,PFBA,0.181958445311274,0.951184623743798,False,up
WBGene00018174,1,0.9666666666666667,PFBA,0.139960989481817,0.951184623743798,False,up
WBGene00003507,1,0.9666666666666667,PFBA,0.131745789188553,0.951184623743798,False,up
WBGene00016292,1,1.0,PFBA,0.0921365761275556,0.951184623743798,False,up
WBGene00004369,1,0.9666666666666667,PFBA,0.0881862967686799,0.951184623743798,False,up
WBGene00010620,1,0.6666666666666666,PFBA,0.0877746054982486,0.951184623743798,False,up
WBGene00022169,1,0.9,PFBA,-0.0810346678633494,0.951184623743798,False,down
WBGene00003495,1,0.5666666666666667,PFBA,-0.0905163178306464,0.951184623743798,False,down
WBGene00015125,1,1.0,PFBA,-0.0998509441427901,0.951184623743798,False,down
WBGene00001491,1,1.0,PFBA,-0.101487541249423,0.951184623743798,False,down
WBGene00009334,1,1.0,PFBA,-0.123375010692363,0.951184623743798,False,down
WBGene00000779,1,1.0,PFBA,-0.125711560170368,0.951184623743798,False,down
WBGene00011765,1,0.6333333333333333,PFBA,-0.127685971802398,0.951184623743798,False,down
WBGene00022801,1,1.0,PFBA,-0.132451463184845,0.951184623743798,False,down
WBGene00003224,1,0.7666666666666667,PFBA,-0.14913081933513,0.951184623743798,False,down
WBGene00010597,1,0.9666666666666667,PFBA,-0.154796169104393,0.951184623743798,False,down
WBGene00004197,1,1.0,PFBA,-0.173526408757549,0.951184623743798,False,down
WBGene00007324,1,1.0,PFBA,-0.177636137823002,0.951184623743798,False,down
WBGene00019060,1,0.9,PFBA,-0.197193098730258,0.951184623743798,False,down
WBGene00004000,1,1.0,PFBA,-0.203085366810548,0.951184623743798,False,down
WBGene00019268,1,1.0,PFBA,-0.227030144497443,0.951184623743798,False,down
WBGene00021403,1,0.7333333333333333,PFBA,-0.227134772686289,0.951184623743798,False,down
WBGene00304806,1,0.9333333333333333,PFBA,-0.263560199810333,0.951184623743798,False,down
WBGene00014052,1,0.6,PFBA,-0.26406173682512,0.951184623743798,False,down
WBGene00007367,1,0.9,PFBA,-0.270385492947644,0.951184623743798,False,down
WBGene00009495,1,0.9333333333333333,PFBA,-0.294824514634712,0.951184623743798,False,down
WBGene00006658,1,1.0,PFBA,-0.318000757101965,0.951184623743798,False,down
WBGene00271830,1,0.9,PFBA,-0.422735673220218,0.951184623743798,False,down
WBGene00009413,1,1.0,PFBA,-0.437632201987884,0.951184623743798,False,down
WBGene00003763,1,0.9666666666666667,PFBA,-0.582823994088834,0.951184623743798,False,down
WBGene00017703,1,0.6333333333333333,PFBA,-0.688955897888645,0.951184623743798,False,down
WBGene00006533,1,0.5666666666666667,PFBA,0.0790779904971269,0.951857988766088,False,up
WBGene00018144,1,0.8666666666666667,PFBA,-0.242642151182086,0.952480331009058,False,down
WBGene00020797,1,0.9666666666666667,PFBA,0.545797253848786,0.954091558573647,False,up
WBGene00015277,1,0.9,PFBA,0.429965948762773,0.954091558573647,False,up
WBGene00004152,1,0.9333333333333333,PFBA,0.0656608776752789,0.954091558573647,False,up
WBGene00017012,1,1.0,PFBA,0.167176834091259,0.9549091490312,False,up
WBGene00011539,1,0.8666666666666667,PFBA,0.462928906857355,0.956170801796987,False,up
WBGene00016089,1,0.9666666666666667,PFBA,0.230637816510219,0.957060669904636,False,up
WBGene00018279,1,1.0,PFBA,-0.279796175275746,0.957168493718695,False,down
WBGene00015759,1,0.5333333333333333,PFBA,-0.137118892725649,0.957197644921925,False,down
WBGene00012101,1,0.9666666666666667,PFBA,0.405743783054533,0.957325754686625,False,up
WBGene00012594,1,1.0,PFBA,-0.838418967289169,0.957325754686625,False,down
WBGene00015046,1,0.9666666666666667,PFBA,0.715203092301077,0.957487791610974,False,up
WBGene00006952,1,1.0,PFBA,-0.404027255321945,0.957487791610974,False,down
WBGene00010058,1,0.9,PFBA,0.590945123471353,0.957610500103173,False,up
WBGene00011076,1,1.0,PFBA,0.536291886814483,0.957610500103173,False,up
WBGene00018839,1,1.0,PFBA,0.406514302553502,0.957610500103173,False,up
WBGene00013748,1,1.0,PFBA,0.381424754679797,0.957610500103173,False,up
WBGene00015309,1,1.0,PFBA,0.373975570048934,0.957610500103173,False,up
WBGene00001618,1,0.9333333333333333,PFBA,0.260118035662306,0.957610500103173,False,up
WBGene00001854,1,1.0,PFBA,0.182518075956701,0.957610500103173,False,up
WBGene00003385,1,1.0,PFBA,0.159006476168596,0.957610500103173,False,up
WBGene00022365,1,1.0,PFBA,0.116001393792541,0.957610500103173,False,up
WBGene00004195,1,0.8,PFBA,0.113511416485319,0.957610500103173,False,up
WBGene00016811,1,0.9,PFBA,0.109057277968368,0.957610500103173,False,up
WBGene00000283,1,0.7,PFBA,0.101551086954238,0.957610500103173,False,up
WBGene00003773,1,0.9,PFBA,0.095801737325687,0.957610500103173,False,up
WBGene00020143,1,1.0,PFBA,0.0944968601863871,0.957610500103173,False,up
WBGene00009259,1,0.6666666666666666,PFBA,0.0813096154117627,0.957610500103173,False,up
WBGene00011282,1,0.7333333333333333,PFBA,0.0762200332309454,0.957610500103173,False,up
WBGene00003253,1,0.6333333333333333,PFBA,-0.0596037533535858,0.957610500103173,False,down
WBGene00002344,1,1.0,PFBA,-0.0692387699397351,0.957610500103173,False,down
WBGene00013266,1,1.0,PFBA,-0.101795873212492,0.957610500103173,False,down
WBGene00009389,1,0.8,PFBA,-0.102004541806964,0.957610500103173,False,down
WBGene00020726,1,0.9666666666666667,PFBA,-0.1262626797369,0.957610500103173,False,down
WBGene00013078,1,0.7666666666666667,PFBA,-0.137907233884357,0.957610500103173,False,down
WBGene00009648,1,1.0,PFBA,-0.142214053006125,0.957610500103173,False,down
WBGene00003565,1,0.9666666666666667,PFBA,-0.155624722592654,0.957610500103173,False,down
WBGene00008395,1,0.6666666666666666,PFBA,-0.161155495182046,0.957610500103173,False,down
WBGene00000439,1,0.9666666666666667,PFBA,-0.168320365281579,0.957610500103173,False,down
WBGene00011821,1,1.0,PFBA,-0.182101116924783,0.957610500103173,False,down
WBGene00019073,1,1.0,PFBA,-0.185814528792018,0.957610500103173,False,down
WBGene00010515,1,1.0,PFBA,-0.190964087980308,0.957610500103173,False,down
WBGene00011762,1,0.9,PFBA,-0.191040028405153,0.957610500103173,False,down
WBGene00008644,1,0.6,PFBA,-0.198718589518869,0.957610500103173,False,down
WBGene00012533,1,1.0,PFBA,-0.223915228900761,0.957610500103173,False,down
WBGene00020047,1,0.9666666666666667,PFBA,-0.241409298710483,0.957610500103173,False,down
WBGene00020626,1,1.0,PFBA,-0.288014449001078,0.957610500103173,False,down
WBGene00004275,1,0.6,PFBA,-0.311459591702608,0.957610500103173,False,down
WBGene00022642,1,1.0,PFBA,-0.322611877951561,0.957610500103173,False,down
WBGene00012583,1,0.9333333333333333,PFBA,-0.346544483299876,0.957610500103173,False,down
WBGene00001919,1,0.9,PFBA,-0.353587470521155,0.957610500103173,False,down
WBGene00009692,1,0.6,PFBA,-0.362185899191809,0.957610500103173,False,down
WBGene00001880,1,0.9666666666666667,PFBA,-0.370411146517329,0.957610500103173,False,down
WBGene00012788,1,0.9333333333333333,PFBA,-0.415430089576363,0.957610500103173,False,down
WBGene00008797,1,0.9,PFBA,-0.418245584359641,0.957610500103173,False,down
WBGene00194742,1,0.9,PFBA,-0.495834833283676,0.957610500103173,False,down
WBGene00012664,1,1.0,PFBA,-0.534700635536543,0.957610500103173,False,down
WBGene00009166,1,1.0,PFBA,-0.628623887866393,0.957610500103173,False,down
WBGene00002017,1,1.0,PFBA,-0.402353926408074,0.958702559437955,False,down
WBGene00014761,1,1.0,PFBA,0.268708256802004,0.958880089458581,False,up
WBGene00010988,1,0.5333333333333333,PFBA,-0.193040949586884,0.959451176632678,False,down
WBGene00008296,1,0.8666666666666667,PFBA,0.202077728323017,0.959666416212641,False,up
WBGene00003633,1,1.0,PFBA,0.179720693461236,0.961011030875405,False,up
WBGene00010840,1,1.0,PFBA,0.0753656735239977,0.962385413848463,False,up
WBGene00007221,1,0.9666666666666667,PFBA,-0.100861904680882,0.962385413848463,False,down
WBGene00015716,1,1.0,PFBA,-0.146883332628157,0.962385413848463,False,down
WBGene00001480,1,1.0,PFBA,-0.170658673193943,0.96310954445121,False,down
WBGene00015088,1,0.5666666666666667,PFBA,0.096151433253556,0.96333876674735,False,up
WBGene00007726,1,0.5333333333333333,PFBA,-0.284198571980459,0.964402691386001,False,down
WBGene00000488,1,1.0,PFBA,0.12651387972394,0.964988147157235,False,up
WBGene00019214,1,0.9666666666666667,PFBA,0.594370812745634,0.965089628668713,False,up
WBGene00021814,1,1.0,PFBA,0.169442173482743,0.965089628668713,False,up
WBGene00010822,1,0.8666666666666667,PFBA,0.1609431460171,0.965089628668713,False,up
WBGene00019299,1,0.6,PFBA,-0.267483552457857,0.965089628668713,False,down
WBGene00000442,1,0.9666666666666667,PFBA,0.294558334766339,0.965427644940447,False,up
WBGene00007558,1,1.0,PFBA,0.196862008483997,0.965427644940447,False,up
WBGene00009943,1,0.9,PFBA,0.124081661377603,0.965427644940447,False,up
WBGene00001149,1,1.0,PFBA,0.0937349411055169,0.965427644940447,False,up
WBGene00014108,1,1.0,PFBA,-0.0866546371619633,0.965427644940447,False,down
WBGene00016648,1,1.0,PFBA,-0.184759045689551,0.965427644940447,False,down
WBGene00009400,1,0.8666666666666667,PFBA,-0.349051673555039,0.965427644940447,False,down
WBGene00284844,1,1.0,PFBA,-0.377960699030258,0.965427644940447,False,down
WBGene00000521,1,1.0,PFBA,-0.520793339282978,0.965427644940447,False,down
WBGene00009396,1,0.9,PFBA,0.096557973326631,0.96713767078057,False,up
WBGene00001881,1,0.9666666666666667,PFBA,-0.365183473350324,0.96713767078057,False,down
WBGene00017720,1,0.9,PFBA,0.198514195630011,0.968812158259777,False,up
WBGene00008168,1,0.8666666666666667,PFBA,0.171730383161611,0.968812158259777,False,up
WBGene00019764,1,0.8666666666666667,PFBA,0.158681517570734,0.968812158259777,False,up
WBGene00004193,1,1.0,PFBA,0.115223042973088,0.968812158259777,False,up
WBGene00015122,1,0.5,PFBA,0.10665120500118,0.968812158259777,False,up
WBGene00009200,1,0.6,PFBA,0.0968043538101349,0.968812158259777,False,up
WBGene00023497,1,0.9333333333333333,PFBA,0.0700012643138201,0.968812158259777,False,up
WBGene00006478,1,0.8666666666666667,PFBA,-0.0585011378568005,0.968812158259777,False,down
WBGene00006730,1,1.0,PFBA,-0.0781618340349761,0.968812158259777,False,down
WBGene00016705,1,0.9333333333333333,PFBA,-0.11490021910737,0.968812158259777,False,down
WBGene00006587,1,0.6333333333333333,PFBA,-0.116097576371627,0.968812158259777,False,down
WBGene00011997,1,0.9,PFBA,-0.121347698947582,0.968812158259777,False,down
WBGene00010504,1,1.0,PFBA,-0.122568396173558,0.968812158259777,False,down
WBGene00021835,1,0.7,PFBA,-0.131393011309354,0.968812158259777,False,down
WBGene00021583,1,0.9666666666666667,PFBA,-0.145394190410834,0.968812158259777,False,down
WBGene00219451,1,1.0,PFBA,-0.153137578161087,0.968812158259777,False,down
WBGene00018738,1,0.9,PFBA,-0.211131715056671,0.968812158259777,False,down
WBGene00020009,1,0.9666666666666667,PFBA,-0.241557039988467,0.968812158259777,False,down
WBGene00016106,1,1.0,PFBA,-0.314459340193839,0.968812158259777,False,down
WBGene00008632,1,0.9666666666666667,PFBA,-0.365087393652192,0.968812158259777,False,down
WBGene00008462,1,0.9,PFBA,-0.382594570291377,0.968812158259777,False,down
WBGene00011530,1,1.0,PFBA,-0.397867403322729,0.968812158259777,False,down
WBGene00008985,1,0.9666666666666667,PFBA,-0.753011218229119,0.968812158259777,False,down
WBGene00017867,1,0.9,PFBA,-0.286611429078314,0.970044132487208,False,down
WBGene00043279,1,0.9,PFBA,0.250553366196158,0.970853753661625,False,up
WBGene00009397,1,1.0,PFBA,0.157634333351222,0.970853753661625,False,up
WBGene00000783,1,0.9666666666666667,PFBA,0.115379836347082,0.970853753661625,False,up
WBGene00006615,1,0.9,PFBA,0.0750814411456143,0.970853753661625,False,up
WBGene00007786,1,0.9666666666666667,PFBA,0.0636117369464773,0.970853753661625,False,up
WBGene00008521,1,0.9333333333333333,PFBA,-0.0696082094610434,0.970853753661625,False,down
WBGene00004421,1,0.5666666666666667,PFBA,-0.076662865575365,0.970853753661625,False,down
WBGene00019644,1,0.9666666666666667,PFBA,-0.289360895835612,0.970853753661625,False,down
WBGene00304201,1,1.0,PFBA,-0.551584058899336,0.970853753661625,False,down
WBGene00020137,1,1.0,PFBA,-0.206173288552346,0.970931657297088,False,down
WBGene00012744,1,1.0,PFBA,0.338885325140137,0.971447119263403,False,up
WBGene00013446,1,0.8333333333333334,PFBA,-0.12117037167431,0.971447119263403,False,down
WBGene00022267,1,0.8,PFBA,0.597998519560072,0.97340732762958,False,up
WBGene00004093,1,1.0,PFBA,0.219385123202427,0.97340732762958,False,up
WBGene00009361,1,1.0,PFBA,-0.246557913536448,0.97340732762958,False,down
WBGene00015473,1,0.6333333333333333,PFBA,-0.383912133495297,0.97340732762958,False,down
WBGene00045416,1,0.9666666666666667,PFBA,0.419023948877947,0.973530195440243,False,up
WBGene00000528,1,0.9333333333333333,PFBA,0.122596253234578,0.973530195440243,False,up
WBGene00011776,1,0.5666666666666667,PFBA,0.0751797161004932,0.973530195440243,False,up
WBGene00015185,1,1.0,PFBA,-0.0843976147927982,0.973530195440243,False,down
WBGene00003555,1,0.5,PFBA,-0.113899497112568,0.973530195440243,False,down
WBGene00016517,1,1.0,PFBA,-0.236954650503414,0.973530195440243,False,down
WBGene00012324,1,0.9,PFBA,-0.242121481216158,0.973530195440243,False,down
WBGene00013820,1,1.0,PFBA,-0.342254750433621,0.973530195440243,False,down
WBGene00010253,1,1.0,PFBA,0.665377381152769,0.974357215637307,False,up
WBGene00015388,1,0.9666666666666667,PFBA,0.435690918021682,0.97439652633444,False,up
WBGene00044073,1,0.5333333333333333,PFBA,0.203980368258471,0.97439652633444,False,up
WBGene00003933,1,0.9666666666666667,PFBA,0.105513645516861,0.97439652633444,False,up
WBGene00077684,1,0.9666666666666667,PFBA,0.757799540784554,0.977047150158856,False,up
WBGene00021066,1,0.9666666666666667,PFBA,0.517253796399615,0.977047150158856,False,up
WBGene00019288,1,0.9,PFBA,0.491481583237942,0.977047150158856,False,up
WBGene00022661,1,0.9666666666666667,PFBA,0.390555999641602,0.977047150158856,False,up
WBGene00017438,1,0.9,PFBA,0.372616204700007,0.977047150158856,False,up
WBGene00013564,1,0.9666666666666667,PFBA,0.367259622186493,0.977047150158856,False,up
WBGene00003377,1,1.0,PFBA,0.296075203558857,0.977047150158856,False,up
WBGene00013875,1,0.9333333333333333,PFBA,0.246770767086644,0.977047150158856,False,up
WBGene00008500,1,0.8666666666666667,PFBA,0.226449525695548,0.977047150158856,False,up
WBGene00021872,1,0.7,PFBA,0.187542402020241,0.977047150158856,False,up
WBGene00044435,1,0.6333333333333333,PFBA,0.162412847864346,0.977047150158856,False,up
WBGene00009774,1,0.9666666666666667,PFBA,0.157388627814352,0.977047150158856,False,up
WBGene00017625,1,0.9666666666666667,PFBA,0.156326554495802,0.977047150158856,False,up
WBGene00010050,1,0.8,PFBA,0.15045773138551,0.977047150158856,False,up
WBGene00004930,1,0.9333333333333333,PFBA,0.131238557434037,0.977047150158856,False,up
WBGene00011258,1,0.9,PFBA,0.128098509882462,0.977047150158856,False,up
WBGene00013746,1,1.0,PFBA,0.119349244305987,0.977047150158856,False,up
WBGene00044260,1,0.6333333333333333,PFBA,0.117924168125418,0.977047150158856,False,up
WBGene00003992,1,0.5666666666666667,PFBA,0.112576948864965,0.977047150158856,False,up
WBGene00004091,1,0.6,PFBA,0.09939004444204,0.977047150158856,False,up
WBGene00019664,1,0.9666666666666667,PFBA,0.0789274395424819,0.977047150158856,False,up
WBGene00004896,1,0.8333333333333334,PFBA,0.0788412010848201,0.977047150158856,False,up
WBGene00011936,1,1.0,PFBA,0.0670782991681441,0.977047150158856,False,up
WBGene00022199,1,1.0,PFBA,0.0662725975024915,0.977047150158856,False,up
WBGene00000564,1,0.9666666666666667,PFBA,0.0508160918581956,0.977047150158856,False,up
WBGene00000472,1,1.0,PFBA,-0.0479662445356912,0.977047150158856,False,down
WBGene00006999,1,0.9333333333333333,PFBA,-0.0593456851999096,0.977047150158856,False,down
WBGene00009369,1,1.0,PFBA,-0.066690682743812,0.977047150158856,False,down
WBGene00005648,1,0.9333333333333333,PFBA,-0.0778593026064088,0.977047150158856,False,down
WBGene00019068,1,0.5666666666666667,PFBA,-0.0792654697298396,0.977047150158856,False,down
WBGene00020908,1,1.0,PFBA,-0.0857105826723364,0.977047150158856,False,down
WBGene00004999,1,1.0,PFBA,-0.0995604982832441,0.977047150158856,False,down
WBGene00011094,1,0.5666666666666667,PFBA,-0.108756213839621,0.977047150158856,False,down
WBGene00009096,1,0.7,PFBA,-0.116191951181995,0.977047150158856,False,down
WBGene00009617,1,1.0,PFBA,-0.117564465186341,0.977047150158856,False,down
WBGene00002054,1,0.9666666666666667,PFBA,-0.122475364287457,0.977047150158856,False,down
WBGene00013541,1,0.9666666666666667,PFBA,-0.130188416951155,0.977047150158856,False,down
WBGene00016499,1,0.9666666666666667,PFBA,-0.131229025764928,0.977047150158856,False,down
WBGene00016646,1,1.0,PFBA,-0.134173519977123,0.977047150158856,False,down
WBGene00022549,1,0.8666666666666667,PFBA,-0.139346012047736,0.977047150158856,False,down
WBGene00007482,1,1.0,PFBA,-0.167311392539936,0.977047150158856,False,down
WBGene00009735,1,0.9333333333333333,PFBA,-0.18688839207387,0.977047150158856,False,down
WBGene00008170,1,0.9666666666666667,PFBA,-0.201774439583989,0.977047150158856,False,down
WBGene00017506,1,1.0,PFBA,-0.209516362206073,0.977047150158856,False,down
WBGene00020010,1,0.6,PFBA,-0.219486379287222,0.977047150158856,False,down
WBGene00000049,1,1.0,PFBA,-0.221058812277081,0.977047150158856,False,down
WBGene00017599,1,0.9666666666666667,PFBA,-0.26271004862068,0.977047150158856,False,down
WBGene00001942,1,1.0,PFBA,-0.271077916114055,0.977047150158856,False,down
WBGene00010031,1,1.0,PFBA,-0.307026464093944,0.977047150158856,False,down
WBGene00017093,1,0.9666666666666667,PFBA,-0.381734814255626,0.977047150158856,False,down
WBGene00015259,1,1.0,PFBA,-0.392285717933662,0.977047150158856,False,down
WBGene00018038,1,1.0,PFBA,-0.404577754877932,0.977047150158856,False,down
WBGene00012822,1,0.9666666666666667,PFBA,-0.568538296347756,0.977047150158856,False,down
WBGene00012400,1,0.9666666666666667,PFBA,-0.625109628070321,0.977047150158856,False,down
WBGene00001760,1,0.9666666666666667,PFBA,-0.640565646018032,0.977047150158856,False,down
WBGene00012067,1,0.6,PFBA,-0.740323952223056,0.977047150158856,False,down
WBGene00003934,1,1.0,PFBA,-0.0662032812399935,0.977121454177781,False,down
WBGene00008005,1,0.6333333333333333,PFBA,-0.1647835381482,0.977121454177781,False,down
WBGene00002019,1,1.0,PFBA,-0.35566105991343,0.97823566627297,False,down
WBGene00019738,1,0.9,PFBA,0.153712961085937,0.978573210909829,False,up
WBGene00001894,1,0.9,PFBA,0.305837183525912,0.979842613259375,False,up
WBGene00002694,1,1.0,PFBA,-0.0597387008231717,0.980751672936491,False,down
WBGene00001892,1,0.9,PFBA,0.381041810042182,0.980854057651808,False,up
WBGene00008735,1,1.0,PFBA,-0.0852395988788911,0.980854057651808,False,down
WBGene00011952,1,0.6333333333333333,PFBA,0.290233118817589,0.981207289090523,False,up
WBGene00001787,1,0.9666666666666667,PFBA,0.241720174556806,0.981207289090523,False,up
WBGene00007368,1,0.9333333333333333,PFBA,0.192424373117153,0.981207289090523,False,up
WBGene00001602,1,1.0,PFBA,0.0861807024191719,0.981207289090523,False,up
WBGene00000137,1,0.9666666666666667,PFBA,0.0806608063583633,0.981207289090523,False,up
WBGene00010844,1,0.9,PFBA,0.0617146933076527,0.981207289090523,False,up
WBGene00015143,1,0.9333333333333333,PFBA,0.0549357417464574,0.981207289090523,False,up
WBGene00017080,1,1.0,PFBA,-0.073006202317976,0.981207289090523,False,down
WBGene00014113,1,1.0,PFBA,-0.138176271230091,0.981207289090523,False,down
WBGene00000781,1,1.0,PFBA,-0.159966731533221,0.981207289090523,False,down
WBGene00010774,1,1.0,PFBA,-0.173699823632463,0.981207289090523,False,down
WBGene00008427,1,0.7,PFBA,-0.280145662555344,0.981207289090523,False,down
WBGene00001939,1,0.9666666666666667,PFBA,-0.326887010989156,0.981207289090523,False,down
WBGene00012748,1,0.8,PFBA,-0.441906324765255,0.981207289090523,False,down
WBGene00044201,1,0.9666666666666667,PFBA,0.940227221291488,0.981699784488181,False,up
WBGene00001937,1,0.9333333333333333,PFBA,0.39583264330617,0.981699784488181,False,up
WBGene00021136,1,0.7666666666666667,PFBA,0.385158579576392,0.981699784488181,False,up
WBGene00019080,1,0.9333333333333333,PFBA,0.381738154596758,0.981699784488181,False,up
WBGene00008184,1,1.0,PFBA,0.343188749950445,0.981699784488181,False,up
WBGene00018153,1,0.9,PFBA,0.219332747638525,0.981699784488181,False,up
WBGene00018921,1,1.0,PFBA,0.185936184524313,0.981699784488181,False,up
WBGene00017717,1,0.5,PFBA,0.136393799035807,0.981699784488181,False,up
WBGene00014253,1,1.0,PFBA,0.0958635312417521,0.981699784488181,False,up
WBGene00018117,1,0.7333333333333333,PFBA,0.0856771152519191,0.981699784488181,False,up
WBGene00014172,1,0.9666666666666667,PFBA,0.0754266081762533,0.981699784488181,False,up
WBGene00010006,1,1.0,PFBA,0.0747713805307117,0.981699784488181,False,up
WBGene00004323,1,0.9666666666666667,PFBA,0.068539501418106,0.981699784488181,False,up
WBGene00007267,1,0.6333333333333333,PFBA,-0.0511711711837372,0.981699784488181,False,down
WBGene00000216,1,0.9666666666666667,PFBA,-0.0586962051653978,0.981699784488181,False,down
WBGene00017448,1,1.0,PFBA,-0.0683872975933639,0.981699784488181,False,down
WBGene00016987,1,0.9333333333333333,PFBA,-0.124979286306972,0.981699784488181,False,down
WBGene00001984,1,1.0,PFBA,-0.137410583814601,0.981699784488181,False,down
WBGene00003413,1,1.0,PFBA,-0.14082984799248,0.981699784488181,False,down
WBGene00002272,1,1.0,PFBA,-0.145994217226246,0.981699784488181,False,down
WBGene00008993,1,1.0,PFBA,-0.163467337927905,0.981699784488181,False,down
WBGene00012967,1,0.9666666666666667,PFBA,-0.164926294258639,0.981699784488181,False,down
WBGene00020359,1,0.7,PFBA,-0.175355565512884,0.981699784488181,False,down
WBGene00206373,1,0.9666666666666667,PFBA,-0.22335682466343,0.981699784488181,False,down
WBGene00001927,1,0.9333333333333333,PFBA,-0.245547651564756,0.981699784488181,False,down
WBGene00195181,1,0.9333333333333333,PFBA,-0.782353233495793,0.981699784488181,False,down
WBGene00007015,1,1.0,PFBA,-0.129717408582149,0.98252027170399,False,down
WBGene00020029,1,0.9666666666666667,PFBA,0.0852059264089448,0.982588128888799,False,up
WBGene00007756,1,0.9333333333333333,PFBA,-0.0709467031203339,0.983630504532866,False,down
WBGene00013284,1,1.0,PFBA,0.0961935747856738,0.983666957937003,False,up
WBGene00001488,1,0.9666666666666667,PFBA,0.0878308610905233,0.983666957937003,False,up
WBGene00022548,1,0.9666666666666667,PFBA,0.38991590455993,0.984767003956602,False,up
WBGene00022329,1,0.8,PFBA,0.194166196061169,0.984767003956602,False,up
WBGene00000069,1,0.9666666666666667,PFBA,0.09271917510125,0.984767003956602,False,up
WBGene00017881,1,1.0,PFBA,-0.316060254034547,0.984767003956602,False,down
WBGene00006667,1,0.9666666666666667,PFBA,0.154029498415156,0.985042761381755,False,up
WBGene00020834,1,0.9,PFBA,0.310907613224657,0.986381978204748,False,up
WBGene00016201,1,0.9666666666666667,PFBA,0.157086790103988,0.986381978204748,False,up
WBGene00010559,1,0.8,PFBA,0.143620770249241,0.986381978204748,False,up
WBGene00022848,1,1.0,PFBA,0.0911828467608914,0.986381978204748,False,up
WBGene00014243,1,0.9666666666666667,PFBA,0.0773555946494672,0.986381978204748,False,up
WBGene00019457,1,0.6,PFBA,0.052723252991736,0.986381978204748,False,up
WBGene00006751,1,1.0,PFBA,0.0467840864806744,0.986381978204748,False,up
WBGene00013593,1,0.7333333333333333,PFBA,0.0463799593558821,0.986381978204748,False,up
WBGene00007924,1,0.9,PFBA,-0.0576232082348175,0.986381978204748,False,down
WBGene00000795,1,1.0,PFBA,-0.0781542502344089,0.986381978204748,False,down
WBGene00020509,1,0.5666666666666667,PFBA,-0.0846709095066736,0.986381978204748,False,down
WBGene00010450,1,1.0,PFBA,-0.0858519831041438,0.986381978204748,False,down
WBGene00006649,1,1.0,PFBA,-0.0948897271160449,0.986381978204748,False,down
WBGene00020556,1,0.9333333333333333,PFBA,-0.0964808365366387,0.986381978204748,False,down
WBGene00011451,1,0.9,PFBA,-0.102146728194428,0.986381978204748,False,down
WBGene00019803,1,0.9666666666666667,PFBA,-0.114841398781078,0.986381978204748,False,down
WBGene00012152,1,0.9333333333333333,PFBA,-0.132341551805152,0.986381978204748,False,down
WBGene00016649,1,1.0,PFBA,-0.133810802340769,0.986381978204748,False,down
WBGene00019653,1,1.0,PFBA,-0.158208748583002,0.986381978204748,False,down
WBGene00044028,1,1.0,PFBA,-0.185474697605933,0.986381978204748,False,down
WBGene00007303,1,0.9,PFBA,-0.207896400250755,0.986381978204748,False,down
WBGene00021213,1,1.0,PFBA,-0.231541877560893,0.986381978204748,False,down
WBGene00021602,1,1.0,PFBA,-0.239152990494614,0.986381978204748,False,down
WBGene00003096,1,0.8333333333333334,PFBA,-0.239327964260999,0.986381978204748,False,down
WBGene00011362,1,0.9333333333333333,PFBA,-0.274508747102801,0.986381978204748,False,down
WBGene00044034,1,0.9666666666666667,PFBA,-0.284941925629261,0.986381978204748,False,down
WBGene00022572,1,0.9666666666666667,PFBA,-0.303416338540476,0.986381978204748,False,down
WBGene00003095,1,1.0,PFBA,-0.311496278003505,0.986381978204748,False,down
WBGene00044212,1,0.9666666666666667,PFBA,-0.43396107791978,0.986381978204748,False,down
WBGene00022375,1,0.9666666666666667,PFBA,-0.451472717892372,0.986381978204748,False,down
WBGene00013634,1,0.9666666666666667,PFBA,-0.468723213543539,0.986381978204748,False,down
WBGene00206359,1,0.9333333333333333,PFBA,-0.577023408987739,0.986381978204748,False,down
WBGene00007130,1,0.8666666666666667,PFBA,-0.129533492056258,0.988419472293219,False,down
WBGene00002717,1,0.9666666666666667,PFBA,0.0479029457169792,0.989310978947308,False,up
WBGene00005004,1,0.9,PFBA,-0.1884499057468,0.989310978947308,False,down
WBGene00206354,1,1.0,PFBA,0.181453470310618,0.990347908499794,False,up
WBGene00011090,1,0.9666666666666667,PFBA,0.101716217928072,0.990347908499794,False,up
WBGene00000959,1,1.0,PFBA,-0.0515358376747892,0.990347908499794,False,down
WBGene00003714,1,0.9666666666666667,PFBA,-0.199926199356696,0.990347908499794,False,down
WBGene00045457,1,0.9666666666666667,PFBA,0.624754882533667,0.990829627883151,False,up
WBGene00019968,1,0.6,PFBA,0.337198449262966,0.990829627883151,False,up
WBGene00015739,1,1.0,PFBA,0.165616829121207,0.990829627883151,False,up
WBGene00016190,1,1.0,PFBA,0.097096110167133,0.990829627883151,False,up
WBGene00007094,1,1.0,PFBA,0.0855814949502492,0.990829627883151,False,up
WBGene00012911,1,0.9666666666666667,PFBA,0.0849775136653825,0.990829627883151,False,up
WBGene00003919,1,1.0,PFBA,0.0548278848205268,0.990829627883151,False,up
WBGene00006434,1,0.9666666666666667,PFBA,-0.0681064168433716,0.990829627883151,False,down
WBGene00004886,1,0.7,PFBA,-0.0834186347370115,0.990829627883151,False,down
WBGene00011476,1,1.0,PFBA,-0.0927479304533555,0.990829627883151,False,down
WBGene00004259,1,1.0,PFBA,-0.13257109984675,0.990829627883151,False,down
WBGene00011407,1,0.9666666666666667,PFBA,-0.150363386392336,0.990829627883151,False,down
WBGene00018902,1,1.0,PFBA,-0.171474918508128,0.990829627883151,False,down
WBGene00044574,1,1.0,PFBA,-0.212156379620877,0.990829627883151,False,down
WBGene00018543,1,1.0,PFBA,-0.367572744355561,0.990829627883151,False,down
WBGene00003099,1,0.9666666666666667,PFBA,-0.410883989428817,0.990829627883151,False,down
WBGene00021580,1,0.5,PFBA,-0.967570071536833,0.990829627883151,False,down
WBGene00015790,1,0.9666666666666667,PFBA,-0.0631632836985116,0.991882077932609,False,down
WBGene00044457,1,0.6,PFBA,0.240967015742882,0.992324890848074,False,up
WBGene00010354,1,0.9,PFBA,0.192614500291373,0.992324890848074,False,up
WBGene00022766,1,1.0,PFBA,-0.138381732936688,0.992324890848074,False,down
WBGene00003879,1,0.7,PFBA,-0.494973248387916,0.993123185077357,False,down
WBGene00008068,1,1.0,PFBA,-0.463642109516437,0.993127720558694,False,down
WBGene00010470,1,0.9333333333333333,PFBA,0.180327918459457,0.993862899292639,False,up
WBGene00016635,1,0.8,PFBA,0.104539932617575,0.993862899292639,False,up
WBGene00000116,1,0.9,PFBA,0.0885341654390987,0.993862899292639,False,up
WBGene00007364,1,0.9666666666666667,PFBA,0.746815225189458,0.995085653440974,False,up
WBGene00007655,1,0.9666666666666667,PFBA,0.449407250538425,0.995085653440974,False,up
WBGene00001694,1,0.9,PFBA,0.343647544122836,0.995085653440974,False,up
WBGene00013294,1,0.9666666666666667,PFBA,0.33114587261885,0.995085653440974,False,up
WBGene00022546,1,0.8,PFBA,0.29575688538117,0.995085653440974,False,up
WBGene00017103,1,1.0,PFBA,0.282457063263578,0.995085653440974,False,up
WBGene00020760,1,0.6,PFBA,0.280921815453394,0.995085653440974,False,up
WBGene00022891,1,1.0,PFBA,0.238196008564674,0.995085653440974,False,up
WBGene00001545,1,0.9,PFBA,0.236338796949836,0.995085653440974,False,up
WBGene00001786,1,0.6333333333333333,PFBA,0.219782365368703,0.995085653440974,False,up
WBGene00021865,1,1.0,PFBA,0.19769271799495,0.995085653440974,False,up
WBGene00001893,1,0.9333333333333333,PFBA,0.19724398685095,0.995085653440974,False,up
WBGene00019367,1,1.0,PFBA,0.185146823862189,0.995085653440974,False,up
WBGene00016571,1,0.9666666666666667,PFBA,0.182461649888894,0.995085653440974,False,up
WBGene00001933,1,0.9666666666666667,PFBA,0.18091152201765,0.995085653440974,False,up
WBGene00005649,1,0.9666666666666667,PFBA,0.171332778884227,0.995085653440974,False,up
WBGene00020048,1,0.9666666666666667,PFBA,0.170000805533549,0.995085653440974,False,up
WBGene00001926,1,0.9333333333333333,PFBA,0.168694312565188,0.995085653440974,False,up
WBGene00020003,1,1.0,PFBA,0.164325861020007,0.995085653440974,False,up
WBGene00044588,1,0.6,PFBA,0.160954474839199,0.995085653440974,False,up
WBGene00003091,1,1.0,PFBA,0.130681266574919,0.995085653440974,False,up
WBGene00007751,1,0.5666666666666667,PFBA,0.11810968968469,0.995085653440974,False,up
WBGene00017530,1,1.0,PFBA,0.113191947295295,0.995085653440974,False,up
WBGene00011611,1,0.9666666666666667,PFBA,0.110450621714823,0.995085653440974,False,up
WBGene00022346,1,0.9666666666666667,PFBA,0.109794343720415,0.995085653440974,False,up
WBGene00016585,1,0.5333333333333333,PFBA,0.0952083756530509,0.995085653440974,False,up
WBGene00021897,1,0.9666666666666667,PFBA,0.0945635621528277,0.995085653440974,False,up
WBGene00013876,1,0.6,PFBA,0.0941865010195484,0.995085653440974,False,up
WBGene00017641,1,0.9666666666666667,PFBA,0.0872185491280643,0.995085653440974,False,up
WBGene00012251,1,1.0,PFBA,0.0868559745739127,0.995085653440974,False,up
WBGene00007103,1,0.6333333333333333,PFBA,0.0804228014112617,0.995085653440974,False,up
WBGene00022413,1,1.0,PFBA,0.0787372963891011,0.995085653440974,False,up
WBGene00019908,1,0.7333333333333333,PFBA,0.0779450041410116,0.995085653440974,False,up
WBGene00022240,1,1.0,PFBA,0.0713353138902671,0.995085653440974,False,up
WBGene00017463,1,0.9666666666666667,PFBA,0.0711068579848944,0.995085653440974,False,up
WBGene00004804,1,1.0,PFBA,0.0676780774269276,0.995085653440974,False,up
WBGene00002274,1,0.6333333333333333,PFBA,0.067151916114784,0.995085653440974,False,up
WBGene00001793,1,0.9666666666666667,PFBA,0.0655848188183106,0.995085653440974,False,up
WBGene00004390,1,0.7,PFBA,0.0649483013697182,0.995085653440974,False,up
WBGene00021564,1,0.9333333333333333,PFBA,0.061781691196475,0.995085653440974,False,up
WBGene00009499,1,0.7,PFBA,0.0606926209055177,0.995085653440974,False,up
WBGene00000478,1,1.0,PFBA,0.0502745411024656,0.995085653440974,False,up
WBGene00006369,1,0.9666666666666667,PFBA,0.0501436347436872,0.995085653440974,False,up
WBGene00004311,1,1.0,PFBA,0.0491800160683303,0.995085653440974,False,up
WBGene00001090,1,1.0,PFBA,0.0477436536259895,0.995085653440974,False,up
WBGene00002978,1,1.0,PFBA,0.0444384168573965,0.995085653440974,False,up
WBGene00007944,1,1.0,PFBA,0.044170487771255,0.995085653440974,False,up
WBGene00002191,1,1.0,PFBA,0.0296506134861251,0.995085653440974,False,up
WBGene00019504,1,1.0,PFBA,-0.0346152673012606,0.995085653440974,False,down
WBGene00001137,1,1.0,PFBA,-0.036682013882834,0.995085653440974,False,down
WBGene00022286,1,0.5666666666666667,PFBA,-0.0375828492307664,0.995085653440974,False,down
WBGene00008452,1,1.0,PFBA,-0.0400571532573595,0.995085653440974,False,down
WBGene00020709,1,1.0,PFBA,-0.0411731232419848,0.995085653440974,False,down
WBGene00007942,1,1.0,PFBA,-0.0415564668911264,0.995085653440974,False,down
WBGene00012782,1,1.0,PFBA,-0.0445523316812645,0.995085653440974,False,down
WBGene00020082,1,1.0,PFBA,-0.0486547643857643,0.995085653440974,False,down
WBGene00021901,1,0.7,PFBA,-0.0512233453180232,0.995085653440974,False,down
WBGene00019207,1,1.0,PFBA,-0.0568214546016169,0.995085653440974,False,down
WBGene00006780,1,0.9666666666666667,PFBA,-0.0571176654305947,0.995085653440974,False,down
WBGene00006754,1,1.0,PFBA,-0.0581444051166483,0.995085653440974,False,down
WBGene00003736,1,0.5,PFBA,-0.0666515569449134,0.995085653440974,False,down
WBGene00014207,1,1.0,PFBA,-0.067098947955935,0.995085653440974,False,down
WBGene00016781,1,1.0,PFBA,-0.072328445120914,0.995085653440974,False,down
WBGene00005712,1,0.9666666666666667,PFBA,-0.0726632759337872,0.995085653440974,False,down
WBGene00009453,1,0.6666666666666666,PFBA,-0.0746856393415662,0.995085653440974,False,down
WBGene00010503,1,1.0,PFBA,-0.0789250965683999,0.995085653440974,False,down
WBGene00018067,1,1.0,PFBA,-0.0805504679678493,0.995085653440974,False,down
WBGene00000217,1,0.9,PFBA,-0.0833377294313057,0.995085653440974,False,down
WBGene00019677,1,0.7,PFBA,-0.0904530406458242,0.995085653440974,False,down
WBGene00015190,1,0.9666666666666667,PFBA,-0.0911824445101363,0.995085653440974,False,down
WBGene00021043,1,1.0,PFBA,-0.0916482729483905,0.995085653440974,False,down
WBGene00009529,1,0.6333333333333333,PFBA,-0.0958662534947435,0.995085653440974,False,down
WBGene00000467,1,0.6,PFBA,-0.0987685586790411,0.995085653440974,False,down
WBGene00007904,1,0.5333333333333333,PFBA,-0.102111800687002,0.995085653440974,False,down
WBGene00004005,1,0.9666666666666667,PFBA,-0.110240755798171,0.995085653440974,False,down
WBGene00004823,1,1.0,PFBA,-0.11596456542983,0.995085653440974,False,down
WBGene00016817,1,1.0,PFBA,-0.118399108507366,0.995085653440974,False,down
WBGene00000212,1,0.9,PFBA,-0.123780592602709,0.995085653440974,False,down
WBGene00008596,1,0.9,PFBA,-0.128771229783301,0.995085653440974,False,down
WBGene00009146,1,0.6333333333333333,PFBA,-0.12903395930078,0.995085653440974,False,down
WBGene00018806,1,1.0,PFBA,-0.138166864787222,0.995085653440974,False,down
WBGene00019846,1,1.0,PFBA,-0.15454118570143,0.995085653440974,False,down
WBGene00001923,1,0.9,PFBA,-0.167705335670487,0.995085653440974,False,down
WBGene00005652,1,0.5666666666666667,PFBA,-0.169051059408813,0.995085653440974,False,down
WBGene00001932,1,1.0,PFBA,-0.169400850175946,0.995085653440974,False,down
WBGene00015291,1,1.0,PFBA,-0.169522884686307,0.995085653440974,False,down
WBGene00019552,1,1.0,PFBA,-0.170715078305315,0.995085653440974,False,down
WBGene00002097,1,0.9666666666666667,PFBA,-0.175258284597251,0.995085653440974,False,down
WBGene00021008,1,0.9666666666666667,PFBA,-0.18654557029209,0.995085653440974,False,down
WBGene00022283,1,0.6333333333333333,PFBA,-0.188587055993248,0.995085653440974,False,down
WBGene00008390,1,0.6,PFBA,-0.199832163517424,0.995085653440974,False,down
WBGene00013559,1,1.0,PFBA,-0.20374297626812,0.995085653440974,False,down
WBGene00018354,1,0.9666666666666667,PFBA,-0.207662761788792,0.995085653440974,False,down
WBGene00016319,1,0.8666666666666667,PFBA,-0.209449359318865,0.995085653440974,False,down
WBGene00011209,1,1.0,PFBA,-0.210179941494717,0.995085653440974,False,down
WBGene00018400,1,0.9333333333333333,PFBA,-0.218749618153865,0.995085653440974,False,down
WBGene00001928,1,0.9,PFBA,-0.232861147428531,0.995085653440974,False,down
WBGene00009983,1,1.0,PFBA,-0.26116358252821,0.995085653440974,False,down
WBGene00015794,1,0.9666666666666667,PFBA,-0.269006184803988,0.995085653440974,False,down
WBGene00270321,1,0.9666666666666667,PFBA,-0.276946602697226,0.995085653440974,False,down
WBGene00015829,1,0.9666666666666667,PFBA,-0.288986688175877,0.995085653440974,False,down
WBGene00044375,1,0.5333333333333333,PFBA,-0.311186095178796,0.995085653440974,False,down
WBGene00194746,1,0.9666666666666667,PFBA,-0.311469698251295,0.995085653440974,False,down
WBGene00007866,1,0.5333333333333333,PFBA,-0.313944743234813,0.995085653440974,False,down
WBGene00008102,1,1.0,PFBA,-0.317490584192123,0.995085653440974,False,down
WBGene00000979,1,0.6666666666666666,PFBA,-0.324978883872981,0.995085653440974,False,down
WBGene00018412,1,0.9666666666666667,PFBA,-0.345412741877416,0.995085653440974,False,down
WBGene00000190,1,0.9666666666666667,PFBA,-0.3783842672867,0.995085653440974,False,down
WBGene00013935,1,1.0,PFBA,-0.383151172060423,0.995085653440974,False,down
WBGene00008809,1,0.8666666666666667,PFBA,-0.392848122213804,0.995085653440974,False,down
WBGene00015226,1,0.9666666666666667,PFBA,-0.423488118346185,0.995085653440974,False,down
WBGene00012591,1,0.9,PFBA,-0.433135605223161,0.995085653440974,False,down
WBGene00235133,1,0.9333333333333333,PFBA,0.340352225958795,0.995186746098776,False,up
WBGene00008577,1,0.6,PFBA,0.123504262786355,0.995186746098776,False,up
WBGene00015324,1,0.6,PFBA,0.0650253471179167,0.995186746098776,False,up
WBGene00022067,1,0.8666666666666667,PFBA,0.0537120135749014,0.995186746098776,False,up
WBGene00015553,1,1.0,PFBA,-0.0319196727869816,0.995186746098776,False,down
WBGene00007010,1,0.9666666666666667,PFBA,-0.0428932123710132,0.995186746098776,False,down
WBGene00004059,1,0.9666666666666667,PFBA,-0.0433559918589116,0.995186746098776,False,down
WBGene00000991,1,1.0,PFBA,-0.0751635071591654,0.995186746098776,False,down
WBGene00012239,1,1.0,PFBA,-0.125290234809039,0.995186746098776,False,down
WBGene00017806,1,0.9,PFBA,-0.269560023403624,0.995414947858804,False,down
WBGene00004810,1,0.9,PFBA,0.172258866946533,0.995783540481645,False,up
WBGene00013604,1,1.0,PFBA,-0.0692938472902543,0.995783540481645,False,down
WBGene00020732,1,0.9666666666666667,PFBA,0.0475227220615954,0.99599899732577,False,up
WBGene00011130,1,1.0,PFBA,0.400052375727823,0.996089386489955,False,up
WBGene00015382,1,0.9666666666666667,PFBA,0.114620888428075,0.996089386489955,False,up
WBGene00022019,1,0.9,PFBA,0.0287246250550221,0.996089386489955,False,up
WBGene00000281,1,1.0,PFBA,-0.0462343152690486,0.996089386489955,False,down
WBGene00011528,1,1.0,PFBA,-0.0495073276792207,0.996089386489955,False,down
WBGene00012439,1,1.0,PFBA,-0.0879610758297591,0.996089386489955,False,down
WBGene00016939,1,1.0,PFBA,-0.0943481029106477,0.996089386489955,False,down
WBGene00019008,1,1.0,PFBA,-0.0990113559259628,0.996089386489955,False,down
WBGene00019314,1,0.9333333333333333,PFBA,-0.139776995265949,0.996089386489955,False,down
WBGene00022606,1,1.0,PFBA,-0.146674071713749,0.996089386489955,False,down
WBGene00010508,1,0.9,PFBA,-0.341749030556079,0.996089386489955,False,down
WBGene00304787,1,0.6333333333333333,PFBA,0.159022379724825,0.99649404913039,False,up
WBGene00012969,1,0.9,PFBA,0.149135764278623,0.99649404913039,False,up
WBGene00017945,1,1.0,PFBA,0.0935259944136968,0.99649404913039,False,up
WBGene00007013,1,0.6,PFBA,-0.0479857069594594,0.99649404913039,False,down
WBGene00001740,1,0.5666666666666667,PFBA,-0.0509036170843146,0.99649404913039,False,down
WBGene00007240,1,0.9333333333333333,PFBA,-0.0902606346711857,0.99649404913039,False,down
WBGene00020141,1,1.0,PFBA,-0.0954626445091808,0.99649404913039,False,down
WBGene00020637,1,0.9,PFBA,0.392438820313542,0.996809935913162,False,up
WBGene00012947,1,0.7333333333333333,PFBA,0.362300630298179,0.996809935913162,False,up
WBGene00044014,1,0.9666666666666667,PFBA,0.327947411151542,0.996809935913162,False,up
WBGene00012091,1,0.9666666666666667,PFBA,0.280531180939354,0.996809935913162,False,up
WBGene00012726,1,0.9666666666666667,PFBA,0.277892373202688,0.996809935913162,False,up
WBGene00001903,1,0.9666666666666667,PFBA,0.247048661262049,0.996809935913162,False,up
WBGene00001914,1,0.9333333333333333,PFBA,0.235362504744431,0.996809935913162,False,up
WBGene00007131,1,0.8666666666666667,PFBA,0.235014554622924,0.996809935913162,False,up
WBGene00007132,1,0.9666666666666667,PFBA,0.222972353672795,0.996809935913162,False,up
WBGene00021193,1,0.8,PFBA,0.219592860329168,0.996809935913162,False,up
WBGene00018189,1,0.8,PFBA,0.218551358831718,0.996809935913162,False,up
WBGene00005582,1,1.0,PFBA,0.21454875728564,0.996809935913162,False,up
WBGene00011255,1,1.0,PFBA,0.212409818120952,0.996809935913162,False,up
WBGene00005342,1,0.9666666666666667,PFBA,0.189843531514091,0.996809935913162,False,up
WBGene00015711,1,0.9333333333333333,PFBA,0.188894987288865,0.996809935913162,False,up
WBGene00045048,1,1.0,PFBA,0.18282266287093,0.996809935913162,False,up
WBGene00001882,1,0.9666666666666667,PFBA,0.167547227110372,0.996809935913162,False,up
WBGene00011129,1,0.6,PFBA,0.158352748033231,0.996809935913162,False,up
WBGene00019393,1,1.0,PFBA,0.156368984284479,0.996809935913162,False,up
WBGene00195045,1,0.7,PFBA,0.146723638539619,0.996809935913162,False,up
WBGene00018591,1,0.9666666666666667,PFBA,0.144311021923499,0.996809935913162,False,up
WBGene00018113,1,0.9666666666666667,PFBA,0.143103218185246,0.996809935913162,False,up
WBGene00016424,1,0.9666666666666667,PFBA,0.136245341192231,0.996809935913162,False,up
WBGene00022062,1,0.9666666666666667,PFBA,0.133131526212006,0.996809935913162,False,up
WBGene00012042,1,0.8666666666666667,PFBA,0.132556478184956,0.996809935913162,False,up
WBGene00009518,1,1.0,PFBA,0.104280412390131,0.996809935913162,False,up
WBGene00003862,1,0.9666666666666667,PFBA,0.098172138935325,0.996809935913162,False,up
WBGene00235158,1,1.0,PFBA,0.0974270973474342,0.996809935913162,False,up
WBGene00012280,1,0.6,PFBA,0.090279134673452,0.996809935913162,False,up
WBGene00008484,1,0.9666666666666667,PFBA,0.0901213976024849,0.996809935913162,False,up
WBGene00008793,1,1.0,PFBA,0.0892513780131833,0.996809935913162,False,up
WBGene00002199,1,0.9666666666666667,PFBA,0.0879575794112067,0.996809935913162,False,up
WBGene00010238,1,1.0,PFBA,0.0789530942901888,0.996809935913162,False,up
WBGene00011207,1,0.9333333333333333,PFBA,0.0773286977258996,0.996809935913162,False,up
WBGene00010053,1,0.5666666666666667,PFBA,0.0759648471516947,0.996809935913162,False,up
WBGene00019370,1,0.9,PFBA,0.073617806066874,0.996809935913162,False,up
WBGene00014210,1,0.8666666666666667,PFBA,0.0698522562140166,0.996809935913162,False,up
WBGene00001536,1,1.0,PFBA,0.0687054031109262,0.996809935913162,False,up
WBGene00008199,1,1.0,PFBA,0.0685238054271463,0.996809935913162,False,up
WBGene00000526,1,0.9666666666666667,PFBA,0.0656080170744015,0.996809935913162,False,up
WBGene00020280,1,0.6666666666666666,PFBA,0.0641305929681672,0.996809935913162,False,up
WBGene00004346,1,0.9333333333333333,PFBA,0.0615646900154209,0.996809935913162,False,up
WBGene00006876,1,0.9666666666666667,PFBA,0.0561869571802152,0.996809935913162,False,up
WBGene00003396,1,0.9666666666666667,PFBA,0.0537790389453686,0.996809935913162,False,up
WBGene00004285,1,1.0,PFBA,0.0519336793874578,0.996809935913162,False,up
WBGene00009511,1,0.6,PFBA,0.0513491343071064,0.996809935913162,False,up
WBGene00012125,1,0.9666666666666667,PFBA,0.0500200123123007,0.996809935913162,False,up
WBGene00011860,1,1.0,PFBA,0.0496670146929736,0.996809935913162,False,up
WBGene00044401,1,1.0,PFBA,0.0488338798441881,0.996809935913162,False,up
WBGene00007906,1,0.9666666666666667,PFBA,0.0469784926367678,0.996809935913162,False,up
WBGene00010962,1,1.0,PFBA,0.0459850384597191,0.996809935913162,False,up
WBGene00021936,1,0.9,PFBA,0.0437054291142857,0.996809935913162,False,up
WBGene00020346,1,0.5666666666666667,PFBA,0.0436619663120308,0.996809935913162,False,up
WBGene00004048,1,0.9666666666666667,PFBA,0.039242650706558,0.996809935913162,False,up
WBGene00018678,1,0.9333333333333333,PFBA,0.0391156111534417,0.996809935913162,False,up
WBGene00011990,1,1.0,PFBA,0.0374787989391232,0.996809935913162,False,up
WBGene00001494,1,1.0,PFBA,0.0369415940609893,0.996809935913162,False,up
WBGene00008940,1,1.0,PFBA,0.0356354106904378,0.996809935913162,False,up
WBGene00019249,1,1.0,PFBA,0.0344693139472138,0.996809935913162,False,up
WBGene00019465,1,1.0,PFBA,0.0341026275087966,0.996809935913162,False,up
WBGene00003369,1,0.5333333333333333,PFBA,0.0326832616030939,0.996809935913162,False,up
WBGene00000840,1,0.8666666666666667,PFBA,0.0321161862611251,0.996809935913162,False,up
WBGene00014115,1,1.0,PFBA,0.0306915563402977,0.996809935913162,False,up
WBGene00009552,1,0.9666666666666667,PFBA,0.030608430941334,0.996809935913162,False,up
WBGene00000150,1,0.6666666666666666,PFBA,0.0289201615890775,0.996809935913162,False,up
WBGene00002223,1,1.0,PFBA,0.026489424935595,0.996809935913162,False,up
WBGene00006483,1,0.9666666666666667,PFBA,-0.0211958102064821,0.996809935913162,False,down
WBGene00006407,1,1.0,PFBA,-0.0255076750117902,0.996809935913162,False,down
WBGene00011122,1,0.6666666666666666,PFBA,-0.028383294236133,0.996809935913162,False,down
WBGene00006764,1,0.9666666666666667,PFBA,-0.0293634059636329,0.996809935913162,False,down
WBGene00015454,1,1.0,PFBA,-0.0304491796254712,0.996809935913162,False,down
WBGene00009394,1,1.0,PFBA,-0.032843397329467,0.996809935913162,False,down
WBGene00006513,1,0.9666666666666667,PFBA,-0.0335850038719839,0.996809935913162,False,down
WBGene00022881,1,0.6,PFBA,-0.0368544765807191,0.996809935913162,False,down
WBGene00020884,1,1.0,PFBA,-0.037109047162817,0.996809935913162,False,down
WBGene00003397,1,0.9,PFBA,-0.0380057526281025,0.996809935913162,False,down
WBGene00002250,1,1.0,PFBA,-0.0380346236750084,0.996809935913162,False,down
WBGene00006636,1,1.0,PFBA,-0.0391590787579738,0.996809935913162,False,down
WBGene00013766,1,0.9,PFBA,-0.043747921867497,0.996809935913162,False,down
WBGene00017775,1,1.0,PFBA,-0.0448629661121538,0.996809935913162,False,down
WBGene00016112,1,0.9333333333333333,PFBA,-0.0451480608209383,0.996809935913162,False,down
WBGene00017971,1,1.0,PFBA,-0.0452413799963883,0.996809935913162,False,down
WBGene00019225,1,1.0,PFBA,-0.047762056648137,0.996809935913162,False,down
WBGene00004860,1,0.9666666666666667,PFBA,-0.0480519513416874,0.996809935913162,False,down
WBGene00003111,1,0.6333333333333333,PFBA,-0.0497809714407954,0.996809935913162,False,down
WBGene00003868,1,0.9666666666666667,PFBA,-0.0526019234751519,0.996809935913162,False,down
WBGene00015646,1,0.5666666666666667,PFBA,-0.0557047086079765,0.996809935913162,False,down
WBGene00015050,1,1.0,PFBA,-0.0571965029297523,0.996809935913162,False,down
WBGene00007056,1,1.0,PFBA,-0.0602601342216336,0.996809935913162,False,down
WBGene00017123,1,0.8666666666666667,PFBA,-0.0614540789482537,0.996809935913162,False,down
WBGene00010649,1,0.6,PFBA,-0.0642492736404899,0.996809935913162,False,down
WBGene00006463,1,0.9666666666666667,PFBA,-0.0650249193798443,0.996809935913162,False,down
WBGene00007353,1,0.9333333333333333,PFBA,-0.0652740079799671,0.996809935913162,False,down
WBGene00017592,1,0.9,PFBA,-0.0655983202255922,0.996809935913162,False,down
WBGene00011532,1,1.0,PFBA,-0.0672517234574644,0.996809935913162,False,down
WBGene00017947,1,0.9,PFBA,-0.0728204475555179,0.996809935913162,False,down
WBGene00018137,1,0.9,PFBA,-0.0755397588456666,0.996809935913162,False,down
WBGene00044767,1,0.9,PFBA,-0.0760638579294515,0.996809935913162,False,down
WBGene00045365,1,1.0,PFBA,-0.0831654031478542,0.996809935913162,False,down
WBGene00000968,1,0.9333333333333333,PFBA,-0.0858201009450871,0.996809935913162,False,down
WBGene00044403,1,1.0,PFBA,-0.0869087953127576,0.996809935913162,False,down
WBGene00001609,1,0.6,PFBA,-0.0926073248432799,0.996809935913162,False,down
WBGene00001877,1,1.0,PFBA,-0.0978974485516704,0.996809935913162,False,down
WBGene00009157,1,1.0,PFBA,-0.0981422235539881,0.996809935913162,False,down
WBGene00001719,1,0.5666666666666667,PFBA,-0.100200628896126,0.996809935913162,False,down
WBGene00010128,1,1.0,PFBA,-0.101692272140395,0.996809935913162,False,down
WBGene00011926,1,0.9666666666666667,PFBA,-0.102563521828413,0.996809935913162,False,down
WBGene00001901,1,0.7333333333333333,PFBA,-0.108769202464292,0.996809935913162,False,down
WBGene00005931,1,0.6666666666666666,PFBA,-0.109075714538048,0.996809935913162,False,down
WBGene00005110,1,1.0,PFBA,-0.114301190204355,0.996809935913162,False,down
WBGene00164973,1,1.0,PFBA,-0.124245781822486,0.996809935913162,False,down
WBGene00007404,1,0.5,PFBA,-0.125287830677367,0.996809935913162,False,down
WBGene00018646,1,0.9666666666666667,PFBA,-0.126863855138119,0.996809935913162,False,down
WBGene00001886,1,0.5,PFBA,-0.12801810717479,0.996809935913162,False,down
WBGene00018229,1,1.0,PFBA,-0.134664588332438,0.996809935913162,False,down
WBGene00020151,1,0.9666666666666667,PFBA,-0.139044225855679,0.996809935913162,False,down
WBGene00009488,1,1.0,PFBA,-0.142527961255315,0.996809935913162,False,down
WBGene00012840,1,1.0,PFBA,-0.143368162811892,0.996809935913162,False,down
WBGene00016451,1,1.0,PFBA,-0.144440912656224,0.996809935913162,False,down
WBGene00001905,1,0.9333333333333333,PFBA,-0.148864670883171,0.996809935913162,False,down
WBGene00012456,1,1.0,PFBA,-0.156572353017229,0.996809935913162,False,down
WBGene00007358,1,0.9,PFBA,-0.157616835022285,0.996809935913162,False,down
WBGene00000373,1,1.0,PFBA,-0.165809076951508,0.996809935913162,False,down
WBGene00044772,1,1.0,PFBA,-0.16640041621358,0.996809935913162,False,down
WBGene00015906,1,1.0,PFBA,-0.170437933001725,0.996809935913162,False,down
WBGene00001931,1,0.9666666666666667,PFBA,-0.173559437460342,0.996809935913162,False,down
WBGene00016013,1,0.9666666666666667,PFBA,-0.183430845468956,0.996809935913162,False,down
WBGene00009170,1,1.0,PFBA,-0.233447375424063,0.996809935913162,False,down
WBGene00021860,1,0.8666666666666667,PFBA,-0.252086799098198,0.996809935913162,False,down
WBGene00005293,1,0.9,PFBA,-0.294715072934057,0.996809935913162,False,down
WBGene00023483,1,1.0,PFBA,-0.322296901680806,0.996809935913162,False,down
WBGene00021526,1,0.6333333333333333,PFBA,-0.358933583162374,0.996809935913162,False,down
WBGene00004149,1,0.9666666666666667,PFBA,-0.427195637071479,0.996809935913162,False,down
WBGene00020901,1,0.9666666666666667,PFBA,0.0533945215603793,0.997264394470843,False,up
WBGene00017755,1,0.9333333333333333,PFBA,-0.0611403073021575,0.997264394470843,False,down
WBGene00013176,1,1.0,PFBA,-0.0359246526025695,0.997415562710637,False,down
WBGene00002021,1,1.0,PFBA,0.0539851612384944,0.997479686384329,False,up
WBGene00044291,1,0.9,PFBA,-0.0623354029796161,0.997479686384329,False,down
WBGene00020566,1,0.9,PFBA,0.0726775314862161,0.997642728727421,False,up
WBGene00016087,1,0.7,PFBA,0.0429204999820478,0.997895176923754,False,up
WBGene00003907,1,0.9666666666666667,PFBA,0.0412087175701998,0.998113511295374,False,up
WBGene00044396,1,0.9666666666666667,PFBA,0.0546030166520918,0.998226024559294,False,up
WBGene00009686,1,0.6333333333333333,PFBA,-0.11293184813916,0.998226024559294,False,down
WBGene00004681,1,0.9666666666666667,PFBA,-0.0215861091763321,0.998510525568829,False,down
WBGene00010353,1,0.6333333333333333,PFBA,0.14385249990201,0.998628019042707,False,up
WBGene00001925,1,0.9333333333333333,PFBA,0.101471195245374,0.998628019042707,False,up
WBGene00020358,1,0.8666666666666667,PFBA,0.0941422008597188,0.998628019042707,False,up
WBGene00018955,1,1.0,PFBA,0.0786164277922116,0.998628019042707,False,up
WBGene00011945,1,1.0,PFBA,0.0716385782394616,0.998628019042707,False,up
WBGene00018715,1,1.0,PFBA,0.0650302984115413,0.998628019042707,False,up
WBGene00010660,1,0.8666666666666667,PFBA,0.04464498010844,0.998628019042707,False,up
WBGene00018702,1,0.5,PFBA,0.0435190390578039,0.998628019042707,False,up
WBGene00020402,1,0.9666666666666667,PFBA,0.0390720778281085,0.998628019042707,False,up
WBGene00009886,1,0.9,PFBA,0.0248297785488336,0.998628019042707,False,up
WBGene00003687,1,0.9,PFBA,-0.0211636382613084,0.998628019042707,False,down
WBGene00004809,1,0.9666666666666667,PFBA,-0.0336929534938964,0.998628019042707,False,down
WBGene00010111,1,0.7666666666666667,PFBA,-0.0361217627913921,0.998628019042707,False,down
WBGene00011832,1,1.0,PFBA,-0.0395034250989505,0.998628019042707,False,down
WBGene00016657,1,1.0,PFBA,-0.0907534258027903,0.998628019042707,False,down
WBGene00001150,1,0.7333333333333333,PFBA,-0.158028604178598,0.998628019042707,False,down
WBGene00020364,1,0.9,PFBA,-0.21184924839195,0.998628019042707,False,down
WBGene00013594,1,0.9666666666666667,PFBA,0.0681757618913925,0.998663422218328,False,up
WBGene00044468,1,0.9666666666666667,PFBA,0.063228380054181,0.998663422218328,False,up
WBGene00001687,1,1.0,PFBA,0.0624577795503531,0.998663422218328,False,up
WBGene00019029,1,0.9666666666666667,PFBA,-0.130023065489491,0.998663422218328,False,down
WBGene00044807,1,0.9333333333333333,PFBA,-0.148625699243912,0.998675253831287,False,down
WBGene00008099,1,0.9333333333333333,PFBA,0.0839479076197285,0.999015073602721,False,up
WBGene00044898,1,1.0,PFBA,0.0811543658960859,0.999031707786226,False,up
WBGene00000396,1,0.9666666666666667,PFBA,0.0342745554808619,0.999031707786226,False,up
WBGene00006493,1,0.9666666666666667,PFBA,0.0251988521895972,0.999031707786226,False,up
WBGene00006845,1,0.9,PFBA,-0.05789606460375,0.999031707786226,False,down
WBGene00011841,1,1.0,PFBA,-0.241192860349959,0.999031707786226,False,down
WBGene00016063,1,0.9666666666666667,PFBA,0.368482471399043,0.999077252564793,False,up
WBGene00009898,1,0.9666666666666667,PFBA,0.32113773249,0.999077252564793,False,up
WBGene00010206,1,0.9666666666666667,PFBA,0.320969164102288,0.999077252564793,False,up
WBGene00015834,1,0.9666666666666667,PFBA,0.26845257532207,0.999077252564793,False,up
WBGene00021179,1,0.9666666666666667,PFBA,0.234323329914984,0.999077252564793,False,up
WBGene00018345,1,0.9666666666666667,PFBA,0.195520916581181,0.999077252564793,False,up
WBGene00045401,1,0.9666666666666667,PFBA,0.194269711203139,0.999077252564793,False,up
WBGene00194928,1,1.0,PFBA,0.184277399133551,0.999077252564793,False,up
WBGene00021081,1,0.9666666666666667,PFBA,0.163549002827054,0.999077252564793,False,up
WBGene00017024,1,0.9666666666666667,PFBA,0.158938570165763,0.999077252564793,False,up
WBGene00008302,1,0.9333333333333333,PFBA,0.156159124493788,0.999077252564793,False,up
WBGene00022406,1,0.5333333333333333,PFBA,0.154450942836232,0.999077252564793,False,up
WBGene00219493,1,0.9333333333333333,PFBA,0.153214494931997,0.999077252564793,False,up
WBGene00020227,1,0.9,PFBA,0.146059291481334,0.999077252564793,False,up
WBGene00015223,1,0.8666666666666667,PFBA,0.141175685098382,0.999077252564793,False,up
WBGene00009077,1,0.6,PFBA,0.140818765023024,0.999077252564793,False,up
WBGene00000008,1,0.9333333333333333,PFBA,0.13612659117974,0.999077252564793,False,up
WBGene00013611,1,0.9333333333333333,PFBA,0.134808111151342,0.999077252564793,False,up
WBGene00015089,1,0.9666666666666667,PFBA,0.13466963995084,0.999077252564793,False,up
WBGene00016226,1,0.6,PFBA,0.132534320415038,0.999077252564793,False,up
WBGene00009056,1,1.0,PFBA,0.127975918701334,0.999077252564793,False,up
WBGene00007656,1,0.9666666666666667,PFBA,0.127433838216444,0.999077252564793,False,up
WBGene00017751,1,1.0,PFBA,0.123776301930674,0.999077252564793,False,up
WBGene00007660,1,0.9666666666666667,PFBA,0.120647514319505,0.999077252564793,False,up
WBGene00020220,1,1.0,PFBA,0.120032117712068,0.999077252564793,False,up
WBGene00010148,1,1.0,PFBA,0.116968103027417,0.999077252564793,False,up
WBGene00001940,1,1.0,PFBA,0.115308482277396,0.999077252564793,False,up
WBGene00009480,1,0.5,PFBA,0.114334871066753,0.999077252564793,False,up
WBGene00008575,1,1.0,PFBA,0.110719447950304,0.999077252564793,False,up
WBGene00194926,1,0.9666666666666667,PFBA,0.108312053016462,0.999077252564793,False,up
WBGene00009061,1,0.9666666666666667,PFBA,0.10264130507554,0.999077252564793,False,up
WBGene00007659,1,0.9666666666666667,PFBA,0.102579222052443,0.999077252564793,False,up
WBGene00012855,1,0.7666666666666667,PFBA,0.100663754703829,0.999077252564793,False,up
WBGene00015426,1,0.7,PFBA,0.099781681997734,0.999077252564793,False,up
WBGene00018353,1,0.9666666666666667,PFBA,0.0981435004718806,0.999077252564793,False,up
WBGene00008301,1,0.9666666666666667,PFBA,0.0977616061914106,0.999077252564793,False,up
WBGene00001766,1,0.9,PFBA,0.0951535638240961,0.999077252564793,False,up
WBGene00009782,1,0.6333333333333333,PFBA,0.0947483828931427,0.999077252564793,False,up
WBGene00008826,1,0.9666666666666667,PFBA,0.0934475389204294,0.999077252564793,False,up
WBGene00044207,1,0.9666666666666667,PFBA,0.0928133242421886,0.999077252564793,False,up
WBGene00010821,1,0.9666666666666667,PFBA,0.0916611906014288,0.999077252564793,False,up
WBGene00001929,1,0.9,PFBA,0.089835699454045,0.999077252564793,False,up
WBGene00009785,1,0.9666666666666667,PFBA,0.0891371457981829,0.999077252564793,False,up
WBGene00001895,1,0.9,PFBA,0.0890922506855999,0.999077252564793,False,up
WBGene00010004,1,0.5666666666666667,PFBA,0.0889647069845729,0.999077252564793,False,up
WBGene00012921,1,1.0,PFBA,0.0862978861609244,0.999077252564793,False,up
WBGene00015080,1,0.9,PFBA,0.084192058394098,0.999077252564793,False,up
WBGene00044707,1,0.9666666666666667,PFBA,0.081427022580747,0.999077252564793,False,up
WBGene00017214,1,0.8666666666666667,PFBA,0.0794329686999784,0.999077252564793,False,up
WBGene00007322,1,0.9333333333333333,PFBA,0.0773816452230781,0.999077252564793,False,up
WBGene00019579,1,0.9666666666666667,PFBA,0.0711590148795101,0.999077252564793,False,up
WBGene00001889,1,0.5333333333333333,PFBA,0.0698076853230951,0.999077252564793,False,up
WBGene00271605,1,0.9666666666666667,PFBA,0.0669170719701388,0.999077252564793,False,up
WBGene00006718,1,0.9666666666666667,PFBA,0.0664245372534643,0.999077252564793,False,up
WBGene00001878,1,0.9666666666666667,PFBA,0.0660175427322878,0.999077252564793,False,up
WBGene00003511,1,0.8333333333333334,PFBA,0.065954624738847,0.999077252564793,False,up
WBGene00001918,1,0.5666666666666667,PFBA,0.06551793499427,0.999077252564793,False,up
WBGene00010998,1,1.0,PFBA,0.064633700852042,0.999077252564793,False,up
WBGene00077573,1,0.9333333333333333,PFBA,0.0633180669512721,0.999077252564793,False,up
WBGene00013901,1,0.9666666666666667,PFBA,0.0628488566576721,0.999077252564793,False,up
WBGene00022125,1,0.9666666666666667,PFBA,0.0566575297762285,0.999077252564793,False,up
WBGene00008507,1,0.9666666666666667,PFBA,0.056510058584638,0.999077252564793,False,up
WBGene00006064,1,0.9666666666666667,PFBA,0.0546945307597324,0.999077252564793,False,up
WBGene00001500,1,1.0,PFBA,0.0530466533979983,0.999077252564793,False,up
WBGene00019109,1,0.9,PFBA,0.0530104021879607,0.999077252564793,False,up
WBGene00044759,1,0.9666666666666667,PFBA,0.0526218978623034,0.999077252564793,False,up
WBGene00015225,1,0.9666666666666667,PFBA,0.0507685235370579,0.999077252564793,False,up
WBGene00014206,1,1.0,PFBA,0.0502892499788446,0.999077252564793,False,up
WBGene00010830,1,0.9666666666666667,PFBA,0.0491601069394538,0.999077252564793,False,up
WBGene00017645,1,1.0,PFBA,0.0483763348889336,0.999077252564793,False,up
WBGene00016555,1,0.8666666666666667,PFBA,0.0478027431163162,0.999077252564793,False,up
WBGene00001204,1,0.9,PFBA,0.0477711430559512,0.999077252564793,False,up
WBGene00008227,1,0.9333333333333333,PFBA,0.0470981633876737,0.999077252564793,False,up
WBGene00010784,1,1.0,PFBA,0.0470749373008386,0.999077252564793,False,up
WBGene00020924,1,0.7333333333333333,PFBA,0.0460363685135004,0.999077252564793,False,up
WBGene00013585,1,1.0,PFBA,0.0456792364475727,0.999077252564793,False,up
WBGene00008996,1,0.8,PFBA,0.0448986560056547,0.999077252564793,False,up
WBGene00011089,1,1.0,PFBA,0.0444481806169376,0.999077252564793,False,up
WBGene00086560,1,0.9333333333333333,PFBA,0.0427512716164348,0.999077252564793,False,up
WBGene00004124,1,0.9333333333333333,PFBA,0.0427465114038209,0.999077252564793,False,up
WBGene00012323,1,1.0,PFBA,0.0423738255184844,0.999077252564793,False,up
WBGene00007297,1,0.9666666666666667,PFBA,0.0415942090593248,0.999077252564793,False,up
WBGene00015378,1,1.0,PFBA,0.0415941243936208,0.999077252564793,False,up
WBGene00017156,1,0.8333333333333334,PFBA,0.0408648093342935,0.999077252564793,False,up
WBGene00014864,1,0.9666666666666667,PFBA,0.0405710217299176,0.999077252564793,False,up
WBGene00086558,1,0.6333333333333333,PFBA,0.0403220558400173,0.999077252564793,False,up
WBGene00012910,1,0.9666666666666667,PFBA,0.0396943921441746,0.999077252564793,False,up
WBGene00006633,1,0.9666666666666667,PFBA,0.0381600084872571,0.999077252564793,False,up
WBGene00009137,1,0.9666666666666667,PFBA,0.037831367577592,0.999077252564793,False,up
WBGene00016721,1,1.0,PFBA,0.034776667509189,0.999077252564793,False,up
WBGene00012279,1,0.9666666666666667,PFBA,0.0343530911950559,0.999077252564793,False,up
WBGene00009358,1,0.9666666666666667,PFBA,0.0342875152851294,0.999077252564793,False,up
WBGene00001451,1,0.9666666666666667,PFBA,0.0339631898776243,0.999077252564793,False,up
WBGene00016769,1,1.0,PFBA,0.0338331681107111,0.999077252564793,False,up
WBGene00011236,1,0.6,PFBA,0.0332770414449329,0.999077252564793,False,up
WBGene00022505,1,0.9,PFBA,0.0332542918532467,0.999077252564793,False,up
WBGene00012530,1,1.0,PFBA,0.0324524148903244,0.999077252564793,False,up
WBGene00000451,1,0.9666666666666667,PFBA,0.0320070978606465,0.999077252564793,False,up
WBGene00017322,1,0.5333333333333333,PFBA,0.0313711796405746,0.999077252564793,False,up
WBGene00001644,1,1.0,PFBA,0.0306594119828139,0.999077252564793,False,up
WBGene00016073,1,1.0,PFBA,0.030534810165787,0.999077252564793,False,up
WBGene00020360,1,1.0,PFBA,0.0305173876010875,0.999077252564793,False,up
WBGene00016763,1,1.0,PFBA,0.0301076060427901,0.999077252564793,False,up
WBGene00016033,1,0.9,PFBA,0.0300454832468969,0.999077252564793,False,up
WBGene00010605,1,1.0,PFBA,0.0294975339265922,0.999077252564793,False,up
WBGene00014214,1,0.8666666666666667,PFBA,0.0292528551461013,0.999077252564793,False,up
WBGene00008819,1,0.8,PFBA,0.028916655855563,0.999077252564793,False,up
WBGene00006566,1,0.9,PFBA,0.0288805639280663,0.999077252564793,False,up
WBGene00017257,1,0.9,PFBA,0.0288534635367526,0.999077252564793,False,up
WBGene00008798,1,0.6,PFBA,0.028687269883892,0.999077252564793,False,up
WBGene00016717,1,0.9666666666666667,PFBA,0.0285349715142246,0.999077252564793,False,up
WBGene00000981,1,0.9,PFBA,0.0281212677208919,0.999077252564793,False,up
WBGene00001794,1,0.9,PFBA,0.0272260559307622,0.999077252564793,False,up
WBGene00002057,1,1.0,PFBA,0.0269384028676085,0.999077252564793,False,up
WBGene00000789,1,0.7666666666666667,PFBA,0.0267041164678167,0.999077252564793,False,up
WBGene00019240,1,0.9333333333333333,PFBA,0.0264317805941995,0.999077252564793,False,up
WBGene00195093,1,0.6333333333333333,PFBA,0.0256834281432688,0.999077252564793,False,up
WBGene00010965,1,0.5,PFBA,0.0252784605962106,0.999077252564793,False,up
WBGene00016045,1,0.7,PFBA,0.0247989558780118,0.999077252564793,False,up
WBGene00018280,1,1.0,PFBA,0.0240484319561047,0.999077252564793,False,up
WBGene00011101,1,0.9666666666666667,PFBA,0.0230338229358868,0.999077252564793,False,up
WBGene00022691,1,0.9666666666666667,PFBA,0.0221085378418954,0.999077252564793,False,up
WBGene00004988,1,0.6,PFBA,0.0220107625679898,0.999077252564793,False,up
WBGene00001527,1,1.0,PFBA,0.0219138152393076,0.999077252564793,False,up
WBGene00015087,1,0.9666666666666667,PFBA,0.0217729327544345,0.999077252564793,False,up
WBGene00018310,1,0.8666666666666667,PFBA,0.0210526342095496,0.999077252564793,False,up
WBGene00022247,1,0.8666666666666667,PFBA,0.0199312390754129,0.999077252564793,False,up
WBGene00011564,1,1.0,PFBA,0.0199054778459064,0.999077252564793,False,up
WBGene00017023,1,0.9666666666666667,PFBA,0.0196334419042807,0.999077252564793,False,up
WBGene00016034,1,0.9666666666666667,PFBA,0.018999837350885,0.999077252564793,False,up
WBGene00022518,1,0.9666666666666667,PFBA,0.0188856971498671,0.999077252564793,False,up
WBGene00021556,1,1.0,PFBA,0.0184858802267583,0.999077252564793,False,up
WBGene00020862,1,0.5,PFBA,0.0175395226155638,0.999077252564793,False,up
WBGene00010326,1,1.0,PFBA,0.0169058925712272,0.999077252564793,False,up
WBGene00001432,1,0.5666666666666667,PFBA,0.0167469092716446,0.999077252564793,False,up
WBGene00000822,1,0.9666666666666667,PFBA,0.0167429036027279,0.999077252564793,False,up
WBGene00006678,1,1.0,PFBA,0.0166349886424104,0.999077252564793,False,up
WBGene00012471,1,0.7333333333333333,PFBA,0.016574588235799,0.999077252564793,False,up
WBGene00016435,1,1.0,PFBA,0.0165048541109095,0.999077252564793,False,up
WBGene00006562,1,0.6333333333333333,PFBA,0.0162516879455162,0.999077252564793,False,up
WBGene00006514,1,0.6333333333333333,PFBA,0.0158970379361625,0.999077252564793,False,up
WBGene00008167,1,1.0,PFBA,0.014939042082575,0.999077252564793,False,up
WBGene00005009,1,0.5666666666666667,PFBA,0.0131287522527535,0.999077252564793,False,up
WBGene00009796,1,0.8666666666666667,PFBA,0.0127681718994746,0.999077252564793,False,up
WBGene00011044,1,0.6333333333333333,PFBA,0.0123466840247896,0.999077252564793,False,up
WBGene00000543,1,1.0,PFBA,0.0121553555976183,0.999077252564793,False,up
WBGene00006735,1,1.0,PFBA,0.0120328030706618,0.999077252564793,False,up
WBGene00012973,1,1.0,PFBA,0.0107471871385253,0.999077252564793,False,up
WBGene00010625,1,0.7,PFBA,0.0106998319053105,0.999077252564793,False,up
WBGene00020378,1,1.0,PFBA,0.0106627983150012,0.999077252564793,False,up
WBGene00008948,1,1.0,PFBA,0.0104604722685349,0.999077252564793,False,up
WBGene00011436,1,0.9666666666666667,PFBA,0.0101420585170924,0.999077252564793,False,up
WBGene00000068,1,0.8666666666666667,PFBA,0.0101107269822267,0.999077252564793,False,up
WBGene00001746,1,0.9666666666666667,PFBA,0.0100386102603328,0.999077252564793,False,up
WBGene00003733,1,0.9666666666666667,PFBA,0.0087875324393644,0.999077252564793,False,up
WBGene00013289,1,1.0,PFBA,0.0086645820972272,0.999077252564793,False,up
WBGene00007617,1,0.9333333333333333,PFBA,0.0081412106864469,0.999077252564793,False,up
WBGene00020820,1,0.8,PFBA,0.0074193455166989,0.999077252564793,False,up
WBGene00000022,1,0.9666666666666667,PFBA,0.0072589947835684,0.999077252564793,False,up
WBGene00000996,1,0.5666666666666667,PFBA,0.0067005817995809,0.999077252564793,False,up
WBGene00010280,1,0.9666666666666667,PFBA,0.0047489735227264,0.999077252564793,False,up
WBGene00001168,1,1.0,PFBA,0.0039137772042418,0.999077252564793,False,up
WBGene00015509,1,1.0,PFBA,-0.0054568084792731,0.999077252564793,False,down
WBGene00002008,1,1.0,PFBA,-0.0073458072315166,0.999077252564793,False,down
WBGene00015644,1,0.6333333333333333,PFBA,-0.0077121258306066,0.999077252564793,False,down
WBGene00006975,1,1.0,PFBA,-0.0094918802916519,0.999077252564793,False,down
WBGene00016782,1,0.9,PFBA,-0.0098219177984011,0.999077252564793,False,down
WBGene00016162,1,1.0,PFBA,-0.0103700615382584,0.999077252564793,False,down
WBGene00000163,1,0.8666666666666667,PFBA,-0.0118325019451544,0.999077252564793,False,down
WBGene00020457,1,0.9666666666666667,PFBA,-0.0127462866654767,0.999077252564793,False,down
WBGene00003172,1,1.0,PFBA,-0.012949433058895,0.999077252564793,False,down
WBGene00010970,1,0.9,PFBA,-0.0130711000598416,0.999077252564793,False,down
WBGene00018986,1,1.0,PFBA,-0.0132087307781102,0.999077252564793,False,down
WBGene00007591,1,1.0,PFBA,-0.0138676376065764,0.999077252564793,False,down
WBGene00009504,1,1.0,PFBA,-0.014351962298519,0.999077252564793,False,down
WBGene00021000,1,0.6333333333333333,PFBA,-0.0145369795911203,0.999077252564793,False,down
WBGene00015741,1,0.7,PFBA,-0.0147390311377379,0.999077252564793,False,down
WBGene00001538,1,1.0,PFBA,-0.0147744085771209,0.999077252564793,False,down
WBGene00020088,1,1.0,PFBA,-0.0154456124278073,0.999077252564793,False,down
WBGene00021159,1,1.0,PFBA,-0.0156856941360478,0.999077252564793,False,down
WBGene00001490,1,1.0,PFBA,-0.015949991834948,0.999077252564793,False,down
WBGene00004414,1,1.0,PFBA,-0.0160615464809408,0.999077252564793,False,down
WBGene00003688,1,0.9666666666666667,PFBA,-0.0163923622182634,0.999077252564793,False,down
WBGene00017027,1,0.7,PFBA,-0.0166569373877062,0.999077252564793,False,down
WBGene00003097,1,1.0,PFBA,-0.0174646580350164,0.999077252564793,False,down
WBGene00011437,1,1.0,PFBA,-0.0176714055028721,0.999077252564793,False,down
WBGene00000074,1,0.8666666666666667,PFBA,-0.0184338728897956,0.999077252564793,False,down
WBGene00022490,1,1.0,PFBA,-0.0184900148395117,0.999077252564793,False,down
WBGene00001754,1,0.9666666666666667,PFBA,-0.019042360510526,0.999077252564793,False,down
WBGene00019806,1,0.9,PFBA,-0.019287195383796,0.999077252564793,False,down
WBGene00016246,1,0.5333333333333333,PFBA,-0.0196760439445321,0.999077252564793,False,down
WBGene00021915,1,1.0,PFBA,-0.0199470954573171,0.999077252564793,False,down
WBGene00021895,1,1.0,PFBA,-0.0211244494311838,0.999077252564793,False,down
WBGene00000970,1,0.9666666666666667,PFBA,-0.0212687735595552,0.999077252564793,False,down
WBGene00019355,1,1.0,PFBA,-0.0218262175755401,0.999077252564793,False,down
WBGene00018692,1,1.0,PFBA,-0.021991023326713,0.999077252564793,False,down
WBGene00003371,1,0.9666666666666667,PFBA,-0.0226530869141195,0.999077252564793,False,down
WBGene00016144,1,1.0,PFBA,-0.0233846084388544,0.999077252564793,False,down
WBGene00013540,1,0.9666666666666667,PFBA,-0.024127413600807,0.999077252564793,False,down
WBGene00009678,1,0.5333333333333333,PFBA,-0.0242563216851919,0.999077252564793,False,down
WBGene00001572,1,0.9,PFBA,-0.0245472652542559,0.999077252564793,False,down
WBGene00012112,1,0.9333333333333333,PFBA,-0.0255562362421638,0.999077252564793,False,down
WBGene00008922,1,1.0,PFBA,-0.0266886310766798,0.999077252564793,False,down
WBGene00017121,1,1.0,PFBA,-0.0278800299320224,0.999077252564793,False,down
WBGene00000279,1,0.9666666666666667,PFBA,-0.0281391960256666,0.999077252564793,False,down
WBGene00015336,1,0.9333333333333333,PFBA,-0.0285140551800218,0.999077252564793,False,down
WBGene00019599,1,0.6333333333333333,PFBA,-0.0295703460561305,0.999077252564793,False,down
WBGene00011852,1,0.9,PFBA,-0.0301585865472655,0.999077252564793,False,down
WBGene00008542,1,0.6,PFBA,-0.0304516924257625,0.999077252564793,False,down
WBGene00012857,1,1.0,PFBA,-0.0305822489953457,0.999077252564793,False,down
WBGene00022847,1,0.9666666666666667,PFBA,-0.0309143848201414,0.999077252564793,False,down
WBGene00001046,1,0.9666666666666667,PFBA,-0.0311626794657333,0.999077252564793,False,down
WBGene00012589,1,1.0,PFBA,-0.0312021042867977,0.999077252564793,False,down
WBGene00015955,1,0.8666666666666667,PFBA,-0.0312305161687923,0.999077252564793,False,down
WBGene00016559,1,0.9333333333333333,PFBA,-0.0314466670057857,0.999077252564793,False,down
WBGene00017379,1,0.8333333333333334,PFBA,-0.0320553937849336,0.999077252564793,False,down
WBGene00013752,1,1.0,PFBA,-0.0339216844715087,0.999077252564793,False,down
WBGene00004049,1,0.9,PFBA,-0.0352179559424476,0.999077252564793,False,down
WBGene00019362,1,1.0,PFBA,-0.0359214631454424,0.999077252564793,False,down
WBGene00013904,1,0.9666666666666667,PFBA,-0.0359990995429393,0.999077252564793,False,down
WBGene00013215,1,1.0,PFBA,-0.0365896837346346,0.999077252564793,False,down
WBGene00017467,1,0.5666666666666667,PFBA,-0.0369259629449517,0.999077252564793,False,down
WBGene00010411,1,1.0,PFBA,-0.0370581252495274,0.999077252564793,False,down
WBGene00019057,1,0.9666666666666667,PFBA,-0.0376208824341145,0.999077252564793,False,down
WBGene00012252,1,0.9666666666666667,PFBA,-0.0380175034385928,0.999077252564793,False,down
WBGene00007574,1,0.6,PFBA,-0.0382103443333142,0.999077252564793,False,down
WBGene00022194,1,0.8666666666666667,PFBA,-0.0391534920398897,0.999077252564793,False,down
WBGene00000786,1,1.0,PFBA,-0.0393529617173447,0.999077252564793,False,down
WBGene00008477,1,0.9333333333333333,PFBA,-0.0395576082303725,0.999077252564793,False,down
WBGene00011235,1,1.0,PFBA,-0.0406553806795341,0.999077252564793,False,down
WBGene00019550,1,0.8666666666666667,PFBA,-0.0415322247693144,0.999077252564793,False,down
WBGene00004358,1,1.0,PFBA,-0.0415324179848912,0.999077252564793,False,down
WBGene00007991,1,1.0,PFBA,-0.0418195759902902,0.999077252564793,False,down
WBGene00008022,1,0.9333333333333333,PFBA,-0.0426343488583701,0.999077252564793,False,down
WBGene00008874,1,0.9666666666666667,PFBA,-0.0463195849633146,0.999077252564793,False,down
WBGene00010902,1,0.9,PFBA,-0.0464220989221288,0.999077252564793,False,down
WBGene00016048,1,0.7666666666666667,PFBA,-0.046747713168048,0.999077252564793,False,down
WBGene00010646,1,1.0,PFBA,-0.0471705678169158,0.999077252564793,False,down
WBGene00007134,1,0.9666666666666667,PFBA,-0.0476471783049221,0.999077252564793,False,down
WBGene00044455,1,0.9,PFBA,-0.0483126474506523,0.999077252564793,False,down
WBGene00009526,1,0.9666666666666667,PFBA,-0.048537932024946,0.999077252564793,False,down
WBGene00001647,1,1.0,PFBA,-0.0486179099451345,0.999077252564793,False,down
WBGene00020972,1,0.6333333333333333,PFBA,-0.0503670038925334,0.999077252564793,False,down
WBGene00022870,1,0.9666666666666667,PFBA,-0.0519266708616101,0.999077252564793,False,down
WBGene00194646,1,0.9666666666666667,PFBA,-0.0529931785392354,0.999077252564793,False,down
WBGene00015110,1,0.9333333333333333,PFBA,-0.0544684524908697,0.999077252564793,False,down
WBGene00003170,1,0.9666666666666667,PFBA,-0.0545242775998162,0.999077252564793,False,down
WBGene00007661,1,0.9666666666666667,PFBA,-0.0548044818483042,0.999077252564793,False,down
WBGene00001879,1,0.9666666666666667,PFBA,-0.0556932946083757,0.999077252564793,False,down
WBGene00001764,1,1.0,PFBA,-0.0557593750439506,0.999077252564793,False,down
WBGene00002055,1,1.0,PFBA,-0.0571159630114724,0.999077252564793,False,down
WBGene00001921,1,1.0,PFBA,-0.0587864960076591,0.999077252564793,False,down
WBGene00013602,1,0.6666666666666666,PFBA,-0.0597698511591541,0.999077252564793,False,down
WBGene00006947,1,0.7333333333333333,PFBA,-0.0609365757993696,0.999077252564793,False,down
WBGene00138721,1,0.9666666666666667,PFBA,-0.0670173426266241,0.999077252564793,False,down
WBGene00010637,1,1.0,PFBA,-0.0678195336137839,0.999077252564793,False,down
WBGene00194955,1,0.6,PFBA,-0.0692822154622872,0.999077252564793,False,down
WBGene00017032,1,0.9333333333333333,PFBA,-0.0719930034898742,0.999077252564793,False,down
WBGene00007565,1,1.0,PFBA,-0.0730648593854703,0.999077252564793,False,down
WBGene00008152,1,1.0,PFBA,-0.0730667279121157,0.999077252564793,False,down
WBGene00001906,1,0.9666666666666667,PFBA,-0.0734680473899482,0.999077252564793,False,down
WBGene00086568,1,0.9666666666666667,PFBA,-0.0765597219982134,0.999077252564793,False,down
WBGene00022644,1,0.7666666666666667,PFBA,-0.0769534236175989,0.999077252564793,False,down
WBGene00008858,1,0.9666666666666667,PFBA,-0.0805303021688936,0.999077252564793,False,down
WBGene00001917,1,0.9,PFBA,-0.0832997600195143,0.999077252564793,False,down
WBGene00008553,1,0.9,PFBA,-0.0884568817388777,0.999077252564793,False,down
WBGene00017959,1,1.0,PFBA,-0.0905366038097596,0.999077252564793,False,down
WBGene00015100,1,0.9666666666666667,PFBA,-0.0922148285814955,0.999077252564793,False,down
WBGene00005925,1,1.0,PFBA,-0.0944882618172,0.999077252564793,False,down
WBGene00018333,1,0.9333333333333333,PFBA,-0.0950448331386356,0.999077252564793,False,down
WBGene00008486,1,0.9666666666666667,PFBA,-0.0957907902679355,0.999077252564793,False,down
WBGene00008180,1,0.5666666666666667,PFBA,-0.0964537033622474,0.999077252564793,False,down
WBGene00018313,1,0.7,PFBA,-0.105311733091992,0.999077252564793,False,down
WBGene00012308,1,0.9,PFBA,-0.108428683355081,0.999077252564793,False,down
WBGene00008269,1,0.9666666666666667,PFBA,-0.108573585292626,0.999077252564793,False,down
WBGene00021566,1,1.0,PFBA,-0.139305982098918,0.999077252564793,False,down
WBGene00015828,1,0.9666666666666667,PFBA,-0.139419712704254,0.999077252564793,False,down
WBGene00016274,1,0.8666666666666667,PFBA,-0.13950435727578,0.999077252564793,False,down
WBGene00023492,1,1.0,PFBA,-0.14429352065521,0.999077252564793,False,down
WBGene00007662,1,0.9666666666666667,PFBA,-0.145878131940366,0.999077252564793,False,down
WBGene00021582,1,1.0,PFBA,-0.148757131284441,0.999077252564793,False,down
WBGene00020357,1,0.9666666666666667,PFBA,-0.158507394831691,0.999077252564793,False,down
WBGene00044708,1,0.9666666666666667,PFBA,-0.1730904887367,0.999077252564793,False,down
WBGene00016686,1,0.9333333333333333,PFBA,-0.175282763595206,0.999077252564793,False,down
WBGene00015224,1,0.9666666666666667,PFBA,-0.178742905631303,0.999077252564793,False,down
WBGene00194902,1,0.9666666666666667,PFBA,-0.192567646643481,0.999077252564793,False,down
WBGene00044237,1,0.9666666666666667,PFBA,-0.194369329174839,0.999077252564793,False,down
WBGene00195165,1,0.9666666666666667,PFBA,-0.198355722689134,0.999077252564793,False,down
WBGene00194645,1,0.9666666666666667,PFBA,-0.210319693228029,0.999077252564793,False,down
WBGene00007658,1,0.9666666666666667,PFBA,-0.210671882833206,0.999077252564793,False,down
WBGene00008067,1,1.0,PFBA,-0.213284591883962,0.999077252564793,False,down
WBGene00045415,1,0.6,PFBA,-0.229150012007741,0.999077252564793,False,down
WBGene00007657,1,0.9666666666666667,PFBA,-0.231879153013434,0.999077252564793,False,down
WBGene00045475,1,1.0,PFBA,-0.0379250705472066,0.999404397974169,False,down
WBGene00018594,1,0.9666666666666667,PFBA,-0.0100679519512522,0.999490329331956,False,down
WBGene00011675,1,0.9333333333333333,PFBA,0.0330680824108281,0.999753646813204,False,up
WBGene00022497,1,0.6333333333333333,PFBA,-0.0154292868224889,0.99976082656573,False,down
WBGene00044416,1,1.0,PFBA,0.0304943688207491,0.999791059957646,False,up
WBGene00012593,1,0.8333333333333334,PFBA,0.0239153882768727,0.999791059957646,False,up
WBGene00015227,1,0.9666666666666667,PFBA,0.0190261820803519,0.999791059957646,False,up
WBGene00270320,1,1.0,PFBA,0.0161411522218408,0.999791059957646,False,up
WBGene00044663,1,0.9666666666666667,PFBA,0.0145181177327254,0.999791059957646,False,up
WBGene00008267,1,0.9666666666666667,PFBA,0.0101345903072501,0.999791059957646,False,up
WBGene00007778,1,0.9666666666666667,PFBA,0.009692737092772,0.999791059957646,False,up
WBGene00195177,1,0.9333333333333333,PFBA,0.0084731098981782,0.999791059957646,False,up
WBGene00008425,1,1.0,PFBA,0.0071444750823767,0.999791059957646,False,up
WBGene00017443,1,0.9666666666666667,PFBA,0.0062779619882157,0.999791059957646,False,up
WBGene00021518,1,1.0,PFBA,0.0061248857488011,0.999791059957646,False,up
WBGene00020580,1,0.9666666666666667,PFBA,0.0058085007480141,0.999791059957646,False,up
WBGene00019058,1,1.0,PFBA,0.0044417325216855,0.999791059957646,False,up
WBGene00016323,1,1.0,PFBA,0.0042269217422492,0.999791059957646,False,up
WBGene00018467,1,1.0,PFBA,0.0039871260187925,0.999791059957646,False,up
WBGene00018755,1,0.8666666666666667,PFBA,0.0039169131395862,0.999791059957646,False,up
WBGene00015557,1,0.9333333333333333,PFBA,0.002936864914307,0.999791059957646,False,up
WBGene00007153,1,1.0,PFBA,0.0028139080538965,0.999791059957646,False,up
WBGene00003624,1,1.0,PFBA,0.0027261591293346,0.999791059957646,False,up
WBGene00017650,1,0.6,PFBA,0.0019649955392354,0.999791059957646,False,up
WBGene00006423,1,0.8333333333333334,PFBA,0.0016363782442156,0.999791059957646,False,up
WBGene00002974,1,0.6,PFBA,0.0014682959088576,0.999791059957646,False,up
WBGene00001116,1,1.0,PFBA,0.0007331888642124,0.999791059957646,False,up
WBGene00007317,1,1.0,PFBA,0.0002994778872629,0.999791059957646,False,up
WBGene00004986,1,1.0,PFBA,-0.0001896818389446,0.999791059957646,False,down
WBGene00008019,1,1.0,PFBA,-0.0005074203733762,0.999791059957646,False,down
WBGene00022200,1,0.6,PFBA,-0.0008237399991221,0.999791059957646,False,down
WBGene00007228,1,0.9666666666666667,PFBA,-0.0012904477822955,0.999791059957646,False,down
WBGene00001034,1,1.0,PFBA,-0.001571920184442,0.999791059957646,False,down
WBGene00006918,1,0.7666666666666667,PFBA,-0.0017791104422332,0.999791059957646,False,down
WBGene00013959,1,0.6,PFBA,-0.0018556705604482,0.999791059957646,False,down
WBGene00015807,1,1.0,PFBA,-0.0021155885846597,0.999791059957646,False,down
WBGene00007090,1,0.8333333333333334,PFBA,-0.0028776945562563,0.999791059957646,False,down
WBGene00000985,1,1.0,PFBA,-0.0028990323979104,0.999791059957646,False,down
WBGene00008654,1,0.9666666666666667,PFBA,-0.0030786101587071,0.999791059957646,False,down
WBGene00011940,1,0.5333333333333333,PFBA,-0.0031433701996952,0.999791059957646,False,down
WBGene00007465,1,0.9666666666666667,PFBA,-0.0038010449350548,0.999791059957646,False,down
WBGene00001885,1,0.9,PFBA,-0.0043017437430386,0.999791059957646,False,down
WBGene00012592,1,0.6333333333333333,PFBA,-0.0043511685734619,0.999791059957646,False,down
WBGene00000420,1,0.8666666666666667,PFBA,-0.0044371810224824,0.999791059957646,False,down
WBGene00000418,1,0.6666666666666666,PFBA,-0.0046449640606965,0.999791059957646,False,down
WBGene00012035,1,0.9666666666666667,PFBA,-0.0049682598966566,0.999791059957646,False,down
WBGene00014252,1,0.9666666666666667,PFBA,-0.005212944919775,0.999791059957646,False,down
WBGene00015037,1,0.6333333333333333,PFBA,-0.0053369650759491,0.999791059957646,False,down
WBGene00005484,1,0.9666666666666667,PFBA,-0.0053397631990168,0.999791059957646,False,down
WBGene00007907,1,0.6333333333333333,PFBA,-0.0056098852724319,0.999791059957646,False,down
WBGene00044469,1,0.7,PFBA,-0.0063246934889216,0.999791059957646,False,down
WBGene00011886,1,1.0,PFBA,-0.0069357572371236,0.999791059957646,False,down
WBGene00013497,1,1.0,PFBA,-0.0071302948117596,0.999791059957646,False,down
WBGene00044067,1,0.9666666666666667,PFBA,-0.007734841740098,0.999791059957646,False,down
WBGene00007891,1,1.0,PFBA,-0.0082924666751354,0.999791059957646,False,down
WBGene00044132,1,1.0,PFBA,-0.0084961790796095,0.999791059957646,False,down
WBGene00015373,1,0.8666666666666667,PFBA,-0.0112280918589135,0.999791059957646,False,down
WBGene00017072,1,0.9333333333333333,PFBA,-0.0157494417446607,0.999791059957646,False,down
WBGene00045393,1,0.9666666666666667,PFBA,-0.0176659693570816,0.999791059957646,False,down
WBGene00020472,1,0.9666666666666667,PFBA,-0.0210881674158231,0.999791059957646,False,down
WBGene00001773,1,0.9666666666666667,PFBA,-0.0573221577799124,0.999791059957646,False,down
