WB_id,consensus_module,consensus_strength,chemical,logFC,FDR,is_detected,direction
WBGene00006351,2,0.9666666666666667,PFBS,1.21523272021972,1.35864021352436e-11,True,up
WBGene00013074,2,0.9666666666666667,PFBS,2.44332216927825,4.485952569640639e-11,True,up
WBGene00001243,2,1.0,PFBS,0.808398709270259,6.871855800687359e-11,True,up
WBGene00017691,2,0.6666666666666666,PFBS,-2.11460888439024,6.410504202482e-10,True,down
WBGene00015326,2,0.9333333333333333,PFBS,0.92728183156879,2.17424988435353e-09,True,up
WBGene00008494,2,1.0,PFBS,-2.05521578200077,1.62172992274331e-08,True,down
WBGene00000176,2,0.9333333333333333,PFBS,1.25003118482441,5.26943556621898e-08,True,up
WBGene00020756,2,0.9666666666666667,PFBS,0.566668058695055,2.17696100963303e-07,True,up
WBGene00009952,2,0.7,PFBS,0.676008943872831,5.53273235435401e-07,True,up
WBGene00013007,2,1.0,PFBS,-3.09746096090521,5.53273235435401e-07,True,down
WBGene00018398,2,0.9666666666666667,PFBS,0.543412138383143,1.21608070127244e-06,True,up
WBGene00020703,2,0.9333333333333333,PFBS,-0.461593683287363,1.26974983994928e-06,True,down
WBGene00010339,2,1.0,PFBS,0.535912786992751,3.05861618546733e-06,True,up
WBGene00003959,2,0.5333333333333333,PFBS,0.895522996696311,4.73846812620528e-06,True,up
WBGene00013088,2,0.9666666666666667,PFBS,2.19405756980753,5.90708229318856e-06,True,up
WBGene00008194,2,1.0,PFBS,0.477176491244182,7.02464676509857e-06,True,up
WBGene00007108,2,1.0,PFBS,0.426954279083792,8.16238344093136e-06,True,up
WBGene00001156,2,0.9666666666666667,PFBS,0.62792365585512,1.12805500486074e-05,True,up
WBGene00002183,2,0.8,PFBS,0.423388880968399,1.81714228662227e-05,True,up
WBGene00044488,2,0.9666666666666667,PFBS,1.30106919343777,2.37800109858433e-05,True,up
WBGene00010749,2,0.7,PFBS,0.59583602751891,2.42296321813044e-05,True,up
WBGene00001775,2,1.0,PFBS,-0.540070451092439,4.08750090901516e-05,True,down
WBGene00018823,2,1.0,PFBS,0.688750810010565,0.00011950639872,True,up
WBGene00007947,2,1.0,PFBS,1.76693685401616,0.0001503239532589,True,up
WBGene00011938,2,1.0,PFBS,-0.76924683475367,0.0001749894404494,True,down
WBGene00011932,2,1.0,PFBS,0.37730166263945,0.0002353795423682,True,up
WBGene00001239,2,0.9333333333333333,PFBS,-0.351878194097522,0.0002353795423682,True,down
WBGene00011222,2,1.0,PFBS,-0.361589867244647,0.0002509123830286,True,down
WBGene00008583,2,1.0,PFBS,-0.932458107806214,0.0003312358805199,True,down
WBGene00019495,2,1.0,PFBS,-0.589966320103584,0.0004213582243946,True,down
WBGene00007129,2,0.5666666666666667,PFBS,-0.349999773018916,0.0004257346046802,True,down
WBGene00000802,2,1.0,PFBS,-0.253435253808624,0.0004701247982415,True,down
WBGene00018911,2,1.0,PFBS,-1.00841931509726,0.0005015407729566,True,down
WBGene00016511,2,0.9333333333333333,PFBS,0.477743921453086,0.0005450656703879,True,up
WBGene00013073,2,0.9666666666666667,PFBS,0.997011225001043,0.0010024213934205,True,up
WBGene00000198,2,1.0,PFBS,0.421775965134836,0.0012188984679859,True,up
WBGene00019547,2,1.0,PFBS,-0.857550603953045,0.0012651879140908,True,down
WBGene00021359,2,1.0,PFBS,-0.51568002905633,0.0013336424323039,True,down
WBGene00011119,2,0.9333333333333333,PFBS,0.657736161829966,0.0015291751673176,True,up
WBGene00001244,2,1.0,PFBS,0.369982325524309,0.0018949233563125,True,up
WBGene00008483,2,1.0,PFBS,-0.769348996819284,0.0022649872595574,True,down
WBGene00000967,2,1.0,PFBS,-0.440546392898613,0.0024305439768221,True,down
WBGene00015707,2,1.0,PFBS,-1.23096908286124,0.0031172265497169,True,down
WBGene00010924,2,1.0,PFBS,-0.748283679483374,0.0035451543142559,True,down
WBGene00018138,2,1.0,PFBS,1.204500278053,0.0037646402270419,True,up
WBGene00020911,2,0.9666666666666667,PFBS,-0.835808250174958,0.0037892896325449,True,down
WBGene00016755,2,0.7666666666666667,PFBS,-0.833339933232028,0.0038126358749968,True,down
WBGene00009385,2,1.0,PFBS,-0.471345469467181,0.0043908051336338,True,down
WBGene00008607,2,1.0,PFBS,-0.349498788510894,0.0045802331152437,True,down
WBGene00021286,2,1.0,PFBS,0.294554063859425,0.0050209521266219,True,up
WBGene00000172,2,1.0,PFBS,0.357076287473141,0.0050506889206117,True,up
WBGene00022486,2,0.6333333333333333,PFBS,-0.710575650960797,0.0052298419628798,True,down
WBGene00000215,2,1.0,PFBS,-0.337925698616296,0.0055240805962916,True,down
WBGene00005131,2,1.0,PFBS,-0.917569745745061,0.0056035585815462,True,down
WBGene00013946,2,1.0,PFBS,-0.634007483614064,0.0063765773483823,True,down
WBGene00022276,2,0.8666666666666667,PFBS,0.248276184365842,0.0064593560531469,True,up
WBGene00008565,2,1.0,PFBS,-1.29323783514758,0.0067288948106552,True,down
WBGene00015932,2,0.9666666666666667,PFBS,1.46948828591845,0.0069424448729357,True,up
WBGene00019432,2,1.0,PFBS,-0.358405441375735,0.0070314979180431,True,down
WBGene00009431,2,1.0,PFBS,0.969141125501622,0.0072353699848325,True,up
WBGene00022230,2,0.8666666666666667,PFBS,0.565790431738016,0.0072353699848325,True,up
WBGene00003572,2,1.0,PFBS,0.429812810135179,0.00731354174697,True,up
WBGene00000719,2,1.0,PFBS,0.736440513873308,0.0074035835212046,True,up
WBGene00012176,2,0.9333333333333333,PFBS,-1.52515418295529,0.0075818016749639,True,down
WBGene00019345,2,1.0,PFBS,0.298088141910234,0.0081366101466334,True,up
WBGene00009515,2,1.0,PFBS,-0.704002094110813,0.0084091158813474,True,down
WBGene00001099,2,1.0,PFBS,0.317118541714546,0.0084877429431969,True,up
WBGene00001768,2,1.0,PFBS,0.696180824595703,0.0085285927776875,True,up
WBGene00021487,2,0.9666666666666667,PFBS,0.611256378429616,0.0087500411308384,True,up
WBGene00001385,2,1.0,PFBS,-0.272635374748281,0.0091173583374935,True,down
WBGene00010055,2,1.0,PFBS,0.40714030570567,0.0091805642658887,True,up
WBGene00019464,2,0.9333333333333333,PFBS,-0.463697563263799,0.0102148745612839,True,down
WBGene00013874,2,1.0,PFBS,-0.355608819711087,0.0111951272262528,True,down
WBGene00020268,2,1.0,PFBS,0.232077671623952,0.0113236085497384,True,up
WBGene00017719,2,1.0,PFBS,0.388961101570091,0.0128496788422672,True,up
WBGene00010116,2,1.0,PFBS,-0.390177470224666,0.0130080534168428,True,down
WBGene00000240,2,0.9333333333333333,PFBS,0.345011951414856,0.0131450049448632,True,up
WBGene00000720,2,0.9666666666666667,PFBS,0.676133083731001,0.0139835951193328,True,up
WBGene00007894,2,1.0,PFBS,-1.13887738582138,0.0139835951193328,True,down
WBGene00019973,2,1.0,PFBS,-0.406339306303294,0.0143940519267505,True,down
WBGene00009126,2,0.9666666666666667,PFBS,0.164040665419754,0.0149503434865077,True,up
WBGene00007220,2,1.0,PFBS,-0.42137754449495,0.0151530087673084,True,down
WBGene00000136,2,0.9333333333333333,PFBS,-0.594683341123275,0.0152159616678055,True,down
WBGene00018146,2,1.0,PFBS,-0.307549289855619,0.0170537029802261,True,down
WBGene00003768,2,1.0,PFBS,-0.935325996232533,0.0179323181041727,True,down
WBGene00008101,2,1.0,PFBS,0.349110356587333,0.0181026445606214,True,up
WBGene00010491,2,0.9666666666666667,PFBS,-0.405779056385174,0.0182204962583284,True,down
WBGene00007750,2,1.0,PFBS,-0.258436514973007,0.0183357383404628,True,down
WBGene00003664,2,0.9,PFBS,-0.806678244354296,0.0187077535092716,True,down
WBGene00007875,2,0.8333333333333334,PFBS,-0.655197989050341,0.0189097895589832,True,down
WBGene00015117,2,1.0,PFBS,-0.393692744272954,0.0191863182720682,True,down
WBGene00016325,2,0.9,PFBS,0.391155369625128,0.0199186062611553,True,up
WBGene00003837,2,1.0,PFBS,0.369212068487055,0.0200672722348397,True,up
WBGene00020258,2,1.0,PFBS,-0.472837487581973,0.0204428714705714,True,down
WBGene00006734,2,1.0,PFBS,0.211565133373977,0.0207950230149921,True,up
WBGene00014138,2,0.9666666666666667,PFBS,0.409858142860029,0.0215261872891675,True,up
WBGene00014186,2,0.9333333333333333,PFBS,-0.725482879081534,0.0219407214000735,True,down
WBGene00016151,2,0.7,PFBS,-0.287371500391304,0.0219918945898854,True,down
WBGene00012015,2,1.0,PFBS,0.325368753844577,0.0226243255811711,True,up
WBGene00013654,2,0.9333333333333333,PFBS,-0.390177210830303,0.0226243255811711,True,down
WBGene00008560,2,1.0,PFBS,-1.27355076029051,0.0226243255811711,True,down
WBGene00018071,2,1.0,PFBS,-0.385653067235269,0.0244294441336311,True,down
WBGene00018045,2,1.0,PFBS,-0.534585608823329,0.0254122652023258,True,down
WBGene00009179,2,0.9666666666666667,PFBS,-0.499046632144036,0.0266602190032814,True,down
WBGene00002043,2,1.0,PFBS,0.293361718438295,0.0271819596173131,True,up
WBGene00013101,2,0.9333333333333333,PFBS,1.34993488661968,0.0276022797739971,True,up
WBGene00015573,2,0.9333333333333333,PFBS,-0.992884890835719,0.0276184619279341,True,down
WBGene00001830,2,1.0,PFBS,-0.485611808431831,0.0278241337710997,True,down
WBGene00000732,2,0.9666666666666667,PFBS,1.01381395888781,0.0278649252151456,True,up
WBGene00016759,2,1.0,PFBS,0.30716692593767,0.0292169392443918,True,up
WBGene00015706,2,1.0,PFBS,-0.557433807581769,0.030077831786804,True,down
WBGene00003982,2,1.0,PFBS,0.355964544312375,0.0304480221804261,True,up
WBGene00007275,2,1.0,PFBS,0.489243994335729,0.0304881369719927,True,up
WBGene00010657,2,0.9666666666666667,PFBS,-0.716856208896179,0.0355670373916319,True,down
WBGene00016995,2,1.0,PFBS,0.495418373053888,0.036431121436378,True,up
WBGene00009469,2,1.0,PFBS,-0.387812938732982,0.036431121436378,True,down
WBGene00012883,2,0.9666666666666667,PFBS,-0.941048293850834,0.0366042845385655,True,down
WBGene00010319,2,0.9666666666666667,PFBS,-0.576959441567624,0.0378151713722502,True,down
WBGene00006709,2,1.0,PFBS,0.264342400805736,0.0382408435197444,True,up
WBGene00010214,2,0.9666666666666667,PFBS,-0.433529252138698,0.0401886543224359,True,down
WBGene00012698,2,0.9333333333333333,PFBS,-0.856212347911621,0.0406206428389876,True,down
WBGene00013947,2,1.0,PFBS,-0.799653122329016,0.0414156547592762,True,down
WBGene00004775,2,1.0,PFBS,-0.302652895065743,0.0420479327687369,True,down
WBGene00019273,2,1.0,PFBS,0.525958514797252,0.0422491089028572,True,up
WBGene00000837,2,0.9666666666666667,PFBS,0.138801613556951,0.0423184126757938,True,up
WBGene00019673,2,1.0,PFBS,-0.270664158844919,0.0427677040569565,True,down
WBGene00016020,2,0.9333333333333333,PFBS,0.252881357169081,0.0453672479402468,True,up
WBGene00020022,2,1.0,PFBS,0.283966486936644,0.0463329340654195,True,up
WBGene00017591,2,1.0,PFBS,0.27556650108032,0.0463329340654195,True,up
WBGene00044499,2,1.0,PFBS,-1.01927093497695,0.047765959859217,True,down
WBGene00007653,2,1.0,PFBS,-0.208777584861425,0.0485413916110901,True,down
WBGene00000218,2,0.7666666666666667,PFBS,-0.254718624234823,0.0511136178352437,False,down
WBGene00012408,2,1.0,PFBS,0.533093153824508,0.0531420140200823,False,up
WBGene00011291,2,0.9333333333333333,PFBS,-0.263940999594747,0.0537291400422613,False,down
WBGene00019977,2,1.0,PFBS,-0.733657067952184,0.0553563752957572,False,down
WBGene00020847,2,1.0,PFBS,-0.210947171938656,0.0556571782973785,False,down
WBGene00017101,2,1.0,PFBS,-0.368521275107504,0.0557026014333914,False,down
WBGene00016714,2,1.0,PFBS,-0.536732388913917,0.0586004076304499,False,down
WBGene00003210,2,1.0,PFBS,-0.186922541981575,0.0593438262512159,False,down
WBGene00044797,2,1.0,PFBS,-0.424967023396225,0.0613924062094292,False,down
WBGene00007536,2,1.0,PFBS,0.360467885269753,0.0663092983719301,False,up
WBGene00003422,2,1.0,PFBS,-0.361453307690562,0.0664117727477789,False,down
WBGene00007600,2,1.0,PFBS,-0.815092696448804,0.0670298749328366,False,down
WBGene00013872,2,1.0,PFBS,-0.424969507285982,0.0688412993011836,False,down
WBGene00011576,2,1.0,PFBS,-0.451436808844976,0.0695102115652378,False,down
WBGene00004020,2,1.0,PFBS,-0.394439584514387,0.0696016393056593,False,down
WBGene00001585,2,1.0,PFBS,-0.292046700440747,0.0699477743023625,False,down
WBGene00000858,2,0.9333333333333333,PFBS,0.230178736503076,0.0707153345969164,False,up
WBGene00009798,2,1.0,PFBS,0.396095834013196,0.0712204074900141,False,up
WBGene00008493,2,1.0,PFBS,-1.03943029657571,0.0737152928552647,False,down
WBGene00008042,2,1.0,PFBS,-0.58236596172237,0.075907037378235,False,down
WBGene00016676,2,1.0,PFBS,0.206313489853485,0.0761491395973193,False,up
WBGene00022683,2,0.9666666666666667,PFBS,0.345469859918461,0.076470753944634,False,up
WBGene00008594,2,0.9666666666666667,PFBS,0.253110410015472,0.076470753944634,False,up
WBGene00001909,2,1.0,PFBS,-0.17079275257965,0.076470753944634,False,down
WBGene00011524,2,0.9666666666666667,PFBS,-0.437474328039389,0.077215346033682,False,down
WBGene00020396,2,1.0,PFBS,-0.522058825774842,0.0781377719076312,False,down
WBGene00022042,2,1.0,PFBS,-0.133730549697597,0.0800274296879023,False,down
WBGene00017092,2,1.0,PFBS,1.06884618744306,0.0802067724476915,False,up
WBGene00012683,2,0.9666666666666667,PFBS,-1.18236888827686,0.0806753944027016,False,down
WBGene00003015,2,1.0,PFBS,-0.373725151196299,0.0807423842595941,False,down
WBGene00000557,2,1.0,PFBS,-0.358708189139503,0.0822305856076801,False,down
WBGene00009008,2,1.0,PFBS,0.308565039415398,0.082348642407629,False,up
WBGene00022158,2,0.9333333333333333,PFBS,-0.274064647600698,0.0824822123236927,False,down
WBGene00011275,2,1.0,PFBS,-0.526881468512976,0.0835510124735384,False,down
WBGene00011045,2,0.8666666666666667,PFBS,0.201115385420891,0.0841105656498776,False,up
WBGene00006897,2,1.0,PFBS,-0.447939415335944,0.0874941797473907,False,down
WBGene00008506,2,1.0,PFBS,0.240833888730604,0.0888428717978419,False,up
WBGene00004413,2,1.0,PFBS,-0.145523056932512,0.0888898511297538,False,down
WBGene00007729,2,0.5666666666666667,PFBS,0.51913149433797,0.0894502229947774,False,up
WBGene00021209,2,1.0,PFBS,0.148094782403637,0.0905548917249958,False,up
WBGene00000302,2,0.5333333333333333,PFBS,-0.345107888425647,0.0908642793379275,False,down
WBGene00017759,2,1.0,PFBS,-0.276867933584774,0.0908898959192536,False,down
WBGene00015332,2,1.0,PFBS,-0.701128953350901,0.0917980840989863,False,down
WBGene00001620,2,1.0,PFBS,0.271881052085632,0.0941274227805037,False,up
WBGene00015116,2,1.0,PFBS,-0.377650570875072,0.0944501904228266,False,down
WBGene00014106,2,0.9666666666666667,PFBS,0.39421857330579,0.0950563888476123,False,up
WBGene00019493,2,1.0,PFBS,0.189801522246726,0.0956548936721267,False,up
WBGene00008451,2,0.9666666666666667,PFBS,-0.375408203668235,0.0960140101922988,False,down
WBGene00014003,2,0.9666666666666667,PFBS,-0.652622373565278,0.0988674174831557,False,down
WBGene00000753,2,1.0,PFBS,0.411660087558435,0.0991987329410031,False,up
WBGene00017594,2,1.0,PFBS,0.642793823150767,0.100609163140092,False,up
WBGene00018237,2,1.0,PFBS,0.350606617375073,0.100609163140092,False,up
WBGene00007185,2,1.0,PFBS,-0.251206755759948,0.100609163140092,False,down
WBGene00014244,2,1.0,PFBS,-0.384365678009047,0.100609163140092,False,down
WBGene00006571,2,0.9666666666666667,PFBS,-0.374630986360802,0.100764109780854,False,down
WBGene00003729,2,0.9666666666666667,PFBS,0.39059344958025,0.102569325647232,False,up
WBGene00001997,2,0.9333333333333333,PFBS,-0.410851283486095,0.103206762663577,False,down
WBGene00003996,2,0.8,PFBS,0.165240914200099,0.104957580499201,False,up
WBGene00022737,2,0.5333333333333333,PFBS,-0.388429385089519,0.105599122476325,False,down
WBGene00004875,2,1.0,PFBS,-0.201223394486416,0.107307211432627,False,down
WBGene00012452,2,0.8,PFBS,-0.227946158140215,0.107559801447183,False,down
WBGene00004487,2,1.0,PFBS,-0.135785486298252,0.108202007307321,False,down
WBGene00015196,2,1.0,PFBS,-0.772042498710412,0.10898770175261,False,down
WBGene00007286,2,0.9666666666666667,PFBS,-0.595864463817652,0.111207611650517,False,down
WBGene00007988,2,0.9333333333333333,PFBS,0.397299397767344,0.111447013867347,False,up
WBGene00012344,2,1.0,PFBS,-0.122114296100197,0.112149037359505,False,down
WBGene00020662,2,1.0,PFBS,-0.196931125228909,0.112557581814256,False,down
WBGene00002269,2,1.0,PFBS,-0.276131801308134,0.112557581814256,False,down
WBGene00008385,2,1.0,PFBS,-0.278348516278416,0.112557581814256,False,down
WBGene00000699,2,1.0,PFBS,0.32481770181143,0.1149836904092,False,up
WBGene00012271,2,1.0,PFBS,-0.907644901458002,0.1149836904092,False,down
WBGene00015609,2,1.0,PFBS,0.239922840023736,0.116828056251726,False,up
WBGene00006585,2,0.7,PFBS,-0.250169155189209,0.116828056251726,False,down
WBGene00003242,2,0.9,PFBS,-0.182254117346515,0.118547634833132,False,down
WBGene00004044,2,1.0,PFBS,-0.330289910734553,0.119875557647547,False,down
WBGene00009432,2,1.0,PFBS,0.332751128634358,0.120178263999542,False,up
WBGene00007766,2,1.0,PFBS,-0.475726287412314,0.124227730972335,False,down
WBGene00022794,2,1.0,PFBS,-0.196295166888135,0.124731553349123,False,down
WBGene00019647,2,1.0,PFBS,-0.250875748517258,0.124814631718442,False,down
WBGene00012615,2,1.0,PFBS,-0.467939659674239,0.124814631718442,False,down
WBGene00016944,2,1.0,PFBS,-0.23893937640505,0.126880872280547,False,down
WBGene00017608,2,0.9666666666666667,PFBS,-0.170506512593614,0.126989757355155,False,down
WBGene00015064,2,1.0,PFBS,-0.35940851230399,0.127876416821067,False,down
WBGene00008511,2,0.9666666666666667,PFBS,-0.902724300280865,0.129467479048773,False,down
WBGene00011353,2,1.0,PFBS,-0.213867243400135,0.129576092320496,False,down
WBGene00015124,2,0.9666666666666667,PFBS,-0.304397249420115,0.129604581131293,False,down
WBGene00004448,2,1.0,PFBS,-0.184854252728454,0.130791312746181,False,down
WBGene00009187,2,1.0,PFBS,0.202647199407423,0.130805417449908,False,up
WBGene00009218,2,0.9333333333333333,PFBS,-0.24334278162976,0.131888405537088,False,down
WBGene00020347,2,1.0,PFBS,0.166550504951598,0.132031075380201,False,up
WBGene00012187,2,1.0,PFBS,-0.263491574760495,0.132921060348325,False,down
WBGene00000040,2,1.0,PFBS,0.173572546250235,0.133725427416161,False,up
WBGene00019655,2,1.0,PFBS,-0.603563369858811,0.134224254331305,False,down
WBGene00020256,2,1.0,PFBS,-0.38528050592715,0.135265655465864,False,down
WBGene00021325,2,1.0,PFBS,0.222653152094659,0.136663436894532,False,up
WBGene00021322,2,1.0,PFBS,0.261387297633702,0.136718819594084,False,up
WBGene00020006,2,1.0,PFBS,-0.206805133299942,0.136779168124566,False,down
WBGene00011102,2,1.0,PFBS,-0.157007352696754,0.137406479459449,False,down
WBGene00019767,2,1.0,PFBS,-0.164141768861478,0.137571230385241,False,down
WBGene00010638,2,0.9,PFBS,-0.284932806861739,0.137571230385241,False,down
WBGene00000520,2,0.9,PFBS,-0.170070199044133,0.137634508142591,False,down
WBGene00206487,2,0.9666666666666667,PFBS,-0.223617160677923,0.138122669416306,False,down
WBGene00007339,2,0.9666666666666667,PFBS,-0.374937181100556,0.138207636587792,False,down
WBGene00019832,2,1.0,PFBS,-0.241824334569718,0.138563128210369,False,down
WBGene00008118,2,1.0,PFBS,-0.32735066989697,0.138742970653632,False,down
WBGene00015189,2,0.9666666666666667,PFBS,-0.369829139432575,0.140015854843957,False,down
WBGene00004422,2,1.0,PFBS,-0.196583692936194,0.140288349736888,False,down
WBGene00012253,2,1.0,PFBS,-0.413957114119706,0.142730139866879,False,down
WBGene00004493,2,1.0,PFBS,-0.162882331051818,0.143606428644892,False,down
WBGene00011040,2,1.0,PFBS,0.236412524453818,0.145106680759518,False,up
WBGene00000213,2,0.8333333333333334,PFBS,-1.20193898409232,0.145368620801365,False,down
WBGene00000257,2,0.8,PFBS,-0.317468154432235,0.146730150273498,False,down
WBGene00013857,2,1.0,PFBS,-0.378004514640299,0.147838772706296,False,down
WBGene00018998,2,1.0,PFBS,-0.204885791340857,0.149851394115127,False,down
WBGene00045383,2,1.0,PFBS,-0.145145656665722,0.151448920748335,False,down
WBGene00022682,2,0.9666666666666667,PFBS,-0.27852338482804,0.151449787455321,False,down
WBGene00044043,2,0.9666666666666667,PFBS,-1.41556422469004,0.153448540949638,False,down
WBGene00000203,2,1.0,PFBS,-0.160002421150381,0.153549374453731,False,down
WBGene00004061,2,1.0,PFBS,0.279711935182063,0.155097690753569,False,up
WBGene00003735,2,1.0,PFBS,0.135350869245087,0.155097690753569,False,up
WBGene00000118,2,0.9333333333333333,PFBS,-0.243262955228078,0.156827982403771,False,down
WBGene00008882,2,1.0,PFBS,-0.153740518355189,0.157572325704219,False,down
WBGene00021973,2,1.0,PFBS,-0.15191058079308,0.15780406182399,False,down
WBGene00016282,2,1.0,PFBS,0.305927077024612,0.158683440284934,False,up
WBGene00013716,2,1.0,PFBS,-0.206736168925891,0.159730431156788,False,down
WBGene00008621,2,0.9666666666666667,PFBS,0.570258916835643,0.164126171590418,False,up
WBGene00015413,2,1.0,PFBS,0.16362208381379,0.164126171590418,False,up
WBGene00018488,2,1.0,PFBS,0.275564239981114,0.167130768310047,False,up
WBGene00018831,2,1.0,PFBS,-0.226907498611111,0.167835615010154,False,down
WBGene00016667,2,1.0,PFBS,0.730793201088547,0.168530214003676,False,up
WBGene00001975,2,1.0,PFBS,-0.178587168207585,0.169169014770508,False,down
WBGene00009787,2,0.8,PFBS,-0.403090813469868,0.169566245830188,False,down
WBGene00004721,2,0.5666666666666667,PFBS,-0.434528820386557,0.169663312944409,False,down
WBGene00009224,2,1.0,PFBS,-0.287224996207706,0.175044463665195,False,down
WBGene00012553,2,1.0,PFBS,-0.122887888048603,0.175291335667592,False,down
WBGene00000733,2,0.9333333333333333,PFBS,0.778847291534281,0.176286060350165,False,up
WBGene00007836,2,1.0,PFBS,-0.363779579826923,0.176332179516687,False,down
WBGene00010333,2,1.0,PFBS,-0.166391239467183,0.179931550715283,False,down
WBGene00001772,2,0.6,PFBS,0.287913675657463,0.180563338397783,False,up
WBGene00012888,2,1.0,PFBS,-0.298200753879294,0.180563338397783,False,down
WBGene00010340,2,1.0,PFBS,0.257056842886667,0.18470027936378,False,up
WBGene00022336,2,1.0,PFBS,-0.151081936308963,0.185555128357116,False,down
WBGene00001805,2,0.9333333333333333,PFBS,-0.540622994658936,0.188248571551009,False,down
WBGene00004436,2,1.0,PFBS,-0.143363483091165,0.191905151401182,False,down
WBGene00001236,2,1.0,PFBS,0.134787292515384,0.19230475899573,False,up
WBGene00011156,2,1.0,PFBS,-0.303349537962158,0.19230475899573,False,down
WBGene00020517,2,0.9666666666666667,PFBS,0.1511943596964,0.193526140092982,False,up
WBGene00004125,2,1.0,PFBS,-0.174436129101323,0.193526140092982,False,down
WBGene00023067,2,1.0,PFBS,-0.416217703061521,0.193526140092982,False,down
WBGene00000691,2,1.0,PFBS,0.295106061173776,0.195060619969273,False,up
WBGene00004499,2,1.0,PFBS,-0.162459584180125,0.195332967030501,False,down
WBGene00016920,2,0.5333333333333333,PFBS,-0.305327609620404,0.195332967030501,False,down
WBGene00012433,2,1.0,PFBS,-0.712237887810046,0.195332967030501,False,down
WBGene00004419,2,1.0,PFBS,-0.117517767181882,0.195495797355373,False,down
WBGene00015019,2,0.6333333333333333,PFBS,-0.86994418638202,0.196084520494331,False,down
WBGene00020628,2,0.9333333333333333,PFBS,0.111863255699974,0.196348719803823,False,up
WBGene00017362,2,1.0,PFBS,-0.198149564032169,0.196782697129321,False,down
WBGene00012758,2,0.6,PFBS,-0.237297951957466,0.197059221114424,False,down
WBGene00011522,2,0.9666666666666667,PFBS,0.210328446639962,0.198559865675664,False,up
WBGene00007136,2,0.9333333333333333,PFBS,-0.380546088985579,0.19965798164219,False,down
WBGene00012923,2,0.9666666666666667,PFBS,-0.386632382904387,0.199984251327433,False,down
WBGene00018928,2,1.0,PFBS,-0.643009734238762,0.20091240956116,False,down
WBGene00016934,2,0.9,PFBS,0.227282243757395,0.201179929253219,False,up
WBGene00012291,2,1.0,PFBS,-0.239968877495853,0.203069617331819,False,down
WBGene00022770,2,1.0,PFBS,-0.346211564779948,0.203201102779743,False,down
WBGene00015713,2,0.8666666666666667,PFBS,0.284088622409506,0.206416733226249,False,up
WBGene00017241,2,1.0,PFBS,0.285450829811006,0.207038024707739,False,up
WBGene00012543,2,1.0,PFBS,-0.109476014521095,0.207623201669329,False,down
WBGene00018491,2,0.9333333333333333,PFBS,0.165233449629804,0.208047621613053,False,up
WBGene00009113,2,1.0,PFBS,-0.275748123980979,0.208992844896669,False,down
WBGene00012228,2,0.9666666666666667,PFBS,-0.366859905577263,0.20933094251769,False,down
WBGene00020507,2,1.0,PFBS,0.116376192684962,0.210013024817517,False,up
WBGene00000417,2,1.0,PFBS,-0.355854795366325,0.210470730840797,False,down
WBGene00019321,2,1.0,PFBS,-0.325566669625982,0.210638216709772,False,down
WBGene00004887,2,0.9666666666666667,PFBS,-0.196632243120684,0.211086936904489,False,down
WBGene00011273,2,1.0,PFBS,-0.123687721381527,0.212637891912028,False,down
WBGene00012529,2,1.0,PFBS,0.186853724820143,0.212956326504602,False,up
WBGene00008923,2,0.9333333333333333,PFBS,-0.175403598427849,0.212956326504602,False,down
WBGene00003161,2,1.0,PFBS,-0.360924613548193,0.213189292981932,False,down
WBGene00002045,2,1.0,PFBS,-0.114556668062341,0.214071120962226,False,down
WBGene00011556,2,0.9666666666666667,PFBS,0.302663613154464,0.215418056001587,False,up
WBGene00011648,2,1.0,PFBS,-0.16934195218541,0.215678704778077,False,down
WBGene00001819,2,1.0,PFBS,-0.186405696764936,0.215827264489798,False,down
WBGene00007955,2,1.0,PFBS,0.140656844793613,0.218757606392524,False,up
WBGene00019368,2,1.0,PFBS,-0.754910981122251,0.221643792922726,False,down
WBGene00000594,2,1.0,PFBS,0.289216831036521,0.221847733188537,False,up
WBGene00003417,2,1.0,PFBS,-0.257509651263242,0.222801816074971,False,down
WBGene00019005,2,1.0,PFBS,-0.205398965289854,0.22475362735933,False,down
WBGene00014132,2,0.9,PFBS,0.812853631781298,0.225576670840974,False,up
WBGene00012635,2,1.0,PFBS,-1.18707074628125,0.226811402240408,False,down
WBGene00006440,2,1.0,PFBS,-0.379197838007017,0.227212474887404,False,down
WBGene00004297,2,1.0,PFBS,-0.300741609216527,0.231188805941688,False,down
WBGene00022865,2,1.0,PFBS,-0.217747643892186,0.231724854209746,False,down
WBGene00018070,2,0.9333333333333333,PFBS,-0.361761981782265,0.231974823473703,False,down
WBGene00044638,2,1.0,PFBS,-0.560893885083507,0.241100045634875,False,down
WBGene00004495,2,1.0,PFBS,-0.166830982280516,0.241450583073307,False,down
WBGene00015793,2,1.0,PFBS,0.156841309075659,0.24180806128474,False,up
WBGene00014054,2,1.0,PFBS,0.145630484428778,0.242513026127447,False,up
WBGene00006674,2,1.0,PFBS,-0.339546282342969,0.242943836694438,False,down
WBGene00004417,2,1.0,PFBS,-0.104604620411572,0.243230515778082,False,down
WBGene00013406,2,1.0,PFBS,-0.25929215129378,0.245192529731814,False,down
WBGene00004859,2,1.0,PFBS,0.206240648985478,0.246894163987915,False,up
WBGene00020977,2,0.9666666666666667,PFBS,-0.708283314919628,0.247030719962029,False,down
WBGene00013463,2,0.9666666666666667,PFBS,-0.117122750242591,0.250800979181283,False,down
WBGene00007237,2,0.9333333333333333,PFBS,-0.211589441371469,0.250800979181283,False,down
WBGene00019361,2,0.9666666666666667,PFBS,-0.180852709579206,0.25082742364554,False,down
WBGene00018154,2,1.0,PFBS,-0.141930525520514,0.251037479000688,False,down
WBGene00010263,2,1.0,PFBS,-0.349226732152496,0.251417290142963,False,down
WBGene00010197,2,1.0,PFBS,-0.146530550402249,0.251755000559279,False,down
WBGene00001713,2,0.9666666666666667,PFBS,0.275806507399313,0.252001551915336,False,up
WBGene00021603,2,0.9666666666666667,PFBS,-0.561501217132948,0.252089379722505,False,down
WBGene00021852,2,1.0,PFBS,-0.13922376910917,0.253566938867527,False,down
WBGene00012768,2,0.9666666666666667,PFBS,-0.141065445447711,0.253566938867527,False,down
WBGene00009688,2,1.0,PFBS,-0.152490218893757,0.253566938867527,False,down
WBGene00007728,2,1.0,PFBS,-0.41393560906251,0.253566938867527,False,down
WBGene00185102,2,0.9666666666666667,PFBS,-0.513416123259074,0.253826242812356,False,down
WBGene00019729,2,0.9,PFBS,-0.195845961114477,0.25448950320234,False,down
WBGene00019838,2,1.0,PFBS,-0.22725548454565,0.255157461892011,False,down
WBGene00011193,2,1.0,PFBS,-0.233294003243231,0.255157461892011,False,down
WBGene00008386,2,1.0,PFBS,-0.125305379018686,0.256450973741492,False,down
WBGene00004409,2,1.0,PFBS,-0.159679783874495,0.257912369445344,False,down
WBGene00022357,2,1.0,PFBS,-0.414801062172291,0.259207102985371,False,down
WBGene00004489,2,1.0,PFBS,-0.120666689618038,0.260724259458022,False,down
WBGene00004428,2,1.0,PFBS,-0.0995395888879156,0.261584217515081,False,down
WBGene00001214,2,1.0,PFBS,-0.243778966600867,0.262283916193494,False,down
WBGene00000532,2,1.0,PFBS,0.118683245364371,0.263237808368963,False,up
WBGene00003957,2,0.7666666666666667,PFBS,0.438845703091298,0.263483931458212,False,up
WBGene00020557,2,1.0,PFBS,-0.222706178762289,0.263707970143876,False,down
WBGene00004440,2,1.0,PFBS,-0.148670265227085,0.264149903312523,False,down
WBGene00001241,2,0.9333333333333333,PFBS,0.28435744077452,0.264366008989358,False,up
WBGene00004753,2,1.0,PFBS,0.128750563350726,0.264837309492897,False,up
WBGene00000674,2,1.0,PFBS,-0.159890942606497,0.266179775823344,False,down
WBGene00003129,2,1.0,PFBS,-0.186132532104896,0.267119416846118,False,down
WBGene00195063,2,1.0,PFBS,-0.248221984914743,0.26715912870438,False,down
WBGene00010027,2,1.0,PFBS,-0.603322148444767,0.268292343621226,False,down
WBGene00001247,2,1.0,PFBS,0.214418781195747,0.269065330715088,False,up
WBGene00008097,2,1.0,PFBS,-0.28497535098081,0.269065330715088,False,down
WBGene00001998,2,0.9666666666666667,PFBS,-0.397015912217864,0.269065330715088,False,down
WBGene00015767,2,0.9666666666666667,PFBS,0.135774146339152,0.269915944196741,False,up
WBGene00008400,2,1.0,PFBS,-0.159262726688333,0.269915944196741,False,down
WBGene00004256,2,1.0,PFBS,0.204225383979844,0.270432368448207,False,up
WBGene00020894,2,1.0,PFBS,-0.408956704172374,0.270472490904493,False,down
WBGene00004408,2,1.0,PFBS,-0.0920261624427491,0.271284975112004,False,down
WBGene00022773,2,1.0,PFBS,-0.340165396556704,0.271284975112004,False,down
WBGene00012407,2,1.0,PFBS,-0.193479425781877,0.271811884661586,False,down
WBGene00017344,2,0.9666666666666667,PFBS,-0.213155499831035,0.272807864824846,False,down
WBGene00001372,2,1.0,PFBS,-0.275591328866837,0.272807864824846,False,down
WBGene00001813,2,1.0,PFBS,0.131300175701852,0.273156292690289,False,up
WBGene00007254,2,1.0,PFBS,0.224965481783452,0.274053491913172,False,up
WBGene00019146,2,1.0,PFBS,0.389842513645186,0.274060887889213,False,up
WBGene00012657,2,1.0,PFBS,-0.288454170202242,0.274329775432138,False,down
WBGene00018025,2,0.9666666666666667,PFBS,0.189774368407709,0.274931563186312,False,up
WBGene00020553,2,0.7666666666666667,PFBS,-0.136044390571575,0.275477432521168,False,down
WBGene00004420,2,1.0,PFBS,-0.109797938941923,0.278334514618547,False,down
WBGene00004432,2,1.0,PFBS,-0.11098948421957,0.279418265064722,False,down
WBGene00008595,2,1.0,PFBS,0.169543972617066,0.280650763467569,False,up
WBGene00022517,2,1.0,PFBS,-0.493787982560507,0.281705606422108,False,down
WBGene00018350,2,1.0,PFBS,-0.171598377255119,0.283553237127547,False,down
WBGene00022382,2,1.0,PFBS,0.191130108996354,0.283974354776796,False,up
WBGene00016421,2,1.0,PFBS,-0.423774708375664,0.283974354776796,False,down
WBGene00004472,2,1.0,PFBS,-0.128241102548919,0.284838516441818,False,down
WBGene00011155,2,1.0,PFBS,-0.355545478330562,0.285292671732103,False,down
WBGene00002205,2,1.0,PFBS,0.333896162256175,0.2863749111429,False,up
WBGene00007214,2,0.7,PFBS,-0.267566170167309,0.287230269085341,False,down
WBGene00011707,2,1.0,PFBS,-0.213941135232983,0.287277240915351,False,down
WBGene00015347,2,1.0,PFBS,-0.154878182295435,0.288530369958229,False,down
WBGene00014251,2,1.0,PFBS,0.401709652212355,0.291385958653426,False,up
WBGene00013094,2,0.9666666666666667,PFBS,-0.113918129248005,0.291385958653426,False,down
WBGene00000881,2,0.6,PFBS,-0.200970335130677,0.291385958653426,False,down
WBGene00003958,2,1.0,PFBS,-0.302247125627732,0.291385958653426,False,down
WBGene00009884,2,0.9333333333333333,PFBS,-0.383661459949097,0.291385958653426,False,down
WBGene00009223,2,0.9333333333333333,PFBS,-0.185401278186557,0.29273621728177,False,down
WBGene00019822,2,0.8333333333333334,PFBS,-0.123362165923918,0.293182347623472,False,down
WBGene00012976,2,1.0,PFBS,-0.274323432167458,0.293377101854754,False,down
WBGene00015403,2,0.9666666666666667,PFBS,-0.261346773107482,0.293604284325621,False,down
WBGene00021020,2,1.0,PFBS,0.22121540528648,0.294355579809632,False,up
WBGene00019630,2,0.9333333333333333,PFBS,-0.40699787788983,0.294987627925834,False,down
WBGene00009575,2,1.0,PFBS,-0.142079222141933,0.295108442695714,False,down
WBGene00011410,2,0.9333333333333333,PFBS,0.139816452236169,0.295894380765671,False,up
WBGene00000264,2,1.0,PFBS,-0.316599566735368,0.296078738642089,False,down
WBGene00004424,2,1.0,PFBS,-0.11648986845213,0.296240961486853,False,down
WBGene00022694,2,1.0,PFBS,-0.209528752188101,0.296423283688038,False,down
WBGene00020246,2,0.9666666666666667,PFBS,-0.0950759629491855,0.296668202504391,False,down
WBGene00007500,2,1.0,PFBS,-0.213568193628962,0.296668202504391,False,down
WBGene00009069,2,1.0,PFBS,-0.465910841094989,0.296668202504391,False,down
WBGene00020782,2,1.0,PFBS,-0.170508432724269,0.296979943002547,False,down
WBGene00016145,2,1.0,PFBS,-0.178181765993306,0.296992773550354,False,down
WBGene00006725,2,1.0,PFBS,-0.120661690363089,0.297228101187225,False,down
WBGene00004431,2,1.0,PFBS,-0.124810161135872,0.297228101187225,False,down
WBGene00009145,2,0.9,PFBS,-0.20646140479002,0.297228101187225,False,down
WBGene00021467,2,0.9666666666666667,PFBS,-0.15379271549311,0.298350866436736,False,down
WBGene00000002,2,1.0,PFBS,-0.235910761735477,0.299313461209324,False,down
WBGene00021226,2,1.0,PFBS,0.551033815555462,0.300931758280821,False,up
WBGene00018599,2,1.0,PFBS,-0.127606940618511,0.301187707414897,False,down
WBGene00006381,2,1.0,PFBS,-0.192616315036524,0.302671583261434,False,down
WBGene00006540,2,1.0,PFBS,-0.127426856405756,0.306700436982623,False,down
WBGene00044117,2,1.0,PFBS,0.735835642222205,0.307956123706033,False,up
WBGene00017514,2,1.0,PFBS,0.207926989154572,0.308873866845252,False,up
WBGene00021024,2,1.0,PFBS,-0.145460367482052,0.310875706704281,False,down
WBGene00271715,2,1.0,PFBS,0.351884132574276,0.311220132302008,False,up
WBGene00014075,2,1.0,PFBS,-0.129409662016302,0.311762578106197,False,down
WBGene00004429,2,1.0,PFBS,-0.110246648160141,0.313138222109607,False,down
WBGene00003523,2,0.9666666666666667,PFBS,-0.70060133809336,0.313855317335736,False,down
WBGene00015207,2,1.0,PFBS,-0.134667593001106,0.313926807471056,False,down
WBGene00021917,2,1.0,PFBS,-0.206078701945377,0.315278094221843,False,down
WBGene00302991,2,0.9333333333333333,PFBS,-0.518095654246165,0.31545286268596,False,down
WBGene00010130,2,1.0,PFBS,0.110568120208005,0.316693470127222,False,up
WBGene00004016,2,1.0,PFBS,-0.155309288109132,0.317003599340679,False,down
WBGene00007023,2,0.9666666666666667,PFBS,-0.120584829278092,0.317600272378916,False,down
WBGene00016838,2,1.0,PFBS,-0.181306386545493,0.318803023352001,False,down
WBGene00012464,2,1.0,PFBS,0.238951674359019,0.319101219511985,False,up
WBGene00009082,2,1.0,PFBS,0.111909949878481,0.319249512041449,False,up
WBGene00004469,2,1.0,PFBS,-0.0925288145361162,0.319249512041449,False,down
WBGene00015582,2,0.9666666666666667,PFBS,-0.735097234003325,0.319249512041449,False,down
WBGene00019213,2,0.8666666666666667,PFBS,0.274744213778227,0.319593802332973,False,up
WBGene00044074,2,1.0,PFBS,-0.744384369704997,0.321695259066465,False,down
WBGene00003239,2,0.9,PFBS,0.133660242082381,0.322178497442658,False,up
WBGene00006804,2,1.0,PFBS,-0.176252822292753,0.323112411143471,False,down
WBGene00017149,2,0.8666666666666667,PFBS,-0.293926581552009,0.323678904390959,False,down
WBGene00007994,2,0.9666666666666667,PFBS,-0.301387085042743,0.324378433150686,False,down
WBGene00004412,2,1.0,PFBS,-0.0905501354717976,0.325138133041113,False,down
WBGene00017891,2,1.0,PFBS,0.107059913986196,0.325770038199891,False,up
WBGene00018187,2,1.0,PFBS,-0.105101128158528,0.325929951088026,False,down
WBGene00015392,2,0.9,PFBS,0.48523277384311,0.3283347392501,False,up
WBGene00015135,2,0.9333333333333333,PFBS,-0.760347347131573,0.328787563726867,False,down
WBGene00001974,2,0.9,PFBS,-0.133845135808356,0.329142497527185,False,down
WBGene00008173,2,0.9333333333333333,PFBS,-0.320734468451343,0.329816850811344,False,down
WBGene00006067,2,1.0,PFBS,-0.145745800107341,0.32993606958927,False,down
WBGene00022025,2,1.0,PFBS,-0.162686557091634,0.329996125080654,False,down
WBGene00007692,2,1.0,PFBS,-0.234895716394023,0.330774501881028,False,down
WBGene00008964,2,0.9666666666666667,PFBS,-0.864753408802116,0.332629745464588,False,down
WBGene00009148,2,1.0,PFBS,-0.435764506014415,0.332702121028491,False,down
WBGene00017535,2,1.0,PFBS,-0.848178634738388,0.332702121028491,False,down
WBGene00004910,2,1.0,PFBS,-0.145257627779353,0.33362899110312,False,down
WBGene00020191,2,1.0,PFBS,-0.24529330009865,0.33375905690924,False,down
WBGene00015922,2,0.9666666666666667,PFBS,0.137666647569544,0.33441520063454,False,up
WBGene00013514,2,1.0,PFBS,-0.271879828324222,0.334828624523677,False,down
WBGene00022195,2,1.0,PFBS,0.126556356139107,0.334980202709075,False,up
WBGene00007089,2,1.0,PFBS,-0.107030051185673,0.334980202709075,False,down
WBGene00010044,2,1.0,PFBS,-0.173876338668298,0.334980202709075,False,down
WBGene00015695,2,1.0,PFBS,-0.259844991561604,0.334980202709075,False,down
WBGene00000539,2,1.0,PFBS,-0.318146577902841,0.335647712573469,False,down
WBGene00007880,2,1.0,PFBS,-0.13409280719153,0.336545610141278,False,down
WBGene00004477,2,1.0,PFBS,-0.112054250716023,0.337258270587071,False,down
WBGene00045305,2,1.0,PFBS,0.592616410518823,0.337273993473698,False,up
WBGene00017707,2,1.0,PFBS,-0.59029718802002,0.338218123121785,False,down
WBGene00004454,2,1.0,PFBS,-0.181055331817946,0.338494548778706,False,down
WBGene00022613,2,1.0,PFBS,0.1218769999679,0.338927676117965,False,up
WBGene00000227,2,1.0,PFBS,0.104751599074632,0.338927676117965,False,up
WBGene00002058,2,0.9666666666666667,PFBS,-0.250780381740328,0.338927676117965,False,down
WBGene00000513,2,1.0,PFBS,-0.33823138605152,0.338927676117965,False,down
WBGene00004060,2,1.0,PFBS,-0.149047775986311,0.339221800927082,False,down
WBGene00018152,2,1.0,PFBS,-0.20777783299578,0.340174468220904,False,down
WBGene00002088,2,0.7333333333333333,PFBS,0.275929006559929,0.341220211480646,False,up
WBGene00002044,2,1.0,PFBS,0.158811582447952,0.341220211480646,False,up
WBGene00007139,2,0.9666666666666667,PFBS,-0.122141865427265,0.341220211480646,False,down
WBGene00021849,2,0.8666666666666667,PFBS,-0.124657839073798,0.341220211480646,False,down
WBGene00011635,2,1.0,PFBS,-0.198674646961899,0.341220211480646,False,down
WBGene00004452,2,1.0,PFBS,-0.242915979306813,0.341220211480646,False,down
WBGene00004438,2,0.9333333333333333,PFBS,-0.142921501900178,0.341436520582995,False,down
WBGene00001038,2,1.0,PFBS,0.110580983457767,0.34214258922535,False,up
WBGene00010305,2,0.9666666666666667,PFBS,-0.185595275921447,0.343673070550489,False,down
WBGene00008986,2,1.0,PFBS,0.247949646886582,0.343909735885402,False,up
WBGene00016659,2,1.0,PFBS,-0.43390242138611,0.34431213652014,False,down
WBGene00007679,2,1.0,PFBS,0.183989013731374,0.3449268926431,False,up
WBGene00007223,2,1.0,PFBS,-0.164903348932155,0.3449268926431,False,down
WBGene00008110,2,1.0,PFBS,0.137989440189711,0.345430876513875,False,up
WBGene00004931,2,1.0,PFBS,-0.13774139371579,0.34631007121053,False,down
WBGene00000265,2,1.0,PFBS,-0.253482943004073,0.34631007121053,False,down
WBGene00009119,2,1.0,PFBS,-0.115628679074106,0.347110283968581,False,down
WBGene00007112,2,1.0,PFBS,-0.307695631139843,0.347110283968581,False,down
WBGene00001501,2,1.0,PFBS,-0.167791274115166,0.347247412589727,False,down
WBGene00001843,2,1.0,PFBS,0.210143044510095,0.347373031949099,False,up
WBGene00015206,2,1.0,PFBS,0.123848971245754,0.347373031949099,False,up
WBGene00019868,2,0.9,PFBS,-0.302435906618406,0.349278854868375,False,down
WBGene00010698,2,0.9666666666666667,PFBS,0.802031834652578,0.349303071055953,False,up
WBGene00015029,2,1.0,PFBS,-0.172836013972792,0.349303071055953,False,down
WBGene00022368,2,1.0,PFBS,-0.17431847796611,0.349655868176818,False,down
WBGene00020183,2,0.5666666666666667,PFBS,-0.188383354913968,0.349855943302669,False,down
WBGene00010780,2,1.0,PFBS,0.170498596676427,0.350662378395843,False,up
WBGene00004337,2,1.0,PFBS,-0.161159769377072,0.350662378395843,False,down
WBGene00009768,2,0.9333333333333333,PFBS,-0.472648238492385,0.351540599171979,False,down
WBGene00018964,2,1.0,PFBS,-0.233228084032552,0.352456614429919,False,down
WBGene00016258,2,1.0,PFBS,0.0978500024854175,0.352520590577169,False,up
WBGene00194680,2,1.0,PFBS,-0.346758692414681,0.352682787355844,False,down
WBGene00006524,2,0.9333333333333333,PFBS,-0.130236294254801,0.352708900892765,False,down
WBGene00004427,2,1.0,PFBS,-0.0916162238861589,0.353461110914187,False,down
WBGene00019940,2,1.0,PFBS,-0.111767521762843,0.355067237070594,False,down
WBGene00004425,2,1.0,PFBS,-0.0874881230265296,0.355276025822068,False,down
WBGene00014086,2,0.9333333333333333,PFBS,-0.0892271761703695,0.355730059991734,False,down
WBGene00004447,2,1.0,PFBS,-0.126605156216518,0.35576231197133,False,down
WBGene00011071,2,1.0,PFBS,0.100677625384143,0.356210682680757,False,up
WBGene00004491,2,1.0,PFBS,-0.123467722334407,0.356810364502345,False,down
WBGene00001328,2,1.0,PFBS,-0.149569458248886,0.357042805040756,False,down
WBGene00007474,2,0.9666666666666667,PFBS,-0.229823989668047,0.357461192663767,False,down
WBGene00007266,2,0.6666666666666666,PFBS,-0.179468997573695,0.359021509641434,False,down
WBGene00007683,2,0.9,PFBS,-0.131206500928259,0.359227231829075,False,down
WBGene00011110,2,1.0,PFBS,-0.10275137228299,0.359457175283386,False,down
WBGene00003576,2,0.9666666666666667,PFBS,-0.187576634601872,0.359457175283386,False,down
WBGene00013755,2,1.0,PFBS,-0.253872789230318,0.359457175283386,False,down
WBGene00008683,2,0.9666666666666667,PFBS,-0.141636868079227,0.359744011107201,False,down
WBGene00045272,2,0.9666666666666667,PFBS,-0.296659930669181,0.359779266887661,False,down
WBGene00002050,2,1.0,PFBS,-0.166444949820863,0.359898636253991,False,down
WBGene00000371,2,1.0,PFBS,-0.111541844735803,0.360882404825296,False,down
WBGene00018487,2,1.0,PFBS,0.32707149575104,0.360925856325556,False,up
WBGene00016418,2,1.0,PFBS,0.150409035639462,0.360925856325556,False,up
WBGene00000269,2,0.9333333333333333,PFBS,0.111220955021169,0.360925856325556,False,up
WBGene00021350,2,1.0,PFBS,-0.111953906994747,0.360925856325556,False,down
WBGene00012645,2,1.0,PFBS,-0.128787792310222,0.360925856325556,False,down
WBGene00016590,2,1.0,PFBS,-0.382200852893932,0.360925856325556,False,down
WBGene00013669,2,1.0,PFBS,-0.190980922941422,0.361791676830356,False,down
WBGene00013938,2,1.0,PFBS,-0.557778975233749,0.363035257399927,False,down
WBGene00008336,2,0.9666666666666667,PFBS,-0.266853158940997,0.363503442669993,False,down
WBGene00012891,2,1.0,PFBS,-0.117208793101399,0.365238488532852,False,down
WBGene00011743,2,0.6666666666666666,PFBS,-0.188055255159301,0.367123873823307,False,down
WBGene00006728,2,1.0,PFBS,-0.124634995423026,0.367772008173736,False,down
WBGene00017246,2,1.0,PFBS,0.288987521431013,0.367881144066932,False,up
WBGene00004443,2,1.0,PFBS,-0.234805564216222,0.368950678917523,False,down
WBGene00000071,2,1.0,PFBS,0.189465276418165,0.369277317675955,False,up
WBGene00007687,2,1.0,PFBS,-0.25574472434241,0.369277317675955,False,down
WBGene00012371,2,0.9666666666666667,PFBS,-0.328072493109575,0.369277317675955,False,down
WBGene00020579,2,1.0,PFBS,0.192248982710344,0.370824337546103,False,up
WBGene00011334,2,0.8666666666666667,PFBS,-0.139875394199669,0.371279941036614,False,down
WBGene00002138,2,0.8,PFBS,-0.153460334392841,0.371287590901261,False,down
WBGene00019937,2,1.0,PFBS,-0.158332353407385,0.371287590901261,False,down
WBGene00004498,2,0.9,PFBS,-0.259524914266081,0.371287590901261,False,down
WBGene00020399,2,0.9,PFBS,-0.172756077814568,0.372065764793917,False,down
WBGene00002985,2,0.9666666666666667,PFBS,-0.180476206898108,0.372432507998845,False,down
WBGene00004418,2,1.0,PFBS,-0.0820192918840816,0.372633988222157,False,down
WBGene00003917,2,0.9666666666666667,PFBS,-0.175785703357545,0.373466113268578,False,down
WBGene00004483,2,1.0,PFBS,-0.125281179658369,0.373521787056102,False,down
WBGene00015011,2,1.0,PFBS,-0.168062423901616,0.373521787056102,False,down
WBGene00021856,2,1.0,PFBS,-0.123055086625622,0.374466456459072,False,down
WBGene00022800,2,1.0,PFBS,0.10859557481371,0.374791157849471,False,up
WBGene00021884,2,1.0,PFBS,-0.312991905188932,0.374791157849471,False,down
WBGene00002068,2,0.8,PFBS,-0.315942962170977,0.374791157849471,False,down
WBGene00018343,2,1.0,PFBS,-0.535040772953744,0.374978606899893,False,down
WBGene00007184,2,1.0,PFBS,-0.0969031109049334,0.375139288143477,False,down
WBGene00003407,2,1.0,PFBS,0.0969042332021367,0.375806152522238,False,up
WBGene00016624,2,1.0,PFBS,-0.150532353922772,0.375923262149288,False,down
WBGene00021529,2,0.6666666666666666,PFBS,-0.455785116739544,0.375923262149288,False,down
WBGene00020550,2,1.0,PFBS,-0.418634222987396,0.378013887583178,False,down
WBGene00016655,2,1.0,PFBS,0.1898403362209,0.381534841890875,False,up
WBGene00022231,2,1.0,PFBS,0.136709935420677,0.381534841890875,False,up
WBGene00017075,2,0.9333333333333333,PFBS,-0.127142436847406,0.381534841890875,False,down
WBGene00011589,2,1.0,PFBS,-0.149779724014866,0.381534841890875,False,down
WBGene00004953,2,1.0,PFBS,-0.16653308237685,0.381534841890875,False,down
WBGene00010403,2,1.0,PFBS,-0.63707260406897,0.381534841890875,False,down
WBGene00015092,2,1.0,PFBS,-0.125303811106455,0.384066726557372,False,down
WBGene00022665,2,1.0,PFBS,0.265373325397166,0.384652002414056,False,up
WBGene00016154,2,0.9666666666666667,PFBS,-0.127358545779841,0.384712416908267,False,down
WBGene00002363,2,0.7,PFBS,-0.0815894849848795,0.384933628515282,False,down
WBGene00010383,2,0.9666666666666667,PFBS,-0.149336398621677,0.384933628515282,False,down
WBGene00018741,2,1.0,PFBS,-0.704712754871238,0.38549016491693,False,down
WBGene00000741,2,0.9666666666666667,PFBS,0.284995564604786,0.385635541747796,False,up
WBGene00004486,2,1.0,PFBS,-0.12389885319011,0.386187505441824,False,down
WBGene00003412,2,1.0,PFBS,-0.149976997564676,0.386187505441824,False,down
WBGene00003614,2,0.9666666666666667,PFBS,-0.176029798447743,0.387013029206214,False,down
WBGene00011111,2,0.7,PFBS,-0.125893789428578,0.388226958749456,False,down
WBGene00013725,2,0.9666666666666667,PFBS,-0.188062480581046,0.388708837927041,False,down
WBGene00004475,2,1.0,PFBS,-0.0878757296732839,0.389035495492388,False,down
WBGene00003968,2,0.5666666666666667,PFBS,-0.547884484941784,0.389062511994744,False,down
WBGene00001993,2,0.9666666666666667,PFBS,0.214964083521372,0.389472105567477,False,up
WBGene00022170,2,1.0,PFBS,-0.107675070248156,0.38976167236386,False,down
WBGene00022251,2,0.6666666666666666,PFBS,-0.140232317217161,0.390430501750054,False,down
WBGene00020933,2,1.0,PFBS,-0.120973275482836,0.391967880151924,False,down
WBGene00304812,2,0.9666666666666667,PFBS,-0.496719805401905,0.392460986700075,False,down
WBGene00004410,2,1.0,PFBS,-0.223941274660075,0.392547302023999,False,down
WBGene00016960,2,1.0,PFBS,-0.130626475628473,0.393761087964181,False,down
WBGene00019769,2,0.9666666666666667,PFBS,-0.199491089992406,0.394189156827173,False,down
WBGene00019869,2,1.0,PFBS,0.18039480694679,0.39447125396526,False,up
WBGene00007449,2,1.0,PFBS,-0.569904518937841,0.394810459517623,False,down
WBGene00002065,2,1.0,PFBS,-0.0893188471012869,0.395807757562473,False,down
WBGene00004444,2,1.0,PFBS,-0.149224693244902,0.396026793588782,False,down
WBGene00044026,2,0.9666666666666667,PFBS,-0.167617203532424,0.396175959150008,False,down
WBGene00009644,2,0.9666666666666667,PFBS,-0.485849625824951,0.398952101362397,False,down
WBGene00004450,2,1.0,PFBS,-0.143928280781081,0.403548874486994,False,down
WBGene00015328,2,1.0,PFBS,-0.113095334046545,0.403966825719946,False,down
WBGene00021923,2,0.9333333333333333,PFBS,-0.138719748678865,0.403966825719946,False,down
WBGene00016202,2,1.0,PFBS,-0.0949891725266165,0.404380422268909,False,down
WBGene00003375,2,0.5666666666666667,PFBS,-0.139927329906206,0.404380422268909,False,down
WBGene00012179,2,1.0,PFBS,-0.228547467004547,0.404380422268909,False,down
WBGene00016492,2,1.0,PFBS,-0.364546016870532,0.404380422268909,False,down
WBGene00017487,2,0.9666666666666667,PFBS,-0.185542331651521,0.404528838955512,False,down
WBGene00011634,2,1.0,PFBS,-0.135501537149735,0.404757613574818,False,down
WBGene00000230,2,0.9666666666666667,PFBS,-0.0882735145918722,0.405938850491203,False,down
WBGene00016131,2,0.9333333333333333,PFBS,0.14973859622423,0.406227757118703,False,up
WBGene00010472,2,1.0,PFBS,0.315678147369809,0.406482342500145,False,up
WBGene00004449,2,1.0,PFBS,-0.108254946117183,0.406708900122348,False,down
WBGene00000976,2,0.5333333333333333,PFBS,-0.181874017327055,0.406708900122348,False,down
WBGene00004415,2,1.0,PFBS,-0.0744832193221861,0.406929116564713,False,down
WBGene00013447,2,1.0,PFBS,-0.131646165266548,0.406929116564713,False,down
WBGene00009507,2,1.0,PFBS,-0.120037398568405,0.407249878757342,False,down
WBGene00013575,2,1.0,PFBS,-0.122676306140316,0.407249878757342,False,down
WBGene00004485,2,1.0,PFBS,-0.145917824239259,0.407249878757342,False,down
WBGene00008089,2,0.9666666666666667,PFBS,0.17969621181567,0.409239024495562,False,up
WBGene00002010,2,1.0,PFBS,0.117436080108824,0.409239024495562,False,up
WBGene00003090,2,1.0,PFBS,-0.182737092087441,0.409239024495562,False,down
WBGene00014204,2,1.0,PFBS,-0.0729491823573143,0.409559411432244,False,down
WBGene00022348,2,1.0,PFBS,0.12156842660679,0.409651106497317,False,up
WBGene00004416,2,1.0,PFBS,-0.0794408587321689,0.409831842274028,False,down
WBGene00008132,2,1.0,PFBS,-0.26237228221662,0.410266730458244,False,down
WBGene00000115,2,1.0,PFBS,0.168849131870789,0.410643446113228,False,up
WBGene00017925,2,0.9333333333333333,PFBS,-0.117183612487797,0.411082675133902,False,down
WBGene00004482,2,1.0,PFBS,-0.1176372125213,0.411539985022597,False,down
WBGene00004958,2,0.9,PFBS,-0.272467311845072,0.412351165502489,False,down
WBGene00004479,2,1.0,PFBS,-0.103082577883371,0.413086784942311,False,down
WBGene00008418,2,1.0,PFBS,-0.18997426060509,0.413696537085098,False,down
WBGene00021661,2,1.0,PFBS,-0.292285037503435,0.415771023722257,False,down
WBGene00013379,2,0.5333333333333333,PFBS,0.155639151773188,0.41666186722536,False,up
WBGene00017416,2,1.0,PFBS,-0.338595345685251,0.41666186722536,False,down
WBGene00004051,2,1.0,PFBS,-0.106573981508611,0.416780252746732,False,down
WBGene00010542,2,1.0,PFBS,-0.46947538591817,0.416910955584941,False,down
WBGene00020054,2,1.0,PFBS,-0.181158635329027,0.417912129291365,False,down
WBGene00006913,2,1.0,PFBS,0.114520264646711,0.419137449980201,False,up
WBGene00013529,2,1.0,PFBS,-0.142851799994452,0.419563945546227,False,down
WBGene00012225,2,1.0,PFBS,-0.317631876368498,0.41999316691808,False,down
WBGene00021190,2,0.9666666666666667,PFBS,-0.268416391152548,0.420634390697522,False,down
WBGene00004481,2,1.0,PFBS,-0.135618552156781,0.420708168492538,False,down
WBGene00013727,2,0.9333333333333333,PFBS,-0.412116964975833,0.422623238753846,False,down
WBGene00015937,2,1.0,PFBS,0.453405810797058,0.423524401371091,False,up
WBGene00015555,2,0.7,PFBS,-0.0888320226973914,0.424406727013558,False,down
WBGene00011226,2,0.9333333333333333,PFBS,0.146336387368562,0.42466235421821,False,up
WBGene00011559,2,0.9666666666666667,PFBS,-0.18748886473596,0.424828780026173,False,down
WBGene00021362,2,0.9666666666666667,PFBS,0.140336849719533,0.424867290239208,False,up
WBGene00018218,2,1.0,PFBS,-0.11562456282122,0.424867290239208,False,down
WBGene00004062,2,1.0,PFBS,-0.766528603220508,0.425156081796657,False,down
WBGene00018282,2,1.0,PFBS,0.212672721659448,0.427638599224314,False,up
WBGene00009455,2,0.9666666666666667,PFBS,-0.169495926361265,0.427638599224314,False,down
WBGene00016123,2,1.0,PFBS,-0.229163081470546,0.42866083990557,False,down
WBGene00004480,2,1.0,PFBS,-0.107875530574151,0.432790107089012,False,down
WBGene00017420,2,0.9666666666666667,PFBS,-0.409529404415594,0.432790107089012,False,down
WBGene00014137,2,0.9333333333333333,PFBS,0.198101828935827,0.433089708852328,False,up
WBGene00018782,2,0.9666666666666667,PFBS,-0.086670118143007,0.435278892608287,False,down
WBGene00013808,2,1.0,PFBS,0.083889326307715,0.43743293377385,False,up
WBGene00009987,2,1.0,PFBS,-0.117264859125288,0.437592280738765,False,down
WBGene00008930,2,1.0,PFBS,-0.231712675526601,0.437592280738765,False,down
WBGene00000410,2,0.9333333333333333,PFBS,0.10631751986949,0.437912230208773,False,up
WBGene00016871,2,1.0,PFBS,-0.106331936170771,0.438311466765123,False,down
WBGene00022569,2,1.0,PFBS,-0.155081320127688,0.439059092388566,False,down
WBGene00000263,2,1.0,PFBS,-0.11208470355959,0.439116792448021,False,down
WBGene00008799,2,0.9666666666666667,PFBS,0.498466097701109,0.439971751395252,False,up
WBGene00022864,2,1.0,PFBS,-0.128194138519414,0.440215097350585,False,down
WBGene00010676,2,1.0,PFBS,-0.091224431384623,0.440584445835343,False,down
WBGene00008920,2,0.9333333333333333,PFBS,-0.0693189477843507,0.440675590565515,False,down
WBGene00009777,2,1.0,PFBS,0.354429984457044,0.44153514096993,False,up
WBGene00013729,2,1.0,PFBS,-0.193933966890416,0.442168465673032,False,down
WBGene00001784,2,0.7,PFBS,-0.157142218903813,0.442169599206627,False,down
WBGene00007110,2,0.7,PFBS,-0.111579401696011,0.442633911434151,False,down
WBGene00008398,2,1.0,PFBS,-0.139115369165213,0.442633911434151,False,down
WBGene00022434,2,0.9333333333333333,PFBS,-0.157135849367126,0.442810434600201,False,down
WBGene00006508,2,1.0,PFBS,0.0827202998366001,0.442842315843849,False,up
WBGene00022150,2,1.0,PFBS,-0.09604681887392,0.442967205978946,False,down
WBGene00010002,2,1.0,PFBS,-0.13056577083668,0.443340573088823,False,down
WBGene00007704,2,0.9666666666666667,PFBS,-0.150265506784559,0.443340573088823,False,down
WBGene00001102,2,1.0,PFBS,-0.189887157306612,0.443340573088823,False,down
WBGene00012420,2,1.0,PFBS,-0.241225845418064,0.443340573088823,False,down
WBGene00010759,2,1.0,PFBS,0.552246464098461,0.444817011715561,False,up
WBGene00019959,2,1.0,PFBS,-0.117899747818753,0.444817011715561,False,down
WBGene00000187,2,1.0,PFBS,-0.118041079435124,0.446090566953686,False,down
WBGene00012694,2,1.0,PFBS,-0.1080837553387,0.446395002862295,False,down
WBGene00020993,2,0.9666666666666667,PFBS,-0.141997481524127,0.446395002862295,False,down
WBGene00008380,2,1.0,PFBS,-0.11460375982117,0.44664615639919,False,down
WBGene00006963,2,0.9666666666666667,PFBS,-0.12672369063702,0.447590938734119,False,down
WBGene00015022,2,1.0,PFBS,-0.163009061911154,0.448180826774568,False,down
WBGene00021146,2,1.0,PFBS,0.124134381463324,0.44838321266531,False,up
WBGene00004178,2,1.0,PFBS,-0.183090808495314,0.448613496340959,False,down
WBGene00004434,2,1.0,PFBS,-0.119133128165284,0.448728908487391,False,down
WBGene00007413,2,1.0,PFBS,-0.112468532070615,0.448907353300877,False,down
WBGene00012330,2,1.0,PFBS,-0.185809574745364,0.449783300201967,False,down
WBGene00006722,2,1.0,PFBS,-0.174962747950771,0.451547526422075,False,down
WBGene00000739,2,1.0,PFBS,0.247708928202104,0.451969055441145,False,up
WBGene00021847,2,1.0,PFBS,-0.118569558080224,0.452222272754877,False,down
WBGene00011083,2,1.0,PFBS,-0.207672211662907,0.45318746736799,False,down
WBGene00006391,2,0.9,PFBS,-0.18830713417222,0.453427024551258,False,down
WBGene00022501,2,0.9666666666666667,PFBS,0.108434854902709,0.454174427702796,False,up
WBGene00000743,2,0.9,PFBS,0.244551197880177,0.454754377052015,False,up
WBGene00012325,2,1.0,PFBS,-0.426081607936368,0.455067420337391,False,down
WBGene00018811,2,1.0,PFBS,-0.32942609393342,0.456044063716084,False,down
WBGene00004445,2,1.0,PFBS,-0.104742004317483,0.457362507293864,False,down
WBGene00000204,2,0.8666666666666667,PFBS,-0.0931509650249107,0.458596947904203,False,down
WBGene00004404,2,0.9666666666666667,PFBS,-0.133291524015678,0.458715448552873,False,down
WBGene00019074,2,0.9333333333333333,PFBS,-0.0985391106337059,0.45904700130953,False,down
WBGene00021365,2,1.0,PFBS,-0.0949193808686444,0.459414762320137,False,down
WBGene00003041,2,1.0,PFBS,-0.113389755150852,0.459414762320137,False,down
WBGene00004484,2,1.0,PFBS,-0.099845458429255,0.460349893516321,False,down
WBGene00010266,2,0.6666666666666666,PFBS,0.193693750525015,0.460522474168807,False,up
WBGene00019941,2,0.6666666666666666,PFBS,-0.0826752081030057,0.461508052468992,False,down
WBGene00020484,2,0.9,PFBS,-0.739446131864177,0.461670324693181,False,down
WBGene00009745,2,0.8666666666666667,PFBS,-0.173104780101469,0.463615429792022,False,down
WBGene00004130,2,1.0,PFBS,-0.118514509009393,0.464131927919736,False,down
WBGene00006760,2,1.0,PFBS,-0.186123285887057,0.464471094453654,False,down
WBGene00001208,2,0.6,PFBS,0.0862824992172998,0.465370339346772,False,up
WBGene00010702,2,1.0,PFBS,-0.121203513208932,0.465370339346772,False,down
WBGene00017011,2,1.0,PFBS,-0.135134325034454,0.465370339346772,False,down
WBGene00001948,2,1.0,PFBS,-0.21510308793723,0.466454496399839,False,down
WBGene00000777,2,1.0,PFBS,0.144026613213055,0.467244154794837,False,up
WBGene00004339,2,1.0,PFBS,-0.192584324036951,0.467713171944966,False,down
WBGene00045192,2,1.0,PFBS,0.0948656562904382,0.467945785406938,False,up
WBGene00017082,2,0.9666666666666667,PFBS,0.155025270062239,0.468115299691465,False,up
WBGene00020480,2,1.0,PFBS,-0.197074607868824,0.468363646581088,False,down
WBGene00008749,2,1.0,PFBS,0.136349621405929,0.468942493952405,False,up
WBGene00001070,2,0.9333333333333333,PFBS,-0.841740664239616,0.469088403974564,False,down
WBGene00016250,2,1.0,PFBS,-0.129638265505713,0.470548402653729,False,down
WBGene00023450,2,1.0,PFBS,-0.199254748520455,0.470548402653729,False,down
WBGene00020139,2,1.0,PFBS,-0.384985329406787,0.470548402653729,False,down
WBGene00010397,2,1.0,PFBS,-0.149646339852418,0.470620846037138,False,down
WBGene00007698,2,1.0,PFBS,-0.110600285683926,0.472005907766442,False,down
WBGene00017449,2,0.9333333333333333,PFBS,-0.195946901549895,0.4726414950044,False,down
WBGene00009608,2,0.8666666666666667,PFBS,-0.710456872292802,0.473109632208342,False,down
WBGene00013037,2,0.9,PFBS,-0.24472834099347,0.473198349614695,False,down
WBGene00007021,2,1.0,PFBS,-0.142995209548296,0.473852456538419,False,down
WBGene00004470,2,1.0,PFBS,-0.0944403767962563,0.474035720423225,False,down
WBGene00004488,2,1.0,PFBS,-0.112361276760007,0.474035720423225,False,down
WBGene00004058,2,1.0,PFBS,-0.135946300481488,0.474208148568278,False,down
WBGene00017926,2,1.0,PFBS,-0.133788022832167,0.474565763023675,False,down
WBGene00018283,2,1.0,PFBS,-0.415397851601815,0.474969663595352,False,down
WBGene00011115,2,0.8333333333333334,PFBS,0.117500339491277,0.477175522774241,False,up
WBGene00015632,2,1.0,PFBS,-0.170673648751032,0.477175522774241,False,down
WBGene00006510,2,0.7,PFBS,-0.552196990351072,0.477175522774241,False,down
WBGene00000865,2,0.9666666666666667,PFBS,-0.34348474175381,0.477455049086668,False,down
WBGene00019643,2,1.0,PFBS,-0.172778341076286,0.477497180138286,False,down
WBGene00010500,2,1.0,PFBS,-0.0890617278513293,0.480016762280121,False,down
WBGene00011016,2,1.0,PFBS,-0.0857426734157879,0.480207275959761,False,down
WBGene00022663,2,1.0,PFBS,-0.177329241749808,0.480374351865878,False,down
WBGene00020181,2,1.0,PFBS,-0.0969203631820201,0.480848543157935,False,down
WBGene00020701,2,1.0,PFBS,-0.160897983117748,0.480848543157935,False,down
WBGene00009951,2,0.9666666666666667,PFBS,-0.287320714014072,0.480848543157935,False,down
WBGene00013676,2,1.0,PFBS,-0.0979693133792046,0.482715638984786,False,down
WBGene00004478,2,1.0,PFBS,-0.101083009590245,0.482715638984786,False,down
WBGene00009883,2,1.0,PFBS,-0.170277232250467,0.483014471461469,False,down
WBGene00009993,2,0.6,PFBS,-0.101160368169507,0.484195319746445,False,down
WBGene00003903,2,1.0,PFBS,0.0776663266564947,0.48425763467613,False,up
WBGene00012867,2,1.0,PFBS,0.113419636166775,0.484588853130566,False,up
WBGene00012935,2,1.0,PFBS,-0.218985840895574,0.485064495116836,False,down
WBGene00007412,2,0.9333333333333333,PFBS,-0.0930657708029682,0.485287273182001,False,down
WBGene00021367,2,1.0,PFBS,0.143867894374461,0.486606288842533,False,up
WBGene00001776,2,0.9333333333333333,PFBS,-0.286936825985612,0.487025809765529,False,down
WBGene00013506,2,1.0,PFBS,0.172690070500686,0.488511997054757,False,up
WBGene00006595,2,1.0,PFBS,-0.111278171502196,0.488511997054757,False,down
WBGene00010556,2,1.0,PFBS,-0.0764858692639077,0.489414318586521,False,down
WBGene00004900,2,0.9333333333333333,PFBS,0.0972874812538993,0.490178774128921,False,up
WBGene00004423,2,1.0,PFBS,-0.0834925249566417,0.490178774128921,False,down
WBGene00003579,2,1.0,PFBS,-0.176874019495264,0.490178774128921,False,down
WBGene00000969,2,0.9333333333333333,PFBS,-0.303518230982464,0.490178774128921,False,down
WBGene00018786,2,1.0,PFBS,-0.256663361220244,0.490211008731434,False,down
WBGene00020893,2,1.0,PFBS,-0.452545833659483,0.493106429920345,False,down
WBGene00008262,2,1.0,PFBS,-0.0923676576211655,0.493513382291516,False,down
WBGene00000010,2,1.0,PFBS,-0.141026257277137,0.493655604168091,False,down
WBGene00012165,2,1.0,PFBS,-0.676373083315731,0.493655604168091,False,down
WBGene00005007,2,1.0,PFBS,-0.102162405873705,0.495021198271942,False,down
WBGene00004426,2,1.0,PFBS,-0.0897761534129414,0.49533391539097,False,down
WBGene00015377,2,1.0,PFBS,-0.359780848903558,0.49579452941365,False,down
WBGene00014209,2,1.0,PFBS,-0.129962055186117,0.49610873988768,False,down
WBGene00006704,2,1.0,PFBS,-0.1053510605546,0.496136520642357,False,down
WBGene00004490,2,1.0,PFBS,-0.152942175522055,0.496311913680095,False,down
WBGene00009219,2,1.0,PFBS,-0.182110444130421,0.496311913680095,False,down
WBGene00006349,2,0.9666666666666667,PFBS,0.112292345814833,0.496586114030566,False,up
WBGene00010851,2,1.0,PFBS,-0.15136134609152,0.496992003025179,False,down
WBGene00002280,2,1.0,PFBS,-0.115886391790915,0.497295726833935,False,down
WBGene00000038,2,1.0,PFBS,-0.169599352684196,0.497416309232922,False,down
WBGene00010070,2,1.0,PFBS,0.128753204342767,0.498263294603343,False,up
WBGene00022053,2,1.0,PFBS,-0.0930615963839963,0.49955086361756,False,down
WBGene00022297,2,1.0,PFBS,-0.133103693216417,0.49955086361756,False,down
WBGene00044924,2,0.9666666666666667,PFBS,-0.184947406114986,0.501057395866551,False,down
WBGene00016124,2,1.0,PFBS,-0.117149505324763,0.502511174517491,False,down
WBGene00015203,2,1.0,PFBS,-0.0819298786040339,0.503543075433729,False,down
WBGene00006887,2,0.9333333333333333,PFBS,0.119285978926062,0.503590596917927,False,up
WBGene00015466,2,1.0,PFBS,-0.139937556325613,0.506034693308741,False,down
WBGene00013122,2,0.8,PFBS,-0.154562781397188,0.506635005186504,False,down
WBGene00011490,2,1.0,PFBS,-0.144754605009793,0.507097696074912,False,down
WBGene00017831,2,1.0,PFBS,-0.149558692789587,0.507384000909735,False,down
WBGene00021913,2,1.0,PFBS,-0.188812998644155,0.50928675943787,False,down
WBGene00006968,2,1.0,PFBS,-0.0920767803295005,0.510151813258738,False,down
WBGene00015173,2,1.0,PFBS,0.0739265339223095,0.512806657202008,False,up
WBGene00010306,2,1.0,PFBS,-0.111139430274057,0.512806657202008,False,down
WBGene00015684,2,1.0,PFBS,-0.137593569195936,0.512990362041703,False,down
WBGene00011717,2,1.0,PFBS,0.0978635856397099,0.513186466429884,False,up
WBGene00015009,2,0.9666666666666667,PFBS,0.0900319313715884,0.51384479644389,False,up
WBGene00003186,2,1.0,PFBS,0.0929092764572418,0.514412022315164,False,up
WBGene00007385,2,1.0,PFBS,-0.0845160861442481,0.514412022315164,False,down
WBGene00008929,2,0.9666666666666667,PFBS,-0.221264210554267,0.51454132295376,False,down
WBGene00013109,2,0.5333333333333333,PFBS,-0.135967438247007,0.516276311712287,False,down
WBGene00011300,2,0.9666666666666667,PFBS,-0.219569640065727,0.516276311712287,False,down
WBGene00004314,2,0.9666666666666667,PFBS,0.086834447000672,0.516553284960926,False,up
WBGene00019771,2,1.0,PFBS,0.109157618999359,0.51766913141688,False,up
WBGene00004684,2,1.0,PFBS,-0.0697814203295382,0.518363273772626,False,down
WBGene00020451,2,0.9666666666666667,PFBS,-0.148708734436468,0.518420355333655,False,down
WBGene00000817,2,0.9333333333333333,PFBS,-0.100446988475235,0.520962551031863,False,down
WBGene00008147,2,0.9666666666666667,PFBS,0.146792692850667,0.521053547423775,False,up
WBGene00007256,2,0.9333333333333333,PFBS,-0.0834655453314985,0.521704576257899,False,down
WBGene00004494,2,1.0,PFBS,-0.138208920181084,0.522244224398088,False,down
WBGene00004397,2,0.5333333333333333,PFBS,-0.916235974255037,0.522371795284608,False,down
WBGene00022089,2,1.0,PFBS,-0.0570207136018325,0.52335577431678,False,down
WBGene00004433,2,1.0,PFBS,-0.0926633779202755,0.52335577431678,False,down
WBGene00001856,2,1.0,PFBS,-0.219964176198777,0.52335577431678,False,down
WBGene00017358,2,1.0,PFBS,-0.265605301930687,0.52335577431678,False,down
WBGene00022236,2,1.0,PFBS,-0.369687544120849,0.524585369326355,False,down
WBGene00004442,2,1.0,PFBS,-0.124406196552174,0.525247818968825,False,down
WBGene00022786,2,0.9,PFBS,-0.145415349349996,0.525991545908871,False,down
WBGene00002162,2,0.9666666666666667,PFBS,-0.0657474743418402,0.526502661112303,False,down
WBGene00012951,2,1.0,PFBS,-0.109345075257035,0.528070860055373,False,down
WBGene00020222,2,0.9333333333333333,PFBS,0.145981056583602,0.528452196580956,False,up
WBGene00004201,2,1.0,PFBS,0.0820805679310813,0.528452196580956,False,up
WBGene00020576,2,1.0,PFBS,-0.127895902761537,0.528452196580956,False,down
WBGene00008379,2,0.9,PFBS,-0.164675349125832,0.528452196580956,False,down
WBGene00016868,2,1.0,PFBS,-0.250038084337788,0.528452196580956,False,down
WBGene00000742,2,1.0,PFBS,0.215929332617254,0.530057628983497,False,up
WBGene00022459,2,1.0,PFBS,0.0696577346773892,0.530128598750498,False,up
WBGene00021378,2,1.0,PFBS,-0.188036163187332,0.530201880453406,False,down
WBGene00017194,2,1.0,PFBS,-0.27303889976632,0.530684728916283,False,down
WBGene00008148,2,1.0,PFBS,0.121344899138374,0.530720795339278,False,up
WBGene00008344,2,1.0,PFBS,0.079464468501574,0.530799908094043,False,up
WBGene00003663,2,1.0,PFBS,-0.381965927804847,0.530799908094043,False,down
WBGene00017073,2,1.0,PFBS,-0.290321507238119,0.53083936733862,False,down
WBGene00044294,2,0.9666666666666667,PFBS,0.151078895511635,0.531329528567773,False,up
WBGene00020765,2,1.0,PFBS,0.134698002694607,0.531329528567773,False,up
WBGene00019631,2,1.0,PFBS,-0.196164813576865,0.531329528567773,False,down
WBGene00005662,2,1.0,PFBS,-0.102118621434685,0.531528133897946,False,down
WBGene00006910,2,1.0,PFBS,0.09106869004356,0.531593512090092,False,up
WBGene00018877,2,1.0,PFBS,-0.339893823467766,0.532269196559726,False,down
WBGene00009161,2,0.9666666666666667,PFBS,-0.0999771136836348,0.533230624104264,False,down
WBGene00021058,2,0.7,PFBS,-0.0833973152014945,0.533248080805803,False,down
WBGene00003081,2,1.0,PFBS,-0.158960978787464,0.533248080805803,False,down
WBGene00010699,2,1.0,PFBS,-0.159663551627901,0.534336949571675,False,down
WBGene00003826,2,1.0,PFBS,0.0695376675657173,0.534794032089325,False,up
WBGene00007242,2,1.0,PFBS,-0.141000275261413,0.534794032089325,False,down
WBGene00015810,2,1.0,PFBS,-0.0902100032859255,0.534859149187697,False,down
WBGene00004476,2,1.0,PFBS,-0.076134573668295,0.536930689161736,False,down
WBGene00001853,2,1.0,PFBS,-0.152442657535282,0.536930689161736,False,down
WBGene00004112,2,1.0,PFBS,-0.126541932892029,0.537214108861129,False,down
WBGene00004296,2,1.0,PFBS,-0.0999160353854089,0.538293207066911,False,down
WBGene00015512,2,0.9333333333333333,PFBS,-0.207994475928051,0.538293207066911,False,down
WBGene00011280,2,1.0,PFBS,0.112334902935716,0.538588027575569,False,up
WBGene00011892,2,0.9,PFBS,-0.159988834925745,0.538588027575569,False,down
WBGene00020104,2,0.4666666666666667,PFBS,-0.340356867219008,0.539133455172347,False,down
WBGene00019075,2,1.0,PFBS,0.118208145817067,0.540083869078588,False,up
WBGene00007167,2,1.0,PFBS,0.0924349957995434,0.540083869078588,False,up
WBGene00013029,2,1.0,PFBS,-0.140716146506301,0.540083869078588,False,down
WBGene00015248,2,1.0,PFBS,-0.114180249404605,0.540421406111526,False,down
WBGene00004453,2,1.0,PFBS,-0.191843674805001,0.541256261958596,False,down
WBGene00000772,2,0.9333333333333333,PFBS,-0.285149639049662,0.542034818684545,False,down
WBGene00015708,2,1.0,PFBS,-0.372791209317801,0.542034818684545,False,down
WBGene00003578,2,1.0,PFBS,-0.106542751039499,0.543603573938594,False,down
WBGene00007390,2,0.9666666666666667,PFBS,-0.0964602601238653,0.544528934704609,False,down
WBGene00002257,2,1.0,PFBS,-0.140076854936473,0.544528934704609,False,down
WBGene00011271,2,0.9666666666666667,PFBS,0.0803434174204241,0.544907299851686,False,up
WBGene00006988,2,1.0,PFBS,-0.12360496870377,0.544907299851686,False,down
WBGene00004274,2,1.0,PFBS,-0.0662849059935117,0.545104785854352,False,down
WBGene00012522,2,1.0,PFBS,-0.11990330467109,0.545352326602201,False,down
WBGene00002125,2,1.0,PFBS,-0.158562631546997,0.545352326602201,False,down
WBGene00013552,2,1.0,PFBS,-0.242975422545679,0.545380771485401,False,down
WBGene00007528,2,1.0,PFBS,0.114060518532898,0.546702608810642,False,up
WBGene00010356,2,1.0,PFBS,-0.118268228436456,0.546702608810642,False,down
WBGene00007388,2,1.0,PFBS,0.134196001830715,0.548567328173659,False,up
WBGene00011768,2,0.9666666666666667,PFBS,-0.201291204038962,0.548567328173659,False,down
WBGene00020967,2,0.9666666666666667,PFBS,0.216082747272331,0.549919357540515,False,up
WBGene00003169,2,1.0,PFBS,0.126832276882353,0.550081859514636,False,up
WBGene00001520,2,1.0,PFBS,-0.064903101376238,0.550081859514636,False,down
WBGene00003777,2,1.0,PFBS,-0.0716947611384864,0.550128978883598,False,down
WBGene00014189,2,1.0,PFBS,-0.295910922762685,0.550131299623663,False,down
WBGene00015519,2,1.0,PFBS,-0.149783053587877,0.5512795762507,False,down
WBGene00002271,2,1.0,PFBS,-0.125524352535774,0.55191377352913,False,down
WBGene00012875,2,1.0,PFBS,-0.0989119058827059,0.553141580928479,False,down
WBGene00018849,2,1.0,PFBS,-0.0806134511350637,0.55384018925516,False,down
WBGene00020831,2,1.0,PFBS,-0.0890288327416931,0.55384018925516,False,down
WBGene00003074,2,1.0,PFBS,-0.0934457810937223,0.55384018925516,False,down
WBGene00015105,2,1.0,PFBS,-0.168174813076586,0.55384018925516,False,down
WBGene00004902,2,1.0,PFBS,0.115637574691621,0.554274797515165,False,up
WBGene00009712,2,1.0,PFBS,-0.0652435599300803,0.554274797515165,False,down
WBGene00010726,2,0.9333333333333333,PFBS,-0.0958027425177263,0.554274797515165,False,down
WBGene00014020,2,1.0,PFBS,-0.12239172686955,0.554274797515165,False,down
WBGene00013103,2,0.9333333333333333,PFBS,0.198011279459229,0.554397077198562,False,up
WBGene00021539,2,1.0,PFBS,0.0797635145448176,0.554397077198562,False,up
WBGene00015565,2,1.0,PFBS,-0.114910151384176,0.554397077198562,False,down
WBGene00016493,2,1.0,PFBS,-0.125567326222002,0.554397077198562,False,down
WBGene00007483,2,1.0,PFBS,-0.259629316168723,0.555142484229385,False,down
WBGene00018480,2,1.0,PFBS,0.69804950464737,0.555203317378298,False,up
WBGene00022376,2,1.0,PFBS,-0.179858528731326,0.55539862834816,False,down
WBGene00020692,2,1.0,PFBS,0.168226144258923,0.557394744910831,False,up
WBGene00006839,2,1.0,PFBS,0.0656958311231199,0.558159754529573,False,up
WBGene00008973,2,1.0,PFBS,-0.0855025482071631,0.558923810909053,False,down
WBGene00007144,2,0.9666666666666667,PFBS,-0.105306361317532,0.558923810909053,False,down
WBGene00022670,2,0.9666666666666667,PFBS,-0.136241078720977,0.558923810909053,False,down
WBGene00000935,2,0.9666666666666667,PFBS,-0.247515718834869,0.558923810909053,False,down
WBGene00022845,2,0.9,PFBS,0.290765800824207,0.55964355749753,False,up
WBGene00004473,2,1.0,PFBS,-0.0669523396492818,0.55964355749753,False,down
WBGene00003902,2,1.0,PFBS,-0.0535465366260222,0.55977848536703,False,down
WBGene00004705,2,1.0,PFBS,-0.137159586777787,0.559997075833544,False,down
WBGene00001334,2,1.0,PFBS,0.0772861796991011,0.560609712498192,False,up
WBGene00017976,2,0.9666666666666667,PFBS,-0.159615528115754,0.560609712498192,False,down
WBGene00019021,2,1.0,PFBS,-0.487220396823745,0.560609712498192,False,down
WBGene00008688,2,1.0,PFBS,-0.142969455896446,0.560758655274206,False,down
WBGene00009556,2,1.0,PFBS,-0.146088820649912,0.560766571609952,False,down
WBGene00006917,2,0.8666666666666667,PFBS,0.077093500259072,0.562091783914264,False,up
WBGene00015150,2,1.0,PFBS,-0.170108497069063,0.562257525466899,False,down
WBGene00007606,2,0.8,PFBS,-0.100881254581567,0.56255064385687,False,down
WBGene00018640,2,1.0,PFBS,-0.556663686787216,0.562587330774033,False,down
WBGene00007918,2,1.0,PFBS,-0.0963743908761154,0.563037377712145,False,down
WBGene00013847,2,0.9666666666666667,PFBS,-0.0691434549268432,0.565306040214877,False,down
WBGene00011195,2,1.0,PFBS,-0.086295200379815,0.567471029288924,False,down
WBGene00012370,2,1.0,PFBS,-0.130540255685989,0.56763562822581,False,down
WBGene00000375,2,0.6333333333333333,PFBS,-0.137817729243423,0.56790201716923,False,down
WBGene00017363,2,1.0,PFBS,-0.236910692211656,0.567942479369635,False,down
WBGene00003922,2,1.0,PFBS,-0.102009688279343,0.570551453696652,False,down
WBGene00020131,2,1.0,PFBS,-0.0928053700481535,0.570982034328074,False,down
WBGene00001996,2,0.9333333333333333,PFBS,-0.0748962235749853,0.572216731582294,False,down
WBGene00017708,2,1.0,PFBS,-0.211815742021093,0.572324780495279,False,down
WBGene00010925,2,1.0,PFBS,-0.145249688384936,0.573218195784775,False,down
WBGene00012927,2,0.9333333333333333,PFBS,-0.145383438515484,0.573218195784775,False,down
WBGene00012029,2,0.9333333333333333,PFBS,-0.149251294999776,0.573218195784775,False,down
WBGene00022783,2,1.0,PFBS,-0.313524925726777,0.573218195784775,False,down
WBGene00010140,2,1.0,PFBS,-0.173345429627598,0.573306125719003,False,down
WBGene00011081,2,0.8666666666666667,PFBS,-0.191398260217897,0.573306125719003,False,down
WBGene00006468,2,1.0,PFBS,-0.101453749778881,0.573544228075112,False,down
WBGene00005010,2,0.8333333333333334,PFBS,0.0828072444151999,0.574082760885768,False,up
WBGene00006961,2,1.0,PFBS,-0.110161610331959,0.574082760885768,False,down
WBGene00018157,2,0.9666666666666667,PFBS,-0.273572370659654,0.575855668400955,False,down
WBGene00022031,2,1.0,PFBS,0.107703106143328,0.577232375213266,False,up
WBGene00007493,2,0.7,PFBS,-0.0957131443595472,0.578336516084989,False,down
WBGene00018935,2,0.9666666666666667,PFBS,-0.0865561113942117,0.580567958874099,False,down
WBGene00011374,2,1.0,PFBS,-0.136521085319213,0.580857353517175,False,down
WBGene00009958,2,1.0,PFBS,0.100382317029443,0.581826092194819,False,up
WBGene00009650,2,1.0,PFBS,-0.101923782141287,0.582637485806401,False,down
WBGene00010629,2,1.0,PFBS,-0.111466029258463,0.582794635877912,False,down
WBGene00006863,2,1.0,PFBS,-0.0788287529927142,0.58372527099889,False,down
WBGene00001263,2,0.9333333333333333,PFBS,-0.116016028300132,0.583726145534985,False,down
WBGene00013259,2,0.9333333333333333,PFBS,-0.108090238275086,0.586120495356637,False,down
WBGene00003056,2,0.9666666666666667,PFBS,-0.111925166990278,0.586120495356637,False,down
WBGene00011339,2,0.5333333333333333,PFBS,-0.402458503035403,0.586148985880986,False,down
WBGene00004303,2,1.0,PFBS,-0.0678443876368281,0.586497047618157,False,down
WBGene00269433,2,0.6333333333333333,PFBS,0.248893575117782,0.58698400718968,False,up
WBGene00008764,2,1.0,PFBS,-0.0843487340480547,0.587519339793485,False,down
WBGene00015141,2,0.9333333333333333,PFBS,-0.37003017415911,0.587519339793485,False,down
WBGene00044617,2,0.9666666666666667,PFBS,-0.482044402212355,0.587519339793485,False,down
WBGene00015865,2,1.0,PFBS,0.2235104379249,0.588136693364058,False,up
WBGene00004435,2,1.0,PFBS,-0.133155427488449,0.588136693364058,False,down
WBGene00016971,2,1.0,PFBS,-0.155935936377637,0.589093831306272,False,down
WBGene00021507,2,1.0,PFBS,0.0747517673771452,0.589664550340623,False,up
WBGene00020245,2,0.9666666666666667,PFBS,-0.167445411128448,0.590194505795834,False,down
WBGene00014666,2,1.0,PFBS,0.149576033850039,0.590614880250986,False,up
WBGene00021319,2,0.9666666666666667,PFBS,-0.121332004006277,0.591230409022284,False,down
WBGene00011015,2,1.0,PFBS,-0.0892722565576988,0.591859950401403,False,down
WBGene00044784,2,1.0,PFBS,-0.124349928697869,0.591859950401403,False,down
WBGene00013210,2,1.0,PFBS,-0.0771022406879823,0.592261712994005,False,down
WBGene00019295,2,1.0,PFBS,0.104416007580765,0.592335807247275,False,up
WBGene00009306,2,0.6333333333333333,PFBS,-0.0801878199344436,0.592335807247275,False,down
WBGene00004497,2,1.0,PFBS,-0.161394387491831,0.593403362890285,False,down
WBGene00011687,2,1.0,PFBS,-0.0840656516480264,0.593560425732687,False,down
WBGene00012175,2,0.9333333333333333,PFBS,-0.463605752806576,0.593892722109834,False,down
WBGene00007234,2,0.9333333333333333,PFBS,-0.105395177930765,0.593909515900578,False,down
WBGene00004492,2,1.0,PFBS,-0.113197589944642,0.593909515900578,False,down
WBGene00008848,2,0.9666666666666667,PFBS,-0.127181698373173,0.593991359573592,False,down
WBGene00017282,2,1.0,PFBS,-0.0838361867734055,0.594447559228379,False,down
WBGene00012716,2,0.9666666666666667,PFBS,-0.190749970619483,0.594447559228379,False,down
WBGene00014139,2,1.0,PFBS,0.0824461958007136,0.595347814971526,False,up
WBGene00006519,2,0.9666666666666667,PFBS,-0.0846033293607358,0.595369111475785,False,down
WBGene00015322,2,1.0,PFBS,0.160319007957366,0.595783828017667,False,up
WBGene00001470,2,1.0,PFBS,0.0948562152114479,0.596020324736765,False,up
WBGene00004086,2,1.0,PFBS,-0.134689099119708,0.596909831584075,False,down
WBGene00016623,2,0.7,PFBS,-0.142526131175526,0.597115277481787,False,down
WBGene00009103,2,1.0,PFBS,-0.0657824718541377,0.597517832120063,False,down
WBGene00017842,2,1.0,PFBS,0.175481880252402,0.597648577609456,False,up
WBGene00017347,2,1.0,PFBS,-0.109411891676402,0.597648577609456,False,down
WBGene00021321,2,0.9666666666666667,PFBS,-0.188201328852473,0.597728482080307,False,down
WBGene00014203,2,1.0,PFBS,0.133151827432803,0.598601535156698,False,up
WBGene00003956,2,1.0,PFBS,0.0903807391418787,0.598601535156698,False,up
WBGene00009287,2,1.0,PFBS,-0.268360779469955,0.598601535156698,False,down
WBGene00015177,2,0.9666666666666667,PFBS,0.0944643438234328,0.599370199235382,False,up
WBGene00012640,2,1.0,PFBS,0.186548121734713,0.59972696954722,False,up
WBGene00017482,2,0.9666666666666667,PFBS,-0.0794608754791004,0.59972696954722,False,down
WBGene00006769,2,1.0,PFBS,-0.0632704433324502,0.6004004755543,False,down
WBGene00003479,2,1.0,PFBS,0.0872796771447458,0.600787485432906,False,up
WBGene00011487,2,1.0,PFBS,-0.690712541016778,0.600791214563564,False,down
WBGene00018785,2,1.0,PFBS,0.108842714202735,0.601904078718136,False,up
WBGene00015984,2,1.0,PFBS,0.167481847166444,0.603049090431322,False,up
WBGene00008533,2,1.0,PFBS,-0.108337399837733,0.603049090431322,False,down
WBGene00016797,2,0.9666666666666667,PFBS,-0.362520394541382,0.603049090431322,False,down
WBGene00013553,2,1.0,PFBS,-0.24419473088608,0.603497556590966,False,down
WBGene00001240,2,1.0,PFBS,0.123122472536293,0.603843702421221,False,up
WBGene00016333,2,0.9666666666666667,PFBS,0.0696451978195086,0.604129693899218,False,up
WBGene00009159,2,1.0,PFBS,-0.0932278756651188,0.604129693899218,False,down
WBGene00010204,2,1.0,PFBS,-0.170518568312998,0.604129693899218,False,down
WBGene00012037,2,1.0,PFBS,-0.0963926879464484,0.604189921678332,False,down
WBGene00001028,2,1.0,PFBS,0.0897155653607034,0.604583633923794,False,up
WBGene00004456,2,1.0,PFBS,-0.152622236532998,0.605324474675919,False,down
WBGene00021148,2,1.0,PFBS,0.0770359688155395,0.606274468673524,False,up
WBGene00007959,2,1.0,PFBS,0.120698931437279,0.606649630879154,False,up
WBGene00004335,2,1.0,PFBS,0.142331785513474,0.607338609663764,False,up
WBGene00013147,2,0.5333333333333333,PFBS,-0.301396666983585,0.60782293816249,False,down
WBGene00019609,2,1.0,PFBS,-0.115417218727476,0.608862634422805,False,down
WBGene00011529,2,0.9333333333333333,PFBS,0.0736268246023711,0.609858928887565,False,up
WBGene00011916,2,1.0,PFBS,-0.112201847155302,0.609858928887565,False,down
WBGene00011051,2,1.0,PFBS,-0.0776164491540186,0.611240471745343,False,down
WBGene00014188,2,1.0,PFBS,-0.416321896760717,0.611583357849508,False,down
WBGene00022374,2,1.0,PFBS,-0.274919584132467,0.613357507112089,False,down
WBGene00004269,2,1.0,PFBS,-0.131828388612102,0.613362998069577,False,down
WBGene00010109,2,1.0,PFBS,-0.144271161102807,0.613389892924672,False,down
WBGene00011194,2,0.9666666666666667,PFBS,-0.151913559939361,0.613389892924672,False,down
WBGene00006610,2,1.0,PFBS,-0.122444922741514,0.613441117957736,False,down
WBGene00022499,2,1.0,PFBS,-0.0758781188091686,0.61388580527695,False,down
WBGene00044894,2,1.0,PFBS,-0.194766360766833,0.61388580527695,False,down
WBGene00006875,2,0.8,PFBS,-0.078348748552847,0.614949693480946,False,down
WBGene00001386,2,0.9666666666666667,PFBS,-0.176115282906918,0.615071390174759,False,down
WBGene00017934,2,1.0,PFBS,0.174553727973094,0.615119057225849,False,up
WBGene00006568,2,0.9666666666666667,PFBS,-0.234572829717594,0.615119057225849,False,down
WBGene00020049,2,0.9333333333333333,PFBS,0.130492077048533,0.615625141577024,False,up
WBGene00018714,2,0.9666666666666667,PFBS,-0.0889824296416185,0.615625141577024,False,down
WBGene00011891,2,0.9666666666666667,PFBS,0.102046583957267,0.615694032923901,False,up
WBGene00007826,2,1.0,PFBS,-0.125560152353804,0.61583262146763,False,down
WBGene00022704,2,0.9,PFBS,-0.128124249413344,0.616567851705375,False,down
WBGene00020889,2,1.0,PFBS,-0.205237133935088,0.616696462014031,False,down
WBGene00008219,2,0.9666666666666667,PFBS,-0.0820540814070939,0.617766256400557,False,down
WBGene00020441,2,1.0,PFBS,-0.107160421228419,0.618068647251245,False,down
WBGene00001855,2,1.0,PFBS,-0.124382647350039,0.618068647251245,False,down
WBGene00016643,2,1.0,PFBS,0.0667395918921569,0.61836340050595,False,up
WBGene00009710,2,1.0,PFBS,0.264979901819974,0.6185932041276,False,up
WBGene00003078,2,1.0,PFBS,-0.135729188563866,0.619903696994176,False,down
WBGene00004306,2,1.0,PFBS,-0.071088062680012,0.62054163218594,False,down
WBGene00020376,2,1.0,PFBS,-0.111956524422243,0.620980440769918,False,down
WBGene00004471,2,1.0,PFBS,-0.0712351266004169,0.621038971424512,False,down
WBGene00022389,2,1.0,PFBS,0.0653286761425035,0.623597977723345,False,up
WBGene00006605,2,0.9666666666666667,PFBS,-0.0548341497202879,0.623597977723345,False,down
WBGene00006414,2,1.0,PFBS,-0.0661536505464863,0.623597977723345,False,down
WBGene00007583,2,1.0,PFBS,0.0850643583776402,0.623816907260784,False,up
WBGene00012121,2,1.0,PFBS,-0.0870908860600646,0.623816907260784,False,down
WBGene00012478,2,0.9333333333333333,PFBS,-0.0917048727099418,0.623816907260784,False,down
WBGene00019935,2,1.0,PFBS,-0.168852758848715,0.623816907260784,False,down
WBGene00006620,2,0.6,PFBS,-0.219186133854848,0.623816907260784,False,down
WBGene00019486,2,1.0,PFBS,-0.350689415443098,0.624383592535948,False,down
WBGene00010793,2,0.8666666666666667,PFBS,0.0980312016905949,0.62440928973147,False,up
WBGene00017002,2,1.0,PFBS,-0.161460613935911,0.626384589980362,False,down
WBGene00022369,2,1.0,PFBS,0.0556655318913389,0.626591884533226,False,up
WBGene00000798,2,0.9666666666666667,PFBS,-0.110313539424925,0.626614951786765,False,down
WBGene00017741,2,0.9666666666666667,PFBS,-0.121482172281073,0.627745624779134,False,down
WBGene00022583,2,1.0,PFBS,-0.110648036655706,0.62779714408299,False,down
WBGene00016381,2,1.0,PFBS,-0.161625714651395,0.62779714408299,False,down
WBGene00016393,2,0.9666666666666667,PFBS,-0.0622108071004273,0.627817311537609,False,down
WBGene00007137,2,0.8333333333333334,PFBS,-0.0765786542281517,0.629296920573995,False,down
WBGene00012201,2,0.9666666666666667,PFBS,-0.228660767076442,0.629615401171361,False,down
WBGene00011742,2,1.0,PFBS,-0.0817604975878545,0.631150534923512,False,down
WBGene00012359,2,1.0,PFBS,0.059948941051482,0.631166684570457,False,up
WBGene00019943,2,0.9666666666666667,PFBS,0.0925973402485787,0.631192618806394,False,up
WBGene00045249,2,1.0,PFBS,-0.178571509138153,0.631230747605995,False,down
WBGene00017742,2,0.9,PFBS,-0.136740285351804,0.631791867595606,False,down
WBGene00004769,2,1.0,PFBS,0.0948819439421617,0.632786756869177,False,up
WBGene00002297,2,1.0,PFBS,-0.123246610766233,0.632786756869177,False,down
WBGene00019121,2,1.0,PFBS,-0.0672678985325951,0.633659681768988,False,down
WBGene00011163,2,1.0,PFBS,-0.336257184307293,0.633659681768988,False,down
WBGene00007386,2,0.9333333333333333,PFBS,0.088660067482608,0.634711981415666,False,up
WBGene00009739,2,1.0,PFBS,-0.0786924135343066,0.634711981415666,False,down
WBGene00004206,2,1.0,PFBS,-0.0983476905268873,0.634711981415666,False,down
WBGene00016632,2,1.0,PFBS,-0.111642975025995,0.634711981415666,False,down
WBGene00004175,2,0.7333333333333333,PFBS,-0.115439779804371,0.634711981415666,False,down
WBGene00010776,2,1.0,PFBS,-0.0726179443539868,0.63498000258063,False,down
WBGene00011670,2,1.0,PFBS,0.199572473193647,0.635599350668221,False,up
WBGene00012025,2,1.0,PFBS,-0.276360996474403,0.635770710598948,False,down
WBGene00004451,2,1.0,PFBS,-0.0958421679611768,0.637470345564626,False,down
WBGene00007145,2,1.0,PFBS,-0.10466347347806,0.637493291171546,False,down
WBGene00012007,2,1.0,PFBS,0.120414979741599,0.637868076506327,False,up
WBGene00077643,2,0.9666666666666667,PFBS,-0.0792983509095448,0.638519838298235,False,down
WBGene00019061,2,1.0,PFBS,-0.0658649668598245,0.638574367732831,False,down
WBGene00000120,2,0.9666666666666667,PFBS,-0.0707461815152277,0.638574367732831,False,down
WBGene00013211,2,1.0,PFBS,-0.211381907890298,0.638574367732831,False,down
WBGene00020275,2,1.0,PFBS,-0.0631725952826221,0.639777449730845,False,down
WBGene00007027,2,0.9333333333333333,PFBS,0.0555804994545105,0.639920577764999,False,up
WBGene00000915,2,0.9,PFBS,-0.073092267067091,0.639920577764999,False,down
WBGene00008776,2,0.9666666666666667,PFBS,-0.145592023929361,0.639920577764999,False,down
WBGene00007059,2,1.0,PFBS,-0.087492536487823,0.644272636452311,False,down
WBGene00020839,2,0.7,PFBS,-0.0866681296149399,0.644382674101036,False,down
WBGene00010362,2,1.0,PFBS,-0.142831740287226,0.644523088094093,False,down
WBGene00020375,2,1.0,PFBS,-0.107039917752964,0.644911920998242,False,down
WBGene00013140,2,1.0,PFBS,-0.080728536275023,0.646009173514987,False,down
WBGene00004441,2,1.0,PFBS,-0.0876650814477582,0.646784663602532,False,down
WBGene00008509,2,0.9666666666666667,PFBS,-0.163902638483227,0.64795290346088,False,down
WBGene00044745,2,1.0,PFBS,-0.147000523118466,0.648255683299962,False,down
WBGene00009372,2,1.0,PFBS,-0.115107699041489,0.648384444847047,False,down
WBGene00011973,2,0.9333333333333333,PFBS,-0.376931256213884,0.648384444847047,False,down
WBGene00018364,2,0.9666666666666667,PFBS,0.0641454972679399,0.649620972502061,False,up
WBGene00020823,2,1.0,PFBS,0.121124719794283,0.649632531286557,False,up
WBGene00001595,2,0.9666666666666667,PFBS,-0.188084062654881,0.650272299334168,False,down
WBGene00018576,2,1.0,PFBS,0.113735060381516,0.650965792667322,False,up
WBGene00023405,2,0.9666666666666667,PFBS,0.0761464377019795,0.650965792667322,False,up
WBGene00000142,2,1.0,PFBS,0.0780787101061929,0.651888910537299,False,up
WBGene00020270,2,1.0,PFBS,-0.359602180132582,0.654357401449222,False,down
WBGene00020150,2,0.9666666666666667,PFBS,-0.432062158924387,0.655108211868213,False,down
WBGene00001653,2,1.0,PFBS,-0.0667208000621978,0.655689154268202,False,down
WBGene00002023,2,1.0,PFBS,-0.069504312073696,0.655689154268202,False,down
WBGene00019503,2,1.0,PFBS,0.0914566917625546,0.657337052503166,False,up
WBGene00021074,2,0.9666666666666667,PFBS,-0.0862042568573133,0.657337052503166,False,down
WBGene00013550,2,0.9333333333333333,PFBS,-0.0758111511281765,0.657892380808386,False,down
WBGene00020837,2,1.0,PFBS,0.0798116281855822,0.658180624825372,False,up
WBGene00010993,2,1.0,PFBS,0.0539397194115305,0.658264845910384,False,up
WBGene00007774,2,0.9666666666666667,PFBS,0.11207218501985,0.658271152104255,False,up
WBGene00022580,2,0.9333333333333333,PFBS,-0.0596648261459442,0.659686740163384,False,down
WBGene00001823,2,0.9666666666666667,PFBS,-0.093220789914763,0.659686740163384,False,down
WBGene00000889,2,1.0,PFBS,-0.0610257182141326,0.6604566790274,False,down
WBGene00016273,2,1.0,PFBS,-0.351411198499663,0.660593402723419,False,down
WBGene00006771,2,1.0,PFBS,0.0559906752778064,0.661679716879458,False,up
WBGene00020012,2,1.0,PFBS,-0.0877819816069367,0.661679716879458,False,down
WBGene00019914,2,0.9333333333333333,PFBS,-0.110687515823944,0.661679716879458,False,down
WBGene00015928,2,1.0,PFBS,0.0619836147888404,0.66309690056488,False,up
WBGene00018407,2,1.0,PFBS,0.0883676540942924,0.663225248874133,False,up
WBGene00000229,2,1.0,PFBS,-0.0479080294918448,0.664199779185489,False,down
WBGene00011538,2,1.0,PFBS,-0.155972857402017,0.664339805127474,False,down
WBGene00010750,2,0.9333333333333333,PFBS,0.131697613931384,0.664820558618831,False,up
WBGene00016027,2,0.9666666666666667,PFBS,0.185831216843844,0.666554399367035,False,up
WBGene00012270,2,1.0,PFBS,0.184240697148737,0.666554399367035,False,up
WBGene00018974,2,1.0,PFBS,0.0645726056828193,0.666554399367035,False,up
WBGene00011035,2,1.0,PFBS,-0.118541406695996,0.666554399367035,False,down
WBGene00013137,2,0.6333333333333333,PFBS,-0.138437291016019,0.666968510612227,False,down
WBGene00007561,2,1.0,PFBS,-0.0786728008423,0.667078326736665,False,down
WBGene00013443,2,1.0,PFBS,-0.131246031752011,0.667147743855081,False,down
WBGene00004824,2,0.9333333333333333,PFBS,-0.0809254443310724,0.668594530471118,False,down
WBGene00019957,2,1.0,PFBS,-0.0946293691439035,0.668601605527767,False,down
WBGene00022856,2,1.0,PFBS,0.110754674234934,0.668733135539564,False,up
WBGene00019250,2,0.9666666666666667,PFBS,0.0747286966542813,0.669321331893335,False,up
WBGene00000536,2,1.0,PFBS,-0.0837143050927919,0.669676330704657,False,down
WBGene00010652,2,0.9,PFBS,-0.262650927164313,0.669676330704657,False,down
WBGene00044789,2,0.8666666666666667,PFBS,0.0958552717706866,0.669965817232277,False,up
WBGene00018427,2,1.0,PFBS,-0.241135037200251,0.670359686163605,False,down
WBGene00023487,2,1.0,PFBS,-0.107133544568513,0.67040429822147,False,down
WBGene00045455,2,0.9333333333333333,PFBS,0.148709629297594,0.670724087611115,False,up
WBGene00004474,2,1.0,PFBS,-0.0668358555298668,0.671117870255123,False,down
WBGene00013679,2,1.0,PFBS,-0.0769839335893407,0.671117870255123,False,down
WBGene00004446,2,1.0,PFBS,-0.0928903612244937,0.671117870255123,False,down
WBGene00014095,2,1.0,PFBS,-0.0656710137319011,0.671334418790629,False,down
WBGene00011979,2,0.9666666666666667,PFBS,-0.76633687235935,0.671513168174295,False,down
WBGene00021396,2,0.9666666666666667,PFBS,-0.144746577468293,0.671687432672356,False,down
WBGene00019435,2,0.9666666666666667,PFBS,-0.104588973855606,0.671749256010916,False,down
WBGene00018908,2,1.0,PFBS,-0.153768812437046,0.671835167648034,False,down
WBGene00000745,2,0.9,PFBS,-0.24238869332995,0.671835167648034,False,down
WBGene00043057,2,1.0,PFBS,-0.092561357717664,0.671967020087213,False,down
WBGene00012600,2,1.0,PFBS,-0.100293777793761,0.672652564304299,False,down
WBGene00194642,2,1.0,PFBS,-0.163927823864116,0.672652564304299,False,down
WBGene00019215,2,0.9333333333333333,PFBS,0.246372469542214,0.672980175078805,False,up
WBGene00020413,2,0.9666666666666667,PFBS,0.117920087774948,0.672980175078805,False,up
WBGene00009668,2,0.9333333333333333,PFBS,-0.0976817425696336,0.673426259146654,False,down
WBGene00004430,2,1.0,PFBS,-0.0683317130580434,0.673490150441391,False,down
WBGene00011333,2,1.0,PFBS,-0.0493162437735206,0.674062874881146,False,down
WBGene00022854,2,1.0,PFBS,-0.111705805800211,0.674062874881146,False,down
WBGene00013561,2,1.0,PFBS,-0.0976779492075572,0.674784317224199,False,down
WBGene00000228,2,1.0,PFBS,0.0589291934862868,0.67537855042792,False,up
WBGene00018544,2,0.9,PFBS,-0.320406494363338,0.677326452182771,False,down
WBGene00017349,2,1.0,PFBS,-0.171002322874974,0.677337274070556,False,down
WBGene00012393,2,1.0,PFBS,0.091539668780817,0.677650495393815,False,up
WBGene00001082,2,1.0,PFBS,0.0570100276319646,0.679611460026359,False,up
WBGene00019490,2,1.0,PFBS,-0.0727598541485987,0.679637903869035,False,down
WBGene00004205,2,0.6,PFBS,-0.073118429975864,0.679909372187059,False,down
WBGene00015405,2,1.0,PFBS,-0.0709780587143908,0.681006242961904,False,down
WBGene00000647,2,0.9,PFBS,-0.138077321803456,0.681564625207573,False,down
WBGene00015356,2,1.0,PFBS,-0.078499442541349,0.682586148099336,False,down
WBGene00009665,2,1.0,PFBS,-0.0907420933924969,0.682586148099336,False,down
WBGene00016544,2,1.0,PFBS,-0.175888893242696,0.682586148099336,False,down
WBGene00016710,2,0.9333333333333333,PFBS,0.0787735436361593,0.683509857952735,False,up
WBGene00044431,2,1.0,PFBS,-0.124014689485509,0.683779810814247,False,down
WBGene00012376,2,1.0,PFBS,-0.0662592328311151,0.683830195334161,False,down
WBGene00007233,2,0.9666666666666667,PFBS,-0.129558097251134,0.683830195334161,False,down
WBGene00018339,2,0.7666666666666667,PFBS,-0.0526601597566115,0.684440553235241,False,down
WBGene00009294,2,1.0,PFBS,-0.0913368534051014,0.684440553235241,False,down
WBGene00004501,2,1.0,PFBS,-0.0715903925603236,0.684693705292484,False,down
WBGene00012188,2,1.0,PFBS,-0.0881233575137719,0.684879915757051,False,down
WBGene00001743,2,1.0,PFBS,-0.0695838451386434,0.688270857853429,False,down
WBGene00010229,2,0.9666666666666667,PFBS,-0.113182931291494,0.688281306573587,False,down
WBGene00002915,2,1.0,PFBS,0.0847154924685725,0.68871370043752,False,up
WBGene00021657,2,0.9666666666666667,PFBS,-0.0976475531132377,0.689116555216342,False,down
WBGene00003059,2,1.0,PFBS,-0.106221872310236,0.690386084375825,False,down
WBGene00020417,2,1.0,PFBS,-0.0582489529858976,0.690617014658813,False,down
WBGene00013768,2,1.0,PFBS,-0.0888833185906129,0.691345239152783,False,down
WBGene00018374,2,0.9666666666666667,PFBS,-0.0717109238689927,0.692442976396294,False,down
WBGene00013332,2,1.0,PFBS,-0.078052592652894,0.69355022379737,False,down
WBGene00021800,2,0.6666666666666666,PFBS,-0.0462243306937678,0.693918007105103,False,down
WBGene00003220,2,1.0,PFBS,-0.0650704881582085,0.693918007105103,False,down
WBGene00015236,2,1.0,PFBS,-0.238196273375439,0.693918007105103,False,down
WBGene00022073,2,1.0,PFBS,0.0703427333860647,0.693958826084783,False,up
WBGene00018814,2,1.0,PFBS,-0.119286123770383,0.694810932067109,False,down
WBGene00001590,2,1.0,PFBS,-0.127485098193165,0.694810932067109,False,down
WBGene00000920,2,1.0,PFBS,-0.105706243614434,0.694991861334541,False,down
WBGene00010501,2,1.0,PFBS,-0.227642483616472,0.694991861334541,False,down
WBGene00001581,2,1.0,PFBS,0.12176151588472,0.695878183951815,False,up
WBGene00012354,2,1.0,PFBS,-0.0449470607998523,0.695885412210861,False,down
WBGene00016601,2,1.0,PFBS,-0.0615288642114252,0.695885412210861,False,down
WBGene00006994,2,1.0,PFBS,-0.0645060028061128,0.695885412210861,False,down
WBGene00012994,2,1.0,PFBS,-0.0655091657339087,0.695885412210861,False,down
WBGene00015755,2,1.0,PFBS,-0.0874002934085779,0.695885412210861,False,down
WBGene00000070,2,1.0,PFBS,-0.0784551448679165,0.696357940126931,False,down
WBGene00001332,2,0.9666666666666667,PFBS,-0.0874713784050095,0.697190819716321,False,down
WBGene00016060,2,0.8666666666666667,PFBS,-0.0562655621403774,0.698602968779255,False,down
WBGene00012715,2,1.0,PFBS,-0.14352913465798,0.699065289096246,False,down
WBGene00016173,2,1.0,PFBS,-0.0889546739382022,0.700047791476265,False,down
WBGene00003077,2,0.5666666666666667,PFBS,-0.0995443839056573,0.700047791476265,False,down
WBGene00020588,2,1.0,PFBS,-0.211456190964187,0.700047791476265,False,down
WBGene00001040,2,1.0,PFBS,-0.0983732516728577,0.700198805432699,False,down
WBGene00017372,2,1.0,PFBS,-0.074849111799317,0.700832840478847,False,down
WBGene00012032,2,0.9,PFBS,-0.478861677558257,0.700910601026992,False,down
WBGene00195084,2,1.0,PFBS,-0.21567599401356,0.70119988585036,False,down
WBGene00000846,2,1.0,PFBS,0.0772051681811756,0.701450469378248,False,up
WBGene00010396,2,1.0,PFBS,0.294498507578838,0.701911062975859,False,up
WBGene00044296,2,0.9,PFBS,0.149849502677077,0.70225281079233,False,up
WBGene00086566,2,1.0,PFBS,-0.0978079748809875,0.70225281079233,False,down
WBGene00021104,2,1.0,PFBS,0.0991890581544663,0.702678599074746,False,up
WBGene00001745,2,0.9666666666666667,PFBS,-0.0762904151552067,0.702678599074746,False,down
WBGene00001088,2,0.8666666666666667,PFBS,-0.0734059893189056,0.702835131988158,False,down
WBGene00008151,2,0.5666666666666667,PFBS,-0.0783779908701396,0.702835131988158,False,down
WBGene00007255,2,0.9666666666666667,PFBS,-0.117966094541152,0.702835131988158,False,down
WBGene00018423,2,1.0,PFBS,-0.159809788164569,0.704486156335493,False,down
WBGene00001752,2,0.9666666666666667,PFBS,0.297582083436853,0.706207361170475,False,up
WBGene00019754,2,1.0,PFBS,-0.330319750285929,0.706207361170475,False,down
WBGene00001429,2,0.9333333333333333,PFBS,0.120806230450401,0.708356535190004,False,up
WBGene00017782,2,1.0,PFBS,0.0697892517474576,0.708356535190004,False,up
WBGene00011367,2,0.9666666666666667,PFBS,0.10284467132667,0.70882456352544,False,up
WBGene00016210,2,1.0,PFBS,-0.0917063195158876,0.70882456352544,False,down
WBGene00021764,2,1.0,PFBS,-0.0585888148435792,0.708962026060334,False,down
WBGene00004439,2,1.0,PFBS,-0.0686433387274946,0.708962026060334,False,down
WBGene00000200,2,1.0,PFBS,0.0431698617954054,0.70983651886361,False,up
WBGene00012269,2,1.0,PFBS,0.203644498501916,0.71155146519723,False,up
WBGene00020052,2,1.0,PFBS,0.119134545930963,0.71155146519723,False,up
WBGene00011092,2,1.0,PFBS,0.0995095595077684,0.71155146519723,False,up
WBGene00014141,2,0.9333333333333333,PFBS,0.0953867308296077,0.71155146519723,False,up
WBGene00006383,2,1.0,PFBS,0.0609052114555504,0.71155146519723,False,up
WBGene00001580,2,1.0,PFBS,0.0594089630467634,0.71155146519723,False,up
WBGene00003898,2,1.0,PFBS,0.0543646836014958,0.71155146519723,False,up
WBGene00022021,2,1.0,PFBS,-0.0848506839442623,0.71155146519723,False,down
WBGene00000507,2,0.9666666666666667,PFBS,-0.0911039054627641,0.71155146519723,False,down
WBGene00007022,2,1.0,PFBS,-0.10636492970735,0.71155146519723,False,down
WBGene00011109,2,1.0,PFBS,-0.0926701427330816,0.711640184276281,False,down
WBGene00000207,2,1.0,PFBS,-0.0403115352085388,0.7124243480608,False,down
WBGene00010497,2,0.9666666666666667,PFBS,0.0966978512089003,0.71249214398445,False,up
WBGene00001503,2,1.0,PFBS,0.0602336422479758,0.71249214398445,False,up
WBGene00004729,2,1.0,PFBS,0.0509974058306687,0.713199212662684,False,up
WBGene00006698,2,1.0,PFBS,-0.0805126879920834,0.713959691257309,False,down
WBGene00013558,2,0.8666666666666667,PFBS,-0.0659748572276019,0.714310487894055,False,down
WBGene00006567,2,1.0,PFBS,-0.0840873685547445,0.714323516448445,False,down
WBGene00011870,2,1.0,PFBS,-0.153324916602854,0.71497933049681,False,down
WBGene00004047,2,1.0,PFBS,0.0490064583249512,0.715383137811642,False,up
WBGene00014060,2,1.0,PFBS,0.128802254189832,0.717703544537187,False,up
WBGene00011323,2,1.0,PFBS,0.0684200064078112,0.717703544537187,False,up
WBGene00008740,2,1.0,PFBS,-0.149497441330326,0.71977059913844,False,down
WBGene00008979,2,0.6,PFBS,0.0681122319577376,0.72017169388196,False,up
WBGene00008934,2,0.8666666666666667,PFBS,-0.0913477961232351,0.720628100615777,False,down
WBGene00008957,2,1.0,PFBS,-0.108142383395434,0.721774243530499,False,down
WBGene00044723,2,1.0,PFBS,-0.194821765495176,0.721774243530499,False,down
WBGene00010878,2,1.0,PFBS,-0.102116270571683,0.722298063023488,False,down
WBGene00004929,2,1.0,PFBS,0.053005434458795,0.722457542794891,False,up
WBGene00006062,2,1.0,PFBS,-0.0796192396829879,0.722457542794891,False,down
WBGene00019007,2,1.0,PFBS,-0.113237715214489,0.722796418698904,False,down
WBGene00008729,2,1.0,PFBS,-0.050190234405233,0.72446807684689,False,down
WBGene00000886,2,1.0,PFBS,-0.127143119063211,0.724518598759394,False,down
WBGene00018215,2,0.8666666666666667,PFBS,-0.118747793549917,0.725882863558487,False,down
WBGene00010959,2,0.9,PFBS,0.0663813887194904,0.726555166862596,False,up
WBGene00004245,2,1.0,PFBS,0.0693995270439756,0.72661428619679,False,up
WBGene00011890,2,1.0,PFBS,-0.0720417818465435,0.72661428619679,False,down
WBGene00018984,2,1.0,PFBS,-0.084638918028017,0.726721256530012,False,down
WBGene00011807,2,1.0,PFBS,0.0565391198351668,0.728287564061598,False,up
WBGene00001820,2,0.9666666666666667,PFBS,-0.165466293306976,0.728747731230341,False,down
WBGene00017767,2,1.0,PFBS,-0.198863625863899,0.729203168941751,False,down
WBGene00010304,2,0.9666666666666667,PFBS,-0.101565183301093,0.730603545331251,False,down
WBGene00017087,2,1.0,PFBS,-0.105967956999298,0.730675570443263,False,down
WBGene00008165,2,1.0,PFBS,-0.0532497815267626,0.731000978404907,False,down
WBGene00023477,2,1.0,PFBS,0.234674939119278,0.731277153021775,False,up
WBGene00018703,2,1.0,PFBS,-0.0490404736360066,0.731277153021775,False,down
WBGene00004969,2,1.0,PFBS,0.08096262594629,0.731362032440485,False,up
WBGene00020500,2,1.0,PFBS,0.0722139963420346,0.731362032440485,False,up
WBGene00013269,2,1.0,PFBS,-0.0820806775981145,0.731362032440485,False,down
WBGene00018723,2,1.0,PFBS,-0.152032927462007,0.731362032440485,False,down
WBGene00019813,2,1.0,PFBS,0.0683073866360167,0.731998054089017,False,up
WBGene00007993,2,1.0,PFBS,0.0472545813636917,0.731998054089017,False,up
WBGene00000079,2,0.8666666666666667,PFBS,-0.0668855719431707,0.732397032617247,False,down
WBGene00000391,2,0.6666666666666666,PFBS,-0.0841882614789911,0.7325582423749,False,down
WBGene00016979,2,1.0,PFBS,0.100159977121878,0.732942318974365,False,up
WBGene00006707,2,0.9333333333333333,PFBS,-0.0710899933832977,0.732942318974365,False,down
WBGene00019509,2,0.9666666666666667,PFBS,-0.137520272579658,0.733049737887002,False,down
WBGene00001404,2,1.0,PFBS,0.078822672784135,0.733413499654488,False,up
WBGene00021514,2,1.0,PFBS,-0.118879888146634,0.733413499654488,False,down
WBGene00007192,2,1.0,PFBS,-0.0426892162646862,0.734435787492499,False,down
WBGene00008212,2,1.0,PFBS,0.199469032782256,0.734485978764362,False,up
WBGene00009940,2,0.9666666666666667,PFBS,-0.0573728587293603,0.735764751937877,False,down
WBGene00001584,2,1.0,PFBS,-0.0688516436972942,0.735764751937877,False,down
WBGene00018812,2,0.9666666666666667,PFBS,0.0450476636157697,0.736579881871187,False,up
WBGene00017795,2,0.6333333333333333,PFBS,-0.0613125341114894,0.736579881871187,False,down
WBGene00006389,2,1.0,PFBS,-0.0885616347251482,0.736579881871187,False,down
WBGene00006477,2,1.0,PFBS,0.10113967204141,0.737651753399676,False,up
WBGene00000237,2,1.0,PFBS,-0.0474804360856234,0.737651753399676,False,down
WBGene00022152,2,1.0,PFBS,-0.0564562215801951,0.737651753399676,False,down
WBGene00010476,2,0.9666666666666667,PFBS,-0.0709410119273354,0.737651753399676,False,down
WBGene00000145,2,1.0,PFBS,-0.0995249229610098,0.737651753399676,False,down
WBGene00175035,2,1.0,PFBS,-0.175760109016316,0.737651753399676,False,down
WBGene00013591,2,0.6666666666666666,PFBS,0.0966811723097997,0.738119441825306,False,up
WBGene00019188,2,1.0,PFBS,-0.0547287191331882,0.738699785079041,False,down
WBGene00008254,2,1.0,PFBS,-0.0806491350714265,0.738866862578325,False,down
WBGene00022213,2,1.0,PFBS,-0.247686270334511,0.740161484155605,False,down
WBGene00019157,2,1.0,PFBS,0.0635963272689242,0.740598831246996,False,up
WBGene00016973,2,0.9666666666666667,PFBS,-0.236492201676884,0.741294265433457,False,down
WBGene00007557,2,0.9333333333333333,PFBS,-0.0842868619039069,0.744678382637528,False,down
WBGene00013441,2,1.0,PFBS,0.0552793673305916,0.745218648130707,False,up
WBGene00011180,2,1.0,PFBS,-0.132177745462119,0.745736885792329,False,down
WBGene00011804,2,1.0,PFBS,-0.128516550312489,0.745813637260713,False,down
WBGene00012602,2,1.0,PFBS,-0.0775228334133028,0.746255059603562,False,down
WBGene00012365,2,1.0,PFBS,-0.0827081419334011,0.746255059603562,False,down
WBGene00000462,2,1.0,PFBS,-0.0894058745740971,0.746255059603562,False,down
WBGene00022043,2,0.9666666666666667,PFBS,-0.177401353976254,0.746255059603562,False,down
WBGene00009793,2,1.0,PFBS,0.0607073481503698,0.746528313779662,False,up
WBGene00015025,2,1.0,PFBS,0.0497284060209013,0.746787032080946,False,up
WBGene00007008,2,1.0,PFBS,-0.04406824889273,0.746787032080946,False,down
WBGene00019971,2,1.0,PFBS,-0.0692876067988758,0.746787032080946,False,down
WBGene00016152,2,0.9666666666666667,PFBS,0.236638965914021,0.747515731791971,False,up
WBGene00003001,2,0.9,PFBS,-0.0939333432354489,0.747637839530633,False,down
WBGene00022460,2,1.0,PFBS,-0.0991078964768024,0.747671302054243,False,down
WBGene00000762,2,1.0,PFBS,-0.0795225117265723,0.747757860409466,False,down
WBGene00001365,2,0.9666666666666667,PFBS,-0.0673312082898233,0.748433984202279,False,down
WBGene00007702,2,0.9666666666666667,PFBS,-0.123100824526631,0.749076590553394,False,down
WBGene00007109,2,1.0,PFBS,0.10990020396844,0.750146784493523,False,up
WBGene00004854,2,1.0,PFBS,-0.06060774357582,0.750146784493523,False,down
WBGene00016387,2,1.0,PFBS,-0.161323666769441,0.750146784493523,False,down
WBGene00020099,2,0.6,PFBS,-0.0872251601562423,0.750236747920602,False,down
WBGene00007549,2,1.0,PFBS,-0.117504915452878,0.750236747920602,False,down
WBGene00008978,2,0.9,PFBS,-0.127788478646574,0.750236747920602,False,down
WBGene00019620,2,1.0,PFBS,0.0810811125033446,0.750584525505759,False,up
WBGene00009672,2,0.9,PFBS,0.0546808862874283,0.750584525505759,False,up
WBGene00016495,2,0.5666666666666667,PFBS,-0.0767851821680619,0.750584525505759,False,down
WBGene00009451,2,0.9666666666666667,PFBS,-0.0620685143272559,0.751266931356792,False,down
WBGene00018088,2,1.0,PFBS,-0.0780402224333392,0.751266931356792,False,down
WBGene00009284,2,1.0,PFBS,0.0577232174626104,0.751711054049727,False,up
WBGene00000075,2,1.0,PFBS,-0.0932592980536064,0.751711054049727,False,down
WBGene00012276,2,1.0,PFBS,-0.140437477074617,0.751711054049727,False,down
WBGene00017313,2,1.0,PFBS,-0.0565067972555876,0.752304781361097,False,down
WBGene00020064,2,0.5666666666666667,PFBS,-0.21670907143093,0.753524308770301,False,down
WBGene00015035,2,1.0,PFBS,-0.123232867734813,0.75421950066225,False,down
WBGene00001682,2,1.0,PFBS,-0.0586657118883094,0.75434983087543,False,down
WBGene00018793,2,1.0,PFBS,-0.0657928661940821,0.756305134097012,False,down
WBGene00016171,2,0.9666666666666667,PFBS,-0.0687495572311314,0.756564589062059,False,down
WBGene00022166,2,1.0,PFBS,-0.0529066925174187,0.756789731355379,False,down
WBGene00003825,2,0.9666666666666667,PFBS,-0.0395701982182963,0.757671821507045,False,down
WBGene00003953,2,1.0,PFBS,-0.0773738988310483,0.757671821507045,False,down
WBGene00011887,2,1.0,PFBS,0.0546915845475495,0.757798231442411,False,up
WBGene00018361,2,1.0,PFBS,-0.0606600840711098,0.757798231442411,False,down
WBGene00021377,2,1.0,PFBS,-0.0565374848258407,0.758239453186696,False,down
WBGene00020633,2,1.0,PFBS,0.0667851004645416,0.759365478390672,False,up
WBGene00017159,2,0.9666666666666667,PFBS,0.0805067916415749,0.759416868149748,False,up
WBGene00013920,2,1.0,PFBS,0.0663760835475313,0.759416868149748,False,up
WBGene00018635,2,0.6666666666666666,PFBS,-0.0728705102849272,0.759416868149748,False,down
WBGene00044310,2,1.0,PFBS,-0.097229467957623,0.759416868149748,False,down
WBGene00008091,2,1.0,PFBS,0.125591497126974,0.760521686606909,False,up
WBGene00017900,2,0.9,PFBS,0.0548880716243157,0.760788422416913,False,up
WBGene00017974,2,1.0,PFBS,0.0476786861137077,0.760788422416913,False,up
WBGene00018383,2,0.9666666666666667,PFBS,-0.156692635456582,0.760788422416913,False,down
WBGene00018342,2,1.0,PFBS,-0.121782915928156,0.760872412063866,False,down
WBGene00006368,2,0.9,PFBS,-0.0760698483590224,0.761191699044188,False,down
WBGene00009992,2,1.0,PFBS,-0.0424744873001323,0.761711728058222,False,down
WBGene00013404,2,0.8666666666666667,PFBS,-0.226309805734499,0.762106749981712,False,down
WBGene00010521,2,1.0,PFBS,-0.195567258379427,0.762386245619534,False,down
WBGene00001860,2,1.0,PFBS,-0.0448034102263824,0.763305867284472,False,down
WBGene00001093,2,1.0,PFBS,0.0411241185789119,0.763535310150459,False,up
WBGene00044008,2,0.7,PFBS,-0.0660676973331989,0.763535310150459,False,down
WBGene00006896,2,0.9333333333333333,PFBS,0.0609855508147251,0.763858887507715,False,up
WBGene00016735,2,1.0,PFBS,0.0564244977942649,0.763858887507715,False,up
WBGene00008279,2,0.9333333333333333,PFBS,-0.2983481932911,0.763858887507715,False,down
WBGene00018999,2,1.0,PFBS,0.132261662969973,0.764116252223086,False,up
WBGene00004361,2,0.7666666666666667,PFBS,0.0691486197714883,0.764116252223086,False,up
WBGene00044989,2,1.0,PFBS,-0.0443004962702932,0.764116252223086,False,down
WBGene00003594,2,1.0,PFBS,-0.0504970758681981,0.764116252223086,False,down
WBGene00016069,2,1.0,PFBS,-0.144411030607455,0.764116252223086,False,down
WBGene00010286,2,1.0,PFBS,-0.070577092448666,0.764369580202355,False,down
WBGene00007113,2,1.0,PFBS,0.0838856422429453,0.764807031122831,False,up
WBGene00018520,2,0.9666666666666667,PFBS,-0.0458937763066639,0.765255919058626,False,down
WBGene00013551,2,1.0,PFBS,0.0983277712863284,0.766065420778593,False,up
WBGene00006726,2,1.0,PFBS,-0.102466370044077,0.766065420778593,False,down
WBGene00009783,2,0.8666666666666667,PFBS,0.0483852492789053,0.766331239521702,False,up
WBGene00001651,2,0.9333333333333333,PFBS,-0.0456543706457035,0.766553104541134,False,down
WBGene00011308,2,0.9666666666666667,PFBS,-0.0599382073841414,0.766879891518099,False,down
WBGene00003941,2,1.0,PFBS,0.0604160627828454,0.768700084555726,False,up
WBGene00007261,2,1.0,PFBS,0.051609250005762,0.768700084555726,False,up
WBGene00001007,2,1.0,PFBS,0.0504988688727132,0.768998819073284,False,up
WBGene00017757,2,1.0,PFBS,-0.0682801156829101,0.771288437351301,False,down
WBGene00009918,2,1.0,PFBS,-0.0899436027029325,0.771895296921369,False,down
WBGene00016391,2,1.0,PFBS,-0.0614535359817844,0.772313871523706,False,down
WBGene00004121,2,1.0,PFBS,-0.0475333007110014,0.772796895970538,False,down
WBGene00008868,2,0.9666666666666667,PFBS,-0.0764162685709605,0.772796895970538,False,down
WBGene00015789,2,1.0,PFBS,0.083165275890355,0.772828749510272,False,up
WBGene00021160,2,1.0,PFBS,0.260742792793087,0.772849677365082,False,up
WBGene00003831,2,1.0,PFBS,-0.0406509819633118,0.77331128891074,False,down
WBGene00018634,2,1.0,PFBS,0.078912744491551,0.773319718054447,False,up
WBGene00007100,2,1.0,PFBS,0.060227645834941,0.773319718054447,False,up
WBGene00044318,2,1.0,PFBS,-0.0915631731700655,0.773611993406588,False,down
WBGene00008598,2,1.0,PFBS,0.179343562448442,0.77407951906831,False,up
WBGene00004204,2,0.9666666666666667,PFBS,-0.0452796247273446,0.774380852696285,False,down
WBGene00010083,2,1.0,PFBS,-0.0778150166396039,0.774919024939875,False,down
WBGene00016278,2,1.0,PFBS,0.0392401420475565,0.775033256589359,False,up
WBGene00008457,2,1.0,PFBS,-0.0993299083785203,0.775760534903633,False,down
WBGene00001808,2,1.0,PFBS,-0.113457702814014,0.775804194323135,False,down
WBGene00022645,2,1.0,PFBS,-0.337877370253027,0.775961446524082,False,down
WBGene00016551,2,1.0,PFBS,-0.138912645281209,0.776328073816034,False,down
WBGene00016674,2,0.9666666666666667,PFBS,0.11750721477175,0.77717097871287,False,up
WBGene00000952,2,0.9666666666666667,PFBS,-0.161735234613577,0.77717097871287,False,down
WBGene00010481,2,1.0,PFBS,-0.0892051708466519,0.777266743959404,False,down
WBGene00012734,2,0.9666666666666667,PFBS,-0.0692856840935313,0.777441869087348,False,down
WBGene00019554,2,1.0,PFBS,0.0623816697440703,0.777662865806447,False,up
WBGene00010459,2,1.0,PFBS,0.0830946749689792,0.777720690659914,False,up
WBGene00017758,2,1.0,PFBS,0.0711340482318526,0.777720690659914,False,up
WBGene00009011,2,1.0,PFBS,-0.063526984170451,0.777720690659914,False,down
WBGene00004831,2,0.9333333333333333,PFBS,-0.0583383592414845,0.778415779970575,False,down
WBGene00013139,2,0.5333333333333333,PFBS,-0.066299912328992,0.778467896856217,False,down
WBGene00001039,2,0.6,PFBS,-0.0970937525944315,0.7786708694918,False,down
WBGene00021128,2,0.9666666666666667,PFBS,0.0720612000365464,0.779417577501533,False,up
WBGene00009661,2,0.9,PFBS,0.0403984748295554,0.779417577501533,False,up
WBGene00010647,2,1.0,PFBS,-0.145171530662612,0.779417577501533,False,down
WBGene00018742,2,0.8666666666666667,PFBS,0.108457408023827,0.779566576191881,False,up
WBGene00002251,2,0.9666666666666667,PFBS,0.0509476565090808,0.779566576191881,False,up
WBGene00015450,2,1.0,PFBS,-0.0621283851193476,0.779768826820194,False,down
WBGene00018963,2,1.0,PFBS,-0.0375762857820995,0.780163776165762,False,down
WBGene00017269,2,0.9,PFBS,-0.107264257044284,0.780163776165762,False,down
WBGene00022246,2,1.0,PFBS,0.101817210598509,0.780506729297504,False,up
WBGene00019017,2,1.0,PFBS,0.085361612256666,0.780506729297504,False,up
WBGene00009343,2,1.0,PFBS,0.0781875644166617,0.780506729297504,False,up
WBGene00006520,2,1.0,PFBS,0.07729225614134,0.780506729297504,False,up
WBGene00010089,2,1.0,PFBS,-0.060087324483971,0.780506729297504,False,down
WBGene00013201,2,0.9333333333333333,PFBS,-0.0645640469755274,0.780506729297504,False,down
WBGene00018885,2,1.0,PFBS,-0.0899097559058885,0.780506729297504,False,down
WBGene00007710,2,1.0,PFBS,-0.136110854345362,0.780506729297504,False,down
WBGene00012489,2,0.9666666666666667,PFBS,-0.183857458218332,0.780506729297504,False,down
WBGene00017284,2,1.0,PFBS,0.0454868494057691,0.781264335822694,False,up
WBGene00001185,2,1.0,PFBS,0.124022997574597,0.78239192951145,False,up
WBGene00017687,2,1.0,PFBS,0.0771219275705215,0.782906124226718,False,up
WBGene00006933,2,1.0,PFBS,0.042099732281177,0.782906124226718,False,up
WBGene00004332,2,0.9666666666666667,PFBS,-0.0752992371761802,0.783400923068727,False,down
WBGene00006937,2,1.0,PFBS,-0.0580078709937567,0.783482853653412,False,down
WBGene00020516,2,1.0,PFBS,0.0819159239915136,0.783938910991846,False,up
WBGene00012712,2,0.9666666666666667,PFBS,0.0704940941470583,0.783938910991846,False,up
WBGene00014965,2,1.0,PFBS,0.0595937363595315,0.783938910991846,False,up
WBGene00018710,2,1.0,PFBS,0.0464251697658162,0.783938910991846,False,up
WBGene00000869,2,1.0,PFBS,-0.0318548893494579,0.783938910991846,False,down
WBGene00011864,2,1.0,PFBS,-0.0453186987187692,0.783938910991846,False,down
WBGene00017240,2,0.9,PFBS,-0.0586591426092615,0.783938910991846,False,down
WBGene00004203,2,0.8666666666666667,PFBS,-0.0638246578733968,0.783938910991846,False,down
WBGene00022803,2,1.0,PFBS,-0.0884955307829193,0.783938910991846,False,down
WBGene00013967,2,0.9333333333333333,PFBS,-0.0923207904351104,0.783938910991846,False,down
WBGene00005020,2,1.0,PFBS,-0.073560345475053,0.784059396542508,False,down
WBGene00000292,2,0.9,PFBS,0.0382045607513119,0.784762235760348,False,up
WBGene00017262,2,0.8666666666666667,PFBS,-0.0688633903892005,0.784762235760348,False,down
WBGene00018395,2,1.0,PFBS,-0.0305369011515644,0.785002070886583,False,down
WBGene00009138,2,1.0,PFBS,-0.0907837341871846,0.785018611543729,False,down
WBGene00010351,2,1.0,PFBS,-0.151501516685994,0.785018611543729,False,down
WBGene00044322,2,1.0,PFBS,-0.0828912227276235,0.785217917578133,False,down
WBGene00011580,2,1.0,PFBS,-0.0442871904936312,0.785778932086522,False,down
WBGene00016182,2,1.0,PFBS,-0.0800680572520857,0.785778932086522,False,down
WBGene00016294,2,0.6,PFBS,0.086603823322461,0.786767248013167,False,up
WBGene00008785,2,0.8,PFBS,-0.238592731538244,0.786857307519056,False,down
WBGene00011747,2,0.9666666666666667,PFBS,-0.0468783388893251,0.787323327424155,False,down
WBGene00044204,2,0.9,PFBS,-0.103238804365057,0.787323327424155,False,down
WBGene00018472,2,0.6666666666666666,PFBS,-0.148744981618554,0.787323327424155,False,down
WBGene00000246,2,1.0,PFBS,0.0892429220212276,0.788007253627203,False,up
WBGene00000407,2,0.9666666666666667,PFBS,0.078815588170419,0.788072668830596,False,up
WBGene00022491,2,1.0,PFBS,-0.0529234530286788,0.788072668830596,False,down
WBGene00009090,2,0.9666666666666667,PFBS,0.284547274688859,0.788219537812401,False,up
WBGene00004046,2,1.0,PFBS,-0.0406143458403012,0.788291919671753,False,down
WBGene00000266,2,0.9666666666666667,PFBS,0.0396862426282124,0.788460763166975,False,up
WBGene00017929,2,0.9666666666666667,PFBS,0.0535196868445954,0.788913490984432,False,up
WBGene00011722,2,1.0,PFBS,-0.0510654503190879,0.789407384137709,False,down
WBGene00003994,2,0.9666666666666667,PFBS,0.0916864431606885,0.789696557076281,False,up
WBGene00006593,2,1.0,PFBS,0.0382578467760294,0.790571084649066,False,up
WBGene00003948,2,0.9666666666666667,PFBS,-0.0648102761773326,0.790571084649066,False,down
WBGene00003947,2,0.5333333333333333,PFBS,-0.06584764691192,0.790879802803944,False,down
WBGene00010068,2,1.0,PFBS,-0.192120112418565,0.790879802803944,False,down
WBGene00018878,2,1.0,PFBS,0.0651797550788857,0.7910492540182,False,up
WBGene00021063,2,1.0,PFBS,-0.0518995039586359,0.7910492540182,False,down
WBGene00001874,2,1.0,PFBS,-0.0394622460071234,0.791469083344523,False,down
WBGene00008546,2,1.0,PFBS,-0.0788780065009692,0.791469083344523,False,down
WBGene00006679,2,0.9666666666666667,PFBS,-0.158253324201661,0.79219557459291,False,down
WBGene00011034,2,1.0,PFBS,-0.0596094136797837,0.792274326636797,False,down
WBGene00021295,2,1.0,PFBS,-0.0769610046437091,0.792274326636797,False,down
WBGene00010875,2,1.0,PFBS,-0.0482552231727613,0.793140958179647,False,down
WBGene00008339,2,1.0,PFBS,0.0482715899438146,0.793424940464187,False,up
WBGene00002783,2,1.0,PFBS,-0.0779872158466946,0.796338930858646,False,down
WBGene00018009,2,1.0,PFBS,-0.0553451960823181,0.796402001337603,False,down
WBGene00006713,2,1.0,PFBS,-0.060556517735201,0.796664378668918,False,down
WBGene00001646,2,1.0,PFBS,-0.0959608309595099,0.797683942888173,False,down
WBGene00021419,2,1.0,PFBS,0.0908793497077532,0.798534086806276,False,up
WBGene00021401,2,1.0,PFBS,0.0543524531909214,0.798534086806276,False,up
WBGene00022360,2,1.0,PFBS,-0.0464423006076519,0.798534086806276,False,down
WBGene00000210,2,1.0,PFBS,-0.0513476866972057,0.798534086806276,False,down
WBGene00009027,2,1.0,PFBS,-0.0493547359073994,0.798775353721963,False,down
WBGene00018016,2,0.9666666666666667,PFBS,-0.0814920579418866,0.798798718109769,False,down
WBGene00008488,2,1.0,PFBS,-0.114341859758217,0.798798718109769,False,down
WBGene00004855,2,0.9666666666666667,PFBS,-0.0497210870559205,0.79895939110213,False,down
WBGene00022378,2,1.0,PFBS,-0.0767804831159356,0.79895939110213,False,down
WBGene00016489,2,1.0,PFBS,-0.0428992173129725,0.799751442380776,False,down
WBGene00017982,2,1.0,PFBS,-0.0918791559552249,0.799751442380776,False,down
WBGene00019972,2,0.9,PFBS,-0.19650971323193,0.799751442380776,False,down
WBGene00021282,2,1.0,PFBS,-0.108614961461051,0.800115129180956,False,down
WBGene00014938,2,0.5333333333333333,PFBS,-0.0868029554000098,0.800304278092381,False,down
WBGene00020843,2,1.0,PFBS,-0.0629854714121748,0.800340350093401,False,down
WBGene00000839,2,0.9666666666666667,PFBS,-0.0371981979069323,0.800563262376371,False,down
WBGene00004806,2,1.0,PFBS,-0.0438426185558278,0.800563262376371,False,down
WBGene00019221,2,1.0,PFBS,-0.0600776885464202,0.800563262376371,False,down
WBGene00004743,2,0.9666666666666667,PFBS,0.0503837375719238,0.800980950422477,False,up
WBGene00006365,2,0.9666666666666667,PFBS,-0.0618713962029436,0.800980950422477,False,down
WBGene00003949,2,1.0,PFBS,-0.0585187465533552,0.80112636942176,False,down
WBGene00011338,2,1.0,PFBS,-0.0449208853622195,0.801896892126105,False,down
WBGene00011828,2,1.0,PFBS,-0.0455897262927861,0.802023409594318,False,down
WBGene00011164,2,1.0,PFBS,0.147476638397746,0.802089309874448,False,up
WBGene00020397,2,1.0,PFBS,-0.0716583659880374,0.802469892457953,False,down
WBGene00014182,2,1.0,PFBS,-0.252116039054391,0.803041258938322,False,down
WBGene00000537,2,1.0,PFBS,0.0550334180643374,0.803239970494699,False,up
WBGene00020403,2,0.9666666666666667,PFBS,0.0471272287681701,0.803239970494699,False,up
WBGene00000884,2,1.0,PFBS,-0.0494055778921686,0.803239970494699,False,down
WBGene00185079,2,1.0,PFBS,-0.0778137521451222,0.803239970494699,False,down
WBGene00012952,2,1.0,PFBS,-0.163625218903372,0.803239970494699,False,down
WBGene00012943,2,1.0,PFBS,0.0683760736105903,0.803963889931523,False,up
WBGene00013270,2,1.0,PFBS,0.060119932409053,0.803963889931523,False,up
WBGene00001112,2,1.0,PFBS,0.0423059582565561,0.803963889931523,False,up
WBGene00018638,2,1.0,PFBS,0.0397778819083187,0.803963889931523,False,up
WBGene00007135,2,1.0,PFBS,-0.0522214389623081,0.803963889931523,False,down
WBGene00044651,2,1.0,PFBS,-0.0612043667432927,0.803963889931523,False,down
WBGene00006911,2,1.0,PFBS,0.03762201950446,0.804612303870009,False,up
WBGene00255600,2,1.0,PFBS,0.101328015142978,0.804652190387147,False,up
WBGene00018527,2,0.9666666666666667,PFBS,0.148234289402412,0.804869978393297,False,up
WBGene00003019,2,1.0,PFBS,0.0461078216835355,0.804918909111789,False,up
WBGene00006442,2,1.0,PFBS,-0.048790510872379,0.805797729373068,False,down
WBGene00013436,2,1.0,PFBS,-0.0649452321192665,0.806336452602925,False,down
WBGene00045507,2,1.0,PFBS,0.0517613790346521,0.806739165932232,False,up
WBGene00003225,2,1.0,PFBS,0.0468338455396128,0.806791238859223,False,up
WBGene00004506,2,1.0,PFBS,-0.0478128531581629,0.806791238859223,False,down
WBGene00013804,2,1.0,PFBS,-0.0516626507745337,0.80764074725866,False,down
WBGene00007434,2,1.0,PFBS,-0.0580320461662791,0.80773581994772,False,down
WBGene00016942,2,1.0,PFBS,-0.289739677514617,0.807859810217209,False,down
WBGene00008891,2,0.9,PFBS,-0.0977754430649139,0.80790193392001,False,down
WBGene00015313,2,0.9666666666666667,PFBS,-0.087586171526221,0.808174662218304,False,down
WBGene00016989,2,1.0,PFBS,0.0483239497643591,0.809196443286714,False,up
WBGene00001583,2,1.0,PFBS,-0.0557215757006449,0.809370828358952,False,down
WBGene00003164,2,1.0,PFBS,-0.0590757847951746,0.809370828358952,False,down
WBGene00045276,2,1.0,PFBS,-0.283164729837982,0.809370828358952,False,down
WBGene00016990,2,0.9,PFBS,0.0510103745205802,0.809429343004767,False,up
WBGene00015540,2,1.0,PFBS,-0.0639380989303193,0.809429343004767,False,down
WBGene00044413,2,1.0,PFBS,-0.131337211132989,0.809429343004767,False,down
WBGene00023491,2,0.9666666666666667,PFBS,0.0575828981244532,0.809881467136782,False,up
WBGene00020464,2,1.0,PFBS,-0.0627491764158561,0.809954423911679,False,down
WBGene00004143,2,0.9666666666666667,PFBS,-0.0495457475795658,0.809987251873508,False,down
WBGene00017000,2,1.0,PFBS,-0.123621384723892,0.809987251873508,False,down
WBGene00017895,2,1.0,PFBS,-0.0420057048340674,0.810602287282505,False,down
WBGene00008456,2,0.9666666666666667,PFBS,0.0725125279497504,0.810650102828013,False,up
WBGene00002324,2,1.0,PFBS,-0.0640221095795318,0.811241298704101,False,down
WBGene00006714,2,0.9666666666666667,PFBS,-0.0656031044210097,0.811776163192488,False,down
WBGene00004460,2,1.0,PFBS,-0.0582306233893173,0.811847733819498,False,down
WBGene00010908,2,0.8666666666666667,PFBS,-0.0370568168307814,0.812821817714015,False,down
WBGene00018718,2,1.0,PFBS,0.0594367455648072,0.813487550327639,False,up
WBGene00001898,2,0.8666666666666667,PFBS,0.0568979610273821,0.813550326974791,False,up
WBGene00012559,2,1.0,PFBS,-0.0542695571465805,0.814328476503831,False,down
WBGene00021736,2,1.0,PFBS,-0.0659943304021681,0.81482994025759,False,down
WBGene00014035,2,0.9666666666666667,PFBS,0.0845299808938812,0.815511784152633,False,up
WBGene00006465,2,0.9,PFBS,-0.0459498702980842,0.815582659870982,False,down
WBGene00014227,2,1.0,PFBS,-0.0575013189026198,0.816183842081939,False,down
WBGene00006433,2,1.0,PFBS,-0.0342959329886372,0.816916038915661,False,down
WBGene00015017,2,0.9666666666666667,PFBS,-0.0512505393471107,0.817052797974231,False,down
WBGene00044345,2,1.0,PFBS,-0.0560625515215083,0.817293625331103,False,down
WBGene00010317,2,1.0,PFBS,0.0666510983152395,0.817366060175152,False,up
WBGene00008763,2,0.9333333333333333,PFBS,0.175300529731167,0.817378116970627,False,up
WBGene00003924,2,0.6666666666666666,PFBS,-0.0491037761575196,0.817378116970627,False,down
WBGene00016188,2,0.8333333333333334,PFBS,-0.0517855940619134,0.817691943913345,False,down
WBGene00020094,2,1.0,PFBS,-0.0521939214446285,0.817928767779228,False,down
WBGene00020237,2,1.0,PFBS,-0.150871597596428,0.817928767779228,False,down
WBGene00015485,2,0.9333333333333333,PFBS,-0.0389685771054554,0.81816133470301,False,down
WBGene00010960,2,0.9666666666666667,PFBS,0.0602232328489271,0.818524630998408,False,up
WBGene00012167,2,1.0,PFBS,-0.0648604439152113,0.818524630998408,False,down
WBGene00021938,2,1.0,PFBS,-0.0371896314334197,0.818614209802414,False,down
WBGene00006522,2,1.0,PFBS,-0.095921007546188,0.818614209802414,False,down
WBGene00018397,2,0.9,PFBS,-0.175133974971811,0.818614209802414,False,down
WBGene00010631,2,1.0,PFBS,0.0260199573588697,0.818662680388104,False,up
WBGene00010279,2,0.9666666666666667,PFBS,0.0393162237621056,0.819154713904381,False,up
WBGene00015806,2,0.9666666666666667,PFBS,-0.0530814898696452,0.819154713904381,False,down
WBGene00017825,2,0.9666666666666667,PFBS,0.0564679880837414,0.819336591523649,False,up
WBGene00022192,2,1.0,PFBS,-0.0424214877669575,0.8216165665043,False,down
WBGene00015885,2,1.0,PFBS,0.0737668220401644,0.82167788438453,False,up
WBGene00002067,2,1.0,PFBS,-0.0640295140063539,0.821739056572596,False,down
WBGene00019163,2,0.7666666666666667,PFBS,-0.0429750432592326,0.822162061661031,False,down
WBGene00005002,2,1.0,PFBS,0.166952415597913,0.824218715911808,False,up
WBGene00003085,2,1.0,PFBS,0.0319796978020596,0.824218715911808,False,up
WBGene00013123,2,1.0,PFBS,-0.0463716640242996,0.824625138939379,False,down
WBGene00007949,2,0.8,PFBS,-0.247914471183596,0.824854333060542,False,down
WBGene00019963,2,0.9666666666666667,PFBS,-0.312245783349992,0.824854333060542,False,down
WBGene00007695,2,1.0,PFBS,0.0600616076473619,0.825215240713375,False,up
WBGene00020970,2,0.9666666666666667,PFBS,0.039520650278906,0.825215240713375,False,up
WBGene00006671,2,1.0,PFBS,0.0493616309258796,0.825475805264616,False,up
WBGene00004744,2,1.0,PFBS,-0.0378845020343244,0.825618118489945,False,down
WBGene00019849,2,0.9,PFBS,-0.229606298238913,0.82578212727748,False,down
WBGene00017046,2,0.9,PFBS,0.0419170690363829,0.826020190594121,False,up
WBGene00007287,2,1.0,PFBS,0.0374818630490825,0.826020190594121,False,up
WBGene00002225,2,0.9666666666666667,PFBS,0.0555180824148925,0.826244860093079,False,up
WBGene00011055,2,0.9666666666666667,PFBS,0.0642873852665456,0.826424359497485,False,up
WBGene00022281,2,1.0,PFBS,0.0729253066284723,0.826503111790629,False,up
WBGene00002262,2,1.0,PFBS,0.0686697918616614,0.826503111790629,False,up
WBGene00017184,2,1.0,PFBS,-0.0530061746042254,0.827599743678183,False,down
WBGene00044338,2,1.0,PFBS,0.121745752710196,0.828028418093524,False,up
WBGene00022269,2,1.0,PFBS,-0.06105508666241,0.828028418093524,False,down
WBGene00013690,2,0.9666666666666667,PFBS,-0.0841384106431904,0.828028418093524,False,down
WBGene00018337,2,0.9333333333333333,PFBS,-0.090144790740388,0.828028418093524,False,down
WBGene00010436,2,1.0,PFBS,-0.102589960648611,0.828028418093524,False,down
WBGene00018939,2,0.9333333333333333,PFBS,0.0911636906115045,0.828578205752793,False,up
WBGene00002243,2,1.0,PFBS,-0.0482919158048202,0.828933034077291,False,down
WBGene00013347,2,1.0,PFBS,-0.0488264495460528,0.829740480074141,False,down
WBGene00007018,2,1.0,PFBS,-0.0681548078619396,0.830191245499054,False,down
WBGene00008548,2,0.9666666666666667,PFBS,0.0560431780709059,0.830550368622699,False,up
WBGene00000105,2,0.6,PFBS,-0.0552602114896627,0.830550368622699,False,down
WBGene00001249,2,1.0,PFBS,0.054837697725565,0.83075902586508,False,up
WBGene00000936,2,1.0,PFBS,0.0430969524312758,0.830864441584739,False,up
WBGene00011268,2,1.0,PFBS,-0.0432212993242985,0.830864441584739,False,down
WBGene00022128,2,1.0,PFBS,0.0350187197664921,0.831328783880997,False,up
WBGene00013011,2,1.0,PFBS,0.027255594065072,0.831328783880997,False,up
WBGene00006869,2,1.0,PFBS,-0.0617161222448086,0.831328783880997,False,down
WBGene00017286,2,1.0,PFBS,-0.0453012551931377,0.83147670588586,False,down
WBGene00017962,2,1.0,PFBS,-0.218142811428827,0.83188308656253,False,down
WBGene00017161,2,1.0,PFBS,0.0369038585180509,0.8319751288378,False,up
WBGene00019715,2,1.0,PFBS,0.0375037391388943,0.832137381531991,False,up
WBGene00021061,2,1.0,PFBS,-0.0479693668580312,0.832598482759416,False,down
WBGene00008944,2,1.0,PFBS,0.0964909151245761,0.833425542342047,False,up
WBGene00020471,2,1.0,PFBS,0.063835773720106,0.833425542342047,False,up
WBGene00011884,2,0.8666666666666667,PFBS,0.0436804936209439,0.834430361405852,False,up
WBGene00014228,2,0.9666666666666667,PFBS,-0.0632892445904445,0.836742736645182,False,down
WBGene00016337,2,1.0,PFBS,0.159857395574963,0.837217512546586,False,up
WBGene00001060,2,1.0,PFBS,0.0349251237347501,0.837217512546586,False,up
WBGene00016166,2,0.9666666666666667,PFBS,-0.0471383372136238,0.837217512546586,False,down
WBGene00011123,2,1.0,PFBS,-0.0671949525279499,0.837217512546586,False,down
WBGene00012608,2,1.0,PFBS,-0.110630741108937,0.837217512546586,False,down
WBGene00007652,2,1.0,PFBS,-0.0563578336068429,0.837365732897945,False,down
WBGene00015581,2,1.0,PFBS,-0.0360906463514473,0.83933946027629,False,down
WBGene00018779,2,1.0,PFBS,0.0625352980016098,0.839503974480613,False,up
WBGene00000880,2,0.9666666666666667,PFBS,-0.0318622027793879,0.839503974480613,False,down
WBGene00044720,2,1.0,PFBS,-0.0450790499910008,0.839503974480613,False,down
WBGene00011335,2,1.0,PFBS,-0.0860982548248291,0.839503974480613,False,down
WBGene00002064,2,1.0,PFBS,-0.090740577038337,0.839503974480613,False,down
WBGene00001980,2,1.0,PFBS,-0.0340142841330328,0.839703066214743,False,down
WBGene00009267,2,1.0,PFBS,-0.0440668927988993,0.839703066214743,False,down
WBGene00012807,2,0.9,PFBS,0.0610343771120328,0.840486225624027,False,up
WBGene00013273,2,1.0,PFBS,0.05536628649135,0.840592556491739,False,up
WBGene00015487,2,1.0,PFBS,-0.0564558254999596,0.840943194819657,False,down
WBGene00007236,2,1.0,PFBS,-0.0583820490690099,0.840996853849913,False,down
WBGene00021626,2,0.9666666666666667,PFBS,0.0538874454006413,0.841675891651481,False,up
WBGene00002994,2,0.9666666666666667,PFBS,-0.0337218897614434,0.841991641186663,False,down
WBGene00013352,2,0.9666666666666667,PFBS,0.0502387129808574,0.84209907537073,False,up
WBGene00001336,2,1.0,PFBS,-0.0285544945153376,0.842856679963994,False,down
WBGene00007520,2,0.9666666666666667,PFBS,-0.0369242115256384,0.843045356080847,False,down
WBGene00206418,2,1.0,PFBS,-0.0879442264983558,0.843045356080847,False,down
WBGene00017909,2,1.0,PFBS,-0.106539695790905,0.843045356080847,False,down
WBGene00010867,2,0.9666666666666667,PFBS,0.0449060956646225,0.843888904476664,False,up
WBGene00007941,2,0.9666666666666667,PFBS,-0.0496416619894324,0.843888904476664,False,down
WBGene00006589,2,1.0,PFBS,-0.0823891767370753,0.843888904476664,False,down
WBGene00044326,2,1.0,PFBS,-0.041226018200165,0.84439426391958,False,down
WBGene00022702,2,1.0,PFBS,0.0552580977127192,0.844850300436557,False,up
WBGene00016011,2,0.8333333333333334,PFBS,-0.0585409940034469,0.845192152645029,False,down
WBGene00018985,2,0.9666666666666667,PFBS,-0.0705026826965668,0.846043738774934,False,down
WBGene00018061,2,1.0,PFBS,-0.0466449247611343,0.846111385816169,False,down
WBGene00001648,2,1.0,PFBS,-0.0269052741205194,0.847189787170498,False,down
WBGene00016582,2,1.0,PFBS,-0.0338154117212077,0.84753593498412,False,down
WBGene00077679,2,0.9666666666666667,PFBS,0.156660708746079,0.847796064302039,False,up
WBGene00016592,2,0.9333333333333333,PFBS,-0.0613548938104526,0.848761494281847,False,down
WBGene00010879,2,0.9333333333333333,PFBS,-0.0670847886040262,0.849505806881801,False,down
WBGene00021132,2,1.0,PFBS,-0.0531822616844011,0.849560701377702,False,down
WBGene00001412,2,1.0,PFBS,0.0378565155199921,0.849626969225982,False,up
WBGene00002252,2,1.0,PFBS,-0.0501097020568228,0.849984347102535,False,down
WBGene00007428,2,1.0,PFBS,0.0267407348837348,0.850818017134448,False,up
WBGene00018735,2,1.0,PFBS,0.0516491606237828,0.85102593926889,False,up
WBGene00004745,2,0.8,PFBS,-0.0355872877365871,0.851420844182179,False,down
WBGene00010626,2,0.9333333333333333,PFBS,-0.0358613151670904,0.851420844182179,False,down
WBGene00000189,2,1.0,PFBS,-0.0825374536534391,0.851420844182179,False,down
WBGene00007140,2,1.0,PFBS,0.140207005920691,0.851524580069188,False,up
WBGene00009565,2,1.0,PFBS,0.0485962601406734,0.852316340288383,False,up
WBGene00007913,2,0.7333333333333333,PFBS,-0.0740412725921258,0.852944207946594,False,down
WBGene00013235,2,0.9666666666666667,PFBS,-0.0378780167448909,0.853877231752432,False,down
WBGene00016758,2,1.0,PFBS,-0.0638048904813125,0.854234799496843,False,down
WBGene00010231,2,1.0,PFBS,-0.0714351016987064,0.854234799496843,False,down
WBGene00021519,2,0.9666666666666667,PFBS,0.113635379055658,0.854554069025137,False,up
WBGene00011735,2,1.0,PFBS,-0.0353709104456044,0.854554069025137,False,down
WBGene00004282,2,1.0,PFBS,-0.0696188038817356,0.854654078559724,False,down
WBGene00002089,2,1.0,PFBS,0.0913561295826687,0.854719923635569,False,up
WBGene00008687,2,0.9666666666666667,PFBS,0.0497095766767087,0.854719923635569,False,up
WBGene00013819,2,0.9666666666666667,PFBS,-0.092089231129086,0.854719923635569,False,down
WBGene00006810,2,0.9333333333333333,PFBS,-0.0443373392693906,0.85486760317823,False,down
WBGene00012208,2,1.0,PFBS,-0.0490031091630075,0.854889117217754,False,down
WBGene00015235,2,1.0,PFBS,-0.0543782861123827,0.856479878836513,False,down
WBGene00016981,2,1.0,PFBS,-0.0397928633277168,0.857429856612844,False,down
WBGene00022836,2,1.0,PFBS,-0.037251883299275,0.857878486502534,False,down
WBGene00022690,2,1.0,PFBS,0.177668351586248,0.858041325726265,False,up
WBGene00013232,2,1.0,PFBS,0.0308301281773166,0.859019345428639,False,up
WBGene00001468,2,1.0,PFBS,0.094727057453931,0.859233595782865,False,up
WBGene00021534,2,1.0,PFBS,-0.0204870614058119,0.860304762662887,False,down
WBGene00004403,2,1.0,PFBS,0.0297494277896771,0.861323627133584,False,up
WBGene00021870,2,1.0,PFBS,0.0835185827173475,0.861760276689243,False,up
WBGene00022883,2,1.0,PFBS,0.0591370303169666,0.861922058694365,False,up
WBGene00019328,2,1.0,PFBS,-0.0489687218548002,0.861922058694365,False,down
WBGene00017239,2,0.9666666666666667,PFBS,-0.0915527775977629,0.861922058694365,False,down
WBGene00008081,2,0.9666666666666667,PFBS,0.0359294210350861,0.862075010487066,False,up
WBGene00022029,2,1.0,PFBS,0.0873699624168724,0.863235090406555,False,up
WBGene00001791,2,1.0,PFBS,0.0486162386682537,0.863235090406555,False,up
WBGene00021644,2,1.0,PFBS,0.0315083664576006,0.863235090406555,False,up
WBGene00011507,2,1.0,PFBS,0.0212822199797543,0.863235090406555,False,up
WBGene00045050,2,1.0,PFBS,-0.0912436613383117,0.863761826858469,False,down
WBGene00021191,2,1.0,PFBS,-0.0433474093026476,0.865525799204015,False,down
WBGene00011719,2,1.0,PFBS,0.0387581462502726,0.86588368398596,False,up
WBGene00001679,2,0.9666666666666667,PFBS,-0.0293787918754901,0.86588368398596,False,down
WBGene00008622,2,0.8666666666666667,PFBS,-0.028985155650433,0.866269679540746,False,down
WBGene00020779,2,0.9,PFBS,-0.031261172586476,0.866269679540746,False,down
WBGene00016722,2,0.9666666666666667,PFBS,-0.0413059494726103,0.866269679540746,False,down
WBGene00004400,2,0.9666666666666667,PFBS,-0.0497243457210539,0.866269679540746,False,down
WBGene00017567,2,1.0,PFBS,-0.244069552684765,0.866269679540746,False,down
WBGene00012258,2,0.9666666666666667,PFBS,0.0276401232598826,0.866655937123026,False,up
WBGene00009454,2,0.9666666666666667,PFBS,-0.0310563187861171,0.866655937123026,False,down
WBGene00009514,2,1.0,PFBS,-0.0495876539522699,0.866655937123026,False,down
WBGene00008375,2,1.0,PFBS,-0.0898165249775758,0.866655937123026,False,down
WBGene00000122,2,0.6333333333333333,PFBS,-0.0246290208444745,0.866925059455504,False,down
WBGene00006503,2,0.9666666666666667,PFBS,-0.0362637308243363,0.867416289452047,False,down
WBGene00010964,2,0.5333333333333333,PFBS,-0.0383479479658391,0.867530074288292,False,down
WBGene00022104,2,1.0,PFBS,0.0680410574162556,0.867717181922026,False,up
WBGene00009441,2,1.0,PFBS,0.0446672302415732,0.867877695731725,False,up
WBGene00006364,2,1.0,PFBS,-0.0358057590785317,0.868166720192156,False,down
WBGene00021442,2,1.0,PFBS,-0.0381200417772459,0.868748253800966,False,down
WBGene00010828,2,1.0,PFBS,0.0573903511510535,0.868956817799685,False,up
WBGene00000205,2,0.9666666666666667,PFBS,0.04099682052003,0.868956817799685,False,up
WBGene00007917,2,0.9333333333333333,PFBS,-0.0288194953210897,0.868956817799685,False,down
WBGene00008078,2,1.0,PFBS,-0.0327641057520344,0.868956817799685,False,down
WBGene00016143,2,1.0,PFBS,-0.0377356146499055,0.868956817799685,False,down
WBGene00008164,2,0.9,PFBS,-0.0508747205044081,0.868956817799685,False,down
WBGene00000214,2,1.0,PFBS,-0.0607372552369335,0.868956817799685,False,down
WBGene00012858,2,1.0,PFBS,-0.0543306203327956,0.870035064482471,False,down
WBGene00001749,2,1.0,PFBS,-0.0903866527675463,0.870035064482471,False,down
WBGene00015407,2,1.0,PFBS,-0.0482941555457487,0.870059327257224,False,down
WBGene00009346,2,1.0,PFBS,-0.0659865857427845,0.870566215969805,False,down
WBGene00007873,2,1.0,PFBS,0.247205225613247,0.870833057835231,False,up
WBGene00015010,2,1.0,PFBS,0.0709356222736887,0.870972658663222,False,up
WBGene00004341,2,0.9333333333333333,PFBS,-0.0387970555062093,0.872095413966417,False,down
WBGene00015205,2,0.7,PFBS,-0.060127879567464,0.872160337176381,False,down
WBGene00020101,2,1.0,PFBS,0.0409409206066668,0.87245842264576,False,up
WBGene00004357,2,1.0,PFBS,-0.022173858272136,0.87245842264576,False,down
WBGene00001132,2,1.0,PFBS,-0.0337904764340295,0.87245842264576,False,down
WBGene00021415,2,1.0,PFBS,-0.0353868147887847,0.87245842264576,False,down
WBGene00002059,2,0.9333333333333333,PFBS,-0.038282601975388,0.87245842264576,False,down
WBGene00021985,2,1.0,PFBS,-0.0534979296039827,0.872780083596464,False,down
WBGene00010525,2,1.0,PFBS,0.0793446614524971,0.873531437556857,False,up
WBGene00003592,2,1.0,PFBS,0.0337553275455501,0.873531437556857,False,up
WBGene00008767,2,1.0,PFBS,0.0352694850967347,0.873557200152403,False,up
WBGene00016018,2,0.9666666666666667,PFBS,-0.0579891097425051,0.87367997352739,False,down
WBGene00018330,2,1.0,PFBS,0.0432638157560545,0.874338419018505,False,up
WBGene00004760,2,1.0,PFBS,0.0220984743651691,0.874338419018505,False,up
WBGene00017131,2,1.0,PFBS,-0.086791128048456,0.874838191452397,False,down
WBGene00018957,2,0.6,PFBS,-0.0904304783855919,0.875245707747343,False,down
WBGene00015118,2,0.7,PFBS,-0.150659193406962,0.875245707747343,False,down
WBGene00006690,2,1.0,PFBS,-0.0656531179878938,0.875397546010842,False,down
WBGene00006951,2,1.0,PFBS,-0.047854139637529,0.875908993980863,False,down
WBGene00021735,2,0.9333333333333333,PFBS,-0.0353713022869378,0.875936099886675,False,down
WBGene00002105,2,0.9666666666666667,PFBS,-0.0982081962357417,0.875998263932444,False,down
WBGene00012134,2,1.0,PFBS,-0.0290684155195747,0.876071835350645,False,down
WBGene00000717,2,1.0,PFBS,0.19858021086919,0.876359233028872,False,up
WBGene00011006,2,1.0,PFBS,-0.0409839858050109,0.876695931665768,False,down
WBGene00021758,2,0.9666666666666667,PFBS,-0.0485158252906735,0.876695931665768,False,down
WBGene00020300,2,1.0,PFBS,-0.0728734468629511,0.877097223235471,False,down
WBGene00020320,2,0.9333333333333333,PFBS,-0.0348715328284383,0.877952166394604,False,down
WBGene00011068,2,1.0,PFBS,-0.0372422933397257,0.877952166394604,False,down
WBGene00044094,2,1.0,PFBS,0.0358866594534671,0.878016293027833,False,up
WBGene00016631,2,1.0,PFBS,0.029382303301473,0.878016293027833,False,up
WBGene00021423,2,0.8333333333333334,PFBS,-0.0311557327953092,0.878016293027833,False,down
WBGene00010205,2,1.0,PFBS,-0.12030918825649,0.878016293027833,False,down
WBGene00001485,2,1.0,PFBS,-0.0351764400169021,0.879757563212704,False,down
WBGene00010595,2,1.0,PFBS,0.0739048772791017,0.880495088243701,False,up
WBGene00020824,2,1.0,PFBS,0.0346414754512572,0.880495088243701,False,up
WBGene00003546,2,1.0,PFBS,0.104765738795612,0.881013214872255,False,up
WBGene00012369,2,1.0,PFBS,0.0277061048375158,0.881013214872255,False,up
WBGene00021109,2,0.9666666666666667,PFBS,-0.084153180549265,0.881013214872255,False,down
WBGene00021355,2,0.9333333333333333,PFBS,0.0283000749836947,0.881130700008464,False,up
WBGene00012756,2,0.9333333333333333,PFBS,-0.0368542058888731,0.881601870196759,False,down
WBGene00012675,2,1.0,PFBS,-0.0548841353855886,0.881601870196759,False,down
WBGene00022300,2,1.0,PFBS,0.0326682560465242,0.881885462828093,False,up
WBGene00010325,2,1.0,PFBS,-0.0427965248717319,0.881885462828093,False,down
WBGene00010077,2,1.0,PFBS,-0.0576530133750416,0.881885462828093,False,down
WBGene00021743,2,0.9666666666666667,PFBS,-0.0804392167991532,0.881885462828093,False,down
WBGene00011833,2,1.0,PFBS,-0.066016517754423,0.883105316035059,False,down
WBGene00012811,2,1.0,PFBS,0.0504236793778952,0.883195110820603,False,up
WBGene00004010,2,1.0,PFBS,-0.0280163805537256,0.883195110820603,False,down
WBGene00013387,2,0.9333333333333333,PFBS,-0.0847205735171876,0.883195110820603,False,down
WBGene00016626,2,0.7666666666666667,PFBS,0.0650528812147353,0.883770533121122,False,up
WBGene00009483,2,1.0,PFBS,-0.0484202548302452,0.88485988749848,False,down
WBGene00009456,2,1.0,PFBS,0.0251190740030948,0.885820269582247,False,up
WBGene00000548,2,1.0,PFBS,0.0208465743570674,0.885876902317799,False,up
WBGene00011502,2,0.9,PFBS,0.0282964925594065,0.886032844650238,False,up
WBGene00020294,2,0.9666666666666667,PFBS,-0.0350214504742896,0.886032844650238,False,down
WBGene00006792,2,1.0,PFBS,0.0393685570542373,0.886334634299254,False,up
WBGene00004320,2,1.0,PFBS,-0.0337647813310727,0.886334634299254,False,down
WBGene00010505,2,1.0,PFBS,-0.0794422046971391,0.886334634299254,False,down
WBGene00020625,2,1.0,PFBS,-0.0421276222787391,0.887278083578874,False,down
WBGene00019360,2,0.9333333333333333,PFBS,0.065382941586787,0.887615349464255,False,up
WBGene00020957,2,1.0,PFBS,0.0310864296336775,0.887615349464255,False,up
WBGene00009117,2,0.6,PFBS,0.152998996625828,0.887698275012608,False,up
WBGene00011729,2,1.0,PFBS,0.024757189609849,0.887728684143091,False,up
WBGene00020125,2,0.9666666666666667,PFBS,-0.0503809150870307,0.888730176406253,False,down
WBGene00008765,2,1.0,PFBS,0.0310843837033891,0.890566948257846,False,up
WBGene00011885,2,0.9333333333333333,PFBS,-0.0210350189569544,0.890613202066657,False,down
WBGene00020025,2,1.0,PFBS,0.0214256912446778,0.891053914542397,False,up
WBGene00017605,2,1.0,PFBS,-0.0385717299613925,0.891053914542397,False,down
WBGene00016542,2,0.8,PFBS,-0.0355351068850335,0.891671116593369,False,down
WBGene00019962,2,1.0,PFBS,-0.0621925465910342,0.891671116593369,False,down
WBGene00000162,2,1.0,PFBS,0.0325979499947739,0.892356537299241,False,up
WBGene00015389,2,1.0,PFBS,0.0317447427405286,0.892356537299241,False,up
WBGene00013021,2,1.0,PFBS,-0.0356260266422545,0.892571366973886,False,down
WBGene00016336,2,1.0,PFBS,0.143069375162612,0.892914695221478,False,up
WBGene00015138,2,0.9333333333333333,PFBS,-0.0425187370107868,0.893147607796193,False,down
WBGene00013354,2,1.0,PFBS,0.0267359132915034,0.893429028779229,False,up
WBGene00219275,2,0.9666666666666667,PFBS,-0.061734764328279,0.893429028779229,False,down
WBGene00018624,2,0.9666666666666667,PFBS,0.088476840782749,0.893666155200107,False,up
WBGene00020026,2,1.0,PFBS,-0.036489823027356,0.893986021821541,False,down
WBGene00021811,2,1.0,PFBS,-0.0305561490855966,0.89428114540261,False,down
WBGene00004207,2,0.9666666666666667,PFBS,0.0296008189634922,0.894467229079077,False,up
WBGene00021714,2,1.0,PFBS,-0.0405879436036291,0.894467229079077,False,down
WBGene00011914,2,0.9666666666666667,PFBS,-0.0442334409949528,0.894467229079077,False,down
WBGene00013507,2,0.9666666666666667,PFBS,-0.079320314663414,0.894467229079077,False,down
WBGene00021687,2,1.0,PFBS,0.0570654474917411,0.894518486249903,False,up
WBGene00009925,2,1.0,PFBS,-0.0410076915778409,0.894789103858053,False,down
WBGene00016192,2,1.0,PFBS,-0.0485498402836132,0.894840779450728,False,down
WBGene00011454,2,1.0,PFBS,0.0431861335745555,0.89495135400444,False,up
WBGene00000843,2,1.0,PFBS,0.0286875794418559,0.895387335217441,False,up
WBGene00001043,2,1.0,PFBS,0.0229342514647289,0.895387335217441,False,up
WBGene00016134,2,1.0,PFBS,0.030231364573871,0.895590702846204,False,up
WBGene00001596,2,1.0,PFBS,0.0250855345111063,0.89569918954071,False,up
WBGene00018925,2,1.0,PFBS,-0.0311343007367377,0.89569918954071,False,down
WBGene00007743,2,1.0,PFBS,0.0444235940428852,0.896911324746619,False,up
WBGene00006788,2,1.0,PFBS,-0.0320599190497112,0.896911324746619,False,down
WBGene00006692,2,1.0,PFBS,-0.0560296147003298,0.897025869719496,False,down
WBGene00021444,2,1.0,PFBS,0.0243092148461524,0.897068105346409,False,up
WBGene00022193,2,1.0,PFBS,0.0282992602160277,0.897638470247053,False,up
WBGene00003932,2,0.9666666666666667,PFBS,-0.028678223465358,0.898013880565941,False,down
WBGene00022887,2,0.9,PFBS,0.0619552574268943,0.898699733810613,False,up
WBGene00012460,2,1.0,PFBS,-0.0440242898084552,0.898699733810613,False,down
WBGene00018975,2,1.0,PFBS,-0.0310965105558416,0.898749664043958,False,down
WBGene00010338,2,0.8333333333333334,PFBS,-0.0345906290824298,0.898749664043958,False,down
WBGene00013893,2,1.0,PFBS,0.0327374713392561,0.898998255401283,False,up
WBGene00005001,2,0.7333333333333333,PFBS,-0.056516892966078,0.898998255401283,False,down
WBGene00006699,2,0.9,PFBS,-0.0349820629311726,0.899628466832498,False,down
WBGene00015949,2,1.0,PFBS,0.0431965666466146,0.900187482496309,False,up
WBGene00004298,2,1.0,PFBS,-0.053298839684849,0.900187482496309,False,down
WBGene00002032,2,1.0,PFBS,0.0685336829696867,0.900283058206753,False,up
WBGene00011368,2,1.0,PFBS,0.0387053460079243,0.900283058206753,False,up
WBGene00000812,2,1.0,PFBS,0.0225021868879931,0.900283058206753,False,up
WBGene00019111,2,1.0,PFBS,-0.0614185057006044,0.90091600292082,False,down
WBGene00001978,2,0.9666666666666667,PFBS,0.0293728924410404,0.900933321357797,False,up
WBGene00009064,2,1.0,PFBS,0.0227110210346832,0.901739518667961,False,up
WBGene00044648,2,1.0,PFBS,0.0464519298599155,0.901792045845194,False,up
WBGene00010732,2,0.8666666666666667,PFBS,0.0267690493694367,0.902367723031771,False,up
WBGene00011376,2,1.0,PFBS,-0.0492227801222846,0.902428726659354,False,down
WBGene00000818,2,1.0,PFBS,-0.0245942247299458,0.902598720991858,False,down
WBGene00020942,2,1.0,PFBS,-0.0337613935574887,0.903783134539444,False,down
WBGene00011661,2,1.0,PFBS,0.0301679449016285,0.904044048880917,False,up
WBGene00009188,2,1.0,PFBS,-0.023886453478781,0.904044048880917,False,down
WBGene00001867,2,0.9666666666666667,PFBS,-0.0410678114745588,0.904044048880917,False,down
WBGene00013365,2,1.0,PFBS,-0.0291618144193613,0.904066585815323,False,down
WBGene00021502,2,1.0,PFBS,-0.0428808609757997,0.904544110576404,False,down
WBGene00018092,2,1.0,PFBS,0.138891244231101,0.904636577296209,False,up
WBGene00022742,2,1.0,PFBS,0.0221986003957687,0.904636577296209,False,up
WBGene00021785,2,0.5666666666666667,PFBS,0.0441495283799863,0.904653270446702,False,up
WBGene00012941,2,0.9666666666666667,PFBS,-0.066099717940482,0.904653270446702,False,down
WBGene00000523,2,0.9666666666666667,PFBS,-0.0458542504463497,0.904683077865699,False,down
WBGene00018794,2,1.0,PFBS,0.0290860861649137,0.904685324029414,False,up
WBGene00010583,2,1.0,PFBS,-0.0304340576113512,0.904685324029414,False,down
WBGene00017301,2,0.7,PFBS,-0.0730421101202876,0.90493607202568,False,down
WBGene00003218,2,1.0,PFBS,-0.0220935174735055,0.905240128022242,False,down
WBGene00017499,2,0.9333333333333333,PFBS,0.135777510098781,0.905666753248166,False,up
WBGene00010758,2,0.9333333333333333,PFBS,0.0379660491157286,0.905666753248166,False,up
WBGene00011867,2,1.0,PFBS,-0.0255718969142456,0.905833998174933,False,down
WBGene00004377,2,0.7,PFBS,0.0258170328463598,0.90605019304361,False,up
WBGene00020281,2,0.9666666666666667,PFBS,0.0691252223461089,0.906432783426801,False,up
WBGene00021465,2,1.0,PFBS,0.0864770732758551,0.90675621105272,False,up
WBGene00020921,2,1.0,PFBS,0.0310490260902177,0.907158738754567,False,up
WBGene00004776,2,0.9666666666666667,PFBS,-0.0339793484366978,0.90719163677,False,down
WBGene00004679,2,1.0,PFBS,-0.0233226662980385,0.907278228147454,False,down
WBGene00006498,2,1.0,PFBS,0.0222330686048542,0.907751364830636,False,up
WBGene00021354,2,1.0,PFBS,0.0509235447807099,0.908165734855392,False,up
WBGene00000768,2,1.0,PFBS,-0.0258204767034694,0.908165734855392,False,down
WBGene00017289,2,0.7666666666666667,PFBS,-0.035662142114139,0.908165734855392,False,down
WBGene00019460,2,0.9666666666666667,PFBS,-0.0379901571357361,0.908670675284054,False,down
WBGene00001662,2,1.0,PFBS,-0.0175414932412524,0.909459727783056,False,down
WBGene00003017,2,0.9666666666666667,PFBS,-0.0860232243670568,0.909459727783056,False,down
WBGene00011108,2,0.9333333333333333,PFBS,-0.0456057846986136,0.909867677063153,False,down
WBGene00015310,2,1.0,PFBS,-0.0326714997188182,0.910050731021714,False,down
WBGene00009220,2,0.9666666666666667,PFBS,-0.0795831683731593,0.911058259593146,False,down
WBGene00021421,2,1.0,PFBS,-0.0268982936170474,0.911288272362071,False,down
WBGene00009744,2,1.0,PFBS,-0.0289812594931808,0.911288272362071,False,down
WBGene00004223,2,1.0,PFBS,-0.0923471770614212,0.911288272362071,False,down
WBGene00006635,2,0.9666666666666667,PFBS,-0.0244407450648823,0.911415906930309,False,down
WBGene00022776,2,1.0,PFBS,0.0273078568673948,0.911561934887805,False,up
WBGene00011224,2,1.0,PFBS,-0.0546010262047559,0.911561934887805,False,down
WBGene00011641,2,1.0,PFBS,-0.0483122879402186,0.911872414433095,False,down
WBGene00008480,2,1.0,PFBS,-0.019302893006553,0.912208749687627,False,down
WBGene00008442,2,0.9666666666666667,PFBS,-0.0419056903818473,0.912208749687627,False,down
WBGene00006573,2,0.6666666666666666,PFBS,-0.0540233064217189,0.912208749687627,False,down
WBGene00021311,2,1.0,PFBS,0.0310218460009637,0.912541864514241,False,up
WBGene00004389,2,1.0,PFBS,-0.0204815880529811,0.913436592797217,False,down
WBGene00012073,2,1.0,PFBS,0.0348298014795721,0.913584977429434,False,up
WBGene00014078,2,0.9666666666666667,PFBS,-0.029856660670178,0.913733825112016,False,down
WBGene00006974,2,1.0,PFBS,-0.0391059147351318,0.913733825112016,False,down
WBGene00011143,2,0.9666666666666667,PFBS,0.0297100357504165,0.913852660677955,False,up
WBGene00009443,2,1.0,PFBS,-0.0656366578706503,0.914192918239364,False,down
WBGene00021097,2,0.7,PFBS,0.026497677354071,0.914303830535029,False,up
WBGene00015308,2,1.0,PFBS,-0.0306707329643964,0.914852999010935,False,down
WBGene00021676,2,0.9666666666666667,PFBS,-0.0415369934954571,0.914852999010935,False,down
WBGene00008316,2,1.0,PFBS,0.060865914133667,0.915601331143172,False,up
WBGene00017007,2,1.0,PFBS,0.040299644982017,0.915676488352998,False,up
WBGene00009915,2,0.9666666666666667,PFBS,0.0276067025184893,0.915676488352998,False,up
WBGene00003007,2,0.9666666666666667,PFBS,-0.031315994892819,0.915823286985416,False,down
WBGene00013096,2,1.0,PFBS,-0.027156788503202,0.91603867470372,False,down
WBGene00012767,2,1.0,PFBS,-0.0312680885404709,0.91603867470372,False,down
WBGene00017734,2,0.7,PFBS,0.0324644893373487,0.916841679851432,False,up
WBGene00003952,2,1.0,PFBS,0.0305447312005188,0.916887539390025,False,up
WBGene00015507,2,0.9666666666666667,PFBS,-0.0298253063814226,0.916887539390025,False,down
WBGene00003559,2,0.9666666666666667,PFBS,-0.0277814938878606,0.917364597539648,False,down
WBGene00016654,2,0.9666666666666667,PFBS,-0.0282249558577881,0.917615006725663,False,down
WBGene00001589,2,0.9333333333333333,PFBS,-0.0185864260252256,0.917983776710964,False,down
WBGene00016373,2,0.9666666666666667,PFBS,-0.041064437398578,0.917989870602738,False,down
WBGene00021827,2,1.0,PFBS,0.0283735270446727,0.918335941196791,False,up
WBGene00022279,2,1.0,PFBS,-0.0235109920864628,0.918549299879338,False,down
WBGene00021562,2,1.0,PFBS,-0.0195539416553765,0.918668446132426,False,down
WBGene00017642,2,1.0,PFBS,-0.0186676142032737,0.91880096319859,False,down
WBGene00012803,2,0.9666666666666667,PFBS,0.0334754876361794,0.919071830159032,False,up
WBGene00012762,2,1.0,PFBS,-0.0191317783083738,0.919809851046596,False,down
WBGene00022633,2,1.0,PFBS,-0.035389376065681,0.920462579009011,False,down
WBGene00012358,2,0.9666666666666667,PFBS,0.0275829831490231,0.920932250313716,False,up
WBGene00012806,2,0.9333333333333333,PFBS,-0.0412649447129244,0.92118751879572,False,down
WBGene00004800,2,1.0,PFBS,-0.0169861552325243,0.921729902582466,False,down
WBGene00017733,2,1.0,PFBS,0.0301185186931347,0.921798433101444,False,up
WBGene00008140,2,0.9333333333333333,PFBS,-0.0246569800351983,0.921798433101444,False,down
WBGene00001865,2,0.9666666666666667,PFBS,-0.0274880703781653,0.921868993131042,False,down
WBGene00008664,2,1.0,PFBS,-0.0230386759062138,0.92275572607675,False,down
WBGene00009307,2,1.0,PFBS,0.016370262011467,0.923116747617599,False,up
WBGene00004496,2,1.0,PFBS,-0.0245285016496391,0.923116747617599,False,down
WBGene00021236,2,0.9333333333333333,PFBS,0.11612584671272,0.923681156571911,False,up
WBGene00020408,2,0.9333333333333333,PFBS,-0.0269411114283631,0.923879872332906,False,down
WBGene00001362,2,0.6,PFBS,-0.0507230308583199,0.923879872332906,False,down
WBGene00016996,2,0.6,PFBS,-0.0655273519073182,0.923979078045342,False,down
WBGene00016836,2,1.0,PFBS,-0.0232149159832745,0.924090660103994,False,down
WBGene00008084,2,0.5333333333333333,PFBS,-0.0713081838205189,0.924333821160991,False,down
WBGene00022448,2,1.0,PFBS,0.0353428123811418,0.924401662020944,False,up
WBGene00004105,2,1.0,PFBS,-0.0196686522513022,0.924605819191931,False,down
WBGene00007746,2,1.0,PFBS,-0.0251299528667257,0.924605819191931,False,down
WBGene00015137,2,1.0,PFBS,-0.0255671128069006,0.924605819191931,False,down
WBGene00022379,2,1.0,PFBS,-0.0406213845753783,0.924605819191931,False,down
WBGene00044151,2,1.0,PFBS,-0.111913537995621,0.924605819191931,False,down
WBGene00000829,2,1.0,PFBS,0.0258157864136949,0.924873050263351,False,up
WBGene00015176,2,0.9666666666666667,PFBS,-0.0239345248451074,0.925198641378594,False,down
WBGene00011637,2,1.0,PFBS,-0.0244855246594863,0.925198641378594,False,down
WBGene00014119,2,1.0,PFBS,0.0297174976150166,0.925334594990149,False,up
WBGene00010562,2,0.9666666666666667,PFBS,0.0216046672718923,0.925334594990149,False,up
WBGene00011162,2,1.0,PFBS,0.0582443566651735,0.926371765771825,False,up
WBGene00018077,2,0.9666666666666667,PFBS,0.0426389569943588,0.926371765771825,False,up
WBGene00015238,2,1.0,PFBS,0.0275364587221374,0.926371765771825,False,up
WBGene00022703,2,1.0,PFBS,0.0220155958185947,0.926371765771825,False,up
WBGene00044072,2,0.9666666666666667,PFBS,-0.0240535787373248,0.926371765771825,False,down
WBGene00001812,2,1.0,PFBS,-0.0252506215202688,0.926371765771825,False,down
WBGene00022649,2,0.9666666666666667,PFBS,-0.0466783697118135,0.926371765771825,False,down
WBGene00018541,2,0.8666666666666667,PFBS,-0.0537227336980368,0.926371765771825,False,down
WBGene00194906,2,1.0,PFBS,-0.0873439647358925,0.926371765771825,False,down
WBGene00013884,2,0.5666666666666667,PFBS,0.0589504844601838,0.926596641700759,False,up
WBGene00010899,2,0.9666666666666667,PFBS,0.051969586940084,0.926596641700759,False,up
WBGene00006729,2,1.0,PFBS,0.0341748702546732,0.926596641700759,False,up
WBGene00009052,2,1.0,PFBS,-0.0197834129488505,0.926596641700759,False,down
WBGene00017761,2,1.0,PFBS,-0.0641646238151826,0.926913282089248,False,down
WBGene00013544,2,1.0,PFBS,-0.0373820989866059,0.927066860130618,False,down
WBGene00016400,2,1.0,PFBS,-0.0236654762263466,0.927168783897155,False,down
WBGene00004767,2,1.0,PFBS,-0.0164844897095104,0.928524842171215,False,down
WBGene00006429,2,0.9666666666666667,PFBS,0.113021475829777,0.928568624356239,False,up
WBGene00008369,2,1.0,PFBS,0.0374152956980786,0.928568624356239,False,up
WBGene00003961,2,1.0,PFBS,0.0192069781556771,0.928568624356239,False,up
WBGene00002074,2,0.9666666666666667,PFBS,0.0190620758316198,0.928568624356239,False,up
WBGene00010416,2,1.0,PFBS,0.0159547812559615,0.928568624356239,False,up
WBGene00006824,2,1.0,PFBS,-0.0246380464908788,0.928568624356239,False,down
WBGene00001095,2,0.9666666666666667,PFBS,-0.0264911228932386,0.928568624356239,False,down
WBGene00009461,2,0.9666666666666667,PFBS,-0.0291250501498392,0.928568624356239,False,down
WBGene00009320,2,1.0,PFBS,-0.0296466452365436,0.928568624356239,False,down
WBGene00000496,2,1.0,PFBS,-0.0486216264423937,0.928568624356239,False,down
WBGene00010442,2,0.8666666666666667,PFBS,-0.0884103745689095,0.928568624356239,False,down
WBGene00018221,2,0.9666666666666667,PFBS,0.0249168373191092,0.928715616056821,False,up
WBGene00022054,2,1.0,PFBS,0.0368703681442216,0.929245674302267,False,up
WBGene00003183,2,1.0,PFBS,-0.0217593123426056,0.929497176966725,False,down
WBGene00000785,2,1.0,PFBS,0.036101478325798,0.930240010207371,False,up
WBGene00007922,2,1.0,PFBS,0.0226715794680681,0.930294518395209,False,up
WBGene00020259,2,1.0,PFBS,-0.019018228587511,0.930294518395209,False,down
WBGene00001147,2,1.0,PFBS,0.0589724529773253,0.930306025427162,False,up
WBGene00017037,2,1.0,PFBS,0.017846321199448,0.930306025427162,False,up
WBGene00017500,2,0.9666666666666667,PFBS,-0.0940809561848897,0.930499300345782,False,down
WBGene00001838,2,0.9666666666666667,PFBS,-0.0241519729767587,0.931153965270612,False,down
WBGene00020883,2,1.0,PFBS,-0.0327745477056089,0.931269662000677,False,down
WBGene00006946,2,1.0,PFBS,-0.0286731901486667,0.93166669908969,False,down
WBGene00022573,2,0.9666666666666667,PFBS,-0.0528386342691653,0.931979599510738,False,down
WBGene00014123,2,0.9666666666666667,PFBS,-0.0221582602680884,0.932918705150939,False,down
WBGene00000778,2,1.0,PFBS,0.0535068328150442,0.933092672349606,False,up
WBGene00016423,2,1.0,PFBS,-0.0372613658839708,0.933143256602784,False,down
WBGene00017490,2,1.0,PFBS,-0.0919688471074698,0.93325635073693,False,down
WBGene00012730,2,1.0,PFBS,0.0157032962509757,0.933610710423507,False,up
WBGene00016639,2,0.7,PFBS,-0.097370781470572,0.93374517348824,False,down
WBGene00009977,2,1.0,PFBS,0.0205343201631042,0.934436063605762,False,up
WBGene00015146,2,1.0,PFBS,0.0191429973199241,0.934854494657242,False,up
WBGene00000937,2,1.0,PFBS,-0.0229229495292007,0.934854494657242,False,down
WBGene00015171,2,1.0,PFBS,0.0318808607869274,0.93488043697505,False,up
WBGene00003389,2,1.0,PFBS,0.0161423406539868,0.9352663004905,False,up
WBGene00012226,2,1.0,PFBS,-0.019643151796046,0.936113687098661,False,down
WBGene00004257,2,1.0,PFBS,0.0413400189217581,0.936726549973153,False,up
WBGene00021269,2,0.9333333333333333,PFBS,0.0333175340476754,0.936726549973153,False,up
WBGene00007975,2,1.0,PFBS,0.0220576108841342,0.936726549973153,False,up
WBGene00014230,2,1.0,PFBS,0.0219859836641695,0.936726549973153,False,up
WBGene00004927,2,1.0,PFBS,0.0202894916094208,0.936726549973153,False,up
WBGene00022351,2,1.0,PFBS,-0.0274506785402105,0.936726549973153,False,down
WBGene00000994,2,1.0,PFBS,-0.0284833629867553,0.936726549973153,False,down
WBGene00002220,2,1.0,PFBS,-0.0202549110131342,0.936994004874977,False,down
WBGene00013350,2,1.0,PFBS,0.031176468717726,0.938389087850236,False,up
WBGene00008606,2,1.0,PFBS,0.0311758392515501,0.938389087850236,False,up
WBGene00008404,2,0.9666666666666667,PFBS,0.0195412396497899,0.938437336649199,False,up
WBGene00001516,2,0.9333333333333333,PFBS,0.0127068682783688,0.938696900215488,False,up
WBGene00235102,2,1.0,PFBS,-0.0220819707720078,0.938696900215488,False,down
WBGene00020838,2,1.0,PFBS,0.0188401753960153,0.939188043656041,False,up
WBGene00001338,2,0.9666666666666667,PFBS,-0.0200600012202945,0.939987460779632,False,down
WBGene00005019,2,0.9666666666666667,PFBS,-0.0179445298270889,0.940202034665548,False,down
WBGene00013606,2,1.0,PFBS,-0.012972495344792,0.940308558197099,False,down
WBGene00013275,2,1.0,PFBS,0.0312918139757508,0.940395690196128,False,up
WBGene00302986,2,0.9666666666666667,PFBS,0.0628265758037044,0.940508916760962,False,up
WBGene00006474,2,1.0,PFBS,0.0238586196297253,0.94051002730584,False,up
WBGene00011375,2,1.0,PFBS,0.018056162285785,0.940533844051462,False,up
WBGene00003053,2,0.9333333333333333,PFBS,0.0128812149976363,0.941246716878454,False,up
WBGene00004503,2,1.0,PFBS,-0.0202463092876249,0.941246716878454,False,down
WBGene00014165,2,0.9,PFBS,-0.0205095228633561,0.941246716878454,False,down
WBGene00012241,2,1.0,PFBS,-0.0252833571242979,0.941246716878454,False,down
WBGene00010370,2,0.9666666666666667,PFBS,-0.0309251536172232,0.941246716878454,False,down
WBGene00003002,2,1.0,PFBS,0.0127689458921685,0.94139739835045,False,up
WBGene00044329,2,1.0,PFBS,-0.0227415147400429,0.94139739835045,False,down
WBGene00006721,2,1.0,PFBS,0.0356720028296208,0.941973867314561,False,up
WBGene00011503,2,0.9666666666666667,PFBS,-0.0193398337214578,0.942065759663511,False,down
WBGene00016380,2,1.0,PFBS,-0.0260969649015839,0.942065759663511,False,down
WBGene00012434,2,1.0,PFBS,0.0269820889298264,0.942099086366078,False,up
WBGene00022610,2,0.9666666666666667,PFBS,-0.0231683211741665,0.942744514525723,False,down
WBGene00009440,2,1.0,PFBS,-0.012004498783145,0.942921360864073,False,down
WBGene00018293,2,1.0,PFBS,-0.0393118399666521,0.942921360864073,False,down
WBGene00010433,2,1.0,PFBS,-0.0211530174244372,0.942936533905111,False,down
WBGene00021391,2,0.9666666666666667,PFBS,0.0236562524483488,0.943165239362103,False,up
WBGene00044360,2,0.9666666666666667,PFBS,0.054020007171318,0.943254550146005,False,up
WBGene00003010,2,1.0,PFBS,-0.0191360531660068,0.943254550146005,False,down
WBGene00017070,2,0.9666666666666667,PFBS,-0.0200932949286233,0.943254550146005,False,down
WBGene00010288,2,1.0,PFBS,-0.0375978889905759,0.943254550146005,False,down
WBGene00004802,2,0.9333333333333333,PFBS,0.0511792122420314,0.94341891726841,False,up
WBGene00018013,2,1.0,PFBS,0.022226109550009,0.944306619303243,False,up
WBGene00013998,2,0.9666666666666667,PFBS,-0.0216712995164546,0.94512957715878,False,down
WBGene00019400,2,0.9666666666666667,PFBS,-0.019217502817075,0.945158401782147,False,down
WBGene00013667,2,1.0,PFBS,0.0139337744898887,0.945354152046717,False,up
WBGene00011418,2,0.9666666666666667,PFBS,0.022331174059971,0.945555647466464,False,up
WBGene00004348,2,0.9666666666666667,PFBS,0.0207727356472463,0.945555647466464,False,up
WBGene00010419,2,1.0,PFBS,-0.0128429053434975,0.945555647466464,False,down
WBGene00019778,2,1.0,PFBS,-0.0179110206930945,0.945555647466464,False,down
WBGene00002139,2,0.8,PFBS,-0.0183427563494314,0.945555647466464,False,down
WBGene00007921,2,0.9666666666666667,PFBS,-0.019141899524869,0.945555647466464,False,down
WBGene00007624,2,1.0,PFBS,-0.0200006051368417,0.945555647466464,False,down
WBGene00007019,2,1.0,PFBS,-0.0229724229813315,0.945555647466464,False,down
WBGene00018307,2,0.8666666666666667,PFBS,-0.0481542237684142,0.945555647466464,False,down
WBGene00003025,2,1.0,PFBS,-0.0146838377728624,0.945733573177298,False,down
WBGene00009058,2,1.0,PFBS,0.0205939346314174,0.945735456920868,False,up
WBGene00019101,2,1.0,PFBS,0.0382312817886664,0.946336158668883,False,up
WBGene00013838,2,1.0,PFBS,0.0307935780046559,0.946336158668883,False,up
WBGene00002128,2,0.9666666666666667,PFBS,0.0246650245053827,0.946336158668883,False,up
WBGene00012765,2,1.0,PFBS,-0.0099683045278539,0.946336158668883,False,down
WBGene00019396,2,1.0,PFBS,-0.0202760351805154,0.946336158668883,False,down
WBGene00006324,2,1.0,PFBS,0.0165515848660141,0.946761962489019,False,up
WBGene00020230,2,1.0,PFBS,0.0178097547502617,0.946793027592753,False,up
WBGene00013217,2,1.0,PFBS,-0.0210831341394872,0.947214838374477,False,down
WBGene00004732,2,0.6666666666666666,PFBS,0.0112904278405546,0.947524501400422,False,up
WBGene00017285,2,1.0,PFBS,0.011955319006182,0.947896494394195,False,up
WBGene00015965,2,0.7333333333333333,PFBS,-0.027273715937562,0.948261117337777,False,down
WBGene00016030,2,0.9666666666666667,PFBS,-0.0143343402852563,0.948561551174779,False,down
WBGene00008852,2,1.0,PFBS,0.015580031954656,0.948662251341533,False,up
WBGene00011604,2,1.0,PFBS,-0.0158577854339139,0.948685860351373,False,down
WBGene00008370,2,1.0,PFBS,0.0273101024538412,0.948896667513342,False,up
WBGene00009353,2,1.0,PFBS,-0.018654616494052,0.948896667513342,False,down
WBGene00008318,2,1.0,PFBS,0.0302150190052009,0.948994499603116,False,up
WBGene00013188,2,0.7,PFBS,0.0225711739147033,0.949025421827408,False,up
WBGene00003006,2,1.0,PFBS,0.019271442230968,0.949025421827408,False,up
WBGene00014208,2,0.9666666666666667,PFBS,0.0151119934147387,0.949025421827408,False,up
WBGene00001018,2,1.0,PFBS,-0.0140682540953767,0.949025421827408,False,down
WBGene00020130,2,1.0,PFBS,0.0289717227611102,0.949276338567549,False,up
WBGene00003927,2,1.0,PFBS,-0.0191302297976293,0.949276338567549,False,down
WBGene00018674,2,1.0,PFBS,-0.0148715869300698,0.949374908082025,False,down
WBGene00016970,2,0.9666666666666667,PFBS,-0.0316268652990347,0.950213945189605,False,down
WBGene00002148,2,1.0,PFBS,-0.0114023589038128,0.950631615862016,False,down
WBGene00012786,2,1.0,PFBS,-0.040690996211488,0.951017181393244,False,down
WBGene00003813,2,1.0,PFBS,0.0191695746815702,0.951060842295765,False,up
WBGene00017765,2,0.9666666666666667,PFBS,-0.0108889370169842,0.951060842295765,False,down
WBGene00003914,2,1.0,PFBS,-0.0216995791846367,0.951060842295765,False,down
WBGene00000239,2,1.0,PFBS,0.0196505777225036,0.952136252088707,False,up
WBGene00004905,2,0.9666666666666667,PFBS,-0.0132477626972175,0.95228848435725,False,down
WBGene00007106,2,0.6,PFBS,-0.0187760542793814,0.952360420176501,False,down
WBGene00004893,2,1.0,PFBS,0.0191199311613715,0.952382682255675,False,up
WBGene00011269,2,1.0,PFBS,-0.0259078058026121,0.953882664794158,False,down
WBGene00003022,2,1.0,PFBS,-0.0190467466795213,0.954030490279549,False,down
WBGene00020146,2,0.9666666666666667,PFBS,0.014433863770328,0.954247649259764,False,up
WBGene00020189,2,1.0,PFBS,0.0201581290085323,0.954342454760406,False,up
WBGene00016375,2,1.0,PFBS,-0.0188672877085604,0.954342454760406,False,down
WBGene00004120,2,1.0,PFBS,-0.0443278495487008,0.954672103902484,False,down
WBGene00050937,2,0.9666666666666667,PFBS,0.022752663187898,0.955145446048495,False,up
WBGene00043066,2,1.0,PFBS,-0.0222596616595973,0.955145446048495,False,down
WBGene00008547,2,0.8666666666666667,PFBS,0.0198208124553137,0.956095255737923,False,up
WBGene00000835,2,0.9666666666666667,PFBS,0.026693813516596,0.956816912706582,False,up
WBGene00015283,2,0.9666666666666667,PFBS,0.0114969316989367,0.957080099179546,False,up
WBGene00013968,2,0.9666666666666667,PFBS,-0.045609257705723,0.957095665574557,False,down
WBGene00017084,2,1.0,PFBS,-0.0180459022294664,0.957384653682128,False,down
WBGene00018328,2,1.0,PFBS,-0.019613770157086,0.957384653682128,False,down
WBGene00022629,2,1.0,PFBS,-0.0184381232265877,0.957591359242116,False,down
WBGene00001155,2,1.0,PFBS,-0.0410059385056671,0.957591359242116,False,down
WBGene00012496,2,1.0,PFBS,-0.0166268958079639,0.9577830015148,False,down
WBGene00020379,2,1.0,PFBS,0.01762536007653,0.958035189242235,False,up
WBGene00004830,2,1.0,PFBS,0.0126000548089893,0.958591292385942,False,up
WBGene00000294,2,1.0,PFBS,-0.010267852708735,0.959110197772284,False,down
WBGene00012206,2,0.9666666666666667,PFBS,0.0131067464993155,0.960173962373131,False,up
WBGene00011422,2,1.0,PFBS,-0.0301654935433292,0.960173962373131,False,down
WBGene00011205,2,0.5666666666666667,PFBS,0.0200279794365134,0.960416500040208,False,up
WBGene00219322,2,1.0,PFBS,0.0536298102692021,0.960506260652789,False,up
WBGene00012719,2,0.9666666666666667,PFBS,0.0192311426092012,0.960506260652789,False,up
WBGene00022618,2,1.0,PFBS,0.0121327417361459,0.960506260652789,False,up
WBGene00022309,2,1.0,PFBS,-0.0213704721688577,0.960506260652789,False,down
WBGene00000917,2,0.8,PFBS,0.0136401714965194,0.960789317907181,False,up
WBGene00007588,2,1.0,PFBS,0.0096088190097076,0.960789317907181,False,up
WBGene00007703,2,1.0,PFBS,-0.010400904969106,0.960789317907181,False,down
WBGene00007974,2,1.0,PFBS,-0.0172148974942705,0.960789317907181,False,down
WBGene00015396,2,1.0,PFBS,-0.0304326269737294,0.960789317907181,False,down
WBGene00021363,2,1.0,PFBS,0.0130861564963255,0.960821387499168,False,up
WBGene00017975,2,1.0,PFBS,0.0170618981271512,0.960865302843111,False,up
WBGene00009531,2,1.0,PFBS,-0.0151591670600231,0.961039555062445,False,down
WBGene00011029,2,1.0,PFBS,0.0113668673751175,0.961171380221556,False,up
WBGene00004891,2,1.0,PFBS,-0.0116013033642083,0.961218116161543,False,down
WBGene00009329,2,1.0,PFBS,-0.0183071631207707,0.961607308934267,False,down
WBGene00019199,2,1.0,PFBS,-0.0190626103414403,0.961607308934267,False,down
WBGene00003246,2,1.0,PFBS,0.0154017527818455,0.961779002582718,False,up
WBGene00002011,2,1.0,PFBS,-0.0181655546452096,0.961809009813928,False,down
WBGene00001558,2,1.0,PFBS,-0.0108547329889379,0.962798851155672,False,down
WBGene00022675,2,1.0,PFBS,-0.0116514977161109,0.962798851155672,False,down
WBGene00019346,2,1.0,PFBS,0.0228910632428006,0.962822021833165,False,up
WBGene00013001,2,1.0,PFBS,0.0164213551976152,0.962822021833165,False,up
WBGene00006802,2,0.9666666666666667,PFBS,0.0118320315553315,0.962822021833165,False,up
WBGene00018426,2,1.0,PFBS,0.010815384526958,0.962822021833165,False,up
WBGene00016750,2,0.9333333333333333,PFBS,-0.012993641141386,0.962822021833165,False,down
WBGene00018006,2,1.0,PFBS,-0.0135485888365563,0.962822021833165,False,down
WBGene00045403,2,1.0,PFBS,-0.025409762576403,0.962822021833165,False,down
WBGene00020419,2,0.9333333333333333,PFBS,-0.0341740163699318,0.962822021833165,False,down
WBGene00009563,2,0.9666666666666667,PFBS,0.0142865230999953,0.963246000679319,False,up
WBGene00001085,2,1.0,PFBS,-0.0088174761990981,0.963266142677743,False,down
WBGene00016725,2,1.0,PFBS,-0.0150255420557113,0.963266142677743,False,down
WBGene00021331,2,1.0,PFBS,-0.0174554500691934,0.963266142677743,False,down
WBGene00008281,2,1.0,PFBS,-0.0167834719887544,0.963770064760015,False,down
WBGene00006993,2,1.0,PFBS,0.0091209639472868,0.963819574174298,False,up
WBGene00012558,2,1.0,PFBS,0.0139183743884717,0.963821750570103,False,up
WBGene00003052,2,1.0,PFBS,0.0081174556852344,0.964442151379331,False,up
WBGene00011087,2,1.0,PFBS,-0.0300379413951613,0.964454314666981,False,down
WBGene00000143,2,1.0,PFBS,-0.0116853011747281,0.964563911479648,False,down
WBGene00013015,2,0.9666666666666667,PFBS,-0.0126717315637687,0.964563911479648,False,down
WBGene00044107,2,1.0,PFBS,-0.0291488605596334,0.964563911479648,False,down
WBGene00013433,2,1.0,PFBS,0.0218619495614297,0.964622030100424,False,up
WBGene00013866,2,0.9666666666666667,PFBS,0.0343144974640109,0.964645300296287,False,up
WBGene00009177,2,0.9666666666666667,PFBS,-0.0170754163196598,0.964645300296287,False,down
WBGene00017711,2,1.0,PFBS,-0.0196487775983578,0.964657691879277,False,down
WBGene00012105,2,1.0,PFBS,0.0100712278275518,0.964725626626282,False,up
WBGene00021452,2,1.0,PFBS,0.0299312807290748,0.965180489176282,False,up
WBGene00008566,2,1.0,PFBS,0.0219755540780586,0.965848079906654,False,up
WBGene00002845,2,1.0,PFBS,-0.0080229218036109,0.965933161363086,False,down
WBGene00018857,2,1.0,PFBS,-0.0089964306433854,0.965933161363086,False,down
WBGene00013004,2,1.0,PFBS,0.0105372898773342,0.966486125943792,False,up
WBGene00013265,2,1.0,PFBS,0.0130570087268566,0.96662208227755,False,up
WBGene00011965,2,0.9666666666666667,PFBS,-0.0135815814127247,0.96662208227755,False,down
WBGene00017866,2,1.0,PFBS,-0.0142302712930701,0.966874146950895,False,down
WBGene00009059,2,1.0,PFBS,0.0157354854844797,0.966979922360862,False,up
WBGene00017355,2,0.9666666666666667,PFBS,0.0099793781514617,0.966979922360862,False,up
WBGene00022791,2,0.9666666666666667,PFBS,0.0157890352328449,0.967319404550696,False,up
WBGene00021914,2,1.0,PFBS,-0.0113547319077106,0.967319404550696,False,down
WBGene00045275,2,0.9666666666666667,PFBS,0.0759437276070938,0.967390063890034,False,up
WBGene00013678,2,1.0,PFBS,0.0127061004427555,0.96745254682332,False,up
WBGene00006443,2,0.9666666666666667,PFBS,-0.009421537085992,0.967816055326454,False,down
WBGene00018704,2,0.9,PFBS,0.0151619730833864,0.967926083166733,False,up
WBGene00019600,2,1.0,PFBS,0.019983354470525,0.967966240899683,False,up
WBGene00017763,2,1.0,PFBS,-0.0100022950277893,0.968490397269167,False,down
WBGene00010565,2,1.0,PFBS,0.0113444349818443,0.968744985346899,False,up
WBGene00006353,2,0.9333333333333333,PFBS,0.0111654114078974,0.968744985346899,False,up
WBGene00004094,2,1.0,PFBS,-0.0121142913757067,0.968744985346899,False,down
WBGene00020491,2,1.0,PFBS,-0.0163489343031222,0.968744985346899,False,down
WBGene00020549,2,1.0,PFBS,0.0124901849582783,0.969154989237289,False,up
WBGene00009237,2,0.7,PFBS,0.0198286962085832,0.969458304462624,False,up
WBGene00010013,2,1.0,PFBS,0.0087913050625292,0.969458304462624,False,up
WBGene00020264,2,1.0,PFBS,0.0071308314660743,0.96970503990474,False,up
WBGene00012337,2,0.9666666666666667,PFBS,-0.0123923142231471,0.970171493752542,False,down
WBGene00004508,2,1.0,PFBS,0.0080526528513118,0.970235257854592,False,up
WBGene00000815,2,0.9333333333333333,PFBS,-0.0084880467201746,0.97092647167771,False,down
WBGene00011636,2,1.0,PFBS,-0.0089616548336603,0.97092647167771,False,down
WBGene00020322,2,1.0,PFBS,-0.0123113550508021,0.97092647167771,False,down
WBGene00044483,2,0.9666666666666667,PFBS,-0.0146449282677247,0.97092647167771,False,down
WBGene00018142,2,0.9666666666666667,PFBS,0.0300014401404531,0.971431135256561,False,up
WBGene00010283,2,0.9666666666666667,PFBS,0.0103183251558381,0.971431135256561,False,up
WBGene00000633,2,0.9333333333333333,PFBS,0.0369195202962336,0.971464261672996,False,up
WBGene00003793,2,1.0,PFBS,0.0069546027097844,0.971656121242591,False,up
WBGene00009340,2,1.0,PFBS,0.0109408214003588,0.97171395845001,False,up
WBGene00020284,2,1.0,PFBS,0.0105405455308328,0.972501370326295,False,up
WBGene00019682,2,1.0,PFBS,-0.0114947422169894,0.972501370326295,False,down
WBGene00012170,2,1.0,PFBS,-0.0270466112954578,0.972703950964005,False,down
WBGene00020383,2,0.8666666666666667,PFBS,0.0119332708950526,0.973052456237623,False,up
WBGene00019823,2,0.9,PFBS,-0.0144914658606243,0.973272615698529,False,down
WBGene00008528,2,1.0,PFBS,0.0105224000363424,0.973580948103172,False,up
WBGene00018193,2,0.9666666666666667,PFBS,0.0098505065655653,0.973797880326049,False,up
WBGene00007348,2,0.9666666666666667,PFBS,-0.0105527695384112,0.973797880326049,False,down
WBGene00303030,2,1.0,PFBS,-0.0189582388415527,0.973797880326049,False,down
WBGene00022363,2,1.0,PFBS,-0.0100110291745932,0.973876706459653,False,down
WBGene00001995,2,1.0,PFBS,-0.0122808714609433,0.974457088310683,False,down
WBGene00008998,2,0.9333333333333333,PFBS,-0.0188545527804537,0.97461079211998,False,down
WBGene00010539,2,0.9333333333333333,PFBS,0.0161342082407446,0.975031230485029,False,up
WBGene00012234,2,0.9,PFBS,-0.0077711041940679,0.975031230485029,False,down
WBGene00019122,2,0.9666666666666667,PFBS,-0.0151574914361565,0.975031230485029,False,down
WBGene00013925,2,0.9333333333333333,PFBS,0.0132552906986387,0.975128676989534,False,up
WBGene00021332,2,1.0,PFBS,0.0119638656733493,0.975234539698657,False,up
WBGene00021765,2,1.0,PFBS,-0.0058433106054142,0.975628084240628,False,down
WBGene00013204,2,1.0,PFBS,0.0065184578606007,0.975767472430888,False,up
WBGene00011498,2,0.9666666666666667,PFBS,-0.0091802540952934,0.977161995699848,False,down
WBGene00010975,2,0.8666666666666667,PFBS,0.0077338477639519,0.97736942214969,False,up
WBGene00017916,2,1.0,PFBS,-0.0126556680196732,0.977506090217874,False,down
WBGene00006840,2,1.0,PFBS,-0.0048695799020041,0.977573311054852,False,down
WBGene00004510,2,1.0,PFBS,-0.0073115484966019,0.977573311054852,False,down
WBGene00018854,2,1.0,PFBS,-0.0076370635391396,0.977573311054852,False,down
WBGene00018073,2,0.9666666666666667,PFBS,-0.0137427566038182,0.977573311054852,False,down
WBGene00020038,2,1.0,PFBS,-0.0059826052793093,0.978223182846132,False,down
WBGene00008053,2,1.0,PFBS,-0.009145020974262,0.978325255804153,False,down
WBGene00009878,2,1.0,PFBS,-0.0085772561178888,0.978524465206595,False,down
WBGene00018565,2,0.9333333333333333,PFBS,-0.0280487572883139,0.978831802053755,False,down
WBGene00000231,2,1.0,PFBS,-0.0078947127333289,0.97897746357048,False,down
WBGene00017261,2,1.0,PFBS,0.0082261111157866,0.979290018381956,False,up
WBGene00020197,2,1.0,PFBS,-0.0058491305538034,0.97960618452941,False,down
WBGene00001056,2,1.0,PFBS,-0.0065960286842493,0.97960618452941,False,down
WBGene00015769,2,1.0,PFBS,-0.0110597237299164,0.97960618452941,False,down
WBGene00011095,2,1.0,PFBS,-0.0129275445878039,0.97960618452941,False,down
WBGene00003818,2,1.0,PFBS,0.0045545228291765,0.979669596372723,False,up
WBGene00019227,2,1.0,PFBS,-0.0113149595709638,0.981103066398222,False,down
WBGene00009919,2,0.9333333333333333,PFBS,-0.0052030586070036,0.981701572205389,False,down
WBGene00302998,2,0.9666666666666667,PFBS,-0.0178062541688386,0.981701572205389,False,down
WBGene00003993,2,0.9,PFBS,0.0114526926904023,0.981924492934383,False,up
WBGene00022850,2,1.0,PFBS,0.0065690618418542,0.982095180676081,False,up
WBGene00022273,2,1.0,PFBS,-0.0104177289445915,0.982193902662978,False,down
WBGene00009370,2,0.9666666666666667,PFBS,-0.0121614543942925,0.98231335838136,False,down
WBGene00012479,2,0.8333333333333334,PFBS,-0.0089726533467575,0.982620525453239,False,down
WBGene00001690,2,1.0,PFBS,0.0180335807982075,0.983068322127388,False,up
WBGene00017293,2,1.0,PFBS,0.0079399335946162,0.983068322127388,False,up
WBGene00001579,2,1.0,PFBS,-0.0058662668837955,0.983068322127388,False,down
WBGene00021685,2,1.0,PFBS,0.0058450099118772,0.983095391225335,False,up
WBGene00010678,2,0.9666666666666667,PFBS,-0.0144966542631552,0.983095391225335,False,down
WBGene00023421,2,1.0,PFBS,0.0061966152543278,0.983443460033249,False,up
WBGene00000514,2,0.5333333333333333,PFBS,0.0081391265454207,0.983480007546076,False,up
WBGene00009007,2,1.0,PFBS,0.0066036049726224,0.983480007546076,False,up
WBGene00004789,2,0.5333333333333333,PFBS,-0.0057530379492832,0.983480007546076,False,down
WBGene00011444,2,1.0,PFBS,-0.0067229479318042,0.983480007546076,False,down
WBGene00007116,2,1.0,PFBS,-0.0071035189949508,0.983480007546076,False,down
WBGene00002991,2,0.9666666666666667,PFBS,0.0061737441291326,0.983482011722227,False,up
WBGene00000161,2,1.0,PFBS,0.0050100058029179,0.983770358560275,False,up
WBGene00000173,2,1.0,PFBS,0.0191247550711564,0.984164857256549,False,up
WBGene00012802,2,1.0,PFBS,0.0095948428089553,0.984164857256549,False,up
WBGene00017837,2,1.0,PFBS,0.0055191660310841,0.984576191729592,False,up
WBGene00013167,2,0.9333333333333333,PFBS,0.0053276852272906,0.98472577801532,False,up
WBGene00003967,2,1.0,PFBS,-0.0040321090981926,0.98472577801532,False,down
WBGene00015477,2,0.6666666666666666,PFBS,-0.0047397389253426,0.98472577801532,False,down
WBGene00022100,2,1.0,PFBS,-0.005195193178018,0.98472577801532,False,down
WBGene00044637,2,1.0,PFBS,-0.0092873756581199,0.98472577801532,False,down
WBGene00022033,2,1.0,PFBS,0.0106381914138571,0.985160926429725,False,up
WBGene00007787,2,0.9666666666666667,PFBS,0.0040395743859973,0.985160926429725,False,up
WBGene00001253,2,0.9666666666666667,PFBS,-0.0047973117675374,0.985160926429725,False,down
WBGene00001817,2,0.7,PFBS,0.0038865867145984,0.985291338801531,False,up
WBGene00015297,2,0.8666666666666667,PFBS,-0.0050521556892953,0.985337302830433,False,down
WBGene00006919,2,1.0,PFBS,0.0041347773237391,0.985377339632705,False,up
WBGene00007690,2,1.0,PFBS,0.0052473824451627,0.985637005137058,False,up
WBGene00010199,2,1.0,PFBS,0.0036869815195475,0.985637005137058,False,up
WBGene00011994,2,1.0,PFBS,0.0036294129115599,0.985637005137058,False,up
WBGene00006516,2,1.0,PFBS,0.0029884622872684,0.985637005137058,False,up
WBGene00009246,2,1.0,PFBS,-0.0037337817316377,0.985637005137058,False,down
WBGene00010742,2,0.9,PFBS,-0.0053592570376573,0.985637005137058,False,down
WBGene00004089,2,0.9333333333333333,PFBS,0.0034745799502693,0.985848963704276,False,up
WBGene00019120,2,1.0,PFBS,0.0034072469451267,0.986245148919089,False,up
WBGene00022092,2,1.0,PFBS,-0.0066605873034301,0.986479157934433,False,down
WBGene00019373,2,0.9333333333333333,PFBS,0.006081122028262,0.986516131783354,False,up
WBGene00021867,2,0.9666666666666667,PFBS,-0.0085369887751032,0.986722654716859,False,down
WBGene00017796,2,1.0,PFBS,-0.0065022211431279,0.987220419970877,False,down
WBGene00008408,2,1.0,PFBS,0.0060486120288375,0.987233637166085,False,up
WBGene00004880,2,0.9666666666666667,PFBS,0.0034025880265912,0.987233637166085,False,up
WBGene00006796,2,1.0,PFBS,0.0033139550494648,0.987416125596212,False,up
WBGene00020964,2,1.0,PFBS,-0.004985211854874,0.987506250069679,False,down
WBGene00015099,2,1.0,PFBS,0.0040381896006362,0.987512248491634,False,up
WBGene00000813,2,1.0,PFBS,-0.0032482212789753,0.987512248491634,False,down
WBGene00022534,2,1.0,PFBS,-0.0059924286301576,0.987512248491634,False,down
WBGene00015492,2,1.0,PFBS,-0.0040422031287933,0.987528702637071,False,down
WBGene00012651,2,0.6,PFBS,-0.0053269486873142,0.987991272369637,False,down
WBGene00006634,2,1.0,PFBS,0.0039500183860643,0.988426538718438,False,up
WBGene00016021,2,1.0,PFBS,0.0035079626889348,0.988426538718438,False,up
WBGene00009482,2,1.0,PFBS,-0.0035867327381983,0.988426538718438,False,down
WBGene00019572,2,0.9666666666666667,PFBS,-0.0044790387508194,0.988921107802218,False,down
WBGene00000067,2,1.0,PFBS,0.0052448575663133,0.988976935888759,False,up
WBGene00015038,2,1.0,PFBS,0.0059868241202017,0.989021118686858,False,up
WBGene00008331,2,1.0,PFBS,-0.0027510578059557,0.989021118686858,False,down
WBGene00015330,2,1.0,PFBS,-0.004215808493829,0.989021118686858,False,down
WBGene00011930,2,0.9333333333333333,PFBS,0.0040113381754146,0.989230427573234,False,up
WBGene00010814,2,0.8333333333333334,PFBS,-0.0045484726698501,0.989371730198687,False,down
WBGene00021935,2,0.7,PFBS,-0.0034663634231044,0.98992913760085,False,down
WBGene00014111,2,1.0,PFBS,-0.0038769331120213,0.98992913760085,False,down
WBGene00003901,2,1.0,PFBS,-0.0027675686277668,0.990044699913831,False,down
WBGene00010579,2,1.0,PFBS,-0.0032905964961874,0.990044699913831,False,down
WBGene00011047,2,1.0,PFBS,-0.0036898576830515,0.990044699913831,False,down
WBGene00000270,2,1.0,PFBS,0.0045799673290646,0.990160391259935,False,up
WBGene00005021,2,0.8333333333333334,PFBS,-0.0043430757663624,0.990160391259935,False,down
WBGene00007042,2,1.0,PFBS,0.0022545068053444,0.990418529369783,False,up
WBGene00015975,2,1.0,PFBS,0.0042725888952708,0.990525227372326,False,up
WBGene00018408,2,1.0,PFBS,0.0029883361341235,0.990525227372326,False,up
WBGene00000164,2,1.0,PFBS,-0.0028921174531102,0.990525227372326,False,down
WBGene00011980,2,1.0,PFBS,0.0018471988482895,0.99063165379435,False,up
WBGene00021628,2,1.0,PFBS,-0.0037114655474507,0.990691031704649,False,down
WBGene00014234,2,1.0,PFBS,0.0028790928997305,0.991415288438226,False,up
WBGene00012835,2,1.0,PFBS,-0.0044449659239838,0.991558537260517,False,down
WBGene00006747,2,1.0,PFBS,0.0018839718417875,0.991590899659077,False,up
WBGene00004087,2,1.0,PFBS,0.0017656285935337,0.991616998302763,False,up
WBGene00013207,2,1.0,PFBS,0.0108227691478679,0.991815401658849,False,up
WBGene00010564,2,0.7,PFBS,-0.002449500069297,0.991815401658849,False,down
WBGene00021346,2,1.0,PFBS,-0.0025399262100385,0.991815401658849,False,down
WBGene00016108,2,1.0,PFBS,-0.0039793898628328,0.991815401658849,False,down
WBGene00001633,2,0.9666666666666667,PFBS,-0.0053456287985991,0.991815401658849,False,down
WBGene00007014,2,0.9666666666666667,PFBS,0.0040448556958182,0.991860019910059,False,up
WBGene00010842,2,0.9333333333333333,PFBS,0.0015757703941124,0.992390237174304,False,up
WBGene00008685,2,1.0,PFBS,-0.001409945561663,0.992561936780024,False,down
WBGene00022277,2,1.0,PFBS,-0.0020645021344435,0.992632841935647,False,down
WBGene00009087,2,1.0,PFBS,0.0060721979795236,0.992805521475078,False,up
WBGene00013677,2,1.0,PFBS,0.0017971249906301,0.992805521475078,False,up
WBGene00004167,2,1.0,PFBS,0.0012592043186171,0.992805521475078,False,up
WBGene00000249,2,1.0,PFBS,-0.0021183858575816,0.992805521475078,False,down
WBGene00009736,2,0.9666666666666667,PFBS,-0.0026692174193487,0.992805521475078,False,down
WBGene00007966,2,1.0,PFBS,-0.002695175674449,0.992805521475078,False,down
WBGene00013680,2,1.0,PFBS,-0.0021641915086646,0.993577188962106,False,down
WBGene00016395,2,0.9666666666666667,PFBS,-0.0019993238994105,0.994041979220802,False,down
WBGene00016564,2,1.0,PFBS,0.0028420885244609,0.994363429984098,False,up
WBGene00018719,2,1.0,PFBS,0.0021399038203274,0.994459389824742,False,up
WBGene00008670,2,1.0,PFBS,-0.0012247453050903,0.995181760892792,False,down
WBGene00020193,2,1.0,PFBS,-0.002631453348885,0.99556077536455,False,down
WBGene00002196,2,1.0,PFBS,-0.0006825452101105,0.995561687268297,False,down
WBGene00000511,2,1.0,PFBS,-0.0014295387860136,0.995646466134432,False,down
WBGene00001910,2,0.5333333333333333,PFBS,0.0017261445421459,0.996143343851134,False,up
WBGene00043064,2,1.0,PFBS,-0.0015180928192786,0.996158662883137,False,down
WBGene00021103,2,1.0,PFBS,-0.0009261833815659,0.997394659390955,False,down
WBGene00001425,2,1.0,PFBS,0.0009004461240636,0.99787616061479,False,up
WBGene00001836,2,1.0,PFBS,0.0004899053128629,0.99787616061479,False,up
WBGene00006681,2,0.9666666666666667,PFBS,0.0007531853474031,0.997999746442881,False,up
WBGene00004367,2,1.0,PFBS,0.000502186980204,0.997999746442881,False,up
WBGene00001443,2,0.9666666666666667,PFBS,0.0003871357158624,0.99810538798294,False,up
WBGene00011067,2,1.0,PFBS,-0.000396567844333,0.99810538798294,False,down
WBGene00022787,2,1.0,PFBS,0.00030153167141,0.998831494315887,False,up
WBGene00011181,2,1.0,PFBS,-0.0003514728562854,0.998831494315887,False,down
WBGene00016442,2,1.0,PFBS,-0.0004223143692687,0.998831494315887,False,down
WBGene00000552,2,1.0,PFBS,-9.84165763541278e-05,0.999128553484712,False,down
WBGene00001631,2,1.0,PFBS,-0.0001264350676498,0.999494114680316,False,down
WBGene00012647,2,0.9666666666666667,PFBS,-0.0002424898332878,0.999683108999424,False,down
WBGene00022453,2,1.0,PFBS,-3.00782652442146e-06,0.999981105335527,False,down
WBGene00005663,2,0.8666666666666667,PFBS,-6.84853225117218e-06,0.999981105335527,False,down
WBGene00006773,2,1.0,PFBS,-1.43346537708364e-05,0.999981105335527,False,down
