WB_id,consensus_module,consensus_strength,chemical,logFC,FDR,is_detected,direction
WBGene00006408,0,1.0,PFBSA,-1.068632746299,7.56001514605284e-09,True,down
WBGene00003762,0,0.9666666666666667,PFBSA,-1.25963235029055,2.7923055782839e-08,True,down
WBGene00004233,0,1.0,PFBSA,-1.36500221441566,3.99680235033074e-07,True,down
WBGene00000003,0,0.8333333333333334,PFBSA,-0.681183411824416,5.09752084406095e-07,True,down
WBGene00020808,0,1.0,PFBSA,-0.485521545665599,1.76118353515962e-06,True,down
WBGene00015752,0,1.0,PFBSA,-0.721590004122216,1.97806097577285e-06,True,down
WBGene00010738,0,1.0,PFBSA,-1.69730114844486,2.05093741078513e-06,True,down
WBGene00000992,0,1.0,PFBSA,-0.96673217038546,2.25358360687229e-06,True,down
WBGene00019148,0,1.0,PFBSA,-1.71860256758694,2.85291374970628e-06,True,down
WBGene00001069,0,1.0,PFBSA,-3.00146603098455,5.14906266301138e-06,True,down
WBGene00000387,0,1.0,PFBSA,-0.691695475310297,5.9119831517725e-06,True,down
WBGene00000063,0,1.0,PFBSA,-0.458007377459709,6.38543324863005e-06,True,down
WBGene00009624,0,1.0,PFBSA,-0.867457659547901,1.10798494749318e-05,True,down
WBGene00021850,0,1.0,PFBSA,-1.39927758502442,1.11329144539972e-05,True,down
WBGene00000731,0,1.0,PFBSA,-1.54870421422777,1.11329144539972e-05,True,down
WBGene00022415,0,1.0,PFBSA,-3.95907630522322,1.11329144539972e-05,True,down
WBGene00017154,0,1.0,PFBSA,-0.997349072210196,1.72070718461963e-05,True,down
WBGene00001688,0,1.0,PFBSA,-0.783425564485506,1.90306083542104e-05,True,down
WBGene00003681,0,1.0,PFBSA,-1.0575974067251,1.94325358075068e-05,True,down
WBGene00000882,0,1.0,PFBSA,-1.88684341115765,1.99497150971185e-05,True,down
WBGene00002039,0,1.0,PFBSA,-0.908314696843837,2.01979890344966e-05,True,down
WBGene00011480,0,1.0,PFBSA,-0.52933133262275,2.51790770857105e-05,True,down
WBGene00050939,0,1.0,PFBSA,-1.99679869467749,2.52831233739703e-05,True,down
WBGene00015464,0,1.0,PFBSA,-0.971683981603423,2.53233402103143e-05,True,down
WBGene00008762,0,1.0,PFBSA,-1.04008135792692,2.57580727320998e-05,True,down
WBGene00018656,0,1.0,PFBSA,-1.00444462392015,2.7365718436114e-05,True,down
WBGene00012722,0,1.0,PFBSA,-0.525146974689544,2.85571889384866e-05,True,down
WBGene00009889,0,1.0,PFBSA,-2.06476990096196,4.12063927487942e-05,True,down
WBGene00000411,0,1.0,PFBSA,-0.799856271813083,4.16369159962695e-05,True,down
WBGene00010075,0,1.0,PFBSA,-0.518626443927521,4.19129765304701e-05,True,down
WBGene00006584,0,1.0,PFBSA,-0.440015202457876,4.57540605674378e-05,True,down
WBGene00001000,0,1.0,PFBSA,-0.308100816850137,4.57782429613652e-05,True,down
WBGene00001071,0,1.0,PFBSA,-2.77808614736674,5.33439484414263e-05,True,down
WBGene00001045,0,1.0,PFBSA,-0.620377174174641,5.46084271498941e-05,True,down
WBGene00023500,0,1.0,PFBSA,-0.761292272663425,5.46084271498941e-05,True,down
WBGene00019212,0,1.0,PFBSA,-1.18750770887905,5.60412982635488e-05,True,down
WBGene00001113,0,1.0,PFBSA,-0.489142581997748,5.60442396585236e-05,True,down
WBGene00003675,0,1.0,PFBSA,-0.887777515127944,5.66729582946777e-05,True,down
WBGene00017571,0,1.0,PFBSA,-0.317593143989979,5.74163780597852e-05,True,down
WBGene00016664,0,1.0,PFBSA,-0.964834379285879,7.1361265407722e-05,True,down
WBGene00001064,0,1.0,PFBSA,-3.03092566729117,7.69449762830641e-05,True,down
WBGene00021095,0,1.0,PFBSA,-2.11730029179122,8.18174728086705e-05,True,down
WBGene00004264,0,1.0,PFBSA,-2.25085708979267,8.41539383526962e-05,True,down
WBGene00001089,0,1.0,PFBSA,-0.423138827507404,8.43985274255924e-05,True,down
WBGene00012256,0,1.0,PFBSA,-2.91944466735561,8.95164328636169e-05,True,down
WBGene00002229,0,1.0,PFBSA,-0.643962896771397,9.10386101369475e-05,True,down
WBGene00006956,0,1.0,PFBSA,-3.82216296757904,9.19310278099648e-05,True,down
WBGene00001025,0,1.0,PFBSA,-0.282470469733799,9.857649029597e-05,True,down
WBGene00001072,0,1.0,PFBSA,-2.51356003994398,9.93293844687579e-05,True,down
WBGene00018572,0,1.0,PFBSA,-1.65775947776024,0.0001042783079566,True,down
WBGene00003410,0,1.0,PFBSA,-0.420163322572437,0.0001057224329507,True,down
WBGene00001065,0,1.0,PFBSA,-3.66461867204575,0.0001075025873692,True,down
WBGene00013849,0,1.0,PFBSA,-1.63064138541627,0.0001162488495079,True,down
WBGene00015620,0,1.0,PFBSA,-1.17761298722334,0.00012912520699,True,down
WBGene00002231,0,1.0,PFBSA,-0.744165041592695,0.0001308835811258,True,down
WBGene00020083,0,1.0,PFBSA,-1.76091183830007,0.0001419605797514,True,down
WBGene00022173,0,1.0,PFBSA,-0.410256952986654,0.0001424996495336,True,down
WBGene00001079,0,1.0,PFBSA,-2.13039792653266,0.0001439025402564,True,down
WBGene00003553,0,1.0,PFBSA,-2.08487128302615,0.0001477841376114,True,down
WBGene00219208,0,1.0,PFBSA,-2.157021239529,0.0001527423159195,True,down
WBGene00001428,0,1.0,PFBSA,-0.947209317604735,0.0001580786382858,True,down
WBGene00012545,0,1.0,PFBSA,-1.69872021242914,0.0001580786382858,True,down
WBGene00008963,0,1.0,PFBSA,-1.27191671197426,0.0001637540868711,True,down
WBGene00009621,0,1.0,PFBSA,-0.910222603833151,0.0001706504812152,True,down
WBGene00018275,0,1.0,PFBSA,-0.714969819431041,0.0001727254620565,True,down
WBGene00012255,0,1.0,PFBSA,-2.92147723092444,0.0001775712872822,True,down
WBGene00012257,0,1.0,PFBSA,-4.03039923029014,0.0001781794375842,True,down
WBGene00019654,0,0.9666666666666667,PFBSA,-1.04995953203375,0.0001796567600441,True,down
WBGene00007170,0,1.0,PFBSA,-1.50476744521822,0.0001796567600441,True,down
WBGene00007552,0,1.0,PFBSA,-2.8808571595981,0.0001831189912252,True,down
WBGene00012261,0,1.0,PFBSA,-3.11113606198363,0.0001957207673767,True,down
WBGene00003962,0,1.0,PFBSA,-0.752558812149483,0.0001965292858174,True,down
WBGene00002073,0,1.0,PFBSA,-0.989094597209436,0.0001980153258698,True,down
WBGene00001077,0,1.0,PFBSA,-0.926711911461798,0.0002129682167377,True,down
WBGene00004874,0,1.0,PFBSA,-0.359916942339216,0.0002212850682197,True,down
WBGene00013852,0,1.0,PFBSA,-2.18656506721333,0.000226051691942,True,down
WBGene00022612,0,1.0,PFBSA,-1.27809293203343,0.0002444353748243,True,down
WBGene00044631,0,1.0,PFBSA,-1.54816154296319,0.0002585595644784,True,down
WBGene00013321,0,1.0,PFBSA,-0.775930262779331,0.0002602353332519,True,down
WBGene00020160,0,1.0,PFBSA,-0.405201756077288,0.0002626677555188,True,down
WBGene00009108,0,1.0,PFBSA,-3.31658425660726,0.0002742045058253,True,down
WBGene00019760,0,1.0,PFBSA,-0.709522789797862,0.0002782288597208,True,down
WBGene00044630,0,0.9666666666666667,PFBSA,-0.514544376147263,0.0002783838909146,True,down
WBGene00000722,0,1.0,PFBSA,-2.03614585730606,0.0002847438130301,True,down
WBGene00021963,0,1.0,PFBSA,-1.55965517672141,0.0002859011167961,True,down
WBGene00006794,0,1.0,PFBSA,-0.304253361988321,0.0002882015774847,True,down
WBGene00019759,0,1.0,PFBSA,-1.37860771068547,0.0002882015774847,True,down
WBGene00021648,0,1.0,PFBSA,-0.89385122436174,0.0002997605616363,True,down
WBGene00012936,0,1.0,PFBSA,-0.688865236175947,0.0003061245540096,True,down
WBGene00011481,0,1.0,PFBSA,-0.442254182408595,0.0003102857606175,True,down
WBGene00001159,0,1.0,PFBSA,-0.40469834647438,0.0003209875863288,True,down
WBGene00010330,0,1.0,PFBSA,-0.713596147738368,0.0003209875863288,True,down
WBGene00004224,0,1.0,PFBSA,-1.98415607927006,0.0003209875863288,True,down
WBGene00020487,0,1.0,PFBSA,-2.91356605985227,0.0003209875863288,True,down
WBGene00000928,0,1.0,PFBSA,-3.38840912705785,0.0003209875863288,True,down
WBGene00002282,0,1.0,PFBSA,-2.91538744059823,0.0003240093335833,True,down
WBGene00015273,0,1.0,PFBSA,-0.568433239473961,0.000356210013027,True,down
WBGene00007999,0,1.0,PFBSA,-2.21782974478605,0.000356210013027,True,down
WBGene00019994,0,1.0,PFBSA,-0.401974501077753,0.0003652106727716,True,down
WBGene00022816,0,1.0,PFBSA,-2.16769737303009,0.0003761554271897,True,down
WBGene00003400,0,1.0,PFBSA,-0.289099417813007,0.0003834190718569,True,down
WBGene00022274,0,1.0,PFBSA,-2.03191564263403,0.0003914589672055,True,down
WBGene00017832,0,1.0,PFBSA,-0.747567964964311,0.0004133667100778,True,down
WBGene00006366,0,1.0,PFBSA,-2.11301823442574,0.0004156223348951,True,down
WBGene00008921,0,1.0,PFBSA,-0.757524702824438,0.0004476436644738,True,down
WBGene00017283,0,1.0,PFBSA,-0.349867942183562,0.0004505499550314,True,down
WBGene00017991,0,1.0,PFBSA,-2.57763329575839,0.0004602049369733,True,down
WBGene00009620,0,1.0,PFBSA,-0.784032596706294,0.0004701423998225,True,down
WBGene00020788,0,1.0,PFBSA,-0.411273813530861,0.0004893175165482,True,down
WBGene00018682,0,1.0,PFBSA,-1.37760610945298,0.0004893175165482,True,down
WBGene00235268,0,1.0,PFBSA,-3.45172052212055,0.000496443710064,True,down
WBGene00000065,0,1.0,PFBSA,-0.447854683307216,0.0004977902968494,True,down
WBGene00012186,0,1.0,PFBSA,-3.1417880214415,0.0005088106744153,True,down
WBGene00022160,0,1.0,PFBSA,-0.827413642755493,0.0005249487934275,True,down
WBGene00016422,0,1.0,PFBSA,-1.88644343359909,0.0005249487934275,True,down
WBGene00013263,0,1.0,PFBSA,-0.899172745191768,0.0005307181294138,True,down
WBGene00016104,0,1.0,PFBSA,-0.675637266984814,0.0005504781344161,True,down
WBGene00000275,0,1.0,PFBSA,-0.604204657089127,0.0005533887871842,True,down
WBGene00018744,0,1.0,PFBSA,-0.645568010435798,0.0005566066293559,True,down
WBGene00001389,0,1.0,PFBSA,-0.881342748524137,0.000562350992577,True,down
WBGene00009094,0,1.0,PFBSA,-1.17503809547624,0.000576815103148,True,down
WBGene00001814,0,1.0,PFBSA,-0.324566229797598,0.0005785198795055,True,down
WBGene00015515,0,1.0,PFBSA,-0.63880203009447,0.0006040988622441,True,down
WBGene00008107,0,1.0,PFBSA,-0.659282400082477,0.0006041156737972,True,down
WBGene00001340,0,0.9333333333333333,PFBSA,-0.264331151881368,0.0006041594648749,True,down
WBGene00001073,0,1.0,PFBSA,-0.776450403954358,0.0006041594648749,True,down
WBGene00019154,0,1.0,PFBSA,-3.06086530561099,0.0006041594648749,True,down
WBGene00002047,0,1.0,PFBSA,-0.555751403998382,0.0006408048620766,True,down
WBGene00008571,0,1.0,PFBSA,-0.67921837597353,0.0006408048620766,True,down
WBGene00007938,0,1.0,PFBSA,-2.19235822056412,0.0006758269096178,True,down
WBGene00001107,0,1.0,PFBSA,-1.56162761740755,0.0006804034113143,True,down
WBGene00001430,0,1.0,PFBSA,-1.04054161917897,0.0006916249361553,True,down
WBGene00001559,0,1.0,PFBSA,-0.367187265572105,0.000695530523325,True,down
WBGene00001689,0,1.0,PFBSA,-0.689222715646503,0.0007369948100461,True,down
WBGene00003157,0,1.0,PFBSA,-0.674267384457629,0.0007549413215983,True,down
WBGene00015510,0,1.0,PFBSA,-0.520151109451546,0.0007752256734688,True,down
WBGene00003482,0,1.0,PFBSA,-1.19521472371212,0.0007752256734688,True,down
WBGene00003405,0,1.0,PFBSA,-0.502565292756784,0.000775981319776,True,down
WBGene00003156,0,1.0,PFBSA,-0.617363901131386,0.000775981319776,True,down
WBGene00011760,0,1.0,PFBSA,-0.354284578708627,0.0007794931079815,True,down
WBGene00004180,0,0.8333333333333334,PFBSA,-0.904990558191574,0.0007798553504897,True,down
WBGene00015795,0,1.0,PFBSA,-2.47096791868348,0.0007798553504897,True,down
WBGene00011182,0,1.0,PFBSA,-0.446132402117751,0.0007821235210725,True,down
WBGene00001869,0,1.0,PFBSA,-0.626565693199173,0.0008122265813264,True,down
WBGene00012497,0,1.0,PFBSA,-0.231226534348884,0.0008178314443837,True,down
WBGene00008605,0,1.0,PFBSA,-1.65461273709625,0.0008220777062972,True,down
WBGene00022146,0,1.0,PFBSA,-1.06245139790846,0.0008375026134694,True,down
WBGene00000800,0,1.0,PFBSA,-0.247580326699108,0.0008692845163787,True,down
WBGene00009133,0,1.0,PFBSA,-1.24394354940178,0.0008865534363518,True,down
WBGene00009674,0,1.0,PFBSA,-0.368108789725566,0.0008904815020506,True,down
WBGene00002070,0,1.0,PFBSA,-0.447664133705126,0.0008906632335429,True,down
WBGene00004989,0,1.0,PFBSA,-1.25450878998022,0.0009047043715311,True,down
WBGene00000623,0,1.0,PFBSA,-3.62735392817242,0.0009047043715311,True,down
WBGene00018737,0,0.5,PFBSA,-1.16272744843972,0.0009075643380294,True,down
WBGene00045379,0,1.0,PFBSA,-0.513627014216709,0.000908047940311,True,down
WBGene00001242,0,1.0,PFBSA,-1.2704459892038,0.0009124409359117,True,down
WBGene00022141,0,1.0,PFBSA,-0.709995046155621,0.0009160195661123,True,down
WBGene00003622,0,1.0,PFBSA,-0.8454520403636,0.0009201725682856,True,down
WBGene00003214,0,1.0,PFBSA,-0.902038386236381,0.0009211664708938,True,down
WBGene00003504,0,1.0,PFBSA,-0.348276597903864,0.0009330614867153,True,down
WBGene00004017,0,1.0,PFBSA,-0.88174131995936,0.000933541704211,True,down
WBGene00013150,0,0.5,PFBSA,-0.675198707377252,0.0009406146273326,True,down
WBGene00009926,0,1.0,PFBSA,-2.07209803353278,0.000940978834228,True,down
WBGene00000402,0,1.0,PFBSA,-2.59025676525251,0.000940978834228,True,down
WBGene00044163,0,0.9,PFBSA,-1.6539561626236,0.0009570110586673,True,down
WBGene00019318,0,1.0,PFBSA,-1.85903831614526,0.0009594710918472,True,down
WBGene00000413,0,1.0,PFBSA,-0.675654210278646,0.000966262242392,True,down
WBGene00004219,0,1.0,PFBSA,-1.9910946791235,0.0009787256265498,True,down
WBGene00000990,0,1.0,PFBSA,-0.799730353006006,0.0010167714752029,True,down
WBGene00020184,0,1.0,PFBSA,-0.356531733450882,0.0010175223664006,True,down
WBGene00007150,0,1.0,PFBSA,-0.808309620852073,0.0010175223664006,True,down
WBGene00017738,0,1.0,PFBSA,-0.673732257095417,0.0010282495726339,True,down
WBGene00001950,0,1.0,PFBSA,-1.07289544293729,0.0010324799830019,True,down
WBGene00009342,0,1.0,PFBSA,-0.74701705332064,0.0010359341167363,True,down
WBGene00018542,0,1.0,PFBSA,-1.16975758203346,0.0010573458119193,True,down
WBGene00008401,0,0.9666666666666667,PFBSA,-0.429595640643336,0.0010813325526054,True,down
WBGene00013673,0,1.0,PFBSA,-2.23892350653357,0.0010903189196246,True,down
WBGene00001047,0,1.0,PFBSA,-0.31986140135457,0.0011045235128684,True,down
WBGene00000399,0,1.0,PFBSA,-2.35507327940846,0.0011138169361261,True,down
WBGene00016264,0,1.0,PFBSA,-0.627777907997006,0.0011194146774515,True,down
WBGene00000039,0,1.0,PFBSA,-1.46057256196719,0.001121996034264,True,down
WBGene00002827,0,1.0,PFBSA,-1.23252746803712,0.0011317427611059,True,down
WBGene00022591,0,1.0,PFBSA,-1.76481687305129,0.0011590946222085,True,down
WBGene00015404,0,1.0,PFBSA,-0.362848137481155,0.001177879884829,True,down
WBGene00008563,0,1.0,PFBSA,-0.914606287197462,0.0012153506680132,True,down
WBGene00016103,0,1.0,PFBSA,-0.470328655778981,0.0012237219729956,True,down
WBGene00011318,0,1.0,PFBSA,-0.653724642341413,0.001229952101874,True,down
WBGene00011440,0,0.5333333333333333,PFBSA,-0.310729222580128,0.0012527595118082,True,down
WBGene00021227,0,1.0,PFBSA,-0.537551224596831,0.0012793377359637,True,down
WBGene00004025,0,1.0,PFBSA,-0.853883567734548,0.0012820066809415,True,down
WBGene00022455,0,1.0,PFBSA,-0.650947175417533,0.001291574897185,True,down
WBGene00000225,0,0.9666666666666667,PFBSA,-0.381390277168219,0.0013089691313659,True,down
WBGene00007479,0,1.0,PFBSA,-1.4616285060783,0.001334698003823,True,down
WBGene00019595,0,1.0,PFBSA,-0.768140611796776,0.0013449690268651,True,down
WBGene00015298,0,1.0,PFBSA,-1.0790602958012,0.0013696379468255,True,down
WBGene00004270,0,1.0,PFBSA,-0.387054517028468,0.0013947869104203,True,down
WBGene00003158,0,1.0,PFBSA,-0.542587503835885,0.001416925592381,True,down
WBGene00021931,0,1.0,PFBSA,-1.79279527791441,0.001416925592381,True,down
WBGene00003703,0,1.0,PFBSA,-1.04667990524015,0.0014280826790811,True,down
WBGene00000794,0,1.0,PFBSA,-0.544437593846629,0.0014703397155519,True,down
WBGene00004391,0,1.0,PFBSA,-0.826346249479255,0.0014829743923496,True,down
WBGene00018836,0,1.0,PFBSA,-0.28623304015941,0.0014944048088511,True,down
WBGene00020742,0,1.0,PFBSA,-0.384977919046473,0.0014985981603152,True,down
WBGene00008205,0,1.0,PFBSA,-0.614688607753593,0.0015165226115565,True,down
WBGene00000870,0,1.0,PFBSA,-0.829601775661592,0.0015207048971794,True,down
WBGene00020704,0,1.0,PFBSA,-1.66848682822008,0.0015400150110002,True,down
WBGene00009322,0,1.0,PFBSA,-0.383338082252504,0.0015435732254316,True,down
WBGene00001833,0,1.0,PFBSA,-0.53583373933113,0.0015556782750177,True,down
WBGene00011802,0,1.0,PFBSA,-0.299975802496211,0.0015740525820669,True,down
WBGene00004955,0,1.0,PFBSA,-0.391483721595572,0.001577564783123,True,down
WBGene00013209,0,1.0,PFBSA,-0.463892925502924,0.0015781273442226,True,down
WBGene00010725,0,1.0,PFBSA,-0.314622442054758,0.0015980865295611,True,down
WBGene00004134,0,1.0,PFBSA,-0.851744700820764,0.0015980865295611,True,down
WBGene00004042,0,1.0,PFBSA,-0.585507126703206,0.0016045895083894,True,down
WBGene00009818,0,1.0,PFBSA,-0.770374038876738,0.0016222467331345,True,down
WBGene00012648,0,1.0,PFBSA,-0.74534407145934,0.0016454159613022,True,down
WBGene00009368,0,1.0,PFBSA,-0.554529164883668,0.0016786820390305,True,down
WBGene00001331,0,1.0,PFBSA,-0.408011121219323,0.001775721167047,True,down
WBGene00008987,0,1.0,PFBSA,-0.919821209282454,0.0017767915613243,True,down
WBGene00015268,0,1.0,PFBSA,-1.07326963602257,0.0018438645317112,True,down
WBGene00001570,0,1.0,PFBSA,-0.765289399879327,0.0018488311782056,True,down
WBGene00012343,0,1.0,PFBSA,-0.26784900547627,0.0018800677619704,True,down
WBGene00013340,0,1.0,PFBSA,-0.392341459663514,0.0018800677619704,True,down
WBGene00017201,0,1.0,PFBSA,-0.771304387769121,0.001911365110094,True,down
WBGene00004216,0,1.0,PFBSA,-0.900119005577705,0.0019159383768783,True,down
WBGene00004465,0,1.0,PFBSA,-0.356756505300345,0.001929895130849,True,down
WBGene00206361,0,0.5,PFBSA,-1.09338126159716,0.0019615901387091,True,down
WBGene00004340,0,1.0,PFBSA,-0.536297864368358,0.0019727551687445,True,down
WBGene00017028,0,1.0,PFBSA,-0.443342341839208,0.0019748095631357,True,down
WBGene00044641,0,1.0,PFBSA,-1.28124425516544,0.0019748095631357,True,down
WBGene00008035,0,1.0,PFBSA,-0.619646562760764,0.0020200662016657,True,down
WBGene00001829,0,1.0,PFBSA,-0.557447558408276,0.0020592677025593,True,down
WBGene00008641,0,1.0,PFBSA,-0.610785560399479,0.0020700661171783,True,down
WBGene00011307,0,1.0,PFBSA,-0.829483288625231,0.0020700661171783,True,down
WBGene00001049,0,0.8,PFBSA,-0.45667756327847,0.0022645990002254,True,down
WBGene00000182,0,1.0,PFBSA,-0.250572477642302,0.0022736791530488,True,down
WBGene00000498,0,1.0,PFBSA,-0.475751046821623,0.0022779346330219,True,down
WBGene00019481,0,1.0,PFBSA,-0.379146689719119,0.002335055008882,True,down
WBGene00013543,0,1.0,PFBSA,-0.374587430023896,0.0023530411190994,True,down
WBGene00022122,0,1.0,PFBSA,-0.487899336869218,0.0023718149254072,True,down
WBGene00020702,0,1.0,PFBSA,-1.83000717881295,0.0023816536592406,True,down
WBGene00017546,0,1.0,PFBSA,-0.418664682095263,0.0023863648168048,True,down
WBGene00004502,0,0.9666666666666667,PFBSA,-0.337147934873941,0.0024249076507188,True,down
WBGene00015781,0,1.0,PFBSA,-1.95520523811973,0.0024249076507188,True,down
WBGene00007118,0,1.0,PFBSA,-0.394331004076828,0.0024373721600448,True,down
WBGene00003134,0,1.0,PFBSA,-0.303286844407954,0.0024448644618572,True,down
WBGene00000099,0,1.0,PFBSA,-0.654810481266249,0.0025127634814556,True,down
WBGene00302993,0,1.0,PFBSA,-2.48812287084925,0.0025424815347083,True,down
WBGene00019426,0,1.0,PFBSA,-0.700083473396461,0.0025499997746075,True,down
WBGene00006856,0,1.0,PFBSA,-0.291506339190721,0.0025896029363639,True,down
WBGene00001068,0,1.0,PFBSA,-1.07638107968855,0.0026180615128879,True,down
WBGene00019520,0,0.9666666666666667,PFBSA,-2.55542449532338,0.0026490190513164,True,down
WBGene00015181,0,1.0,PFBSA,-0.245803528917188,0.0026570082555217,True,down
WBGene00000236,0,1.0,PFBSA,-0.345882229603217,0.0026588433725794,True,down
WBGene00000098,0,1.0,PFBSA,-0.642449292026096,0.0026793678085561,True,down
WBGene00020194,0,1.0,PFBSA,-2.5415522278531,0.0026793678085561,True,down
WBGene00003930,0,1.0,PFBSA,-0.272776999228679,0.0027115627496689,True,down
WBGene00017317,0,1.0,PFBSA,-0.272736320639053,0.0027191807637653,True,down
WBGene00009812,0,1.0,PFBSA,-0.263524238728778,0.002734851883379,True,down
WBGene00007394,0,1.0,PFBSA,-0.383428778238885,0.0027628576813264,True,down
WBGene00010225,0,1.0,PFBSA,-0.418142951842165,0.0027709733616296,True,down
WBGene00022114,0,1.0,PFBSA,-0.320714586500293,0.0027941419398101,True,down
WBGene00016074,0,1.0,PFBSA,-0.694095592949601,0.0028162002177476,True,down
WBGene00001492,0,1.0,PFBSA,-0.367159577220395,0.0028293388747294,True,down
WBGene00008041,0,1.0,PFBSA,-0.465307922551898,0.0028368799517426,True,down
WBGene00020115,0,1.0,PFBSA,-0.320184586757507,0.0029308624196364,True,down
WBGene00004043,0,1.0,PFBSA,-0.81202018745558,0.0029805595291068,True,down
WBGene00022103,0,1.0,PFBSA,-0.895910078442625,0.0030175398876722,True,down
WBGene00012156,0,1.0,PFBSA,-0.512485655308401,0.0030643858983347,True,down
WBGene00009980,0,1.0,PFBSA,-0.862403536379871,0.0031249870985498,True,down
WBGene00006604,0,1.0,PFBSA,-0.233615312980499,0.003178261755528,True,down
WBGene00007350,0,1.0,PFBSA,-0.208975070904604,0.0032428545314259,True,down
WBGene00007696,0,1.0,PFBSA,-0.478497209612251,0.0032769205473769,True,down
WBGene00020855,0,1.0,PFBSA,-1.07981077951497,0.0034109821616656,True,down
WBGene00010093,0,1.0,PFBSA,-0.499975384926934,0.0034287986122163,True,down
WBGene00004698,0,1.0,PFBSA,-0.279871266207737,0.0035006339437934,True,down
WBGene00004766,0,0.9666666666666667,PFBSA,-0.243774087901212,0.0035252932905108,True,down
WBGene00016583,0,1.0,PFBSA,-0.268176727269763,0.0035411658942237,True,down
WBGene00004461,0,1.0,PFBSA,-0.310632933996048,0.0036534473352407,True,down
WBGene00013238,0,1.0,PFBSA,-0.452933327086107,0.0036540392443607,True,down
WBGene00020919,0,1.0,PFBSA,-0.375729275361814,0.0037215565489867,True,down
WBGene00011112,0,1.0,PFBSA,-0.710279801298126,0.0039445312159789,True,down
WBGene00002007,0,1.0,PFBSA,-0.338494725090863,0.003947833693517,True,down
WBGene00012322,0,1.0,PFBSA,-0.743393798643187,0.0041089941371647,True,down
WBGene00018743,0,1.0,PFBSA,-0.456819965960005,0.0041113275276337,True,down
WBGene00001016,0,1.0,PFBSA,-0.479591903608403,0.0041218285041275,True,down
WBGene00003418,0,1.0,PFBSA,-0.413278769839494,0.0041323119526535,True,down
WBGene00017948,0,1.0,PFBSA,0.401354695131284,0.004168583943994,True,up
WBGene00010061,0,1.0,PFBSA,-0.464621996421117,0.0041879027377028,True,down
WBGene00012650,0,1.0,PFBSA,-0.575913392175699,0.0042041502355236,True,down
WBGene00013426,0,0.9666666666666667,PFBSA,-0.586261442059905,0.0042190734263711,True,down
WBGene00185001,0,1.0,PFBSA,-0.519954339970273,0.0042198978661857,True,down
WBGene00016235,0,1.0,PFBSA,-0.458704434183293,0.0042270228977107,True,down
WBGene00020102,0,1.0,PFBSA,-0.294461405760618,0.004277881138892,True,down
WBGene00003154,0,1.0,PFBSA,-0.655725476508965,0.004277881138892,True,down
WBGene00005011,0,1.0,PFBSA,-0.784748222146697,0.004330822570254,True,down
WBGene00000804,0,1.0,PFBSA,-0.645723201859784,0.0043703483444159,True,down
WBGene00004468,0,1.0,PFBSA,-0.345956833981513,0.0043713294387066,True,down
WBGene00002216,0,1.0,PFBSA,-0.263135167620577,0.0043832210989915,True,down
WBGene00010720,0,1.0,PFBSA,-0.236006084855721,0.0044001472702317,True,down
WBGene00018008,0,1.0,PFBSA,-0.195709665900292,0.0044008304250369,True,down
WBGene00001431,0,1.0,PFBSA,-0.316430448573186,0.0044358298500565,True,down
WBGene00021470,0,1.0,PFBSA,-0.526354520860702,0.004463339419073,True,down
WBGene00010893,0,1.0,PFBSA,-0.814306662018051,0.0044974884976216,True,down
WBGene00004338,0,0.8666666666666667,PFBSA,-0.422291294381323,0.0045002142562487,True,down
WBGene00003367,0,1.0,PFBSA,-0.270502470848193,0.004535652008736,True,down
WBGene00019882,0,1.0,PFBSA,-0.573839340213242,0.004535652008736,True,down
WBGene00002393,0,1.0,PFBSA,-1.60255821887164,0.0045359032892357,True,down
WBGene00012628,0,1.0,PFBSA,-0.959701161902335,0.0045733576108812,True,down
WBGene00000405,0,1.0,PFBSA,-0.680085262245903,0.0045915565046582,True,down
WBGene00010621,0,1.0,PFBSA,-1.43570777693396,0.0045915565046582,True,down
WBGene00000567,0,1.0,PFBSA,-0.22152648012616,0.0046063379651541,True,down
WBGene00011831,0,1.0,PFBSA,-0.888837570340071,0.0047179382450231,True,down
WBGene00003915,0,1.0,PFBSA,-0.501159852262262,0.0047416771784236,True,down
WBGene00001002,0,1.0,PFBSA,-0.515251275024214,0.0047423354302851,True,down
WBGene00006640,0,1.0,PFBSA,-0.552731975545587,0.0047437954254906,True,down
WBGene00020465,0,1.0,PFBSA,-2.00162086981193,0.0048689884438306,True,down
WBGene00009653,0,1.0,PFBSA,-0.837375205319967,0.0049578508443415,True,down
WBGene00012046,0,1.0,PFBSA,-2.40198862510785,0.0049985928082189,True,down
WBGene00020216,0,1.0,PFBSA,-0.46555947745219,0.0050090977980731,True,down
WBGene00021279,0,1.0,PFBSA,-2.65126452912886,0.0051835398694924,True,down
WBGene00006815,0,1.0,PFBSA,-0.181742875964399,0.0052096296737768,True,down
WBGene00001020,0,1.0,PFBSA,-0.423992432373238,0.0052882792268388,True,down
WBGene00021247,0,1.0,PFBSA,-0.611558224795631,0.0052882792268388,True,down
WBGene00020867,0,1.0,PFBSA,-0.476849324391566,0.0052932257027533,True,down
WBGene00012445,0,1.0,PFBSA,-0.608812450899561,0.0053902617121436,True,down
WBGene00018373,0,1.0,PFBSA,-0.258353571515452,0.0053986906678261,True,down
WBGene00018418,0,1.0,PFBSA,-1.48614276632589,0.0054162337281385,True,down
WBGene00003963,0,1.0,PFBSA,-0.473426218476685,0.0055026464857865,True,down
WBGene00005544,0,1.0,PFBSA,-1.53966713878008,0.0055026464857865,True,down
WBGene00018613,0,1.0,PFBSA,-0.685135635800581,0.0055361813578757,True,down
WBGene00010139,0,1.0,PFBSA,-0.378486145322322,0.0056227429763547,True,down
WBGene00010670,0,1.0,PFBSA,-0.345910467437681,0.0056655236318055,True,down
WBGene00001831,0,1.0,PFBSA,-0.456117914486905,0.0056987514265253,True,down
WBGene00004873,0,1.0,PFBSA,-0.332689618376405,0.0057374428660441,True,down
WBGene00007463,0,1.0,PFBSA,-0.278205403900157,0.0057734489403463,True,down
WBGene00014153,0,1.0,PFBSA,-0.61839922601421,0.0059110236745791,True,down
WBGene00013156,0,1.0,PFBSA,-0.426986137398179,0.0059614034175672,True,down
WBGene00016746,0,1.0,PFBSA,-0.495449259502699,0.0060383057207828,True,down
WBGene00012123,0,0.9,PFBSA,-0.489009672358099,0.0060866416786663,True,down
WBGene00001303,0,1.0,PFBSA,-0.446156876506064,0.0061769753546542,True,down
WBGene00009521,0,1.0,PFBSA,-0.254048503304034,0.0062467538329401,True,down
WBGene00004504,0,0.9666666666666667,PFBSA,-0.278314948284105,0.0062467538329401,True,down
WBGene00000875,0,1.0,PFBSA,-0.401595083868139,0.0062467538329401,True,down
WBGene00020501,0,1.0,PFBSA,-0.983777277914908,0.0062467538329401,True,down
WBGene00013360,0,1.0,PFBSA,-0.218933414733217,0.0062715940460678,True,down
WBGene00009319,0,1.0,PFBSA,-0.170236129689055,0.0064600055327195,True,down
WBGene00021826,0,1.0,PFBSA,-0.319968544721837,0.0066368688448746,True,down
WBGene00003107,0,0.9666666666666667,PFBSA,-1.31838306107402,0.0067339966725406,True,down
WBGene00016133,0,1.0,PFBSA,-0.813747991870987,0.0067761412262288,True,down
WBGene00008354,0,1.0,PFBSA,-0.693491493858904,0.0067989939887772,True,down
WBGene00004464,0,1.0,PFBSA,-0.256977639661635,0.0068182751041163,True,down
WBGene00003155,0,1.0,PFBSA,-0.600852893599178,0.0068182751041163,True,down
WBGene00012972,0,1.0,PFBSA,-0.445879888130624,0.0068269694011334,True,down
WBGene00004156,0,1.0,PFBSA,0.661221522408352,0.0068588394189172,True,up
WBGene00016749,0,1.0,PFBSA,-0.427510070988464,0.0070285953310177,True,down
WBGene00017939,0,0.9666666666666667,PFBSA,-0.314134153781654,0.007038374981864,True,down
WBGene00017643,0,1.0,PFBSA,-0.414973829092966,0.0070515015601893,True,down
WBGene00006447,0,1.0,PFBSA,-0.282035630349013,0.0071445353500606,True,down
WBGene00000871,0,1.0,PFBSA,-0.480807487972767,0.0072349302563104,True,down
WBGene00010785,0,1.0,PFBSA,-0.35951263601742,0.0072645564243813,True,down
WBGene00018510,0,1.0,PFBSA,-1.07084072634226,0.0073183028340398,True,down
WBGene00004140,0,1.0,PFBSA,-0.454450669578248,0.0073879172200135,True,down
WBGene00002228,0,1.0,PFBSA,-0.432094806574236,0.0074897551194422,True,down
WBGene00010609,0,1.0,PFBSA,-0.562236747368212,0.0074897551194422,True,down
WBGene00018515,0,1.0,PFBSA,-1.51294916878789,0.0074946501189126,True,down
WBGene00006367,0,1.0,PFBSA,-0.717986421017754,0.0075273710770783,True,down
WBGene00016496,0,1.0,PFBSA,-0.215399170525689,0.0075453580721205,True,down
WBGene00006494,0,1.0,PFBSA,-0.29309408312585,0.007643356173341,True,down
WBGene00006472,0,1.0,PFBSA,-0.235059411986211,0.0076622594322908,True,down
WBGene00008000,0,1.0,PFBSA,-0.26598430284981,0.0079649058882837,True,down
WBGene00021270,0,1.0,PFBSA,-0.475321466194402,0.0079850037908931,True,down
WBGene00000702,0,1.0,PFBSA,-2.80819206943577,0.0080061198409011,True,down
WBGene00015523,0,1.0,PFBSA,-1.02084540512328,0.0080076688397038,True,down
WBGene00016837,0,1.0,PFBSA,-0.252509499364196,0.008037954895366,True,down
WBGene00004788,0,1.0,PFBSA,-0.238403772043888,0.0081083854422462,True,down
WBGene00004395,0,1.0,PFBSA,-0.407327991086538,0.0082069814061152,True,down
WBGene00001628,0,1.0,PFBSA,-0.241085789263086,0.0082155678985324,True,down
WBGene00044620,0,1.0,PFBSA,-0.715612289414993,0.0083693656883775,True,down
WBGene00013311,0,1.0,PFBSA,-0.459088086133255,0.0084497286711952,True,down
WBGene00021675,0,1.0,PFBSA,-0.809341562099681,0.0084497286711952,True,down
WBGene00002003,0,1.0,PFBSA,-0.273753056439797,0.0087049583307663,True,down
WBGene00009829,0,1.0,PFBSA,-0.248668726199598,0.008765027281188,True,down
WBGene00021784,0,1.0,PFBSA,-0.261298582539223,0.0087909509921453,True,down
WBGene00020250,0,1.0,PFBSA,-2.21918914009124,0.0089175565023958,True,down
WBGene00015734,0,1.0,PFBSA,-0.30707606866613,0.0092252224224468,True,down
WBGene00022099,0,1.0,PFBSA,-0.524696598778473,0.0092474044115115,True,down
WBGene00000222,0,1.0,PFBSA,-0.304121504820866,0.0093398870350637,True,down
WBGene00006817,0,1.0,PFBSA,-0.40611049808701,0.0093945883578491,True,down
WBGene00019727,0,1.0,PFBSA,-0.311707743997139,0.0097502808501246,True,down
WBGene00000206,0,1.0,PFBSA,-0.296654337997708,0.0099702975788062,True,down
WBGene00003989,0,1.0,PFBSA,-0.247235698711804,0.0099884293198056,True,down
WBGene00017426,0,1.0,PFBSA,-0.306267957394265,0.0099884293198056,True,down
WBGene00004737,0,1.0,PFBSA,-0.466402530113025,0.0099896678165777,True,down
WBGene00005078,0,1.0,PFBSA,-0.341649528412488,0.0101532002790967,True,down
WBGene00001999,0,1.0,PFBSA,-0.260356703023662,0.01021251972432,True,down
WBGene00018533,0,1.0,PFBSA,-0.246269933752078,0.0103649883596531,True,down
WBGene00003730,0,1.0,PFBSA,-0.327681889724022,0.01039373370111,True,down
WBGene00009371,0,1.0,PFBSA,-1.3428115276989,0.0104379934226934,True,down
WBGene00012363,0,0.8333333333333334,PFBSA,-0.439884745186134,0.0106838116087833,True,down
WBGene00016906,0,1.0,PFBSA,-0.248245818965907,0.0107246521370687,True,down
WBGene00000248,0,1.0,PFBSA,-0.280244331519182,0.0108783468792077,True,down
WBGene00004181,0,1.0,PFBSA,-0.536270181465133,0.0109669328047574,True,down
WBGene00018017,0,1.0,PFBSA,-0.205789363527293,0.0111162961765655,True,down
WBGene00000066,0,1.0,PFBSA,-0.174326306932661,0.0113106833843751,True,down
WBGene00017065,0,1.0,PFBSA,-0.242822725801933,0.0114472256652958,True,down
WBGene00003247,0,1.0,PFBSA,-0.182006263855734,0.0114691571885772,True,down
WBGene00164968,0,1.0,PFBSA,-0.796326552621517,0.0115105965812843,True,down
WBGene00021460,0,1.0,PFBSA,-0.557934685452394,0.0116221613652006,True,down
WBGene00002071,0,1.0,PFBSA,-0.318581778590332,0.0116469431125037,True,down
WBGene00017993,0,1.0,PFBSA,-0.217905463606121,0.0117209578675577,True,down
WBGene00004755,0,1.0,PFBSA,-0.310598293621245,0.01188933781452,True,down
WBGene00001832,0,1.0,PFBSA,-0.396395958457612,0.0119168639976119,True,down
WBGene00007573,0,1.0,PFBSA,-0.660052035322832,0.0120487649874273,True,down
WBGene00011775,0,1.0,PFBSA,-0.295283732961788,0.0121266499806848,True,down
WBGene00013790,0,1.0,PFBSA,-0.240932271027742,0.0123157124937229,True,down
WBGene00004459,0,1.0,PFBSA,-0.23954484708619,0.0124747541773826,True,down
WBGene00021406,0,1.0,PFBSA,-0.259247626075856,0.0124747541773826,True,down
WBGene00018900,0,0.9666666666666667,PFBSA,-0.403760462715005,0.0125907154226028,True,down
WBGene00011393,0,1.0,PFBSA,-0.616831566272363,0.0126714654501077,True,down
WBGene00004462,0,1.0,PFBSA,-0.256965913363874,0.0127436931836541,True,down
WBGene00022858,0,1.0,PFBSA,-0.338713454251902,0.0127436931836541,True,down
WBGene00002061,0,1.0,PFBSA,-0.221963238584533,0.0127463660729926,True,down
WBGene00009158,0,1.0,PFBSA,-0.307716584303746,0.0128172534150713,True,down
WBGene00018295,0,1.0,PFBSA,-1.19252223658691,0.0128490866360993,True,down
WBGene00003392,0,1.0,PFBSA,-0.239420477004677,0.0129993192948923,True,down
WBGene00015545,0,0.9666666666666667,PFBSA,-0.558695018763863,0.01311850615242,True,down
WBGene00008646,0,1.0,PFBSA,-0.227946162953871,0.0132879314330082,True,down
WBGene00015168,0,1.0,PFBSA,-0.304729120383256,0.0132945109712347,True,down
WBGene00009939,0,1.0,PFBSA,-0.789591445225164,0.0134729948542061,True,down
WBGene00021976,0,1.0,PFBSA,-1.39201314565252,0.0138008581972158,True,down
WBGene00009731,0,1.0,PFBSA,-0.480707787891241,0.0140108264593058,True,down
WBGene00022253,0,1.0,PFBSA,-0.220642952154613,0.0141487140025023,True,down
WBGene00003390,0,1.0,PFBSA,-0.274465320632946,0.0141487140025023,True,down
WBGene00003036,0,1.0,PFBSA,-0.325195811907851,0.0141487140025023,True,down
WBGene00008936,0,1.0,PFBSA,-0.519904139227935,0.0141912501470322,True,down
WBGene00001958,0,1.0,PFBSA,-0.881040918659451,0.0145983422950323,True,down
WBGene00045246,0,1.0,PFBSA,-0.811197267070291,0.0147458447874511,True,down
WBGene00007529,0,1.0,PFBSA,-0.227197301920377,0.0151876170742606,True,down
WBGene00000541,0,1.0,PFBSA,-0.411984313849421,0.0152063016720302,True,down
WBGene00001031,0,1.0,PFBSA,-0.239352390571086,0.015233992896413,True,down
WBGene00017132,0,1.0,PFBSA,-0.557416232523747,0.0154232225426582,True,down
WBGene00012396,0,1.0,PFBSA,-0.485394575745209,0.0154348531219185,True,down
WBGene00009204,0,1.0,PFBSA,-0.313744036681275,0.0155359677277003,True,down
WBGene00003522,0,1.0,PFBSA,-0.930632487188638,0.0155549071082659,True,down
WBGene00302980,0,1.0,PFBSA,-0.236469999040543,0.0156065040545967,True,down
WBGene00006590,0,1.0,PFBSA,-0.285790660633541,0.0157031744260694,True,down
WBGene00015157,0,1.0,PFBSA,-0.2756870463041,0.0158155573691903,True,down
WBGene00003159,0,1.0,PFBSA,-0.575366185068804,0.0158155573691903,True,down
WBGene00001840,0,1.0,PFBSA,-0.260662284282557,0.0159074110636782,True,down
WBGene00020382,0,1.0,PFBSA,-0.331367077515893,0.0159074110636782,True,down
WBGene00016641,0,1.0,PFBSA,-0.508491259775806,0.0159900446055002,True,down
WBGene00006793,0,1.0,PFBSA,-0.411912716210819,0.0160290013190837,True,down
WBGene00009784,0,1.0,PFBSA,-0.254705462332966,0.0160786594891148,True,down
WBGene00019087,0,1.0,PFBSA,-0.489704432543263,0.0161628713027245,True,down
WBGene00000502,0,1.0,PFBSA,-0.211818401340528,0.0161785138288359,True,down
WBGene00017217,0,1.0,PFBSA,-0.2242943547181,0.0162196957114884,True,down
WBGene00021486,0,1.0,PFBSA,-0.369431126003568,0.0166557497505559,True,down
WBGene00303021,0,1.0,PFBSA,-0.191181331851053,0.0167730593374492,True,down
WBGene00006626,0,1.0,PFBSA,-0.425434507655012,0.0168846265656113,True,down
WBGene00019322,0,1.0,PFBSA,-0.593690605630018,0.0169796989145822,True,down
WBGene00003955,0,1.0,PFBSA,-0.543898869034027,0.0171316471648372,True,down
WBGene00012723,0,1.0,PFBSA,-0.404244876091184,0.0173750300620142,True,down
WBGene00020199,0,0.9333333333333333,PFBSA,-0.338473048778503,0.0175295066336954,True,down
WBGene00016449,0,1.0,PFBSA,-0.576527409713062,0.017548407000059,True,down
WBGene00007235,0,1.0,PFBSA,-0.209713165062882,0.017578932956396,True,down
WBGene00022759,0,0.9,PFBSA,-0.154396607730121,0.01762189824938,True,down
WBGene00020466,0,1.0,PFBSA,-0.503877753153337,0.0176476380927147,True,down
WBGene00007770,0,1.0,PFBSA,-0.819358102171804,0.0176523410706915,True,down
WBGene00019003,0,1.0,PFBSA,-0.276692712255834,0.0177362367941227,True,down
WBGene00008624,0,1.0,PFBSA,-0.279729105932384,0.0177432178377583,True,down
WBGene00006826,0,1.0,PFBSA,-0.203439789872923,0.0178100675389782,True,down
WBGene00004467,0,0.9666666666666667,PFBSA,-0.257434901445316,0.018077470770024,True,down
WBGene00003372,0,0.9333333333333333,PFBSA,-0.25349105613167,0.0180992782327246,True,down
WBGene00009726,0,1.0,PFBSA,-0.251011256972731,0.0181845308402784,True,down
WBGene00004229,0,1.0,PFBSA,-0.925372527769492,0.0181950259894414,True,down
WBGene00004392,0,1.0,PFBSA,-0.456213423588797,0.0182450830385874,True,down
WBGene00003847,0,1.0,PFBSA,-0.396162336870572,0.0184427061932146,True,down
WBGene00021292,0,1.0,PFBSA,-0.269127293413396,0.0186351491904618,True,down
WBGene00008292,0,1.0,PFBSA,-2.11684671689013,0.0187091067588576,True,down
WBGene00003222,0,1.0,PFBSA,-0.374350395196203,0.0189533507677111,True,down
WBGene00006059,0,1.0,PFBSA,-0.219053834676379,0.0190980245017415,True,down
WBGene00009732,0,1.0,PFBSA,-0.295356329801783,0.01913919563197,True,down
WBGene00003925,0,1.0,PFBSA,-0.269500533215743,0.019270941409377,True,down
WBGene00016195,0,1.0,PFBSA,-0.281118740222035,0.0192932426931316,True,down
WBGene00000064,0,1.0,PFBSA,-0.329308720104156,0.0193546504409983,True,down
WBGene00009012,0,1.0,PFBSA,-0.164736410195764,0.0196761376383884,True,down
WBGene00011734,0,0.8333333333333334,PFBSA,-0.272308576722496,0.0196761376383884,True,down
WBGene00004398,0,1.0,PFBSA,-1.05608226402194,0.0200315918828594,True,down
WBGene00011796,0,1.0,PFBSA,-1.35427877416882,0.0200770775517352,True,down
WBGene00013415,0,0.9,PFBSA,-0.192439248124135,0.0202073368844376,True,down
WBGene00007168,0,1.0,PFBSA,-0.521128193853772,0.0202243203828864,True,down
WBGene00017419,0,1.0,PFBSA,-0.216104396846527,0.0203619775550429,True,down
WBGene00007375,0,1.0,PFBSA,-0.801603263869046,0.0205931912041288,True,down
WBGene00000121,0,1.0,PFBSA,-0.335665323069666,0.0206511981156347,True,down
WBGene00018409,0,1.0,PFBSA,-0.20968314759641,0.0211242110045177,True,down
WBGene00004703,0,1.0,PFBSA,-0.255556540810163,0.0213471225550884,True,down
WBGene00000183,0,1.0,PFBSA,-0.253185972893143,0.0215434218580884,True,down
WBGene00009444,0,1.0,PFBSA,-0.435137771395955,0.0215434218580884,True,down
WBGene00022793,0,1.0,PFBSA,-0.237024304781477,0.0218789963975413,True,down
WBGene00016355,0,0.8,PFBSA,-0.350637530134883,0.0222109023280712,True,down
WBGene00000888,0,1.0,PFBSA,-0.320070752062533,0.0222831971425861,True,down
WBGene00003806,0,1.0,PFBSA,-0.226368801684836,0.0226436504073656,True,down
WBGene00006940,0,0.8,PFBSA,-0.415063226442427,0.0234396790593336,True,down
WBGene00004952,0,1.0,PFBSA,-0.29965758563264,0.0237799263162442,True,down
WBGene00004466,0,1.0,PFBSA,-0.209165866309957,0.0241716506603689,True,down
WBGene00008708,0,1.0,PFBSA,-0.878839712925047,0.0242468918487546,True,down
WBGene00011820,0,1.0,PFBSA,-0.306918188884032,0.0243923818045146,True,down
WBGene00012236,0,0.9,PFBSA,-0.426043284325614,0.0244038612566444,True,down
WBGene00018778,0,1.0,PFBSA,-0.265825843190396,0.0246487631177901,True,down
WBGene00011836,0,0.6666666666666666,PFBSA,-1.09744029993085,0.0248777901084113,True,down
WBGene00012934,0,1.0,PFBSA,-0.184876739183276,0.0249154284423207,True,down
WBGene00044069,0,1.0,PFBSA,-0.338667647767859,0.0251147325228056,True,down
WBGene00021170,0,1.0,PFBSA,-0.17162299854065,0.0256395273203089,True,down
WBGene00019627,0,0.9666666666666667,PFBSA,-0.199576642395719,0.0259144624071895,True,down
WBGene00011758,0,1.0,PFBSA,-0.185947263179922,0.025943412895889,True,down
WBGene00020392,0,1.0,PFBSA,-0.356591875689514,0.0262945646295108,True,down
WBGene00013225,0,1.0,PFBSA,-0.169759113926434,0.0274386411181274,True,down
WBGene00017794,0,0.9666666666666667,PFBSA,-0.690427002503028,0.0275253475185544,True,down
WBGene00003920,0,1.0,PFBSA,-0.141398665009225,0.0275732969800184,True,down
WBGene00007464,0,1.0,PFBSA,-0.340333298291576,0.0276196967213634,True,down
WBGene00003133,0,1.0,PFBSA,-0.213486104945215,0.0278572447770029,True,down
WBGene00005014,0,0.9333333333333333,PFBSA,-0.244845207442403,0.0278572447770029,True,down
WBGene00007352,0,1.0,PFBSA,-0.250256611152435,0.0278572447770029,True,down
WBGene00044394,0,1.0,PFBSA,-0.673649455063651,0.027876011432506,True,down
WBGene00008800,0,1.0,PFBSA,-0.203143915588672,0.0283786705911293,True,down
WBGene00006379,0,1.0,PFBSA,-0.452000222088049,0.0284333717437152,True,down
WBGene00004505,0,0.9333333333333333,PFBSA,-0.276842094954,0.0287953814403068,True,down
WBGene00011897,0,1.0,PFBSA,0.179755482931889,0.028943525686332,True,up
WBGene00011441,0,1.0,PFBSA,-0.206874830705634,0.0289543111263964,True,down
WBGene00016209,0,0.8,PFBSA,-0.244102058927392,0.0290654053367656,True,down
WBGene00015927,0,1.0,PFBSA,-0.134426822127139,0.0294829306205018,True,down
WBGene00010097,0,1.0,PFBSA,-0.188694521055836,0.0303622393677445,True,down
WBGene00002879,0,1.0,PFBSA,-0.291904884698814,0.0303622393677445,True,down
WBGene00003931,0,1.0,PFBSA,-0.254217015031284,0.030369314788387,True,down
WBGene00006836,0,1.0,PFBSA,-0.18146093660496,0.0310399442279269,True,down
WBGene00006724,0,1.0,PFBSA,-0.237650405000709,0.0310986782189616,True,down
WBGene00003928,0,1.0,PFBSA,-0.246286115258977,0.0314487043804468,True,down
WBGene00002275,0,1.0,PFBSA,-0.265028583213241,0.0315919881216681,True,down
WBGene00008642,0,1.0,PFBSA,-0.276845660182497,0.031802571121277,True,down
WBGene00002998,0,1.0,PFBSA,-0.218999889200262,0.0318536109431426,True,down
WBGene00006534,0,1.0,PFBSA,-0.609760463932922,0.0320588268101162,True,down
WBGene00021420,0,1.0,PFBSA,-0.434575539195912,0.0323559119548796,True,down
WBGene00002637,0,1.0,PFBSA,-0.192525341043849,0.0325309069011526,True,down
WBGene00016614,0,1.0,PFBSA,-0.244971257453935,0.0326593616476333,True,down
WBGene00022188,0,1.0,PFBSA,-0.306684110802408,0.0328362390764609,True,down
WBGene00007186,0,1.0,PFBSA,-0.239905875148529,0.0333316603226188,True,down
WBGene00011038,0,1.0,PFBSA,-0.461770605060668,0.0334696052269366,True,down
WBGene00008774,0,1.0,PFBSA,-0.244684696340503,0.0335584811859759,True,down
WBGene00020207,0,1.0,PFBSA,-0.26912967622949,0.0336291819328427,True,down
WBGene00017501,0,1.0,PFBSA,-1.06611893313936,0.033663617071978,True,down
WBGene00017721,0,1.0,PFBSA,-0.872725090732826,0.0337042735176106,True,down
WBGene00009583,0,1.0,PFBSA,-0.104975591232399,0.0340167420743814,True,down
WBGene00021536,0,1.0,PFBSA,-0.356204051200731,0.0348966399854693,True,down
WBGene00008578,0,1.0,PFBSA,-0.30241178633765,0.0352069553387829,True,down
WBGene00022774,0,1.0,PFBSA,-0.214401608168452,0.0352572072944464,True,down
WBGene00003923,0,0.9666666666666667,PFBSA,-0.261829244365467,0.0360399917855837,True,down
WBGene00000908,0,1.0,PFBSA,-0.236488441587551,0.0363112238133096,True,down
WBGene00017245,0,1.0,PFBSA,-0.225624434376464,0.0363113267360693,True,down
WBGene00001637,0,1.0,PFBSA,-0.319740806086154,0.0366540441193566,True,down
WBGene00021427,0,1.0,PFBSA,-0.480992823273062,0.0371474248638727,True,down
WBGene00020481,0,1.0,PFBSA,-0.183611112453129,0.0372849513092289,True,down
WBGene00003798,0,1.0,PFBSA,-0.220654851521311,0.0373190852120068,True,down
WBGene00001281,0,0.9666666666666667,PFBSA,-0.220566151945745,0.0374124923362754,True,down
WBGene00008692,0,1.0,PFBSA,-0.351986874002934,0.0376020280680654,True,down
WBGene00001005,0,1.0,PFBSA,-0.221226810203186,0.0377495020634823,True,down
WBGene00022488,0,1.0,PFBSA,-0.600286316481581,0.0378001732867685,True,down
WBGene00013219,0,1.0,PFBSA,-0.241063233203959,0.0378415230791306,True,down
WBGene00022347,0,1.0,PFBSA,-0.173022398323367,0.037872017735364,True,down
WBGene00010845,0,1.0,PFBSA,-0.184370631869314,0.0386990700383256,True,down
WBGene00004726,0,0.9666666666666667,PFBSA,-0.188766932235715,0.0390982478099004,True,down
WBGene00013312,0,1.0,PFBSA,-0.337560917663226,0.0391166838369476,True,down
WBGene00013405,0,1.0,PFBSA,-0.48761424289804,0.0391814563440084,True,down
WBGene00009367,0,1.0,PFBSA,-0.290650268381768,0.0392049645357124,True,down
WBGene00010409,0,1.0,PFBSA,-0.265771969162846,0.0392122297302963,True,down
WBGene00010524,0,1.0,PFBSA,-0.21843392349375,0.0392321753788297,True,down
WBGene00004463,0,1.0,PFBSA,-0.275480143735064,0.0394281606665304,True,down
WBGene00019947,0,1.0,PFBSA,-0.278665333713409,0.0395324908408037,True,down
WBGene00013862,0,1.0,PFBSA,-0.383859545634098,0.0395324908408037,True,down
WBGene00013765,0,1.0,PFBSA,-0.259472598906613,0.0397931469569068,True,down
WBGene00003926,0,0.9666666666666667,PFBSA,-0.219059888888708,0.0398897540735667,True,down
WBGene00004283,0,1.0,PFBSA,-0.235277390083732,0.0399184356180932,True,down
WBGene00018159,0,1.0,PFBSA,-0.289894423008536,0.0400253012705034,True,down
WBGene00009843,0,1.0,PFBSA,-0.320469308793521,0.0402865883511373,True,down
WBGene00000401,0,1.0,PFBSA,-0.347029708840612,0.0402865883511373,True,down
WBGene00021697,0,1.0,PFBSA,0.179510996554912,0.0403367563087566,True,up
WBGene00014249,0,1.0,PFBSA,-0.156529361227143,0.0410392033651504,True,down
WBGene00004458,0,0.9333333333333333,PFBSA,-0.254475447302464,0.0410654405913315,True,down
WBGene00010277,0,1.0,PFBSA,-0.465959001786355,0.0410788830693213,True,down
WBGene00012429,0,0.9,PFBSA,-1.03954405580322,0.0410788830693213,True,down
WBGene00012198,0,1.0,PFBSA,-0.354700046749305,0.0412707495066317,True,down
WBGene00004188,0,1.0,PFBSA,-0.218156595700452,0.0413447227932967,True,down
WBGene00002053,0,1.0,PFBSA,-0.23406737993029,0.0413471934733592,True,down
WBGene00012556,0,1.0,PFBSA,-0.274243761514396,0.0413923145852682,True,down
WBGene00001511,0,1.0,PFBSA,-0.413432045069938,0.0420349848909517,True,down
WBGene00000272,0,1.0,PFBSA,-0.603990618372179,0.0420349848909517,True,down
WBGene00003567,0,1.0,PFBSA,-0.199765971887853,0.0421720366904949,True,down
WBGene00020437,0,1.0,PFBSA,-0.222236389134787,0.0425362026241403,True,down
WBGene00021348,0,1.0,PFBSA,-0.28869715391006,0.0427970132089122,True,down
WBGene00017773,0,1.0,PFBSA,-0.158848696660728,0.043096298080754,True,down
WBGene00022119,0,1.0,PFBSA,-0.246799065870361,0.0432730517982935,True,down
WBGene00007258,0,1.0,PFBSA,-0.381943888356321,0.0440967523338668,True,down
WBGene00003079,0,1.0,PFBSA,-0.274702956925207,0.0446465832824811,True,down
WBGene00003794,0,1.0,PFBSA,-0.18781222732027,0.0447179422722313,True,down
WBGene00000168,0,1.0,PFBSA,-0.775356155916721,0.0447179422722313,True,down
WBGene00017984,0,1.0,PFBSA,-0.201376984696239,0.0447637454874221,True,down
WBGene00017960,0,1.0,PFBSA,-1.54954490083852,0.0451371926221798,True,down
WBGene00004326,0,1.0,PFBSA,-0.230092410935883,0.0456422226256667,True,down
WBGene00044063,0,1.0,PFBSA,-0.225553302798619,0.0467480798626466,True,down
WBGene00004085,0,1.0,PFBSA,-0.20096781453229,0.0467863158142488,True,down
WBGene00003877,0,1.0,PFBSA,-0.288899699635513,0.0467927584654536,True,down
WBGene00004312,0,0.5,PFBSA,-0.215618735674038,0.0468844575300879,True,down
WBGene00001632,0,1.0,PFBSA,-0.24873383783627,0.0469199893657647,True,down
WBGene00003964,0,1.0,PFBSA,-0.177044085438752,0.0470501392462494,True,down
WBGene00012469,0,1.0,PFBSA,-0.235406017101954,0.0471854040385463,True,down
WBGene00004754,0,1.0,PFBSA,-0.311957516622558,0.0471854040385463,True,down
WBGene00013668,0,1.0,PFBSA,-0.263676549425382,0.0473627884413525,True,down
WBGene00003911,0,1.0,PFBSA,-0.160608162512108,0.0473765881015707,True,down
WBGene00009553,0,1.0,PFBSA,-0.247571358562174,0.0497609495282857,True,down
WBGene00015954,0,1.0,PFBSA,-0.245686866163675,0.0498110475287889,True,down
WBGene00000863,0,1.0,PFBSA,-0.22126102147479,0.050462937246585,False,down
WBGene00003018,0,1.0,PFBSA,-0.976659484731531,0.0506395112209432,False,down
WBGene00005022,0,1.0,PFBSA,-0.337710358624109,0.0507153209870279,False,down
WBGene00021546,0,0.9666666666666667,PFBSA,-0.18765824404702,0.0507584930752366,False,down
WBGene00008710,0,1.0,PFBSA,-0.293027868899959,0.0512354908598023,False,down
WBGene00010056,0,1.0,PFBSA,-0.176834754306991,0.0515983185248153,False,down
WBGene00022599,0,1.0,PFBSA,-0.21470941550718,0.0516442374733749,False,down
WBGene00004889,0,1.0,PFBSA,-0.242557120226955,0.0516503384621192,False,down
WBGene00000740,0,0.5333333333333333,PFBSA,0.3999469570142,0.0523008074429247,False,up
WBGene00018721,0,1.0,PFBSA,-0.277641389558017,0.0525110960104492,False,down
WBGene00019077,0,1.0,PFBSA,-0.246189331625848,0.0527042195803187,False,down
WBGene00007593,0,1.0,PFBSA,-0.15003789320679,0.052942658120228,False,down
WBGene00018830,0,1.0,PFBSA,-0.360395189400532,0.0543854912202114,False,down
WBGene00013241,0,1.0,PFBSA,-0.490902151037145,0.0547946935827966,False,down
WBGene00003791,0,1.0,PFBSA,-0.198896575369491,0.0549025556359236,False,down
WBGene00009163,0,1.0,PFBSA,-0.26259907056767,0.0549709301658592,False,down
WBGene00009542,0,1.0,PFBSA,-0.216419836291828,0.0565087399527018,False,down
WBGene00002246,0,1.0,PFBSA,-1.63735263328398,0.0565671838644613,False,down
WBGene00000238,0,1.0,PFBSA,-0.23819281490154,0.0567393378121376,False,down
WBGene00013919,0,1.0,PFBSA,-0.13927813351348,0.0573029918017724,False,down
WBGene00011971,0,1.0,PFBSA,-0.225775589965481,0.057354563904882,False,down
WBGene00001048,0,1.0,PFBSA,-0.211077737203459,0.0574255430955673,False,down
WBGene00044618,0,1.0,PFBSA,-0.545059688041852,0.0574794070161907,False,down
WBGene00015096,0,1.0,PFBSA,-0.299912083677353,0.058020119317049,False,down
WBGene00012939,0,1.0,PFBSA,-0.55282709882219,0.0586157195127268,False,down
WBGene00017990,0,1.0,PFBSA,-0.265490010229769,0.05931268143968,False,down
WBGene00022182,0,1.0,PFBSA,-0.238848490206026,0.059612093315738,False,down
WBGene00006795,0,1.0,PFBSA,-0.389215858022621,0.0597601678966322,False,down
WBGene00021919,0,1.0,PFBSA,-0.865954757819789,0.0610051571013587,False,down
WBGene00010685,0,1.0,PFBSA,-0.237102404665494,0.0611163006395789,False,down
WBGene00011928,0,1.0,PFBSA,-0.622155533349122,0.0613075707385851,False,down
WBGene00000834,0,1.0,PFBSA,0.141469526500426,0.0613608951738356,False,up
WBGene00017328,0,1.0,PFBSA,-0.24109147825268,0.0614403079106755,False,down
WBGene00010496,0,1.0,PFBSA,-0.247899228555117,0.0615426177720366,False,down
WBGene00018271,0,1.0,PFBSA,-0.357635179538086,0.061946244652176,False,down
WBGene00011638,0,1.0,PFBSA,-0.22264568778272,0.0620930782591655,False,down
WBGene00000550,0,1.0,PFBSA,0.220361262017766,0.062219006122643,False,up
WBGene00022056,0,0.9666666666666667,PFBSA,-0.207020126101266,0.0623715943837313,False,down
WBGene00020561,0,1.0,PFBSA,-0.681321194821623,0.0626230724239691,False,down
WBGene00002075,0,1.0,PFBSA,-0.19324138248485,0.0629408263671885,False,down
WBGene00003950,0,0.9666666666666667,PFBSA,-0.23423975125178,0.0636694856562216,False,down
WBGene00003990,0,1.0,PFBSA,-0.212933988947413,0.0636710647930268,False,down
WBGene00004981,0,1.0,PFBSA,-0.286887323147312,0.063709986836046,False,down
WBGene00018781,0,1.0,PFBSA,-0.242231486996136,0.0638408863536737,False,down
WBGene00021004,0,1.0,PFBSA,-0.17257104585239,0.0639454276482129,False,down
WBGene00003047,0,0.9666666666666667,PFBSA,-0.129018963774109,0.0646851281234635,False,down
WBGene00003870,0,1.0,PFBSA,-0.194325380968488,0.0650385597423318,False,down
WBGene00001827,0,1.0,PFBSA,-0.187474735237513,0.0652864563712613,False,down
WBGene00013924,0,1.0,PFBSA,-0.206769655643447,0.0653164769140556,False,down
WBGene00020391,0,1.0,PFBSA,-0.153888714740999,0.0654467616720033,False,down
WBGene00006889,0,1.0,PFBSA,-0.173476381865021,0.0658246065276936,False,down
WBGene00018853,0,1.0,PFBSA,-0.288809434901416,0.0659770414530937,False,down
WBGene00002169,0,1.0,PFBSA,-0.201739400069158,0.0665098749022776,False,down
WBGene00003801,0,1.0,PFBSA,-0.209689970277696,0.0668125818722083,False,down
WBGene00011883,0,0.5333333333333333,PFBSA,-0.129754074643536,0.0669324613239905,False,down
WBGene00002037,0,1.0,PFBSA,-0.218341089789499,0.0672419967942366,False,down
WBGene00000378,0,1.0,PFBSA,-0.156132595863391,0.0680352316368475,False,down
WBGene00021595,0,1.0,PFBSA,0.261647342025988,0.0684355161583966,False,up
WBGene00013482,0,1.0,PFBSA,-0.249725203753782,0.068577972832165,False,down
WBGene00006565,0,1.0,PFBSA,-0.362364036142014,0.0686426392770739,False,down
WBGene00022301,0,1.0,PFBSA,-0.141197995073037,0.0689627660656064,False,down
WBGene00008722,0,1.0,PFBSA,-0.308280415557048,0.0691400369100537,False,down
WBGene00003776,0,1.0,PFBSA,-0.171906192882757,0.069279781883955,False,down
WBGene00016898,0,1.0,PFBSA,-0.250110552075886,0.0694533598271398,False,down
WBGene00001320,0,1.0,PFBSA,-0.177173233895754,0.0695594477175818,False,down
WBGene00022154,0,1.0,PFBSA,-0.287244856357377,0.0696022453870166,False,down
WBGene00003799,0,1.0,PFBSA,-0.19288007971021,0.0699482034846902,False,down
WBGene00010766,0,1.0,PFBSA,-0.141648580973592,0.0701473505943593,False,down
WBGene00302964,0,1.0,PFBSA,-0.363097353197983,0.07015114285158,False,down
WBGene00016877,0,1.0,PFBSA,-0.588030310252482,0.07015114285158,False,down
WBGene00005153,0,0.9333333333333333,PFBSA,-0.265121855693814,0.0705618967184655,False,down
WBGene00001061,0,1.0,PFBSA,-0.208319877159329,0.0724061889980539,False,down
WBGene00009722,0,1.0,PFBSA,-0.218612761636252,0.072509185367757,False,down
WBGene00016508,0,1.0,PFBSA,0.156724164993741,0.0735837316015521,False,up
WBGene00013997,0,1.0,PFBSA,-0.135934491771826,0.0741153763452457,False,down
WBGene00005077,0,1.0,PFBSA,-0.123451049796568,0.0751412994025867,False,down
WBGene00006529,0,1.0,PFBSA,-0.227318367798397,0.0753827794619533,False,down
WBGene00007934,0,1.0,PFBSA,-0.2234331763196,0.075527028637813,False,down
WBGene00012317,0,1.0,PFBSA,-0.161956752564329,0.0759308153128036,False,down
WBGene00006781,0,1.0,PFBSA,-0.154526340809381,0.076753178546171,False,down
WBGene00003485,0,0.9666666666666667,PFBSA,-0.313963145758836,0.0771780103508342,False,down
WBGene00006708,0,1.0,PFBSA,-0.160419217150721,0.0775563317361194,False,down
WBGene00003258,0,1.0,PFBSA,-0.174563795191074,0.0775956714497251,False,down
WBGene00009408,0,1.0,PFBSA,-0.297571667295749,0.0775956714497251,False,down
WBGene00019030,0,0.9666666666666667,PFBSA,-0.540176384977078,0.0778770907025195,False,down
WBGene00021783,0,1.0,PFBSA,-0.135487016582265,0.0780603112023977,False,down
WBGene00008218,0,1.0,PFBSA,-0.524708808386824,0.0785799713061678,False,down
WBGene00020693,0,1.0,PFBSA,-0.227921159730455,0.0790733193502896,False,down
WBGene00023489,0,1.0,PFBSA,-0.350358998281516,0.0797364150350681,False,down
WBGene00004918,0,1.0,PFBSA,-0.25840124218295,0.080112680231429,False,down
WBGene00006536,0,1.0,PFBSA,-0.220104936066075,0.080525773875151,False,down
WBGene00000083,0,1.0,PFBSA,-0.197974838230741,0.0807890751066185,False,down
WBGene00022615,0,1.0,PFBSA,-0.224227924719761,0.0810577467277618,False,down
WBGene00016611,0,1.0,PFBSA,-0.199551551716692,0.0813638068278992,False,down
WBGene00008645,0,0.8666666666666667,PFBSA,-0.156512604385428,0.0815451931677389,False,down
WBGene00017447,0,0.9666666666666667,PFBSA,-0.150158701042423,0.0819150664439001,False,down
WBGene00011713,0,0.8666666666666667,PFBSA,-0.216730099257002,0.0819150664439001,False,down
WBGene00019693,0,1.0,PFBSA,-0.22622459057524,0.081962477579102,False,down
WBGene00007105,0,1.0,PFBSA,-0.174121841027375,0.0823339807748245,False,down
WBGene00019323,0,1.0,PFBSA,-0.150965274198311,0.0832455369291142,False,down
WBGene00003160,0,1.0,PFBSA,-0.134343282382665,0.0833908316587558,False,down
WBGene00011064,0,1.0,PFBSA,-0.149472922784088,0.0840994722742145,False,down
WBGene00000879,0,1.0,PFBSA,-0.17240586415585,0.0845711247854601,False,down
WBGene00001636,0,1.0,PFBSA,-0.319375746251487,0.0851866684855686,False,down
WBGene00006307,0,1.0,PFBSA,-0.166671228203323,0.0852007880779457,False,down
WBGene00003020,0,1.0,PFBSA,-0.224762074923039,0.0859156956233003,False,down
WBGene00008143,0,1.0,PFBSA,-0.167589993613674,0.0868561855864985,False,down
WBGene00006785,0,0.9666666666666667,PFBSA,-0.215440129809427,0.087724737697938,False,down
WBGene00004228,0,1.0,PFBSA,-0.299703703631703,0.087724737697938,False,down
WBGene00020836,0,1.0,PFBSA,-0.347548131463265,0.0878581506741769,False,down
WBGene00000931,0,1.0,PFBSA,0.160077372717482,0.0880110918935232,False,up
WBGene00006537,0,1.0,PFBSA,-0.239977204910648,0.0880110918935232,False,down
WBGene00018987,0,1.0,PFBSA,-0.241017228613609,0.0883998850369493,False,down
WBGene00019953,0,1.0,PFBSA,-0.182174487669977,0.0884445657484582,False,down
WBGene00019710,0,0.9666666666666667,PFBSA,-0.221338890543069,0.0885311423942494,False,down
WBGene00000475,0,1.0,PFBSA,-0.131532201912555,0.0894381888558265,False,down
WBGene00011694,0,1.0,PFBSA,-0.396645840285237,0.0898086624363129,False,down
WBGene00007045,0,0.9333333333333333,PFBSA,-0.228795452626137,0.0902534995262723,False,down
WBGene00019983,0,1.0,PFBSA,-0.212386168102584,0.0904952458678917,False,down
WBGene00001057,0,0.9666666666666667,PFBSA,-0.115909043429122,0.0906321954155893,False,down
WBGene00015943,0,1.0,PFBSA,-0.109380025457435,0.0911101117647543,False,down
WBGene00018625,0,1.0,PFBSA,-0.155009724918153,0.0911101117647543,False,down
WBGene00011526,0,1.0,PFBSA,-0.161292688947264,0.0915085533150597,False,down
WBGene00001284,0,1.0,PFBSA,-0.16400652815893,0.0916598421679573,False,down
WBGene00003738,0,1.0,PFBSA,-0.252576540787864,0.0920268985014907,False,down
WBGene00022129,0,0.9666666666666667,PFBSA,-0.337243829615745,0.0923560749274301,False,down
WBGene00020683,0,1.0,PFBSA,-0.182726064602148,0.0924496183535971,False,down
WBGene00011033,0,1.0,PFBSA,-0.199146489956726,0.0925614970427622,False,down
WBGene00006373,0,1.0,PFBSA,-0.142409048404641,0.0926105890682133,False,down
WBGene00000995,0,1.0,PFBSA,-0.306503597975966,0.0927491414361562,False,down
WBGene00011771,0,1.0,PFBSA,-0.201292411931248,0.0928948435870644,False,down
WBGene00009207,0,1.0,PFBSA,-0.188667655953613,0.0952059577720825,False,down
WBGene00006528,0,1.0,PFBSA,-0.222842224855452,0.0979617237064267,False,down
WBGene00017381,0,1.0,PFBSA,-0.205281573304052,0.0983539676539354,False,down
WBGene00004111,0,1.0,PFBSA,-0.179195776163554,0.0984637702892424,False,down
WBGene00015267,0,1.0,PFBSA,-0.215134892652867,0.0986357384389665,False,down
WBGene00017163,0,0.9666666666666667,PFBSA,-0.281877338668005,0.0991328368339691,False,down
WBGene00001433,0,1.0,PFBSA,-0.279349506868012,0.099224129809984,False,down
WBGene00003792,0,1.0,PFBSA,-0.123534881587964,0.0993896488960516,False,down
WBGene00010834,0,1.0,PFBSA,-0.359969429111024,0.0999645728026315,False,down
WBGene00018270,0,1.0,PFBSA,-0.206344212441752,0.100141964798849,False,down
WBGene00004370,0,1.0,PFBSA,-0.179562864099823,0.100481177172799,False,down
WBGene00016793,0,1.0,PFBSA,-0.175047054395694,0.100536756512162,False,down
WBGene00020112,0,1.0,PFBSA,-0.123275560087559,0.101134106301727,False,down
WBGene00015687,0,0.9666666666666667,PFBSA,-0.202780836733253,0.102239838381207,False,down
WBGene00006776,0,1.0,PFBSA,-0.155872252856556,0.103117635074705,False,down
WBGene00010922,0,1.0,PFBSA,-0.188195283736235,0.10313951249707,False,down
WBGene00008775,0,1.0,PFBSA,-0.153685073156061,0.103738596039811,False,down
WBGene00008741,0,0.6333333333333333,PFBSA,0.212985781256084,0.104292740544194,False,up
WBGene00021506,0,1.0,PFBSA,-0.180193319403725,0.104413346048868,False,down
WBGene00013260,0,1.0,PFBSA,-0.174835759644972,0.104641812144217,False,down
WBGene00021994,0,1.0,PFBSA,-0.452040573411986,0.104641812144217,False,down
WBGene00015777,0,1.0,PFBSA,-0.204857561921366,0.104808156593045,False,down
WBGene00004116,0,1.0,PFBSA,-0.150538870857828,0.105612171902346,False,down
WBGene00003829,0,1.0,PFBSA,-0.193989763469425,0.105612171902346,False,down
WBGene00016918,0,1.0,PFBSA,-0.201050557614906,0.105612171902346,False,down
WBGene00002497,0,1.0,PFBSA,-0.258675606750898,0.105612171902346,False,down
WBGene00011128,0,1.0,PFBSA,-0.310548538935332,0.106245930743578,False,down
WBGene00010284,0,1.0,PFBSA,-0.107831176225629,0.106498231812128,False,down
WBGene00006496,0,1.0,PFBSA,-0.173608629635949,0.106829381757374,False,down
WBGene00009118,0,1.0,PFBSA,-0.193180049129723,0.107767661597345,False,down
WBGene00004386,0,1.0,PFBSA,-0.180180490997227,0.108505896279059,False,down
WBGene00020636,0,1.0,PFBSA,-0.136519358589464,0.108789049426965,False,down
WBGene00003012,0,1.0,PFBSA,-0.270265784531674,0.109711522189627,False,down
WBGene00018156,0,1.0,PFBSA,-0.138110999894237,0.109772688444028,False,down
WBGene00000379,0,1.0,PFBSA,-0.147387096008697,0.110018675959839,False,down
WBGene00010033,0,1.0,PFBSA,-0.804158224098561,0.11055600705171,False,down
WBGene00021960,0,1.0,PFBSA,-0.143631763842313,0.11146892999949,False,down
WBGene00007443,0,1.0,PFBSA,-0.162038772824913,0.11146892999949,False,down
WBGene00017044,0,1.0,PFBSA,-0.202272949857338,0.111796537808565,False,down
WBGene00006945,0,1.0,PFBSA,-0.156068367908591,0.111903536123683,False,down
WBGene00002110,0,1.0,PFBSA,-0.357069120055119,0.112464575683719,False,down
WBGene00006481,0,1.0,PFBSA,-0.160060501219727,0.113827216516401,False,down
WBGene00018474,0,1.0,PFBSA,-0.187612202947284,0.114119527287316,False,down
WBGene00021888,0,1.0,PFBSA,-0.209081312662423,0.115052943706059,False,down
WBGene00001427,0,1.0,PFBSA,-0.201091390157138,0.115784587770505,False,down
WBGene00003991,0,1.0,PFBSA,-0.26715166958814,0.117112193347788,False,down
WBGene00021883,0,1.0,PFBSA,-0.257980505792665,0.117984366644085,False,down
WBGene00003893,0,1.0,PFBSA,-0.125775429447984,0.118065389586024,False,down
WBGene00002027,0,1.0,PFBSA,-0.132473071586964,0.118767477887951,False,down
WBGene00017816,0,1.0,PFBSA,-0.145996507934569,0.118814569524319,False,down
WBGene00017774,0,1.0,PFBSA,-0.309053876482798,0.119315970799491,False,down
WBGene00004768,0,0.9333333333333333,PFBSA,-0.160908658351032,0.120198392974846,False,down
WBGene00022697,0,1.0,PFBSA,-0.138836119586131,0.120318871929958,False,down
WBGene00003789,0,1.0,PFBSA,-0.147516545433134,0.120318871929958,False,down
WBGene00011488,0,1.0,PFBSA,-0.206678069865125,0.120556487075153,False,down
WBGene00003514,0,1.0,PFBSA,-0.239268482226008,0.120646992332655,False,down
WBGene00006942,0,1.0,PFBSA,-0.151367275423129,0.120650617579507,False,down
WBGene00004701,0,1.0,PFBSA,-0.192382770064547,0.120969669489033,False,down
WBGene00021392,0,1.0,PFBSA,-0.282840823951798,0.122060287971091,False,down
WBGene00017570,0,1.0,PFBSA,-0.775840777217201,0.122060287971091,False,down
WBGene00022470,0,1.0,PFBSA,-0.179075321424115,0.123891054810301,False,down
WBGene00004307,0,1.0,PFBSA,-0.127507778636343,0.124929010463354,False,down
WBGene00013737,0,1.0,PFBSA,-0.138714616671276,0.125373654857319,False,down
WBGene00011977,0,1.0,PFBSA,-0.143529826157767,0.125373654857319,False,down
WBGene00001824,0,1.0,PFBSA,-0.249748200385181,0.12539403371785,False,down
WBGene00003148,0,1.0,PFBSA,-0.193902097352893,0.125884872029217,False,down
WBGene00002079,0,1.0,PFBSA,-0.212009857250548,0.126274422237153,False,down
WBGene00001163,0,1.0,PFBSA,-0.189987641019373,0.127179311777045,False,down
WBGene00015791,0,0.5333333333333333,PFBSA,-0.22090025754291,0.127557894016492,False,down
WBGene00016469,0,1.0,PFBSA,-0.169868794800129,0.127884685639797,False,down
WBGene00003123,0,1.0,PFBSA,-0.201874845857684,0.127907224391765,False,down
WBGene00021933,0,1.0,PFBSA,-0.188796393655505,0.129113778004137,False,down
WBGene00020110,0,1.0,PFBSA,-0.127890767514269,0.130090294787265,False,down
WBGene00021681,0,1.0,PFBSA,-0.140424508283641,0.130351897116231,False,down
WBGene00001030,0,1.0,PFBSA,-0.15372633969245,0.130951703626934,False,down
WBGene00003803,0,1.0,PFBSA,-0.155647801507755,0.132040478631158,False,down
WBGene00020097,0,1.0,PFBSA,0.117449708685695,0.13364818496793,False,up
WBGene00021012,0,1.0,PFBSA,-0.206145134542979,0.133737876668389,False,down
WBGene00004304,0,1.0,PFBSA,-0.128913215530742,0.133784043213958,False,down
WBGene00008338,0,1.0,PFBSA,-0.118688007103407,0.133881480355043,False,down
WBGene00021563,0,1.0,PFBSA,-0.163723884656164,0.134034021356269,False,down
WBGene00009336,0,1.0,PFBSA,-0.234425453233524,0.134034021356269,False,down
WBGene00009740,0,1.0,PFBSA,-0.15024906300826,0.136527971800264,False,down
WBGene00017988,0,1.0,PFBSA,-0.147729521932425,0.136906346403206,False,down
WBGene00006868,0,1.0,PFBSA,-0.173596462726591,0.13727370161416,False,down
WBGene00019277,0,0.9666666666666667,PFBSA,-0.286848631386631,0.13885688438344,False,down
WBGene00007668,0,1.0,PFBSA,-0.167244410435337,0.139363567342805,False,down
WBGene00013985,0,1.0,PFBSA,-0.154801484984171,0.139367465197429,False,down
WBGene00020107,0,1.0,PFBSA,-0.209848123115564,0.140409206375681,False,down
WBGene00000877,0,1.0,PFBSA,-0.17761354516359,0.140857994976777,False,down
WBGene00003951,0,0.9666666666666667,PFBSA,-0.166618005688373,0.141028377101167,False,down
WBGene00011744,0,0.8,PFBSA,-0.406124578660787,0.141187081073788,False,down
WBGene00021930,0,1.0,PFBSA,-0.116446375566452,0.141895454349192,False,down
WBGene00001635,0,1.0,PFBSA,-0.138601348066953,0.142798316559415,False,down
WBGene00001758,0,1.0,PFBSA,-0.431333369707958,0.143289980874555,False,down
WBGene00017085,0,1.0,PFBSA,-0.146933265399951,0.143407956401951,False,down
WBGene00009627,0,1.0,PFBSA,-0.229755047713384,0.143991911424488,False,down
WBGene00021934,0,1.0,PFBSA,-0.169750712137845,0.14455513698325,False,down
WBGene00013740,0,1.0,PFBSA,-0.158998749020374,0.144622913448657,False,down
WBGene00012990,0,1.0,PFBSA,-0.139590938535165,0.145251709185728,False,down
WBGene00003704,0,0.9,PFBSA,-0.595841398739684,0.147390364607531,False,down
WBGene00001037,0,1.0,PFBSA,-0.129333051797461,0.147632194694575,False,down
WBGene00022044,0,1.0,PFBSA,-0.125637254620741,0.148380182345759,False,down
WBGene00006934,0,1.0,PFBSA,-0.109627170262593,0.148475064202729,False,down
WBGene00008361,0,1.0,PFBSA,-0.180813031588149,0.148544400015941,False,down
WBGene00022416,0,1.0,PFBSA,-0.229872605965537,0.148767757687108,False,down
WBGene00019762,0,1.0,PFBSA,-0.135388188513625,0.149225451321094,False,down
WBGene00006530,0,1.0,PFBSA,-0.204982361915096,0.149505497111989,False,down
WBGene00004385,0,1.0,PFBSA,-0.204579262688181,0.149849555217034,False,down
WBGene00015703,0,1.0,PFBSA,-0.161977628020541,0.151098601814026,False,down
WBGene00011447,0,1.0,PFBSA,-0.599193945826691,0.151197468701789,False,down
WBGene00018890,0,1.0,PFBSA,0.164420743847299,0.151300834671818,False,up
WBGene00014219,0,1.0,PFBSA,-0.154772166944987,0.151711375420614,False,down
WBGene00017098,0,1.0,PFBSA,-0.198031298090646,0.151711375420614,False,down
WBGene00011302,0,1.0,PFBSA,-0.118045287247329,0.152042100455782,False,down
WBGene00004916,0,1.0,PFBSA,-0.199067394871318,0.152247253572624,False,down
WBGene00020423,0,1.0,PFBSA,-0.154236178625994,0.153241196294287,False,down
WBGene00020813,0,1.0,PFBSA,-0.26457069357912,0.153802949928005,False,down
WBGene00043985,0,1.0,PFBSA,-0.187963988971272,0.153811509858914,False,down
WBGene00016142,0,1.0,PFBSA,-0.142898907804127,0.154061668777014,False,down
WBGene00008131,0,1.0,PFBSA,-0.168316287194381,0.156220015101459,False,down
WBGene00001042,0,1.0,PFBSA,-0.144123919988263,0.156312071070212,False,down
WBGene00000585,0,1.0,PFBSA,-0.170983774497482,0.156981840734633,False,down
WBGene00008122,0,1.0,PFBSA,-0.278435998111981,0.156987476409654,False,down
WBGene00019587,0,1.0,PFBSA,0.345348727996786,0.158988686147618,False,up
WBGene00003061,0,1.0,PFBSA,-0.149136398116123,0.159075732405742,False,down
WBGene00004034,0,1.0,PFBSA,-0.117884451354183,0.15941905968545,False,down
WBGene00009141,0,1.0,PFBSA,-0.113719959966463,0.159451488639032,False,down
WBGene00004090,0,1.0,PFBSA,-0.157975879312002,0.159833703045805,False,down
WBGene00020215,0,1.0,PFBSA,-0.204834182639359,0.159833703045805,False,down
WBGene00021828,0,1.0,PFBSA,0.180246106382199,0.161127641322445,False,up
WBGene00012829,0,0.9333333333333333,PFBSA,-0.128559266891755,0.162381758672411,False,down
WBGene00006787,0,1.0,PFBSA,-0.17013744186627,0.163161038206924,False,down
WBGene00010727,0,1.0,PFBSA,-0.208909340608308,0.163566712822966,False,down
WBGene00002060,0,1.0,PFBSA,-0.165934896514652,0.163881421372733,False,down
WBGene00003144,0,0.9666666666666667,PFBSA,-0.13011394928917,0.163960215788849,False,down
WBGene00002153,0,0.9333333333333333,PFBSA,-0.130694114463255,0.164480594253162,False,down
WBGene00000157,0,1.0,PFBSA,-0.177498538460882,0.164480594253162,False,down
WBGene00044324,0,1.0,PFBSA,-0.271272388430616,0.164610615352256,False,down
WBGene00011605,0,1.0,PFBSA,-0.105629832241088,0.164876327933401,False,down
WBGene00007402,0,1.0,PFBSA,-0.337338948529505,0.165058470110426,False,down
WBGene00003229,0,1.0,PFBSA,-0.205563292723003,0.16516724433185,False,down
WBGene00018604,0,1.0,PFBSA,-0.128120385431815,0.165321035299969,False,down
WBGene00021327,0,1.0,PFBSA,-0.0972422258713348,0.165622061796409,False,down
WBGene00007284,0,1.0,PFBSA,-0.156007940031752,0.16618939801614,False,down
WBGene00003065,0,1.0,PFBSA,-0.117435654330814,0.166696491322345,False,down
WBGene00009045,0,1.0,PFBSA,-0.119493971485217,0.167146434945887,False,down
WBGene00014221,0,1.0,PFBSA,-0.171465053639111,0.169139089122015,False,down
WBGene00014224,0,1.0,PFBSA,-0.243750662317822,0.169139089122015,False,down
WBGene00009366,0,0.9666666666666667,PFBSA,-0.129894422608796,0.16988226579693,False,down
WBGene00007514,0,1.0,PFBSA,-0.173012637754132,0.170234296240652,False,down
WBGene00004383,0,1.0,PFBSA,-0.225056856351477,0.170518573673533,False,down
WBGene00001154,0,1.0,PFBSA,-0.140658847411168,0.171165113709366,False,down
WBGene00004738,0,1.0,PFBSA,-0.136791637249919,0.171190446581971,False,down
WBGene00012983,0,1.0,PFBSA,-0.113052909783057,0.171191286347018,False,down
WBGene00004895,0,1.0,PFBSA,-0.163956128126375,0.171630482533744,False,down
WBGene00002258,0,1.0,PFBSA,-0.26498635105374,0.171687959052819,False,down
WBGene00006915,0,1.0,PFBSA,-0.151254912854173,0.172678452224427,False,down
WBGene00019259,0,1.0,PFBSA,-0.123381419736663,0.172689690118257,False,down
WBGene00004302,0,1.0,PFBSA,-0.186799104388206,0.172689690118257,False,down
WBGene00016140,0,1.0,PFBSA,-0.103108130534869,0.172773293947131,False,down
WBGene00000816,0,1.0,PFBSA,-0.118166412409604,0.173890222539911,False,down
WBGene00022075,0,1.0,PFBSA,-0.21021952869069,0.175799069283424,False,down
WBGene00013605,0,1.0,PFBSA,-0.172565755805205,0.177364065062958,False,down
WBGene00006737,0,1.0,PFBSA,-0.125045482010664,0.177608660067578,False,down
WBGene00006931,0,0.9666666666666667,PFBSA,-0.104956218587197,0.177664098741033,False,down
WBGene00000549,0,1.0,PFBSA,-0.122565831964394,0.178313074123423,False,down
WBGene00011306,0,1.0,PFBSA,-0.1468295453729,0.178658302958872,False,down
WBGene00000939,0,0.8666666666666667,PFBSA,-0.109320729183685,0.179469270726059,False,down
WBGene00010274,0,1.0,PFBSA,-0.399035939986106,0.179761368279007,False,down
WBGene00001235,0,1.0,PFBSA,-0.170159895262401,0.180805308119206,False,down
WBGene00008532,0,1.0,PFBSA,-0.131393842338121,0.180951322691782,False,down
WBGene00011527,0,0.9333333333333333,PFBSA,0.134401817219905,0.181244657229309,False,up
WBGene00012166,0,1.0,PFBSA,-0.11968619400331,0.181715351598099,False,down
WBGene00011730,0,1.0,PFBSA,-0.126421635648257,0.182245983972656,False,down
WBGene00013361,0,1.0,PFBSA,-0.121525997162569,0.184546806995228,False,down
WBGene00006319,0,0.9333333333333333,PFBSA,-0.324655002774033,0.184578946046764,False,down
WBGene00004699,0,1.0,PFBSA,-0.140009953825234,0.185333294681722,False,down
WBGene00008411,0,1.0,PFBSA,-0.158789866191985,0.185333294681722,False,down
WBGene00000209,0,1.0,PFBSA,-0.19588786730804,0.185333294681722,False,down
WBGene00002092,0,1.0,PFBSA,0.576144643341409,0.185864820734839,False,up
WBGene00007646,0,1.0,PFBSA,0.100702039766445,0.185864820734839,False,up
WBGene00017799,0,1.0,PFBSA,-0.170531794829796,0.185997296743358,False,down
WBGene00003048,0,1.0,PFBSA,-0.158547242786783,0.186716290637883,False,down
WBGene00003162,0,1.0,PFBSA,-0.131088999997856,0.186866559845618,False,down
WBGene00000479,0,1.0,PFBSA,-0.14132461011837,0.186871815893795,False,down
WBGene00009654,0,1.0,PFBSA,-0.135272335652597,0.187509855754297,False,down
WBGene00012375,0,1.0,PFBSA,-0.131832991670649,0.189295469083226,False,down
WBGene00003055,0,1.0,PFBSA,-0.350216739086041,0.189465637786034,False,down
WBGene00020601,0,1.0,PFBSA,0.151902293056568,0.189841799490637,False,up
WBGene00018046,0,1.0,PFBSA,-0.181027961378201,0.190415719992351,False,down
WBGene00000165,0,1.0,PFBSA,-0.134504497564992,0.191099085123863,False,down
WBGene00022577,0,0.9,PFBSA,-1.03479955199521,0.191301261063189,False,down
WBGene00000940,0,1.0,PFBSA,-0.169856970168684,0.19250568007599,False,down
WBGene00001949,0,1.0,PFBSA,-0.189759974001467,0.193076311160669,False,down
WBGene00020269,0,1.0,PFBSA,-0.171282803598638,0.194732636305642,False,down
WBGene00021959,0,0.9666666666666667,PFBSA,-0.223174274791098,0.195737306995499,False,down
WBGene00018064,0,0.9,PFBSA,-0.174572161154446,0.19584005769625,False,down
WBGene00015525,0,1.0,PFBSA,0.134633376672744,0.1959847218192,False,up
WBGene00013301,0,1.0,PFBSA,-0.115382697799939,0.196185698386097,False,down
WBGene00010616,0,1.0,PFBSA,-0.158330875607639,0.198050524178543,False,down
WBGene00015233,0,1.0,PFBSA,-0.161357004331136,0.198297669631873,False,down
WBGene00004700,0,1.0,PFBSA,-0.146162772558875,0.19964563127559,False,down
WBGene00017686,0,1.0,PFBSA,-0.0873581920260194,0.199852704784582,False,down
WBGene00012658,0,1.0,PFBSA,-0.190546466323416,0.200411558702496,False,down
WBGene00019209,0,1.0,PFBSA,-0.123058202799971,0.201972307407754,False,down
WBGene00016888,0,1.0,PFBSA,-0.14569745782333,0.202096365916048,False,down
WBGene00009051,0,1.0,PFBSA,-0.13854168037013,0.205552116647808,False,down
WBGene00003788,0,1.0,PFBSA,-0.14507458929086,0.20595228747099,False,down
WBGene00018863,0,1.0,PFBSA,0.198369475081133,0.206209705199479,False,up
WBGene00000155,0,1.0,PFBSA,-0.144579410342789,0.207293614559705,False,down
WBGene00001186,0,0.9333333333333333,PFBSA,-0.210386985461866,0.207805667507616,False,down
WBGene00019987,0,1.0,PFBSA,-0.19504588628949,0.208982229638923,False,down
WBGene00019219,0,1.0,PFBSA,0.158802373587163,0.209974598472511,False,up
WBGene00001041,0,1.0,PFBSA,-0.124066314486702,0.211081336352467,False,down
WBGene00017800,0,1.0,PFBSA,-0.105329636112329,0.21255058182306,False,down
WBGene00019820,0,1.0,PFBSA,-0.124220764258232,0.213747579613013,False,down
WBGene00021112,0,1.0,PFBSA,-0.138218560571793,0.214030396824391,False,down
WBGene00022738,0,1.0,PFBSA,-0.123768714041435,0.214343616109696,False,down
WBGene00018431,0,1.0,PFBSA,-0.174737353254355,0.214846418017536,False,down
WBGene00007971,0,1.0,PFBSA,-0.131732481028693,0.215518753558307,False,down
WBGene00007927,0,1.0,PFBSA,0.206739859976165,0.216274612790459,False,up
WBGene00012197,0,1.0,PFBSA,-0.198873652556891,0.216516500920806,False,down
WBGene00009880,0,1.0,PFBSA,-0.203672095110784,0.217506373489964,False,down
WBGene00010677,0,1.0,PFBSA,-0.130656650316335,0.217984758244266,False,down
WBGene00016249,0,1.0,PFBSA,-0.176941553179593,0.217984758244266,False,down
WBGene00000381,0,1.0,PFBSA,-0.124755986545147,0.218222947100234,False,down
WBGene00016943,0,0.5333333333333333,PFBSA,-0.650343721466915,0.218226961833128,False,down
WBGene00007400,0,1.0,PFBSA,-0.153165017306694,0.218822273310524,False,down
WBGene00004189,0,1.0,PFBSA,-0.144999165317323,0.219944110161996,False,down
WBGene00000896,0,1.0,PFBSA,-0.194008411710325,0.22077003946801,False,down
WBGene00000377,0,1.0,PFBSA,-0.126073792653008,0.222172232073569,False,down
WBGene00009966,0,1.0,PFBSA,-0.162747132718493,0.222172232073569,False,down
WBGene00020274,0,1.0,PFBSA,-0.157158441192314,0.222761685433738,False,down
WBGene00001426,0,1.0,PFBSA,-0.129102382920115,0.223185215506545,False,down
WBGene00013984,0,1.0,PFBSA,-0.197261719953724,0.223226853042757,False,down
WBGene00044032,0,1.0,PFBSA,-0.596309141912881,0.224157178193081,False,down
WBGene00021757,0,1.0,PFBSA,-0.171369710332111,0.22421744410971,False,down
WBGene00019658,0,1.0,PFBSA,-0.219970285188788,0.225554935436892,False,down
WBGene00044466,0,0.9666666666666667,PFBSA,-0.22922309405352,0.225554935436892,False,down
WBGene00008503,0,1.0,PFBSA,-0.265843674133009,0.226485362139515,False,down
WBGene00000923,0,1.0,PFBSA,-0.139220518834238,0.22676095561765,False,down
WBGene00004305,0,1.0,PFBSA,-0.192903750029094,0.22813434623233,False,down
WBGene00012713,0,1.0,PFBSA,-0.105532563965028,0.228298453772036,False,down
WBGene00013189,0,0.9333333333333333,PFBSA,0.129127659187358,0.229776271103537,False,up
WBGene00000395,0,1.0,PFBSA,-0.299453150834519,0.231493968410104,False,down
WBGene00003254,0,0.8333333333333334,PFBSA,-0.127230917222942,0.231605088749908,False,down
WBGene00019276,0,0.9666666666666667,PFBSA,-0.122722065918336,0.232004872001597,False,down
WBGene00010713,0,1.0,PFBSA,-0.0970532817176812,0.232797777701656,False,down
WBGene00020498,0,1.0,PFBSA,0.113899713385468,0.233403332225568,False,up
WBGene00021305,0,0.7666666666666667,PFBSA,-0.0916305706748989,0.233461748413286,False,down
WBGene00015344,0,1.0,PFBSA,-0.144239510091223,0.233518238225131,False,down
WBGene00008805,0,0.5333333333333333,PFBSA,-0.14228650520882,0.233723387557137,False,down
WBGene00022576,0,1.0,PFBSA,-0.194032570518907,0.233982850244367,False,down
WBGene00002080,0,1.0,PFBSA,-0.140003389247068,0.234331878062995,False,down
WBGene00011846,0,0.9333333333333333,PFBSA,-0.32342437022357,0.236226357168818,False,down
WBGene00000047,0,0.8333333333333334,PFBSA,-0.18734367437739,0.236504657732706,False,down
WBGene00000773,0,1.0,PFBSA,-0.141036733667447,0.237062781617313,False,down
WBGene00008567,0,1.0,PFBSA,-0.25258393439296,0.237416826410017,False,down
WBGene00001747,0,1.0,PFBSA,-0.0776837482131066,0.237610329798291,False,down
WBGene00018362,0,1.0,PFBSA,-0.16453949561751,0.238004508818066,False,down
WBGene00019855,0,1.0,PFBSA,-0.187874317681708,0.240480253027653,False,down
WBGene00017169,0,1.0,PFBSA,-0.141684191775136,0.24066861796347,False,down
WBGene00003080,0,1.0,PFBSA,-0.18271462024207,0.240843423788107,False,down
WBGene00010405,0,1.0,PFBSA,-0.140945473342117,0.24202617803408,False,down
WBGene00000106,0,1.0,PFBSA,-0.127363767328003,0.244912597619415,False,down
WBGene00018898,0,1.0,PFBSA,0.164936180245234,0.245832038358688,False,up
WBGene00013083,0,1.0,PFBSA,-0.229314720433725,0.246239512143392,False,down
WBGene00011904,0,1.0,PFBSA,0.10445030572238,0.246442544760149,False,up
WBGene00012059,0,1.0,PFBSA,0.13302183089418,0.247757677967902,False,up
WBGene00022598,0,0.9333333333333333,PFBSA,-0.144920199613999,0.25113207634213,False,down
WBGene00007111,0,1.0,PFBSA,-0.113196531978012,0.252026497146941,False,down
WBGene00004723,0,1.0,PFBSA,-0.138809769462653,0.252359618666116,False,down
WBGene00008258,0,0.5333333333333333,PFBSA,-0.109980990544375,0.252364192519561,False,down
WBGene00019711,0,1.0,PFBSA,-0.124850636453407,0.252772307913195,False,down
WBGene00011731,0,0.8666666666666667,PFBSA,-0.146686797678873,0.254750961276498,False,down
WBGene00000766,0,1.0,PFBSA,-0.127611675498979,0.255092376346871,False,down
WBGene00021921,0,0.9666666666666667,PFBSA,-0.12414198435343,0.256111271513199,False,down
WBGene00001816,0,1.0,PFBSA,-0.170069813824792,0.256149667612067,False,down
WBGene00019607,0,0.9,PFBSA,-0.141942721214433,0.257270031115708,False,down
WBGene00050885,0,1.0,PFBSA,-0.242129958269713,0.259107349954135,False,down
WBGene00016374,0,1.0,PFBSA,-0.129813055032944,0.259461137653294,False,down
WBGene00012649,0,1.0,PFBSA,-0.685284555127019,0.259576088377557,False,down
WBGene00007050,0,1.0,PFBSA,0.155940526672387,0.259790106606282,False,up
WBGene00013460,0,1.0,PFBSA,-0.101149328770219,0.260529936450734,False,down
WBGene00003921,0,1.0,PFBSA,-0.0968060024605788,0.261206008534545,False,down
WBGene00016170,0,0.9666666666666667,PFBSA,-0.104760297181975,0.261206008534545,False,down
WBGene00020068,0,1.0,PFBSA,-0.116555341319308,0.262589319239854,False,down
WBGene00014222,0,0.9666666666666667,PFBSA,-0.179985518321691,0.264681264083379,False,down
WBGene00003802,0,1.0,PFBSA,-0.139671375705406,0.265317539538821,False,down
WBGene00004315,0,1.0,PFBSA,0.156815721756441,0.266798151486669,False,up
WBGene00018482,0,1.0,PFBSA,-0.0941027221104504,0.266800274778201,False,down
WBGene00000380,0,1.0,PFBSA,-0.0978499237192578,0.266800274778201,False,down
WBGene00007435,0,1.0,PFBSA,-0.174068830962339,0.267958533047381,False,down
WBGene00012484,0,1.0,PFBSA,-0.108091251420675,0.268727539892801,False,down
WBGene00015481,0,1.0,PFBSA,-0.088804567813194,0.269902493539714,False,down
WBGene00011349,0,1.0,PFBSA,-0.10885277303224,0.27035430066811,False,down
WBGene00000406,0,0.9666666666666667,PFBSA,-0.161970975310961,0.270597954976724,False,down
WBGene00021929,0,1.0,PFBSA,-0.114812603368179,0.27110151518386,False,down
WBGene00011679,0,1.0,PFBSA,-0.101158021346956,0.271107629272479,False,down
WBGene00012834,0,1.0,PFBSA,-0.171748963084933,0.271147828471098,False,down
WBGene00001330,0,1.0,PFBSA,-0.100244413295775,0.271218900845525,False,down
WBGene00021638,0,1.0,PFBSA,0.185687831096221,0.271373587769929,False,up
WBGene00015971,0,1.0,PFBSA,-0.134170470155494,0.271373587769929,False,down
WBGene00003851,0,1.0,PFBSA,-0.111697002727837,0.271616034063313,False,down
WBGene00009057,0,1.0,PFBSA,-0.223630760861369,0.27263282966285,False,down
WBGene00020798,0,1.0,PFBSA,-0.138210126440263,0.274420646788848,False,down
WBGene00013835,0,1.0,PFBSA,-0.222714734616553,0.2751938751083,False,down
WBGene00011398,0,1.0,PFBSA,-0.182001424983864,0.275313583528403,False,down
WBGene00016740,0,1.0,PFBSA,0.183994922535743,0.27601062417092,False,up
WBGene00018133,0,1.0,PFBSA,-0.838315402093775,0.276784134001462,False,down
WBGene00009498,0,1.0,PFBSA,-0.0821288671224534,0.277182354538755,False,down
WBGene00001497,0,1.0,PFBSA,-0.137446513382145,0.277294213599175,False,down
WBGene00044138,0,1.0,PFBSA,-0.444653644697391,0.278273241191232,False,down
WBGene00014176,0,1.0,PFBSA,-0.153638318228479,0.279200691864652,False,down
WBGene00002219,0,1.0,PFBSA,-0.112052371282037,0.279400728995323,False,down
WBGene00010703,0,1.0,PFBSA,-0.135235000515894,0.281835316051697,False,down
WBGene00012998,0,1.0,PFBSA,0.130338944578546,0.284256121164527,False,up
WBGene00007197,0,1.0,PFBSA,0.170019661623409,0.285115500802299,False,up
WBGene00015956,0,1.0,PFBSA,-0.0889651157747619,0.287471582626816,False,down
WBGene00019679,0,1.0,PFBSA,-0.113393325264903,0.287602042365321,False,down
WBGene00020195,0,0.5,PFBSA,-0.131257356417668,0.287942551720385,False,down
WBGene00022107,0,1.0,PFBSA,-0.107928689973714,0.28992234819882,False,down
WBGene00014177,0,1.0,PFBSA,-0.116342222443029,0.290325107413579,False,down
WBGene00017162,0,1.0,PFBSA,-0.112425395566447,0.290718680710408,False,down
WBGene00011443,0,1.0,PFBSA,-0.390042534297884,0.290984998528768,False,down
WBGene00022516,0,1.0,PFBSA,-0.120819621903976,0.292156359555288,False,down
WBGene00012230,0,0.9666666666666667,PFBSA,-0.123594353021385,0.298091780227386,False,down
WBGene00021613,0,1.0,PFBSA,-0.0899751713882361,0.299353199359903,False,down
WBGene00012909,0,1.0,PFBSA,-0.16185516627873,0.299871913044427,False,down
WBGene00000112,0,1.0,PFBSA,0.101146120022337,0.300209020087206,False,up
WBGene00021093,0,1.0,PFBSA,-0.129001096715984,0.300593586041826,False,down
WBGene00015920,0,1.0,PFBSA,-0.116754425300888,0.302092443179583,False,down
WBGene00001333,0,1.0,PFBSA,-0.0965758754235161,0.30241047855891,False,down
WBGene00013213,0,1.0,PFBSA,-0.106828910440562,0.30371214858197,False,down
WBGene00077690,0,1.0,PFBSA,0.220161835576189,0.304522550666684,False,up
WBGene00022087,0,1.0,PFBSA,-0.0974830007723603,0.304987252500281,False,down
WBGene00011482,0,0.9,PFBSA,-0.13221776356484,0.304987252500281,False,down
WBGene00017329,0,1.0,PFBSA,0.175139477229028,0.305041338745669,False,up
WBGene00017436,0,0.9666666666666667,PFBSA,-0.215572446487423,0.305146219148576,False,down
WBGene00019508,0,1.0,PFBSA,-0.884501407268043,0.305174736002562,False,down
WBGene00012804,0,1.0,PFBSA,-0.130308869002219,0.305276916074284,False,down
WBGene00001134,0,0.9,PFBSA,0.0905606540932887,0.305465500009613,False,up
WBGene00011043,0,1.0,PFBSA,0.137934573043703,0.305838942669998,False,up
WBGene00007625,0,1.0,PFBSA,-0.137294003036241,0.306004425237559,False,down
WBGene00007215,0,1.0,PFBSA,-0.10746460155221,0.306179371544008,False,down
WBGene00004919,0,1.0,PFBSA,-0.164301601452011,0.306179371544008,False,down
WBGene00019629,0,1.0,PFBSA,-0.0996332171986836,0.307565893239335,False,down
WBGene00004702,0,1.0,PFBSA,-0.110609850667263,0.310834397927352,False,down
WBGene00007333,0,0.5333333333333333,PFBSA,-0.116224396841121,0.310960161785055,False,down
WBGene00000883,0,1.0,PFBSA,-0.146398699413402,0.31157475918163,False,down
WBGene00021715,0,1.0,PFBSA,0.147651764330624,0.31187726887057,False,up
WBGene00007972,0,1.0,PFBSA,-0.119923241151642,0.311915374518671,False,down
WBGene00013724,0,1.0,PFBSA,-0.133087651954921,0.311934496618838,False,down
WBGene00044061,0,1.0,PFBSA,0.152321647550661,0.31204862398825,False,up
WBGene00015802,0,1.0,PFBSA,0.141757840632238,0.314071941556673,False,up
WBGene00012472,0,1.0,PFBSA,0.120782087537642,0.314212842622496,False,up
WBGene00010178,0,1.0,PFBSA,-0.102137342566079,0.314212842622496,False,down
WBGene00013362,0,1.0,PFBSA,-0.135818279906662,0.315467321895795,False,down
WBGene00003785,0,0.9666666666666667,PFBSA,-0.11649479214184,0.315895931538768,False,down
WBGene00012386,0,1.0,PFBSA,-0.0778454500396754,0.31625063011684,False,down
WBGene00012996,0,1.0,PFBSA,-0.144543348161424,0.31837434045239,False,down
WBGene00019401,0,1.0,PFBSA,-0.0694487542269226,0.318636481830649,False,down
WBGene00006424,0,1.0,PFBSA,-0.106494489134756,0.318707653502165,False,down
WBGene00008426,0,1.0,PFBSA,-0.113699981570877,0.318707653502165,False,down
WBGene00019220,0,1.0,PFBSA,-0.104202638069647,0.318874076908404,False,down
WBGene00010942,0,1.0,PFBSA,-0.112127038939126,0.319514380084091,False,down
WBGene00000158,0,1.0,PFBSA,-0.0817578179597945,0.320016477882126,False,down
WBGene00011309,0,1.0,PFBSA,-0.235459648740797,0.320016477882126,False,down
WBGene00004387,0,1.0,PFBSA,-0.113927400628872,0.320346704129653,False,down
WBGene00001161,0,1.0,PFBSA,-0.15703603065895,0.32260400223355,False,down
WBGene00016015,0,1.0,PFBSA,-0.0632007836902035,0.322685404774801,False,down
WBGene00018891,0,1.0,PFBSA,0.119496057972105,0.32350643084935,False,up
WBGene00004388,0,1.0,PFBSA,-0.153442844948789,0.324480794217847,False,down
WBGene00016055,0,1.0,PFBSA,-0.143452904138954,0.324621588418948,False,down
WBGene00006706,0,1.0,PFBSA,-0.0980766986624318,0.325548253994301,False,down
WBGene00001232,0,1.0,PFBSA,-0.082570371949279,0.325831652117234,False,down
WBGene00008428,0,1.0,PFBSA,-0.0902311385948086,0.327871466256586,False,down
WBGene00018828,0,0.7666666666666667,PFBSA,-0.938394894296386,0.32872691588914,False,down
WBGene00016439,0,1.0,PFBSA,-0.103429214524916,0.329784492549113,False,down
WBGene00018934,0,1.0,PFBSA,-0.135026563115234,0.331954305176545,False,down
WBGene00021335,0,0.9,PFBSA,-0.316704001345047,0.333671627688085,False,down
WBGene00021754,0,1.0,PFBSA,-0.107983980069205,0.33420880738445,False,down
WBGene00002348,0,1.0,PFBSA,-0.153997124330795,0.334411631305201,False,down
WBGene00006515,0,1.0,PFBSA,-0.109933437989288,0.335451541639819,False,down
WBGene00001582,0,0.5333333333333333,PFBSA,-0.0630709719660488,0.33566517312589,False,down
WBGene00013018,0,1.0,PFBSA,-0.102730008542896,0.336282780177444,False,down
WBGene00006700,0,1.0,PFBSA,-0.119241104146849,0.336433414775228,False,down
WBGene00021133,0,1.0,PFBSA,-0.13816459930406,0.33654989663141,False,down
WBGene00006829,0,1.0,PFBSA,-0.13136258411453,0.337341326309683,False,down
WBGene00000987,0,1.0,PFBSA,-0.112965449959795,0.337474831805156,False,down
WBGene00022492,0,1.0,PFBSA,-0.127759250998176,0.338606979673807,False,down
WBGene00005015,0,1.0,PFBSA,-0.0846810425000332,0.33875915822238,False,down
WBGene00018370,0,1.0,PFBSA,-0.266499930748763,0.338791841996174,False,down
WBGene00019333,0,0.9333333333333333,PFBSA,-0.0765946102576756,0.339054533093713,False,down
WBGene00007043,0,1.0,PFBSA,-0.148552806207539,0.339054533093713,False,down
WBGene00012361,0,1.0,PFBSA,-0.156160823604922,0.339054533093713,False,down
WBGene00009559,0,1.0,PFBSA,-0.114607399475503,0.341714760300511,False,down
WBGene00021088,0,1.0,PFBSA,-0.144771955617076,0.343599613383923,False,down
WBGene00000160,0,0.5333333333333333,PFBSA,-0.120138586168144,0.343847417048041,False,down
WBGene00022734,0,1.0,PFBSA,-0.109676766018249,0.345044340631827,False,down
WBGene00022069,0,1.0,PFBSA,-0.0973594647402145,0.345046366608893,False,down
WBGene00009330,0,1.0,PFBSA,-0.164684500525245,0.345046366608893,False,down
WBGene00006936,0,1.0,PFBSA,0.134732355219622,0.345148406205216,False,up
WBGene00001498,0,1.0,PFBSA,-0.0952020028573029,0.345258510706464,False,down
WBGene00010721,0,1.0,PFBSA,-0.150484916538589,0.346005258057249,False,down
WBGene00021466,0,1.0,PFBSA,-0.0894585281431704,0.347638951563018,False,down
WBGene00002957,0,1.0,PFBSA,-0.0937523877209917,0.348525342143691,False,down
WBGene00012887,0,1.0,PFBSA,0.103020091568192,0.349430995157284,False,up
WBGene00009771,0,0.8666666666666667,PFBSA,-0.100511567869218,0.349612929012398,False,down
WBGene00007169,0,1.0,PFBSA,-0.513316461242551,0.35145399099336,False,down
WBGene00020340,0,1.0,PFBSA,-0.125569362924126,0.353768703240736,False,down
WBGene00012550,0,1.0,PFBSA,-0.129221183006424,0.354117539867305,False,down
WBGene00015676,0,1.0,PFBSA,-0.136256780136735,0.355128937246018,False,down
WBGene00011558,0,1.0,PFBSA,-0.168578931513614,0.356808288268244,False,down
WBGene00009982,0,1.0,PFBSA,-0.441278764038661,0.356808288268244,False,down
WBGene00014156,0,1.0,PFBSA,-0.255647173295579,0.357199044417129,False,down
WBGene00002062,0,0.5,PFBSA,-0.134950873096424,0.358065124424708,False,down
WBGene00011412,0,1.0,PFBSA,-0.107385085950391,0.35809196634009,False,down
WBGene00021660,0,1.0,PFBSA,0.121924057861007,0.359767575322275,False,up
WBGene00003986,0,1.0,PFBSA,-0.0777166673527342,0.361716534337335,False,down
WBGene00000369,0,1.0,PFBSA,-0.0865048386666177,0.361716534337335,False,down
WBGene00020109,0,0.9666666666666667,PFBSA,-0.100210825213532,0.362720300096751,False,down
WBGene00003805,0,1.0,PFBSA,-0.157869308295669,0.363498891311247,False,down
WBGene00011142,0,0.9666666666666667,PFBSA,-0.145207778839369,0.363951329386402,False,down
WBGene00017064,0,1.0,PFBSA,-0.0942991427984934,0.36456456403323,False,down
WBGene00009189,0,1.0,PFBSA,-0.117812745208093,0.364789033814664,False,down
WBGene00008924,0,1.0,PFBSA,-0.115793319126497,0.364867867907736,False,down
WBGene00017238,0,1.0,PFBSA,-0.117974625444427,0.364867867907736,False,down
WBGene00019836,0,1.0,PFBSA,0.121936249269976,0.365697370951156,False,up
WBGene00008502,0,1.0,PFBSA,-0.0983601172768202,0.365813475783944,False,down
WBGene00000482,0,1.0,PFBSA,-0.0862898537742519,0.366952209995988,False,down
WBGene00021899,0,1.0,PFBSA,0.106071528560565,0.367818716126534,False,up
WBGene00013168,0,1.0,PFBSA,-0.0906049181322523,0.367978207598815,False,down
WBGene00015282,0,1.0,PFBSA,0.081060619035561,0.369811562480284,False,up
WBGene00006675,0,1.0,PFBSA,-0.161999711616341,0.370415552228067,False,down
WBGene00019118,0,1.0,PFBSA,-0.0944441507951365,0.371053459923487,False,down
WBGene00007626,0,1.0,PFBSA,-0.0991424260708948,0.371298178588031,False,down
WBGene00016978,0,1.0,PFBSA,0.121360089829248,0.371372229750051,False,up
WBGene00012966,0,1.0,PFBSA,-0.113868990142152,0.371466170917446,False,down
WBGene00013239,0,1.0,PFBSA,-0.12458691592435,0.372041099848615,False,down
WBGene00016644,0,1.0,PFBSA,-0.228792601684781,0.373479225799391,False,down
WBGene00004920,0,1.0,PFBSA,-0.154603593023804,0.375217290550969,False,down
WBGene00010052,0,0.9333333333333333,PFBSA,-0.0851466279118401,0.375535137863153,False,down
WBGene00009013,0,1.0,PFBSA,-0.112003732077143,0.375535137863153,False,down
WBGene00008918,0,1.0,PFBSA,-0.113800492269915,0.375535137863153,False,down
WBGene00022380,0,1.0,PFBSA,-0.0921575058588648,0.376991312125171,False,down
WBGene00013344,0,1.0,PFBSA,-0.130811203750668,0.377198386201405,False,down
WBGene00019663,0,1.0,PFBSA,-0.117595531120635,0.377396148101471,False,down
WBGene00018151,0,1.0,PFBSA,-0.101109671819083,0.37795548285396,False,down
WBGene00016588,0,1.0,PFBSA,-0.0884995733023887,0.378950073881412,False,down
WBGene00017003,0,1.0,PFBSA,-0.153975238244784,0.378950073881412,False,down
WBGene00016808,0,1.0,PFBSA,-0.114781607455493,0.379006958372275,False,down
WBGene00007195,0,1.0,PFBSA,-0.137052784919373,0.379112256645312,False,down
WBGene00019264,0,1.0,PFBSA,0.134925894726393,0.379555556378428,False,up
WBGene00009305,0,1.0,PFBSA,0.102475108581528,0.380554088263888,False,up
WBGene00001234,0,1.0,PFBSA,0.114988567268423,0.380886407311989,False,up
WBGene00017280,0,1.0,PFBSA,-0.095430275655852,0.381239909566364,False,down
WBGene00003904,0,1.0,PFBSA,-0.117249475215957,0.381239909566364,False,down
WBGene00003238,0,0.9333333333333333,PFBSA,-0.0990394437655082,0.38304277752144,False,down
WBGene00009004,0,1.0,PFBSA,-0.110009017952033,0.383461290162597,False,down
WBGene00015472,0,1.0,PFBSA,-0.118368555229277,0.383590586603452,False,down
WBGene00007925,0,1.0,PFBSA,-0.202470821272643,0.383590586603452,False,down
WBGene00019819,0,0.9333333333333333,PFBSA,0.191997849413067,0.38364250773757,False,up
WBGene00022121,0,0.7,PFBSA,-0.0935426600815902,0.383824382745319,False,down
WBGene00012932,0,1.0,PFBSA,-0.104839968957886,0.386100615237632,False,down
WBGene00000891,0,1.0,PFBSA,-0.103303493461957,0.387926049842423,False,down
WBGene00018475,0,1.0,PFBSA,-0.105948775353855,0.389136508711411,False,down
WBGene00001233,0,1.0,PFBSA,-0.1137709572693,0.389197933610115,False,down
WBGene00012513,0,1.0,PFBSA,-0.157812468641767,0.389420746064259,False,down
WBGene00015075,0,1.0,PFBSA,-0.102590691152896,0.39215360825478,False,down
WBGene00008586,0,0.9333333333333333,PFBSA,-0.094378371434355,0.39278940585201,False,down
WBGene00021073,0,1.0,PFBSA,0.119824221152774,0.39346028196595,False,up
WBGene00016812,0,1.0,PFBSA,0.103296322636923,0.39676202475505,False,up
WBGene00001001,0,1.0,PFBSA,0.0923651396389923,0.398081337602982,False,up
WBGene00015104,0,1.0,PFBSA,0.106685661399367,0.400756747719148,False,up
WBGene00021044,0,1.0,PFBSA,-0.163257159311717,0.402458897562811,False,down
WBGene00008690,0,1.0,PFBSA,-0.162812244267007,0.40272482390025,False,down
WBGene00017989,0,1.0,PFBSA,0.107544197294319,0.404271933851075,False,up
WBGene00001983,0,1.0,PFBSA,0.140428048010998,0.406702832427453,False,up
WBGene00022117,0,1.0,PFBSA,-0.141362732510389,0.408537624993463,False,down
WBGene00012978,0,1.0,PFBSA,0.101486585363376,0.409558782044017,False,up
WBGene00021789,0,1.0,PFBSA,0.10195630908804,0.409973078668981,False,up
WBGene00020920,0,1.0,PFBSA,-0.170821094238779,0.410769573820107,False,down
WBGene00010437,0,1.0,PFBSA,-0.124404012814468,0.411117886042498,False,down
WBGene00019900,0,1.0,PFBSA,-0.0945813245605508,0.411733114285912,False,down
WBGene00022176,0,1.0,PFBSA,-0.14711194727644,0.412867286014687,False,down
WBGene00010032,0,1.0,PFBSA,-0.200517894010418,0.413411221354383,False,down
WBGene00009293,0,1.0,PFBSA,-0.23363973189252,0.414667977722093,False,down
WBGene00018181,0,1.0,PFBSA,-0.101571885754838,0.415118359760201,False,down
WBGene00010941,0,0.9666666666666667,PFBSA,-0.0889643510245173,0.416133964196307,False,down
WBGene00010858,0,0.9,PFBSA,-0.15454229741323,0.416205327302384,False,down
WBGene00020089,0,1.0,PFBSA,-0.15778256320189,0.416698047817951,False,down
WBGene00004764,0,0.9666666666666667,PFBSA,-0.149455301156741,0.416917669291818,False,down
WBGene00009128,0,1.0,PFBSA,-0.153716782157212,0.417362317236192,False,down
WBGene00003393,0,1.0,PFBSA,-0.0667242282222562,0.417958068837492,False,down
WBGene00302974,0,1.0,PFBSA,-0.185833630311387,0.418870317351707,False,down
WBGene00017360,0,1.0,PFBSA,-0.18489112939419,0.418940663539171,False,down
WBGene00019246,0,1.0,PFBSA,-0.09428831183523,0.421057651768236,False,down
WBGene00016057,0,1.0,PFBSA,-0.138594357707598,0.421811780186025,False,down
WBGene00009211,0,1.0,PFBSA,0.0902272940159522,0.422224131346828,False,up
WBGene00015329,0,1.0,PFBSA,-0.114736090749127,0.422288260378965,False,down
WBGene00016629,0,1.0,PFBSA,-0.177224340368572,0.422464164971128,False,down
WBGene00013143,0,1.0,PFBSA,0.125114444686964,0.422733783216558,False,up
WBGene00016313,0,1.0,PFBSA,-0.0888273633244768,0.422733783216558,False,down
WBGene00010984,0,1.0,PFBSA,-0.0833078369921176,0.424605389255961,False,down
WBGene00016113,0,1.0,PFBSA,-0.0873594046763542,0.425195729356857,False,down
WBGene00008409,0,1.0,PFBSA,-0.132945578096349,0.425573672075234,False,down
WBGene00009002,0,0.9666666666666667,PFBSA,-0.0990663939305676,0.426258418249503,False,down
WBGene00001309,0,1.0,PFBSA,-0.107645689895543,0.427325343574319,False,down
WBGene00009352,0,1.0,PFBSA,0.0959690595494055,0.427831230550279,False,up
WBGene00010624,0,1.0,PFBSA,-0.113691746261763,0.428320780240727,False,down
WBGene00000887,0,1.0,PFBSA,0.117297617639386,0.429276476869939,False,up
WBGene00004187,0,1.0,PFBSA,-0.0760009384686799,0.429376998654998,False,down
WBGene00019617,0,1.0,PFBSA,-0.116590637296675,0.429505049444725,False,down
WBGene00010905,0,1.0,PFBSA,0.116739591086972,0.43118793450717,False,up
WBGene00001630,0,1.0,PFBSA,0.0764042539242977,0.431230500933725,False,up
WBGene00006964,0,1.0,PFBSA,-0.118001483575169,0.431465104446346,False,down
WBGene00016067,0,1.0,PFBSA,-0.138451579722619,0.431465104446346,False,down
WBGene00017981,0,1.0,PFBSA,0.0854070070253766,0.432937772412296,False,up
WBGene00000836,0,1.0,PFBSA,-0.0885758336036395,0.433374468382074,False,down
WBGene00010502,0,0.9333333333333333,PFBSA,0.06154700728861,0.435685744554982,False,up
WBGene00022037,0,0.5333333333333333,PFBSA,-0.0913259901066277,0.436227775472813,False,down
WBGene00008414,0,0.5333333333333333,PFBSA,-0.0853724028950864,0.43704265252241,False,down
WBGene00012659,0,1.0,PFBSA,-0.0725844293686058,0.43741813588176,False,down
WBGene00010439,0,1.0,PFBSA,-0.11031241538189,0.437494738572683,False,down
WBGene00003587,0,1.0,PFBSA,-0.0962331397871239,0.438346331659426,False,down
WBGene00017798,0,1.0,PFBSA,0.20640142888281,0.438417626353718,False,up
WBGene00017435,0,1.0,PFBSA,0.0992120848326554,0.439386536325497,False,up
WBGene00011032,0,1.0,PFBSA,0.0939443726108492,0.439386536325497,False,up
WBGene00021950,0,0.9333333333333333,PFBSA,-0.102559599855811,0.441670102425467,False,down
WBGene00001258,0,1.0,PFBSA,-0.0726546719389526,0.44326300331833,False,down
WBGene00001834,0,1.0,PFBSA,-0.0858691337205289,0.444825346398922,False,down
WBGene00007731,0,0.9333333333333333,PFBSA,-0.165308182753131,0.444825346398922,False,down
WBGene00008781,0,1.0,PFBSA,0.122647815916476,0.44492153502777,False,up
WBGene00010645,0,1.0,PFBSA,-0.0849047150590323,0.44492153502777,False,down
WBGene00016062,0,1.0,PFBSA,-0.10225489399584,0.447187644791276,False,down
WBGene00016844,0,1.0,PFBSA,-0.109759700832703,0.447562408208895,False,down
WBGene00011253,0,1.0,PFBSA,-0.111613581175794,0.448009915450535,False,down
WBGene00018357,0,1.0,PFBSA,-0.111378432317519,0.448321947175843,False,down
WBGene00018340,0,1.0,PFBSA,-0.118203435565866,0.450612695279605,False,down
WBGene00004190,0,1.0,PFBSA,0.119994494926906,0.451513117623218,False,up
WBGene00008330,0,0.5666666666666667,PFBSA,-0.115385070950253,0.4520680196047,False,down
WBGene00004914,0,1.0,PFBSA,-0.104166435685221,0.452139048698534,False,down
WBGene00004888,0,1.0,PFBSA,-0.130867969161296,0.452597739034305,False,down
WBGene00007501,0,1.0,PFBSA,-0.156182846888253,0.453000485395127,False,down
WBGene00010909,0,1.0,PFBSA,-0.112256671377494,0.453530458487452,False,down
WBGene00008990,0,1.0,PFBSA,-0.0666771225801349,0.45365451262102,False,down
WBGene00017534,0,1.0,PFBSA,-0.0970011290205203,0.454037982635652,False,down
WBGene00000961,0,0.9333333333333333,PFBSA,-0.123194734985243,0.454472589895289,False,down
WBGene00016392,0,0.8666666666666667,PFBSA,-0.142049448344385,0.454708857181271,False,down
WBGene00022493,0,1.0,PFBSA,0.125316667906714,0.454932252940708,False,up
WBGene00003796,0,1.0,PFBSA,-0.06624291444346,0.455021481372181,False,down
WBGene00017348,0,1.0,PFBSA,-0.133581567481535,0.456132094168148,False,down
WBGene00022159,0,1.0,PFBSA,-0.11719992100978,0.456194926335616,False,down
WBGene00007712,0,1.0,PFBSA,-0.111662675718931,0.456211488332276,False,down
WBGene00003076,0,1.0,PFBSA,-0.109137201660998,0.456245914480763,False,down
WBGene00001166,0,1.0,PFBSA,-0.104995228080776,0.457071127694416,False,down
WBGene00004915,0,1.0,PFBSA,-0.108889338795178,0.457646965790512,False,down
WBGene00012904,0,0.8333333333333334,PFBSA,-0.102404695524453,0.459221259383587,False,down
WBGene00006723,0,1.0,PFBSA,-0.0956876339108202,0.462368576895487,False,down
WBGene00023409,0,1.0,PFBSA,-0.135426377130103,0.463751748788024,False,down
WBGene00000123,0,1.0,PFBSA,-0.066263409545355,0.46804499001244,False,down
WBGene00003939,0,0.8666666666666667,PFBSA,-0.141438710395488,0.468186896131935,False,down
WBGene00016118,0,1.0,PFBSA,-0.0751904299348257,0.470144908330884,False,down
WBGene00018897,0,1.0,PFBSA,-0.108254880034461,0.471584978763009,False,down
WBGene00189958,0,1.0,PFBSA,-0.179254951706191,0.472349115084681,False,down
WBGene00018161,0,1.0,PFBSA,-0.0646576696520281,0.474227071613685,False,down
WBGene00021082,0,0.9666666666666667,PFBSA,-0.249799885101411,0.474251171992985,False,down
WBGene00020027,0,1.0,PFBSA,-0.0963216602304477,0.475947757255929,False,down
WBGene00022458,0,1.0,PFBSA,-0.0828835603560507,0.476932466388874,False,down
WBGene00009921,0,1.0,PFBSA,-0.146010694939698,0.477022028156305,False,down
WBGene00007152,0,1.0,PFBSA,-0.24994351619632,0.477022028156305,False,down
WBGene00008514,0,1.0,PFBSA,0.0674114613918215,0.477857469774174,False,up
WBGene00007684,0,0.8666666666666667,PFBSA,-0.0898118275957649,0.478071254318313,False,down
WBGene00001209,0,1.0,PFBSA,-0.0753932261425197,0.478920966212268,False,down
WBGene00019800,0,1.0,PFBSA,-0.0978817443367818,0.479819822357436,False,down
WBGene00006432,0,1.0,PFBSA,-0.0852363198981713,0.482174356951492,False,down
WBGene00022832,0,1.0,PFBSA,-0.0784618652620286,0.482264535157163,False,down
WBGene00013131,0,1.0,PFBSA,-0.104897183454698,0.482471431770512,False,down
WBGene00015538,0,1.0,PFBSA,-0.21748513520076,0.482731939500563,False,down
WBGene00013038,0,1.0,PFBSA,-0.0787483931094704,0.485575062675371,False,down
WBGene00013006,0,1.0,PFBSA,-0.0807185270791467,0.485575062675371,False,down
WBGene00021813,0,1.0,PFBSA,-0.103334953145769,0.485575062675371,False,down
WBGene00001815,0,1.0,PFBSA,0.0858225268624881,0.486372265758907,False,up
WBGene00008422,0,1.0,PFBSA,-0.0698819449069579,0.487234346147929,False,down
WBGene00000424,0,0.9333333333333333,PFBSA,-0.073011026410041,0.487234346147929,False,down
WBGene00013237,0,1.0,PFBSA,-0.114603269522456,0.487512831445739,False,down
WBGene00007622,0,1.0,PFBSA,0.149682528379621,0.488153749546006,False,up
WBGene00017892,0,0.5333333333333333,PFBSA,0.14496904753813,0.488738539304072,False,up
WBGene00001226,0,1.0,PFBSA,-0.104097201379675,0.493804392100322,False,down
WBGene00001035,0,1.0,PFBSA,-0.0927509916353035,0.494222426748514,False,down
WBGene00011059,0,1.0,PFBSA,-0.124452575927522,0.496618490173666,False,down
WBGene00007436,0,1.0,PFBSA,-0.115445478299306,0.497214979307726,False,down
WBGene00020953,0,1.0,PFBSA,-0.102993305192502,0.497614148529055,False,down
WBGene00019893,0,0.9666666666666667,PFBSA,-0.0812752465843241,0.499413845836909,False,down
WBGene00013892,0,1.0,PFBSA,-0.088757445445783,0.500558148558716,False,down
WBGene00007107,0,1.0,PFBSA,-0.0928452373791254,0.500936034910458,False,down
WBGene00007001,0,1.0,PFBSA,-0.10366585562367,0.500936034910458,False,down
WBGene00016608,0,1.0,PFBSA,-0.092405838734779,0.501022148515254,False,down
WBGene00000080,0,0.5333333333333333,PFBSA,-0.074621005271002,0.501899217147665,False,down
WBGene00009922,0,0.9333333333333333,PFBSA,-0.0757872412769914,0.502858589668561,False,down
WBGene00021857,0,1.0,PFBSA,-0.0936054807875113,0.504260838918808,False,down
WBGene00021830,0,1.0,PFBSA,0.105934174115754,0.504398870095891,False,up
WBGene00019076,0,1.0,PFBSA,-0.0813199051694843,0.506591073290414,False,down
WBGene00010709,0,0.6333333333333333,PFBSA,0.0727194887018862,0.508139916446621,False,up
WBGene00017062,0,1.0,PFBSA,-0.0767468070247489,0.508139916446621,False,down
WBGene00019275,0,1.0,PFBSA,0.0713073896526424,0.508184273216724,False,up
WBGene00022013,0,0.8333333333333334,PFBSA,-0.209970273238206,0.508828228426672,False,down
WBGene00010042,0,1.0,PFBSA,0.11698370619964,0.508832590592739,False,up
WBGene00020687,0,1.0,PFBSA,-0.0886297336546502,0.508832590592739,False,down
WBGene00001661,0,1.0,PFBSA,0.0970601949395402,0.510026606142609,False,up
WBGene00001977,0,1.0,PFBSA,-0.093884710877595,0.510030194185961,False,down
WBGene00000159,0,1.0,PFBSA,-0.0948578247366448,0.510945467659718,False,down
WBGene00010118,0,0.9666666666666667,PFBSA,-0.308762001582695,0.512427766496735,False,down
WBGene00015021,0,0.9666666666666667,PFBSA,-0.080665605390953,0.517035033116653,False,down
WBGene00002804,0,1.0,PFBSA,-0.0769882641146997,0.519125331902221,False,down
WBGene00018512,0,1.0,PFBSA,0.0535567075195373,0.51955987711046,False,up
WBGene00013532,0,1.0,PFBSA,0.125145207438456,0.52084826213001,False,up
WBGene00002213,0,1.0,PFBSA,-0.0773374419577052,0.521092021070721,False,down
WBGene00021655,0,1.0,PFBSA,0.0952556892653881,0.521170474532094,False,up
WBGene00002123,0,0.9,PFBSA,-0.0612956505920318,0.521576043016514,False,down
WBGene00022350,0,1.0,PFBSA,-0.0748496368127616,0.521611040581512,False,down
WBGene00013075,0,1.0,PFBSA,-0.0840088108450399,0.521828609308189,False,down
WBGene00021512,0,1.0,PFBSA,0.0864833238945769,0.522474009622907,False,up
WBGene00011239,0,1.0,PFBSA,0.0948093308839793,0.523615569145868,False,up
WBGene00018341,0,1.0,PFBSA,-0.089220171281664,0.525190025625255,False,down
WBGene00044746,0,1.0,PFBSA,-0.144049296074356,0.526012314802404,False,down
WBGene00000196,0,1.0,PFBSA,0.0820250861325819,0.52677830625631,False,up
WBGene00010923,0,1.0,PFBSA,-0.0525780315378124,0.52677830625631,False,down
WBGene00022765,0,1.0,PFBSA,-0.146145346538552,0.528625912352481,False,down
WBGene00008431,0,0.7666666666666667,PFBSA,-0.0822527075072321,0.52865719648569,False,down
WBGene00001228,0,1.0,PFBSA,-0.0594916721452149,0.528708412250743,False,down
WBGene00003797,0,1.0,PFBSA,-0.0975982815564319,0.530090334365517,False,down
WBGene00008860,0,1.0,PFBSA,0.133156725561331,0.53017464250799,False,up
WBGene00000767,0,1.0,PFBSA,0.0775753350393619,0.530381941995721,False,up
WBGene00015554,0,1.0,PFBSA,-0.12167534882403,0.530620410225187,False,down
WBGene00011247,0,1.0,PFBSA,-0.0844109286238508,0.530696725806545,False,down
WBGene00003815,0,1.0,PFBSA,-0.0986738959413137,0.530696725806545,False,down
WBGene00012992,0,1.0,PFBSA,-0.0889162573414996,0.532328414621976,False,down
WBGene00015160,0,1.0,PFBSA,0.100245659714497,0.532410578247146,False,up
WBGene00007720,0,1.0,PFBSA,-0.0808742760660916,0.533007788692949,False,down
WBGene00018421,0,1.0,PFBSA,-0.0647683564227448,0.533463584877983,False,down
WBGene00018160,0,0.9666666666666667,PFBSA,-0.0596497838136039,0.535421670387011,False,down
WBGene00011759,0,1.0,PFBSA,-0.0731859568100088,0.536401815218088,False,down
WBGene00007952,0,1.0,PFBSA,-0.0548072691254898,0.536577012252546,False,down
WBGene00022394,0,1.0,PFBSA,-0.115532696210479,0.536599455086219,False,down
WBGene00022361,0,1.0,PFBSA,0.05551696406878,0.537249892684076,False,up
WBGene00008166,0,1.0,PFBSA,-0.0628518752150936,0.537257336877384,False,down
WBGene00012999,0,1.0,PFBSA,0.0823969397180493,0.537908060726385,False,up
WBGene00015916,0,1.0,PFBSA,-0.0845958597418344,0.538059756024011,False,down
WBGene00021248,0,1.0,PFBSA,-0.151701795475585,0.540114111579666,False,down
WBGene00003795,0,1.0,PFBSA,-0.0861038124480201,0.541141007846362,False,down
WBGene00015463,0,1.0,PFBSA,-0.0632772847560622,0.542467530131787,False,down
WBGene00004917,0,1.0,PFBSA,-0.0978472203969704,0.542473682975384,False,down
WBGene00000197,0,1.0,PFBSA,-0.0659271898451073,0.542708704867312,False,down
WBGene00020499,0,1.0,PFBSA,-0.100856665570862,0.5428157427711,False,down
WBGene00003790,0,1.0,PFBSA,-0.0735195539150972,0.542923935409623,False,down
WBGene00006672,0,1.0,PFBSA,-0.0779265556156745,0.543792324058551,False,down
WBGene00002850,0,1.0,PFBSA,0.076518155291031,0.54421905108563,False,up
WBGene00012652,0,1.0,PFBSA,0.106360697032722,0.545855291074044,False,up
WBGene00012474,0,1.0,PFBSA,0.0574697433070075,0.547016075581076,False,up
WBGene00009006,0,1.0,PFBSA,-0.0740070696310986,0.548295058110089,False,down
WBGene00000515,0,1.0,PFBSA,-0.079222876647527,0.54857265670731,False,down
WBGene00003062,0,1.0,PFBSA,0.130584784535887,0.549814694394928,False,up
WBGene00017746,0,1.0,PFBSA,-0.0801685649198034,0.551425387724135,False,down
WBGene00018007,0,1.0,PFBSA,-0.0603953995191237,0.5528097220888,False,down
WBGene00044323,0,1.0,PFBSA,-0.130752463986085,0.55430245128169,False,down
WBGene00008237,0,0.9666666666666667,PFBSA,-0.0693022906970313,0.556790177902526,False,down
WBGene00021475,0,1.0,PFBSA,-0.0764006688615445,0.556790177902526,False,down
WBGene00001259,0,0.9666666666666667,PFBSA,-0.05098578026804,0.557219377795195,False,down
WBGene00006308,0,0.8333333333333334,PFBSA,-0.191847953728014,0.55798628782228,False,down
WBGene00007587,0,1.0,PFBSA,0.0589646238346459,0.561302375058968,False,up
WBGene00002000,0,1.0,PFBSA,-0.0751967884353329,0.563116493294706,False,down
WBGene00021323,0,1.0,PFBSA,-0.0757520391552415,0.563336618167875,False,down
WBGene00021829,0,1.0,PFBSA,0.092340090905509,0.564207976979586,False,up
WBGene00000941,0,1.0,PFBSA,-0.107049033866704,0.565173769575962,False,down
WBGene00013983,0,1.0,PFBSA,0.0759533531506532,0.568804336241479,False,up
WBGene00006512,0,1.0,PFBSA,-0.0721078855124833,0.568865482751978,False,down
WBGene00013530,0,1.0,PFBSA,-0.059681752119465,0.569543748676236,False,down
WBGene00004248,0,1.0,PFBSA,0.0632797960621472,0.571756673856704,False,up
WBGene00004756,0,1.0,PFBSA,-0.0640154275350735,0.571866267174633,False,down
WBGene00002247,0,1.0,PFBSA,-0.0724202398597335,0.572559900452375,False,down
WBGene00195248,0,1.0,PFBSA,-0.154821424699763,0.572637986523503,False,down
WBGene00020718,0,1.0,PFBSA,0.0615600011594194,0.573353643581282,False,up
WBGene00013674,0,1.0,PFBSA,-0.0962909386450716,0.573353643581282,False,down
WBGene00010303,0,1.0,PFBSA,-0.105894292813878,0.574214936390932,False,down
WBGene00011761,0,1.0,PFBSA,-0.0605753916145641,0.5744311659622,False,down
WBGene00022072,0,1.0,PFBSA,-0.159155903740307,0.574628830547295,False,down
WBGene00016139,0,1.0,PFBSA,-0.0588964906763524,0.575043721189704,False,down
WBGene00004706,0,1.0,PFBSA,-0.0669608437046568,0.575370336594383,False,down
WBGene00011908,0,1.0,PFBSA,-0.114876088023294,0.577210170564554,False,down
WBGene00185048,0,0.9666666666666667,PFBSA,-0.100760190927668,0.579159951839011,False,down
WBGene00009981,0,1.0,PFBSA,0.131393788519416,0.579571201024856,False,up
WBGene00018391,0,1.0,PFBSA,-0.0838399192149641,0.582958516111274,False,down
WBGene00015245,0,1.0,PFBSA,0.0979217170514469,0.584060518270892,False,up
WBGene00008413,0,1.0,PFBSA,0.0686287982186087,0.584953326200775,False,up
WBGene00011856,0,0.5666666666666667,PFBSA,0.0834529219365696,0.585462312398824,False,up
WBGene00016607,0,1.0,PFBSA,0.10552062501895,0.586873075460831,False,up
WBGene00016606,0,1.0,PFBSA,-0.0672538295527128,0.588062806663568,False,down
WBGene00018961,0,1.0,PFBSA,-0.0794721442007491,0.588133241941621,False,down
WBGene00007488,0,1.0,PFBSA,0.099482641192062,0.590657085130932,False,up
WBGene00017119,0,0.9333333333333333,PFBSA,0.0865999612889689,0.591742744142374,False,up
WBGene00003143,0,1.0,PFBSA,-0.0687481445774409,0.592861221550684,False,down
WBGene00001027,0,1.0,PFBSA,0.0752252188102487,0.594991428253116,False,up
WBGene00006430,0,1.0,PFBSA,0.0896416672460902,0.595206584300337,False,up
WBGene00018893,0,1.0,PFBSA,0.0784252521815084,0.595206584300337,False,up
WBGene00000274,0,1.0,PFBSA,-0.0662148142861425,0.595248046498911,False,down
WBGene00013557,0,0.8333333333333334,PFBSA,-0.0476736522688431,0.596092546369133,False,down
WBGene00022722,0,0.5333333333333333,PFBSA,0.0682181361766586,0.597112416455728,False,up
WBGene00005036,0,0.5333333333333333,PFBSA,-0.157804129316298,0.597272869522136,False,down
WBGene00010582,0,1.0,PFBSA,0.0726426304958065,0.598114537985966,False,up
WBGene00018239,0,1.0,PFBSA,-0.0930670304558731,0.598118343288403,False,down
WBGene00021831,0,1.0,PFBSA,0.0429798212810142,0.59872337162174,False,up
WBGene00017749,0,1.0,PFBSA,0.0534650340457002,0.600309740158896,False,up
WBGene00012984,0,1.0,PFBSA,-0.10740419976091,0.600309740158896,False,down
WBGene00002127,0,1.0,PFBSA,-0.0769247515473504,0.602216215973753,False,down
WBGene00018366,0,1.0,PFBSA,-0.103898356551114,0.602216215973753,False,down
WBGene00016964,0,0.8333333333333334,PFBSA,-0.0581786776709451,0.602407340192366,False,down
WBGene00003477,0,1.0,PFBSA,-0.0619521333087455,0.604040973003201,False,down
WBGene00003836,0,1.0,PFBSA,-0.0849975620146315,0.606320778755492,False,down
WBGene00019543,0,1.0,PFBSA,-0.0521045327097626,0.608743683005451,False,down
WBGene00020422,0,0.9,PFBSA,0.0871095926483641,0.608971468947746,False,up
WBGene00006617,0,1.0,PFBSA,-0.0548430819319388,0.609957016738904,False,down
WBGene00001566,0,1.0,PFBSA,-0.0884783437391208,0.609957016738904,False,down
WBGene00020868,0,1.0,PFBSA,-0.0628720906190062,0.612349878220141,False,down
WBGene00018932,0,1.0,PFBSA,-0.0601393568975895,0.612543446785903,False,down
WBGene00017855,0,1.0,PFBSA,0.0883381844674804,0.612795385373354,False,up
WBGene00001774,0,1.0,PFBSA,-0.121672873254756,0.612795385373354,False,down
WBGene00022371,0,1.0,PFBSA,-0.0816434534623591,0.613082393148389,False,down
WBGene00010458,0,1.0,PFBSA,-0.0700352134114208,0.614337444137693,False,down
WBGene00006921,0,0.9666666666666667,PFBSA,-0.0628622649323359,0.614511555060521,False,down
WBGene00007623,0,1.0,PFBSA,0.0672071713575865,0.614819662479538,False,up
WBGene00012697,0,1.0,PFBSA,-0.0655525533565077,0.614819662479538,False,down
WBGene00007000,0,1.0,PFBSA,-0.0749013838761247,0.616030966777479,False,down
WBGene00000838,0,1.0,PFBSA,-0.0432404036857034,0.61661010058447,False,down
WBGene00020932,0,1.0,PFBSA,-0.0506234585712288,0.617980406964333,False,down
WBGene00021149,0,1.0,PFBSA,-0.0979493525921106,0.618243105837094,False,down
WBGene00019162,0,1.0,PFBSA,-0.0802764902893811,0.619398211166876,False,down
WBGene00006970,0,1.0,PFBSA,-0.0946817279421552,0.619578589621845,False,down
WBGene00018866,0,1.0,PFBSA,0.0655528663236632,0.622134172949732,False,up
WBGene00003082,0,1.0,PFBSA,-0.0774754493267178,0.623021605402773,False,down
WBGene00020442,0,0.9666666666666667,PFBSA,-0.059018336932384,0.624038403428623,False,down
WBGene00011272,0,1.0,PFBSA,-0.086884366008933,0.624339098440308,False,down
WBGene00013803,0,0.9666666666666667,PFBSA,-0.0389325336543919,0.626699606895217,False,down
WBGene00018769,0,1.0,PFBSA,-0.090780815464586,0.626790060870307,False,down
WBGene00001790,0,1.0,PFBSA,-0.113156522224287,0.627060576499805,False,down
WBGene00003130,0,1.0,PFBSA,0.0485547527954162,0.627835632453344,False,up
WBGene00003241,0,1.0,PFBSA,-0.0630793841120524,0.630213734597129,False,down
WBGene00010560,0,1.0,PFBSA,-0.0635012036519245,0.630403693625321,False,down
WBGene00007556,0,1.0,PFBSA,-0.0555050882555056,0.631407565866294,False,down
WBGene00014114,0,0.8666666666666667,PFBSA,0.058646601836745,0.633078278912084,False,up
WBGene00012830,0,1.0,PFBSA,-0.110940067274069,0.637433692917106,False,down
WBGene00006396,0,1.0,PFBSA,-0.074989984183161,0.64029454169156,False,down
WBGene00006882,0,0.9,PFBSA,-0.0648147624527782,0.641668904388446,False,down
WBGene00001638,0,0.9333333333333333,PFBSA,-0.0616568765008627,0.642202349848392,False,down
WBGene00004704,0,1.0,PFBSA,-0.0523940223050833,0.64661448796934,False,down
WBGene00008806,0,1.0,PFBSA,-0.0641234049542967,0.646680687403138,False,down
WBGene00013343,0,1.0,PFBSA,-0.0382492688649414,0.648211240980872,False,down
WBGene00003026,0,1.0,PFBSA,-0.0414943679834741,0.649093744372882,False,down
WBGene00018015,0,1.0,PFBSA,-0.0923790331000201,0.649243387431121,False,down
WBGene00009395,0,1.0,PFBSA,0.164140247368243,0.649542177430953,False,up
WBGene00008768,0,1.0,PFBSA,-0.0716294682680134,0.649917713432175,False,down
WBGene00017969,0,1.0,PFBSA,-0.0923752714664174,0.65025625472686,False,down
WBGene00006666,0,1.0,PFBSA,-0.0942460919072007,0.650967335968984,False,down
WBGene00020296,0,1.0,PFBSA,0.0746995422713205,0.651478251833812,False,up
WBGene00006613,0,1.0,PFBSA,0.0656661408798996,0.652240691645449,False,up
WBGene00019241,0,1.0,PFBSA,0.0578915131512016,0.653246898404316,False,up
WBGene00010160,0,1.0,PFBSA,-0.0538681501173923,0.653290683964105,False,down
WBGene00018967,0,1.0,PFBSA,-0.0588244298237748,0.653941023562105,False,down
WBGene00000382,0,0.9666666666666667,PFBSA,-0.0681901989380043,0.654422688804228,False,down
WBGene00012126,0,1.0,PFBSA,-0.0669858793503694,0.655302852530586,False,down
WBGene00019537,0,1.0,PFBSA,-0.0761543023987707,0.655664954945033,False,down
WBGene00077526,0,1.0,PFBSA,0.096148635815573,0.655851651564918,False,up
WBGene00018240,0,1.0,PFBSA,-0.143557492290213,0.662348019773433,False,down
WBGene00007128,0,0.9,PFBSA,-0.106080257927477,0.663019328378598,False,down
WBGene00020037,0,1.0,PFBSA,-0.0667605769110145,0.663825439177825,False,down
WBGene00017769,0,1.0,PFBSA,0.0609618302417802,0.665077295610455,False,up
WBGene00009092,0,1.0,PFBSA,-0.0685197957648971,0.665737410671697,False,down
WBGene00018305,0,1.0,PFBSA,0.0633434266359895,0.666555141002888,False,up
WBGene00001744,0,1.0,PFBSA,-0.0530201593661863,0.666913504411465,False,down
WBGene00012018,0,1.0,PFBSA,-0.0827334779157531,0.667069257263582,False,down
WBGene00002256,0,1.0,PFBSA,-0.0769949238478921,0.66988659107643,False,down
WBGene00011037,0,1.0,PFBSA,-0.0685469528973461,0.670367598345471,False,down
WBGene00010622,0,0.9333333333333333,PFBSA,-0.0430046634006458,0.670565816281421,False,down
WBGene00006601,0,1.0,PFBSA,-0.0478810062154141,0.672021626769323,False,down
WBGene00006438,0,0.7,PFBSA,0.0384930410119323,0.672221012277901,False,up
WBGene00007564,0,1.0,PFBSA,-0.0868460873589463,0.673681407093193,False,down
WBGene00019498,0,1.0,PFBSA,-0.0760114199639134,0.673717044762111,False,down
WBGene00015486,0,1.0,PFBSA,0.0676362640736079,0.674255623691085,False,up
WBGene00013376,0,1.0,PFBSA,-0.0711191391206409,0.676383795379819,False,down
WBGene00020600,0,1.0,PFBSA,0.0600728820272203,0.677883874494196,False,up
WBGene00010537,0,0.9333333333333333,PFBSA,-0.0576143093279491,0.679566266741773,False,down
WBGene00018827,0,1.0,PFBSA,-0.0755110070724856,0.679566266741773,False,down
WBGene00021841,0,1.0,PFBSA,-0.0702346757079761,0.68017941791364,False,down
WBGene00008215,0,0.9,PFBSA,0.0652796905057748,0.681625021661052,False,up
WBGene00004411,0,1.0,PFBSA,0.039623004926533,0.681625021661052,False,up
WBGene00016412,0,1.0,PFBSA,-0.0532066216540466,0.68387145262984,False,down
WBGene00001645,0,0.5333333333333333,PFBSA,-0.0389421758253366,0.685539995332959,False,down
WBGene00000890,0,1.0,PFBSA,-0.0638492705392274,0.685748455201452,False,down
WBGene00003119,0,1.0,PFBSA,-0.064320122004826,0.685765228494228,False,down
WBGene00022388,0,1.0,PFBSA,0.0375831928256418,0.686400118931408,False,up
WBGene00021844,0,1.0,PFBSA,-0.0574971764310923,0.686400118931408,False,down
WBGene00010812,0,1.0,PFBSA,-0.0762239901973617,0.688014843891819,False,down
WBGene00002273,0,0.9333333333333333,PFBSA,0.0730470570453713,0.689161667609834,False,up
WBGene00000962,0,1.0,PFBSA,-0.0413184276236177,0.689161667609834,False,down
WBGene00023422,0,1.0,PFBSA,-0.067274473276845,0.68938603617539,False,down
WBGene00017237,0,1.0,PFBSA,-0.0604144937384342,0.689628982722161,False,down
WBGene00012665,0,1.0,PFBSA,-0.0437926351956872,0.692507541385897,False,down
WBGene00007724,0,1.0,PFBSA,-0.0868548544780451,0.692798167085473,False,down
WBGene00007859,0,1.0,PFBSA,-0.066555520296238,0.694477009229307,False,down
WBGene00044321,0,1.0,PFBSA,0.0433078655513219,0.694691580914255,False,up
WBGene00001229,0,1.0,PFBSA,0.0415609273371673,0.695874593354816,False,up
WBGene00009132,0,1.0,PFBSA,0.072854306354125,0.697490234486296,False,up
WBGene00020936,0,1.0,PFBSA,-0.0486639905523522,0.697504731446367,False,down
WBGene00009713,0,0.8666666666666667,PFBSA,-0.101983418682542,0.697627583953886,False,down
WBGene00012676,0,1.0,PFBSA,0.0670328057905825,0.699002924831764,False,up
WBGene00001029,0,1.0,PFBSA,-0.0735671149749743,0.699002924831764,False,down
WBGene00012184,0,1.0,PFBSA,-0.082544702459329,0.699519394674745,False,down
WBGene00021752,0,1.0,PFBSA,-0.0447190468902165,0.699532643423716,False,down
WBGene00015635,0,1.0,PFBSA,-0.0463865575989491,0.699785702568293,False,down
WBGene00011391,0,1.0,PFBSA,-0.0585626383974283,0.70020767010201,False,down
WBGene00022851,0,1.0,PFBSA,-0.0673333958892373,0.700789580225174,False,down
WBGene00021347,0,1.0,PFBSA,-0.0833291495947072,0.701043335130218,False,down
WBGene00016653,0,1.0,PFBSA,0.0680682387574549,0.701907374239159,False,up
WBGene00002238,0,1.0,PFBSA,-0.0556434558081584,0.702508681588007,False,down
WBGene00012483,0,1.0,PFBSA,-0.0709043382380165,0.702508681588007,False,down
WBGene00011806,0,0.9333333333333333,PFBSA,-0.0470555601806804,0.702630100488047,False,down
WBGene00014120,0,1.0,PFBSA,0.0619960597904188,0.702757356712307,False,up
WBGene00002077,0,1.0,PFBSA,0.0561057653507965,0.702757356712307,False,up
WBGene00013268,0,1.0,PFBSA,-0.0595101394876536,0.703412862304227,False,down
WBGene00022381,0,1.0,PFBSA,-0.0477327679206135,0.703920273622092,False,down
WBGene00016790,0,1.0,PFBSA,-0.0821328555923885,0.705062408915073,False,down
WBGene00022830,0,1.0,PFBSA,0.0526258989394824,0.70674381749453,False,up
WBGene00011139,0,0.9333333333333333,PFBSA,-0.10787110255372,0.708760425062596,False,down
WBGene00012995,0,1.0,PFBSA,-0.0377877401122543,0.710989765726421,False,down
WBGene00000148,0,1.0,PFBSA,-0.0481016230962722,0.711708358334605,False,down
WBGene00021845,0,1.0,PFBSA,-0.0483600052710953,0.715769435300881,False,down
WBGene00013458,0,1.0,PFBSA,-0.0506435772019845,0.716553699855953,False,down
WBGene00006489,0,1.0,PFBSA,0.049665178359988,0.717906269825,False,up
WBGene00022138,0,0.7333333333333333,PFBSA,0.0453954087587284,0.719065463571853,False,up
WBGene00020796,0,0.9333333333333333,PFBSA,-0.0460582155421833,0.719065463571853,False,down
WBGene00006518,0,1.0,PFBSA,-0.0416824993232306,0.719073213585809,False,down
WBGene00012997,0,1.0,PFBSA,-0.0501922897248336,0.719073213585809,False,down
WBGene00006473,0,1.0,PFBSA,-0.055497386652942,0.719494921596516,False,down
WBGene00043156,0,1.0,PFBSA,-0.0451122733468992,0.720072811349706,False,down
WBGene00015145,0,0.5333333333333333,PFBSA,0.0537498524153822,0.721277280186877,False,up
WBGene00012094,0,1.0,PFBSA,-0.0741029866378242,0.722260915116925,False,down
WBGene00000874,0,0.9666666666666667,PFBSA,-0.0328446204717912,0.72339429724544,False,down
WBGene00000005,0,1.0,PFBSA,0.151346952838975,0.723809993475604,False,up
WBGene00006715,0,0.8666666666666667,PFBSA,-0.0402392830844863,0.725349539963388,False,down
WBGene00020558,0,0.5333333333333333,PFBSA,-0.0448386823723832,0.725368945524564,False,down
WBGene00004782,0,0.9333333333333333,PFBSA,-0.0466350167766804,0.725556298265396,False,down
WBGene00185067,0,1.0,PFBSA,-0.0677035384758606,0.729760803335012,False,down
WBGene00006491,0,1.0,PFBSA,-0.0690549978384875,0.729768879567852,False,down
WBGene00004975,0,1.0,PFBSA,-0.0614295489286742,0.731070662315422,False,down
WBGene00002066,0,1.0,PFBSA,-0.0397435331105657,0.731138765748323,False,down
WBGene00020348,0,1.0,PFBSA,-0.0589257405343187,0.731448385244442,False,down
WBGene00016014,0,1.0,PFBSA,-0.0404145519062237,0.731976543058684,False,down
WBGene00006924,0,1.0,PFBSA,-0.0419713125675056,0.732481652105249,False,down
WBGene00006437,0,1.0,PFBSA,-0.0319111100602659,0.73413035402023,False,down
WBGene00021277,0,1.0,PFBSA,0.0528077873818768,0.734473562140142,False,up
WBGene00007685,0,0.9333333333333333,PFBSA,0.061649202967145,0.734684426086408,False,up
WBGene00013880,0,1.0,PFBSA,0.0408776278561838,0.734862986235316,False,up
WBGene00002081,0,0.9333333333333333,PFBSA,-0.0330647520877334,0.734976241292644,False,down
WBGene00010307,0,1.0,PFBSA,-0.0383886648247526,0.738062854532771,False,down
WBGene00022174,0,1.0,PFBSA,0.0404500950748564,0.738286374662331,False,up
WBGene00000774,0,1.0,PFBSA,-0.048125671746674,0.740136844110619,False,down
WBGene00009123,0,1.0,PFBSA,-0.0698351000843448,0.740136844110619,False,down
WBGene00004787,0,0.9666666666666667,PFBSA,-0.0750734677672317,0.740136844110619,False,down
WBGene00001225,0,1.0,PFBSA,-0.0258399498314629,0.742176598681438,False,down
WBGene00020717,0,1.0,PFBSA,0.0466650560977584,0.742226415319697,False,up
WBGene00002134,0,0.9,PFBSA,-0.0542091009305376,0.74386048891273,False,down
WBGene00020511,0,1.0,PFBSA,-0.0262705802563745,0.745483796426138,False,down
WBGene00021476,0,0.8666666666666667,PFBSA,-0.0694320372615329,0.745786365790934,False,down
WBGene00006958,0,1.0,PFBSA,-0.0370654776776334,0.745802129476676,False,down
WBGene00001151,0,1.0,PFBSA,0.0530678276498432,0.746266874932324,False,up
WBGene00000235,0,1.0,PFBSA,-0.050619955345987,0.746996309591847,False,down
WBGene00022235,0,1.0,PFBSA,-0.0295012123450358,0.749198428841323,False,down
WBGene00004214,0,1.0,PFBSA,-0.0367838982404171,0.750093753284619,False,down
WBGene00016913,0,1.0,PFBSA,-0.0379925785615026,0.750419998440836,False,down
WBGene00020902,0,1.0,PFBSA,-0.0546402496680354,0.750419998440836,False,down
WBGene00010230,0,1.0,PFBSA,-0.0638955351421914,0.751853339756809,False,down
WBGene00022425,0,1.0,PFBSA,0.0298504037537708,0.752067511396272,False,up
WBGene00022835,0,0.7,PFBSA,-0.0559805696184459,0.752067511396272,False,down
WBGene00006736,0,1.0,PFBSA,0.0344771313873123,0.753972009465634,False,up
WBGene00017999,0,1.0,PFBSA,-0.0634725347482631,0.754718308615614,False,down
WBGene00004978,0,1.0,PFBSA,0.048200557615705,0.756049180042481,False,up
WBGene00009274,0,1.0,PFBSA,-0.0571392488040513,0.757459128709825,False,down
WBGene00003577,0,1.0,PFBSA,-0.0634108892971982,0.757950206039105,False,down
WBGene00018210,0,1.0,PFBSA,-0.0572700173138004,0.759075593213414,False,down
WBGene00017768,0,1.0,PFBSA,0.0339635954421499,0.75948080263362,False,up
WBGene00013339,0,1.0,PFBSA,-0.0369083062996245,0.759734383949685,False,down
WBGene00022420,0,1.0,PFBSA,-0.0383301020713601,0.764474502312272,False,down
WBGene00012423,0,0.8333333333333334,PFBSA,-0.0394027370524421,0.765868177959435,False,down
WBGene00010627,0,1.0,PFBSA,0.0513006942295479,0.767639172661422,False,up
WBGene00011281,0,1.0,PFBSA,-0.0369976942825872,0.768583813410476,False,down
WBGene00017300,0,1.0,PFBSA,-0.0578514075002822,0.768583813410476,False,down
WBGene00008405,0,0.9333333333333333,PFBSA,-0.0304158699544681,0.768876578085148,False,down
WBGene00007312,0,1.0,PFBSA,-0.0558354565055008,0.769045846729665,False,down
WBGene00012192,0,1.0,PFBSA,-0.0566781188682819,0.769363154794343,False,down
WBGene00013531,0,1.0,PFBSA,-0.0705937225295303,0.769737553424161,False,down
WBGene00001230,0,1.0,PFBSA,-0.0291025506831271,0.771651524706054,False,down
WBGene00007504,0,0.9666666666666667,PFBSA,0.0500584499808712,0.771960774725881,False,up
WBGene00003037,0,1.0,PFBSA,-0.0529493279667972,0.772362344802176,False,down
WBGene00022148,0,1.0,PFBSA,0.0447105694378123,0.772924157381023,False,up
WBGene00007207,0,1.0,PFBSA,-0.0384909376434636,0.774558638891719,False,down
WBGene00019245,0,0.9333333333333333,PFBSA,-0.040047413354375,0.774931551478002,False,down
WBGene00004050,0,0.7,PFBSA,0.0393773000882202,0.776304404180516,False,up
WBGene00004014,0,1.0,PFBSA,-0.0459470605974051,0.77676678141385,False,down
WBGene00012896,0,1.0,PFBSA,0.0308578243038054,0.777646065292164,False,up
WBGene00021854,0,1.0,PFBSA,-0.031333908935552,0.777681819345142,False,down
WBGene00012341,0,1.0,PFBSA,0.0335080734019508,0.778630680559103,False,up
WBGene00009078,0,0.9666666666666667,PFBSA,-0.0637504725054507,0.778630680559103,False,down
WBGene00002135,0,0.5333333333333333,PFBSA,-0.0475209148640711,0.780442552528566,False,down
WBGene00012555,0,1.0,PFBSA,-0.0338809668500375,0.7805936964826,False,down
WBGene00021816,0,1.0,PFBSA,-0.0415131463823269,0.780849536329515,False,down
WBGene00018593,0,1.0,PFBSA,-0.0436162190289086,0.780886082654616,False,down
WBGene00022057,0,1.0,PFBSA,-0.0399383604020632,0.781025802876621,False,down
WBGene00007387,0,1.0,PFBSA,0.0593262284778216,0.782882081524737,False,up
WBGene00021276,0,1.0,PFBSA,0.0463801075995563,0.78412165362918,False,up
WBGene00017997,0,1.0,PFBSA,-0.029793438245455,0.784378530330896,False,down
WBGene00010478,0,1.0,PFBSA,0.0470468825808701,0.789201549684207,False,up
WBGene00004752,0,0.9333333333333333,PFBSA,-0.0305092094868427,0.789201549684207,False,down
WBGene00001406,0,0.8666666666666667,PFBSA,-0.0506302986959154,0.790054671234076,False,down
WBGene00022134,0,1.0,PFBSA,-0.0299976100127943,0.792682401319078,False,down
WBGene00007615,0,1.0,PFBSA,0.0664012703067397,0.792809442066488,False,up
WBGene00012000,0,1.0,PFBSA,-0.0341503250531739,0.795742901901886,False,down
WBGene00045433,0,1.0,PFBSA,0.042602021755832,0.796484952037733,False,up
WBGene00009254,0,1.0,PFBSA,-0.0264639511825901,0.79689307173755,False,down
WBGene00302978,0,1.0,PFBSA,-0.0448538008032042,0.797987641861763,False,down
WBGene00019680,0,1.0,PFBSA,-0.0422382030973056,0.801685316046638,False,down
WBGene00001337,0,1.0,PFBSA,-0.0270733328374853,0.802195354635217,False,down
WBGene00020113,0,1.0,PFBSA,-0.0375150644487032,0.804250385607884,False,down
WBGene00006061,0,1.0,PFBSA,0.0321976075921194,0.807330780229173,False,up
WBGene00006574,0,1.0,PFBSA,-0.0500536289484476,0.807949259174503,False,down
WBGene00007784,0,1.0,PFBSA,-0.0324779615342882,0.810775680855235,False,down
WBGene00013435,0,1.0,PFBSA,0.034117502571608,0.811256564396012,False,up
WBGene00021686,0,1.0,PFBSA,0.0291520374656534,0.811542658645022,False,up
WBGene00010557,0,0.9333333333333333,PFBSA,0.0461556456765647,0.811954084295487,False,up
WBGene00016002,0,1.0,PFBSA,0.0319255644392038,0.811995200816033,False,up
WBGene00019544,0,1.0,PFBSA,-0.0348303056231645,0.813107108746887,False,down
WBGene00015461,0,1.0,PFBSA,-0.0347467258745495,0.813540791820032,False,down
WBGene00020719,0,1.0,PFBSA,-0.0241460805158762,0.814460389266442,False,down
WBGene00003406,0,1.0,PFBSA,-0.0335515500527978,0.821419354228932,False,down
WBGene00008714,0,1.0,PFBSA,-0.0441979020033833,0.822920336995165,False,down
WBGene00022232,0,1.0,PFBSA,-0.0496256541707272,0.823048026214162,False,down
WBGene00017356,0,1.0,PFBSA,0.0440447118329673,0.824419396397496,False,up
WBGene00000765,0,1.0,PFBSA,0.0375888083150679,0.827247309505571,False,up
WBGene00011017,0,1.0,PFBSA,-0.0471159634591573,0.827450747386532,False,down
WBGene00007062,0,1.0,PFBSA,-0.041372920246339,0.828903399690625,False,down
WBGene00003415,0,1.0,PFBSA,0.0239190675594034,0.831128045249829,False,up
WBGene00021840,0,0.9333333333333333,PFBSA,-0.0389291723899414,0.831514880016338,False,down
WBGene00021441,0,1.0,PFBSA,0.0727777997825807,0.832680562174498,False,up
WBGene00044916,0,1.0,PFBSA,-0.033462463716681,0.83297171681243,False,down
WBGene00003804,0,1.0,PFBSA,-0.0282568104532716,0.833176886031562,False,down
WBGene00012977,0,1.0,PFBSA,-0.0261977794623992,0.835051535997879,False,down
WBGene00003066,0,1.0,PFBSA,0.0393107085083024,0.835987492110588,False,up
WBGene00007101,0,1.0,PFBSA,0.0360985096908147,0.837510142765037,False,up
WBGene00007017,0,1.0,PFBSA,0.0286350523905286,0.837807400194146,False,up
WBGene00019678,0,1.0,PFBSA,0.0336720164361843,0.839850772719595,False,up
WBGene00014205,0,1.0,PFBSA,-0.0468847309488758,0.840094713183974,False,down
WBGene00008877,0,0.5333333333333333,PFBSA,0.0346667986901889,0.840523658749086,False,up
WBGene00010364,0,0.9666666666666667,PFBSA,-0.035322254988949,0.841606305439709,False,down
WBGene00021636,0,1.0,PFBSA,-0.0312003160931374,0.84204012543221,False,down
WBGene00021920,0,1.0,PFBSA,0.0269248091945294,0.84258203948855,False,up
WBGene00021932,0,1.0,PFBSA,-0.0366036584493661,0.84258203948855,False,down
WBGene00005194,0,0.5666666666666667,PFBSA,-0.108372869609588,0.843105106497485,False,down
WBGene00021548,0,0.9333333333333333,PFBSA,-0.036497840037489,0.844088403774679,False,down
WBGene00001227,0,1.0,PFBSA,-0.0288205820796409,0.846976865646163,False,down
WBGene00002046,0,1.0,PFBSA,-0.0316524753495828,0.85132602839304,False,down
WBGene00011058,0,1.0,PFBSA,-0.026257818904448,0.851344999949119,False,down
WBGene00008123,0,1.0,PFBSA,-0.032540367497772,0.851515647334526,False,down
WBGene00011408,0,1.0,PFBSA,0.0343517750071857,0.852596349497427,False,up
WBGene00006393,0,1.0,PFBSA,-0.038177006699245,0.853443196932804,False,down
WBGene00003787,0,1.0,PFBSA,0.0222751909938513,0.854476809324254,False,up
WBGene00015391,0,0.5333333333333333,PFBSA,-0.0246834505450439,0.854664759285579,False,down
WBGene00013151,0,1.0,PFBSA,-0.0429865431936838,0.855234241450266,False,down
WBGene00010701,0,1.0,PFBSA,0.0227882519867119,0.85602323681896,False,up
WBGene00013601,0,1.0,PFBSA,-0.0229253953008549,0.85602323681896,False,down
WBGene00011144,0,1.0,PFBSA,-0.0185644893770677,0.856096818881211,False,down
WBGene00007943,0,1.0,PFBSA,0.0249851339730466,0.856217559480392,False,up
WBGene00003882,0,1.0,PFBSA,0.027582600526413,0.85641998535393,False,up
WBGene00017797,0,1.0,PFBSA,0.0257906916038892,0.85641998535393,False,up
WBGene00004371,0,1.0,PFBSA,-0.0225666251862694,0.856747861234317,False,down
WBGene00022046,0,1.0,PFBSA,-0.0456082226235194,0.857173288390225,False,down
WBGene00012714,0,1.0,PFBSA,-0.0308159632242396,0.858926970889793,False,down
WBGene00023419,0,1.0,PFBSA,-0.0393220773822182,0.859118240929799,False,down
WBGene00012953,0,1.0,PFBSA,0.0468332485124485,0.86066708419157,False,up
WBGene00012316,0,1.0,PFBSA,-0.0339569245868196,0.860938520110786,False,down
WBGene00007686,0,1.0,PFBSA,0.0342434873715151,0.863353308860523,False,up
WBGene00006490,0,1.0,PFBSA,0.0211527282569595,0.863353308860523,False,up
WBGene00009276,0,1.0,PFBSA,-0.0248085998798454,0.863353308860523,False,down
WBGene00004343,0,1.0,PFBSA,0.0208596844446281,0.866081395204145,False,up
WBGene00006888,0,1.0,PFBSA,0.0176508931929298,0.866820968997527,False,up
WBGene00019717,0,0.7666666666666667,PFBSA,-0.0365922823962716,0.866824959420543,False,down
WBGene00002025,0,1.0,PFBSA,-0.05138686436701,0.867043816978449,False,down
WBGene00017924,0,1.0,PFBSA,-0.03970377530312,0.868065748304234,False,down
WBGene00018904,0,1.0,PFBSA,0.0312807079658367,0.86818962290112,False,up
WBGene00045483,0,1.0,PFBSA,-0.0238600665120049,0.869789971314694,False,down
WBGene00002028,0,1.0,PFBSA,0.0224013221558141,0.873940887964585,False,up
WBGene00022022,0,1.0,PFBSA,-0.0362704651070116,0.874838843039267,False,down
WBGene00022564,0,0.9666666666666667,PFBSA,-0.0634045010611907,0.875657010507397,False,down
WBGene00002076,0,1.0,PFBSA,-0.0212692129861416,0.877756148285756,False,down
WBGene00015803,0,1.0,PFBSA,-0.0256003219234092,0.878124394389853,False,down
WBGene00020915,0,1.0,PFBSA,0.0307528323919142,0.87902932577545,False,up
WBGene00011803,0,1.0,PFBSA,0.0522826880791237,0.879243706539336,False,up
WBGene00008397,0,1.0,PFBSA,0.0194569449555888,0.879243706539336,False,up
WBGene00009734,0,1.0,PFBSA,0.037738162665472,0.880041771117289,False,up
WBGene00007444,0,1.0,PFBSA,-0.021529955429734,0.883962763312449,False,down
WBGene00019380,0,1.0,PFBSA,0.0296999422951024,0.884197641760128,False,up
WBGene00013324,0,1.0,PFBSA,-0.0266115673877501,0.884350422644511,False,down
WBGene00015915,0,1.0,PFBSA,0.0263148282662811,0.88486994314857,False,up
WBGene00016446,0,0.9333333333333333,PFBSA,-0.0231423106283103,0.885153483604342,False,down
WBGene00002083,0,1.0,PFBSA,-0.0334248157354018,0.885305516283715,False,down
WBGene00011688,0,1.0,PFBSA,-0.0201798528200517,0.88632051856551,False,down
WBGene00015425,0,1.0,PFBSA,0.0272749419394402,0.886419272384391,False,up
WBGene00004015,0,1.0,PFBSA,0.0250679949962348,0.886928321171001,False,up
WBGene00004355,0,1.0,PFBSA,-0.0187293803487268,0.886928321171001,False,down
WBGene00044344,0,1.0,PFBSA,-0.0253329684226568,0.887395084438075,False,down
WBGene00017004,0,0.9666666666666667,PFBSA,-0.0175875942267833,0.887782950069099,False,down
WBGene00020691,0,1.0,PFBSA,-0.0507003765263511,0.888242490322002,False,down
WBGene00020682,0,1.0,PFBSA,0.0141865922101344,0.88845409377738,False,up
WBGene00020950,0,0.9333333333333333,PFBSA,0.011312025052451,0.891063923550434,False,up
WBGene00007194,0,1.0,PFBSA,0.0284136138231174,0.891836523769816,False,up
WBGene00003800,0,1.0,PFBSA,-0.0142447608567533,0.893705255064175,False,down
WBGene00022153,0,1.0,PFBSA,-0.0187257291891133,0.893705255064175,False,down
WBGene00008769,0,1.0,PFBSA,-0.0268766651050267,0.89494310301694,False,down
WBGene00015941,0,1.0,PFBSA,0.0280288071569031,0.895824252149417,False,up
WBGene00021425,0,1.0,PFBSA,0.0264190847100547,0.895824252149417,False,up
WBGene00022373,0,1.0,PFBSA,0.0240583032303134,0.895824252149417,False,up
WBGene00010161,0,0.9666666666666667,PFBSA,0.0212784499980376,0.895824252149417,False,up
WBGene00007028,0,1.0,PFBSA,0.0185839383957607,0.895824252149417,False,up
WBGene00001650,0,1.0,PFBSA,-0.0188755569202976,0.895824252149417,False,down
WBGene00001231,0,1.0,PFBSA,-0.0205766871196505,0.895824252149417,False,down
WBGene00009404,0,1.0,PFBSA,0.0420137560763159,0.895843021374436,False,up
WBGene00018960,0,1.0,PFBSA,-0.0240143170779867,0.896603237212377,False,down
WBGene00011740,0,1.0,PFBSA,-0.0184180156527995,0.896778364661473,False,down
WBGene00006572,0,1.0,PFBSA,0.0259636556164734,0.898197805406664,False,up
WBGene00012950,0,1.0,PFBSA,-0.0230740663705675,0.898197805406664,False,down
WBGene00012342,0,1.0,PFBSA,-0.0166665696870435,0.898516333432626,False,down
WBGene00002005,0,0.9,PFBSA,-0.0201292876767042,0.898516333432626,False,down
WBGene00022180,0,1.0,PFBSA,-0.0197684227145401,0.900697259204732,False,down
WBGene00045078,0,1.0,PFBSA,-0.0360234498134449,0.90225406792709,False,down
WBGene00006359,0,1.0,PFBSA,0.0228678482253648,0.903168529449873,False,up
WBGene00017319,0,1.0,PFBSA,0.0190400899180273,0.903827789426974,False,up
WBGene00008458,0,1.0,PFBSA,-0.0227814388937349,0.904037283617646,False,down
WBGene00002152,0,1.0,PFBSA,0.0140623969616511,0.905137388502103,False,up
WBGene00010847,0,1.0,PFBSA,-0.0157532820004649,0.905570152347703,False,down
WBGene00015133,0,1.0,PFBSA,-0.019683521647224,0.905829745189227,False,down
WBGene00009944,0,1.0,PFBSA,0.0202414015306192,0.907466265716015,False,up
WBGene00018762,0,1.0,PFBSA,0.0245970221860627,0.907838767005306,False,up
WBGene00008639,0,1.0,PFBSA,-0.021704140569022,0.908382701013958,False,down
WBGene00022531,0,1.0,PFBSA,-0.0160756988542977,0.908542962706412,False,down
WBGene00012738,0,1.0,PFBSA,-0.0193740243175432,0.908542962706412,False,down
WBGene00010896,0,1.0,PFBSA,-0.0293168616667549,0.908997385545361,False,down
WBGene00016129,0,1.0,PFBSA,0.0247000431940182,0.909006004154613,False,up
WBGene00000202,0,1.0,PFBSA,0.0256045138399939,0.910501310381478,False,up
WBGene00002001,0,1.0,PFBSA,0.0134005347191593,0.910501310381478,False,up
WBGene00022672,0,1.0,PFBSA,-0.0151903452760491,0.910501310381478,False,down
WBGene00021351,0,1.0,PFBSA,-0.0208369364148276,0.910501310381478,False,down
WBGene00018612,0,1.0,PFBSA,-0.0114263307186306,0.911714644138671,False,down
WBGene00004185,0,1.0,PFBSA,0.018106653614458,0.912530579246015,False,up
WBGene00016411,0,1.0,PFBSA,0.0252690585807141,0.912675357219432,False,up
WBGene00001513,0,0.9333333333333333,PFBSA,-0.014500994262297,0.916116470931865,False,down
WBGene00022792,0,1.0,PFBSA,0.019631103024721,0.917821323831366,False,up
WBGene00022202,0,1.0,PFBSA,-0.0169741398540374,0.919052388264892,False,down
WBGene00011939,0,1.0,PFBSA,-0.0145583378078048,0.91918585100106,False,down
WBGene00022149,0,0.5333333333333333,PFBSA,0.0166317436509121,0.920653486150672,False,up
WBGene00015702,0,1.0,PFBSA,-0.0206101656720032,0.921267633817591,False,down
WBGene00022852,0,1.0,PFBSA,-0.0179262020920557,0.921452787707975,False,down
WBGene00001092,0,0.6666666666666666,PFBSA,-0.017402924587604,0.923769455092052,False,down
WBGene00020273,0,1.0,PFBSA,0.0141179111850799,0.923979081946924,False,up
WBGene00007616,0,1.0,PFBSA,-0.0205804039186878,0.925328621383711,False,down
WBGene00009131,0,1.0,PFBSA,-0.0175060425268709,0.925520966436725,False,down
WBGene00002244,0,1.0,PFBSA,0.0172374509363283,0.926382048898026,False,up
WBGene00175030,0,0.9,PFBSA,0.0155449875636457,0.926492524103717,False,up
WBGene00020999,0,1.0,PFBSA,-0.0209498679148076,0.926492524103717,False,down
WBGene00013267,0,1.0,PFBSA,0.0191601542014246,0.927382365818889,False,up
WBGene00017314,0,1.0,PFBSA,-0.0119433323061377,0.92744070155862,False,down
WBGene00022463,0,1.0,PFBSA,0.0102635199072902,0.928218102689107,False,up
WBGene00016203,0,0.9666666666666667,PFBSA,0.013536096008689,0.928223328420654,False,up
WBGene00303009,0,1.0,PFBSA,-0.0191194781643504,0.928435289268859,False,down
WBGene00010912,0,1.0,PFBSA,-0.0084881312050388,0.928806605596994,False,down
WBGene00018230,0,1.0,PFBSA,0.0166404083257845,0.929291739553083,False,up
WBGene00008459,0,1.0,PFBSA,-0.0147501148621775,0.933509055630353,False,down
WBGene00016431,0,1.0,PFBSA,-0.0271083783004954,0.934260194036867,False,down
WBGene00007429,0,1.0,PFBSA,-0.01639376033697,0.934336258155852,False,down
WBGene00019433,0,0.9666666666666667,PFBSA,0.0129699051310135,0.93511465016471,False,up
WBGene00021021,0,1.0,PFBSA,0.0171166605602278,0.938178013777648,False,up
WBGene00011857,0,1.0,PFBSA,-0.0166766834062982,0.940367767616971,False,down
WBGene00007681,0,1.0,PFBSA,0.0143682627851603,0.945000379700759,False,up
WBGene00013407,0,1.0,PFBSA,-0.0108579519884551,0.945916633720614,False,down
WBGene00012562,0,0.9333333333333333,PFBSA,0.011079159377256,0.947278898111858,False,up
WBGene00009290,0,0.9666666666666667,PFBSA,-0.0069302720263483,0.947278898111858,False,down
WBGene00005024,0,1.0,PFBSA,-0.0102839709673013,0.948735573353988,False,down
WBGene00017830,0,1.0,PFBSA,-0.0119860596814788,0.949065199654461,False,down
WBGene00001423,0,1.0,PFBSA,-0.0185168811356388,0.949065199654461,False,down
WBGene00001352,0,1.0,PFBSA,-0.0066329647472893,0.950054061457179,False,down
WBGene00022739,0,1.0,PFBSA,0.007710334368849,0.950860698036707,False,up
WBGene00016148,0,1.0,PFBSA,0.016271080429395,0.950961505682287,False,up
WBGene00022270,0,1.0,PFBSA,0.0189388660105212,0.951631167642209,False,up
WBGene00022862,0,1.0,PFBSA,0.0101197570439189,0.951631167642209,False,up
WBGene00013422,0,1.0,PFBSA,-0.0134508612510308,0.951675425232619,False,down
WBGene00006647,0,1.0,PFBSA,-0.0083681344113925,0.952864947156743,False,down
WBGene00012964,0,1.0,PFBSA,-0.0145081569600876,0.953017286216095,False,down
WBGene00021815,0,1.0,PFBSA,-0.0110633142854057,0.95422894019734,False,down
WBGene00006935,0,0.9333333333333333,PFBSA,0.0065300922856318,0.955746386360974,False,up
WBGene00013549,0,0.5666666666666667,PFBSA,-0.0062657346358936,0.955746386360974,False,down
WBGene00303026,0,0.9666666666666667,PFBSA,-0.0267674914422149,0.95722816627848,False,down
WBGene00044608,0,1.0,PFBSA,0.0100186295408349,0.958918962533871,False,up
WBGene00019168,0,1.0,PFBSA,-0.013181070727892,0.961020578287184,False,down
WBGene00006749,0,0.8333333333333334,PFBSA,0.0066167816636487,0.964659098832271,False,up
WBGene00021329,0,1.0,PFBSA,-0.0090250947893946,0.964659098832271,False,down
WBGene00019510,0,1.0,PFBSA,-0.010096691996257,0.964659098832271,False,down
WBGene00011875,0,1.0,PFBSA,-0.0110670092329047,0.965934088613541,False,down
WBGene00012465,0,1.0,PFBSA,-0.0089685189641255,0.966314663926876,False,down
WBGene00019898,0,1.0,PFBSA,-0.0072588898364407,0.966777219184462,False,down
WBGene00000933,0,1.0,PFBSA,-0.0061649856800179,0.966910767814611,False,down
WBGene00009084,0,1.0,PFBSA,0.0084760193790604,0.969047723451772,False,up
WBGene00013958,0,1.0,PFBSA,0.0093808344233924,0.971017393351974,False,up
WBGene00010833,0,0.9666666666666667,PFBSA,-0.0146819739307029,0.971027145649498,False,down
WBGene00006920,0,1.0,PFBSA,0.0041660706409911,0.975156966113221,False,up
WBGene00020172,0,1.0,PFBSA,0.0055426421677561,0.975560173154187,False,up
WBGene00021026,0,1.0,PFBSA,-0.0080100866543507,0.976315566275418,False,down
WBGene00020171,0,1.0,PFBSA,0.0056906855792914,0.976542929563205,False,up
WBGene00013025,0,1.0,PFBSA,-0.0038515480868984,0.976542929563205,False,down
WBGene00015266,0,1.0,PFBSA,0.0059655167702577,0.977256620002553,False,up
WBGene00010771,0,1.0,PFBSA,0.0077138057665313,0.977782681535481,False,up
WBGene00021753,0,1.0,PFBSA,0.0038834489920303,0.977782681535481,False,up
WBGene00010815,0,0.9333333333333333,PFBSA,-0.0050634219501282,0.977782681535481,False,down
WBGene00007257,0,0.9666666666666667,PFBSA,-0.0067149099393301,0.977998614373425,False,down
WBGene00019334,0,1.0,PFBSA,-0.004009284945181,0.978662740184993,False,down
WBGene00010783,0,1.0,PFBSA,-0.0059850540168162,0.981994169146565,False,down
WBGene00001094,0,1.0,PFBSA,0.0042221608596476,0.982474328378949,False,up
WBGene00015814,0,1.0,PFBSA,-0.0079129184563868,0.983995509913095,False,down
WBGene00022201,0,1.0,PFBSA,0.0027679213739015,0.984487948241136,False,up
WBGene00008410,0,1.0,PFBSA,-0.0030655802508923,0.986196258372502,False,down
WBGene00020185,0,1.0,PFBSA,0.0025964171749942,0.986983451240924,False,up
WBGene00013738,0,1.0,PFBSA,0.002177054175238,0.988638704195131,False,up
WBGene00012740,0,1.0,PFBSA,0.0022851969724461,0.989835157532384,False,up
WBGene00016408,0,1.0,PFBSA,0.0016286444898699,0.989835157532384,False,up
WBGene00007630,0,1.0,PFBSA,-0.0022530363773674,0.991167935220342,False,down
WBGene00000093,0,1.0,PFBSA,-0.0031413324474676,0.991167935220342,False,down
WBGene00018422,0,1.0,PFBSA,0.0032048858548222,0.99127670751394,False,up
WBGene00018679,0,1.0,PFBSA,0.0019007300566572,0.991825154777074,False,up
WBGene00022052,0,1.0,PFBSA,-0.0016353568040331,0.991825154777074,False,down
WBGene00007188,0,0.7333333333333333,PFBSA,-0.0022444995088463,0.991825154777074,False,down
WBGene00004774,0,1.0,PFBSA,-0.0010226319995927,0.99388024126047,False,down
WBGene00014083,0,1.0,PFBSA,0.0013270092327679,0.993933060351266,False,up
WBGene00012205,0,1.0,PFBSA,0.0010702952958938,0.995186353087376,False,up
WBGene00021952,0,1.0,PFBSA,-0.0005650885521834,0.996231100829455,False,down
WBGene00012124,0,1.0,PFBSA,0.00091290013675,0.996522935934422,False,up
WBGene00001169,0,1.0,PFBSA,0.0010256444805728,0.99667604769398,False,up
WBGene00007533,0,1.0,PFBSA,0.0021651076554597,0.996842427471254,False,up
WBGene00010094,0,0.9333333333333333,PFBSA,-0.0007934778036558,0.996933971967163,False,down
WBGene00000179,0,1.0,PFBSA,-0.0006850458625549,0.996936894912091,False,down
WBGene00020479,0,1.0,PFBSA,0.0005565183138682,0.998448651782453,False,up
WBGene00020263,0,1.0,PFBSA,-0.000294639928313,0.998623211732069,False,down
WBGene00018951,0,0.9333333333333333,PFBSA,-0.0003405528564578,0.998934795096902,False,down
WBGene00010015,0,1.0,PFBSA,0.0001844379252994,0.999608558630962,False,up
WBGene00015940,0,1.0,PFBSA,0.0001248513819291,0.999608558630962,False,up
WBGene00001508,0,1.0,PFBSA,-0.0001633655121668,0.999608558630962,False,down
WBGene00008134,0,1.0,PFBSA,7.57597975837749e-05,0.999820489098426,False,up
