WB_id,consensus_module,consensus_strength,chemical,logFC,FDR,is_detected,direction
WBGene00011671,3,0.9,PFBSA,8.11962636048776,6.10726812912321e-22,True,up
WBGene00022813,3,0.9333333333333333,PFBSA,4.03690022152753,9.66576429047072e-20,True,up
WBGene00001756,3,1.0,PFBSA,6.925611752948,1.8973044888415602e-19,True,up
WBGene00011672,3,0.9,PFBSA,3.65131124916277,9.129910451312469e-18,True,up
WBGene00017480,3,1.0,PFBSA,1.4167464212078,3.10565912691219e-17,True,up
WBGene00008273,3,0.8666666666666667,PFBSA,1.9009602190051,3.7916133952946604e-17,True,up
WBGene00007072,3,0.9,PFBSA,3.43163349183793,4.8397003490477e-16,True,up
WBGene00006890,3,1.0,PFBSA,1.38968432081694,4.2560324876694605e-15,True,up
WBGene00019516,3,1.0,PFBSA,2.53153019854898,1.7998506501860899e-13,True,up
WBGene00000282,3,1.0,PFBSA,1.33961849847397,7.60010248685859e-13,True,up
WBGene00019645,3,0.5333333333333333,PFBSA,2.2919456672888,1.52816087785592e-12,True,up
WBGene00012531,3,1.0,PFBSA,1.58101247958531,2.94899867279011e-12,True,up
WBGene00007890,3,1.0,PFBSA,2.14815311395404,3.21712937715243e-12,True,up
WBGene00012604,3,0.9,PFBSA,4.16491776778304,5.948985966935629e-12,True,up
WBGene00015044,3,0.8,PFBSA,3.92707097838249,1.13667159021719e-11,True,up
WBGene00018334,3,1.0,PFBSA,1.72130461970844,1.3964277629018099e-11,True,up
WBGene00007810,3,1.0,PFBSA,1.66672335144679,1.9225941738029297e-11,True,up
WBGene00009920,3,0.9666666666666667,PFBSA,0.897424648247056,4.1508821960423194e-11,True,up
WBGene00004236,3,1.0,PFBSA,3.50438690296857,4.9322715226625e-11,True,up
WBGene00011190,3,1.0,PFBSA,2.69252524583529,1.54044667718856e-10,True,up
WBGene00007605,3,0.9666666666666667,PFBSA,1.87817452416134,3.00140160879515e-10,True,up
WBGene00000977,3,0.5666666666666667,PFBSA,2.03717239120357,6.41476501025058e-10,True,up
WBGene00045208,3,0.9,PFBSA,-1.12156595247969,7.39595665438832e-10,True,down
WBGene00008602,3,1.0,PFBSA,2.44322526044404,7.858827591702631e-10,True,up
WBGene00019675,3,0.6,PFBSA,6.45527454688571,2.04648267278778e-09,True,up
WBGene00011288,3,0.9333333333333333,PFBSA,2.33241372787633,5.002360525536131e-09,True,up
WBGene00006916,3,0.9,PFBSA,0.776380110538604,5.634828249195221e-09,True,up
WBGene00014098,3,1.0,PFBSA,0.412735183468561,6.961375533683841e-09,True,up
WBGene00017515,3,1.0,PFBSA,1.3667475408738,1.11127774126033e-08,True,up
WBGene00016863,3,1.0,PFBSA,3.07844974711565,1.79584034934542e-08,True,up
WBGene00010665,3,1.0,PFBSA,1.07934827436888,8.74184323760097e-08,True,up
WBGene00016862,3,0.7666666666666667,PFBSA,0.873122502341217,2.34018795749421e-07,True,up
WBGene00017681,3,1.0,PFBSA,0.829586763941957,2.70936148211821e-07,True,up
WBGene00012143,3,1.0,PFBSA,1.27094926596912,2.91596648686516e-07,True,up
WBGene00018645,3,1.0,PFBSA,2.89195768599696,4.40365921095767e-07,True,up
WBGene00003696,3,1.0,PFBSA,1.24813454051522,7.08308117285816e-07,True,up
WBGene00020155,3,0.5666666666666667,PFBSA,-0.432584436268677,8.02787196986273e-07,True,down
WBGene00019967,3,1.0,PFBSA,0.905885258046699,9.72939761561836e-07,True,up
WBGene00017431,3,0.9666666666666667,PFBSA,0.846270355476399,1.16505353163234e-06,True,up
WBGene00001781,3,0.9333333333333333,PFBSA,2.176784253009,1.31168870038836e-06,True,up
WBGene00011756,3,1.0,PFBSA,0.56641075035594,1.37584800699027e-06,True,up
WBGene00019234,3,1.0,PFBSA,-1.19691115758562,1.37584800699027e-06,True,down
WBGene00017510,3,1.0,PFBSA,1.57536004642284,1.40022829220224e-06,True,up
WBGene00016283,3,1.0,PFBSA,0.829633804906264,2.06381870400866e-06,True,up
WBGene00008032,3,0.9,PFBSA,0.727849385146666,2.10411080855631e-06,True,up
WBGene00022515,3,0.6333333333333333,PFBSA,-0.703958128489621,2.10411080855631e-06,True,down
WBGene00015148,3,0.9666666666666667,PFBSA,0.527601261267192,2.57284793139585e-06,True,up
WBGene00014006,3,0.5333333333333333,PFBSA,1.30668966791359,2.92348873615688e-06,True,up
WBGene00019830,3,1.0,PFBSA,1.70154799764775,2.97220697798183e-06,True,up
WBGene00003519,3,1.0,PFBSA,0.987714655630252,3.67874451815542e-06,True,up
WBGene00009896,3,1.0,PFBSA,-0.81002945213192,4.28768265768912e-06,True,down
WBGene00018430,3,1.0,PFBSA,1.01564315757159,5.8418505568706e-06,True,up
WBGene00016064,3,1.0,PFBSA,1.94989765116494,8.06649561559641e-06,True,up
WBGene00011681,3,0.9,PFBSA,0.473849111838856,8.06649561559641e-06,True,up
WBGene00020774,3,0.6,PFBSA,1.99458127302784,1.06943519569681e-05,True,up
WBGene00016362,3,0.7333333333333333,PFBSA,-0.473986889665445,1.10720282770188e-05,True,down
WBGene00016174,3,0.9,PFBSA,1.2272850436921,1.13681212042268e-05,True,up
WBGene00011799,3,0.9666666666666667,PFBSA,1.29001800108531,1.15637839261707e-05,True,up
WBGene00014148,3,1.0,PFBSA,0.368036009656064,1.15637839261707e-05,True,up
WBGene00016728,3,0.9666666666666667,PFBSA,0.649542637469483,1.25197972462387e-05,True,up
WBGene00009533,3,0.9333333333333333,PFBSA,0.794857619385419,1.26622646612488e-05,True,up
WBGene00018403,3,1.0,PFBSA,0.98235657343469,1.27580987344481e-05,True,up
WBGene00019965,3,1.0,PFBSA,0.621102479009641,1.31427480199629e-05,True,up
WBGene00005552,3,0.7666666666666667,PFBSA,1.50445089973138,1.68160306339236e-05,True,up
WBGene00013008,3,1.0,PFBSA,1.14714674050043,1.93935198505696e-05,True,up
WBGene00021134,3,1.0,PFBSA,1.42245920143319,2.1279722270953e-05,True,up
WBGene00016507,3,1.0,PFBSA,0.771254302010568,2.42542535789349e-05,True,up
WBGene00003515,3,0.6,PFBSA,-0.493672516288664,2.4414463950334e-05,True,down
WBGene00003887,3,0.9666666666666667,PFBSA,0.65371436354417,2.53233402103143e-05,True,up
WBGene00004911,3,1.0,PFBSA,0.551672056452467,2.6058880884338e-05,True,up
WBGene00011141,3,1.0,PFBSA,0.839964777317815,2.69245411862856e-05,True,up
WBGene00010019,3,0.8333333333333334,PFBSA,1.57584504200056,2.69353006781273e-05,True,up
WBGene00002113,3,0.9,PFBSA,0.414824787840776,2.75682575519272e-05,True,up
WBGene00007811,3,1.0,PFBSA,0.739362441389676,2.77383630333371e-05,True,up
WBGene00009969,3,1.0,PFBSA,1.1674969897044,2.77870135134392e-05,True,up
WBGene00001884,3,0.9,PFBSA,1.43375532735171,3.48387779525272e-05,True,up
WBGene00009964,3,0.8,PFBSA,2.40767522758105,3.86058050879278e-05,True,up
WBGene00044278,3,0.9333333333333333,PFBSA,1.94732163592948,3.9222766260468e-05,True,up
WBGene00010001,3,0.5333333333333333,PFBSA,1.04061985352982,4.34596918651117e-05,True,up
WBGene00001262,3,0.9333333333333333,PFBSA,0.525242325536806,4.56237034892704e-05,True,up
WBGene00005643,3,1.0,PFBSA,1.20141052466028,4.61826627447018e-05,True,up
WBGene00016219,3,1.0,PFBSA,0.898586254653351,4.68297733409847e-05,True,up
WBGene00044206,3,1.0,PFBSA,2.06303314026092,5.36904220675651e-05,True,up
WBGene00003674,3,0.9333333333333333,PFBSA,0.638993255841709,5.36904220675651e-05,True,up
WBGene00019108,3,1.0,PFBSA,0.843065413714786,5.41093717088664e-05,True,up
WBGene00012938,3,1.0,PFBSA,1.36510121567574,5.46084271498941e-05,True,up
WBGene00016697,3,0.9333333333333333,PFBSA,2.27685888649294,5.55008997411796e-05,True,up
WBGene00015535,3,1.0,PFBSA,2.56577927665306,5.60412982635488e-05,True,up
WBGene00015043,3,0.9333333333333333,PFBSA,0.824368177993981,6.55796033415936e-05,True,up
WBGene00016417,3,0.5333333333333333,PFBSA,0.815898990194357,6.55796033415936e-05,True,up
WBGene00194651,3,1.0,PFBSA,0.503673623823477,6.55796033415936e-05,True,up
WBGene00015423,3,0.9666666666666667,PFBSA,0.603467292012677,6.8360865933336e-05,True,up
WBGene00003408,3,1.0,PFBSA,0.387507243954642,7.44248141560814e-05,True,up
WBGene00008678,3,1.0,PFBSA,1.5460347243067,7.56046292495455e-05,True,up
WBGene00017095,3,1.0,PFBSA,3.47064768915149,7.9714346827688e-05,True,up
WBGene00020985,3,1.0,PFBSA,1.426764197,9.53162909114283e-05,True,up
WBGene00002109,3,1.0,PFBSA,0.654135091083893,9.64707201194663e-05,True,up
WBGene00009839,3,0.7,PFBSA,1.56860506493502,9.83323603512431e-05,True,up
WBGene00013119,3,1.0,PFBSA,0.756010446573425,0.000101646000143,True,up
WBGene00050957,3,0.5333333333333333,PFBSA,1.44601601076253,0.0001062238588458,True,up
WBGene00021635,3,1.0,PFBSA,0.457967641204479,0.0001063510459599,True,up
WBGene00008988,3,1.0,PFBSA,1.56774038142181,0.0001084762856085,True,up
WBGene00015577,3,0.8333333333333334,PFBSA,0.532526432108482,0.0001086215664397,True,up
WBGene00044661,3,1.0,PFBSA,1.20947032823657,0.0001093178470751,True,up
WBGene00011404,3,1.0,PFBSA,1.12752227134164,0.0001119347875178,True,up
WBGene00022547,3,0.7,PFBSA,2.43273089407078,0.0001174179810513,True,up
WBGene00018226,3,0.9666666666666667,PFBSA,0.291263746490646,0.0001226039754196,True,up
WBGene00020869,3,0.6333333333333333,PFBSA,1.52940152562667,0.0001439025402564,True,up
WBGene00007928,3,0.9666666666666667,PFBSA,0.966798730505003,0.0001513675543868,True,up
WBGene00022673,3,1.0,PFBSA,0.980854758733594,0.0001520646529963,True,up
WBGene00021262,3,0.9333333333333333,PFBSA,0.693724644501162,0.0001527423159195,True,up
WBGene00003652,3,1.0,PFBSA,0.547552324311688,0.0001531342240762,True,up
WBGene00021491,3,1.0,PFBSA,2.13141663944682,0.0001568919386216,True,up
WBGene00017756,3,0.7666666666666667,PFBSA,-1.24961781229971,0.0001665273911707,True,down
WBGene00019388,3,1.0,PFBSA,1.66275757150991,0.0001845706815414,True,up
WBGene00016281,3,0.5333333333333333,PFBSA,2.25400147685783,0.0001847626869214,True,up
WBGene00018492,3,1.0,PFBSA,0.817249115754353,0.0001872208241117,True,up
WBGene00016218,3,1.0,PFBSA,0.792145359817364,0.0001894947320827,True,up
WBGene00020324,3,0.9,PFBSA,0.706259639181351,0.0001924638531171,True,up
WBGene00022397,3,1.0,PFBSA,0.393922207757882,0.0001963106377451,True,up
WBGene00015303,3,1.0,PFBSA,0.378919513640814,0.0002044246231826,True,up
WBGene00009840,3,0.9666666666666667,PFBSA,1.17793582414767,0.0002181769359644,True,up
WBGene00018298,3,1.0,PFBSA,0.478996065844563,0.0002184437213496,True,up
WBGene00001891,3,0.6333333333333333,PFBSA,0.876013125893866,0.0002186552705347,True,up
WBGene00006575,3,0.9,PFBSA,0.294623414197284,0.0002274738546638,True,up
WBGene00010740,3,0.9,PFBSA,1.68899637874598,0.0002293222805799,True,up
WBGene00010897,3,1.0,PFBSA,0.360291291070212,0.0002442335138979,True,up
WBGene00011554,3,0.9,PFBSA,1.38741377612684,0.0002487749695367,True,up
WBGene00012085,3,0.5666666666666667,PFBSA,0.568292361459116,0.0002490560226802,True,up
WBGene00008739,3,1.0,PFBSA,0.787901257685217,0.0002603773028939,True,up
WBGene00017838,3,0.9,PFBSA,0.986852262701306,0.000263449066488,True,up
WBGene00012728,3,0.9,PFBSA,0.862538645270316,0.0002742045058253,True,up
WBGene00001883,3,0.9666666666666667,PFBSA,0.848509258708665,0.0002782288597208,True,up
WBGene00015602,3,1.0,PFBSA,2.21696170056121,0.0002919362482664,True,up
WBGene00015930,3,0.8333333333333334,PFBSA,0.554207280156704,0.0002999903365256,True,up
WBGene00021178,3,0.9333333333333333,PFBSA,0.648065710190644,0.0003028250494857,True,up
WBGene00012764,3,0.9666666666666667,PFBSA,0.873771884266519,0.0003051964662425,True,up
WBGene00013923,3,1.0,PFBSA,0.830930172303382,0.0003061245540096,True,up
WBGene00021370,3,1.0,PFBSA,0.631002846896612,0.0003079337480378,True,up
WBGene00271821,3,1.0,PFBSA,2.00578983424456,0.000324627531568,True,up
WBGene00000986,3,1.0,PFBSA,1.63641480785732,0.0003263226984342,True,up
WBGene00017429,3,0.5333333333333333,PFBSA,-0.60006382361118,0.0003283899173902,True,down
WBGene00043097,3,1.0,PFBSA,0.796042696550642,0.0003336177446141,True,up
WBGene00002276,3,1.0,PFBSA,0.385821411577046,0.0003462443587009,True,up
WBGene00001916,3,0.9,PFBSA,1.17211097772765,0.0003594916456009,True,up
WBGene00008419,3,1.0,PFBSA,0.611561516722186,0.0003672854253516,True,up
WBGene00020741,3,1.0,PFBSA,-1.15122314955277,0.0004222595640458,True,down
WBGene00018614,3,1.0,PFBSA,1.64966760265593,0.0004468955895611,True,up
WBGene00011428,3,1.0,PFBSA,0.290277154272976,0.0004685951165075,True,up
WBGene00017374,3,1.0,PFBSA,-0.340649701648376,0.0004685951165075,True,down
WBGene00044481,3,1.0,PFBSA,0.835282964947629,0.0004781268495507,True,up
WBGene00001934,3,0.6666666666666666,PFBSA,1.01192550541109,0.0004825581091654,True,up
WBGene00007694,3,1.0,PFBSA,1.09427574705465,0.0005201303484388,True,up
WBGene00045382,3,0.7,PFBSA,1.89147302254537,0.0005219024562865,True,up
WBGene00000211,3,1.0,PFBSA,0.804756915003341,0.0005504781344161,True,up
WBGene00006986,3,1.0,PFBSA,0.555063468664843,0.0005533887871842,True,up
WBGene00003705,3,1.0,PFBSA,0.998193415900319,0.0005538545235984,True,up
WBGene00045411,3,0.9666666666666667,PFBSA,0.929278893968787,0.0005622907474171,True,up
WBGene00018102,3,1.0,PFBSA,2.15779153933224,0.0005623414417511,True,up
WBGene00003786,3,0.9,PFBSA,0.448896135234066,0.000648971699208,True,up
WBGene00011798,3,1.0,PFBSA,1.13117609740066,0.0006572813182887,True,up
WBGene00009110,3,0.9,PFBSA,1.25759961213804,0.0006723581059938,True,up
WBGene00019979,3,0.5,PFBSA,1.00949047493166,0.000722623736691,True,up
WBGene00020725,3,1.0,PFBSA,0.531752994180895,0.000745928002856,True,up
WBGene00010589,3,1.0,PFBSA,1.36420454610644,0.0007549413215983,True,up
WBGene00014200,3,0.9,PFBSA,0.965049308640065,0.0007752256734688,True,up
WBGene00020895,3,1.0,PFBSA,0.465954897697858,0.0007752278680499,True,up
WBGene00001672,3,0.9666666666666667,PFBSA,1.04386160340241,0.0007798553504897,True,up
WBGene00019734,3,0.9666666666666667,PFBSA,0.447898954820297,0.0007798553504897,True,up
WBGene00001900,3,0.6,PFBSA,0.991410590674298,0.0007812228020067,True,up
WBGene00022550,3,0.9,PFBSA,2.35325870549569,0.0008122265813264,True,up
WBGene00014698,3,1.0,PFBSA,2.2680936289679,0.0008151170496372,True,up
WBGene00019589,3,1.0,PFBSA,0.948152952339351,0.0008220777062972,True,up
WBGene00021645,3,0.9666666666666667,PFBSA,0.600331980778146,0.0008321118852125,True,up
WBGene00022648,3,0.6333333333333333,PFBSA,1.06495026231378,0.0008343827817242,True,up
WBGene00013197,3,0.9666666666666667,PFBSA,0.475738532768321,0.000872207595175,True,up
WBGene00011009,3,0.9666666666666667,PFBSA,2.05003646116849,0.0008904815020506,True,up
WBGene00020502,3,1.0,PFBSA,0.331761716067135,0.0009357395644414,True,up
WBGene00001888,3,0.7333333333333333,PFBSA,1.02554242181204,0.0009592506269927,True,up
WBGene00008009,3,1.0,PFBSA,1.90599812562246,0.0009771366713833,True,up
WBGene00004892,3,0.9666666666666667,PFBSA,0.239772975580792,0.0009980503760291,True,up
WBGene00007989,3,0.9,PFBSA,1.99484089988912,0.0010095654458908,True,up
WBGene00007440,3,0.9,PFBSA,1.24959718570178,0.001083122206008,True,up
WBGene00017398,3,1.0,PFBSA,0.576299330143964,0.0010911624403737,True,up
WBGene00004221,3,1.0,PFBSA,0.726948551699194,0.0011111837592264,True,up
WBGene00019511,3,0.9333333333333333,PFBSA,0.406635085045093,0.0011371653192814,True,up
WBGene00010985,3,0.9666666666666667,PFBSA,0.99021166668252,0.0011387449621204,True,up
WBGene00009895,3,0.9333333333333333,PFBSA,1.35605091262062,0.0011733603741784,True,up
WBGene00012624,3,1.0,PFBSA,0.530532075069194,0.0012324432093138,True,up
WBGene00001755,3,0.5333333333333333,PFBSA,1.54558702584246,0.0012996791031015,True,up
WBGene00002268,3,0.7666666666666667,PFBSA,0.322449533772206,0.0013073310169158,True,up
WBGene00050906,3,0.6,PFBSA,1.89628278040441,0.0013089691313659,True,up
WBGene00011167,3,0.9666666666666667,PFBSA,-1.90369457399781,0.0013426285236912,True,down
WBGene00044512,3,1.0,PFBSA,0.681552416342334,0.0013741321247602,True,up
WBGene00012381,3,0.9,PFBSA,0.910752735080253,0.001416925592381,True,up
WBGene00044527,3,0.9,PFBSA,0.819490852906898,0.0015083920729686,True,up
WBGene00009512,3,1.0,PFBSA,0.622294334731529,0.0015184700528459,True,up
WBGene00018696,3,1.0,PFBSA,0.771329071147381,0.0015890154869461,True,up
WBGene00017469,3,1.0,PFBSA,2.1150773497633,0.0016745975709599,True,up
WBGene00001447,3,0.9666666666666667,PFBSA,0.39568058300483,0.0016959177170678,True,up
WBGene00008742,3,1.0,PFBSA,0.49107004616729,0.0017208739601216,True,up
WBGene00021587,3,1.0,PFBSA,0.842697671732897,0.0018638751237151,True,up
WBGene00003731,3,0.8333333333333334,PFBSA,-0.674537422452328,0.001909140690241,True,down
WBGene00021256,3,1.0,PFBSA,1.02788854182081,0.0019863967013454,True,up
WBGene00010756,3,1.0,PFBSA,0.420802832650865,0.00201115310257,True,up
WBGene00001785,3,0.9666666666666667,PFBSA,2.27071203607408,0.0020463160619355,True,up
WBGene00018380,3,0.6333333333333333,PFBSA,2.42235628470209,0.0020575856696983,True,up
WBGene00010747,3,1.0,PFBSA,1.00282472165723,0.0020700661171783,True,up
WBGene00019656,3,1.0,PFBSA,-0.21959363878036,0.0020921616384713,True,down
WBGene00010223,3,1.0,PFBSA,0.967663063622252,0.0020963562212218,True,up
WBGene00007964,3,0.6333333333333333,PFBSA,-0.638082296421449,0.0021339237161785,True,down
WBGene00022641,3,0.9333333333333333,PFBSA,-1.29774386811151,0.0021890418661028,True,down
WBGene00014171,3,0.6333333333333333,PFBSA,0.350316469975667,0.0022180465816418,True,up
WBGene00004811,3,1.0,PFBSA,1.49699061638106,0.0022530110144842,True,up
WBGene00016262,3,1.0,PFBSA,0.597855548961949,0.0022536171085613,True,up
WBGene00008485,3,0.9333333333333333,PFBSA,1.02716358429772,0.0023607814733577,True,up
WBGene00045386,3,0.9333333333333333,PFBSA,0.648920657116407,0.0023607814733577,True,up
WBGene00012462,3,1.0,PFBSA,0.489267982348601,0.0023863648168048,True,up
WBGene00020058,3,0.5333333333333333,PFBSA,0.465825928331496,0.0024234991142928,True,up
WBGene00009406,3,1.0,PFBSA,0.546957745002723,0.0024249076507188,True,up
WBGene00015600,3,0.6333333333333333,PFBSA,2.24442501994666,0.0024329843966981,True,up
WBGene00012808,3,0.9333333333333333,PFBSA,1.44018418187584,0.0024439161118193,True,up
WBGene00009595,3,1.0,PFBSA,0.655382101827379,0.0024772284231758,True,up
WBGene00010545,3,1.0,PFBSA,0.980553396446902,0.00251082106536,True,up
WBGene00000138,3,0.9666666666666667,PFBSA,0.380224044940005,0.0025923717429574,True,up
WBGene00008010,3,1.0,PFBSA,1.43764736157021,0.0026189788762266,True,up
WBGene00020080,3,1.0,PFBSA,1.48743299821502,0.0026954839674415,True,up
WBGene00001792,3,1.0,PFBSA,1.59377979709573,0.0029297213676252,True,up
WBGene00001762,3,0.8333333333333334,PFBSA,1.93145344189378,0.0029500458182813,True,up
WBGene00013878,3,1.0,PFBSA,0.453375294615039,0.0029684082868499,True,up
WBGene00045338,3,1.0,PFBSA,1.81447775955045,0.0030753501643957,True,up
WBGene00003604,3,0.9666666666666667,PFBSA,0.598264001114083,0.0030917173227562,True,up
WBGene00018465,3,0.9333333333333333,PFBSA,-0.836116534432594,0.0032967770962481,True,down
WBGene00009081,3,0.9333333333333333,PFBSA,0.829927819732831,0.0033032108808084,True,up
WBGene00003574,3,0.9,PFBSA,2.39924501671513,0.0033251936700058,True,up
WBGene00004053,3,1.0,PFBSA,0.283397801427582,0.0033591854118971,True,up
WBGene00017126,3,0.6333333333333333,PFBSA,0.34053166019744,0.0033737391662496,True,up
WBGene00003623,3,0.9333333333333333,PFBSA,0.465311198417175,0.0034038899237667,True,up
WBGene00010746,3,0.7333333333333333,PFBSA,1.9365506019705,0.003437946450362,True,up
WBGene00013484,3,1.0,PFBSA,0.756831217134589,0.0034565076763409,True,up
WBGene00019605,3,0.9666666666666667,PFBSA,0.490467111214891,0.0035029965794584,True,up
WBGene00008323,3,0.6333333333333333,PFBSA,1.80114824035198,0.0035406781274301,True,up
WBGene00021404,3,0.7666666666666667,PFBSA,0.707634831215242,0.0036483582772313,True,up
WBGene00016506,3,1.0,PFBSA,0.632421692117113,0.0036934619667186,True,up
WBGene00017180,3,0.9,PFBSA,0.6689689329602,0.0037337891280048,True,up
WBGene00001887,3,0.9666666666666667,PFBSA,0.807613806603356,0.0037508954165605,True,up
WBGene00021158,3,1.0,PFBSA,-0.601149693397059,0.0037845904716506,True,down
WBGene00010473,3,0.8333333333333334,PFBSA,1.59523288771942,0.0038154087595152,True,up
WBGene00013216,3,1.0,PFBSA,0.341143048412222,0.0039091879804009,True,up
WBGene00017983,3,0.5666666666666667,PFBSA,0.346396952094666,0.0040427640277598,True,up
WBGene00022476,3,1.0,PFBSA,2.791679743909,0.0040945519325448,True,up
WBGene00001899,3,1.0,PFBSA,0.79665612025114,0.0041323119526535,True,up
WBGene00009908,3,1.0,PFBSA,1.98529029683157,0.0042008405523008,True,up
WBGene00020436,3,0.7,PFBSA,-0.539502321947394,0.0042008405523008,True,down
WBGene00003610,3,0.9,PFBSA,0.5472654543651,0.0042041502355236,True,up
WBGene00019153,3,0.9666666666666667,PFBSA,0.839738125223004,0.0042813918523202,True,up
WBGene00006914,3,1.0,PFBSA,0.353852926494693,0.0043472196019061,True,up
WBGene00013515,3,0.9,PFBSA,0.588521450282229,0.0044199552835786,True,up
WBGene00008499,3,1.0,PFBSA,-0.54853697095539,0.0045448833717913,True,down
WBGene00009634,3,1.0,PFBSA,-0.445852898873277,0.0045696835995133,True,down
WBGene00003722,3,0.5333333333333333,PFBSA,0.450699271486078,0.0045733576108812,True,up
WBGene00000425,3,1.0,PFBSA,0.785719215807477,0.0045838925981635,True,up
WBGene00194921,3,1.0,PFBSA,0.667507547414617,0.0045838925981635,True,up
WBGene00016912,3,0.6666666666666666,PFBSA,1.24742279931441,0.0046658020675711,True,up
WBGene00009600,3,0.9333333333333333,PFBSA,1.55475877901597,0.0048242110186584,True,up
WBGene00010086,3,0.9,PFBSA,0.656461474882025,0.0048578910087155,True,up
WBGene00219216,3,0.9333333333333333,PFBSA,-1.09383724332178,0.0048813486428533,True,down
WBGene00008270,3,1.0,PFBSA,0.308562352348513,0.0049961191172845,True,up
WBGene00018363,3,1.0,PFBSA,0.678326693553541,0.0052445046256608,True,up
WBGene00010724,3,1.0,PFBSA,0.369525845003656,0.0053694260941714,True,up
WBGene00002188,3,1.0,PFBSA,1.05882162134811,0.0053851455059006,True,up
WBGene00006412,3,0.7333333333333333,PFBSA,0.253651007305467,0.0055026464857865,True,up
WBGene00000088,3,0.9666666666666667,PFBSA,0.346470609138101,0.0055361813578757,True,up
WBGene00020909,3,0.6666666666666666,PFBSA,0.863234779262193,0.0055451845525176,True,up
WBGene00015783,3,0.9333333333333333,PFBSA,-0.53383257024364,0.0055559485665647,True,down
WBGene00018470,3,1.0,PFBSA,0.827102541874826,0.0056417880781813,True,up
WBGene00021732,3,1.0,PFBSA,0.416444985550338,0.005668300891481,True,up
WBGene00001649,3,1.0,PFBSA,0.239804134237408,0.0058080019452544,True,up
WBGene00006819,3,1.0,PFBSA,-0.213556568400532,0.0058448066261739,True,down
WBGene00007717,3,0.6,PFBSA,0.683686675418176,0.0059467601297343,True,up
WBGene00000655,3,0.6333333333333333,PFBSA,1.3434079404933,0.0059857603601366,True,up
WBGene00007963,3,0.9333333333333333,PFBSA,-0.988837027977603,0.0059889876067295,True,down
WBGene00008900,3,0.7,PFBSA,0.292664410415022,0.0060348501825009,True,up
WBGene00022712,3,1.0,PFBSA,0.441985074458665,0.0060732832068275,True,up
WBGene00008554,3,1.0,PFBSA,-0.378712098166591,0.0062307344988304,True,down
WBGene00017885,3,1.0,PFBSA,0.226963586086895,0.006378011794069,True,up
WBGene00016438,3,1.0,PFBSA,0.327604822581514,0.0064489298149088,True,up
WBGene00003630,3,0.8666666666666667,PFBSA,0.237454784641642,0.0064600055327195,True,up
WBGene00003000,3,1.0,PFBSA,0.407201599427627,0.0064976937719835,True,up
WBGene00194726,3,1.0,PFBSA,0.87827972133041,0.0065148767834916,True,up
WBGene00001920,3,0.7333333333333333,PFBSA,1.08227977277097,0.0065580572373362,True,up
WBGene00001475,3,1.0,PFBSA,0.286438403834992,0.0066534600301719,True,up
WBGene00004147,3,0.9,PFBSA,0.207347765502684,0.0068223580724304,True,up
WBGene00044349,3,1.0,PFBSA,1.00042143329722,0.006904955546021,True,up
WBGene00022485,3,1.0,PFBSA,0.447117284592816,0.006904955546021,True,up
WBGene00005032,3,0.9,PFBSA,0.892473064092836,0.0069376538139484,True,up
WBGene00010328,3,0.9666666666666667,PFBSA,0.626586274970589,0.0069376538139484,True,up
WBGene00011021,3,1.0,PFBSA,0.561176531378528,0.0069401315429455,True,up
WBGene00019909,3,1.0,PFBSA,1.6407783720879,0.0070705013576558,True,up
WBGene00007541,3,0.9666666666666667,PFBSA,1.32897141709668,0.0073079532706003,True,up
WBGene00022745,3,1.0,PFBSA,0.243937229905768,0.0075856725100756,True,up
WBGene00012428,3,1.0,PFBSA,-0.644448745605109,0.0076060884229953,True,down
WBGene00003702,3,0.9333333333333333,PFBSA,0.536837599912721,0.007643356173341,True,up
WBGene00022592,3,1.0,PFBSA,0.289930402449766,0.0076434699358795,True,up
WBGene00050899,3,1.0,PFBSA,1.08527493551288,0.0076622594322908,True,up
WBGene00019001,3,0.9666666666666667,PFBSA,0.236461102386742,0.0078492690603939,True,up
WBGene00013950,3,0.9333333333333333,PFBSA,0.550404324160286,0.0079711222698563,True,up
WBGene00006742,3,0.9,PFBSA,0.230056263975448,0.0080684130806079,True,up
WBGene00005719,3,1.0,PFBSA,1.97400261095387,0.0082478926962388,True,up
WBGene00001936,3,1.0,PFBSA,1.28710438508229,0.0082526851235132,True,up
WBGene00020563,3,0.5,PFBSA,0.48676733605062,0.0083198258843597,True,up
WBGene00008454,3,1.0,PFBSA,0.329528927641582,0.0083666740647092,True,up
WBGene00011364,3,1.0,PFBSA,-0.727396750003136,0.0084875611222132,True,down
WBGene00007799,3,0.9333333333333333,PFBSA,0.202629464264481,0.0085498561860325,True,up
WBGene00009844,3,1.0,PFBSA,0.444725284466805,0.0086613092829602,True,up
WBGene00020962,3,1.0,PFBSA,-0.552865379550478,0.0088831946742858,True,down
WBGene00010788,3,0.6,PFBSA,0.42618158255633,0.0089410390608733,True,up
WBGene00003759,3,0.9,PFBSA,0.353140890619336,0.0089429833167081,True,up
WBGene00003892,3,1.0,PFBSA,0.462916288259108,0.0090855917953047,True,up
WBGene00001158,3,1.0,PFBSA,1.13598144067838,0.0091883377656476,True,up
WBGene00010632,3,0.8666666666666667,PFBSA,0.40719065867581,0.0091948472317684,True,up
WBGene00001757,3,1.0,PFBSA,0.852809882418646,0.0093537082480791,True,up
WBGene00011106,3,0.5666666666666667,PFBSA,-0.20490843095437,0.0094928215153543,True,down
WBGene00007716,3,0.9666666666666667,PFBSA,1.01715304092743,0.009745210695929,True,up
WBGene00043983,3,1.0,PFBSA,0.373365753075406,0.0097847044733323,True,up
WBGene00044696,3,0.8666666666666667,PFBSA,0.538950890977581,0.0097896757922766,True,up
WBGene00007779,3,1.0,PFBSA,0.288733672991083,0.0100888835773232,True,up
WBGene00008240,3,1.0,PFBSA,0.714986450751882,0.0103649883596531,True,up
WBGene00044611,3,1.0,PFBSA,2.06524699095732,0.01038235415055,True,up
WBGene00006656,3,1.0,PFBSA,0.413414041454216,0.010424091832898,True,up
WBGene00020494,3,1.0,PFBSA,1.99463142046416,0.0105838880452542,True,up
WBGene00001546,3,0.8,PFBSA,-0.410619372335424,0.0106209789607558,True,down
WBGene00006757,3,1.0,PFBSA,0.204982975501618,0.0108342124347441,True,up
WBGene00018468,3,1.0,PFBSA,0.44209197267448,0.0108562423815861,True,up
WBGene00019312,3,1.0,PFBSA,0.789596054132717,0.0111453557261239,True,up
WBGene00008591,3,0.9333333333333333,PFBSA,1.53510786655544,0.0112352495418825,True,up
WBGene00015839,3,0.6,PFBSA,1.62021330039093,0.0112975800376782,True,up
WBGene00019774,3,1.0,PFBSA,0.364245511293368,0.0114623266538598,True,up
WBGene00006818,3,1.0,PFBSA,0.296531263644532,0.0115105965812843,True,up
WBGene00003720,3,1.0,PFBSA,0.370868761609303,0.0115772876357459,True,up
WBGene00023493,3,1.0,PFBSA,-0.286679139666039,0.0115807024526957,True,down
WBGene00015337,3,0.9666666666666667,PFBSA,1.66417685907911,0.011617461016775,True,up
WBGene00007758,3,0.6666666666666666,PFBSA,0.961227344426674,0.0116221613652006,True,up
WBGene00000276,3,1.0,PFBSA,0.255317399988576,0.0119079955662645,True,up
WBGene00001594,3,1.0,PFBSA,0.261607686505423,0.0120384658187731,True,up
WBGene00008681,3,0.9,PFBSA,0.485054546031715,0.0121099422668935,True,up
WBGene00000726,3,1.0,PFBSA,-0.845737710995111,0.012356898200352,True,down
WBGene00002207,3,0.9,PFBSA,0.224067763624313,0.012479686636336,True,up
WBGene00020363,3,1.0,PFBSA,0.597282459028346,0.0124806369036755,True,up
WBGene00008220,3,1.0,PFBSA,-0.623675881722214,0.0124834811277396,True,down
WBGene00012399,3,0.7,PFBSA,0.938128045487404,0.0127436931836541,True,up
WBGene00014256,3,0.6333333333333333,PFBSA,0.269192424804015,0.0132075128772809,True,up
WBGene00018601,3,1.0,PFBSA,2.73939206468678,0.0132210622089512,True,up
WBGene00020565,3,1.0,PFBSA,0.931041720572161,0.0133857893822614,True,up
WBGene00011088,3,1.0,PFBSA,0.55608107105845,0.0133857893822614,True,up
WBGene00015045,3,0.6333333333333333,PFBSA,2.5801426645043,0.0133993320984273,True,up
WBGene00007833,3,1.0,PFBSA,0.985140149402117,0.0136058915021434,True,up
WBGene00008712,3,0.8666666666666667,PFBSA,-1.96371212381267,0.0138700116522438,True,down
WBGene00013844,3,0.7,PFBSA,1.05293790428061,0.0140674164530328,True,up
WBGene00015601,3,1.0,PFBSA,1.63032013425644,0.0141145160065158,True,up
WBGene00007752,3,0.9,PFBSA,0.196725429106929,0.0141610202642614,True,up
WBGene00002173,3,1.0,PFBSA,0.29875278530772,0.0142491054289506,True,up
WBGene00019092,3,1.0,PFBSA,-0.370978856333989,0.0143547631470261,True,down
WBGene00004771,3,1.0,PFBSA,0.49225910047584,0.0145852100439417,True,up
WBGene00011684,3,0.9333333333333333,PFBSA,0.379693319887933,0.0146268637586983,True,up
WBGene00044646,3,1.0,PFBSA,0.963904616783598,0.0146343735504678,True,up
WBGene00007437,3,1.0,PFBSA,1.58512081011794,0.0147458447874511,True,up
WBGene00017744,3,1.0,PFBSA,0.447786721097096,0.0148766261208872,True,up
WBGene00012535,3,1.0,PFBSA,1.20082568071678,0.0148922497932131,True,up
WBGene00013584,3,0.9333333333333333,PFBSA,0.428676521924959,0.0149049001646496,True,up
WBGene00004509,3,1.0,PFBSA,0.560255384292925,0.0149706228630533,True,up
WBGene00019304,3,0.9333333333333333,PFBSA,0.518276926661532,0.0150234808688693,True,up
WBGene00011289,3,0.9666666666666667,PFBSA,0.31297390712953,0.0152245380590591,True,up
WBGene00006752,3,1.0,PFBSA,0.202463472236625,0.0153831217757264,True,up
WBGene00008415,3,0.9,PFBSA,0.317225567028107,0.0154232225426582,True,up
WBGene00015728,3,1.0,PFBSA,0.44370387154318,0.015577189046257,True,up
WBGene00021395,3,1.0,PFBSA,0.323693623470081,0.0156665794847504,True,up
WBGene00021787,3,1.0,PFBSA,0.987133849511772,0.0158006601609743,True,up
WBGene00000449,3,1.0,PFBSA,0.315184570811087,0.0159074110636782,True,up
WBGene00007525,3,0.9333333333333333,PFBSA,0.827389729413744,0.0159900446055002,True,up
WBGene00006782,3,1.0,PFBSA,0.542285922676241,0.0162383482583381,True,up
WBGene00013825,3,1.0,PFBSA,1.35547055635824,0.016461792611034,True,up
WBGene00009724,3,0.6333333333333333,PFBSA,0.562606847168946,0.016461792611034,True,up
WBGene00003885,3,1.0,PFBSA,0.460353532242062,0.0166008556257236,True,up
WBGene00019347,3,1.0,PFBSA,0.245545249217085,0.0166269196392024,True,up
WBGene00003677,3,0.9,PFBSA,0.273794626936451,0.0168846265656113,True,up
WBGene00010974,3,1.0,PFBSA,0.349332286857886,0.0169063666932522,True,up
WBGene00044643,3,0.9666666666666667,PFBSA,0.388672726470226,0.0171946371966447,True,up
WBGene00020126,3,0.9,PFBSA,0.364629857352455,0.0175295066336954,True,up
WBGene00016539,3,1.0,PFBSA,0.209924362212712,0.0175965959604696,True,up
WBGene00001592,3,1.0,PFBSA,0.304777790483724,0.0176028273911055,True,up
WBGene00020276,3,1.0,PFBSA,0.377195703799124,0.0176476380927147,True,up
WBGene00009639,3,1.0,PFBSA,-0.297528751928143,0.0176476380927147,True,down
WBGene00020903,3,1.0,PFBSA,0.473272683754116,0.0176573939014381,True,up
WBGene00004006,3,1.0,PFBSA,-0.359914864887664,0.0176580736536017,True,down
WBGene00013489,3,0.6333333333333333,PFBSA,0.36974029941741,0.0177195937654325,True,up
WBGene00022010,3,1.0,PFBSA,0.211845160202221,0.0177866778979158,True,up
WBGene00001588,3,0.7333333333333333,PFBSA,0.31656918980144,0.0179855418991433,True,up
WBGene00019105,3,1.0,PFBSA,-0.578788745400491,0.0182827201704317,True,down
WBGene00000512,3,1.0,PFBSA,0.454349039177669,0.0183301877153666,True,up
WBGene00012347,3,1.0,PFBSA,0.191999261336784,0.0185904969400747,True,up
WBGene00015186,3,1.0,PFBSA,-0.2105195156814,0.0190278788961695,True,down
WBGene00002259,3,1.0,PFBSA,0.594999148287845,0.0191062375960804,True,up
WBGene00010575,3,0.7,PFBSA,0.359266064491521,0.0191413270863079,True,up
WBGene00000111,3,0.9333333333333333,PFBSA,0.501085235317254,0.0192247687168253,True,up
WBGene00017807,3,1.0,PFBSA,1.11964446266686,0.0193958155274475,True,up
WBGene00020695,3,1.0,PFBSA,0.220829674070091,0.0194758867975984,True,up
WBGene00021503,3,0.9,PFBSA,0.308203167202277,0.0195633393941859,True,up
WBGene00044181,3,1.0,PFBSA,1.14702641595956,0.0197665855072888,True,up
WBGene00022456,3,0.7666666666666667,PFBSA,-0.186513073407404,0.0197665855072888,True,down
WBGene00007984,3,0.9,PFBSA,0.243791906776471,0.0202243203828864,True,up
WBGene00017226,3,0.9666666666666667,PFBSA,0.523236891676498,0.0202637664577403,True,up
WBGene00017563,3,1.0,PFBSA,-0.561774942961894,0.0208134178641912,True,down
WBGene00004316,3,0.9333333333333333,PFBSA,0.196449690287382,0.0211014056286149,True,up
WBGene00013845,3,1.0,PFBSA,0.524104741551561,0.0214157047201767,True,up
WBGene00006677,3,1.0,PFBSA,0.488178150084849,0.0214894315923262,True,up
WBGene00016295,3,0.9,PFBSA,0.468299743995111,0.0215344655934984,True,up
WBGene00019829,3,0.9333333333333333,PFBSA,0.310679683103732,0.0215616233236264,True,up
WBGene00019025,3,0.9666666666666667,PFBSA,0.75053947586634,0.0219899284580812,True,up
WBGene00018672,3,1.0,PFBSA,0.242218361553107,0.0220642892461008,True,up
WBGene00002189,3,1.0,PFBSA,0.155824711646535,0.0220765890970946,True,up
WBGene00019521,3,1.0,PFBSA,0.304169380016765,0.0221857171567714,True,up
WBGene00018316,3,0.9,PFBSA,0.190557130249063,0.022493726699535,True,up
WBGene00022802,3,0.9,PFBSA,0.50683605264335,0.0225304969491138,True,up
WBGene00004096,3,1.0,PFBSA,0.616618267029469,0.0226436504073656,True,up
WBGene00010731,3,0.9,PFBSA,0.173314506972376,0.0226436504073656,True,up
WBGene00010680,3,0.6333333333333333,PFBSA,0.923978106475764,0.0226779734833041,True,up
WBGene00007509,3,1.0,PFBSA,1.02296794022128,0.0233509053992883,True,up
WBGene00003401,3,1.0,PFBSA,0.152534579516673,0.0233509053992883,True,up
WBGene00194674,3,1.0,PFBSA,-1.08258702956449,0.0233509053992883,True,down
WBGene00000841,3,0.9333333333333333,PFBSA,0.527552190133975,0.0233944387868691,True,up
WBGene00003409,3,1.0,PFBSA,0.354755220895715,0.0235423521209255,True,up
WBGene00011674,3,0.9666666666666667,PFBSA,2.8555087206838,0.023623932844074,True,up
WBGene00011030,3,0.9666666666666667,PFBSA,0.326154648252251,0.0237607202309772,True,up
WBGene00016911,3,0.5333333333333333,PFBSA,0.267439186885076,0.0237607202309772,True,up
WBGene00018068,3,1.0,PFBSA,0.610287470568863,0.0240532240574864,True,up
WBGene00018352,3,1.0,PFBSA,1.33155201450632,0.0242384423732489,True,up
WBGene00007445,3,1.0,PFBSA,0.557818654143224,0.0246362718429719,True,up
WBGene00010426,3,1.0,PFBSA,2.52269611161043,0.0246398470639224,True,up
WBGene00009814,3,0.7333333333333333,PFBSA,0.53631949608808,0.0246911161512614,True,up
WBGene00017880,3,1.0,PFBSA,0.42929248351001,0.0249935163398864,True,up
WBGene00016704,3,1.0,PFBSA,-0.219884485927791,0.0254037313975432,True,down
WBGene00016119,3,1.0,PFBSA,1.46752310702995,0.0255954126713395,True,up
WBGene00020825,3,0.8,PFBSA,0.661697303715276,0.0256395273203089,True,up
WBGene00004363,3,0.6333333333333333,PFBSA,-0.219164307846934,0.0258113818109556,True,down
WBGene00013704,3,1.0,PFBSA,0.792454119677498,0.0259734286625082,True,up
WBGene00008744,3,1.0,PFBSA,0.442917493576579,0.0260059905250023,True,up
WBGene00001763,3,1.0,PFBSA,0.589495353799484,0.0260075738839321,True,up
WBGene00000914,3,1.0,PFBSA,0.173399548800034,0.0262189440561653,True,up
WBGene00005271,3,0.9,PFBSA,0.789848234849158,0.0263034578893552,True,up
WBGene00044605,3,0.9333333333333333,PFBSA,-0.410218919151674,0.0263034578893552,True,down
WBGene00017754,3,0.9666666666666667,PFBSA,-0.857675054090348,0.0264594271762213,True,down
WBGene00021219,3,1.0,PFBSA,0.614933106121621,0.0264784441205375,True,up
WBGene00013439,3,0.5333333333333333,PFBSA,-0.445748337907695,0.0267851714427898,True,down
WBGene00006454,3,1.0,PFBSA,0.618958036744156,0.0276598937065617,True,up
WBGene00006363,3,0.8,PFBSA,0.248985164009947,0.0276598937065617,True,up
WBGene00044586,3,1.0,PFBSA,0.613190087145911,0.0277821858836709,True,up
WBGene00008599,3,1.0,PFBSA,0.411686372157021,0.0278572447770029,True,up
WBGene00015866,3,1.0,PFBSA,0.243428271335948,0.0278572447770029,True,up
WBGene00001171,3,0.9666666666666667,PFBSA,0.228397854024725,0.0279894969102203,True,up
WBGene00020366,3,0.6333333333333333,PFBSA,-0.278141934961935,0.0280321518165057,True,down
WBGene00022713,3,1.0,PFBSA,1.89210074557951,0.0282376820255505,True,up
WBGene00138724,3,1.0,PFBSA,0.803544477169871,0.0282472705858127,True,up
WBGene00021352,3,1.0,PFBSA,0.225837621071269,0.0284762068445812,True,up
WBGene00008284,3,1.0,PFBSA,0.42353939236312,0.0286605831956878,True,up
WBGene00003411,3,1.0,PFBSA,0.276191151099612,0.0287450753275218,True,up
WBGene00010150,3,0.6333333333333333,PFBSA,-0.291868216160564,0.0288599084555041,True,down
WBGene00003596,3,1.0,PFBSA,0.308269256736795,0.0288998939862712,True,up
WBGene00000455,3,1.0,PFBSA,0.336704879920319,0.029131544520998,True,up
WBGene00001811,3,1.0,PFBSA,0.395416471599702,0.0292429642750904,True,up
WBGene00019022,3,0.8333333333333334,PFBSA,0.372084391019487,0.0294364544637486,True,up
WBGene00050915,3,0.9,PFBSA,1.05858532631981,0.0297823817674608,True,up
WBGene00015919,3,1.0,PFBSA,-0.560187324406831,0.0297993826230663,True,down
WBGene00008927,3,1.0,PFBSA,0.231449291203568,0.0303572318864054,True,up
WBGene00008476,3,1.0,PFBSA,0.494704424150604,0.0305148980602001,True,up
WBGene00004735,3,0.6333333333333333,PFBSA,0.22568613508902,0.0308864452409657,True,up
WBGene00018250,3,1.0,PFBSA,0.783011270866273,0.0310448653221387,True,up
WBGene00009120,3,0.9666666666666667,PFBSA,0.187971935472148,0.0312532083150226,True,up
WBGene00009618,3,1.0,PFBSA,0.373745278296502,0.0313589710075976,True,up
WBGene00021977,3,0.9333333333333333,PFBSA,0.790434336065816,0.0325962289322283,True,up
WBGene00020302,3,0.9333333333333333,PFBSA,0.514302816167769,0.0327149390266451,True,up
WBGene00012813,3,0.6333333333333333,PFBSA,0.468979834223017,0.0327305834866453,True,up
WBGene00015042,3,1.0,PFBSA,2.39389615963434,0.0327783253425807,True,up
WBGene00002263,3,1.0,PFBSA,0.210024113945687,0.0330762297315898,True,up
WBGene00006639,3,1.0,PFBSA,0.75236587062342,0.0331849737553214,True,up
WBGene00006418,3,0.9666666666666667,PFBSA,0.86046689305313,0.033663617071978,True,up
WBGene00019018,3,0.7,PFBSA,0.202983533571837,0.033974325113228,True,up
WBGene00017292,3,1.0,PFBSA,0.329619892428001,0.0339766010189117,True,up
WBGene00005132,3,0.6,PFBSA,0.958111952634384,0.0339812029539007,True,up
WBGene00022410,3,1.0,PFBSA,0.229848545395037,0.0342134404670938,True,up
WBGene00003182,3,0.7333333333333333,PFBSA,0.357747428604006,0.0343370075808741,True,up
WBGene00000518,3,0.5,PFBSA,0.247546316423918,0.0343404948526313,True,up
WBGene00009390,3,1.0,PFBSA,1.05518652929673,0.0346122374697353,True,up
WBGene00000535,3,1.0,PFBSA,0.32791345800063,0.0348835905827669,True,up
WBGene00007336,3,0.9666666666666667,PFBSA,0.273533686298478,0.0350263031794932,True,up
WBGene00015271,3,1.0,PFBSA,0.521422645752263,0.035223154349427,True,up
WBGene00000903,3,0.5666666666666667,PFBSA,0.240999747878095,0.0352572072944464,True,up
WBGene00077763,3,1.0,PFBSA,0.708944789321649,0.0355074503819138,True,up
WBGene00009640,3,1.0,PFBSA,-0.435908563875129,0.0357055786829063,True,down
WBGene00020361,3,1.0,PFBSA,0.869005928549898,0.0358626578345648,True,up
WBGene00020587,3,1.0,PFBSA,-0.350634055505551,0.0360399917855837,True,down
WBGene00020672,3,0.9333333333333333,PFBSA,-1.19520419761824,0.0361619224911769,True,down
WBGene00002107,3,1.0,PFBSA,0.473967590599209,0.0362196565528586,True,up
WBGene00013586,3,0.9666666666666667,PFBSA,2.15506573924727,0.0363598902943382,True,up
WBGene00020746,3,0.9333333333333333,PFBSA,1.01760088832732,0.0364238904728143,True,up
WBGene00011959,3,0.5666666666666667,PFBSA,0.440686461250382,0.0364238904728143,True,up
WBGene00003821,3,1.0,PFBSA,0.18795565282359,0.0364498010863986,True,up
WBGene00000853,3,1.0,PFBSA,0.632620421808053,0.036852311372583,True,up
WBGene00044467,3,1.0,PFBSA,0.211660280136904,0.036852311372583,True,up
WBGene00017041,3,0.9,PFBSA,0.626159790144667,0.0368989663162444,True,up
WBGene00022588,3,0.9,PFBSA,0.595897322228388,0.0368989663162444,True,up
WBGene00010260,3,0.7333333333333333,PFBSA,0.166787301466756,0.0369120521100823,True,up
WBGene00016977,3,0.6666666666666666,PFBSA,0.156943576228735,0.0376734658015151,True,up
WBGene00005833,3,1.0,PFBSA,0.896302112466571,0.0378415230791306,True,up
WBGene00020504,3,0.9,PFBSA,0.15123216340175,0.037872017735364,True,up
WBGene00003647,3,1.0,PFBSA,0.46521274266307,0.0379624945667082,True,up
WBGene00001730,3,1.0,PFBSA,1.41377972465052,0.0379952739075545,True,up
WBGene00006959,3,1.0,PFBSA,0.193768513204807,0.0382949462253201,True,up
WBGene00015220,3,1.0,PFBSA,0.379987157368488,0.0384369340289597,True,up
WBGene00001173,3,1.0,PFBSA,-0.134581300508862,0.0386460242033112,True,down
WBGene00015978,3,0.5333333333333333,PFBSA,0.187496624195443,0.038957528638654,True,up
WBGene00019913,3,0.7666666666666667,PFBSA,1.4585799572551,0.0389678185682222,True,up
WBGene00019597,3,0.9666666666666667,PFBSA,0.454445029543991,0.0389678185682222,True,up
WBGene00017375,3,1.0,PFBSA,0.509925811390156,0.0391294187712211,True,up
WBGene00015692,3,1.0,PFBSA,-0.382502537560218,0.0397931469569068,True,down
WBGene00022668,3,0.9,PFBSA,0.41830039502824,0.0400253012705034,True,up
WBGene00000051,3,0.9,PFBSA,0.302396757099821,0.040150180664547,True,up
WBGene00013456,3,1.0,PFBSA,0.352118525196978,0.0403026246969861,True,up
WBGene00018728,3,1.0,PFBSA,0.484499580717453,0.040695418751539,True,up
WBGene00044677,3,1.0,PFBSA,0.535485249215885,0.0407230651272103,True,up
WBGene00008274,3,0.9,PFBSA,0.145913865144967,0.0410360498617931,True,up
WBGene00018684,3,1.0,PFBSA,1.04053823186882,0.0410742906955004,True,up
WBGene00003527,3,1.0,PFBSA,0.619877998484263,0.0411021205436394,True,up
WBGene00010335,3,1.0,PFBSA,0.376485637292055,0.0412569033623845,True,up
WBGene00009500,3,0.6333333333333333,PFBSA,0.293798753436103,0.0412707495066317,True,up
WBGene00018966,3,0.6333333333333333,PFBSA,0.425407094275341,0.0413439849052049,True,up
WBGene00269387,3,0.9333333333333333,PFBSA,-1.08291823720458,0.0422115136369964,True,down
WBGene00015419,3,0.9333333333333333,PFBSA,0.995463627372247,0.0424016867838166,True,up
WBGene00000285,3,0.8,PFBSA,0.323821715494493,0.0427970132089122,True,up
WBGene00001578,3,1.0,PFBSA,0.546644066634309,0.0429644584779636,True,up
WBGene00007347,3,1.0,PFBSA,0.438539220157918,0.0429842021041301,True,up
WBGene00018264,3,1.0,PFBSA,0.779500857076671,0.0430779709055614,True,up
WBGene00015969,3,1.0,PFBSA,0.371872868887735,0.0436194396583968,True,up
WBGene00021078,3,0.9666666666666667,PFBSA,0.171005692330857,0.0437901541903844,True,up
WBGene00006827,3,0.6333333333333333,PFBSA,0.222872670351082,0.0440076245031998,True,up
WBGene00011720,3,1.0,PFBSA,0.17352308771567,0.0440512280584053,True,up
WBGene00008617,3,0.9,PFBSA,0.98570394373402,0.0444669301976743,True,up
WBGene00007405,3,0.9,PFBSA,0.298944453874095,0.0446465832824811,True,up
WBGene00002093,3,1.0,PFBSA,0.8734436478636,0.0447179422722313,True,up
WBGene00015735,3,1.0,PFBSA,0.15107445075637,0.0451474500781705,True,up
WBGene00000727,3,1.0,PFBSA,0.559782817763316,0.0452886220488035,True,up
WBGene00001924,3,1.0,PFBSA,0.50752942857115,0.0454996695329642,True,up
WBGene00015483,3,0.9,PFBSA,-0.41064578651761,0.0460728661052036,True,down
WBGene00003374,3,0.9666666666666667,PFBSA,0.21286490082269,0.0461246402695326,True,up
WBGene00010943,3,1.0,PFBSA,-0.455410561371511,0.0461246402695326,True,down
WBGene00021372,3,1.0,PFBSA,0.5008871250999,0.0463206524592494,True,up
WBGene00007338,3,1.0,PFBSA,0.465991366752461,0.0466227822815779,True,up
WBGene00003404,3,1.0,PFBSA,0.206867793237315,0.0466227822815779,True,up
WBGene00015532,3,1.0,PFBSA,1.27021146218476,0.0467658028719292,True,up
WBGene00206514,3,1.0,PFBSA,0.973255962312954,0.0468487669258906,True,up
WBGene00044210,3,1.0,PFBSA,0.381638054509397,0.0468487669258906,True,up
WBGene00012869,3,1.0,PFBSA,0.316392825429165,0.0468487669258906,True,up
WBGene00011452,3,0.9333333333333333,PFBSA,0.405718546080915,0.0469199893657647,True,up
WBGene00011285,3,1.0,PFBSA,0.617843559474635,0.046946421894982,True,up
WBGene00001117,3,0.9333333333333333,PFBSA,0.356869855667917,0.046992886045364,True,up
WBGene00013440,3,1.0,PFBSA,0.333503673131617,0.046996330197992,True,up
WBGene00000037,3,0.7666666666666667,PFBSA,0.197019321778951,0.0470501392462494,True,up
WBGene00004045,3,0.9666666666666667,PFBSA,0.234612612446033,0.0473627884413525,True,up
WBGene00019772,3,0.9333333333333333,PFBSA,0.262397013334391,0.0473972004613404,True,up
WBGene00001930,3,0.7666666666666667,PFBSA,0.82232777285136,0.0474230413779463,True,up
WBGene00012721,3,0.5333333333333333,PFBSA,0.739540843054105,0.0476849888601431,True,up
WBGene00021075,3,0.5333333333333333,PFBSA,0.483714814116238,0.0482787874436466,True,up
WBGene00018024,3,1.0,PFBSA,-0.270676822745718,0.0484041500690107,True,down
WBGene00020767,3,0.9,PFBSA,0.262188944940316,0.0488259750604629,True,up
WBGene00012626,3,1.0,PFBSA,0.319008763433132,0.049552743560934,True,up
WBGene00006632,3,1.0,PFBSA,0.492894729501864,0.0497247906410083,True,up
WBGene00013994,3,0.9666666666666667,PFBSA,0.138389724886512,0.0499893533279854,True,up
WBGene00007453,3,1.0,PFBSA,0.631290023567395,0.0501953607991587,False,up
WBGene00000645,3,0.7666666666666667,PFBSA,0.664383114523745,0.0502043652317207,False,up
WBGene00012028,3,0.9,PFBSA,0.930602270584745,0.0503002120721893,False,up
WBGene00015936,3,1.0,PFBSA,1.06205394666045,0.050340108128085,False,up
WBGene00008481,3,1.0,PFBSA,0.403168003291729,0.0503593572844964,False,up
WBGene00008341,3,1.0,PFBSA,-0.658596350074306,0.0506694770005536,False,down
WBGene00018615,3,1.0,PFBSA,0.375186149784411,0.0507641761552309,False,up
WBGene00019476,3,0.6333333333333333,PFBSA,-0.440853916886907,0.0516076888054827,False,down
WBGene00008443,3,1.0,PFBSA,0.195562732924797,0.0518176416006618,False,up
WBGene00000035,3,0.9,PFBSA,0.212316375597185,0.0518442021630663,False,up
WBGene00005422,3,0.9333333333333333,PFBSA,-0.724238350745467,0.0518717652138433,False,down
WBGene00020954,3,1.0,PFBSA,0.322552990526787,0.0519897090414149,False,up
WBGene00006777,3,1.0,PFBSA,0.157645489989616,0.0523269504459026,False,up
WBGene00021461,3,1.0,PFBSA,0.397122523179131,0.0530812438061895,False,up
WBGene00000529,3,1.0,PFBSA,0.17074248442482,0.0532678364966964,False,up
WBGene00017673,3,1.0,PFBSA,0.888176244385312,0.0534442178623987,False,up
WBGene00016530,3,0.9666666666666667,PFBSA,0.291511833107605,0.0534442178623987,False,up
WBGene00018266,3,1.0,PFBSA,0.244406284075719,0.0539632384522954,False,up
WBGene00003600,3,0.9666666666666667,PFBSA,0.160524705774758,0.0540083935622732,False,up
WBGene00017336,3,1.0,PFBSA,0.702967856479232,0.0549025556359236,False,up
WBGene00007518,3,0.9333333333333333,PFBSA,0.538939513231734,0.0550764563919206,False,up
WBGene00020390,3,1.0,PFBSA,0.195979506590338,0.0554715986422066,False,up
WBGene00006486,3,0.7666666666666667,PFBSA,0.452265425059682,0.0560961049071516,False,up
WBGene00008890,3,1.0,PFBSA,0.360522763691863,0.0561093406788607,False,up
WBGene00009888,3,1.0,PFBSA,0.209194204194045,0.0561093406788607,False,up
WBGene00022111,3,0.6666666666666666,PFBSA,0.642169703491094,0.0568914587808893,False,up
WBGene00189987,3,1.0,PFBSA,0.804921326221277,0.0572352526619447,False,up
WBGene00013425,3,1.0,PFBSA,0.293835366425533,0.0577908042005351,False,up
WBGene00004344,3,0.9666666666666667,PFBSA,0.279729572132801,0.0583519536345063,False,up
WBGene00043982,3,0.9666666666666667,PFBSA,0.575916762906426,0.0583872375634477,False,up
WBGene00007513,3,1.0,PFBSA,-0.258171129857551,0.0586157195127268,False,down
WBGene00013830,3,1.0,PFBSA,0.741764551694717,0.0587230743147058,False,up
WBGene00007174,3,1.0,PFBSA,-1.10381611198584,0.0596359982592415,False,down
WBGene00013569,3,0.9,PFBSA,0.477113843528033,0.0602505024406777,False,up
WBGene00007203,3,0.6333333333333333,PFBSA,0.548782077661046,0.0608132731273025,False,up
WBGene00000284,3,0.9,PFBSA,0.234473059982828,0.0610392594040094,False,up
WBGene00019624,3,1.0,PFBSA,-0.481202627768921,0.0610445929931542,False,down
WBGene00000453,3,0.7333333333333333,PFBSA,0.239226257640201,0.0611017729599579,False,up
WBGene00077525,3,1.0,PFBSA,0.604390407649607,0.0617214537243905,False,up
WBGene00019716,3,1.0,PFBSA,-0.146866983775637,0.0620069235555941,False,down
WBGene00019649,3,1.0,PFBSA,0.345798397185605,0.0621685328298253,False,up
WBGene00010023,3,0.9666666666666667,PFBSA,1.12011838863008,0.062219006122643,False,up
WBGene00007932,3,1.0,PFBSA,0.353292744865287,0.062219006122643,False,up
WBGene00206366,3,0.9666666666666667,PFBSA,0.710994262478365,0.0624839907286166,False,up
WBGene00011242,3,0.9666666666666667,PFBSA,0.215050343973829,0.0625229346535531,False,up
WBGene00001989,3,1.0,PFBSA,0.259987066597361,0.0627664659947957,False,up
WBGene00003549,3,1.0,PFBSA,0.290392251418838,0.0629408263671885,False,up
WBGene00021894,3,1.0,PFBSA,-0.350661870911627,0.0636694856562216,False,down
WBGene00010770,3,1.0,PFBSA,0.239670376680523,0.063709986836046,False,up
WBGene00015593,3,1.0,PFBSA,0.61463583187963,0.0637983965554771,False,up
WBGene00010752,3,1.0,PFBSA,0.574322919719155,0.0638767320843655,False,up
WBGene00284848,3,0.9666666666666667,PFBSA,1.35593314429893,0.064211547088672,False,up
WBGene00013359,3,1.0,PFBSA,0.259048703141781,0.064511259051077,False,up
WBGene00003676,3,1.0,PFBSA,0.179537736768859,0.0645233671236373,False,up
WBGene00004856,3,1.0,PFBSA,-0.306416098968102,0.0651074797506303,False,down
WBGene00044297,3,0.9,PFBSA,0.448299282765745,0.0652345850857806,False,up
WBGene00007288,3,0.8666666666666667,PFBSA,1.1300749943664,0.0653164769140556,False,up
WBGene00012606,3,1.0,PFBSA,0.323007718477607,0.0654467616720033,False,up
WBGene00013949,3,0.9666666666666667,PFBSA,0.455838228501786,0.0657536786980888,False,up
WBGene00014036,3,0.9666666666666667,PFBSA,-0.172876665793197,0.0657536786980888,False,down
WBGene00271744,3,0.7,PFBSA,0.54639451782891,0.0658381487607165,False,up
WBGene00020497,3,0.9666666666666667,PFBSA,0.553297658612236,0.0659770414530937,False,up
WBGene00195166,3,1.0,PFBSA,0.798211468667262,0.0660434015754653,False,up
WBGene00022519,3,1.0,PFBSA,0.198946943377796,0.066554631472639,False,up
WBGene00006870,3,0.6333333333333333,PFBSA,0.200859488495964,0.0668125818722083,False,up
WBGene00020450,3,1.0,PFBSA,0.273426277269209,0.066985034662025,False,up
WBGene00004437,3,0.9,PFBSA,0.222068316039267,0.0677582452720356,False,up
WBGene00001971,3,0.9,PFBSA,-0.11635038763555,0.068079823312982,False,down
WBGene00017390,3,1.0,PFBSA,1.45982086466103,0.0689737908628445,False,up
WBGene00021643,3,1.0,PFBSA,0.392851361801324,0.0691079871833453,False,up
WBGene00021340,3,1.0,PFBSA,0.370714002217885,0.0692049288066368,False,up
WBGene00004126,3,0.9,PFBSA,0.148505316340469,0.0692058254886545,False,up
WBGene00021339,3,1.0,PFBSA,0.66850850253558,0.0693258400852007,False,up
WBGene00008455,3,0.9666666666666667,PFBSA,0.184523886759995,0.0694213707091483,False,up
WBGene00022498,3,1.0,PFBSA,0.714068476005317,0.0694533598271398,False,up
WBGene00007577,3,0.5333333333333333,PFBSA,0.161723585816554,0.0694914666708765,False,up
WBGene00021820,3,1.0,PFBSA,0.158019021525055,0.0705618967184655,False,up
WBGene00006499,3,1.0,PFBSA,0.184538480495723,0.0713476493095542,False,up
WBGene00007827,3,0.9,PFBSA,0.457296167341616,0.0717207778766459,False,up
WBGene00022131,3,1.0,PFBSA,0.376151688102601,0.0717772306886381,False,up
WBGene00007071,3,1.0,PFBSA,0.334792165933433,0.0718721191916699,False,up
WBGene00001615,3,0.7,PFBSA,0.17496251575406,0.0729433823109735,False,up
WBGene00009558,3,1.0,PFBSA,0.219732842462038,0.0734271399452303,False,up
WBGene00011879,3,1.0,PFBSA,0.401690680563188,0.0741153763452457,False,up
WBGene00015671,3,0.9666666666666667,PFBSA,0.251361501830552,0.0741153763452457,False,up
WBGene00016100,3,1.0,PFBSA,0.563220941384074,0.0744824104436353,False,up
WBGene00003621,3,0.9666666666666667,PFBSA,0.384621598561844,0.0751139782350883,False,up
WBGene00013637,3,1.0,PFBSA,0.433073130383649,0.0754945020249309,False,up
WBGene00011116,3,1.0,PFBSA,0.233608358598689,0.0754945020249309,False,up
WBGene00009930,3,1.0,PFBSA,-0.242783410618215,0.0754945020249309,False,down
WBGene00008195,3,1.0,PFBSA,-0.246204787784179,0.0757568645377035,False,down
WBGene00044304,3,1.0,PFBSA,0.371499329153748,0.0760675208809746,False,up
WBGene00008663,3,0.9666666666666667,PFBSA,0.385721444749442,0.0765129090535792,False,up
WBGene00013776,3,0.9333333333333333,PFBSA,0.573515571728221,0.0767950989480743,False,up
WBGene00022061,3,0.9,PFBSA,0.512793219446605,0.0768611116699778,False,up
WBGene00011923,3,0.9333333333333333,PFBSA,-0.305080005010959,0.0770648517637332,False,down
WBGene00015560,3,0.9,PFBSA,0.354301326721365,0.0771763448642244,False,up
WBGene00006727,3,0.9333333333333333,PFBSA,0.166641439447848,0.0775099380455754,False,up
WBGene00021079,3,0.9333333333333333,PFBSA,0.340833936624629,0.07764365719513,False,up
WBGene00019623,3,0.9666666666666667,PFBSA,0.624328175366788,0.0777007235631715,False,up
WBGene00017268,3,0.5666666666666667,PFBSA,0.153392886312978,0.0777007235631715,False,up
WBGene00000096,3,1.0,PFBSA,0.34356139038418,0.0777482142689947,False,up
WBGene00019484,3,1.0,PFBSA,-0.46898187112289,0.0784411160660721,False,down
WBGene00000262,3,0.7333333333333333,PFBSA,0.276757508752764,0.0786317653913222,False,up
WBGene00001751,3,0.7333333333333333,PFBSA,0.374269540967118,0.0786549879807696,False,up
WBGene00013298,3,0.9666666666666667,PFBSA,0.791509610052386,0.078815213004101,False,up
WBGene00015537,3,0.6,PFBSA,0.931480998133402,0.0792767110939795,False,up
WBGene00004356,3,1.0,PFBSA,0.16827975212309,0.0795275300938149,False,up
WBGene00019513,3,0.9,PFBSA,0.203686856919857,0.079677803031454,False,up
WBGene00002255,3,1.0,PFBSA,0.203906952183925,0.0796871673898638,False,up
WBGene00018042,3,1.0,PFBSA,0.348619028507177,0.0796940230694877,False,up
WBGene00018855,3,1.0,PFBSA,0.874138639827912,0.0799482899672386,False,up
WBGene00021926,3,1.0,PFBSA,0.177971008359,0.0802253773652557,False,up
WBGene00015934,3,1.0,PFBSA,0.255429581796189,0.0807778598587024,False,up
WBGene00021408,3,0.9,PFBSA,0.469213088617309,0.0810034359192951,False,up
WBGene00004922,3,0.9333333333333333,PFBSA,0.171384925599268,0.0811623683413118,False,up
WBGene00018406,3,1.0,PFBSA,0.782351450926056,0.0813638068278992,False,up
WBGene00010836,3,0.8666666666666667,PFBSA,0.54679322377983,0.0815772184897266,False,up
WBGene00018023,3,1.0,PFBSA,0.513480711420008,0.0819150664439001,False,up
WBGene00006686,3,0.9,PFBSA,0.385330212994787,0.0819150664439001,False,up
WBGene00001779,3,1.0,PFBSA,0.603243979662643,0.0827270414906235,False,up
WBGene00003856,3,0.9,PFBSA,0.621431388531275,0.082901183883654,False,up
WBGene00010221,3,1.0,PFBSA,0.182750602743262,0.082901183883654,False,up
WBGene00019020,3,1.0,PFBSA,0.34513396063209,0.0833908316587558,False,up
WBGene00009202,3,0.5,PFBSA,0.728655074422885,0.0835002045528689,False,up
WBGene00002211,3,1.0,PFBSA,-0.526808715326226,0.0836771502722322,False,down
WBGene00004212,3,1.0,PFBSA,-0.147424403563408,0.083736434074922,False,down
WBGene00010706,3,0.5333333333333333,PFBSA,-0.805230682152204,0.0844115439503669,False,down
WBGene00021978,3,0.9,PFBSA,0.650121292449962,0.0844429477268523,False,up
WBGene00235271,3,1.0,PFBSA,0.716460201900123,0.0845114568450317,False,up
WBGene00001410,3,1.0,PFBSA,0.37537377320243,0.0848897708549944,False,up
WBGene00022337,3,1.0,PFBSA,0.636322366416077,0.0851054986068205,False,up
WBGene00004068,3,0.9666666666666667,PFBSA,0.279031038616905,0.086470247076444,False,up
WBGene00016415,3,1.0,PFBSA,0.135195437912244,0.0869432790791845,False,up
WBGene00010012,3,0.9333333333333333,PFBSA,0.182501543921262,0.0872400718852722,False,up
WBGene00012398,3,1.0,PFBSA,0.804036051616476,0.0875839013367256,False,up
WBGene00014145,3,0.9666666666666667,PFBSA,0.510991911331463,0.0875839013367256,False,up
WBGene00001668,3,0.6,PFBSA,0.534890179529247,0.0876152253973754,False,up
WBGene00004114,3,0.9,PFBSA,0.260278685182945,0.0877084352477475,False,up
WBGene00011958,3,1.0,PFBSA,0.665154583599084,0.0878875500584324,False,up
WBGene00022471,3,1.0,PFBSA,-0.322927138088452,0.0879362302446288,False,down
WBGene00007180,3,1.0,PFBSA,0.265290434973168,0.0880376513405564,False,up
WBGene00010736,3,0.9,PFBSA,0.171893708321188,0.0881697209717271,False,up
WBGene00044120,3,0.9,PFBSA,0.462525648028615,0.0885796626264747,False,up
WBGene00000186,3,0.9333333333333333,PFBSA,0.127934894542059,0.0886378983375886,False,up
WBGene00014001,3,1.0,PFBSA,0.232951861882768,0.0886410327600562,False,up
WBGene00018232,3,1.0,PFBSA,-0.722163672921145,0.0886410327600562,False,down
WBGene00001550,3,1.0,PFBSA,0.416776031368218,0.0889072699163206,False,up
WBGene00219289,3,1.0,PFBSA,0.9475791940208,0.0893332098308375,False,up
WBGene00019590,3,1.0,PFBSA,0.57080164721424,0.0893942675509331,False,up
WBGene00017973,3,0.8666666666666667,PFBSA,0.309439316880438,0.0894381888558265,False,up
WBGene00023414,3,1.0,PFBSA,0.216173420536908,0.0900375914060559,False,up
WBGene00005703,3,1.0,PFBSA,0.499228278311251,0.0903579062289336,False,up
WBGene00020339,3,1.0,PFBSA,0.422794535724136,0.0908707341968837,False,up
WBGene00020455,3,0.7,PFBSA,0.425812277005672,0.0908803724277323,False,up
WBGene00022627,3,1.0,PFBSA,0.654594663843086,0.0909871831050354,False,up
WBGene00235287,3,1.0,PFBSA,0.411522795850736,0.0911101117647543,False,up
WBGene00007216,3,1.0,PFBSA,0.228922647834444,0.0913760316008681,False,up
WBGene00015484,3,1.0,PFBSA,0.330578380096348,0.0918403442081436,False,up
WBGene00009535,3,1.0,PFBSA,1.46548747103673,0.0920711430621031,False,up
WBGene00003694,3,1.0,PFBSA,0.223754938082995,0.0921775794732304,False,up
WBGene00015188,3,0.6333333333333333,PFBSA,-0.2486283993011,0.0929264986461997,False,down
WBGene00009493,3,1.0,PFBSA,0.592886026202221,0.0929767337868048,False,up
WBGene00007162,3,1.0,PFBSA,0.37260965330492,0.0933751163170293,False,up
WBGene00012494,3,1.0,PFBSA,0.282059735931651,0.093395700534661,False,up
WBGene00008265,3,0.6,PFBSA,0.261452882656601,0.0934727806184022,False,up
WBGene00007247,3,1.0,PFBSA,0.306439982181988,0.0937639892332148,False,up
WBGene00014090,3,0.9333333333333333,PFBSA,-0.226829937818605,0.094304178568693,False,down
WBGene00019351,3,0.9666666666666667,PFBSA,-0.175931675830843,0.0943234068369296,False,down
WBGene00008002,3,1.0,PFBSA,0.597091584406133,0.0944702288850906,False,up
WBGene00008352,3,0.7,PFBSA,0.41548638987402,0.0945821481689506,False,up
WBGene00010693,3,1.0,PFBSA,0.688877625646168,0.0947120103855386,False,up
WBGene00009805,3,0.9,PFBSA,1.6888930241624,0.0949575514507514,False,up
WBGene00013907,3,0.9,PFBSA,1.06314720081877,0.0949839441435144,False,up
WBGene00017565,3,1.0,PFBSA,-0.329369447616277,0.0951349009115851,False,down
WBGene00021581,3,0.9,PFBSA,-1.30423641301418,0.0957830967772816,False,down
WBGene00000673,3,1.0,PFBSA,0.249430187169157,0.0961389342814679,False,up
WBGene00015718,3,1.0,PFBSA,1.58896459410348,0.0962537735172789,False,up
WBGene00235340,3,1.0,PFBSA,-0.262529764295832,0.0962537735172789,False,down
WBGene00018346,3,1.0,PFBSA,0.453460676509477,0.0963031958015901,False,up
WBGene00010082,3,1.0,PFBSA,0.704916889684472,0.0963453388831836,False,up
WBGene00021654,3,1.0,PFBSA,0.643997153448802,0.0964660828538069,False,up
WBGene00016522,3,1.0,PFBSA,0.483187437678234,0.096604029151271,False,up
WBGene00019939,3,1.0,PFBSA,0.965066879754666,0.0969196877966991,False,up
WBGene00020720,3,0.9,PFBSA,0.959171130920123,0.0969196877966991,False,up
WBGene00010202,3,0.9666666666666667,PFBSA,0.702418393905336,0.0969196877966991,False,up
WBGene00195142,3,1.0,PFBSA,0.359682048884157,0.0969196877966991,False,up
WBGene00015996,3,0.5,PFBSA,0.290817226470771,0.0970093663374332,False,up
WBGene00077701,3,0.9666666666666667,PFBSA,-0.566615761343537,0.0976650897036392,False,down
WBGene00013336,3,1.0,PFBSA,0.613273984716429,0.0979617237064267,False,up
WBGene00013538,3,1.0,PFBSA,0.195752248695264,0.0979617237064267,False,up
WBGene00022522,3,1.0,PFBSA,0.420165396385665,0.0980796404209342,False,up
WBGene00007885,3,0.7666666666666667,PFBSA,0.344536108302105,0.0983539676539354,False,up
WBGene00009452,3,1.0,PFBSA,0.18252385143312,0.0984702358366475,False,up
WBGene00006527,3,1.0,PFBSA,0.135966544639418,0.0984786687013909,False,up
WBGene00013175,3,0.9333333333333333,PFBSA,0.948929982611778,0.098494949098646,False,up
WBGene00018456,3,1.0,PFBSA,0.667489082179749,0.0986357384389665,False,up
WBGene00000906,3,0.9666666666666667,PFBSA,0.335242171612889,0.0987346102041101,False,up
WBGene00001440,3,0.9333333333333333,PFBSA,0.383951112873407,0.0992149271615218,False,up
WBGene00011305,3,1.0,PFBSA,0.477108566403048,0.0994608746027032,False,up
WBGene00008073,3,1.0,PFBSA,0.42335535474999,0.0996046312520667,False,up
WBGene00010907,3,1.0,PFBSA,-0.359477387099447,0.09986246682578,False,down
WBGene00020846,3,1.0,PFBSA,-0.706571919829927,0.09986246682578,False,down
WBGene00011829,3,0.9,PFBSA,-0.51533758129569,0.10068717778302,False,down
WBGene00003755,3,1.0,PFBSA,0.361044526108687,0.101102526163474,False,up
WBGene00010868,3,1.0,PFBSA,0.157157860017834,0.101531301266817,False,up
WBGene00044442,3,1.0,PFBSA,-0.632105539106828,0.101826194055861,False,down
WBGene00007178,3,0.9,PFBSA,-0.217239015568855,0.103116851658428,False,down
WBGene00015948,3,0.5,PFBSA,0.457381638150663,0.103583776814561,False,up
WBGene00008880,3,1.0,PFBSA,0.220799474841858,0.103860615951955,False,up
WBGene00219423,3,0.9,PFBSA,0.863941839013772,0.104104066771266,False,up
WBGene00018311,3,1.0,PFBSA,0.371876467908712,0.104292769981311,False,up
WBGene00019871,3,0.9666666666666667,PFBSA,0.127893935270693,0.104536923481126,False,up
WBGene00194815,3,0.9666666666666667,PFBSA,0.724984345488814,0.105007151786052,False,up
WBGene00001723,3,1.0,PFBSA,0.662125897313113,0.105007151786052,False,up
WBGene00020456,3,0.9333333333333333,PFBSA,0.360248521287147,0.105007151786052,False,up
WBGene00007397,3,0.9666666666666667,PFBSA,0.643703200527804,0.105223870015382,False,up
WBGene00022325,3,1.0,PFBSA,0.578798736689028,0.105348734928988,False,up
WBGene00001557,3,1.0,PFBSA,0.277857780161526,0.105517319720849,False,up
WBGene00019744,3,1.0,PFBSA,0.415331668024656,0.105859705432148,False,up
WBGene00015619,3,0.9,PFBSA,0.205266739959285,0.105859705432148,False,up
WBGene00006987,3,0.5,PFBSA,0.486310298748234,0.106024560639825,False,up
WBGene00015057,3,0.8333333333333334,PFBSA,0.350267776800397,0.10602699999352,False,up
WBGene00003690,3,1.0,PFBSA,-0.151898421427602,0.106648274470273,False,down
WBGene00010722,3,1.0,PFBSA,-0.36063455955671,0.106678398664153,False,down
WBGene00006938,3,0.9,PFBSA,0.66228588624591,0.107461743710328,False,up
WBGene00011166,3,1.0,PFBSA,-0.351325547764541,0.107461743710328,False,down
WBGene00016566,3,1.0,PFBSA,0.183791465226367,0.107960650551224,False,up
WBGene00014152,3,1.0,PFBSA,0.68590979975413,0.108316707745378,False,up
WBGene00011198,3,1.0,PFBSA,0.142432115783566,0.108493401995696,False,up
WBGene00007070,3,1.0,PFBSA,-0.264552999335973,0.108901840683164,False,down
WBGene00020444,3,1.0,PFBSA,0.433053571661727,0.10918555347514,False,up
WBGene00005758,3,0.9666666666666667,PFBSA,0.601890283116575,0.109244539019436,False,up
WBGene00009901,3,0.9,PFBSA,0.359242533287135,0.109244539019436,False,up
WBGene00004024,3,0.8333333333333334,PFBSA,0.179582798210288,0.109469271379504,False,up
WBGene00003706,3,1.0,PFBSA,-0.353540568886339,0.109711522189627,False,down
WBGene00007351,3,0.9,PFBSA,0.60318167633278,0.109772688444028,False,up
WBGene00007392,3,0.5333333333333333,PFBSA,0.425531074137218,0.110994350461545,False,up
WBGene00016997,3,0.8666666666666667,PFBSA,0.35488693900942,0.11146892999949,False,up
WBGene00016575,3,0.9,PFBSA,0.305567370575581,0.112395492862764,False,up
WBGene00013399,3,0.9,PFBSA,1.19710922849278,0.112464575683719,False,up
WBGene00019177,3,1.0,PFBSA,0.363309932576514,0.112464575683719,False,up
WBGene00002140,3,0.7,PFBSA,0.292649198444772,0.112464575683719,False,up
WBGene00011293,3,1.0,PFBSA,0.839380893766087,0.112745942559943,False,up
WBGene00017667,3,0.9333333333333333,PFBSA,0.622301742391598,0.112854770106029,False,up
WBGene00013832,3,0.9,PFBSA,1.0371224705737,0.113047463774915,False,up
WBGene00012961,3,1.0,PFBSA,0.672499203762499,0.113414302981955,False,up
WBGene00006109,3,1.0,PFBSA,1.41144295900463,0.113566832629194,False,up
WBGene00009549,3,1.0,PFBSA,0.522710919255407,0.116344058330287,False,up
WBGene00011725,3,1.0,PFBSA,0.360698507116065,0.116542052210559,False,up
WBGene00004056,3,0.9666666666666667,PFBSA,0.162404296529499,0.116917545412297,False,up
WBGene00044736,3,1.0,PFBSA,0.68738588287194,0.117081309939968,False,up
WBGene00015842,3,1.0,PFBSA,0.694804969524228,0.117112193347788,False,up
WBGene00007854,3,0.9333333333333333,PFBSA,0.962317286609727,0.117274604118011,False,up
WBGene00019339,3,1.0,PFBSA,0.505482117651071,0.117429571599858,False,up
WBGene00003889,3,1.0,PFBSA,0.28036275599583,0.117883541257868,False,up
WBGene00011003,3,0.9666666666666667,PFBSA,0.693927511669993,0.11805116652702,False,up
WBGene00018727,3,1.0,PFBSA,0.618800659051116,0.11805116652702,False,up
WBGene00010873,3,0.9666666666666667,PFBSA,0.268832176218523,0.118065389586024,False,up
WBGene00006657,3,1.0,PFBSA,0.158643439128548,0.118075148905273,False,up
WBGene00017198,3,1.0,PFBSA,0.304711887312148,0.118767477887951,False,up
WBGene00017764,3,1.0,PFBSA,0.780445334258966,0.118814569524319,False,up
WBGene00016335,3,1.0,PFBSA,0.243041392228093,0.118814569524319,False,up
WBGene00018518,3,1.0,PFBSA,0.136026494031049,0.120266729481418,False,up
WBGene00021316,3,0.9666666666666667,PFBSA,0.182259037877313,0.120318871929958,False,up
WBGene00016005,3,0.9,PFBSA,0.261008165981027,0.12082043997083,False,up
WBGene00003743,3,0.6666666666666666,PFBSA,0.281189395854463,0.120853973983671,False,up
WBGene00009222,3,0.9,PFBSA,0.62393738076845,0.121934053975354,False,up
WBGene00019296,3,1.0,PFBSA,0.170996982077966,0.121992893051455,False,up
WBGene00009183,3,1.0,PFBSA,0.437905738334816,0.122587213927883,False,up
WBGene00008997,3,0.9666666666666667,PFBSA,0.251974197403229,0.122974917706562,False,up
WBGene00006497,3,1.0,PFBSA,0.167425741440362,0.122974917706562,False,up
WBGene00001101,3,0.9666666666666667,PFBSA,0.155280271170462,0.122974917706562,False,up
WBGene00020188,3,1.0,PFBSA,0.452233212424376,0.123397964385157,False,up
WBGene00004313,3,0.7666666666666667,PFBSA,0.123164197404091,0.123558516178912,False,up
WBGene00016719,3,0.9,PFBSA,0.386233163951656,0.123903318744818,False,up
WBGene00016175,3,1.0,PFBSA,0.978889875519495,0.123980180432194,False,up
WBGene00003669,3,1.0,PFBSA,0.261146909864861,0.124489017929017,False,up
WBGene00015495,3,1.0,PFBSA,0.420224527699848,0.124723810161763,False,up
WBGene00235330,3,0.9,PFBSA,0.756211837029476,0.12491617804967,False,up
WBGene00015626,3,1.0,PFBSA,0.434264983475762,0.124929010463354,False,up
WBGene00001506,3,1.0,PFBSA,0.413872290796568,0.125122738611249,False,up
WBGene00013636,3,1.0,PFBSA,0.400310897850217,0.125373654857319,False,up
WBGene00019691,3,0.9,PFBSA,0.29636316782968,0.12539403371785,False,up
WBGene00011754,3,0.9333333333333333,PFBSA,0.509220630821116,0.126184957023255,False,up
WBGene00016916,3,1.0,PFBSA,0.30828802417475,0.126574725523557,False,up
WBGene00022696,3,1.0,PFBSA,0.270894723811359,0.126574725523557,False,up
WBGene00013159,3,0.9666666666666667,PFBSA,0.216364469950697,0.128246747141482,False,up
WBGene00019352,3,1.0,PFBSA,0.471825748135793,0.128750459040653,False,up
WBGene00206374,3,0.9666666666666667,PFBSA,0.759042588191989,0.128796650459038,False,up
WBGene00008857,3,0.9666666666666667,PFBSA,0.197481547114909,0.129539967087257,False,up
WBGene00001366,3,1.0,PFBSA,-0.123314625371601,0.129539967087257,False,down
WBGene00014118,3,1.0,PFBSA,0.216047674093216,0.129787587313753,False,up
WBGene00086569,3,1.0,PFBSA,-0.364366927843021,0.130834052145114,False,down
WBGene00022396,3,0.6333333333333333,PFBSA,0.307931657317016,0.130944523244643,False,up
WBGene00009903,3,1.0,PFBSA,-1.20508358344436,0.130951703626934,False,down
WBGene00021510,3,1.0,PFBSA,0.147044609515577,0.131265265836577,False,up
WBGene00012859,3,0.7333333333333333,PFBSA,0.255842521454681,0.132483566662705,False,up
WBGene00011579,3,1.0,PFBSA,0.215947507642337,0.133116945681736,False,up
WBGene00019009,3,1.0,PFBSA,0.192668495144944,0.133566472488408,False,up
WBGene00011158,3,0.7333333333333333,PFBSA,1.18014771154725,0.133930237703453,False,up
WBGene00022837,3,1.0,PFBSA,0.382688864918688,0.134034021356269,False,up
WBGene00015567,3,1.0,PFBSA,0.153994998396904,0.134528163782372,False,up
WBGene00016565,3,1.0,PFBSA,0.219992272333967,0.134732773083184,False,up
WBGene00016315,3,1.0,PFBSA,0.288840293767139,0.134943657043208,False,up
WBGene00017078,3,0.8333333333333334,PFBSA,0.203224355492703,0.134943657043208,False,up
WBGene00284867,3,1.0,PFBSA,0.871287572512247,0.135721756043047,False,up
WBGene00044245,3,1.0,PFBSA,1.31191218404465,0.136098075387013,False,up
WBGene00005437,3,0.6666666666666666,PFBSA,0.925545869338657,0.136252524583091,False,up
WBGene00020386,3,1.0,PFBSA,0.851837510683542,0.136751696773189,False,up
WBGene00013555,3,1.0,PFBSA,0.560585159062505,0.137310022188368,False,up
WBGene00006505,3,0.5333333333333333,PFBSA,0.418578042717062,0.137369196709057,False,up
WBGene00000934,3,1.0,PFBSA,0.256643512639407,0.137369196709057,False,up
WBGene00016432,3,1.0,PFBSA,0.171040095878802,0.137381943533398,False,up
WBGene00010453,3,0.5333333333333333,PFBSA,0.393679920613895,0.137543598037886,False,up
WBGene00013453,3,1.0,PFBSA,0.625756431406308,0.137610779071787,False,up
WBGene00015437,3,1.0,PFBSA,0.676348833059209,0.138785850891789,False,up
WBGene00019376,3,1.0,PFBSA,-1.3154089188374,0.138914621399266,False,down
WBGene00003378,3,0.9666666666666667,PFBSA,0.279297642725539,0.139939316970355,False,up
WBGene00016324,3,1.0,PFBSA,0.275555118938821,0.14007364237443,False,up
WBGene00012259,3,1.0,PFBSA,0.245771954139751,0.14007364237443,False,up
WBGene00001368,3,1.0,PFBSA,0.133247685162902,0.14007364237443,False,up
WBGene00012692,3,1.0,PFBSA,0.23071473414841,0.141006095843599,False,up
WBGene00007452,3,1.0,PFBSA,0.466531517238022,0.141468894918162,False,up
WBGene00016599,3,0.9666666666666667,PFBSA,0.239498201267612,0.141468894918162,False,up
WBGene00008713,3,1.0,PFBSA,0.475667516736523,0.141494588517795,False,up
WBGene00003031,3,1.0,PFBSA,0.300855616791393,0.141523249943389,False,up
WBGene00004739,3,0.9333333333333333,PFBSA,0.145028411612969,0.142749303008028,False,up
WBGene00005117,3,0.9,PFBSA,1.56704421814672,0.143991911424488,False,up
WBGene00013257,3,1.0,PFBSA,0.378457403736806,0.144138957815736,False,up
WBGene00008490,3,1.0,PFBSA,0.612749792723122,0.144512919734702,False,up
WBGene00009623,3,1.0,PFBSA,0.440981603266379,0.144622913448657,False,up
WBGene00001765,3,1.0,PFBSA,1.43665717596361,0.144678494750038,False,up
WBGene00001709,3,1.0,PFBSA,0.223247268341599,0.144685844785805,False,up
WBGene00044009,3,0.9,PFBSA,0.263841852445184,0.144692669166912,False,up
WBGene00011283,3,0.9,PFBSA,0.140466782179802,0.144692669166912,False,up
WBGene00001604,3,0.9666666666666667,PFBSA,-0.204153464577782,0.14569322757088,False,down
WBGene00008555,3,0.9333333333333333,PFBSA,0.116943584070164,0.14594443618865,False,up
WBGene00000009,3,1.0,PFBSA,-0.523312909887201,0.145965293861582,False,down
WBGene00009799,3,1.0,PFBSA,0.174917013761103,0.146626703159794,False,up
WBGene00017150,3,1.0,PFBSA,0.398958125101803,0.146960584299669,False,up
WBGene00008969,3,0.9,PFBSA,0.270164371355564,0.14723689146262,False,up
WBGene00008348,3,1.0,PFBSA,0.223021694264278,0.14723689146262,False,up
WBGene00003660,3,0.9,PFBSA,0.230987341198922,0.147665776590743,False,up
WBGene00008745,3,1.0,PFBSA,-0.113707909633065,0.147665776590743,False,down
WBGene00000073,3,1.0,PFBSA,0.176335850324121,0.148380182345759,False,up
WBGene00020467,3,1.0,PFBSA,0.545711589722632,0.148819936942594,False,up
WBGene00012131,3,0.9333333333333333,PFBSA,0.213572936011878,0.148819936942594,False,up
WBGene00021168,3,1.0,PFBSA,0.705769544593579,0.148975791405674,False,up
WBGene00013334,3,1.0,PFBSA,0.220411090273507,0.150046863465076,False,up
WBGene00013136,3,1.0,PFBSA,0.171808612551326,0.150567261866557,False,up
WBGene00009856,3,1.0,PFBSA,1.09182523728737,0.150714330706505,False,up
WBGene00020033,3,0.9666666666666667,PFBSA,1.08577763919366,0.150966962803253,False,up
WBGene00016165,3,1.0,PFBSA,0.267141274999438,0.151197468701789,False,up
WBGene00010971,3,1.0,PFBSA,0.32223921863119,0.151375610387094,False,up
WBGene00010131,3,1.0,PFBSA,-0.155724828310949,0.152175289283314,False,down
WBGene00019231,3,0.7666666666666667,PFBSA,0.700104854499713,0.152304985404015,False,up
WBGene00003850,3,0.6333333333333333,PFBSA,0.26473573286732,0.152428764029781,False,up
WBGene00001450,3,0.9666666666666667,PFBSA,0.190793007154738,0.15311841599776,False,up
WBGene00009881,3,1.0,PFBSA,0.139188884165403,0.153241196294287,False,up
WBGene00000533,3,1.0,PFBSA,-0.113086173034142,0.153242743029942,False,down
WBGene00005759,3,0.9666666666666667,PFBSA,0.460606886109238,0.153665289743504,False,up
WBGene00012564,3,1.0,PFBSA,0.432186573438265,0.153802949928005,False,up
WBGene00003849,3,1.0,PFBSA,0.208371706498728,0.153867323403532,False,up
WBGene00020485,3,1.0,PFBSA,-0.657783548080673,0.154042194271217,False,down
WBGene00012989,3,1.0,PFBSA,0.150986282268629,0.154315971496048,False,up
WBGene00000487,3,1.0,PFBSA,0.487665311677553,0.154701600551496,False,up
WBGene00007321,3,0.9333333333333333,PFBSA,0.268571621555041,0.156129453788096,False,up
WBGene00018694,3,0.7333333333333333,PFBSA,1.12898031705451,0.156312071070212,False,up
WBGene00016052,3,1.0,PFBSA,1.04389677544906,0.156981840734633,False,up
WBGene00044654,3,1.0,PFBSA,0.436873969841441,0.156981840734633,False,up
WBGene00016365,3,1.0,PFBSA,0.33044921840353,0.157256299933126,False,up
WBGene00007115,3,0.9666666666666667,PFBSA,0.314270655407542,0.157508746597236,False,up
WBGene00020106,3,0.6333333333333333,PFBSA,-0.251115335058276,0.158010971870638,False,down
WBGene00011616,3,0.7,PFBSA,0.692915919058966,0.158015517777284,False,up
WBGene00003728,3,1.0,PFBSA,-0.144215269971025,0.158042104071331,False,down
WBGene00000133,3,0.9333333333333333,PFBSA,-1.09557321789871,0.158063515833135,False,down
WBGene00022454,3,1.0,PFBSA,0.549544743021781,0.158093833864533,False,up
WBGene00016945,3,1.0,PFBSA,0.301957598219924,0.158216612427511,False,up
WBGene00022288,3,1.0,PFBSA,0.511652809224971,0.158400515419628,False,up
WBGene00010008,3,0.9,PFBSA,0.685455621924874,0.158451811907546,False,up
WBGene00008892,3,1.0,PFBSA,0.871437480844697,0.158515014034113,False,up
WBGene00010250,3,1.0,PFBSA,0.473276199947162,0.158625316435225,False,up
WBGene00019344,3,1.0,PFBSA,0.224522297022345,0.159451488639032,False,up
WBGene00019478,3,1.0,PFBSA,0.210064705060417,0.159833703045805,False,up
WBGene00010329,3,1.0,PFBSA,0.181446629639868,0.159833703045805,False,up
WBGene00010422,3,1.0,PFBSA,-0.440683856909539,0.159833703045805,False,down
WBGene00003040,3,1.0,PFBSA,0.114007341972565,0.159912176624609,False,up
WBGene00013539,3,1.0,PFBSA,0.443073537144072,0.159951967451668,False,up
WBGene00008044,3,1.0,PFBSA,-0.581181727709525,0.160183395785119,False,down
WBGene00016576,3,1.0,PFBSA,0.179270321956558,0.160390089174157,False,up
WBGene00018404,3,1.0,PFBSA,0.791230071724037,0.160802357033086,False,up
WBGene00020551,3,0.9666666666666667,PFBSA,-0.419350542539127,0.160987673315563,False,down
WBGene00022727,3,0.7333333333333333,PFBSA,0.197859137336092,0.161135641115768,False,up
WBGene00020844,3,0.9666666666666667,PFBSA,0.189426664138558,0.161404500342314,False,up
WBGene00018259,3,1.0,PFBSA,0.225680439974412,0.161457441189864,False,up
WBGene00003757,3,0.9666666666666667,PFBSA,0.380764947275472,0.161959154186871,False,up
WBGene00010520,3,0.5666666666666667,PFBSA,0.202574782199704,0.16216149659603,False,up
WBGene00015849,3,1.0,PFBSA,0.574648552118687,0.162479106413519,False,up
WBGene00019047,3,1.0,PFBSA,0.314593058278643,0.163884701812527,False,up
WBGene00019492,3,0.6333333333333333,PFBSA,-0.246632882313348,0.164357248118656,False,down
WBGene00001665,3,1.0,PFBSA,0.262242782295841,0.16444002933593,False,up
WBGene00009312,3,1.0,PFBSA,0.802498027470562,0.164480594253162,False,up
WBGene00271812,3,1.0,PFBSA,0.442459088366231,0.164480594253162,False,up
WBGene00018268,3,0.5,PFBSA,0.514064811365354,0.164482662636828,False,up
WBGene00007366,3,1.0,PFBSA,0.52995803646283,0.164539913400502,False,up
WBGene00202512,3,1.0,PFBSA,0.636950163464433,0.164554039953318,False,up
WBGene00010256,3,1.0,PFBSA,1.58154946880255,0.164901982967622,False,up
WBGene00012130,3,0.7,PFBSA,0.282703721625989,0.165058470110426,False,up
WBGene00008334,3,1.0,PFBSA,0.89578019351317,0.165321035299969,False,up
WBGene00017907,3,1.0,PFBSA,0.331451878019852,0.165471401277568,False,up
WBGene00013695,3,1.0,PFBSA,0.142896347979208,0.166640137923135,False,up
WBGene00016806,3,0.9666666666666667,PFBSA,0.223073816517265,0.167165035341551,False,up
WBGene00006623,3,1.0,PFBSA,0.760852033119975,0.167666287843925,False,up
WBGene00008095,3,1.0,PFBSA,0.408581394203892,0.167809402701404,False,up
WBGene00008956,3,1.0,PFBSA,-0.210511952621795,0.167846416974673,False,down
WBGene00007522,3,0.9,PFBSA,0.318078830807033,0.168087338603968,False,up
WBGene00018078,3,0.9666666666666667,PFBSA,0.282528559765089,0.1686274524507,False,up
WBGene00017513,3,1.0,PFBSA,0.196175595039068,0.1686274524507,False,up
WBGene00011838,3,1.0,PFBSA,0.199564574027273,0.168702966600604,False,up
WBGene00001549,3,0.9666666666666667,PFBSA,0.528833202507314,0.169139089122015,False,up
WBGene00016574,3,1.0,PFBSA,0.221064583672641,0.169978468084467,False,up
WBGene00021244,3,1.0,PFBSA,0.525926938011702,0.170242874809464,False,up
WBGene00008757,3,1.0,PFBSA,0.873124385498078,0.170703288089896,False,up
WBGene00017373,3,1.0,PFBSA,0.121303354482713,0.170726050669353,False,up
WBGene00007741,3,1.0,PFBSA,0.31988212539606,0.171630482533744,False,up
WBGene00016907,3,1.0,PFBSA,0.167494269948856,0.171930718872766,False,up
WBGene00007651,3,1.0,PFBSA,0.172415346090732,0.172765485419561,False,up
WBGene00021254,3,1.0,PFBSA,0.213387852561341,0.173505410095939,False,up
WBGene00006932,3,0.9666666666666667,PFBSA,0.100543629440889,0.174029830156641,False,up
WBGene00003655,3,1.0,PFBSA,0.238463083593457,0.174121096429732,False,up
WBGene00018255,3,0.9,PFBSA,0.609121698448964,0.174543403374609,False,up
WBGene00000288,3,0.9,PFBSA,0.148464752418036,0.175646172386738,False,up
WBGene00012272,3,1.0,PFBSA,0.296378864000301,0.176213933947698,False,up
WBGene00000438,3,0.9,PFBSA,0.247059098285732,0.177454335111077,False,up
WBGene00013127,3,0.9,PFBSA,0.421795586867758,0.177710621586843,False,up
WBGene00015107,3,0.7,PFBSA,0.229769956877224,0.177710621586843,False,up
WBGene00001509,3,1.0,PFBSA,0.107941580637551,0.179261099477184,False,up
WBGene00010643,3,0.9666666666666667,PFBSA,0.313019319788014,0.179754469400165,False,up
WBGene00004349,3,1.0,PFBSA,0.155171924682167,0.179754469400165,False,up
WBGene00017770,3,1.0,PFBSA,0.159615722350061,0.180210591561008,False,up
WBGene00003683,3,1.0,PFBSA,0.57828590299323,0.180239353158762,False,up
WBGene00017302,3,0.7,PFBSA,0.168540789203045,0.180482727402205,False,up
WBGene00001750,3,0.9666666666666667,PFBSA,0.52510274890312,0.180644245708471,False,up
WBGene00022330,3,0.9,PFBSA,0.365359189798664,0.180805308119206,False,up
WBGene00011591,3,1.0,PFBSA,-0.404940926994548,0.180805308119206,False,down
WBGene00019302,3,1.0,PFBSA,0.513330509773265,0.181244657229309,False,up
WBGene00000584,3,0.9,PFBSA,0.34453265383681,0.181896452204346,False,up
WBGene00001555,3,0.8666666666666667,PFBSA,0.274404112143026,0.182245983972656,False,up
WBGene00015527,3,1.0,PFBSA,0.220996794243703,0.182245983972656,False,up
WBGene00020341,3,1.0,PFBSA,-0.278058429400662,0.183319468780026,False,down
WBGene00009097,3,1.0,PFBSA,0.285325364360806,0.18386501180086,False,up
WBGene00007929,3,1.0,PFBSA,0.427602611152414,0.184546806995228,False,up
WBGene00001533,3,1.0,PFBSA,0.640787609537005,0.185333294681722,False,up
WBGene00021875,3,1.0,PFBSA,-0.255625029749674,0.186404489664833,False,down
WBGene00006627,3,1.0,PFBSA,0.696184371370439,0.186567854062107,False,up
WBGene00019224,3,1.0,PFBSA,0.201291852977315,0.186710575227015,False,up
WBGene00015756,3,1.0,PFBSA,-0.193911511409748,0.187084331954311,False,down
WBGene00003783,3,1.0,PFBSA,0.54324896236177,0.187166026486977,False,up
WBGene00044035,3,1.0,PFBSA,0.567182399194794,0.18719438672137,False,up
WBGene00017702,3,0.7333333333333333,PFBSA,0.236184764174051,0.187910139239296,False,up
WBGene00020594,3,0.9666666666666667,PFBSA,0.784186015214481,0.188205334233938,False,up
WBGene00003590,3,0.9666666666666667,PFBSA,0.357051440938757,0.188470915445403,False,up
WBGene00020095,3,1.0,PFBSA,0.140794707423477,0.188470915445403,False,up
WBGene00020853,3,0.9,PFBSA,0.714545676010969,0.188502244602405,False,up
WBGene00001789,3,1.0,PFBSA,0.456603468019072,0.189229071824609,False,up
WBGene00003597,3,0.9,PFBSA,0.201909414826581,0.19041662625682,False,up
WBGene00077522,3,0.8666666666666667,PFBSA,0.621581877158955,0.190560115347772,False,up
WBGene00001676,3,1.0,PFBSA,0.300795630418412,0.190560115347772,False,up
WBGene00022631,3,1.0,PFBSA,0.288732142862148,0.190560115347772,False,up
WBGene00008008,3,0.9666666666666667,PFBSA,0.267358397110016,0.190578503509707,False,up
WBGene00020929,3,1.0,PFBSA,-0.181546966995319,0.190622849477136,False,down
WBGene00013574,3,1.0,PFBSA,0.263971240245855,0.190645807085201,False,up
WBGene00043988,3,0.9333333333333333,PFBSA,0.207801087961095,0.191391742862378,False,up
WBGene00022796,3,0.9333333333333333,PFBSA,0.400477765927273,0.192024670876404,False,up
WBGene00022004,3,0.9666666666666667,PFBSA,0.197579246381483,0.192024670876404,False,up
WBGene00006743,3,1.0,PFBSA,0.211999063440633,0.192585242154273,False,up
WBGene00019479,3,0.9666666666666667,PFBSA,0.150666488324283,0.193312937999207,False,up
WBGene00010408,3,1.0,PFBSA,-0.155205605580597,0.193785762441067,False,down
WBGene00018033,3,1.0,PFBSA,0.160967576006798,0.193939062346158,False,up
WBGene00006539,3,1.0,PFBSA,0.487184488304117,0.194430580455387,False,up
WBGene00011813,3,1.0,PFBSA,0.16346520113705,0.194700554309157,False,up
WBGene00018819,3,1.0,PFBSA,0.127134178588447,0.194735453994265,False,up
WBGene00011299,3,1.0,PFBSA,0.224608885103298,0.195381613247814,False,up
WBGene00005671,3,0.9,PFBSA,-0.623844686897272,0.196008802449598,False,down
WBGene00195185,3,0.6,PFBSA,0.398591408198646,0.196130383856201,False,up
WBGene00016059,3,0.6666666666666666,PFBSA,-0.117192961784082,0.197305582035287,False,down
WBGene00003613,3,0.9666666666666667,PFBSA,-0.254493168513944,0.197477668465147,False,down
WBGene00012097,3,0.8333333333333334,PFBSA,0.157791343054285,0.197894574699463,False,up
WBGene00006611,3,1.0,PFBSA,0.410173187961296,0.198010828098436,False,up
WBGene00015451,3,1.0,PFBSA,0.179922413288998,0.198010828098436,False,up
WBGene00007476,3,0.6333333333333333,PFBSA,0.215169940084987,0.198050524178543,False,up
WBGene00015559,3,1.0,PFBSA,0.351645285898921,0.198676916980627,False,up
WBGene00014055,3,1.0,PFBSA,-0.197640054289523,0.198778165164851,False,down
WBGene00045461,3,1.0,PFBSA,0.215719580543686,0.199398465699596,False,up
WBGene00015859,3,1.0,PFBSA,0.274006760676604,0.199427089492166,False,up
WBGene00045405,3,0.9333333333333333,PFBSA,0.803445257630444,0.199852704784582,False,up
WBGene00022720,3,1.0,PFBSA,0.286512609328214,0.199852704784582,False,up
WBGene00015156,3,0.7,PFBSA,0.158071443829799,0.199852704784582,False,up
WBGene00007393,3,0.7,PFBSA,0.417577342294152,0.200224999019516,False,up
WBGene00005523,3,1.0,PFBSA,0.705274529355981,0.200348784338933,False,up
WBGene00000763,3,1.0,PFBSA,0.153160069606107,0.201155246649048,False,up
WBGene00003692,3,0.9666666666666667,PFBSA,0.246183445814869,0.201243204699775,False,up
WBGene00022530,3,0.9,PFBSA,0.417877800076241,0.201639122820923,False,up
WBGene00018879,3,1.0,PFBSA,0.281552030770104,0.201832074423478,False,up
WBGene00020313,3,0.9666666666666667,PFBSA,0.730639070218542,0.201953620736623,False,up
WBGene00003827,3,0.9666666666666667,PFBSA,0.113402466761302,0.201974233910858,False,up
WBGene00002210,3,0.9666666666666667,PFBSA,0.134435702726409,0.202853321691979,False,up
WBGene00000110,3,1.0,PFBSA,-0.17226196287949,0.202897374462216,False,down
WBGene00007361,3,0.9666666666666667,PFBSA,0.996736279440524,0.203871790740563,False,up
WBGene00022719,3,1.0,PFBSA,-0.113887072689299,0.204372275219838,False,down
WBGene00012616,3,1.0,PFBSA,-0.82465369384456,0.204696317274826,False,down
WBGene00008850,3,1.0,PFBSA,0.58698314875231,0.204969874745361,False,up
WBGene00013962,3,1.0,PFBSA,0.161324657086844,0.205552116647808,False,up
WBGene00001902,3,1.0,PFBSA,0.303490674622307,0.205571008068105,False,up
WBGene00004255,3,1.0,PFBSA,0.353187872513404,0.20573876946695,False,up
WBGene00004196,3,1.0,PFBSA,0.163378038481846,0.206181184772747,False,up
WBGene00006306,3,1.0,PFBSA,0.124688334634526,0.206209705199479,False,up
WBGene00021721,3,0.7666666666666667,PFBSA,0.289078497880044,0.206340151359525,False,up
WBGene00003602,3,1.0,PFBSA,0.246597228260738,0.207351134005154,False,up
WBGene00011221,3,1.0,PFBSA,0.159029950999495,0.207904149254648,False,up
WBGene00019139,3,0.9333333333333333,PFBSA,0.501494190638336,0.208081414684646,False,up
WBGene00015418,3,0.5,PFBSA,0.0882987822028106,0.208718992698085,False,up
WBGene00021494,3,1.0,PFBSA,1.27892345691818,0.209292965111113,False,up
WBGene00009239,3,0.5,PFBSA,0.321769749426427,0.209796612163422,False,up
WBGene00119203,3,0.5333333333333333,PFBSA,0.238456709892838,0.209974598472511,False,up
WBGene00019019,3,0.9333333333333333,PFBSA,0.310528461434351,0.211329888031484,False,up
WBGene00012222,3,0.9333333333333333,PFBSA,0.231026881179799,0.211348351061697,False,up
WBGene00004209,3,0.9,PFBSA,0.201008399045308,0.211811836885196,False,up
WBGene00002881,3,1.0,PFBSA,0.237014229291965,0.21248853544994,False,up
WBGene00008711,3,1.0,PFBSA,0.297502674480708,0.213503527176515,False,up
WBGene00000677,3,1.0,PFBSA,0.203651661529592,0.214135385040998,False,up
WBGene00010813,3,1.0,PFBSA,0.115362872997672,0.214307170527123,False,up
WBGene00017488,3,0.9,PFBSA,1.051857568463,0.214569000562088,False,up
WBGene00086546,3,1.0,PFBSA,0.155924633657387,0.214569000562088,False,up
WBGene00011244,3,0.9,PFBSA,0.425672344586571,0.215293982354305,False,up
WBGene00016260,3,1.0,PFBSA,0.176441369795623,0.216210760274728,False,up
WBGene00007820,3,1.0,PFBSA,-0.274574791996569,0.216210760274728,False,down
WBGene00000963,3,0.9666666666666667,PFBSA,0.285284740805058,0.216516500920806,False,up
WBGene00019332,3,0.5333333333333333,PFBSA,-0.255787843900672,0.216892780823184,False,down
WBGene00009625,3,1.0,PFBSA,0.520328200114316,0.217809592261051,False,up
WBGene00007173,3,0.9666666666666667,PFBSA,0.353264864080115,0.218107415527638,False,up
WBGene00175027,3,0.9666666666666667,PFBSA,0.533419854358767,0.218226961833128,False,up
WBGene00014300,3,0.9666666666666667,PFBSA,0.274303028226662,0.219018648347481,False,up
WBGene00007953,3,1.0,PFBSA,0.2727451469369,0.219018648347481,False,up
WBGene00016841,3,1.0,PFBSA,0.182110300386864,0.219293854295383,False,up
WBGene00007707,3,1.0,PFBSA,0.096190459885336,0.219725301439516,False,up
WBGene00004310,3,1.0,PFBSA,0.114447943439231,0.219728077354764,False,up
WBGene00022313,3,1.0,PFBSA,0.271050936995753,0.219842159120397,False,up
WBGene00015999,3,1.0,PFBSA,0.509919041674011,0.219922610172771,False,up
WBGene00002987,3,0.9666666666666667,PFBSA,0.2765060000358,0.220400174512971,False,up
WBGene00044066,3,0.6,PFBSA,0.842094783327889,0.222406962008209,False,up
WBGene00021205,3,1.0,PFBSA,0.147517528488635,0.222540325657373,False,up
WBGene00000501,3,1.0,PFBSA,0.161583210361443,0.223488778484844,False,up
WBGene00017580,3,0.6333333333333333,PFBSA,0.245113410177977,0.224184035619439,False,up
WBGene00015957,3,1.0,PFBSA,0.218841906865624,0.224824335299073,False,up
WBGene00000484,3,1.0,PFBSA,0.267678941016242,0.224834145888738,False,up
WBGene00020448,3,0.9,PFBSA,0.450572866214841,0.225048921520328,False,up
WBGene00020564,3,0.6,PFBSA,0.40379031338063,0.225747091858829,False,up
WBGene00044582,3,1.0,PFBSA,0.286848220121572,0.226630408093714,False,up
WBGene00021842,3,1.0,PFBSA,0.13470669255143,0.227548992202787,False,up
WBGene00016670,3,0.9333333333333333,PFBSA,-1.18883711518014,0.228750522903028,False,down
WBGene00016006,3,1.0,PFBSA,-0.112326706615956,0.229181402074819,False,down
WBGene00007506,3,1.0,PFBSA,0.484161923801268,0.229776271103537,False,up
WBGene00000500,3,1.0,PFBSA,0.128918718191112,0.229903945254162,False,up
WBGene00018988,3,0.9666666666666667,PFBSA,0.686271081341758,0.231302627170367,False,up
WBGene00021611,3,0.9,PFBSA,-0.215001089891779,0.231493968410104,False,down
WBGene00012548,3,0.7333333333333333,PFBSA,0.18220003954957,0.232538476069859,False,up
WBGene00017637,3,1.0,PFBSA,0.320524906138587,0.23397561586495,False,up
WBGene00017197,3,1.0,PFBSA,0.416401598041455,0.235048111717804,False,up
WBGene00006388,3,1.0,PFBSA,0.564964385425122,0.235793961067206,False,up
WBGene00000984,3,0.8,PFBSA,-0.301736635481072,0.235793961067206,False,down
WBGene00007604,3,0.9666666666666667,PFBSA,0.22251593019263,0.236226357168818,False,up
WBGene00004139,3,1.0,PFBSA,0.531769639427036,0.237610329798291,False,up
WBGene00043989,3,1.0,PFBSA,0.178211678996101,0.237680010270979,False,up
WBGene00012856,3,0.7,PFBSA,0.513667025947937,0.237748363185467,False,up
WBGene00006843,3,0.9666666666666667,PFBSA,0.167228977795356,0.238004508818066,False,up
WBGene00011019,3,1.0,PFBSA,-0.144630804934273,0.238510866574637,False,down
WBGene00020532,3,1.0,PFBSA,-0.387169846372018,0.23884620235732,False,down
WBGene00003651,3,0.9,PFBSA,-0.136902159811711,0.239176719679519,False,down
WBGene00016622,3,1.0,PFBSA,0.11446986945119,0.239744623054815,False,up
WBGene00011956,3,1.0,PFBSA,-0.168653037416301,0.24066861796347,False,down
WBGene00005713,3,1.0,PFBSA,0.431889416462089,0.241289613264394,False,up
WBGene00012352,3,0.6333333333333333,PFBSA,-0.114652975730741,0.242954351412906,False,down
WBGene00009266,3,0.9666666666666667,PFBSA,0.157288002021133,0.243628017496301,False,up
WBGene00008885,3,0.9,PFBSA,0.228367811671847,0.24432910673793,False,up
WBGene00007817,3,1.0,PFBSA,0.227314013983322,0.245134900897822,False,up
WBGene00017255,3,1.0,PFBSA,0.364840245509322,0.24629424333468,False,up
WBGene00019067,3,1.0,PFBSA,0.277117065673142,0.24642036665006,False,up
WBGene00020583,3,1.0,PFBSA,-0.257115515973592,0.246442544760149,False,down
WBGene00018886,3,0.9666666666666667,PFBSA,0.161951704514715,0.246696908286124,False,up
WBGene00044006,3,1.0,PFBSA,0.236308173011509,0.247474873031356,False,up
WBGene00007314,3,1.0,PFBSA,0.629850512284759,0.247559235247355,False,up
WBGene00077712,3,0.6333333333333333,PFBSA,0.194714937934279,0.247645312408017,False,up
WBGene00219313,3,1.0,PFBSA,-0.162215999223783,0.247757677967902,False,down
WBGene00020684,3,1.0,PFBSA,0.354639660035311,0.24938622996812,False,up
WBGene00008904,3,1.0,PFBSA,0.652550185013472,0.25113207634213,False,up
WBGene00022108,3,1.0,PFBSA,0.500641301169333,0.252635070484937,False,up
WBGene00013353,3,1.0,PFBSA,0.18023291748854,0.253327577845012,False,up
WBGene00006853,3,1.0,PFBSA,0.144996681609852,0.253343849423439,False,up
WBGene00009142,3,0.9666666666666667,PFBSA,0.352185555085804,0.25346602004022,False,up
WBGene00004401,3,1.0,PFBSA,0.207292372808515,0.254316132742324,False,up
WBGene00003943,3,1.0,PFBSA,0.166158961083206,0.254510805495646,False,up
WBGene00008453,3,0.9,PFBSA,0.184148605911247,0.254597357389919,False,up
WBGene00011964,3,1.0,PFBSA,0.154296173721482,0.254597357389919,False,up
WBGene00007009,3,1.0,PFBSA,0.0679792422810522,0.254597357389919,False,up
WBGene00017428,3,0.8666666666666667,PFBSA,0.244504601315489,0.254838172662418,False,up
WBGene00000664,3,0.9,PFBSA,0.386028343516626,0.255221413168517,False,up
WBGene00000454,3,1.0,PFBSA,0.263797531683959,0.255497965439231,False,up
WBGene00014669,3,0.9666666666666667,PFBSA,0.17869835164278,0.255526790206387,False,up
WBGene00021195,3,1.0,PFBSA,0.435510124058083,0.255948297262235,False,up
WBGene00017908,3,1.0,PFBSA,0.223676510716876,0.255948297262235,False,up
WBGene00021589,3,1.0,PFBSA,0.368274656883329,0.256239872128833,False,up
WBGene00015599,3,1.0,PFBSA,1.94452310705311,0.257309271808444,False,up
WBGene00007862,3,0.9666666666666667,PFBSA,0.208109409930238,0.25775654420398,False,up
WBGene00013169,3,1.0,PFBSA,0.496628890439191,0.259107349954135,False,up
WBGene00011571,3,0.9,PFBSA,-0.151549585527224,0.259859414335846,False,down
WBGene00013243,3,1.0,PFBSA,0.134466734457035,0.260194944605216,False,up
WBGene00010594,3,1.0,PFBSA,0.678751373626646,0.261206008534545,False,up
WBGene00003661,3,1.0,PFBSA,0.104939675941438,0.261206008534545,False,up
WBGene00005612,3,1.0,PFBSA,1.31267745051694,0.261774492084243,False,up
WBGene00044757,3,1.0,PFBSA,0.375547136015228,0.262402447054279,False,up
WBGene00004932,3,1.0,PFBSA,-0.653331401919269,0.262402447054279,False,down
WBGene00023404,3,1.0,PFBSA,0.150172221411268,0.262430510013511,False,up
WBGene00020678,3,1.0,PFBSA,0.217304940962828,0.262679261042348,False,up
WBGene00006811,3,1.0,PFBSA,0.115854207403724,0.262843513551148,False,up
WBGene00017507,3,1.0,PFBSA,0.144759200858494,0.262866267265485,False,up
WBGene00019180,3,1.0,PFBSA,0.163160209904375,0.263426868171805,False,up
WBGene00012699,3,1.0,PFBSA,-0.733669950099227,0.263952314304803,False,down
WBGene00018104,3,0.7333333333333333,PFBSA,0.757393605444912,0.264224443976493,False,up
WBGene00004265,3,1.0,PFBSA,0.142744059205249,0.264935334687762,False,up
WBGene00017864,3,1.0,PFBSA,0.111056224147816,0.265317539538821,False,up
WBGene00016157,3,1.0,PFBSA,0.0922348624698443,0.26546212878933,False,up
WBGene00001673,3,1.0,PFBSA,0.449313313885312,0.266102277854178,False,up
WBGene00019116,3,1.0,PFBSA,-0.16932290267446,0.266243283250728,False,down
WBGene00011028,3,1.0,PFBSA,0.174374724124346,0.266365282224166,False,up
WBGene00013964,3,1.0,PFBSA,0.176999153867927,0.267123588313385,False,up
WBGene00010799,3,0.9,PFBSA,0.391297794861344,0.267271075014267,False,up
WBGene00003643,3,1.0,PFBSA,0.40217135769952,0.267591967948002,False,up
WBGene00271817,3,0.9666666666666667,PFBSA,0.553821931963742,0.268142406636454,False,up
WBGene00022040,3,1.0,PFBSA,0.392718591806769,0.268142406636454,False,up
WBGene00005008,3,0.9,PFBSA,0.245791320010221,0.268142406636454,False,up
WBGene00016212,3,0.9,PFBSA,0.529033893272819,0.268234347012543,False,up
WBGene00001135,3,1.0,PFBSA,0.139287424172219,0.268318313043981,False,up
WBGene00012622,3,1.0,PFBSA,0.392928137318409,0.269080899799305,False,up
WBGene00010644,3,0.9666666666666667,PFBSA,0.252295445705903,0.27035430066811,False,up
WBGene00001778,3,0.9666666666666667,PFBSA,0.598407902067919,0.270684493485252,False,up
WBGene00011850,3,0.9666666666666667,PFBSA,0.232582464624202,0.27110151518386,False,up
WBGene00050941,3,0.9,PFBSA,0.126205803224818,0.27110151518386,False,up
WBGene00021201,3,0.9333333333333333,PFBSA,0.381869255518969,0.271253585071597,False,up
WBGene00012810,3,1.0,PFBSA,-0.617488383779396,0.271353756100794,False,down
WBGene00000693,3,0.6333333333333333,PFBSA,0.497696094039771,0.271373587769929,False,up
WBGene00017980,3,1.0,PFBSA,0.100113521856048,0.271910984892491,False,up
WBGene00014173,3,0.9333333333333333,PFBSA,0.903315241503734,0.272485505182322,False,up
WBGene00021204,3,0.9666666666666667,PFBSA,0.508809447253842,0.272614358335786,False,up
WBGene00022805,3,0.9666666666666667,PFBSA,0.18348629508122,0.272893769154021,False,up
WBGene00003475,3,1.0,PFBSA,0.111274599442345,0.273279502747044,False,up
WBGene00000457,3,1.0,PFBSA,0.361721949335851,0.273714043151092,False,up
WBGene00018562,3,1.0,PFBSA,0.215801668402912,0.274453929413313,False,up
WBGene00006809,3,1.0,PFBSA,0.156363470151585,0.274760691282034,False,up
WBGene00077771,3,0.9333333333333333,PFBSA,0.100214045804315,0.27488167798959,False,up
WBGene00219455,3,1.0,PFBSA,0.685346124600049,0.27640282766507,False,up
WBGene00008233,3,0.9666666666666667,PFBSA,0.467506546114941,0.27640282766507,False,up
WBGene00022824,3,0.9,PFBSA,0.313274801414377,0.27722408606721,False,up
WBGene00003030,3,1.0,PFBSA,0.120252973641133,0.277294213599175,False,up
WBGene00016040,3,0.9,PFBSA,1.14699980072794,0.277589920409923,False,up
WBGene00019324,3,0.9666666666666667,PFBSA,0.0826280124548532,0.277649202970636,False,up
WBGene00009107,3,1.0,PFBSA,0.4655091085284,0.278582871255635,False,up
WBGene00003548,3,0.9,PFBSA,0.656862441349489,0.278978013108231,False,up
WBGene00044421,3,1.0,PFBSA,0.284478899413305,0.279031058750556,False,up
WBGene00006609,3,0.9,PFBSA,-0.246168093919898,0.279478011882381,False,down
WBGene00022366,3,1.0,PFBSA,0.216935758772492,0.279690759659562,False,up
WBGene00017964,3,1.0,PFBSA,0.279786829471437,0.280200231348864,False,up
WBGene00002982,3,1.0,PFBSA,0.199734639759551,0.280302850386304,False,up
WBGene00017861,3,1.0,PFBSA,-0.200559038690248,0.280587928106613,False,down
WBGene00019407,3,1.0,PFBSA,0.179523132968416,0.281086312771213,False,up
WBGene00044612,3,0.9,PFBSA,-0.328721017420192,0.281768330966878,False,down
WBGene00003497,3,1.0,PFBSA,0.455906402855852,0.282666520027407,False,up
WBGene00007537,3,0.9,PFBSA,0.639883979115578,0.283225711401291,False,up
WBGene00004281,3,0.9,PFBSA,0.247126031516986,0.283743331033832,False,up
WBGene00077539,3,0.9666666666666667,PFBSA,0.315473464479444,0.284256121164527,False,up
WBGene00021910,3,0.7,PFBSA,0.105209798519431,0.285115500802299,False,up
WBGene00001008,3,1.0,PFBSA,0.0801115618803272,0.285627851765779,False,up
WBGene00004328,3,0.9666666666666667,PFBSA,-0.343800744949788,0.285627851765779,False,down
WBGene00005246,3,0.9,PFBSA,0.473186557306123,0.286641863081618,False,up
WBGene00003033,3,0.9666666666666667,PFBSA,0.240613902314534,0.286677165422126,False,up
WBGene00006669,3,1.0,PFBSA,0.24810450072693,0.287471582626816,False,up
WBGene00018376,3,0.9666666666666667,PFBSA,0.135756611040907,0.287471582626816,False,up
WBGene00001537,3,0.9333333333333333,PFBSA,-0.197507574096799,0.287526977110996,False,down
WBGene00019847,3,0.9666666666666667,PFBSA,0.141594815174563,0.287586006787578,False,up
WBGene00003878,3,1.0,PFBSA,0.150244964297856,0.287683735996713,False,up
WBGene00010986,3,1.0,PFBSA,0.246201000045908,0.288182781536842,False,up
WBGene00008656,3,0.9666666666666667,PFBSA,0.151288115003579,0.288185345841066,False,up
WBGene00019955,3,1.0,PFBSA,0.145338225811523,0.288268037313012,False,up
WBGene00007761,3,1.0,PFBSA,0.11628866595826,0.288902340599701,False,up
WBGene00044525,3,1.0,PFBSA,0.509132874695074,0.289411740126838,False,up
WBGene00021397,3,1.0,PFBSA,0.259518030287101,0.289411740126838,False,up
WBGene00018847,3,1.0,PFBSA,0.0896397590722956,0.290212760494816,False,up
WBGene00010940,3,0.9666666666666667,PFBSA,0.398843848490589,0.290627396123862,False,up
WBGene00000289,3,1.0,PFBSA,0.0751247635276699,0.290785448640612,False,up
WBGene00015218,3,1.0,PFBSA,0.251211895176578,0.290810549117215,False,up
WBGene00019183,3,0.9,PFBSA,0.240983855794866,0.291286571860037,False,up
WBGene00016724,3,1.0,PFBSA,0.575344749326919,0.29209891228866,False,up
WBGene00003603,3,1.0,PFBSA,0.138938713308848,0.292442048610167,False,up
WBGene00022326,3,1.0,PFBSA,0.251247979854264,0.292731104215597,False,up
WBGene00001556,3,1.0,PFBSA,0.248013441540678,0.292868963303285,False,up
WBGene00014202,3,0.5333333333333333,PFBSA,0.100349571606089,0.292868963303285,False,up
WBGene00004882,3,1.0,PFBSA,-0.12654546568552,0.293899674846191,False,down
WBGene00018303,3,1.0,PFBSA,-0.166640183917367,0.294093763006074,False,down
WBGene00007505,3,0.9,PFBSA,-0.0881967488773829,0.294135675802235,False,down
WBGene00008849,3,1.0,PFBSA,0.763718995184948,0.294490285858378,False,up
WBGene00020015,3,0.6333333333333333,PFBSA,0.272783808570077,0.294490285858378,False,up
WBGene00011002,3,1.0,PFBSA,0.367682317567148,0.294714733761903,False,up
WBGene00016872,3,0.9,PFBSA,0.251709510210676,0.296005978869876,False,up
WBGene00021511,3,1.0,PFBSA,0.343260156076827,0.296164149000307,False,up
WBGene00007725,3,1.0,PFBSA,0.236633085094582,0.296664548231205,False,up
WBGene00003699,3,0.9666666666666667,PFBSA,0.15801065081606,0.296686400078273,False,up
WBGene00020690,3,1.0,PFBSA,-0.38202449652519,0.296686400078273,False,down
WBGene00004375,3,1.0,PFBSA,0.0999570222926936,0.297786876680133,False,up
WBGene00008304,3,0.9,PFBSA,0.481596984670496,0.298522684123787,False,up
WBGene00022142,3,0.9666666666666667,PFBSA,0.36855183508029,0.298526873936122,False,up
WBGene00017361,3,0.6333333333333333,PFBSA,0.493917442465107,0.299150869641595,False,up
WBGene00020011,3,0.9666666666666667,PFBSA,0.310124151469199,0.299167061247319,False,up
WBGene00020762,3,0.9333333333333333,PFBSA,-0.113438964350949,0.299353199359903,False,down
WBGene00006641,3,1.0,PFBSA,-0.161178860578722,0.300593586041826,False,down
WBGene00015624,3,1.0,PFBSA,0.376253396185909,0.300645426479299,False,up
WBGene00010507,3,0.9666666666666667,PFBSA,0.166648287189784,0.301238312202233,False,up
WBGene00011215,3,1.0,PFBSA,0.463225930091779,0.301437297463687,False,up
WBGene00018509,3,0.5,PFBSA,0.0847163482073649,0.301492970921131,False,up
WBGene00002004,3,1.0,PFBSA,0.0982255598118716,0.301889636306912,False,up
WBGene00000447,3,1.0,PFBSA,0.307900772792851,0.301932274920496,False,up
WBGene00012930,3,1.0,PFBSA,0.157067222952533,0.30194884943983,False,up
WBGene00010049,3,1.0,PFBSA,0.126625636619597,0.302053164640909,False,up
WBGene00004148,3,0.9333333333333333,PFBSA,0.0883420399878938,0.302053164640909,False,up
WBGene00004996,3,0.9666666666666667,PFBSA,-1.13100924115602,0.302053164640909,False,down
WBGene00007515,3,0.9333333333333333,PFBSA,-0.445083788014348,0.302298594659961,False,down
WBGene00012920,3,0.5,PFBSA,0.266032614890369,0.302493836153955,False,up
WBGene00007967,3,1.0,PFBSA,0.202393867253768,0.302994404478748,False,up
WBGene00020586,3,0.5,PFBSA,0.242380689331523,0.303017724249424,False,up
WBGene00011801,3,1.0,PFBSA,0.217043000544767,0.303054466809918,False,up
WBGene00001562,3,1.0,PFBSA,0.104178245169674,0.304022185475189,False,up
WBGene00044020,3,1.0,PFBSA,0.612556302795877,0.305081285801861,False,up
WBGene00004773,3,0.7,PFBSA,0.135866748715836,0.305146219148576,False,up
WBGene00019404,3,0.5333333333333333,PFBSA,0.38931059071405,0.305274176298391,False,up
WBGene00016038,3,1.0,PFBSA,0.0972619811168407,0.305274176298391,False,up
WBGene00008335,3,0.7,PFBSA,0.301957806453356,0.305465500009613,False,up
WBGene00006622,3,0.9,PFBSA,0.448225169959322,0.306179371544008,False,up
WBGene00001788,3,0.9,PFBSA,0.220869937445992,0.307565893239335,False,up
WBGene00045387,3,0.9666666666666667,PFBSA,0.220593507025303,0.307639590567324,False,up
WBGene00008665,3,0.9666666666666667,PFBSA,0.169074331781176,0.30868684575164,False,up
WBGene00019970,3,1.0,PFBSA,-0.504243434951322,0.308786310337357,False,down
WBGene00021505,3,0.9,PFBSA,0.309654060474987,0.30908515783172,False,up
WBGene00010191,3,1.0,PFBSA,0.120856296218922,0.309539137841022,False,up
WBGene00021336,3,0.5,PFBSA,0.407097382410248,0.311098561586397,False,up
WBGene00012929,3,0.7,PFBSA,0.0721205500648489,0.311098561586397,False,up
WBGene00011382,3,1.0,PFBSA,-0.13693620346905,0.311381229200188,False,down
WBGene00013970,3,1.0,PFBSA,0.133836149264903,0.31157475918163,False,up
WBGene00011075,3,1.0,PFBSA,0.580923226942912,0.311934496618838,False,up
WBGene00045013,3,1.0,PFBSA,0.211900514984621,0.311963721775302,False,up
WBGene00044742,3,1.0,PFBSA,0.377485273009827,0.314212842622496,False,up
WBGene00235164,3,1.0,PFBSA,0.35245969322215,0.314212842622496,False,up
WBGene00018184,3,0.9333333333333333,PFBSA,0.138325475037699,0.315225583235105,False,up
WBGene00077490,3,0.8333333333333334,PFBSA,0.251477953735617,0.315866228774094,False,up
WBGene00003166,3,1.0,PFBSA,0.0910024634278173,0.316703306916504,False,up
WBGene00012885,3,0.9333333333333333,PFBSA,-0.132474021915707,0.317399988668615,False,down
WBGene00019320,3,0.7333333333333333,PFBSA,0.354922431938284,0.317564786942351,False,up
WBGene00009855,3,0.5333333333333333,PFBSA,-0.740860574457101,0.317916583969799,False,down
WBGene00008961,3,1.0,PFBSA,-0.461366695016746,0.318488963849168,False,down
WBGene00000085,3,0.9666666666666667,PFBSA,0.216773480093308,0.318504578295248,False,up
WBGene00022145,3,1.0,PFBSA,0.613704797120822,0.318629669096231,False,up
WBGene00010475,3,1.0,PFBSA,0.222624889535811,0.318874842205487,False,up
WBGene00077775,3,1.0,PFBSA,0.214054482214367,0.318874842205487,False,up
WBGene00013828,3,1.0,PFBSA,-0.581557077150057,0.319021026935392,False,down
WBGene00014079,3,1.0,PFBSA,0.181369698370949,0.319709698668092,False,up
WBGene00019749,3,0.9666666666666667,PFBSA,0.180764700097263,0.319983351158839,False,up
WBGene00019699,3,1.0,PFBSA,0.59386516676844,0.320291939360681,False,up
WBGene00045052,3,1.0,PFBSA,0.270317759733597,0.320346704129653,False,up
WBGene00000466,3,0.9666666666666667,PFBSA,0.0936699035983916,0.321195196171904,False,up
WBGene00009904,3,1.0,PFBSA,0.425062796081944,0.321746287182373,False,up
WBGene00006208,3,0.9666666666666667,PFBSA,0.768064549772131,0.322421296859228,False,up
WBGene00003976,3,0.9,PFBSA,0.477247780184596,0.322941140379199,False,up
WBGene00022597,3,0.9666666666666667,PFBSA,0.479706643285584,0.324621588418948,False,up
WBGene00019187,3,0.9,PFBSA,0.273845364132142,0.324621588418948,False,up
WBGene00013870,3,1.0,PFBSA,-0.19179810336559,0.326052776491577,False,down
WBGene00304203,3,1.0,PFBSA,0.47279295489067,0.326484064400942,False,up
WBGene00022255,3,1.0,PFBSA,0.518818232029784,0.326665764350467,False,up
WBGene00010789,3,0.5,PFBSA,0.650561354979744,0.326928671754768,False,up
WBGene00018514,3,1.0,PFBSA,0.187705767294857,0.327074648062685,False,up
WBGene00013989,3,1.0,PFBSA,0.229177402928668,0.327358694517869,False,up
WBGene00015786,3,0.9,PFBSA,-0.207988409486848,0.327571003888379,False,down
WBGene00005127,3,0.7666666666666667,PFBSA,-0.514517389943287,0.327571003888379,False,down
WBGene00019327,3,1.0,PFBSA,0.2089798500756,0.328085952889658,False,up
WBGene00013934,3,1.0,PFBSA,0.125500629528494,0.328560883381868,False,up
WBGene00013481,3,0.9666666666666667,PFBSA,0.196519692348628,0.3286093633909,False,up
WBGene00011763,3,0.8666666666666667,PFBSA,0.12652158385877,0.3286093633909,False,up
WBGene00012959,3,1.0,PFBSA,1.09592587707899,0.328760916058396,False,up
WBGene00007507,3,0.9666666666666667,PFBSA,0.621150695070763,0.331903302145435,False,up
WBGene00022295,3,1.0,PFBSA,-0.265811251149142,0.332604878134498,False,down
WBGene00015115,3,0.9666666666666667,PFBSA,-0.195463064837957,0.333284191890498,False,down
WBGene00012779,3,1.0,PFBSA,0.206194605069336,0.33339633450063,False,up
WBGene00016066,3,1.0,PFBSA,-0.339401983277968,0.33366058561984,False,down
WBGene00008234,3,0.9,PFBSA,0.404245913458931,0.334479092524594,False,up
WBGene00013839,3,1.0,PFBSA,0.251411354991216,0.334538168406538,False,up
WBGene00009388,3,1.0,PFBSA,-0.199511137898547,0.334538168406538,False,down
WBGene00015301,3,1.0,PFBSA,0.0911400596168361,0.334764334585225,False,up
WBGene00001526,3,1.0,PFBSA,0.107068797065344,0.335094910372658,False,up
WBGene00016427,3,0.9,PFBSA,0.224835376727419,0.336091923165671,False,up
WBGene00005642,3,1.0,PFBSA,-0.542250065454914,0.336110876665253,False,down
WBGene00012463,3,1.0,PFBSA,0.121374511036079,0.337583900178995,False,up
WBGene00008142,3,0.9666666666666667,PFBSA,0.222400131397271,0.337783848401972,False,up
WBGene00004947,3,1.0,PFBSA,0.0956234983867704,0.33875915822238,False,up
WBGene00019698,3,1.0,PFBSA,0.122911106827441,0.339054533093713,False,up
WBGene00006066,3,1.0,PFBSA,0.077769827999795,0.339054533093713,False,up
WBGene00021409,3,0.9,PFBSA,0.415672724130402,0.339458688264631,False,up
WBGene00008007,3,1.0,PFBSA,0.516060660687003,0.339720987047001,False,up
WBGene00016926,3,0.9666666666666667,PFBSA,0.776002503461752,0.339961416857021,False,up
WBGene00269434,3,0.5333333333333333,PFBSA,0.203836424102535,0.340101202111107,False,up
WBGene00009234,3,0.7333333333333333,PFBSA,0.124673600523344,0.340303777363765,False,up
WBGene00010884,3,1.0,PFBSA,-0.203515983960384,0.341714760300511,False,down
WBGene00001667,3,1.0,PFBSA,0.681328701555644,0.342108895340848,False,up
WBGene00007590,3,1.0,PFBSA,-0.258955021873385,0.343514966754849,False,down
WBGene00017341,3,1.0,PFBSA,0.812866348450212,0.343606762725517,False,up
WBGene00007849,3,1.0,PFBSA,0.183864668825216,0.343713720057184,False,up
WBGene00008345,3,1.0,PFBSA,0.0927922989488202,0.344110883804056,False,up
WBGene00021344,3,1.0,PFBSA,0.169134233992047,0.344883891436663,False,up
WBGene00002239,3,1.0,PFBSA,0.103880875555751,0.34503644669695,False,up
WBGene00012492,3,1.0,PFBSA,-0.37236877542026,0.345148406205216,False,down
WBGene00012546,3,0.9,PFBSA,0.181457406994947,0.345433623620271,False,up
WBGene00008372,3,1.0,PFBSA,0.221777003292887,0.345612822901919,False,up
WBGene00013762,3,0.9,PFBSA,-0.211132866170592,0.345897831233113,False,down
WBGene00009070,3,0.9333333333333333,PFBSA,0.273400556874897,0.346247080202336,False,up
WBGene00006535,3,1.0,PFBSA,0.176882821081233,0.346862864026016,False,up
WBGene00009742,3,0.5333333333333333,PFBSA,0.173156877687278,0.347095264160105,False,up
WBGene00006628,3,0.9666666666666667,PFBSA,0.545094526180444,0.347638951563018,False,up
WBGene00019978,3,1.0,PFBSA,0.20828950258149,0.347638951563018,False,up
WBGene00004912,3,1.0,PFBSA,0.131575323070497,0.348741621997404,False,up
WBGene00020008,3,0.9,PFBSA,0.300200890607727,0.348982527975866,False,up
WBGene00009225,3,1.0,PFBSA,0.627823741065581,0.349430995157284,False,up
WBGene00001478,3,0.9666666666666667,PFBSA,0.240653274680499,0.349430995157284,False,up
WBGene00011231,3,1.0,PFBSA,0.367097717035417,0.350415970242587,False,up
WBGene00004457,3,1.0,PFBSA,0.109020581883253,0.350577812813762,False,up
WBGene00195154,3,1.0,PFBSA,0.523728867163245,0.351470827456201,False,up
WBGene00020700,3,0.5333333333333333,PFBSA,0.998594127612484,0.351706726929476,False,up
WBGene00015139,3,0.7666666666666667,PFBSA,-0.242895039993224,0.351706726929476,False,down
WBGene00010850,3,1.0,PFBSA,0.202419511591018,0.352192012383289,False,up
WBGene00000244,3,0.7,PFBSA,0.184414296464568,0.352575123059597,False,up
WBGene00000831,3,1.0,PFBSA,-0.220297476436637,0.353087482676181,False,down
WBGene00012682,3,1.0,PFBSA,0.715709952394569,0.353125934804242,False,up
WBGene00013236,3,0.9666666666666667,PFBSA,0.160365786338419,0.355678416198839,False,up
WBGene00001666,3,0.8333333333333334,PFBSA,0.151338944246878,0.355687484279575,False,up
WBGene00019674,3,1.0,PFBSA,0.241317960120782,0.356689860397149,False,up
WBGene00003841,3,1.0,PFBSA,0.247609758436801,0.356808288268244,False,up
WBGene00013325,3,0.9666666666666667,PFBSA,0.0991870328565946,0.356829402776976,False,up
WBGene00020904,3,1.0,PFBSA,0.49854550971363,0.358367998958609,False,up
WBGene00004055,3,0.9666666666666667,PFBSA,0.078768454785066,0.358460101773241,False,up
WBGene00022427,3,1.0,PFBSA,-0.0876916248042593,0.358460101773241,False,down
WBGene00002999,3,0.9666666666666667,PFBSA,0.0924679518038264,0.358543082862092,False,up
WBGene00018286,3,0.6,PFBSA,-0.382222180249959,0.358750794492549,False,down
WBGene00003480,3,1.0,PFBSA,0.197319522714537,0.359088149847076,False,up
WBGene00018219,3,1.0,PFBSA,0.219263895175835,0.359290901128937,False,up
WBGene00003779,3,1.0,PFBSA,0.179453403030988,0.359962545335284,False,up
WBGene00002012,3,1.0,PFBSA,0.642730567379825,0.360026213426913,False,up
WBGene00016003,3,0.9,PFBSA,0.638801406027328,0.360663351029658,False,up
WBGene00021653,3,0.9666666666666667,PFBSA,0.540671550274347,0.360732621846928,False,up
WBGene00006778,3,1.0,PFBSA,0.19272411713102,0.361447996550335,False,up
WBGene00086557,3,1.0,PFBSA,0.261951449949165,0.362178103844903,False,up
WBGene00195073,3,0.9,PFBSA,0.228845115217582,0.362180106233466,False,up
WBGene00010308,3,0.6333333333333333,PFBSA,0.131410206251664,0.362180106233466,False,up
WBGene00008298,3,0.9,PFBSA,-0.103064858118738,0.363191376091675,False,down
WBGene00001972,3,1.0,PFBSA,-0.0581532872347992,0.363498891311247,False,down
WBGene00009000,3,1.0,PFBSA,0.295767691791889,0.364029038200911,False,up
WBGene00044701,3,1.0,PFBSA,0.165781572858328,0.364393285725589,False,up
WBGene00012899,3,1.0,PFBSA,0.325389332490516,0.36501292545899,False,up
WBGene00044342,3,1.0,PFBSA,0.228341659602503,0.36501292545899,False,up
WBGene00003179,3,0.5333333333333333,PFBSA,-0.132983223181506,0.365405455846374,False,down
WBGene00020917,3,0.8666666666666667,PFBSA,-0.319283503984783,0.365405455846374,False,down
WBGene00010810,3,0.9,PFBSA,0.106566248530674,0.365813475783944,False,up
WBGene00002295,3,0.9,PFBSA,0.0942079520385428,0.367453301503318,False,up
WBGene00019343,3,1.0,PFBSA,0.339585043309897,0.367773852375094,False,up
WBGene00004321,3,0.7,PFBSA,0.137143838975055,0.367978207598815,False,up
WBGene00005542,3,1.0,PFBSA,0.40372129713171,0.368495332080225,False,up
WBGene00010628,3,1.0,PFBSA,0.201673489866609,0.368495332080225,False,up
WBGene00011419,3,0.9333333333333333,PFBSA,-0.165771392251174,0.368495332080225,False,down
WBGene00009116,3,0.9,PFBSA,0.0922080075492052,0.369591368382008,False,up
WBGene00007370,3,0.9666666666666667,PFBSA,0.50753915567164,0.370415552228067,False,up
WBGene00022656,3,0.6666666666666666,PFBSA,0.434046801519344,0.370415552228067,False,up
WBGene00017331,3,0.9,PFBSA,-0.251017197523964,0.371053459923487,False,down
WBGene00009854,3,0.6333333333333333,PFBSA,-0.62770305543858,0.371713170004993,False,down
WBGene00007155,3,0.9,PFBSA,0.150195075034899,0.371718715382258,False,up
WBGene00008975,3,1.0,PFBSA,-0.158635208676019,0.37181230616112,False,down
WBGene00003564,3,1.0,PFBSA,-0.0704443345484284,0.371955999462485,False,down
WBGene00015720,3,1.0,PFBSA,0.58926563448429,0.372716466435955,False,up
WBGene00002026,3,0.5333333333333333,PFBSA,0.530952421524498,0.373182266101481,False,up
WBGene00004184,3,0.6333333333333333,PFBSA,-0.0900240812675671,0.373184010395959,False,down
WBGene00008783,3,0.9,PFBSA,0.162724373384482,0.373380245126661,False,up
WBGene00017471,3,1.0,PFBSA,-0.250872078078701,0.373433435268547,False,down
WBGene00016772,3,1.0,PFBSA,0.580987966596628,0.373479225799391,False,up
WBGene00043702,3,1.0,PFBSA,-0.337782521223835,0.374685035249041,False,down
WBGene00006467,3,0.9666666666666667,PFBSA,0.133346056757654,0.375217290550969,False,up
WBGene00009696,3,1.0,PFBSA,0.251425980834662,0.376423744545911,False,up
WBGene00015518,3,1.0,PFBSA,0.280049949763321,0.376654908644735,False,up
WBGene00021795,3,1.0,PFBSA,0.445073083314158,0.377276049743004,False,up
WBGene00010781,3,1.0,PFBSA,0.378344545505505,0.377559388866155,False,up
WBGene00020575,3,1.0,PFBSA,-0.240940110755762,0.37883977469957,False,down
WBGene00012739,3,1.0,PFBSA,0.157332048868879,0.378950073881412,False,up
WBGene00045058,3,1.0,PFBSA,-0.445383423740429,0.378950073881412,False,down
WBGene00015395,3,1.0,PFBSA,0.343679258553302,0.379006958372275,False,up
WBGene00004032,3,0.6333333333333333,PFBSA,0.0707673661114416,0.379006958372275,False,up
WBGene00044077,3,1.0,PFBSA,0.0657494037740318,0.379006958372275,False,up
WBGene00018074,3,1.0,PFBSA,0.194117199266254,0.380365257871546,False,up
WBGene00000188,3,0.7666666666666667,PFBSA,0.144862869120081,0.380550085450959,False,up
WBGene00015357,3,1.0,PFBSA,0.168510154738863,0.380688278122018,False,up
WBGene00021328,3,0.9666666666666667,PFBSA,0.137327493234687,0.382198357876651,False,up
WBGene00003860,3,1.0,PFBSA,-0.343836852263937,0.38258110649066,False,down
WBGene00006779,3,1.0,PFBSA,0.0687332265912335,0.383314945397305,False,up
WBGene00017445,3,1.0,PFBSA,0.144068447218957,0.383590586603452,False,up
WBGene00019261,3,0.9,PFBSA,0.0937243180348132,0.383590586603452,False,up
WBGene00009308,3,0.9666666666666667,PFBSA,0.788410091448582,0.384001322786552,False,up
WBGene00270303,3,0.9666666666666667,PFBSA,0.570145139900385,0.384001322786552,False,up
WBGene00008121,3,1.0,PFBSA,0.0888475687664095,0.385106582094517,False,up
WBGene00001973,3,1.0,PFBSA,-0.161929983359008,0.385373456592429,False,down
WBGene00206485,3,0.9,PFBSA,0.50731741607976,0.38621676399851,False,up
WBGene00009523,3,1.0,PFBSA,-0.415418239012223,0.387399609624552,False,down
WBGene00009201,3,0.9,PFBSA,0.0675974348427198,0.387926049842423,False,up
WBGene00021641,3,0.9666666666666667,PFBSA,0.373242283625915,0.388017633894081,False,up
WBGene00045482,3,0.5666666666666667,PFBSA,0.348037472888275,0.388017633894081,False,up
WBGene00022331,3,1.0,PFBSA,0.276809305449439,0.388038887837691,False,up
WBGene00015400,3,1.0,PFBSA,-0.302534223153374,0.388094916863529,False,down
WBGene00015231,3,1.0,PFBSA,0.379280512339647,0.388359472235467,False,up
WBGene00015386,3,0.9666666666666667,PFBSA,0.605263469824666,0.389752798106633,False,up
WBGene00003998,3,1.0,PFBSA,0.164768822555423,0.390312249926633,False,up
WBGene00012778,3,1.0,PFBSA,-0.375761690625794,0.390773079837455,False,down
WBGene00001532,3,1.0,PFBSA,0.253632958239514,0.391450880752313,False,up
WBGene00044788,3,1.0,PFBSA,0.402966770718029,0.391796949329005,False,up
WBGene00018700,3,1.0,PFBSA,-0.0708570039886189,0.392496073642111,False,down
WBGene00004194,3,1.0,PFBSA,0.0870054966617075,0.392965630186093,False,up
WBGene00019652,3,1.0,PFBSA,-0.225873379676761,0.393114083200698,False,down
WBGene00000983,3,0.9666666666666667,PFBSA,-0.269694549243209,0.393686045973934,False,down
WBGene00004131,3,1.0,PFBSA,0.264587702640342,0.394012845522844,False,up
WBGene00009042,3,1.0,PFBSA,0.258842275995903,0.394181401112906,False,up
WBGene00022489,3,1.0,PFBSA,0.0902799696155098,0.394707137646369,False,up
WBGene00011521,3,1.0,PFBSA,0.238292516512302,0.395079332239105,False,up
WBGene00017804,3,1.0,PFBSA,0.347271941634212,0.395596376781521,False,up
WBGene00009877,3,0.9,PFBSA,-0.314855847424348,0.3957779641003,False,down
WBGene00009835,3,1.0,PFBSA,0.32837984026706,0.395933189496845,False,up
WBGene00016364,3,0.9666666666666667,PFBSA,-0.152743197285365,0.396259203374093,False,down
WBGene00001541,3,1.0,PFBSA,-0.207253603911958,0.397823090368892,False,down
WBGene00008834,3,0.9,PFBSA,0.263932295299723,0.39809316445676,False,up
WBGene00013233,3,1.0,PFBSA,0.601692016428813,0.398448919306041,False,up
WBGene00022893,3,0.6333333333333333,PFBSA,-0.124232330044763,0.399407533329926,False,down
WBGene00012605,3,1.0,PFBSA,0.410648188356312,0.400594265036536,False,up
WBGene00021605,3,1.0,PFBSA,-0.303005631199549,0.400594265036536,False,down
WBGene00009101,3,1.0,PFBSA,0.39772055833236,0.40127852129551,False,up
WBGene00006226,3,1.0,PFBSA,0.559042299694781,0.401463064207953,False,up
WBGene00016568,3,1.0,PFBSA,0.254503898857571,0.402002586377315,False,up
WBGene00020852,3,1.0,PFBSA,0.113427471340171,0.402146408170972,False,up
WBGene00014101,3,1.0,PFBSA,0.138992282093468,0.402460948719948,False,up
WBGene00012014,3,1.0,PFBSA,0.123166727313585,0.402943923909288,False,up
WBGene00006352,3,1.0,PFBSA,0.0587748371008586,0.404850573143461,False,up
WBGene00022873,3,1.0,PFBSA,0.241065755373302,0.404923572303203,False,up
WBGene00010038,3,0.9666666666666667,PFBSA,0.101354456306954,0.405734966803955,False,up
WBGene00001988,3,1.0,PFBSA,0.185702290973277,0.405959616506097,False,up
WBGene00011869,3,1.0,PFBSA,-0.0889652492807008,0.406064125665252,False,down
WBGene00008239,3,1.0,PFBSA,0.148156255140865,0.40721607691705,False,up
WBGene00000458,3,1.0,PFBSA,0.11013717320495,0.40721607691705,False,up
WBGene00011124,3,0.9666666666666667,PFBSA,0.333762392059709,0.408106750514754,False,up
WBGene00010887,3,1.0,PFBSA,0.183816749390089,0.409558782044017,False,up
WBGene00005245,3,0.9333333333333333,PFBSA,0.591925598104368,0.410544759171391,False,up
WBGene00003682,3,0.9666666666666667,PFBSA,0.169427616278592,0.410769573820107,False,up
WBGene00020318,3,1.0,PFBSA,0.375363693660523,0.410799926590909,False,up
WBGene00012136,3,0.9666666666666667,PFBSA,-0.109979003564018,0.410799926590909,False,down
WBGene00021818,3,1.0,PFBSA,-0.235726875853212,0.411055252688617,False,down
WBGene00006685,3,0.9333333333333333,PFBSA,0.161458212416588,0.411484832370944,False,up
WBGene00235312,3,1.0,PFBSA,0.529774290629542,0.411714113912043,False,up
WBGene00013080,3,1.0,PFBSA,0.185995600866447,0.414426078516,False,up
WBGene00016169,3,0.9666666666666667,PFBSA,0.232823344613452,0.414455262363284,False,up
WBGene00045397,3,1.0,PFBSA,0.240529869534282,0.41450315571011,False,up
WBGene00001157,3,1.0,PFBSA,0.182567309936612,0.414806802320931,False,up
WBGene00019444,3,0.7,PFBSA,0.182323808253678,0.415119665441987,False,up
WBGene00012821,3,0.8666666666666667,PFBSA,0.234790965720759,0.415279747793041,False,up
WBGene00271606,3,1.0,PFBSA,0.296702342872968,0.416205327302384,False,up
WBGene00010043,3,0.9,PFBSA,0.172449632776906,0.416205327302384,False,up
WBGene00022695,3,0.8333333333333334,PFBSA,0.14899147328315,0.416205327302384,False,up
WBGene00016792,3,1.0,PFBSA,0.0857979621593355,0.418382655922696,False,up
WBGene00017394,3,1.0,PFBSA,0.293104415787812,0.418390485818886,False,up
WBGene00009741,3,0.9666666666666667,PFBSA,0.115836592595557,0.418940663539171,False,up
WBGene00007430,3,1.0,PFBSA,0.159460439736752,0.419671396783785,False,up
WBGene00020698,3,1.0,PFBSA,-0.381113164290163,0.420025572213991,False,down
WBGene00001122,3,0.9,PFBSA,0.171286946009913,0.420066412639445,False,up
WBGene00195212,3,1.0,PFBSA,0.428122792678259,0.420354937375181,False,up
WBGene00006710,3,1.0,PFBSA,0.0911275262485377,0.42070763075761,False,up
WBGene00017364,3,0.7666666666666667,PFBSA,0.239579577123596,0.421002791111686,False,up
WBGene00022391,3,0.9,PFBSA,0.10934532580409,0.421057651768236,False,up
WBGene00020023,3,1.0,PFBSA,0.190851023843297,0.422415031336007,False,up
WBGene00019329,3,0.8,PFBSA,-0.181379614022296,0.422687222105137,False,down
WBGene00019012,3,1.0,PFBSA,0.256275201716526,0.423517667791444,False,up
WBGene00016665,3,1.0,PFBSA,-0.467968234577358,0.423528464006347,False,down
WBGene00000241,3,1.0,PFBSA,0.161982734777461,0.423585681980333,False,up
WBGene00003064,3,0.9333333333333333,PFBSA,0.113050523582155,0.424102683217696,False,up
WBGene00015471,3,1.0,PFBSA,0.125061030490622,0.424882034822956,False,up
WBGene00020019,3,1.0,PFBSA,0.489261393548636,0.424936173598572,False,up
WBGene00013124,3,1.0,PFBSA,-0.126814857253138,0.425573672075234,False,down
WBGene00004979,3,1.0,PFBSA,-0.116192126220753,0.426258418249503,False,down
WBGene00013693,3,1.0,PFBSA,-0.223197636575141,0.427364068200732,False,down
WBGene00003243,3,1.0,PFBSA,-0.0811120276326615,0.427846912084155,False,down
WBGene00044143,3,0.9666666666666667,PFBSA,0.114645671035853,0.428320780240727,False,up
WBGene00010951,3,0.6333333333333333,PFBSA,-0.143028045715323,0.428414782539229,False,down
WBGene00017100,3,1.0,PFBSA,-0.266256662044253,0.428944759026242,False,down
WBGene00017178,3,0.9333333333333333,PFBSA,0.113628178107225,0.429071636712434,False,up
WBGene00002201,3,0.9666666666666667,PFBSA,0.0736342772168901,0.429071636712434,False,up
WBGene00009544,3,1.0,PFBSA,-0.17601532245952,0.429071636712434,False,down
WBGene00020842,3,0.9666666666666667,PFBSA,0.112244214774709,0.429398138327097,False,up
WBGene00016244,3,1.0,PFBSA,-0.0906012027806614,0.429737007727585,False,down
WBGene00007840,3,0.9,PFBSA,0.125634781722028,0.430060959805067,False,up
WBGene00021239,3,0.8666666666666667,PFBSA,0.106656653863154,0.431996756448288,False,up
WBGene00001664,3,1.0,PFBSA,0.193771522421884,0.432102728271183,False,up
WBGene00021238,3,0.9666666666666667,PFBSA,0.091467595568564,0.432303361143675,False,up
WBGene00004161,3,0.6,PFBSA,0.0709099408330845,0.432495777537538,False,up
WBGene00011996,3,0.9,PFBSA,0.258041906457573,0.432836373122899,False,up
WBGene00010040,3,1.0,PFBSA,-0.0681673032908636,0.432937772412296,False,down
WBGene00017858,3,1.0,PFBSA,0.142413021653636,0.434491601647587,False,up
WBGene00004364,3,0.9,PFBSA,0.0777509917056585,0.436117362005065,False,up
WBGene00015641,3,0.9,PFBSA,-0.0840510809945653,0.436582123305142,False,down
WBGene00007191,3,0.7666666666666667,PFBSA,0.210861735902499,0.436594824591865,False,up
WBGene00009819,3,0.5333333333333333,PFBSA,0.225196887035512,0.436598679304833,False,up
WBGene00016503,3,0.6,PFBSA,0.190253591192302,0.436889195282696,False,up
WBGene00012307,3,1.0,PFBSA,0.32451326322481,0.43704265252241,False,up
WBGene00008954,3,1.0,PFBSA,0.204023069799259,0.437318991397125,False,up
WBGene00010138,3,1.0,PFBSA,0.198933718031913,0.437598954577423,False,up
WBGene00008320,3,1.0,PFBSA,0.180952491747023,0.438828231780708,False,up
WBGene00044743,3,0.9666666666666667,PFBSA,0.12292804826038,0.439432899828961,False,up
WBGene00005147,3,1.0,PFBSA,0.450823260219129,0.439478350342698,False,up
WBGene00017315,3,1.0,PFBSA,0.838342325202904,0.439902744671652,False,up
WBGene00021314,3,1.0,PFBSA,0.139506780478077,0.439902744671652,False,up
WBGene00019946,3,0.7333333333333333,PFBSA,0.0772171270339486,0.439902744671652,False,up
WBGene00013736,3,0.9333333333333333,PFBSA,-0.087316392066359,0.440095158481957,False,down
WBGene00019182,3,1.0,PFBSA,0.140629894335611,0.440440239194613,False,up
WBGene00009831,3,1.0,PFBSA,0.13608509507863,0.440780568004557,False,up
WBGene00008733,3,0.9666666666666667,PFBSA,0.101533315245514,0.440914976426706,False,up
WBGene00017048,3,0.8333333333333334,PFBSA,-0.149628020717032,0.442330740280957,False,down
WBGene00008989,3,1.0,PFBSA,0.357521710964978,0.443175849179466,False,up
WBGene00008256,3,1.0,PFBSA,0.225921796283812,0.44326300331833,False,up
WBGene00002227,3,1.0,PFBSA,0.484294452557347,0.444321322887539,False,up
WBGene00016429,3,1.0,PFBSA,-0.411026347555067,0.444825346398922,False,down
WBGene00008726,3,0.9666666666666667,PFBSA,0.245422656848121,0.446273155711242,False,up
WBGene00019615,3,1.0,PFBSA,0.0803394657329241,0.446352389534686,False,up
WBGene00022593,3,0.9,PFBSA,0.147664805762233,0.446880274831894,False,up
WBGene00022106,3,1.0,PFBSA,0.107102916559896,0.446956772092784,False,up
WBGene00007844,3,0.9,PFBSA,0.394577627389415,0.448165482036879,False,up
WBGene00008747,3,0.9666666666666667,PFBSA,0.346211793292557,0.449796961006502,False,up
WBGene00044331,3,1.0,PFBSA,0.496940016390306,0.450256987949093,False,up
WBGene00017144,3,1.0,PFBSA,0.0808179879945922,0.451077561121076,False,up
WBGene00011327,3,1.0,PFBSA,0.441893556887782,0.451106687792157,False,up
WBGene00004728,3,1.0,PFBSA,0.071885842689176,0.451314225752048,False,up
WBGene00018523,3,1.0,PFBSA,0.143212118449949,0.452597739034305,False,up
WBGene00015861,3,0.9666666666666667,PFBSA,0.116690319451196,0.453000485395127,False,up
WBGene00015159,3,1.0,PFBSA,-0.0716377019221316,0.453000485395127,False,down
WBGene00009729,3,1.0,PFBSA,0.198820421639623,0.453140831619513,False,up
WBGene00004374,3,1.0,PFBSA,0.198755609023233,0.454037982635652,False,up
WBGene00022245,3,1.0,PFBSA,0.180926482023605,0.454975695968324,False,up
WBGene00011453,3,0.6666666666666666,PFBSA,0.284337235752402,0.455021481372181,False,up
WBGene00022506,3,1.0,PFBSA,0.463294233544469,0.45614816708847,False,up
WBGene00008120,3,1.0,PFBSA,0.0838673671841554,0.456194926335616,False,up
WBGene00011069,3,1.0,PFBSA,0.2115633236441,0.45633729416871,False,up
WBGene00018208,3,0.9666666666666667,PFBSA,0.0774686891355438,0.45633729416871,False,up
WBGene00001129,3,1.0,PFBSA,0.176930899468943,0.456586031823086,False,up
WBGene00013859,3,1.0,PFBSA,0.199489714621861,0.457411060861208,False,up
WBGene00004368,3,1.0,PFBSA,0.130772812200483,0.457739553522146,False,up
WBGene00015028,3,1.0,PFBSA,0.403070401740888,0.458388220800909,False,up
WBGene00020943,3,1.0,PFBSA,0.436270517910698,0.458443698032277,False,up
WBGene00015605,3,0.6,PFBSA,0.210463429642822,0.458627078885803,False,up
WBGene00009522,3,0.7666666666666667,PFBSA,-0.410390064033824,0.459623806246332,False,down
WBGene00000761,3,0.9666666666666667,PFBSA,0.0975644287168234,0.460652212143028,False,up
WBGene00015293,3,1.0,PFBSA,0.103921217078698,0.461091207181241,False,up
WBGene00044387,3,1.0,PFBSA,0.263529087283778,0.461899150279788,False,up
WBGene00000862,3,1.0,PFBSA,0.15680427934901,0.462171785367103,False,up
WBGene00019143,3,1.0,PFBSA,0.18403579487752,0.463260555525208,False,up
WBGene00013609,3,1.0,PFBSA,-0.154281724484764,0.463618832628288,False,down
WBGene00019265,3,0.9,PFBSA,-0.184951188334645,0.463751748788024,False,down
WBGene00008679,3,0.7333333333333333,PFBSA,0.91077608138813,0.463852081486822,False,up
WBGene00012432,3,0.9,PFBSA,0.469724799570113,0.464039818466243,False,up
WBGene00004215,3,0.9666666666666667,PFBSA,0.0622497024371786,0.464039818466243,False,up
WBGene00002132,3,1.0,PFBSA,-0.0963484005677037,0.464039818466243,False,down
WBGene00000109,3,1.0,PFBSA,-0.0995519386346676,0.464039818466243,False,down
WBGene00018522,3,1.0,PFBSA,-0.0661596526130806,0.465909626489837,False,down
WBGene00021531,3,1.0,PFBSA,0.197168599649792,0.466164226667519,False,up
WBGene00020786,3,1.0,PFBSA,0.247920883687378,0.466313073417842,False,up
WBGene00013710,3,1.0,PFBSA,0.476028632565715,0.466976160389726,False,up
WBGene00194905,3,1.0,PFBSA,0.299779845228226,0.46745259479269,False,up
WBGene00019564,3,1.0,PFBSA,0.361586675188731,0.467766220191869,False,up
WBGene00010293,3,1.0,PFBSA,0.368355172799779,0.467833875590323,False,up
WBGene00001795,3,0.5666666666666667,PFBSA,-0.125831692554625,0.467833875590323,False,down
WBGene00015750,3,0.9,PFBSA,0.31612144210545,0.467855725897315,False,up
WBGene00005640,3,1.0,PFBSA,0.456939803652558,0.468904321824362,False,up
WBGene00019828,3,1.0,PFBSA,0.23780778854195,0.469657086425871,False,up
WBGene00007241,3,1.0,PFBSA,0.206374156987325,0.470061759082486,False,up
WBGene00016326,3,1.0,PFBSA,0.0633453188599927,0.470061759082486,False,up
WBGene00006807,3,1.0,PFBSA,0.11618407534194,0.471073794156984,False,up
WBGene00017576,3,1.0,PFBSA,0.154682320091574,0.471149417973061,False,up
WBGene00015381,3,1.0,PFBSA,-0.185303883925258,0.471201731731373,False,down
WBGene00001052,3,0.9,PFBSA,0.0959262022703325,0.472242893225046,False,up
WBGene00010795,3,1.0,PFBSA,-0.179668224992686,0.472482885732422,False,down
WBGene00012988,3,1.0,PFBSA,-0.11990137139082,0.47274219003794,False,down
WBGene00007425,3,1.0,PFBSA,-0.415379274974238,0.474020988067198,False,down
WBGene00011978,3,0.9666666666666667,PFBSA,-0.0850284012206337,0.475133611781387,False,down
WBGene00011420,3,1.0,PFBSA,-0.162216415203673,0.475179690138246,False,down
WBGene00194909,3,0.9666666666666667,PFBSA,0.182341564322108,0.475547933450406,False,up
WBGene00003918,3,0.9,PFBSA,0.080745912387291,0.475571539255627,False,up
WBGene00016976,3,1.0,PFBSA,0.221840978928963,0.477022028156305,False,up
WBGene00020321,3,1.0,PFBSA,0.107807744319238,0.477022028156305,False,up
WBGene00018657,3,0.9,PFBSA,0.0798588516445357,0.477022028156305,False,up
WBGene00011610,3,1.0,PFBSA,0.427381678287055,0.478920966212268,False,up
WBGene00019069,3,1.0,PFBSA,0.155462906134384,0.479017900814695,False,up
WBGene00007548,3,0.7333333333333333,PFBSA,-0.119032810356638,0.479578119509523,False,down
WBGene00016403,3,0.7666666666666667,PFBSA,-0.312409299923539,0.479698564684202,False,down
WBGene00206532,3,1.0,PFBSA,0.237104385895047,0.480315742723487,False,up
WBGene00009811,3,1.0,PFBSA,0.471619354945174,0.481431514332507,False,up
WBGene00008652,3,1.0,PFBSA,0.454629143483896,0.481431514332507,False,up
WBGene00012026,3,0.9,PFBSA,0.624729842460693,0.481520834175056,False,up
WBGene00007471,3,1.0,PFBSA,0.322740682253556,0.482731939500563,False,up
WBGene00017422,3,0.9666666666666667,PFBSA,0.247642958771375,0.484173248833729,False,up
WBGene00019226,3,1.0,PFBSA,0.175655520567493,0.484268971937399,False,up
WBGene00010331,3,1.0,PFBSA,-0.273302017052525,0.484734523485422,False,down
WBGene00004354,3,1.0,PFBSA,0.539689157129811,0.484752562717503,False,up
WBGene00017660,3,0.9666666666666667,PFBSA,0.723025078235726,0.48500211362637,False,up
WBGene00013713,3,1.0,PFBSA,0.288277980557056,0.48500211362637,False,up
WBGene00011217,3,0.9,PFBSA,0.152178099729264,0.485804758593024,False,up
WBGene00018314,3,1.0,PFBSA,-0.485872465481088,0.485832544627437,False,down
WBGene00007423,3,1.0,PFBSA,0.455132220879936,0.485866523839742,False,up
WBGene00012142,3,1.0,PFBSA,0.145615993489492,0.486075200016651,False,up
WBGene00012281,3,1.0,PFBSA,-0.268407613015976,0.487791966797061,False,down
WBGene00004210,3,0.9666666666666667,PFBSA,0.0919716239936586,0.487878088234553,False,up
WBGene00005716,3,1.0,PFBSA,-0.419718701656795,0.488683484807134,False,down
WBGene00019888,3,0.9,PFBSA,0.0628231883696682,0.489401067783173,False,up
WBGene00018804,3,1.0,PFBSA,0.178095692908622,0.489818377977295,False,up
WBGene00007635,3,1.0,PFBSA,0.15251165179537,0.490444141742453,False,up
WBGene00000597,3,0.9666666666666667,PFBSA,0.417178495170317,0.490625140696534,False,up
WBGene00020449,3,1.0,PFBSA,0.213473796072508,0.490845308522579,False,up
WBGene00023431,3,1.0,PFBSA,0.372886188274415,0.490851776444053,False,up
WBGene00044534,3,0.9333333333333333,PFBSA,0.306213863509458,0.491088925519124,False,up
WBGene00013518,3,1.0,PFBSA,0.0913144350758879,0.491088925519124,False,up
WBGene00050904,3,1.0,PFBSA,-0.190510088764901,0.491151587802659,False,down
WBGene00010741,3,1.0,PFBSA,0.190589052741335,0.491471421557455,False,up
WBGene00044183,3,1.0,PFBSA,0.639676526641595,0.491516749876765,False,up
WBGene00012404,3,1.0,PFBSA,-0.227884087989802,0.491516749876765,False,down
WBGene00021127,3,0.9,PFBSA,0.20323503424275,0.491709093091523,False,up
WBGene00021375,3,1.0,PFBSA,0.136298463068492,0.49342455934701,False,up
WBGene00007053,3,1.0,PFBSA,0.0610214915914035,0.493804392100322,False,up
WBGene00016535,3,1.0,PFBSA,-0.0962859226027142,0.493804392100322,False,down
WBGene00017142,3,1.0,PFBSA,0.240111897767742,0.494026064661385,False,up
WBGene00004347,3,0.9333333333333333,PFBSA,0.084856093723577,0.494423857105974,False,up
WBGene00023498,3,1.0,PFBSA,0.0799182215354484,0.494423857105974,False,up
WBGene00022605,3,1.0,PFBSA,-0.475719832501778,0.494651743163756,False,down
WBGene00012448,3,1.0,PFBSA,-0.702651599543333,0.494800296334994,False,down
WBGene00001841,3,1.0,PFBSA,0.317042843540642,0.495230794738278,False,up
WBGene00003668,3,1.0,PFBSA,-0.16005862917739,0.495820319540419,False,down
WBGene00011859,3,0.9666666666666667,PFBSA,-0.0986174796850744,0.495951337902825,False,down
WBGene00001680,3,1.0,PFBSA,0.0577213290974701,0.496166480387201,False,up
WBGene00008706,3,1.0,PFBSA,0.12446970606488,0.496437101461138,False,up
WBGene00018188,3,0.9666666666666667,PFBSA,0.162053631869577,0.496520408301854,False,up
WBGene00009023,3,1.0,PFBSA,0.133932462520006,0.497057588100319,False,up
WBGene00009172,3,0.9,PFBSA,0.0953132302327127,0.497138660776126,False,up
WBGene00011416,3,1.0,PFBSA,-0.124943075706803,0.498085437837578,False,down
WBGene00012103,3,0.9,PFBSA,-0.210604987102155,0.498501288850703,False,down
WBGene00009139,3,1.0,PFBSA,0.133122664013563,0.499833322376482,False,up
WBGene00013402,3,1.0,PFBSA,0.442844879977407,0.500588814299281,False,up
WBGene00021349,3,1.0,PFBSA,0.196146008100225,0.500764334853554,False,up
WBGene00010979,3,1.0,PFBSA,-0.206764976941403,0.500764334853554,False,down
WBGene00001489,3,0.6333333333333333,PFBSA,-0.0954949131518273,0.501829545448277,False,down
WBGene00014151,3,0.8333333333333334,PFBSA,0.0570395698569347,0.501982571423029,False,up
WBGene00000089,3,0.9666666666666667,PFBSA,0.0897069828741664,0.502927693840506,False,up
WBGene00006310,3,1.0,PFBSA,0.177748636920977,0.503263218937771,False,up
WBGene00016094,3,0.9666666666666667,PFBSA,0.219800004254859,0.503688993119949,False,up
WBGene00006646,3,1.0,PFBSA,0.160475186686859,0.504348834722236,False,up
WBGene00016927,3,1.0,PFBSA,-0.344759650196494,0.50501036261284,False,down
WBGene00019391,3,1.0,PFBSA,0.437821407490587,0.505255279644188,False,up
WBGene00005638,3,0.9,PFBSA,0.288491836196098,0.505717504900703,False,up
WBGene00015285,3,1.0,PFBSA,-0.104423227270629,0.506309361080243,False,down
WBGene00015149,3,0.9666666666666667,PFBSA,0.732993624409338,0.507398808359104,False,up
WBGene00002976,3,0.5333333333333333,PFBSA,0.121299562106441,0.507922478614346,False,up
WBGene00022271,3,0.9,PFBSA,0.0937249087294645,0.50794703403137,False,up
WBGene00017920,3,0.9333333333333333,PFBSA,0.0619644641641803,0.508139916446621,False,up
WBGene00013902,3,0.9,PFBSA,-0.178636436166984,0.508139916446621,False,down
WBGene00009213,3,1.0,PFBSA,-0.671805019795161,0.508832590592739,False,down
WBGene00044423,3,0.7,PFBSA,0.169514807200131,0.508889660602381,False,up
WBGene00022027,3,1.0,PFBSA,-0.0691479856799438,0.509168876927132,False,down
WBGene00004987,3,1.0,PFBSA,-0.422955197215615,0.509915666287781,False,down
WBGene00044570,3,0.9666666666666667,PFBSA,0.207717115691047,0.511669753502284,False,up
WBGene00000090,3,1.0,PFBSA,0.0559124678193631,0.511889150207679,False,up
WBGene00009112,3,0.9666666666666667,PFBSA,0.0893047696247912,0.512005548487963,False,up
WBGene00007391,3,1.0,PFBSA,-0.201848418112526,0.512005548487963,False,down
WBGene00015163,3,1.0,PFBSA,-0.0780406458384773,0.512763337824503,False,down
WBGene00011213,3,1.0,PFBSA,0.171102897060361,0.51299458920027,False,up
WBGene00003980,3,1.0,PFBSA,0.0692756385209762,0.514071097037533,False,up
WBGene00006462,3,0.9,PFBSA,0.0719546245768408,0.515376373976773,False,up
WBGene00015270,3,1.0,PFBSA,-0.196829840336476,0.51559402428746,False,down
WBGene00007812,3,0.9,PFBSA,0.0828502729020354,0.516107312490089,False,up
WBGene00014073,3,1.0,PFBSA,0.340097056186343,0.516147149930584,False,up
WBGene00017010,3,0.9,PFBSA,0.078782816197489,0.516354409202462,False,up
WBGene00001374,3,0.9666666666666667,PFBSA,0.0891474138143013,0.517037082015134,False,up
WBGene00022503,3,1.0,PFBSA,0.145604401444366,0.517164376648738,False,up
WBGene00008748,3,0.9,PFBSA,0.0825079018141429,0.517164376648738,False,up
WBGene00235315,3,1.0,PFBSA,0.259573824822017,0.517260895989675,False,up
WBGene00020761,3,0.9,PFBSA,0.215268402110958,0.517543386160095,False,up
WBGene00010972,3,1.0,PFBSA,0.157180308453416,0.517543386160095,False,up
WBGene00020865,3,0.8333333333333334,PFBSA,0.150082898022459,0.518797138504882,False,up
WBGene00006971,3,1.0,PFBSA,0.0886707503584733,0.51880600713428,False,up
WBGene00015914,3,1.0,PFBSA,0.398326037719254,0.518851356878627,False,up
WBGene00013963,3,1.0,PFBSA,-0.0770923153356288,0.518991159717352,False,down
WBGene00012132,3,0.9666666666666667,PFBSA,0.188834348397638,0.519003923881943,False,up
WBGene00001957,3,0.9,PFBSA,0.53698495881687,0.519449499398961,False,up
WBGene00012852,3,1.0,PFBSA,0.173320284014512,0.519449499398961,False,up
WBGene00007511,3,0.9666666666666667,PFBSA,0.126558035376282,0.519805336548255,False,up
WBGene00021208,3,1.0,PFBSA,-0.0953496268353928,0.520176706298995,False,down
WBGene00019944,3,0.9333333333333333,PFBSA,-0.10438061375143,0.520176706298995,False,down
WBGene00045418,3,0.9,PFBSA,-0.0700729128007952,0.52084826213001,False,down
WBGene00003656,3,1.0,PFBSA,0.122921529911452,0.521611040581512,False,up
WBGene00012948,3,1.0,PFBSA,0.11989335785294,0.522392521403668,False,up
WBGene00011948,3,0.9666666666666667,PFBSA,-0.415112614328914,0.522392521403668,False,down
WBGene00008626,3,0.9,PFBSA,0.343145786366535,0.522474009622907,False,up
WBGene00012372,3,0.6333333333333333,PFBSA,0.150853451851445,0.522474009622907,False,up
WBGene00000563,3,1.0,PFBSA,0.273993205221513,0.522730408656865,False,up
WBGene00010375,3,1.0,PFBSA,0.151536227803136,0.522730408656865,False,up
WBGene00003639,3,0.9666666666666667,PFBSA,0.0656287605633988,0.52360714761304,False,up
WBGene00003092,3,1.0,PFBSA,0.28282745741982,0.524055306775692,False,up
WBGene00002187,3,1.0,PFBSA,0.0552326783426126,0.524216515034428,False,up
WBGene00018241,3,0.9333333333333333,PFBSA,0.167773904512847,0.524242383235913,False,up
WBGene00007982,3,1.0,PFBSA,-0.0639978951606627,0.524406922391587,False,down
WBGene00019408,3,0.9333333333333333,PFBSA,0.0940482602674068,0.524550274448226,False,up
WBGene00015561,3,1.0,PFBSA,-0.0836395111891487,0.526187579483839,False,down
WBGene00016172,3,0.9,PFBSA,-0.113826338861043,0.526801180553,False,down
WBGene00020596,3,1.0,PFBSA,0.0752621142477823,0.527334546044005,False,up
WBGene00010272,3,1.0,PFBSA,0.0527991837463488,0.528175468278757,False,up
WBGene00015747,3,1.0,PFBSA,0.167581374027261,0.528660710082389,False,up
WBGene00011417,3,1.0,PFBSA,-0.159698953318115,0.52994456234312,False,down
WBGene00009192,3,1.0,PFBSA,-0.278615840363108,0.53017464250799,False,down
WBGene00008691,3,1.0,PFBSA,0.124665893982755,0.53026936120625,False,up
WBGene00012962,3,0.6333333333333333,PFBSA,0.171725632119969,0.530435102158848,False,up
WBGene00012146,3,0.7,PFBSA,0.226439052244421,0.530620410225187,False,up
WBGene00013701,3,0.7,PFBSA,0.156428555118092,0.530620410225187,False,up
WBGene00020705,3,0.6666666666666666,PFBSA,0.116951608712937,0.530696725806545,False,up
WBGene00016266,3,1.0,PFBSA,0.119621630945202,0.531373251385297,False,up
WBGene00000540,3,1.0,PFBSA,0.0777002450923576,0.532503639593744,False,up
WBGene00010096,3,1.0,PFBSA,-0.0526859444112435,0.533772149789609,False,down
WBGene00008407,3,1.0,PFBSA,0.0930149509174597,0.533992548673695,False,up
WBGene00013180,3,0.9,PFBSA,-0.149584753057761,0.534011128906946,False,down
WBGene00009716,3,1.0,PFBSA,0.153843556222722,0.534564698658268,False,up
WBGene00011450,3,1.0,PFBSA,0.455620247295736,0.534906375393763,False,up
WBGene00022527,3,1.0,PFBSA,0.277843036333178,0.535421670387011,False,up
WBGene00012582,3,1.0,PFBSA,-0.163811093888,0.535421670387011,False,down
WBGene00013662,3,0.7333333333333333,PFBSA,0.191776638036605,0.536401815218088,False,up
WBGene00004266,3,1.0,PFBSA,-0.0497783976817452,0.536577012252546,False,down
WBGene00014232,3,1.0,PFBSA,0.0665759161665845,0.537249892684076,False,up
WBGene00009258,3,0.9666666666666667,PFBSA,0.165813647658128,0.537573857533021,False,up
WBGene00001026,3,0.9,PFBSA,0.0533666176661275,0.537592008363608,False,up
WBGene00009041,3,1.0,PFBSA,-0.745220207282856,0.537756984731376,False,down
WBGene00009711,3,1.0,PFBSA,0.0770050280929258,0.537879591056017,False,up
WBGene00007357,3,1.0,PFBSA,0.12466887216057,0.537908060726385,False,up
WBGene00009924,3,1.0,PFBSA,0.058062861285274,0.542358584793065,False,up
WBGene00016621,3,1.0,PFBSA,0.110060350105734,0.542511807708725,False,up
WBGene00022750,3,0.9666666666666667,PFBSA,0.0629238659266514,0.542586937459672,False,up
WBGene00007340,3,1.0,PFBSA,0.182130895755127,0.542708704867312,False,up
WBGene00044795,3,1.0,PFBSA,0.119045515913808,0.5428157427711,False,up
WBGene00001601,3,1.0,PFBSA,0.0928887354469647,0.5428157427711,False,up
WBGene00009677,3,1.0,PFBSA,-0.252425588777278,0.5428157427711,False,down
WBGene00018356,3,0.7,PFBSA,0.0922213661181567,0.543542458860018,False,up
WBGene00019129,3,1.0,PFBSA,0.217102875582329,0.544337199104746,False,up
WBGene00016849,3,0.9,PFBSA,0.133007909051903,0.544369298375763,False,up
WBGene00008436,3,1.0,PFBSA,-0.213460777143827,0.546302944191444,False,down
WBGene00002072,3,1.0,PFBSA,0.0770294416278988,0.546510506710425,False,up
WBGene00005262,3,0.7333333333333333,PFBSA,0.322338034436609,0.547152768858167,False,up
WBGene00010367,3,0.9,PFBSA,0.140972226593344,0.548053244826416,False,up
WBGene00009476,3,1.0,PFBSA,-0.134432616521977,0.548053244826416,False,down
WBGene00001669,3,0.9333333333333333,PFBSA,0.0793113578795188,0.548295058110089,False,up
WBGene00019518,3,1.0,PFBSA,0.306963984957013,0.54857265670731,False,up
WBGene00007595,3,1.0,PFBSA,0.215537972806921,0.548868621070303,False,up
WBGene00000517,3,1.0,PFBSA,0.0834060172780935,0.551634663546157,False,up
WBGene00007689,3,1.0,PFBSA,0.0701835364634536,0.551634663546157,False,up
WBGene00014080,3,1.0,PFBSA,-0.0996791346746484,0.551790445044447,False,down
WBGene00013836,3,1.0,PFBSA,0.207477997558832,0.552018471449293,False,up
WBGene00016314,3,1.0,PFBSA,0.126540665606081,0.552087806975452,False,up
WBGene00006688,3,1.0,PFBSA,-0.388277536241232,0.552552800437414,False,down
WBGene00015401,3,1.0,PFBSA,0.386959301969374,0.552763309499402,False,up
WBGene00022647,3,1.0,PFBSA,0.0821679411183064,0.553503927619293,False,up
WBGene00008117,3,1.0,PFBSA,0.106860552922057,0.553798117434354,False,up
WBGene00000662,3,1.0,PFBSA,0.307822998645075,0.554380033710082,False,up
WBGene00022571,3,0.5333333333333333,PFBSA,0.270192169884057,0.554704503220915,False,up
WBGene00015666,3,1.0,PFBSA,0.454899782558973,0.554928510841325,False,up
WBGene00011647,3,0.9666666666666667,PFBSA,0.0543129837848641,0.556703396754427,False,up
WBGene00008912,3,1.0,PFBSA,0.22082071895932,0.556710985198221,False,up
WBGene00022736,3,1.0,PFBSA,0.10366632553239,0.556790177902526,False,up
WBGene00007546,3,0.9333333333333333,PFBSA,-0.140912206102999,0.557762733278916,False,down
WBGene00021405,3,0.6,PFBSA,0.285250216296388,0.558276768685432,False,up
WBGene00011317,3,0.9666666666666667,PFBSA,0.175720868773258,0.55848681000456,False,up
WBGene00002040,3,1.0,PFBSA,0.0800310871112994,0.559549682294331,False,up
WBGene00013477,3,1.0,PFBSA,-0.27738110456506,0.559941471775189,False,down
WBGene00000650,3,0.9,PFBSA,0.474656783761595,0.560357958556881,False,up
WBGene00010882,3,1.0,PFBSA,-0.0562983416765,0.560595393066692,False,down
WBGene00022584,3,1.0,PFBSA,0.156659465427461,0.560634124265262,False,up
WBGene00006831,3,0.9666666666666667,PFBSA,0.0629686587404999,0.560634124265262,False,up
WBGene00007133,3,0.6333333333333333,PFBSA,0.15302731349911,0.562291761777991,False,up
WBGene00006874,3,0.6333333333333333,PFBSA,0.075037166377012,0.562291761777991,False,up
WBGene00004040,3,0.7,PFBSA,-0.0496821252723013,0.562291761777991,False,down
WBGene00017164,3,1.0,PFBSA,-0.0788911692836684,0.562291761777991,False,down
WBGene00018358,3,1.0,PFBSA,-0.407951723838672,0.562291761777991,False,down
WBGene00017771,3,1.0,PFBSA,-0.105437468210612,0.563116493294706,False,down
WBGene00019233,3,1.0,PFBSA,-0.405074259027641,0.563116493294706,False,down
WBGene00021034,3,0.8666666666666667,PFBSA,0.161812400579104,0.564207976979586,False,up
WBGene00006655,3,1.0,PFBSA,0.0772454494793864,0.564207976979586,False,up
WBGene00009717,3,1.0,PFBSA,0.054170106474345,0.564465835864033,False,up
WBGene00003807,3,0.7666666666666667,PFBSA,0.158980293019472,0.564718300895295,False,up
WBGene00021535,3,1.0,PFBSA,-0.108671280979545,0.564896171774087,False,down
WBGene00018252,3,0.9,PFBSA,0.222599209635166,0.565270974988032,False,up
WBGene00020267,3,0.6333333333333333,PFBSA,0.352587988482139,0.565321722007245,False,up
WBGene00022574,3,1.0,PFBSA,0.214230992077098,0.565321722007245,False,up
WBGene00006470,3,1.0,PFBSA,0.113284954773846,0.56588509512076,False,up
WBGene00007864,3,0.6666666666666666,PFBSA,-0.958484711401641,0.566853230031715,False,down
WBGene00018410,3,1.0,PFBSA,0.366325969618903,0.567055749496174,False,up
WBGene00011898,3,1.0,PFBSA,0.32341315061599,0.567055749496174,False,up
WBGene00009781,3,0.9,PFBSA,0.102526452312209,0.567512430631077,False,up
WBGene00013509,3,0.9,PFBSA,-0.136538639985539,0.568882210837058,False,down
WBGene00044353,3,1.0,PFBSA,-0.255379605526497,0.568882210837058,False,down
WBGene00008020,3,0.9666666666666667,PFBSA,0.150381543499176,0.569711491856734,False,up
WBGene00017427,3,1.0,PFBSA,0.119084579260262,0.569711491856734,False,up
WBGene00000259,3,1.0,PFBSA,0.0588293899751069,0.571996960063074,False,up
WBGene00021576,3,0.9,PFBSA,0.419877464431792,0.572018598609374,False,up
WBGene00022345,3,1.0,PFBSA,0.459407709158009,0.572315607433433,False,up
WBGene00007349,3,1.0,PFBSA,0.124825789567682,0.573353643581282,False,up
WBGene00008319,3,1.0,PFBSA,0.350287714225386,0.574628830547295,False,up
WBGene00003859,3,0.9,PFBSA,0.153489705692091,0.575709974447133,False,up
WBGene00000287,3,1.0,PFBSA,0.14851605477029,0.577267737052201,False,up
WBGene00008905,3,0.9,PFBSA,0.334391092293209,0.577727215757038,False,up
WBGene00010684,3,1.0,PFBSA,0.300633029660992,0.577727215757038,False,up
WBGene00011188,3,0.9,PFBSA,-0.292556152832525,0.577727215757038,False,down
WBGene00017091,3,1.0,PFBSA,-0.255496081088298,0.577826426634597,False,down
WBGene00003526,3,1.0,PFBSA,0.282645001497894,0.578480823337826,False,up
WBGene00020086,3,0.9,PFBSA,-0.139157918671661,0.578662977033348,False,down
WBGene00012791,3,1.0,PFBSA,-0.306892110878403,0.580868694755191,False,down
WBGene00019718,3,1.0,PFBSA,0.26027951392696,0.580952596162884,False,up
WBGene00010707,3,0.9,PFBSA,-0.858337902844995,0.582223458057026,False,down
WBGene00017778,3,1.0,PFBSA,-0.0524407570393049,0.583103670661809,False,down
WBGene00010413,3,0.9666666666666667,PFBSA,1.64103639208487,0.583239155525508,False,up
WBGene00194747,3,0.6333333333333333,PFBSA,0.179421401786532,0.584183212904337,False,up
WBGene00012632,3,1.0,PFBSA,-0.134380440391221,0.584964694796245,False,down
WBGene00016884,3,1.0,PFBSA,0.159549508083643,0.58502382713685,False,up
WBGene00000056,3,0.8666666666666667,PFBSA,-0.161817769643547,0.585462312398824,False,down
WBGene00016329,3,1.0,PFBSA,0.572552979300113,0.585595944372667,False,up
WBGene00007299,3,0.9,PFBSA,0.147326040340549,0.585595944372667,False,up
WBGene00007711,3,1.0,PFBSA,-0.0821001519395737,0.585941502308084,False,down
WBGene00189956,3,0.9333333333333333,PFBSA,0.307868708352238,0.586873075460831,False,up
WBGene00016848,3,1.0,PFBSA,0.112805964005793,0.586873075460831,False,up
WBGene00003726,3,1.0,PFBSA,0.106600988963781,0.586873075460831,False,up
WBGene00017017,3,1.0,PFBSA,-0.107694370772487,0.586873075460831,False,down
WBGene00021513,3,0.9,PFBSA,0.562286463544666,0.587179632304541,False,up
WBGene00013906,3,1.0,PFBSA,0.113143167935459,0.58723541851383,False,up
WBGene00022868,3,1.0,PFBSA,-0.12650729589979,0.587640885161553,False,down
WBGene00000630,3,0.8333333333333334,PFBSA,0.235865229001314,0.587682160925543,False,up
WBGene00014697,3,1.0,PFBSA,-0.18273039483322,0.588062806663568,False,down
WBGene00012245,3,1.0,PFBSA,0.0664574467283285,0.589962638989508,False,up
WBGene00021515,3,1.0,PFBSA,0.106463518043695,0.590558022386859,False,up
WBGene00007664,3,0.9,PFBSA,0.0872918946253913,0.591365727816852,False,up
WBGene00269432,3,1.0,PFBSA,0.203732472316913,0.591414091062689,False,up
WBGene00019512,3,1.0,PFBSA,0.327235813938144,0.592576624738789,False,up
WBGene00003517,3,1.0,PFBSA,0.0867366063613074,0.594133072455739,False,up
WBGene00005653,3,1.0,PFBSA,0.261229173732199,0.594330138086782,False,up
WBGene00018099,3,0.6333333333333333,PFBSA,-0.282692868068697,0.594330138086782,False,down
WBGene00012914,3,0.8666666666666667,PFBSA,0.488110827488769,0.595206584300337,False,up
WBGene00022603,3,1.0,PFBSA,-0.053765785763424,0.595233384207579,False,down
WBGene00206362,3,0.9,PFBSA,0.148278293836143,0.596451142543971,False,up
WBGene00011396,3,1.0,PFBSA,-0.358101336843124,0.597272869522136,False,down
WBGene00015622,3,1.0,PFBSA,0.354306595891028,0.597489560448732,False,up
WBGene00007076,3,0.9,PFBSA,0.105233293308018,0.597548841698911,False,up
WBGene00013098,3,1.0,PFBSA,0.175117388068607,0.59872337162174,False,up
WBGene00015008,3,1.0,PFBSA,-0.122182437922586,0.59872337162174,False,down
WBGene00003593,3,0.9333333333333333,PFBSA,0.0711940736121456,0.599458151945609,False,up
WBGene00009984,3,1.0,PFBSA,0.150234227274278,0.599478914722621,False,up
WBGene00015897,3,1.0,PFBSA,-0.11900884417338,0.600309740158896,False,down
WBGene00004106,3,1.0,PFBSA,0.0633615844795328,0.600599281238236,False,up
WBGene00019290,3,0.7666666666666667,PFBSA,-0.145103381262574,0.602090758678535,False,down
WBGene00018405,3,1.0,PFBSA,0.0746939080153738,0.602407340192366,False,up
WBGene00000974,3,1.0,PFBSA,0.253126446196157,0.603280570583874,False,up
WBGene00018369,3,1.0,PFBSA,0.0602745316790859,0.605310859908746,False,up
WBGene00013742,3,1.0,PFBSA,-0.0841602209175976,0.605352980427023,False,down
WBGene00016443,3,1.0,PFBSA,-0.0641428160798343,0.605393268739264,False,down
WBGene00009638,3,0.9,PFBSA,-0.139407711128271,0.605393268739264,False,down
WBGene00206538,3,1.0,PFBSA,0.21727544171989,0.605706637211687,False,up
WBGene00001523,3,1.0,PFBSA,0.205888279358448,0.606320778755492,False,up
WBGene00044389,3,0.9333333333333333,PFBSA,-0.109395257098014,0.606937545482453,False,down
WBGene00013081,3,1.0,PFBSA,-0.144895910323592,0.607208083491722,False,down
WBGene00011678,3,0.7,PFBSA,0.192048950427949,0.607956092081168,False,up
WBGene00011613,3,1.0,PFBSA,0.104485626519452,0.607956092081168,False,up
WBGene00012750,3,1.0,PFBSA,-0.187844084950559,0.607956092081168,False,down
WBGene00006163,3,0.9666666666666667,PFBSA,-0.41386556444284,0.607956092081168,False,down
WBGene00016546,3,1.0,PFBSA,0.31871803223013,0.608830076150557,False,up
WBGene00013077,3,1.0,PFBSA,0.0728121116261066,0.609626217133522,False,up
WBGene00011136,3,1.0,PFBSA,0.285356563015693,0.609968487934209,False,up
WBGene00000683,3,1.0,PFBSA,0.454700475497078,0.610175395513006,False,up
WBGene00004393,3,1.0,PFBSA,0.14293807024411,0.610444291171342,False,up
WBGene00015631,3,1.0,PFBSA,0.158902522815076,0.611239110058744,False,up
WBGene00022285,3,1.0,PFBSA,0.227653436820743,0.612154058004418,False,up
WBGene00002151,3,0.9666666666666667,PFBSA,0.12161224172641,0.612219692293062,False,up
WBGene00194869,3,1.0,PFBSA,0.465599892047928,0.612559001279964,False,up
WBGene00022168,3,0.5,PFBSA,0.0812167414300163,0.612559001279964,False,up
WBGene00017574,3,0.5333333333333333,PFBSA,0.0720653815733628,0.613098541972185,False,up
WBGene00010754,3,1.0,PFBSA,0.441501812368075,0.61318263927111,False,up
WBGene00008191,3,1.0,PFBSA,-0.0815889826223358,0.613653867595777,False,down
WBGene00020941,3,1.0,PFBSA,0.249959564216457,0.613777605678432,False,up
WBGene00003839,3,1.0,PFBSA,0.126466756026602,0.61423454481719,False,up
WBGene00015660,3,0.9,PFBSA,0.190159032423227,0.614293247017908,False,up
WBGene00077751,3,1.0,PFBSA,0.354804126879431,0.614819662479538,False,up
WBGene00019713,3,1.0,PFBSA,-0.0629302708164071,0.614926849638234,False,down
WBGene00015787,3,1.0,PFBSA,0.0986325732461013,0.617039285679568,False,up
WBGene00011442,3,0.6333333333333333,PFBSA,0.246687145978415,0.618243105837094,False,up
WBGene00009490,3,1.0,PFBSA,-0.255401266377888,0.618243105837094,False,down
WBGene00017868,3,1.0,PFBSA,-0.360608588246278,0.618243105837094,False,down
WBGene00206505,3,1.0,PFBSA,0.238296320757459,0.618271551846896,False,up
WBGene00021516,3,1.0,PFBSA,0.285809550600394,0.618351785610217,False,up
WBGene00020748,3,0.9,PFBSA,0.395900682384648,0.618709627812426,False,up
WBGene00016966,3,0.7333333333333333,PFBSA,-0.0708619719007079,0.61880458547843,False,down
WBGene00000491,3,1.0,PFBSA,-0.0744654174440058,0.619102898434074,False,down
WBGene00008773,3,1.0,PFBSA,0.25285745360622,0.619578589621845,False,up
WBGene00018051,3,0.7333333333333333,PFBSA,0.0962142545618597,0.619812490475961,False,up
WBGene00009190,3,1.0,PFBSA,0.0958113829294337,0.620536576379921,False,up
WBGene00001466,3,0.5666666666666667,PFBSA,0.102215917412389,0.620788167494548,False,up
WBGene00019565,3,1.0,PFBSA,0.318628412511917,0.620862330754116,False,up
WBGene00010667,3,1.0,PFBSA,0.0960006471380726,0.621473828073752,False,up
WBGene00255605,3,1.0,PFBSA,0.40683359940307,0.621504195177703,False,up
WBGene00017615,3,0.9666666666666667,PFBSA,-0.517236783944198,0.621965348349337,False,down
WBGene00006603,3,0.7333333333333333,PFBSA,-0.0579403829324178,0.622059604893785,False,down
WBGene00009331,3,1.0,PFBSA,-0.202910354670579,0.622292419820551,False,down
WBGene00007542,3,1.0,PFBSA,0.263918032608966,0.622345806714549,False,up
WBGene00000782,3,1.0,PFBSA,-0.455086173463563,0.622345806714549,False,down
WBGene00012394,3,1.0,PFBSA,0.250166080814172,0.623236968031073,False,up
WBGene00011321,3,0.9666666666666667,PFBSA,0.340824264012075,0.624038403428623,False,up
WBGene00014000,3,0.9666666666666667,PFBSA,-0.147511632374781,0.625707930885644,False,down
WBGene00016645,3,1.0,PFBSA,-0.156686244425401,0.625842131238188,False,down
WBGene00019720,3,0.9,PFBSA,0.102183479833381,0.626471264943792,False,up
WBGene00007837,3,1.0,PFBSA,0.0896323480307259,0.626515056823523,False,up
WBGene00044556,3,1.0,PFBSA,0.114419012100189,0.626699606895217,False,up
WBGene00015710,3,1.0,PFBSA,-0.109846708298324,0.626699606895217,False,down
WBGene00010342,3,1.0,PFBSA,-0.162462221685307,0.626790060870307,False,down
WBGene00015216,3,0.9,PFBSA,-0.208931834677754,0.627870861840718,False,down
WBGene00011738,3,0.9666666666666667,PFBSA,0.0507156610057726,0.628028139314821,False,up
WBGene00016331,3,1.0,PFBSA,0.0469841401774319,0.62872483476689,False,up
WBGene00235110,3,0.9666666666666667,PFBSA,0.860741855796073,0.629639586572382,False,up
WBGene00005205,3,1.0,PFBSA,0.379996383451713,0.629639586572382,False,up
WBGene00009271,3,1.0,PFBSA,0.108431015354678,0.629679680740372,False,up
WBGene00010434,3,1.0,PFBSA,0.113562648158004,0.629817070350765,False,up
WBGene00044150,3,1.0,PFBSA,0.139887910715578,0.631822273637605,False,up
WBGene00007951,3,0.9666666666666667,PFBSA,0.0994146144063747,0.633078278912084,False,up
WBGene00009917,3,1.0,PFBSA,0.0769738012343061,0.633827206858336,False,up
WBGene00015578,3,1.0,PFBSA,0.148653507278147,0.635402305170675,False,up
WBGene00000464,3,0.9666666666666667,PFBSA,0.0357153986896235,0.635402305170675,False,up
WBGene00017828,3,0.9,PFBSA,0.0829836596531719,0.635698739826349,False,up
WBGene00006711,3,1.0,PFBSA,-0.0561516862776679,0.635698739826349,False,down
WBGene00020393,3,1.0,PFBSA,-0.0869666813942121,0.636128853329101,False,down
WBGene00019472,3,1.0,PFBSA,-0.383349591297536,0.636178487034182,False,down
WBGene00012854,3,0.9666666666666667,PFBSA,0.0631197926185064,0.636182488834999,False,up
WBGene00019931,3,1.0,PFBSA,-0.36049485685214,0.63626117362567,False,down
WBGene00018586,3,1.0,PFBSA,-0.0454655024005059,0.637511779814683,False,down
WBGene00001518,3,1.0,PFBSA,0.0585840308865992,0.638406615317757,False,up
WBGene00015264,3,1.0,PFBSA,-0.154101670193298,0.63868412315302,False,down
WBGene00006865,3,1.0,PFBSA,-0.138525891889377,0.639132385526804,False,down
WBGene00011811,3,1.0,PFBSA,0.204000023293656,0.639625707722647,False,up
WBGene00019394,3,1.0,PFBSA,0.0750848435543982,0.640245709970916,False,up
WBGene00219376,3,1.0,PFBSA,0.315127060764844,0.640556357658664,False,up
WBGene00015981,3,0.9666666666666667,PFBSA,0.121721004057545,0.640885867117206,False,up
WBGene00004033,3,0.9,PFBSA,0.0457501647470488,0.641175832976695,False,up
WBGene00019519,3,1.0,PFBSA,0.116737117618242,0.642530940252861,False,up
WBGene00017787,3,0.8333333333333334,PFBSA,0.151377073426858,0.642748039845373,False,up
WBGene00020976,3,1.0,PFBSA,0.463584990744006,0.643901323365798,False,up
WBGene00017512,3,0.6333333333333333,PFBSA,0.119581864384395,0.644993824033468,False,up
WBGene00008222,3,0.9,PFBSA,-0.165394537497694,0.64661448796934,False,down
WBGene00013718,3,1.0,PFBSA,0.0524133861337636,0.646872235201557,False,up
WBGene00015864,3,1.0,PFBSA,0.267148434680244,0.647604793366435,False,up
WBGene00014164,3,0.9666666666666667,PFBSA,0.105502891964286,0.647645854820665,False,up
WBGene00016397,3,1.0,PFBSA,0.124359990237578,0.648156960233429,False,up
WBGene00044557,3,1.0,PFBSA,0.248118890102742,0.64913537066933,False,up
WBGene00009242,3,1.0,PFBSA,-0.281020190538396,0.649917713432175,False,down
WBGene00020851,3,0.9666666666666667,PFBSA,0.229499865535196,0.650723428403196,False,up
WBGene00021781,3,1.0,PFBSA,0.208825360511627,0.650967335968984,False,up
WBGene00016879,3,1.0,PFBSA,0.0564469228528473,0.650967335968984,False,up
WBGene00008213,3,0.6333333333333333,PFBSA,-0.146816628319072,0.650967335968984,False,down
WBGene00013043,3,1.0,PFBSA,0.234792530683088,0.652240691645449,False,up
WBGene00021945,3,1.0,PFBSA,-0.0892962498451025,0.652570064900655,False,down
WBGene00018609,3,1.0,PFBSA,0.074754636485256,0.652775410180415,False,up
WBGene00043992,3,1.0,PFBSA,0.129255651673951,0.65305171978484,False,up
WBGene00011699,3,1.0,PFBSA,-0.280715202471462,0.653737077624958,False,down
WBGene00000151,3,0.9,PFBSA,0.0534934880885112,0.653892851596258,False,up
WBGene00013658,3,1.0,PFBSA,-0.0936073394984812,0.653914332128,False,down
WBGene00271788,3,1.0,PFBSA,0.260680618712606,0.654422688804228,False,up
WBGene00006405,3,0.8666666666666667,PFBSA,0.0349738408062748,0.654422688804228,False,up
WBGene00010063,3,1.0,PFBSA,-0.107337871247748,0.654437735274515,False,down
WBGene00006862,3,1.0,PFBSA,0.0893080646232329,0.654474977583376,False,up
WBGene00001324,3,1.0,PFBSA,0.0518460558516006,0.65473220276346,False,up
WBGene00021640,3,1.0,PFBSA,0.191459759157183,0.655609557093104,False,up
WBGene00009333,3,1.0,PFBSA,-0.074604197818306,0.655609557093104,False,down
WBGene00235274,3,1.0,PFBSA,-0.177108786812188,0.655656913001204,False,down
WBGene00019127,3,0.9,PFBSA,0.0466164381718919,0.656168776113656,False,up
WBGene00015049,3,1.0,PFBSA,0.235840300650795,0.658173906832893,False,up
WBGene00013041,3,1.0,PFBSA,0.164524623601347,0.658833192764419,False,up
WBGene00021863,3,1.0,PFBSA,0.0557264965407826,0.659582345612394,False,up
WBGene00001396,3,0.9,PFBSA,-0.0519945218817816,0.660623965796999,False,down
WBGene00219422,3,1.0,PFBSA,0.252426431116978,0.66124788805283,False,up
WBGene00020506,3,1.0,PFBSA,0.0993482599409474,0.662348019773433,False,up
WBGene00004268,3,1.0,PFBSA,-0.0392170912738621,0.663459570457621,False,down
WBGene00011858,3,0.7666666666666667,PFBSA,-0.0622329558947109,0.663459570457621,False,down
WBGene00010540,3,1.0,PFBSA,-0.0738892291902547,0.663882027657949,False,down
WBGene00022354,3,1.0,PFBSA,0.131472244567463,0.664708779850048,False,up
WBGene00017054,3,0.9,PFBSA,0.133979207920179,0.665134658929539,False,up
WBGene00021756,3,1.0,PFBSA,0.0596826588815224,0.66515973246633,False,up
WBGene00015397,3,0.9666666666666667,PFBSA,0.386410212184468,0.665630160809405,False,up
WBGene00010585,3,0.9666666666666667,PFBSA,0.0965484098539782,0.665666389325734,False,up
WBGene00008597,3,1.0,PFBSA,-0.30619069125874,0.665734019247746,False,down
WBGene00015729,3,0.9,PFBSA,0.133972637992296,0.665737410671697,False,up
WBGene00009435,3,0.6333333333333333,PFBSA,0.0801588315666421,0.665737410671697,False,up
WBGene00010737,3,0.9666666666666667,PFBSA,0.16596754296674,0.666335656487552,False,up
WBGene00004150,3,1.0,PFBSA,-0.300282128113777,0.667127500011057,False,down
WBGene00011590,3,1.0,PFBSA,-0.0957676867026231,0.667330083649484,False,down
WBGene00016191,3,0.5333333333333333,PFBSA,0.147780235807986,0.670625098743927,False,up
WBGene00000830,3,1.0,PFBSA,0.115653876163521,0.670625098743927,False,up
WBGene00009277,3,1.0,PFBSA,0.0455122734291295,0.670625098743927,False,up
WBGene00008569,3,0.9333333333333333,PFBSA,-0.11850542569889,0.670625098743927,False,down
WBGene00044780,3,0.9666666666666667,PFBSA,0.198280092636544,0.673124997411523,False,up
WBGene00011896,3,1.0,PFBSA,0.183067423470534,0.673287231367725,False,up
WBGene00008309,3,0.9666666666666667,PFBSA,0.140168083812973,0.674071294841916,False,up
WBGene00010807,3,1.0,PFBSA,0.0515965960442038,0.674255623691085,False,up
WBGene00000910,3,1.0,PFBSA,0.0813050385809687,0.674643944516425,False,up
WBGene00021986,3,1.0,PFBSA,-0.0659732391050309,0.674877763155021,False,down
WBGene00003221,3,0.5333333333333333,PFBSA,0.0533823061124745,0.675218972418222,False,up
WBGene00019456,3,0.7666666666666667,PFBSA,0.0699631855778031,0.677005016642653,False,up
WBGene00015574,3,0.9,PFBSA,0.238356300527237,0.677883874494196,False,up
WBGene00000193,3,1.0,PFBSA,0.125606979447356,0.678334091194083,False,up
WBGene00001770,3,0.9666666666666667,PFBSA,0.118986711953476,0.67858305605165,False,up
WBGene00012525,3,0.9,PFBSA,0.164312750040773,0.67938446430776,False,up
WBGene00022263,3,0.9666666666666667,PFBSA,0.231860189300917,0.680268401616223,False,up
WBGene00206521,3,0.9666666666666667,PFBSA,-0.23975243517964,0.682981192777125,False,down
WBGene00000180,3,0.5333333333333333,PFBSA,0.0409987889289039,0.683817967236553,False,up
WBGene00021468,3,1.0,PFBSA,0.0717838408438692,0.684333764045542,False,up
WBGene00012020,3,1.0,PFBSA,0.166697285549697,0.684613772271555,False,up
WBGene00006852,3,1.0,PFBSA,0.0523597774059547,0.685765228494228,False,up
WBGene00023515,3,1.0,PFBSA,0.313415130583722,0.687990811818318,False,up
WBGene00013698,3,1.0,PFBSA,0.179353068510797,0.687990811818318,False,up
WBGene00003840,3,0.9666666666666667,PFBSA,0.164423631221637,0.687990811818318,False,up
WBGene00021984,3,0.9,PFBSA,0.111477253070591,0.687990811818318,False,up
WBGene00012122,3,1.0,PFBSA,-0.0808124240354413,0.688019444381792,False,down
WBGene00008051,3,1.0,PFBSA,-0.114841650710176,0.688377687087511,False,down
WBGene00018716,3,1.0,PFBSA,-0.107069409461262,0.688463109809538,False,down
WBGene00021072,3,0.9666666666666667,PFBSA,0.290702833977003,0.688901327855732,False,up
WBGene00044487,3,1.0,PFBSA,-0.254828981076874,0.689070613269966,False,down
WBGene00010552,3,1.0,PFBSA,0.0614501067867143,0.68938603617539,False,up
WBGene00017290,3,1.0,PFBSA,-0.0834240315651702,0.68938603617539,False,down
WBGene00021980,3,1.0,PFBSA,-0.0919730217675739,0.689628982722161,False,down
WBGene00021394,3,1.0,PFBSA,0.0366145224371454,0.690034766000088,False,up
WBGene00014002,3,0.9333333333333333,PFBSA,-0.225504006306441,0.690080792567703,False,down
WBGene00017854,3,1.0,PFBSA,0.156702802849522,0.690300679789652,False,up
WBGene00013588,3,0.7333333333333333,PFBSA,0.0561864160049137,0.690478586491212,False,up
WBGene00000421,3,1.0,PFBSA,0.0350546449687374,0.690699053118389,False,up
WBGene00015544,3,1.0,PFBSA,0.277385879412361,0.690958135820965,False,up
WBGene00008130,3,1.0,PFBSA,0.179684882040631,0.690958135820965,False,up
WBGene00020559,3,1.0,PFBSA,0.0882924153056087,0.692188075906181,False,up
WBGene00017015,3,1.0,PFBSA,0.193180133720964,0.6922749857168,False,up
WBGene00019480,3,1.0,PFBSA,0.0878790156154812,0.6922749857168,False,up
WBGene00013034,3,0.9666666666666667,PFBSA,0.0277858414548874,0.692673469859814,False,up
WBGene00043054,3,0.5666666666666667,PFBSA,-0.141077738672925,0.692968464326016,False,down
WBGene00010661,3,0.9,PFBSA,0.0977050721540663,0.693094914159671,False,up
WBGene00017340,3,0.9666666666666667,PFBSA,-0.11606480927309,0.693661273661692,False,down
WBGene00000081,3,0.9,PFBSA,-0.0482032659578501,0.694786882859973,False,down
WBGene00013903,3,1.0,PFBSA,-0.202336597368457,0.695874593354816,False,down
WBGene00003713,3,1.0,PFBSA,0.120293683970155,0.696370205090116,False,up
WBGene00044681,3,1.0,PFBSA,0.1474521632497,0.696616944667515,False,up
WBGene00022823,3,0.9666666666666667,PFBSA,-0.0885765318164322,0.696626964836722,False,down
WBGene00010717,3,1.0,PFBSA,0.540799231433239,0.69673147859538,False,up
WBGene00007484,3,1.0,PFBSA,-0.363548238926153,0.69673147859538,False,down
WBGene00002267,3,1.0,PFBSA,-0.0540769454607953,0.697560508799745,False,down
WBGene00008392,3,0.9333333333333333,PFBSA,-0.0907095895223985,0.69760857179131,False,down
WBGene00015858,3,1.0,PFBSA,0.249736201882706,0.697725885678089,False,up
WBGene00019667,3,1.0,PFBSA,0.22312801143839,0.698207675724364,False,up
WBGene00045510,3,1.0,PFBSA,0.260174062336271,0.698951112316261,False,up
WBGene00001345,3,0.9,PFBSA,0.080823648768829,0.699439196333311,False,up
WBGene00020043,3,1.0,PFBSA,-0.117713388618508,0.699901832354996,False,down
WBGene00022838,3,0.9666666666666667,PFBSA,0.175739582206793,0.700005831294904,False,up
WBGene00008034,3,1.0,PFBSA,-0.042719502771784,0.700503360771657,False,down
WBGene00020236,3,0.9,PFBSA,-0.205653182129742,0.702521923397257,False,down
WBGene00004235,3,0.9666666666666667,PFBSA,0.0444359967792692,0.70252326091968,False,up
WBGene00022003,3,1.0,PFBSA,-0.258086352090131,0.703029935140969,False,down
WBGene00017036,3,1.0,PFBSA,0.164285077355895,0.703920273622092,False,up
WBGene00303011,3,1.0,PFBSA,0.0784128200514182,0.703920273622092,False,up
WBGene00017060,3,1.0,PFBSA,-0.140812544302259,0.703920273622092,False,down
WBGene00019115,3,0.9,PFBSA,0.116446051975092,0.703936206525389,False,up
WBGene00020158,3,0.9,PFBSA,-0.0584595505866568,0.703936206525389,False,down
WBGene00017174,3,1.0,PFBSA,0.120250871178202,0.704478696406806,False,up
WBGene00008307,3,0.9333333333333333,PFBSA,-0.0886484836912566,0.705401700670095,False,down
WBGene00002174,3,1.0,PFBSA,-0.0470467846094587,0.705415852893841,False,down
WBGene00016419,3,1.0,PFBSA,-0.0989493788244825,0.70569423821013,False,down
WBGene00003646,3,1.0,PFBSA,0.070936855647397,0.705899134921203,False,up
WBGene00012993,3,1.0,PFBSA,0.108378335460173,0.705988150135815,False,up
WBGene00018771,3,0.9666666666666667,PFBSA,0.150970093448638,0.706753444375433,False,up
WBGene00011695,3,0.9666666666666667,PFBSA,0.197085923105033,0.707862209627155,False,up
WBGene00022664,3,0.8666666666666667,PFBSA,0.0602336889611317,0.708171923189107,False,up
WBGene00020584,3,1.0,PFBSA,-0.284108492047589,0.708586103202581,False,down
WBGene00011133,3,1.0,PFBSA,0.237633054013569,0.708597172729286,False,up
WBGene00018797,3,0.9,PFBSA,0.0462309557229288,0.708731044157827,False,up
WBGene00017124,3,1.0,PFBSA,-0.0896089128506177,0.708918861366662,False,down
WBGene00000701,3,1.0,PFBSA,0.307257726358092,0.709403796123422,False,up
WBGene00007389,3,1.0,PFBSA,0.0644348545032258,0.709594738760082,False,up
WBGene00043060,3,1.0,PFBSA,0.0621492814250898,0.709594738760082,False,up
WBGene00022812,3,1.0,PFBSA,0.0596082456605301,0.709688960305156,False,up
WBGene00007516,3,1.0,PFBSA,-0.0657412762240933,0.709688960305156,False,down
WBGene00005253,3,1.0,PFBSA,-0.279443412884704,0.710993231189172,False,down
WBGene00013220,3,1.0,PFBSA,0.0926738750112782,0.712257135487356,False,up
WBGene00022191,3,0.9,PFBSA,0.123300074671922,0.712573753952599,False,up
WBGene00001777,3,1.0,PFBSA,0.237241733126331,0.712611743608815,False,up
WBGene00011578,3,0.8666666666666667,PFBSA,0.143465433349472,0.714114016254207,False,up
WBGene00019776,3,0.9666666666666667,PFBSA,-0.138861457609499,0.715047358065405,False,down
WBGene00016467,3,1.0,PFBSA,-0.23353455802127,0.715076670163833,False,down
WBGene00018233,3,1.0,PFBSA,-0.286619960822913,0.71733120274716,False,down
WBGene00045053,3,1.0,PFBSA,0.13760511720559,0.717906269825,False,up
WBGene00235325,3,1.0,PFBSA,-0.111467174472016,0.717906269825,False,down
WBGene00014255,3,1.0,PFBSA,0.196249238906725,0.718151511660668,False,up
WBGene00019525,3,1.0,PFBSA,0.208050544954672,0.718280543965241,False,up
WBGene00003638,3,1.0,PFBSA,0.0667076675715815,0.718280543965241,False,up
WBGene00021264,3,0.9,PFBSA,-0.0932822317128469,0.719065463571853,False,down
WBGene00006618,3,1.0,PFBSA,0.0956451797832802,0.71971302952971,False,up
WBGene00010806,3,1.0,PFBSA,-0.0293236266373374,0.719843541098049,False,down
WBGene00019428,3,1.0,PFBSA,0.0509250733381257,0.720057697723449,False,up
WBGene00044029,3,1.0,PFBSA,-0.0769158455874185,0.720067924169973,False,down
WBGene00001835,3,0.6,PFBSA,0.0528855509743882,0.720905443201174,False,up
WBGene00007409,3,1.0,PFBSA,0.0630514087017062,0.7219844613953,False,up
WBGene00004758,3,1.0,PFBSA,-0.0347791402983655,0.722150004342044,False,down
WBGene00005655,3,1.0,PFBSA,-0.0709754459236747,0.722150004342044,False,down
WBGene00044079,3,0.5666666666666667,PFBSA,0.065826676355877,0.722244402088114,False,up
WBGene00018043,3,1.0,PFBSA,0.194479698679714,0.723159623453764,False,up
WBGene00003970,3,0.9666666666666667,PFBSA,0.0702580733808291,0.723809993475604,False,up
WBGene00005182,3,1.0,PFBSA,-0.18667901026519,0.725368945524564,False,down
WBGene00044289,3,1.0,PFBSA,-0.149542009507307,0.726024771080263,False,down
WBGene00014136,3,0.9666666666666667,PFBSA,0.137018911094194,0.726382748432779,False,up
WBGene00011595,3,0.7,PFBSA,0.197927525359523,0.726414082571859,False,up
WBGene00011622,3,0.9333333333333333,PFBSA,0.330518450917019,0.727212697829118,False,up
WBGene00016619,3,1.0,PFBSA,0.0896338981723374,0.727212697829118,False,up
WBGene00013957,3,0.6333333333333333,PFBSA,-0.181054357765506,0.727493452235959,False,down
WBGene00002217,3,1.0,PFBSA,0.0448333977518364,0.727744513938179,False,up
WBGene00011473,3,1.0,PFBSA,-0.0966481558019825,0.727984387585441,False,down
WBGene00044459,3,1.0,PFBSA,0.139691960172148,0.728200475841928,False,up
WBGene00018317,3,1.0,PFBSA,-0.0453592108783562,0.730811819855125,False,down
WBGene00008613,3,1.0,PFBSA,0.143686208379532,0.731968838444584,False,up
WBGene00019438,3,1.0,PFBSA,-0.198092923592039,0.732365457803496,False,down
WBGene00021704,3,1.0,PFBSA,0.199391939189261,0.732961295601419,False,up
WBGene00021600,3,0.9333333333333333,PFBSA,0.18845910109834,0.732972303366132,False,up
WBGene00017583,3,1.0,PFBSA,0.0510395108727704,0.733329340989485,False,up
WBGene00004213,3,0.9666666666666667,PFBSA,0.0436052292212254,0.733464661020569,False,up
WBGene00020997,3,1.0,PFBSA,0.143337906975933,0.734473562140142,False,up
WBGene00018757,3,0.5333333333333333,PFBSA,-0.0484967995364575,0.734862986235316,False,down
WBGene00008448,3,1.0,PFBSA,-0.17275884183089,0.734862986235316,False,down
WBGene00003747,3,1.0,PFBSA,-0.0631424365382807,0.735255973138343,False,down
WBGene00010856,3,0.9666666666666667,PFBSA,0.0853047350630748,0.735819780539585,False,up
WBGene00020149,3,1.0,PFBSA,0.173729462610398,0.736724508117629,False,up
WBGene00010765,3,1.0,PFBSA,-0.242495496504983,0.737541090806846,False,down
WBGene00009457,3,1.0,PFBSA,-0.18268101285788,0.737697322534129,False,down
WBGene00007723,3,0.6666666666666666,PFBSA,0.245063279721622,0.737860843754161,False,up
WBGene00016158,3,1.0,PFBSA,0.0367570108676222,0.738091059601874,False,up
WBGene00013493,3,0.9333333333333333,PFBSA,0.845063426037174,0.738109794817148,False,up
WBGene00010074,3,1.0,PFBSA,-0.13149961082925,0.738109794817148,False,down
WBGene00007099,3,0.6333333333333333,PFBSA,-0.0420233971829106,0.738509630835434,False,down
WBGene00000938,3,1.0,PFBSA,-0.0341958445719592,0.73851198597388,False,down
WBGene00021939,3,1.0,PFBSA,0.0915953106012671,0.739260763788716,False,up
WBGene00007926,3,0.9,PFBSA,-0.182766735495993,0.739260763788716,False,down
WBGene00008695,3,1.0,PFBSA,0.104402958045397,0.73927738050777,False,up
WBGene00003628,3,0.5,PFBSA,0.0601859941912549,0.739554391105106,False,up
WBGene00019455,3,1.0,PFBSA,0.194258105326483,0.739732740714817,False,up
WBGene00018791,3,0.9333333333333333,PFBSA,0.166391212038884,0.739969109421116,False,up
WBGene00000687,3,0.7,PFBSA,-0.248330858947302,0.739969109421116,False,down
WBGene00000293,3,0.6,PFBSA,-0.0303518964920189,0.739977415880986,False,down
WBGene00016019,3,1.0,PFBSA,0.0504248645209038,0.740136844110619,False,up
WBGene00008587,3,1.0,PFBSA,0.0892189445660214,0.740195119746631,False,up
WBGene00012195,3,1.0,PFBSA,0.166423162991822,0.741251675326289,False,up
WBGene00001552,3,1.0,PFBSA,0.0840822572006,0.742508139904269,False,up
WBGene00000734,3,1.0,PFBSA,-0.164673709830078,0.743174289918939,False,down
WBGene00016016,3,1.0,PFBSA,0.271287559388285,0.745483796426138,False,up
WBGene00007419,3,1.0,PFBSA,0.13171401028941,0.745786365790934,False,up
WBGene00269421,3,1.0,PFBSA,0.0748778703462305,0.745786365790934,False,up
WBGene00007609,3,0.8333333333333334,PFBSA,0.0494973727220064,0.74699125254724,False,up
WBGene00005362,3,1.0,PFBSA,0.206833312725982,0.746996309591847,False,up
WBGene00022112,3,1.0,PFBSA,-0.199161456902558,0.746996309591847,False,down
WBGene00044144,3,1.0,PFBSA,-0.0686916969803117,0.747788451440392,False,down
WBGene00022562,3,0.7,PFBSA,0.0808689606496399,0.749198428841323,False,up
WBGene00045390,3,1.0,PFBSA,-0.08508577312551,0.749198428841323,False,down
WBGene00014196,3,1.0,PFBSA,-0.163615269919113,0.749198428841323,False,down
WBGene00013490,3,0.9666666666666667,PFBSA,0.163903073702779,0.74955577898938,False,up
WBGene00008438,3,0.8666666666666667,PFBSA,0.0398357529227334,0.74955577898938,False,up
WBGene00003620,3,0.9333333333333333,PFBSA,0.142313086332537,0.74960195822388,False,up
WBGene00007274,3,0.9666666666666667,PFBSA,-0.151886348663978,0.749942519402135,False,down
WBGene00014093,3,1.0,PFBSA,0.272066493458828,0.750013842115428,False,up
WBGene00021596,3,1.0,PFBSA,0.126897582991019,0.75019904035173,False,up
WBGene00010911,3,1.0,PFBSA,0.0436181140791694,0.750788633615805,False,up
WBGene00011296,3,1.0,PFBSA,-0.182701827878266,0.750788633615805,False,down
WBGene00021666,3,0.9666666666666667,PFBSA,0.0771564969255924,0.751550199373156,False,up
WBGene00013079,3,0.9333333333333333,PFBSA,-0.110750336545165,0.751558134820375,False,down
WBGene00013224,3,0.9,PFBSA,-0.0470514505907243,0.751601767881673,False,down
WBGene00022623,3,1.0,PFBSA,0.0755778327556652,0.751853339756809,False,up
WBGene00013104,3,1.0,PFBSA,-0.0673390972670127,0.752377425085258,False,down
WBGene00010641,3,1.0,PFBSA,0.0323443255068141,0.754586412482996,False,up
WBGene00018338,3,1.0,PFBSA,-0.115185708993944,0.755680767893531,False,down
WBGene00009664,3,0.9666666666666667,PFBSA,0.0283927075928037,0.756121815820527,False,up
WBGene00010827,3,0.9666666666666667,PFBSA,0.0455969918352033,0.75621192831324,False,up
WBGene00010755,3,1.0,PFBSA,0.0706525629123835,0.756595396471525,False,up
WBGene00021607,3,1.0,PFBSA,0.136791069025879,0.757335083118475,False,up
WBGene00015074,3,1.0,PFBSA,-0.0727482756172198,0.757335083118475,False,down
WBGene00021473,3,1.0,PFBSA,0.0494314248398917,0.75745878869343,False,up
WBGene00003370,3,1.0,PFBSA,0.0479399727096676,0.757716513114734,False,up
WBGene00004113,3,1.0,PFBSA,0.0660271475079896,0.757875121631489,False,up
WBGene00016860,3,0.9,PFBSA,0.0641018998987559,0.758730721500108,False,up
WBGene00008366,3,0.9333333333333333,PFBSA,-0.0484892075498875,0.758799059927539,False,down
WBGene00009727,3,1.0,PFBSA,0.101150256195407,0.759598476896065,False,up
WBGene00003547,3,0.7,PFBSA,-0.197815932239128,0.759861986115067,False,down
WBGene00009178,3,1.0,PFBSA,0.155771488503593,0.761585786166325,False,up
WBGene00014262,3,1.0,PFBSA,0.0484071475054245,0.761585786166325,False,up
WBGene00020447,3,1.0,PFBSA,0.0474933793054751,0.762103572522344,False,up
WBGene00013822,3,1.0,PFBSA,-0.105889124092959,0.762322988733972,False,down
WBGene00015081,3,1.0,PFBSA,-0.127425597642358,0.762968619424676,False,down
WBGene00044514,3,0.9333333333333333,PFBSA,0.286541107672697,0.763625458238634,False,up
WBGene00008932,3,0.9666666666666667,PFBSA,0.0462601917439711,0.763625458238634,False,up
WBGene00023418,3,1.0,PFBSA,-0.0601600331115319,0.764323598203942,False,down
WBGene00021987,3,1.0,PFBSA,-0.259343684824581,0.764648992290034,False,down
WBGene00018931,3,0.9,PFBSA,0.141516297963783,0.766854361387365,False,up
WBGene00044699,3,0.9,PFBSA,0.0716491854052578,0.76693922114161,False,up
WBGene00008974,3,1.0,PFBSA,-0.03667710314499,0.767249821555539,False,down
WBGene00018466,3,1.0,PFBSA,0.0973282826926047,0.767536316011827,False,up
WBGene00019821,3,0.9,PFBSA,0.0312959463049224,0.768583813410476,False,up
WBGene00008601,3,1.0,PFBSA,-0.031846941165666,0.768583813410476,False,down
WBGene00020801,3,1.0,PFBSA,-0.0673413831090697,0.768583813410476,False,down
WBGene00002224,3,1.0,PFBSA,-0.071872436150581,0.768583813410476,False,down
WBGene00003938,3,1.0,PFBSA,0.222020671365935,0.76877588510366,False,up
WBGene00015611,3,1.0,PFBSA,0.175691902282568,0.76910534689313,False,up
WBGene00000814,3,1.0,PFBSA,0.0348563177612441,0.77037970507153,False,up
WBGene00018348,3,1.0,PFBSA,0.176140959021613,0.770599317521712,False,up
WBGene00008861,3,1.0,PFBSA,0.062709498136309,0.771244961265239,False,up
WBGene00020689,3,0.9666666666666667,PFBSA,0.0653467827539004,0.771358598661898,False,up
WBGene00011352,3,1.0,PFBSA,0.0660404065726374,0.771713800542772,False,up
WBGene00012268,3,1.0,PFBSA,0.135976187424516,0.771960774725881,False,up
WBGene00015279,3,1.0,PFBSA,-0.100722734560864,0.771960774725881,False,down
WBGene00018991,3,1.0,PFBSA,0.106707985777876,0.772585036398808,False,up
WBGene00006055,3,1.0,PFBSA,0.078291918364773,0.773941929888935,False,up
WBGene00009337,3,1.0,PFBSA,0.03587352244819,0.774093839261822,False,up
WBGene00005664,3,1.0,PFBSA,-0.202825801365373,0.774308793308163,False,down
WBGene00001434,3,1.0,PFBSA,0.0814812255858887,0.774375486828909,False,up
WBGene00000698,3,1.0,PFBSA,-0.177596490161626,0.774558638891719,False,down
WBGene00044921,3,1.0,PFBSA,-0.149313844559769,0.776304404180516,False,down
WBGene00018874,3,1.0,PFBSA,0.113683931546881,0.777681819345142,False,up
WBGene00008952,3,0.9,PFBSA,0.0712310966487252,0.777952208848986,False,up
WBGene00010357,3,0.9666666666666667,PFBSA,-0.12428545238637,0.777961554086605,False,down
WBGene00003232,3,1.0,PFBSA,0.0793650990419153,0.778630680559103,False,up
WBGene00017578,3,1.0,PFBSA,0.0497091709806095,0.780163473714031,False,up
WBGene00019477,3,0.9333333333333333,PFBSA,-0.0473227055554766,0.781739733298961,False,down
WBGene00007763,3,0.8333333333333334,PFBSA,0.325560788221216,0.782882081524737,False,up
WBGene00011456,3,1.0,PFBSA,0.0671525169998604,0.782882081524737,False,up
WBGene00008510,3,1.0,PFBSA,0.0410161548398499,0.782882081524737,False,up
WBGene00010399,3,1.0,PFBSA,-0.156221608691216,0.782882081524737,False,down
WBGene00007627,3,1.0,PFBSA,-0.0337052552777692,0.783099440779801,False,down
WBGene00008332,3,1.0,PFBSA,0.0829812377006314,0.783331425870824,False,up
WBGene00018261,3,0.9666666666666667,PFBSA,-0.109991661167911,0.783676515909398,False,down
WBGene00000554,3,1.0,PFBSA,0.0335926166227596,0.783953076752331,False,up
WBGene00009885,3,1.0,PFBSA,0.068687400946702,0.784859016692853,False,up
WBGene00002200,3,1.0,PFBSA,0.0718549451515603,0.785116055432041,False,up
WBGene00045255,3,1.0,PFBSA,0.0605580303705082,0.7852557976497,False,up
WBGene00007801,3,0.9,PFBSA,-0.0423143926321587,0.785763421013302,False,down
WBGene00019546,3,0.9,PFBSA,-0.105454611975078,0.785763421013302,False,down
WBGene00019753,3,0.7666666666666667,PFBSA,0.0698641754005736,0.786850454870393,False,up
WBGene00015041,3,0.9666666666666667,PFBSA,-0.122250273372777,0.787110970411533,False,down
WBGene00003766,3,1.0,PFBSA,-0.192524417613641,0.787870333015328,False,down
WBGene00001510,3,1.0,PFBSA,-0.0394178956752228,0.788045506317172,False,down
WBGene00017699,3,1.0,PFBSA,0.0229790785928313,0.788336128787572,False,up
WBGene00003644,3,0.9,PFBSA,0.114832537338026,0.788691759609597,False,up
WBGene00009025,3,1.0,PFBSA,0.0577807104215043,0.78929528712662,False,up
WBGene00019603,3,0.9666666666666667,PFBSA,-0.0831280268700644,0.78929528712662,False,down
WBGene00001561,3,0.9666666666666667,PFBSA,-0.0407847818691521,0.78977199383578,False,down
WBGene00012566,3,1.0,PFBSA,0.157058851232937,0.790635183308036,False,up
WBGene00011423,3,1.0,PFBSA,0.0388740414002032,0.791075435128617,False,up
WBGene00010311,3,1.0,PFBSA,-0.0857226978809768,0.791777431688838,False,down
WBGene00013608,3,0.7,PFBSA,-0.157540617277056,0.792488139291189,False,down
WBGene00020697,3,0.9666666666666667,PFBSA,-0.0904170467244731,0.792682401319078,False,down
WBGene00009790,3,1.0,PFBSA,-0.0661879483749673,0.792961278231977,False,down
WBGene00012348,3,0.7,PFBSA,0.0250116036793678,0.793433809217787,False,up
WBGene00021297,3,1.0,PFBSA,0.207303041180323,0.794094080902806,False,up
WBGene00007362,3,0.6333333333333333,PFBSA,-0.0848184569815696,0.795441971400333,False,down
WBGene00017418,3,0.9333333333333333,PFBSA,0.058431392339095,0.79570402277522,False,up
WBGene00000477,3,1.0,PFBSA,-0.0551447076639083,0.79570402277522,False,down
WBGene00044205,3,0.9666666666666667,PFBSA,-0.172405771354409,0.79570402277522,False,down
WBGene00008994,3,1.0,PFBSA,0.174302429766812,0.795742901901886,False,up
WBGene00021725,3,1.0,PFBSA,-0.119283535911215,0.795984148079925,False,down
WBGene00006814,3,1.0,PFBSA,-0.041392928746477,0.796612417907597,False,down
WBGene00011274,3,1.0,PFBSA,-0.0497091931882791,0.796983018718886,False,down
WBGene00020380,3,0.6666666666666666,PFBSA,-0.231450335405682,0.797503897409156,False,down
WBGene00011593,3,1.0,PFBSA,-0.108413175817343,0.797987641861763,False,down
WBGene00016121,3,0.9,PFBSA,0.0436449329423627,0.798082393117885,False,up
WBGene00004359,3,1.0,PFBSA,-0.0744391431966467,0.798082393117885,False,down
WBGene00007680,3,0.9,PFBSA,-0.0791908337803379,0.798082393117885,False,down
WBGene00010321,3,0.9333333333333333,PFBSA,0.0720625996635542,0.798150291479315,False,up
WBGene00017823,3,1.0,PFBSA,0.182104692688701,0.798422436882727,False,up
WBGene00015963,3,0.9666666666666667,PFBSA,0.109610462874329,0.79876358476248,False,up
WBGene00045396,3,1.0,PFBSA,0.211997673547293,0.800007743543357,False,up
WBGene00018257,3,0.9666666666666667,PFBSA,0.0473704703282106,0.800007743543357,False,up
WBGene00014022,3,0.9,PFBSA,-0.0314428925630643,0.800007743543357,False,down
WBGene00018103,3,1.0,PFBSA,0.262041675587826,0.800154283105413,False,up
WBGene00004277,3,1.0,PFBSA,0.034728802078941,0.800154283105413,False,up
WBGene00019648,3,1.0,PFBSA,0.116417989109992,0.800198248210753,False,up
WBGene00019867,3,1.0,PFBSA,-0.0743454939409908,0.800235208382067,False,down
WBGene00001587,3,0.9666666666666667,PFBSA,0.0602838692412606,0.802195354635217,False,up
WBGene00001769,3,0.9666666666666667,PFBSA,0.10557432723045,0.803922910420443,False,up
WBGene00008358,3,0.9666666666666667,PFBSA,0.0759827553163374,0.803922910420443,False,up
WBGene00019097,3,1.0,PFBSA,0.0655553863721964,0.803999648640459,False,up
WBGene00044949,3,0.7,PFBSA,0.0509376491543085,0.804228835517286,False,up
WBGene00019048,3,1.0,PFBSA,0.0468795121508812,0.804250385607884,False,up
WBGene00022047,3,1.0,PFBSA,0.0479575513555189,0.804429370254959,False,up
WBGene00009808,3,1.0,PFBSA,0.132566184650685,0.804771025248389,False,up
WBGene00011545,3,1.0,PFBSA,0.0535250221897095,0.806078674375906,False,up
WBGene00022473,3,0.9,PFBSA,0.0228068473382889,0.806774158505395,False,up
WBGene00009579,3,1.0,PFBSA,0.0521021881450794,0.806904536467312,False,up
WBGene00010315,3,1.0,PFBSA,-0.0556420891504599,0.806946576370518,False,down
WBGene00019023,3,1.0,PFBSA,-0.0888029171961486,0.807637888209395,False,down
WBGene00020016,3,1.0,PFBSA,0.179507098906777,0.808039865178479,False,up
WBGene00018195,3,1.0,PFBSA,0.0924954498385325,0.808844596082965,False,up
WBGene00011511,3,1.0,PFBSA,0.0483860701804293,0.809397363132452,False,up
WBGene00010608,3,1.0,PFBSA,-0.0913044707212632,0.809546312843612,False,down
WBGene00006404,3,0.8666666666666667,PFBSA,0.0402659754531341,0.809743265586659,False,up
WBGene00015349,3,1.0,PFBSA,-0.0486361842661292,0.809743265586659,False,down
WBGene00015366,3,0.9,PFBSA,-0.214913974587389,0.809743265586659,False,down
WBGene00015468,3,0.9666666666666667,PFBSA,0.0276326892804439,0.809747728707334,False,up
WBGene00007166,3,0.9,PFBSA,-0.0885799075512549,0.80985632210339,False,down
WBGene00010664,3,0.9666666666666667,PFBSA,-0.0280729978378457,0.810064164261943,False,down
WBGene00007597,3,1.0,PFBSA,-0.13532932604022,0.810189383058578,False,down
WBGene00017243,3,1.0,PFBSA,0.13447871434908,0.810775680855235,False,up
WBGene00019741,3,0.7666666666666667,PFBSA,0.0458867267617394,0.810775680855235,False,up
WBGene00014181,3,1.0,PFBSA,0.0546231542974646,0.811223433725094,False,up
WBGene00018435,3,0.9333333333333333,PFBSA,-0.0785012000500967,0.811256564396012,False,down
WBGene00011230,3,0.9666666666666667,PFBSA,0.0329462796126982,0.811393179138673,False,up
WBGene00018859,3,1.0,PFBSA,-0.117586480738061,0.811501305341194,False,down
WBGene00001167,3,1.0,PFBSA,0.0253779018244834,0.811592928965309,False,up
WBGene00021557,3,1.0,PFBSA,0.229893179665603,0.811670110117411,False,up
WBGene00194895,3,1.0,PFBSA,-0.162150236830337,0.811670110117411,False,down
WBGene00011677,3,0.9666666666666667,PFBSA,-0.200357353083595,0.811670110117411,False,down
WBGene00013091,3,1.0,PFBSA,-0.11917338370052,0.811995200816033,False,down
WBGene00007818,3,0.9666666666666667,PFBSA,0.127522314211177,0.812225296910891,False,up
WBGene00003550,3,1.0,PFBSA,0.0678182249330001,0.812281370157527,False,up
WBGene00008802,3,1.0,PFBSA,-0.12229858621609,0.812281370157527,False,down
WBGene00016803,3,1.0,PFBSA,0.0273154686439906,0.812535852508937,False,up
WBGene00009350,3,0.9333333333333333,PFBSA,0.087936101980135,0.813039147158648,False,up
WBGene00018052,3,1.0,PFBSA,-0.19170133831132,0.813039147158648,False,down
WBGene00018031,3,0.9666666666666667,PFBSA,0.207957081839538,0.813749429759459,False,up
WBGene00000253,3,0.9666666666666667,PFBSA,-0.0277068704608325,0.814140610213809,False,down
WBGene00012137,3,1.0,PFBSA,0.101243000035183,0.814156740928185,False,up
WBGene00007175,3,1.0,PFBSA,0.0385814145372393,0.81535946331054,False,up
WBGene00018996,3,0.9,PFBSA,0.0328545335057268,0.815593176875851,False,up
WBGene00019243,3,1.0,PFBSA,-0.150972309587222,0.816006726458281,False,down
WBGene00044492,3,0.9666666666666667,PFBSA,0.19791326584758,0.816146025509717,False,up
WBGene00001565,3,1.0,PFBSA,0.0238573227027696,0.816797585885568,False,up
WBGene00019200,3,0.9666666666666667,PFBSA,-0.0865757650689272,0.8171542091464,False,down
WBGene00017042,3,1.0,PFBSA,-0.100325733231145,0.8171542091464,False,down
WBGene00008432,3,1.0,PFBSA,0.047055567964484,0.817953758732358,False,up
WBGene00015980,3,0.9666666666666667,PFBSA,-0.0548447870968461,0.818218709804969,False,down
WBGene00044922,3,0.9666666666666667,PFBSA,-0.0843641243947279,0.819675813511926,False,down
WBGene00008127,3,1.0,PFBSA,0.0624369931109511,0.820898507283607,False,up
WBGene00007067,3,0.9333333333333333,PFBSA,-0.0763178724646798,0.822818059779773,False,down
WBGene00003732,3,1.0,PFBSA,0.043933126816764,0.822892153736737,False,up
WBGene00013865,3,1.0,PFBSA,-0.216984589015035,0.823378727337728,False,down
WBGene00020673,3,1.0,PFBSA,-0.0448407648458312,0.824043555169579,False,down
WBGene00010592,3,0.9,PFBSA,0.0780091210114756,0.824045390074338,False,up
WBGene00017310,3,1.0,PFBSA,0.0405651363213376,0.824073183028836,False,up
WBGene00016494,3,1.0,PFBSA,-0.0406141485139722,0.82440569528498,False,down
WBGene00017618,3,0.7,PFBSA,0.0700744078164519,0.824942528817127,False,up
WBGene00018149,3,1.0,PFBSA,-0.0420056380635265,0.825463491056128,False,down
WBGene00018958,3,1.0,PFBSA,0.0451146365653656,0.826533428477025,False,up
WBGene00012151,3,1.0,PFBSA,-0.0892322432391211,0.827351229088629,False,down
WBGene00014047,3,1.0,PFBSA,0.152040973461392,0.827803297399443,False,up
WBGene00005647,3,1.0,PFBSA,0.0451757217348824,0.828295428214821,False,up
WBGene00012382,3,0.9,PFBSA,0.0398202472429369,0.828295428214821,False,up
WBGene00021272,3,1.0,PFBSA,-0.0765780488968063,0.828300467780774,False,down
WBGene00016900,3,1.0,PFBSA,0.0583921601913492,0.828326366935667,False,up
WBGene00235352,3,0.9666666666666667,PFBSA,0.0639095654295686,0.828936195176713,False,up
WBGene00020649,3,0.9,PFBSA,0.0407557607468784,0.828936195176713,False,up
WBGene00012610,3,0.9,PFBSA,-0.0575277548997657,0.829289227447638,False,down
WBGene00004778,3,1.0,PFBSA,0.05093954288669,0.830298466950493,False,up
WBGene00011581,3,1.0,PFBSA,0.0854586893195497,0.830654293506506,False,up
WBGene00017272,3,1.0,PFBSA,0.0384362609530111,0.831060280047443,False,up
WBGene00001453,3,0.9666666666666667,PFBSA,0.0422362846972254,0.831075314380234,False,up
WBGene00017646,3,0.9,PFBSA,-0.0293755662283953,0.831368510125721,False,down
WBGene00012135,3,1.0,PFBSA,0.100206046594106,0.831395255652031,False,up
WBGene00271414,3,0.9666666666666667,PFBSA,0.0871119553189241,0.831938602359207,False,up
WBGene00021123,3,1.0,PFBSA,0.0610558983070026,0.832392081368887,False,up
WBGene00002052,3,0.9,PFBSA,-0.0378845846031371,0.832680562174498,False,down
WBGene00020544,3,1.0,PFBSA,-0.205257626884464,0.832680562174498,False,down
WBGene00013717,3,0.5333333333333333,PFBSA,-0.0779684065771497,0.832897034398814,False,down
WBGene00007753,3,1.0,PFBSA,0.0349143344604436,0.832970650344209,False,up
WBGene00003715,3,0.8333333333333334,PFBSA,-0.046778287231833,0.832970650344209,False,down
WBGene00022015,3,0.9666666666666667,PFBSA,0.0213641730829771,0.833339524016325,False,up
WBGene00012034,3,1.0,PFBSA,0.146060164785114,0.835243624491903,False,up
WBGene00011793,3,1.0,PFBSA,0.116885235051671,0.835243624491903,False,up
WBGene00013234,3,0.9666666666666667,PFBSA,0.163872417070435,0.835359308963694,False,up
WBGene00017367,3,0.7,PFBSA,-0.0449793371694788,0.836050265430578,False,down
WBGene00010574,3,1.0,PFBSA,0.231219758257692,0.836459059939261,False,up
WBGene00016703,3,1.0,PFBSA,0.0736410191293688,0.837320575468839,False,up
WBGene00004076,3,1.0,PFBSA,-0.0347011174116996,0.837362055477591,False,down
WBGene00006561,3,0.9333333333333333,PFBSA,0.0264874947387096,0.838058687037628,False,up
WBGene00001586,3,1.0,PFBSA,-0.0449501224655715,0.838996236348516,False,down
WBGene00012413,3,0.5,PFBSA,0.185408492710563,0.84039216043303,False,up
WBGene00000057,3,0.9,PFBSA,-0.0885509005756176,0.840837110189076,False,down
WBGene00009429,3,0.7666666666666667,PFBSA,0.143210244126909,0.841606305439709,False,up
WBGene00004198,3,0.9,PFBSA,-0.0375466980630055,0.8416959113804,False,down
WBGene00011974,3,1.0,PFBSA,0.0360221546714614,0.842303738421296,False,up
WBGene00001397,3,0.7,PFBSA,-0.146876628870943,0.842330748227226,False,down
WBGene00015621,3,0.9,PFBSA,0.0475580430058457,0.84258203948855,False,up
WBGene00013198,3,1.0,PFBSA,0.0696179384533674,0.844827739826338,False,up
WBGene00003615,3,0.9666666666666667,PFBSA,0.0523839705407789,0.844866106381981,False,up
WBGene00044239,3,1.0,PFBSA,0.184223190521331,0.84586409340975,False,up
WBGene00009560,3,0.6,PFBSA,0.0679722920611162,0.846151542318215,False,up
WBGene00017298,3,1.0,PFBSA,0.0243115565171011,0.846384196853508,False,up
WBGene00019262,3,1.0,PFBSA,0.171531012631898,0.846885742420537,False,up
WBGene00017543,3,1.0,PFBSA,0.159793127479431,0.846885742420537,False,up
WBGene00011191,3,1.0,PFBSA,0.124004912984474,0.846885742420537,False,up
WBGene00304808,3,0.9333333333333333,PFBSA,0.100157209655336,0.846895078398981,False,up
WBGene00018108,3,0.9,PFBSA,0.183890061906242,0.847086662400016,False,up
WBGene00013812,3,1.0,PFBSA,0.0745684053224884,0.847756832986676,False,up
WBGene00017776,3,0.9,PFBSA,-0.0286646907571808,0.850222688255689,False,down
WBGene00021163,3,1.0,PFBSA,0.0767108371602697,0.850280563235963,False,up
WBGene00001554,3,0.9666666666666667,PFBSA,0.113416002143107,0.850510342978556,False,up
WBGene00017250,3,1.0,PFBSA,0.131993632488562,0.85051759940859,False,up
WBGene00009780,3,1.0,PFBSA,0.064471571100449,0.850969729152376,False,up
WBGene00015531,3,1.0,PFBSA,0.0417574078170045,0.85132602839304,False,up
WBGene00012062,3,1.0,PFBSA,-0.056175943635845,0.851398786173709,False,down
WBGene00011414,3,0.7333333333333333,PFBSA,0.163946944230373,0.851515647334526,False,up
WBGene00004258,3,1.0,PFBSA,-0.0402636859959104,0.8516404345621,False,down
WBGene00001329,3,0.9,PFBSA,-0.0203582918002832,0.852423718928914,False,down
WBGene00013295,3,1.0,PFBSA,0.0576725741305528,0.852433698934334,False,up
WBGene00003248,3,0.9,PFBSA,0.0685196815164463,0.852500779445604,False,up
WBGene00004273,3,1.0,PFBSA,0.0202544479230234,0.853760886500562,False,up
WBGene00015536,3,1.0,PFBSA,0.0837237882543838,0.854274752200066,False,up
WBGene00007495,3,0.7,PFBSA,0.0614504420996149,0.854320077005893,False,up
WBGene00019877,3,0.9,PFBSA,-0.0272654485524135,0.854646021678409,False,down
WBGene00001782,3,1.0,PFBSA,0.19844660636453,0.855973076821417,False,up
WBGene00014076,3,1.0,PFBSA,0.0227924743243109,0.85602323681896,False,up
WBGene00021879,3,0.9,PFBSA,0.0286692211022982,0.856146852362725,False,up
WBGene00017483,3,0.9,PFBSA,0.151102341935017,0.85641998535393,False,up
WBGene00007026,3,1.0,PFBSA,0.0392119438498911,0.85641998535393,False,up
WBGene00007562,3,0.9,PFBSA,-0.0262334027534186,0.85641998535393,False,down
WBGene00023432,3,1.0,PFBSA,-0.0493926767989437,0.85641998535393,False,down
WBGene00018869,3,1.0,PFBSA,0.015692685520186,0.856747861234317,False,up
WBGene00000139,3,0.7,PFBSA,0.0586956084961036,0.857173288390225,False,up
WBGene00003384,3,1.0,PFBSA,0.0314968099062558,0.857173288390225,False,up
WBGene00013028,3,0.6666666666666666,PFBSA,0.10577956223012,0.85738012033946,False,up
WBGene00013647,3,1.0,PFBSA,0.0849895657287511,0.85738012033946,False,up
WBGene00000776,3,0.5666666666666667,PFBSA,-0.0374028470652971,0.85738012033946,False,down
WBGene00017009,3,1.0,PFBSA,-0.0848339351889035,0.85738012033946,False,down
WBGene00021998,3,1.0,PFBSA,-0.121929954347394,0.85738012033946,False,down
WBGene00008667,3,0.9,PFBSA,-0.0448276690038184,0.858838966997872,False,down
WBGene00019885,3,1.0,PFBSA,0.0980411764744282,0.859118240929799,False,up
WBGene00019471,3,0.9666666666666667,PFBSA,0.107560474615869,0.859182149130538,False,up
WBGene00012634,3,0.9666666666666667,PFBSA,0.149355830931115,0.859762829672597,False,up
WBGene00012906,3,1.0,PFBSA,0.0425531383620342,0.859949316293704,False,up
WBGene00021337,3,1.0,PFBSA,0.150139783238094,0.86004826720081,False,up
WBGene00194849,3,1.0,PFBSA,0.136527468956202,0.86004826720081,False,up
WBGene00004759,3,0.9,PFBSA,-0.014468081762286,0.86004826720081,False,down
WBGene00008255,3,1.0,PFBSA,-0.0609234194110941,0.860435745588739,False,down
WBGene00009176,3,1.0,PFBSA,-0.0381778474704473,0.860584734665781,False,down
WBGene00006452,3,0.9666666666666667,PFBSA,-0.022623682200494,0.860894741582336,False,down
WBGene00007672,3,1.0,PFBSA,0.104145111013566,0.861081745604047,False,up
WBGene00008804,3,1.0,PFBSA,0.0759679828275962,0.861081745604047,False,up
WBGene00000653,3,1.0,PFBSA,-0.104712063484063,0.863166260414367,False,down
WBGene00010136,3,1.0,PFBSA,-0.14260742013799,0.86325651915186,False,down
WBGene00015822,3,1.0,PFBSA,-0.0998937198408462,0.863353308860523,False,down
WBGene00015478,3,1.0,PFBSA,0.0287072121391405,0.863571341558945,False,up
WBGene00303233,3,0.6333333333333333,PFBSA,0.141620488670323,0.863688645149027,False,up
WBGene00017904,3,0.9666666666666667,PFBSA,0.0195662144472029,0.864433011398914,False,up
WBGene00015700,3,1.0,PFBSA,0.0800340912282021,0.864654776732035,False,up
WBGene00003916,3,0.9333333333333333,PFBSA,0.0167627290661691,0.865629387705626,False,up
WBGene00003886,3,1.0,PFBSA,-0.0495585062398374,0.866532621263423,False,down
WBGene00012860,3,1.0,PFBSA,0.0201666396641729,0.866546076016756,False,up
WBGene00017120,3,1.0,PFBSA,-0.0707252712111524,0.866820968997527,False,down
WBGene00018740,3,0.9,PFBSA,0.0185185840439294,0.867223663412723,False,up
WBGene00002094,3,1.0,PFBSA,0.162638827284823,0.867417090264473,False,up
WBGene00008303,3,0.9,PFBSA,0.142252045657248,0.867417090264473,False,up
WBGene00008662,3,0.7666666666666667,PFBSA,-0.081508311828708,0.868002302819328,False,down
WBGene00006444,3,1.0,PFBSA,-0.0213429013844613,0.868057552852057,False,down
WBGene00011629,3,0.9666666666666667,PFBSA,-0.0179040282276742,0.86818962290112,False,down
WBGene00001058,3,1.0,PFBSA,-0.0186900275668147,0.86818962290112,False,down
WBGene00012070,3,0.9666666666666667,PFBSA,0.138879004253578,0.868239169501814,False,up
WBGene00004154,3,1.0,PFBSA,0.0920629987587428,0.869267537988089,False,up
WBGene00009730,3,0.9666666666666667,PFBSA,0.0449664354723158,0.869270252939396,False,up
WBGene00000703,3,0.9666666666666667,PFBSA,0.0809853089069611,0.869442440473412,False,up
WBGene00016091,3,0.9666666666666667,PFBSA,0.113824395138619,0.869789971314694,False,up
WBGene00016903,3,0.9,PFBSA,-0.0432379190464475,0.869789971314694,False,down
WBGene00004803,3,0.9,PFBSA,-0.0360414815830449,0.869896723230601,False,down
WBGene00001250,3,0.5333333333333333,PFBSA,-0.0273721976065881,0.869944477114196,False,down
WBGene00010248,3,1.0,PFBSA,-0.0639751192769432,0.870009174091653,False,down
WBGene00012538,3,1.0,PFBSA,-0.11104266256075,0.870344544440029,False,down
WBGene00000558,3,1.0,PFBSA,0.0820577566136385,0.870503369960126,False,up
WBGene00006543,3,0.9333333333333333,PFBSA,0.0265924546999734,0.873974697290974,False,up
WBGene00008680,3,0.9,PFBSA,0.201853711729422,0.875550965235601,False,up
WBGene00016628,3,0.9,PFBSA,-0.0750088652287635,0.875550965235601,False,down
WBGene00015701,3,1.0,PFBSA,0.141158592923701,0.875657010507397,False,up
WBGene00021121,3,1.0,PFBSA,0.126549898946356,0.875657010507397,False,up
WBGene00017949,3,1.0,PFBSA,0.109261027729987,0.875657010507397,False,up
WBGene00044500,3,0.7666666666666667,PFBSA,0.0285799149781586,0.875662871976334,False,up
WBGene00009484,3,0.6333333333333333,PFBSA,0.0505456188388485,0.875664928171286,False,up
WBGene00016514,3,1.0,PFBSA,0.069384064976504,0.87580801389202,False,up
WBGene00018595,3,0.8666666666666667,PFBSA,0.109272035511486,0.875893567425482,False,up
WBGene00020373,3,1.0,PFBSA,0.0552206751468695,0.875893567425482,False,up
WBGene00009162,3,0.9333333333333333,PFBSA,0.0374656940734219,0.875893567425482,False,up
WBGene00016318,3,1.0,PFBSA,-0.0184109307494707,0.875893567425482,False,down
WBGene00019859,3,1.0,PFBSA,-0.0377259914546345,0.875893567425482,False,down
WBGene00020652,3,1.0,PFBSA,-0.0509512935290542,0.877107027240349,False,down
WBGene00007563,3,1.0,PFBSA,0.10199742733811,0.877277449593025,False,up
WBGene00011430,3,1.0,PFBSA,0.0917398520644183,0.877289619160773,False,up
WBGene00000437,3,1.0,PFBSA,0.0287743322238508,0.877369456485008,False,up
WBGene00017260,3,1.0,PFBSA,-0.0506838095364669,0.877593437632636,False,down
WBGene00010449,3,0.9666666666666667,PFBSA,-0.034920751149785,0.877756148285756,False,down
WBGene00018602,3,1.0,PFBSA,0.0842403165568189,0.879066320073915,False,up
WBGene00019473,3,0.6,PFBSA,-0.0570875664482903,0.879066320073915,False,down
WBGene00014051,3,1.0,PFBSA,-0.0144590755662417,0.879211646730326,False,down
WBGene00006582,3,1.0,PFBSA,0.0325832836643478,0.879243706539336,False,up
WBGene00021296,3,1.0,PFBSA,0.0315421027956398,0.879243706539336,False,up
WBGene00015568,3,1.0,PFBSA,0.0980572571515173,0.879487519474593,False,up
WBGene00003089,3,1.0,PFBSA,0.0177582332770481,0.879487519474593,False,up
WBGene00012319,3,0.6333333333333333,PFBSA,-0.0246650159910517,0.879897194193881,False,down
WBGene00007868,3,1.0,PFBSA,-0.17836491967257,0.880041771117289,False,down
WBGene00021188,3,1.0,PFBSA,-0.10241248083914,0.881509044068307,False,down
WBGene00013758,3,0.9666666666666667,PFBSA,0.0451580980709145,0.882809027413244,False,up
WBGene00009477,3,0.9,PFBSA,-0.0255424540512971,0.88359957579579,False,down
WBGene00003723,3,0.9,PFBSA,-0.0296627149677652,0.88365005684284,False,down
WBGene00011960,3,0.7,PFBSA,0.067915886356095,0.884197641760128,False,up
WBGene00008403,3,1.0,PFBSA,0.0563844951332924,0.88535813451031,False,up
WBGene00011063,3,0.9666666666666667,PFBSA,0.0857500025878248,0.885616442779213,False,up
WBGene00010513,3,1.0,PFBSA,-0.0411588254220166,0.885759644044079,False,down
WBGene00008625,3,0.9666666666666667,PFBSA,-0.136691988656365,0.885813970092823,False,down
WBGene00138711,3,1.0,PFBSA,0.15571734146537,0.886512678580073,False,up
WBGene00009619,3,0.9,PFBSA,-0.0361305626964797,0.886512678580073,False,down
WBGene00021911,3,0.9666666666666667,PFBSA,0.100998329110124,0.886928321171001,False,up
WBGene00008730,3,1.0,PFBSA,-0.0405707458438487,0.886982086100267,False,down
WBGene00003566,3,0.9,PFBSA,-0.0345676677408304,0.887081019208366,False,down
WBGene00019235,3,0.9,PFBSA,-0.0827736379722562,0.887081019208366,False,down
WBGene00019237,3,1.0,PFBSA,-0.0161620104855452,0.888242490322002,False,down
WBGene00013480,3,1.0,PFBSA,-0.0852186291344169,0.888242490322002,False,down
WBGene00008916,3,1.0,PFBSA,-0.0955308044183562,0.888242490322002,False,down
WBGene00022248,3,0.9666666666666667,PFBSA,0.0191818868375307,0.888806921691887,False,up
WBGene00021167,3,0.9,PFBSA,0.133685580826784,0.88930264605422,False,up
WBGene00018610,3,0.9333333333333333,PFBSA,0.0300170634268575,0.8907011611947,False,up
WBGene00000975,3,1.0,PFBSA,0.0329156074154557,0.890797611897873,False,up
WBGene00023490,3,1.0,PFBSA,0.200497764111007,0.891052657406633,False,up
WBGene00001121,3,1.0,PFBSA,0.0385905670654936,0.891116716748879,False,up
WBGene00018476,3,1.0,PFBSA,0.0799576081857051,0.891258236595359,False,up
WBGene00194934,3,1.0,PFBSA,0.0334215359934083,0.891409807431785,False,up
WBGene00020401,3,1.0,PFBSA,0.0415908198248195,0.891836523769816,False,up
WBGene00015399,3,1.0,PFBSA,-0.133590882763937,0.891899722895398,False,down
WBGene00013709,3,0.9,PFBSA,0.0146778040648251,0.892019549958177,False,up
WBGene00016092,3,1.0,PFBSA,-0.0997783839517932,0.892797232015957,False,down
WBGene00012674,3,1.0,PFBSA,-0.0276833320271355,0.893294707578213,False,down
WBGene00016199,3,0.9666666666666667,PFBSA,-0.0792609614018393,0.89358767873263,False,down
WBGene00017076,3,1.0,PFBSA,0.0404606166083698,0.89385208826534,False,up
WBGene00020822,3,0.9,PFBSA,0.0191004151555528,0.89385208826534,False,up
WBGene00012631,3,1.0,PFBSA,-0.143971639704468,0.894227502566911,False,down
WBGene00012528,3,0.9666666666666667,PFBSA,0.0139778674157985,0.894736312324088,False,up
WBGene00020912,3,1.0,PFBSA,-0.0349380256108386,0.894760939400807,False,down
WBGene00008314,3,1.0,PFBSA,-0.0492479796180272,0.894760939400807,False,down
WBGene00000960,3,1.0,PFBSA,0.0433195644940317,0.895824252149417,False,up
WBGene00000004,3,0.9666666666666667,PFBSA,0.0242885362539965,0.895824252149417,False,up
WBGene00010994,3,1.0,PFBSA,-0.0459850921589485,0.895824252149417,False,down
WBGene00044406,3,1.0,PFBSA,-0.0570540274537786,0.895824252149417,False,down
WBGene00010686,3,1.0,PFBSA,-0.0705722186278201,0.895824252149417,False,down
WBGene00008230,3,0.9,PFBSA,-0.110185469121495,0.895824252149417,False,down
WBGene00043981,3,1.0,PFBSA,-0.180763772107182,0.8958874937846,False,down
WBGene00010803,3,0.9,PFBSA,-0.0225629311408553,0.896079440123342,False,down
WBGene00015295,3,0.9666666666666667,PFBSA,0.0281511840790535,0.896681818139097,False,up
WBGene00219378,3,1.0,PFBSA,-0.0870474841811772,0.896681818139097,False,down
WBGene00011988,3,1.0,PFBSA,0.0546640825339083,0.896778364661473,False,up
WBGene00011809,3,1.0,PFBSA,0.121648742728542,0.898045168551765,False,up
WBGene00012596,3,1.0,PFBSA,0.0833283833229094,0.898045168551765,False,up
WBGene00020374,3,0.9,PFBSA,0.0319942506461467,0.899183295352946,False,up
WBGene00017247,3,0.9,PFBSA,0.022051983390631,0.899183295352946,False,up
WBGene00000912,3,0.7333333333333333,PFBSA,0.0241673424833485,0.899849132361875,False,up
WBGene00008031,3,0.9666666666666667,PFBSA,-0.049203404202048,0.900212547827464,False,down
WBGene00014030,3,0.9,PFBSA,-0.0706369688904232,0.900697259204732,False,down
WBGene00003645,3,0.9,PFBSA,0.0349788043731387,0.901032711530824,False,up
WBGene00077769,3,0.9666666666666667,PFBSA,-0.08937748242287,0.902170657243243,False,down
WBGene00008831,3,1.0,PFBSA,-0.0820937209135352,0.902518419465278,False,down
WBGene00013042,3,0.9,PFBSA,0.0250730255640556,0.903060591893849,False,up
WBGene00019997,3,1.0,PFBSA,0.062191690493453,0.903565078282448,False,up
WBGene00044760,3,0.7,PFBSA,0.118456287705139,0.904037283617646,False,up
WBGene00022412,3,1.0,PFBSA,-0.0234474655403981,0.904175295761058,False,down
WBGene00012838,3,1.0,PFBSA,0.0797606380896275,0.904187731107593,False,up
WBGene00206355,3,1.0,PFBSA,0.0705613490065693,0.905273809141746,False,up
WBGene00018937,3,0.9666666666666667,PFBSA,-0.113374394693737,0.905273809141746,False,down
WBGene00003104,3,1.0,PFBSA,0.109195517655385,0.905770076546661,False,up
WBGene00023519,3,1.0,PFBSA,0.0516155812089071,0.905770076546661,False,up
WBGene00004801,3,0.9,PFBSA,-0.018818024663346,0.90675239558722,False,down
WBGene00020175,3,0.9666666666666667,PFBSA,-0.0752529251944281,0.906775944773064,False,down
WBGene00020574,3,1.0,PFBSA,-0.08816180068903,0.906854818598402,False,down
WBGene00006416,3,1.0,PFBSA,-0.0750640420929198,0.90704462692383,False,down
WBGene00007363,3,0.6333333333333333,PFBSA,0.0225106106439293,0.907316584545001,False,up
WBGene00022496,3,0.6333333333333333,PFBSA,-0.0596747080369388,0.907466265716015,False,down
WBGene00006580,3,0.9,PFBSA,-0.0185996091100862,0.907790781428987,False,down
WBGene00012629,3,1.0,PFBSA,-0.0725602353919109,0.908284222967188,False,down
WBGene00021002,3,1.0,PFBSA,-0.0409607588996542,0.908456544236006,False,down
WBGene00007933,3,1.0,PFBSA,0.0537037007955284,0.908542962706412,False,up
WBGene00077761,3,1.0,PFBSA,-0.0278584624322554,0.908542962706412,False,down
WBGene00000641,3,1.0,PFBSA,0.136242661337976,0.908700921410434,False,up
WBGene00007620,3,0.9666666666666667,PFBSA,0.0171412325029628,0.909051855355279,False,up
WBGene00016961,3,1.0,PFBSA,-0.0110910052583256,0.909051855355279,False,down
WBGene00020946,3,0.9666666666666667,PFBSA,0.144443664276546,0.909247890426109,False,up
WBGene00022825,3,0.9666666666666667,PFBSA,0.0286639658213273,0.909259564133868,False,up
WBGene00006279,3,0.5333333333333333,PFBSA,0.0751581650151194,0.909592225133487,False,up
WBGene00044478,3,0.7333333333333333,PFBSA,0.0810301375193109,0.909870085423535,False,up
WBGene00045412,3,1.0,PFBSA,0.0511177926912551,0.909870085423535,False,up
WBGene00022258,3,1.0,PFBSA,0.0390990354193435,0.910501310381478,False,up
WBGene00044774,3,0.8333333333333334,PFBSA,0.0261631153822398,0.910501310381478,False,up
WBGene00022867,3,1.0,PFBSA,0.0230076383086075,0.910501471184824,False,up
WBGene00044528,3,1.0,PFBSA,0.077231429570642,0.911223482036645,False,up
WBGene00009091,3,0.9666666666666667,PFBSA,0.034059395256081,0.911502446986509,False,up
WBGene00013708,3,0.9333333333333333,PFBSA,0.0220752936858284,0.911502446986509,False,up
WBGene00018035,3,1.0,PFBSA,-0.028182466463062,0.911502446986509,False,down
WBGene00001127,3,1.0,PFBSA,-0.027858165993466,0.911620353963671,False,down
WBGene00001437,3,0.7333333333333333,PFBSA,0.114092810719115,0.911933853891502,False,up
WBGene00006731,3,1.0,PFBSA,0.0380014127788503,0.912530579246015,False,up
WBGene00006745,3,0.9666666666666667,PFBSA,-0.0165763165728752,0.912707790474817,False,down
WBGene00020326,3,0.9666666666666667,PFBSA,-0.073832124597202,0.912707790474817,False,down
WBGene00016116,3,0.9,PFBSA,-0.0128159693969402,0.913837209092307,False,down
WBGene00010446,3,0.9666666666666667,PFBSA,-0.0957177191870273,0.913958617392353,False,down
WBGene00016801,3,1.0,PFBSA,-0.0297281057452544,0.913972817878824,False,down
WBGene00011584,3,1.0,PFBSA,-0.0701242382982751,0.914139766843946,False,down
WBGene00008388,3,0.9,PFBSA,0.0776957010026415,0.914151659688544,False,up
WBGene00012818,3,1.0,PFBSA,0.0748393015095895,0.914151659688544,False,up
WBGene00015569,3,0.9666666666666667,PFBSA,0.0238641881178908,0.914151659688544,False,up
WBGene00012514,3,1.0,PFBSA,-0.0398833422553583,0.9170655865282,False,down
WBGene00015903,3,1.0,PFBSA,0.107206522230098,0.917903743471366,False,up
WBGene00016215,3,1.0,PFBSA,0.0306472355191591,0.918655067045982,False,up
WBGene00011429,3,0.7,PFBSA,-0.0875012737364048,0.919317228758356,False,down
WBGene00000973,3,0.5333333333333333,PFBSA,0.0280426400860785,0.920262841122089,False,up
WBGene00194883,3,1.0,PFBSA,0.050089535111922,0.920901220503214,False,up
WBGene00004373,3,1.0,PFBSA,0.0118581803754372,0.921267633817591,False,up
WBGene00011388,3,1.0,PFBSA,-0.0920299636555217,0.921267633817591,False,down
WBGene00010310,3,1.0,PFBSA,-0.0455818261510326,0.921688059978037,False,down
WBGene00006374,3,1.0,PFBSA,0.0511539547096263,0.921767470053912,False,up
WBGene00015299,3,1.0,PFBSA,0.0445224628385672,0.921776462584568,False,up
WBGene00011082,3,1.0,PFBSA,0.0421623197191079,0.922484317675016,False,up
WBGene00013896,3,1.0,PFBSA,0.0404664451767851,0.922484317675016,False,up
WBGene00003844,3,1.0,PFBSA,0.0234157866908715,0.922949797514104,False,up
WBGene00016090,3,0.5333333333333333,PFBSA,-0.0768650861098563,0.923296748190648,False,down
WBGene00020343,3,0.9,PFBSA,0.0491404265322594,0.92371151192161,False,up
WBGene00006075,3,1.0,PFBSA,-0.0624451856774007,0.92371151192161,False,down
WBGene00009867,3,1.0,PFBSA,-0.0634332017284839,0.924302099999519,False,down
WBGene00009676,3,1.0,PFBSA,-0.0219365716965467,0.924388381739329,False,down
WBGene00004878,3,1.0,PFBSA,-0.0622229289396249,0.924755338800244,False,down
WBGene00018954,3,0.9666666666666667,PFBSA,0.0299522984368958,0.924802549389587,False,up
WBGene00011723,3,0.9,PFBSA,0.0187501088990315,0.924937231547578,False,up
WBGene00003185,3,1.0,PFBSA,0.0138777781161408,0.925765420753035,False,up
WBGene00019203,3,1.0,PFBSA,-0.022013557273555,0.925765420753035,False,down
WBGene00017051,3,1.0,PFBSA,-0.0565889178088204,0.926441898241879,False,down
WBGene00017747,3,0.9666666666666667,PFBSA,0.0448961249094875,0.926492524103717,False,up
WBGene00015680,3,1.0,PFBSA,0.0098364692140893,0.926492524103717,False,up
WBGene00020247,3,0.9,PFBSA,-0.0536937578083965,0.926492524103717,False,down
WBGene00015263,3,1.0,PFBSA,0.0230760038769213,0.926991128201557,False,up
WBGene00000448,3,1.0,PFBSA,-0.0176212865149429,0.92796049549675,False,down
WBGene00003719,3,0.9666666666666667,PFBSA,-0.0213850163252714,0.928223328420654,False,down
WBGene00044082,3,1.0,PFBSA,-0.0266222475213952,0.928223328420654,False,down
WBGene00021412,3,0.9666666666666667,PFBSA,-0.0515811344166831,0.928223328420654,False,down
WBGene00022400,3,1.0,PFBSA,0.0123180954887282,0.928443801709047,False,up
WBGene00009174,3,1.0,PFBSA,-0.0130641941716074,0.928443801709047,False,down
WBGene00002979,3,0.9333333333333333,PFBSA,-0.0130706065821064,0.928443801709047,False,down
WBGene00020090,3,0.9666666666666667,PFBSA,0.0133305037183138,0.928719306687197,False,up
WBGene00008197,3,1.0,PFBSA,0.0158025160085965,0.928806605596994,False,up
WBGene00021161,3,1.0,PFBSA,0.0232205641941339,0.928969219252276,False,up
WBGene00009485,3,0.9,PFBSA,0.0497380298732744,0.929180226890465,False,up
WBGene00016095,3,0.9666666666666667,PFBSA,-0.0300791649400359,0.929421999840258,False,down
WBGene00000700,3,0.9666666666666667,PFBSA,0.0826487089700497,0.930231228690416,False,up
WBGene00009931,3,1.0,PFBSA,0.037782096579251,0.930231228690416,False,up
WBGene00009601,3,1.0,PFBSA,-0.0551375041320503,0.930996329397302,False,down
WBGene00001393,3,1.0,PFBSA,-0.0097354412723145,0.931376789650047,False,down
WBGene00009156,3,1.0,PFBSA,0.0768548932087384,0.931382830005374,False,up
WBGene00008065,3,0.9,PFBSA,0.0281873359855886,0.931526262617727,False,up
WBGene00016363,3,1.0,PFBSA,0.041647333476698,0.931570367799854,False,up
WBGene00014109,3,0.8333333333333334,PFBSA,-0.009566883994529,0.932551796599849,False,down
WBGene00010654,3,1.0,PFBSA,-0.0786282269797879,0.932848817982164,False,down
WBGene00020426,3,0.9666666666666667,PFBSA,0.0252970938017522,0.933123832771683,False,up
WBGene00001991,3,1.0,PFBSA,0.0359320299496536,0.933199217602308,False,up
WBGene00001371,3,1.0,PFBSA,0.0283486892641336,0.933199217602308,False,up
WBGene00012901,3,1.0,PFBSA,0.0378356574089067,0.933804021503856,False,up
WBGene00011495,3,1.0,PFBSA,0.0226163354671962,0.933804021503856,False,up
WBGene00000738,3,0.7666666666666667,PFBSA,-0.0987813591719599,0.934178267755705,False,down
WBGene00009778,3,0.9,PFBSA,0.0520039321925037,0.93511465016471,False,up
WBGene00044313,3,1.0,PFBSA,-0.0374670317234501,0.93511465016471,False,down
WBGene00012970,3,0.9666666666666667,PFBSA,-0.0307619685408399,0.935418986920267,False,down
WBGene00004183,3,0.7666666666666667,PFBSA,0.0307199637892805,0.935659042508867,False,up
WBGene00019285,3,1.0,PFBSA,-0.0216857679897183,0.935659042508867,False,down
WBGene00013040,3,1.0,PFBSA,0.0109216162280213,0.93658552388008,False,up
WBGene00004898,3,1.0,PFBSA,-0.0193622652219745,0.93698601687487,False,down
WBGene00015113,3,1.0,PFBSA,0.0831582859965226,0.937190045379291,False,up
WBGene00185005,3,1.0,PFBSA,-0.0496453443969594,0.937475723553543,False,down
WBGene00011970,3,0.9,PFBSA,-0.0118534072562461,0.938178013777648,False,down
WBGene00008266,3,1.0,PFBSA,0.0108343549089602,0.938437351479709,False,up
WBGene00019549,3,0.9,PFBSA,-0.0615893031326425,0.938437351479709,False,down
WBGene00021210,3,1.0,PFBSA,-0.0099091856768957,0.93911478518906,False,down
WBGene00019999,3,0.9,PFBSA,-0.0210962391043,0.939335065846777,False,down
WBGene00013164,3,1.0,PFBSA,-0.0136623664016238,0.940574475415052,False,down
WBGene00009810,3,1.0,PFBSA,-0.0496838340848607,0.942178712359746,False,down
WBGene00021755,3,0.9333333333333333,PFBSA,0.0350340474162835,0.944403053778117,False,up
WBGene00004829,3,1.0,PFBSA,0.0078842920483666,0.945000379700759,False,up
WBGene00012441,3,1.0,PFBSA,0.0392988713560113,0.945737549166331,False,up
WBGene00004748,3,0.9666666666666667,PFBSA,0.0338271485010128,0.946252975655908,False,up
WBGene00006619,3,1.0,PFBSA,-0.0415249689970021,0.946252975655908,False,down
WBGene00010297,3,1.0,PFBSA,0.0262093281251601,0.946548430344585,False,up
WBGene00015539,3,0.9666666666666667,PFBSA,0.0155673260056091,0.946817149957273,False,up
WBGene00004876,3,0.9,PFBSA,-0.016691462417964,0.947270060983468,False,down
WBGene00007832,3,0.7333333333333333,PFBSA,0.0784943300168492,0.947278898111858,False,up
WBGene00045215,3,1.0,PFBSA,0.0808628197429633,0.94729950186206,False,up
WBGene00010385,3,1.0,PFBSA,-0.0233351126883688,0.948386315054006,False,down
WBGene00021948,3,0.9666666666666667,PFBSA,0.0145912112577597,0.948735573353988,False,up
WBGene00017613,3,1.0,PFBSA,0.0118059149599128,0.948735573353988,False,up
WBGene00011250,3,0.7333333333333333,PFBSA,-0.0120875909964271,0.949152960790112,False,down
WBGene00000219,3,1.0,PFBSA,-0.0105659629896573,0.950034726080531,False,down
WBGene00044510,3,1.0,PFBSA,-0.0410647279810092,0.950054061457179,False,down
WBGene00003034,3,1.0,PFBSA,0.007447020949843,0.950165749267206,False,up
WBGene00003043,3,1.0,PFBSA,0.0098836904179663,0.95055792768288,False,up
WBGene00000966,3,1.0,PFBSA,-0.0255946073532341,0.951027669542547,False,down
WBGene00015307,3,1.0,PFBSA,0.0232901619119731,0.951049958721042,False,up
WBGene00015200,3,0.9,PFBSA,0.0130828745361244,0.951594667366849,False,up
WBGene00021741,3,1.0,PFBSA,-0.0496861410531131,0.951631167642209,False,down
WBGene00013303,3,0.9666666666666667,PFBSA,0.051298126273196,0.951675425232619,False,up
WBGene00017350,3,0.5,PFBSA,0.0096328156160021,0.951675425232619,False,up
WBGene00001131,3,0.5,PFBSA,0.007610488108241,0.951675425232619,False,up
WBGene00015352,3,0.9,PFBSA,0.0108235759425395,0.951742058654481,False,up
WBGene00012491,3,1.0,PFBSA,0.0196350560800328,0.952864947156743,False,up
WBGene00010141,3,0.9666666666666667,PFBSA,-0.0120230173052271,0.953320283181544,False,down
WBGene00014258,3,1.0,PFBSA,0.0139495185426584,0.953629148101878,False,up
WBGene00016671,3,0.9666666666666667,PFBSA,-0.016146646684322,0.953629148101878,False,down
WBGene00017985,3,1.0,PFBSA,-0.0329813923789252,0.954218581583197,False,down
WBGene00016120,3,1.0,PFBSA,0.0082419412935723,0.954760525632705,False,up
WBGene00012084,3,1.0,PFBSA,0.0149020040985074,0.955183171534015,False,up
WBGene00018622,3,1.0,PFBSA,-0.0183835768221257,0.955209167420308,False,down
WBGene00001821,3,0.7,PFBSA,0.0123087294708132,0.955746386360974,False,up
WBGene00007969,3,1.0,PFBSA,-0.0141129225723284,0.955746386360974,False,down
WBGene00018611,3,1.0,PFBSA,-0.0177635165814325,0.955746386360974,False,down
WBGene00008248,3,1.0,PFBSA,0.0338694374120615,0.956005072118515,False,up
WBGene00019911,3,1.0,PFBSA,0.0124168904087513,0.956005072118515,False,up
WBGene00011500,3,1.0,PFBSA,0.0091911897437851,0.956030426694961,False,up
WBGene00000971,3,0.9666666666666667,PFBSA,0.0263473204976955,0.956108355036101,False,up
WBGene00008856,3,1.0,PFBSA,-0.0110800385828671,0.956115061221184,False,down
WBGene00007044,3,1.0,PFBSA,0.00946582473221,0.956211318844312,False,up
WBGene00022554,3,0.9666666666666667,PFBSA,-0.0089066116707135,0.956251231284951,False,down
WBGene00016093,3,0.9666666666666667,PFBSA,0.0139758565093845,0.956991240737475,False,up
WBGene00000905,3,0.5333333333333333,PFBSA,-0.0256493647960411,0.95722816627848,False,down
WBGene00008550,3,1.0,PFBSA,-0.0466962286180895,0.9572487125145,False,down
WBGene00007316,3,0.9666666666666667,PFBSA,0.0162105846319475,0.957919854561485,False,up
WBGene00020710,3,0.9,PFBSA,0.0131667631146722,0.958009715342479,False,up
WBGene00004995,3,0.9,PFBSA,0.0082277852363953,0.958009715342479,False,up
WBGene00005988,3,1.0,PFBSA,-0.0472833282981995,0.958009715342479,False,down
WBGene00043067,3,1.0,PFBSA,0.0192758522485536,0.958308260256014,False,up
WBGene00015918,3,0.9,PFBSA,0.0746955324512013,0.958339970852807,False,up
WBGene00018005,3,1.0,PFBSA,0.0151788857094873,0.958339970852807,False,up
WBGene00009582,3,1.0,PFBSA,0.009078250071877,0.958339970852807,False,up
WBGene00004064,3,0.5666666666666667,PFBSA,-0.010744225666382,0.958339970852807,False,down
WBGene00011340,3,1.0,PFBSA,-0.0308215889809116,0.958339970852807,False,down
WBGene00016378,3,1.0,PFBSA,0.0069546695360418,0.959609675156914,False,up
WBGene00002136,3,1.0,PFBSA,-0.0217554248309478,0.9598744813305,False,down
WBGene00016004,3,0.9666666666666667,PFBSA,0.0162377035409859,0.960352863130781,False,up
WBGene00021038,3,0.9,PFBSA,-0.0182359949967976,0.960383399213155,False,down
WBGene00021871,3,1.0,PFBSA,0.0129071470886534,0.96145335796499,False,up
WBGene00007882,3,0.9333333333333333,PFBSA,-0.0058660116674876,0.961600172232229,False,down
WBGene00009945,3,1.0,PFBSA,-0.0060834456806003,0.962357049009686,False,down
WBGene00001398,3,1.0,PFBSA,-0.0108889758027615,0.963599186376872,False,down
WBGene00000082,3,1.0,PFBSA,-0.023800839145038,0.963905355597034,False,down
WBGene00019779,3,0.6333333333333333,PFBSA,0.0195849114319244,0.963956517605426,False,up
WBGene00017826,3,0.9,PFBSA,0.0069423198053544,0.964659098832271,False,up
WBGene00020157,3,0.5333333333333333,PFBSA,-0.0227564524547241,0.966686891736146,False,down
WBGene00021094,3,0.9,PFBSA,0.0303990750757286,0.967151275183931,False,up
WBGene00009180,3,1.0,PFBSA,0.0042904746040282,0.968083144536018,False,up
WBGene00018262,3,0.9,PFBSA,-0.0153897843017072,0.968556656327227,False,down
WBGene00000819,3,1.0,PFBSA,0.0384716027681362,0.96904147328035,False,up
WBGene00020196,3,0.9,PFBSA,-0.0118234646094699,0.96904147328035,False,down
WBGene00013378,3,1.0,PFBSA,0.0035235810427954,0.969761194990134,False,up
WBGene00009769,3,1.0,PFBSA,0.0059413940288832,0.969941886476064,False,up
WBGene00016204,3,0.9666666666666667,PFBSA,-0.013060552523882,0.971123169851217,False,down
WBGene00021547,3,0.7333333333333333,PFBSA,-0.0208410990634419,0.97141424402781,False,down
WBGene00018036,3,1.0,PFBSA,0.0070194020152403,0.97170183297617,False,up
WBGene00008570,3,1.0,PFBSA,-0.0074658633009927,0.971715021605258,False,down
WBGene00011957,3,1.0,PFBSA,-0.0230254607969855,0.971715021605258,False,down
WBGene00010334,3,0.9666666666666667,PFBSA,-0.0105902744281986,0.972118211971817,False,down
WBGene00007534,3,1.0,PFBSA,0.0035222199062486,0.972781762020568,False,up
WBGene00003112,3,1.0,PFBSA,-0.0065483832369665,0.972817538065052,False,down
WBGene00020878,3,1.0,PFBSA,-0.0236173394911142,0.973274302571661,False,down
WBGene00018946,3,0.9,PFBSA,-0.0295876678267501,0.973288315633512,False,down
WBGene00011465,3,1.0,PFBSA,0.0239242391289607,0.973463609722912,False,up
WBGene00008275,3,1.0,PFBSA,-0.0059989882606258,0.973565099214936,False,down
WBGene00012473,3,1.0,PFBSA,-0.0153034306575954,0.973786010696414,False,down
WBGene00001152,3,1.0,PFBSA,-0.0073981959849378,0.974109757127421,False,down
WBGene00013643,3,1.0,PFBSA,-0.0085935243479498,0.974209386396423,False,down
WBGene00005026,3,1.0,PFBSA,0.0051141086762445,0.974265747913907,False,up
WBGene00206529,3,1.0,PFBSA,0.0195759986990826,0.974491525661361,False,up
WBGene00015161,3,1.0,PFBSA,-0.0046588019448193,0.97486418168094,False,down
WBGene00003570,3,0.9333333333333333,PFBSA,-0.0104768909877003,0.975913895002746,False,down
WBGene00016247,3,1.0,PFBSA,0.0277642384206275,0.976315566275418,False,up
WBGene00000459,3,1.0,PFBSA,-0.0040969249473424,0.976384020858953,False,down
WBGene00077693,3,0.9666666666666667,PFBSA,-0.0058368728386463,0.976732072413472,False,down
WBGene00018665,3,1.0,PFBSA,0.0145677773519669,0.977463649881644,False,up
WBGene00011381,3,0.9666666666666667,PFBSA,0.0072584482603936,0.97762278372405,False,up
WBGene00016156,3,1.0,PFBSA,-0.004747708741438,0.97762278372405,False,down
WBGene00017275,3,0.7333333333333333,PFBSA,0.003862893267239,0.97847523019562,False,up
WBGene00000902,3,1.0,PFBSA,-0.0089090133913656,0.978545266792296,False,down
WBGene00008310,3,0.7333333333333333,PFBSA,-0.007894582146383,0.979989794194184,False,down
WBGene00015505,3,0.9333333333333333,PFBSA,-0.0153186919660641,0.979989794194184,False,down
WBGene00007670,3,1.0,PFBSA,-0.0161086267725133,0.979989794194184,False,down
WBGene00012578,3,1.0,PFBSA,0.003084714355182,0.980041948765509,False,up
WBGene00015053,3,1.0,PFBSA,-0.0079480548773993,0.981102625169123,False,down
WBGene00003387,3,1.0,PFBSA,-0.006352252715427,0.982488753992253,False,down
WBGene00020249,3,0.6333333333333333,PFBSA,-0.0094662145665455,0.982488753992253,False,down
WBGene00019103,3,1.0,PFBSA,-0.0085379249297443,0.983394434010066,False,down
WBGene00004827,3,1.0,PFBSA,0.0083074932528704,0.983688125761393,False,up
WBGene00010889,3,0.7,PFBSA,-0.0043827726525281,0.984043938140302,False,down
WBGene00003525,3,1.0,PFBSA,0.0281493782233523,0.984936841221875,False,up
WBGene00005163,3,0.9,PFBSA,-0.0157123229100881,0.984936841221875,False,down
WBGene00010805,3,1.0,PFBSA,-0.0035180877825934,0.985345717333627,False,down
WBGene00016744,3,1.0,PFBSA,0.0083749369694837,0.986196258372502,False,up
WBGene00021117,3,1.0,PFBSA,-0.0162555187033914,0.986456809217631,False,down
WBGene00003707,3,0.5,PFBSA,0.0055588388199659,0.986781412886082,False,up
WBGene00009973,3,1.0,PFBSA,0.0043470360925786,0.987057382757586,False,up
WBGene00003612,3,1.0,PFBSA,0.0041207089154724,0.987079421118287,False,up
WBGene00003585,3,1.0,PFBSA,0.006447431328999,0.987451606031697,False,up
WBGene00023520,3,0.9666666666666667,PFBSA,0.0040497582312694,0.987813133124318,False,up
WBGene00022402,3,0.9333333333333333,PFBSA,-0.0028012864663973,0.988237572664009,False,down
WBGene00003386,3,1.0,PFBSA,0.0030833376665096,0.989002538329778,False,up
WBGene00021343,3,1.0,PFBSA,-0.0076018437073411,0.989002538329778,False,down
WBGene00020663,3,1.0,PFBSA,0.0090352094728884,0.989045769068674,False,up
WBGene00017879,3,1.0,PFBSA,0.0087736884588647,0.989835157532384,False,up
WBGene00012178,3,0.9666666666666667,PFBSA,-0.0060159059306293,0.989835157532384,False,down
WBGene00007213,3,1.0,PFBSA,-0.0047371756990972,0.98995585076485,False,down
WBGene00011773,3,1.0,PFBSA,0.002084999288333,0.990217674154844,False,up
WBGene00011566,3,0.9666666666666667,PFBSA,0.0084527336705203,0.990414228745523,False,up
WBGene00006966,3,1.0,PFBSA,0.0053063240945936,0.991167935220342,False,up
WBGene00008359,3,1.0,PFBSA,-0.0029305701601869,0.991167935220342,False,down
WBGene00005481,3,1.0,PFBSA,-0.0111570727837894,0.991167935220342,False,down
WBGene00007024,3,0.9666666666666667,PFBSA,0.0013324256925031,0.991825154777074,False,up
WBGene00013576,3,0.9333333333333333,PFBSA,-0.003184312618341,0.991825154777074,False,down
WBGene00012595,3,0.9333333333333333,PFBSA,-0.0076729041195398,0.991825154777074,False,down
WBGene00022474,3,0.9666666666666667,PFBSA,-0.0023052845768193,0.991945074803145,False,down
WBGene00012449,3,1.0,PFBSA,-0.0045090047973064,0.992211523403514,False,down
WBGene00016630,3,0.9666666666666667,PFBSA,0.0025793675601366,0.992745371107643,False,up
WBGene00009129,3,0.9,PFBSA,-0.0084019067409254,0.993212812971298,False,down
WBGene00045248,3,1.0,PFBSA,0.0036372726389409,0.993426966158144,False,up
WBGene00017016,3,1.0,PFBSA,0.0011798736764836,0.993519313191614,False,up
WBGene00003249,3,1.0,PFBSA,0.0020452284990872,0.994130743656406,False,up
WBGene00016207,3,0.9,PFBSA,-0.0061800223469806,0.994893790089009,False,down
WBGene00017628,3,1.0,PFBSA,0.0057798226958561,0.994934870115096,False,up
WBGene00009587,3,1.0,PFBSA,-0.0010163873892971,0.994934870115096,False,down
WBGene00010980,3,1.0,PFBSA,-0.0062718573766228,0.994934870115096,False,down
WBGene00020051,3,1.0,PFBSA,0.0012832184166095,0.995186353087376,False,up
WBGene00016367,3,1.0,PFBSA,-0.00243550266396,0.995645712109944,False,down
WBGene00013562,3,1.0,PFBSA,0.0022201755035242,0.996231100829455,False,up
WBGene00022788,3,1.0,PFBSA,0.0009536870326193,0.996526014341561,False,up
WBGene00007669,3,1.0,PFBSA,-0.0031877009175586,0.996842427471254,False,down
WBGene00011969,3,0.6333333333333333,PFBSA,0.0005982014956829,0.997228905961447,False,up
WBGene00044792,3,0.9333333333333333,PFBSA,0.0012156447234721,0.998023071773483,False,up
WBGene00009060,3,0.8333333333333334,PFBSA,0.001347277447068,0.998038905533999,False,up
WBGene00010341,3,0.6333333333333333,PFBSA,-0.0006811305236589,0.998623211732069,False,down
WBGene00011027,3,1.0,PFBSA,0.0026755864555297,0.998856218109964,False,up
WBGene00011070,3,1.0,PFBSA,-0.0002714317751052,0.999016502379202,False,down
WBGene00023485,3,1.0,PFBSA,-0.0003940437236066,0.999608558630962,False,down
WBGene00021080,3,0.9666666666666667,PFBSA,-6.05608544678755e-05,0.999820489098426,False,down
WBGene00010454,3,0.9666666666666667,PFBSA,-8.09341369210646e-05,0.999820489098426,False,down
WBGene00008226,3,1.0,PFBSA,-0.0001613364605456,0.999820489098426,False,down
WBGene00022677,3,1.0,PFBSA,-1.9406178691132e-05,0.999949631654704,False,down
