WB_id,consensus_module,consensus_strength,chemical,logFC,FDR,is_detected,direction
WBGene00020891,4,0.5666666666666667,PFBSA,1.10070088873585,1.3108812200452899e-11,True,up
WBGene00077764,4,0.9333333333333333,PFBSA,1.98537967631241,3.90048988617657e-11,True,up
WBGene00017621,4,1.0,PFBSA,1.29764516445593,4.61634399507037e-10,True,up
WBGene00011586,4,1.0,PFBSA,1.06708129265123,1.21204158026314e-08,True,up
WBGene00001446,4,1.0,PFBSA,1.09687934445765,9.89193219179728e-07,True,up
WBGene00012013,4,1.0,PFBSA,0.863153393530819,3.98981904860382e-06,True,up
WBGene00019381,4,1.0,PFBSA,0.972446050688237,5.93094822151956e-06,True,up
WBGene00003744,4,1.0,PFBSA,0.487425891859032,6.75764514434109e-06,True,up
WBGene00019489,4,0.5333333333333333,PFBSA,1.58939687393095,6.89533485283843e-06,True,up
WBGene00016677,4,1.0,PFBSA,0.841225671496077,1.17850754098114e-05,True,up
WBGene00013181,4,1.0,PFBSA,1.13549036798556,1.27580987344481e-05,True,up
WBGene00015197,4,0.6,PFBSA,0.775251163945107,1.86508491020109e-05,True,up
WBGene00011042,4,0.9,PFBSA,1.30130937384314,1.98510553009928e-05,True,up
WBGene00008447,4,1.0,PFBSA,1.55170880006505,3.39586507008974e-05,True,up
WBGene00003752,4,1.0,PFBSA,0.573652510082533,3.83366896481936e-05,True,up
WBGene00008780,4,1.0,PFBSA,0.624319129760963,4.01854057571107e-05,True,up
WBGene00016234,4,1.0,PFBSA,1.10380264848312,4.46997635489963e-05,True,up
WBGene00006684,4,1.0,PFBSA,1.22419278152502,5.74178812270393e-05,True,up
WBGene00006591,4,1.0,PFBSA,1.11492910934966,7.69449762830641e-05,True,up
WBGene00016101,4,1.0,PFBSA,0.824369700573121,8.24792432432065e-05,True,up
WBGene00016594,4,1.0,PFBSA,0.8183764997578,0.0001419605797514,True,up
WBGene00007126,4,1.0,PFBSA,0.701693176709496,0.0001513675543868,True,up
WBGene00017220,4,1.0,PFBSA,0.568442261040576,0.0001513675543868,True,up
WBGene00001454,4,1.0,PFBSA,0.381315468428355,0.0001555581232142,True,up
WBGene00003528,4,1.0,PFBSA,1.46195756909356,0.0001637594780332,True,up
WBGene00013672,4,0.9,PFBSA,0.500258232648575,0.0001778077171054,True,up
WBGene00019782,4,1.0,PFBSA,3.02682242265948,0.0001791898394191,True,up
WBGene00013895,4,0.6666666666666666,PFBSA,0.739077137935741,0.0001822844840518,True,up
WBGene00003710,4,1.0,PFBSA,0.497853759960586,0.0001831189912252,True,up
WBGene00019818,4,1.0,PFBSA,1.2167715304996,0.0002111778210024,True,up
WBGene00206525,4,1.0,PFBSA,0.953560347776339,0.0002209228971008,True,up
WBGene00021048,4,1.0,PFBSA,0.689694972566545,0.0002254643520174,True,up
WBGene00011894,4,0.7,PFBSA,0.920891999193707,0.0002402636072359,True,up
WBGene00019960,4,1.0,PFBSA,0.925769441713649,0.0002486826107579,True,up
WBGene00011849,4,1.0,PFBSA,0.647715020283704,0.0002782716120299,True,up
WBGene00018748,4,1.0,PFBSA,0.827089326660482,0.0002880690046895,True,up
WBGene00019300,4,1.0,PFBSA,0.940786709552861,0.0003209875863288,True,up
WBGene00001456,4,1.0,PFBSA,0.390382305691893,0.0003209875863288,True,up
WBGene00016894,4,1.0,PFBSA,0.918919589954063,0.0003387041393042,True,up
WBGene00022797,4,1.0,PFBSA,0.683319886926766,0.0003387041393042,True,up
WBGene00001390,4,1.0,PFBSA,0.503748135603376,0.0003462443587009,True,up
WBGene00021446,4,1.0,PFBSA,1.32102428895668,0.0003583922118913,True,up
WBGene00020947,4,1.0,PFBSA,0.817095280899953,0.0004730731973524,True,up
WBGene00020469,4,1.0,PFBSA,0.857205921848387,0.0004830349603376,True,up
WBGene00007508,4,0.9333333333333333,PFBSA,2.21971128139784,0.0005311929027363,True,up
WBGene00000485,4,0.5333333333333333,PFBSA,0.365430799487715,0.0005322702576411,True,up
WBGene00022441,4,1.0,PFBSA,0.677618289233386,0.0005504781344161,True,up
WBGene00008522,4,0.9,PFBSA,0.49962561281451,0.0005533887871842,True,up
WBGene00001623,4,0.9666666666666667,PFBSA,1.35234036382022,0.0005535829612419,True,up
WBGene00020251,4,1.0,PFBSA,0.322484948456742,0.0005948115634061,True,up
WBGene00018112,4,0.5333333333333333,PFBSA,1.22789799040708,0.0006540643070387,True,up
WBGene00003746,4,1.0,PFBSA,0.429207948564836,0.0006678375302594,True,up
WBGene00012819,4,1.0,PFBSA,1.01304290620333,0.000775981319776,True,up
WBGene00003756,4,1.0,PFBSA,0.403952252739644,0.0007798553504897,True,up
WBGene00010796,4,1.0,PFBSA,0.273561370784111,0.0008018164897718,True,up
WBGene00006750,4,0.6,PFBSA,0.340900761231329,0.0008404753319653,True,up
WBGene00009383,4,1.0,PFBSA,0.617289366849869,0.0008692845163787,True,up
WBGene00023408,4,1.0,PFBSA,0.533651090794584,0.0008829237258577,True,up
WBGene00019487,4,1.0,PFBSA,0.407425180462747,0.000963504509493,True,up
WBGene00019488,4,1.0,PFBSA,0.438280911858326,0.000966262242392,True,up
WBGene00001387,4,0.7333333333333333,PFBSA,1.38700226887308,0.0010175223664006,True,up
WBGene00000692,4,1.0,PFBSA,1.00398127657139,0.0010324799830019,True,up
WBGene00019593,4,1.0,PFBSA,0.735952761318988,0.0010722363155456,True,up
WBGene00001448,4,1.0,PFBSA,0.334360097205777,0.0011563509375517,True,up
WBGene00001464,4,1.0,PFBSA,0.4097806464979,0.0011614819571246,True,up
WBGene00020224,4,1.0,PFBSA,0.944068806135781,0.0012204762523459,True,up
WBGene00007058,4,0.9333333333333333,PFBSA,0.315695770123742,0.0013947869104203,True,up
WBGene00001624,4,0.5666666666666667,PFBSA,-0.53881845416473,0.0013947869104203,True,down
WBGene00016147,4,1.0,PFBSA,1.2822818035929,0.0014128034885054,True,up
WBGene00016509,4,1.0,PFBSA,0.362679492472996,0.0014491416142609,True,up
WBGene00009291,4,1.0,PFBSA,0.918841620580324,0.0016439042068293,True,up
WBGene00001458,4,1.0,PFBSA,0.384296048342031,0.0016745975709599,True,up
WBGene00007460,4,1.0,PFBSA,0.810868863076968,0.0016977620539373,True,up
WBGene00016684,4,1.0,PFBSA,0.371976060737476,0.0018749192210977,True,up
WBGene00006812,4,1.0,PFBSA,0.350107210774633,0.0022493354791435,True,up
WBGene00011424,4,1.0,PFBSA,0.914194160784832,0.0022960310581856,True,up
WBGene00010681,4,1.0,PFBSA,0.420547359617304,0.0023430773694015,True,up
WBGene00016766,4,1.0,PFBSA,0.539149289970459,0.0024249076507188,True,up
WBGene00007765,4,1.0,PFBSA,2.29696689680419,0.0024429828841421,True,up
WBGene00021047,4,1.0,PFBSA,0.294061554931651,0.0024746294905128,True,up
WBGene00017160,4,1.0,PFBSA,0.977438996968319,0.0026180615128879,True,up
WBGene00008439,4,1.0,PFBSA,0.798621799935657,0.0026189788762266,True,up
WBGene00009803,4,1.0,PFBSA,0.73329652593807,0.0027941419398101,True,up
WBGene00010488,4,1.0,PFBSA,0.502105857832016,0.0027941419398101,True,up
WBGene00001455,4,0.7666666666666667,PFBSA,0.377253131011352,0.0028600478066246,True,up
WBGene00007231,4,1.0,PFBSA,1.17456629203533,0.0028619793114296,True,up
WBGene00000901,4,1.0,PFBSA,0.198612285537151,0.0028911992870483,True,up
WBGene00010262,4,1.0,PFBSA,0.410522361802086,0.0029519757668107,True,up
WBGene00020854,4,1.0,PFBSA,0.414093167655238,0.0029684082868499,True,up
WBGene00006608,4,1.0,PFBSA,0.594011718987623,0.0029805595291068,True,up
WBGene00011893,4,0.9333333333333333,PFBSA,0.501297505353711,0.0030975219879199,True,up
WBGene00002270,4,0.9666666666666667,PFBSA,1.33208855007659,0.0032318547656291,True,up
WBGene00001496,4,1.0,PFBSA,0.490327948398095,0.0034105436426354,True,up
WBGene00219373,4,0.6666666666666666,PFBSA,0.506456609946724,0.003437946450362,True,up
WBGene00000675,4,1.0,PFBSA,0.888396358252672,0.0034477406039156,True,up
WBGene00008743,4,1.0,PFBSA,0.848624373026209,0.0034519940965152,True,up
WBGene00016634,4,1.0,PFBSA,0.521855224999028,0.0035029965794584,True,up
WBGene00043995,4,0.7666666666666667,PFBSA,0.858602746780658,0.003535332400514,True,up
WBGene00021597,4,1.0,PFBSA,0.511290074787564,0.0035756271354457,True,up
WBGene00019726,4,0.6666666666666666,PFBSA,0.276824094615206,0.003648708336477,True,up
WBGene00021890,4,1.0,PFBSA,0.259962862121085,0.0036797641940033,True,up
WBGene00010236,4,1.0,PFBSA,0.308561268856439,0.0036934619667186,True,up
WBGene00010135,4,1.0,PFBSA,0.876399187377807,0.0038403526554444,True,up
WBGene00012825,4,1.0,PFBSA,0.696802482536992,0.0038921754226267,True,up
WBGene00012144,4,1.0,PFBSA,0.830779903380982,0.004027406299414,True,up
WBGene00015048,4,1.0,PFBSA,0.455927173831374,0.004027406299414,True,up
WBGene00009033,4,1.0,PFBSA,2.10182877335892,0.0040607516758476,True,up
WBGene00013146,4,1.0,PFBSA,1.16943016880008,0.0042190734263711,True,up
WBGene00000681,4,1.0,PFBSA,1.67644563596391,0.0042306208096615,True,up
WBGene00016488,4,1.0,PFBSA,0.78827844858861,0.004277881138892,True,up
WBGene00015354,4,1.0,PFBSA,0.265652651120131,0.0043713294387066,True,up
WBGene00004008,4,1.0,PFBSA,0.658786742970913,0.0044151613134734,True,up
WBGene00044071,4,0.5666666666666667,PFBSA,0.317372549012975,0.0045241467863937,True,up
WBGene00000611,4,0.9666666666666667,PFBSA,0.748119860308368,0.004535652008736,True,up
WBGene00044650,4,1.0,PFBSA,0.305422936198875,0.004541119646937,True,up
WBGene00015705,4,1.0,PFBSA,0.815314604494084,0.0045838925981635,True,up
WBGene00004923,4,1.0,PFBSA,0.330433697974355,0.0048275090447656,True,up
WBGene00017970,4,1.0,PFBSA,0.365438341984654,0.0049170907453346,True,up
WBGene00019113,4,1.0,PFBSA,0.938563436420452,0.0049743964492821,True,up
WBGene00015753,4,0.6666666666666666,PFBSA,0.774363435967652,0.0050090977980731,True,up
WBGene00009532,4,1.0,PFBSA,0.926532303125023,0.0050309588412692,True,up
WBGene00016302,4,0.9,PFBSA,1.60128391350442,0.0052976450486665,True,up
WBGene00021215,4,0.9333333333333333,PFBSA,1.31978939276576,0.0055451845525176,True,up
WBGene00017663,4,1.0,PFBSA,0.489892838253501,0.0056227429763547,True,up
WBGene00000277,4,1.0,PFBSA,0.310212152517178,0.0056468651670887,True,up
WBGene00009702,4,1.0,PFBSA,1.0338175919189,0.0057701501188644,True,up
WBGene00003751,4,1.0,PFBSA,0.35219040833437,0.0058080019452544,True,up
WBGene00018607,4,1.0,PFBSA,0.526434011241234,0.0059102908442946,True,up
WBGene00022423,4,1.0,PFBSA,0.468839708274029,0.0059110236745791,True,up
WBGene00020714,4,1.0,PFBSA,0.436717014634081,0.005953313895067,True,up
WBGene00010935,4,1.0,PFBSA,0.552368603245926,0.0059614034175672,True,up
WBGene00003573,4,0.9,PFBSA,-0.619336523431978,0.0059614034175672,True,down
WBGene00010177,4,1.0,PFBSA,0.351230697203995,0.0060348501825009,True,up
WBGene00016738,4,1.0,PFBSA,0.497044435061062,0.0061421495842974,True,up
WBGene00010982,4,1.0,PFBSA,0.440609701571804,0.0062294543637985,True,up
WBGene00018318,4,1.0,PFBSA,0.567064914632157,0.0063432916620064,True,up
WBGene00001452,4,1.0,PFBSA,0.298063295964973,0.0063432916620064,True,up
WBGene00012717,4,1.0,PFBSA,0.432387119287154,0.0064628584045437,True,up
WBGene00001189,4,1.0,PFBSA,0.343533915614531,0.0064829500217741,True,up
WBGene00006705,4,1.0,PFBSA,0.768118655178998,0.0065566631237739,True,up
WBGene00009028,4,1.0,PFBSA,1.8691531464714,0.0066534600301719,True,up
WBGene00008970,4,0.5666666666666667,PFBSA,0.71860953315237,0.0070328812899388,True,up
WBGene00019466,4,1.0,PFBSA,0.710702239877567,0.0071151017361669,True,up
WBGene00019875,4,1.0,PFBSA,-0.224982908279397,0.0071151017361669,True,down
WBGene00020152,4,1.0,PFBSA,0.678797506284065,0.0071271102201672,True,up
WBGene00006941,4,0.5333333333333333,PFBSA,0.264163809162229,0.0073183028340398,True,up
WBGene00019592,4,1.0,PFBSA,0.596189527397446,0.0073824080374143,True,up
WBGene00003635,4,1.0,PFBSA,0.274114047502725,0.0079789499060259,True,up
WBGene00016193,4,1.0,PFBSA,1.21078657247446,0.0080005896048798,True,up
WBGene00015947,4,1.0,PFBSA,0.781038016188137,0.0081432481168129,True,up
WBGene00001459,4,1.0,PFBSA,0.295034839082463,0.0083290099711023,True,up
WBGene00019055,4,1.0,PFBSA,0.51161533494275,0.0084101543986766,True,up
WBGene00003997,4,1.0,PFBSA,0.299909406825552,0.0084563389607312,True,up
WBGene00015938,4,0.9,PFBSA,0.240940278068676,0.0086039437358708,True,up
WBGene00018788,4,1.0,PFBSA,0.301337144416212,0.008765027281188,True,up
WBGene00010200,4,1.0,PFBSA,0.390378506782335,0.0087869811599387,True,up
WBGene00021893,4,0.5333333333333333,PFBSA,0.358400966603853,0.0087924458099794,True,up
WBGene00011326,4,0.7,PFBSA,0.243891438180352,0.0090037367363,True,up
WBGene00010976,4,0.9333333333333333,PFBSA,0.384862279783776,0.0091726514728413,True,up
WBGene00001444,4,1.0,PFBSA,0.283710711135922,0.0096821524812546,True,up
WBGene00022181,4,1.0,PFBSA,1.3444842421015,0.0097444362262412,True,up
WBGene00002142,4,1.0,PFBSA,1.0923745276814,0.0097896757922766,True,up
WBGene00009106,4,1.0,PFBSA,0.38828560264699,0.0100558087492157,True,up
WBGene00018750,4,1.0,PFBSA,0.86375995689588,0.0102743798355204,True,up
WBGene00020317,4,1.0,PFBSA,0.278626075587125,0.0103635519630676,True,up
WBGene00003073,4,1.0,PFBSA,0.219903038435908,0.0103788501742724,True,up
WBGene00009243,4,0.5333333333333333,PFBSA,0.359163001229911,0.0104052925084121,True,up
WBGene00013996,4,1.0,PFBSA,0.962572513620842,0.010424091832898,True,up
WBGene00016114,4,1.0,PFBSA,0.327472178957816,0.0104801191465467,True,up
WBGene00019841,4,0.9,PFBSA,0.218447249538448,0.0105117631661338,True,up
WBGene00010697,4,1.0,PFBSA,0.37532880457696,0.0105276772806151,True,up
WBGene00010039,4,1.0,PFBSA,0.655456782556657,0.0105838880452542,True,up
WBGene00003568,4,1.0,PFBSA,0.261668388367245,0.0106215539836997,True,up
WBGene00007931,4,1.0,PFBSA,0.545806805931661,0.0108305794768171,True,up
WBGene00016028,4,1.0,PFBSA,0.327909088104408,0.0111930087894146,True,up
WBGene00010244,4,1.0,PFBSA,0.360425572296668,0.0113431809139082,True,up
WBGene00016958,4,1.0,PFBSA,0.727962437807663,0.0115807024526957,True,up
WBGene00022307,4,0.8,PFBSA,0.422069255172413,0.0116205357824524,True,up
WBGene00009562,4,1.0,PFBSA,0.269606151733014,0.0118570930427035,True,up
WBGene00044513,4,1.0,PFBSA,0.56695535998384,0.0119749428077011,True,up
WBGene00015517,4,1.0,PFBSA,0.364960290332131,0.012077836185754,True,up
WBGene00009955,4,1.0,PFBSA,0.930203101323441,0.0122466952681572,True,up
WBGene00044658,4,1.0,PFBSA,0.818179225109281,0.0124747541773826,True,up
WBGene00010865,4,0.9,PFBSA,0.553676972390253,0.0124851899575306,True,up
WBGene00000223,4,1.0,PFBSA,0.211631604228818,0.0127503003036389,True,up
WBGene00010239,4,1.0,PFBSA,0.330960811676118,0.0128695438326715,True,up
WBGene00022144,4,1.0,PFBSA,0.26939339232103,0.0131394644564218,True,up
WBGene00012928,4,1.0,PFBSA,0.234789796855404,0.0131911934110731,True,up
WBGene00022358,4,1.0,PFBSA,0.186282606144615,0.0132521978696851,True,up
WBGene00007919,4,1.0,PFBSA,1.20240720791541,0.0132945109712347,True,up
WBGene00017813,4,1.0,PFBSA,0.43180441100915,0.0136674137373975,True,up
WBGene00020148,4,1.0,PFBSA,0.624026140351468,0.0136921362849382,True,up
WBGene00002084,4,1.0,PFBSA,0.304335860176006,0.0137851238064915,True,up
WBGene00014125,4,1.0,PFBSA,0.617013894185795,0.0139682102053788,True,up
WBGene00003725,4,1.0,PFBSA,0.495085776575461,0.0141197039480145,True,up
WBGene00017852,4,1.0,PFBSA,0.175859697322839,0.0141610202642614,True,up
WBGene00004894,4,1.0,PFBSA,0.28638698226841,0.0144417885823822,True,up
WBGene00016396,4,1.0,PFBSA,0.374806476565579,0.0144680540925751,True,up
WBGene00011171,4,0.9,PFBSA,0.627963892236389,0.0145983422950323,True,up
WBGene00015002,4,0.5333333333333333,PFBSA,0.619046086388382,0.0146455372516509,True,up
WBGene00014099,4,1.0,PFBSA,0.800837441847025,0.0148353221255159,True,up
WBGene00012185,4,1.0,PFBSA,1.12620620423027,0.0149435166422918,True,up
WBGene00011520,4,1.0,PFBSA,0.517292771607917,0.0149869396916146,True,up
WBGene00008777,4,0.9666666666666667,PFBSA,0.406701188322737,0.015058721768459,True,up
WBGene00015250,4,1.0,PFBSA,0.324422349941256,0.0152245380590591,True,up
WBGene00003561,4,1.0,PFBSA,0.355614151820596,0.0153240781094762,True,up
WBGene00004208,4,1.0,PFBSA,0.190668706787508,0.0153323081974363,True,up
WBGene00001172,4,1.0,PFBSA,0.300539776158232,0.0153568324139384,True,up
WBGene00008953,4,0.5666666666666667,PFBSA,0.528551590668687,0.0155010407514652,True,up
WBGene00011449,4,1.0,PFBSA,0.265666913260173,0.0157278671008314,True,up
WBGene00010700,4,0.9,PFBSA,0.34125270628663,0.0158155573691903,True,up
WBGene00009978,4,1.0,PFBSA,0.558568327873417,0.0159531882671367,True,up
WBGene00017609,4,1.0,PFBSA,0.890287529451879,0.0159900446055002,True,up
WBGene00016866,4,1.0,PFBSA,0.842827783026606,0.0160114996574179,True,up
WBGene00001574,4,1.0,PFBSA,0.206227577982649,0.0160786594891148,True,up
WBGene00021371,4,1.0,PFBSA,0.555636055483046,0.0161030884608933,True,up
WBGene00009049,4,0.9666666666666667,PFBSA,-0.295998812173232,0.0161030884608933,True,down
WBGene00002981,4,1.0,PFBSA,0.624565594039731,0.0161628713027245,True,up
WBGene00021858,4,1.0,PFBSA,1.18902873214099,0.016629613321019,True,up
WBGene00019831,4,1.0,PFBSA,0.266750691748145,0.0171551968444222,True,up
WBGene00019160,4,1.0,PFBSA,0.26676252787077,0.0172133160900675,True,up
WBGene00020200,4,1.0,PFBSA,0.728862621674828,0.0175811389153971,True,up
WBGene00012783,4,1.0,PFBSA,0.852858473202408,0.0181314397119971,True,up
WBGene00018274,4,1.0,PFBSA,0.451280530884036,0.0181907248532889,True,up
WBGene00004135,4,1.0,PFBSA,0.422758038097964,0.0184427061932146,True,up
WBGene00002048,4,1.0,PFBSA,0.390524683775216,0.0184427061932146,True,up
WBGene00003616,4,0.5666666666666667,PFBSA,0.367687804309635,0.0187091067588576,True,up
WBGene00007395,4,1.0,PFBSA,0.387129057238074,0.019021784355786,True,up
WBGene00003607,4,1.0,PFBSA,0.341976214173002,0.019270941409377,True,up
WBGene00044433,4,1.0,PFBSA,0.565757886559602,0.0194512528544749,True,up
WBGene00009384,4,1.0,PFBSA,1.23133911286293,0.0196124154763975,True,up
WBGene00003834,4,1.0,PFBSA,0.216446197013836,0.0197777464837966,True,up
WBGene00021629,4,1.0,PFBSA,0.32553179026008,0.0200339576582909,True,up
WBGene00013633,4,1.0,PFBSA,1.08013613282003,0.0202147005145984,True,up
WBGene00002024,4,1.0,PFBSA,0.410623415273305,0.0203619775550429,True,up
WBGene00007586,4,1.0,PFBSA,0.308784480335513,0.0206485082265592,True,up
WBGene00006881,4,1.0,PFBSA,0.423384929569315,0.0209835578948648,True,up
WBGene00019686,4,1.0,PFBSA,0.270488187044533,0.0214975458706052,True,up
WBGene00001487,4,0.9666666666666667,PFBSA,1.5914876333265,0.0218592932198553,True,up
WBGene00011392,4,1.0,PFBSA,0.24418621003554,0.0219200031597937,True,up
WBGene00001457,4,1.0,PFBSA,0.263557971036168,0.0219899284580812,True,up
WBGene00017158,4,0.5333333333333333,PFBSA,0.267739383702318,0.0221461060406976,True,up
WBGene00022139,4,1.0,PFBSA,0.1779994295513,0.0223514184982713,True,up
WBGene00000616,4,1.0,PFBSA,1.15874996167462,0.0226349434237633,True,up
WBGene00007467,4,1.0,PFBSA,0.680066705978692,0.0226436504073656,True,up
WBGene00002980,4,1.0,PFBSA,0.427287554022201,0.0226779734833041,True,up
WBGene00011292,4,1.0,PFBSA,0.44487077288067,0.0228252653221942,True,up
WBGene00000898,4,1.0,PFBSA,0.26603598465054,0.0232322280960168,True,up
WBGene00021369,4,1.0,PFBSA,0.312477930132929,0.0233509053992883,True,up
WBGene00022254,4,0.6333333333333333,PFBSA,0.291486887956436,0.0233509053992883,True,up
WBGene00011227,4,0.6333333333333333,PFBSA,0.302908885734272,0.0237607202309772,True,up
WBGene00018351,4,1.0,PFBSA,0.574425993226922,0.0242811761558966,True,up
WBGene00016935,4,0.6333333333333333,PFBSA,0.354093778863554,0.0246224172864025,True,up
WBGene00009439,4,1.0,PFBSA,0.509791279791159,0.0246487631177901,True,up
WBGene00003978,4,0.9666666666666667,PFBSA,0.266026774458064,0.0246638346954059,True,up
WBGene00003163,4,1.0,PFBSA,0.465242981115844,0.0254774158620309,True,up
WBGene00020806,4,1.0,PFBSA,0.413121744073737,0.0255881683841713,True,up
WBGene00005832,4,0.9666666666666667,PFBSA,0.278089911375929,0.0255881683841713,True,up
WBGene00008615,4,1.0,PFBSA,1.10532302295484,0.0256395273203089,True,up
WBGene00012148,4,1.0,PFBSA,0.385286625298188,0.0256977308794553,True,up
WBGene00019365,4,0.9333333333333333,PFBSA,0.250195313083692,0.0261205096500528,True,up
WBGene00012980,4,1.0,PFBSA,0.221400818415347,0.0263253043804317,True,up
WBGene00017430,4,1.0,PFBSA,0.35944167829542,0.0265297922672639,True,up
WBGene00015350,4,1.0,PFBSA,0.272406911821144,0.0267688628754028,True,up
WBGene00017834,4,1.0,PFBSA,0.502233360866422,0.027166826515386,True,up
WBGene00010546,4,1.0,PFBSA,0.22731437605825,0.0275732969800184,True,up
WBGene00020014,4,1.0,PFBSA,1.28315221152782,0.0278572447770029,True,up
WBGene00018953,4,1.0,PFBSA,0.228000566501748,0.0278572447770029,True,up
WBGene00017137,4,1.0,PFBSA,0.20800610923093,0.0278572447770029,True,up
WBGene00012945,4,1.0,PFBSA,0.918652034268842,0.0283348865046634,True,up
WBGene00003649,4,1.0,PFBSA,0.506971812692506,0.0283348865046634,True,up
WBGene00007492,4,1.0,PFBSA,0.180977872985466,0.0288998939862712,True,up
WBGene00000932,4,1.0,PFBSA,1.76738122003453,0.0296615471677325,True,up
WBGene00003740,4,1.0,PFBSA,0.506289707719262,0.0303107057955595,True,up
WBGene00008177,4,1.0,PFBSA,0.350936378779047,0.0303572318864054,True,up
WBGene00010041,4,1.0,PFBSA,0.535969725892073,0.030873617392616,True,up
WBGene00021237,4,1.0,PFBSA,0.224719699254464,0.0308928055493697,True,up
WBGene00015805,4,1.0,PFBSA,0.321590256733652,0.0310026678463307,True,up
WBGene00007900,4,1.0,PFBSA,0.380317377122484,0.0314483457059819,True,up
WBGene00016167,4,1.0,PFBSA,0.153402385888279,0.0315695316915926,True,up
WBGene00004144,4,1.0,PFBSA,0.840396152099635,0.0316479198404123,True,up
WBGene00012113,4,1.0,PFBSA,0.907874805641087,0.0316652663991991,True,up
WBGene00020886,4,1.0,PFBSA,0.383381666839115,0.031684662400389,True,up
WBGene00012776,4,1.0,PFBSA,0.45836174924445,0.0321350857922457,True,up
WBGene00004300,4,1.0,PFBSA,1.6322653842335,0.0321370310768988,True,up
WBGene00005654,4,1.0,PFBSA,1.14150156825143,0.0323794412209434,True,up
WBGene00011732,4,1.0,PFBSA,0.232068036299919,0.0327293656089539,True,up
WBGene00007980,4,0.9666666666666667,PFBSA,0.177262022951733,0.0328524264133428,True,up
WBGene00011899,4,1.0,PFBSA,0.427444702124629,0.0334696052269366,True,up
WBGene00006786,4,1.0,PFBSA,0.178469180790637,0.0336220095282073,True,up
WBGene00007958,4,1.0,PFBSA,0.698039723265735,0.0337042735176106,True,up
WBGene00270319,4,1.0,PFBSA,0.388973895145741,0.0339282833471782,True,up
WBGene00019612,4,0.9666666666666667,PFBSA,0.248997061772838,0.0339569884578081,True,up
WBGene00017786,4,1.0,PFBSA,0.269722860235346,0.0340206647884491,True,up
WBGene00019748,4,1.0,PFBSA,0.335731614926577,0.0341264141500214,True,up
WBGene00022115,4,1.0,PFBSA,0.322725140260009,0.0348966399854693,True,up
WBGene00021702,4,1.0,PFBSA,0.282193976922235,0.0348966399854693,True,up
WBGene00010290,4,1.0,PFBSA,0.268033430268192,0.0351597788917386,True,up
WBGene00020995,4,1.0,PFBSA,1.03048487694594,0.0354534956590507,True,up
WBGene00001548,4,1.0,PFBSA,0.570416534179334,0.0355712161463476,True,up
WBGene00002101,4,1.0,PFBSA,0.416010710956814,0.0357055786829063,True,up
WBGene00019232,4,0.9666666666666667,PFBSA,0.456081311596398,0.0360519784651281,True,up
WBGene00002192,4,0.9666666666666667,PFBSA,0.147518983880367,0.0360519784651281,True,up
WBGene00021610,4,1.0,PFBSA,0.517705790564095,0.0363113267360693,True,up
WBGene00013921,4,0.9666666666666667,PFBSA,0.30031418511761,0.0364498010863986,True,up
WBGene00001441,4,1.0,PFBSA,0.289982467495922,0.0364498010863986,True,up
WBGene00017291,4,1.0,PFBSA,0.356687102730525,0.0365920122573253,True,up
WBGene00011705,4,1.0,PFBSA,0.330998005672902,0.0366767942264308,True,up
WBGene00017504,4,1.0,PFBSA,0.430249473876802,0.0369120521100823,True,up
WBGene00007638,4,1.0,PFBSA,0.879907551793101,0.0370794941174679,True,up
WBGene00011074,4,1.0,PFBSA,0.606950775482254,0.0376705646089343,True,up
WBGene00018872,4,1.0,PFBSA,0.20978169561588,0.037872017735364,True,up
WBGene00011727,4,1.0,PFBSA,0.678833237448973,0.038257224008923,True,up
WBGene00015249,4,1.0,PFBSA,0.253892974366853,0.038257224008923,True,up
WBGene00000086,4,1.0,PFBSA,0.212381145227574,0.038257224008923,True,up
WBGene00018204,4,1.0,PFBSA,0.35668163721376,0.0384369340289597,True,up
WBGene00004037,4,1.0,PFBSA,0.346552249187025,0.0386473995083042,True,up
WBGene00013020,4,1.0,PFBSA,0.199047332785768,0.0386990700383256,True,up
WBGene00018747,4,0.9,PFBSA,0.750369665346595,0.0387552829787897,True,up
WBGene00016968,4,0.9666666666666667,PFBSA,0.201799541590578,0.0387552829787897,True,up
WBGene00003598,4,0.9666666666666667,PFBSA,0.166010931328334,0.038830660174767,True,up
WBGene00003678,4,1.0,PFBSA,0.227687907801374,0.0392125464221169,True,up
WBGene00016310,4,1.0,PFBSA,0.495163433909813,0.0392321753788297,True,up
WBGene00012794,4,1.0,PFBSA,0.244117125660345,0.0409050208307231,True,up
WBGene00019497,4,1.0,PFBSA,0.479517501798849,0.0410788830693213,True,up
WBGene00019536,4,0.9,PFBSA,0.364445679534531,0.0413923145852682,True,up
WBGene00008311,4,1.0,PFBSA,0.27235143584951,0.0413923145852682,True,up
WBGene00013144,4,1.0,PFBSA,0.256192128486165,0.0413923145852682,True,up
WBGene00011752,4,1.0,PFBSA,0.592811620161914,0.0427076495587145,True,up
WBGene00021456,4,0.9,PFBSA,0.232069441515714,0.0430178648385803,True,up
WBGene00020297,4,1.0,PFBSA,0.383157083092223,0.0431280778221765,True,up
WBGene00003558,4,1.0,PFBSA,0.260485314360513,0.0431401566323487,True,up
WBGene00016407,4,1.0,PFBSA,0.395275751559077,0.0435299296949202,True,up
WBGene00006683,4,1.0,PFBSA,0.238931801735179,0.0440076245031998,True,up
WBGene00006805,4,1.0,PFBSA,0.143076082832245,0.0443095649789487,True,up
WBGene00003749,4,0.7666666666666667,PFBSA,0.206756700110885,0.0448135329843218,True,up
WBGene00018485,4,1.0,PFBSA,0.246311346492565,0.0450145546854007,True,up
WBGene00045356,4,0.5333333333333333,PFBSA,1.1059005298938,0.0450184876010653,True,up
WBGene00007365,4,1.0,PFBSA,0.826035280084067,0.045553104371071,True,up
WBGene00020135,4,1.0,PFBSA,0.423625267261834,0.0471854040385463,True,up
WBGene00007555,4,1.0,PFBSA,0.236018296186566,0.0471854040385463,True,up
WBGene00002100,4,1.0,PFBSA,0.294605313401221,0.0473627884413525,True,up
WBGene00007730,4,1.0,PFBSA,0.320605179990211,0.0474230413779463,True,up
WBGene00011995,4,1.0,PFBSA,0.204788826719935,0.047740904471651,True,up
WBGene00010251,4,1.0,PFBSA,0.2728304757191,0.0479699542575585,True,up
WBGene00011018,4,1.0,PFBSA,0.213376819925816,0.0493371586799272,True,up
WBGene00018249,4,1.0,PFBSA,0.258911340027266,0.0495190517535763,True,up
WBGene00011304,4,1.0,PFBSA,0.312936801610376,0.0499085881830427,True,up
WBGene00013111,4,1.0,PFBSA,0.281280189386347,0.0499549220309204,True,up
WBGene00000490,4,0.9666666666666667,PFBSA,0.314063597444538,0.0501330811472572,False,up
WBGene00001803,4,1.0,PFBSA,0.437703410192435,0.0503872859637484,False,up
WBGene00011737,4,1.0,PFBSA,0.425870027900975,0.0506579990381785,False,up
WBGene00003423,4,1.0,PFBSA,0.157240512044754,0.051080567834469,False,up
WBGene00017385,4,1.0,PFBSA,0.193668277507562,0.0523743285337922,False,up
WBGene00004234,4,1.0,PFBSA,0.607901155525392,0.0527042195803187,False,up
WBGene00044686,4,1.0,PFBSA,0.26562459602678,0.0532678364966964,False,up
WBGene00018294,4,1.0,PFBSA,0.335698378581217,0.0546519847657044,False,up
WBGene00012204,4,0.7,PFBSA,0.159129891965306,0.0548406104407748,False,up
WBGene00001118,4,1.0,PFBSA,0.303266197717331,0.0549025556359236,False,up
WBGene00023407,4,0.9,PFBSA,0.64356299789983,0.0560196284444691,False,up
WBGene00000754,4,1.0,PFBSA,1.23215493959094,0.0568238243440162,False,up
WBGene00016044,4,1.0,PFBSA,0.368652271589338,0.0572352526619447,False,up
WBGene00004318,4,1.0,PFBSA,0.156070731549389,0.0572352526619447,False,up
WBGene00044640,4,1.0,PFBSA,0.302174037307597,0.0578316447553102,False,up
WBGene00012351,4,1.0,PFBSA,0.205191372553744,0.0581851489267887,False,up
WBGene00015251,4,1.0,PFBSA,0.637255960667068,0.0585683199301668,False,up
WBGene00006701,4,1.0,PFBSA,0.225579494577709,0.0585898229377396,False,up
WBGene00017303,4,1.0,PFBSA,0.674195858496036,0.0586157195127268,False,up
WBGene00003745,4,1.0,PFBSA,0.404696187904466,0.0586157195127268,False,up
WBGene00011839,4,1.0,PFBSA,0.459237102316158,0.0600386915590049,False,up
WBGene00015286,4,1.0,PFBSA,0.313099953438096,0.0602505024406777,False,up
WBGene00020229,4,1.0,PFBSA,0.216347144118581,0.0602505024406777,False,up
WBGene00009262,4,1.0,PFBSA,0.197619997691761,0.0603325287491156,False,up
WBGene00004249,4,1.0,PFBSA,0.43001136015445,0.0605984960182963,False,up
WBGene00015410,4,1.0,PFBSA,0.276583943052635,0.0607481242772825,False,up
WBGene00000900,4,1.0,PFBSA,0.162814719647845,0.0611163006395789,False,up
WBGene00001577,4,1.0,PFBSA,0.670371414205796,0.0613301411456894,False,up
WBGene00002112,4,0.9333333333333333,PFBSA,1.14798248773984,0.0617214537243905,False,up
WBGene00013485,4,1.0,PFBSA,0.516397695443031,0.0618078627322873,False,up
WBGene00007772,4,0.5666666666666667,PFBSA,0.187757333783043,0.0620930782591655,False,up
WBGene00012027,4,0.9333333333333333,PFBSA,0.712512984796859,0.0625557026774351,False,up
WBGene00000020,4,0.9333333333333333,PFBSA,0.185231944799097,0.0629408263671885,False,up
WBGene00019742,4,0.9,PFBSA,0.328034423657524,0.0632046142275176,False,up
WBGene00021808,4,1.0,PFBSA,0.221485234038353,0.0632771953258245,False,up
WBGene00007691,4,1.0,PFBSA,1.43694040501638,0.0636694856562216,False,up
WBGene00007592,4,0.5666666666666667,PFBSA,-0.262562096771231,0.063709986836046,False,down
WBGene00009842,4,1.0,PFBSA,0.417565063407013,0.0637983965554771,False,up
WBGene00009121,4,0.6666666666666666,PFBSA,0.278493803414915,0.0637983965554771,False,up
WBGene00022178,4,0.5666666666666667,PFBSA,0.383237265389287,0.0638408863536737,False,up
WBGene00006923,4,1.0,PFBSA,0.350937559321715,0.0638408863536737,False,up
WBGene00000095,4,1.0,PFBSA,0.150872056021445,0.0641219244588839,False,up
WBGene00016332,4,1.0,PFBSA,0.855954739442975,0.0642312273896253,False,up
WBGene00009957,4,0.9666666666666667,PFBSA,0.69995820721779,0.0644434730823862,False,up
WBGene00017726,4,0.9333333333333333,PFBSA,0.608731207749635,0.0645233671236373,False,up
WBGene00003741,4,1.0,PFBSA,0.230906255774098,0.065032827166942,False,up
WBGene00002992,4,1.0,PFBSA,0.339186662170361,0.0653716039193883,False,up
WBGene00014058,4,1.0,PFBSA,0.273491326431527,0.0654467616720033,False,up
WBGene00013711,4,1.0,PFBSA,0.211882470075252,0.0657496590198087,False,up
WBGene00086553,4,0.5333333333333333,PFBSA,0.796507961885311,0.0658872166806795,False,up
WBGene00007950,4,1.0,PFBSA,0.637178784375596,0.0658872166806795,False,up
WBGene00021482,4,1.0,PFBSA,0.235230757647048,0.0660890439453425,False,up
WBGene00015128,4,0.9333333333333333,PFBSA,0.202097937711625,0.0663497338284879,False,up
WBGene00010018,4,1.0,PFBSA,0.70087213478372,0.0673650898895126,False,up
WBGene00007881,4,1.0,PFBSA,0.329048461735593,0.0674163813386423,False,up
WBGene00003965,4,1.0,PFBSA,0.206134370029186,0.0679750274511836,False,up
WBGene00004138,4,1.0,PFBSA,0.285720556616234,0.0681377178408603,False,up
WBGene00016099,4,0.9666666666666667,PFBSA,0.604894049636916,0.0682707773343478,False,up
WBGene00006823,4,1.0,PFBSA,0.260943910607497,0.0684990396858202,False,up
WBGene00017304,4,1.0,PFBSA,0.560322215370546,0.0688955140908022,False,up
WBGene00012360,4,1.0,PFBSA,0.30652452743684,0.0692292304095094,False,up
WBGene00271795,4,1.0,PFBSA,0.570562951873182,0.0700142303060095,False,up
WBGene00013969,4,0.5666666666666667,PFBSA,-0.235913909551639,0.07015114285158,False,down
WBGene00008647,4,0.9666666666666667,PFBSA,0.937116216091356,0.0702905794043054,False,up
WBGene00007764,4,1.0,PFBSA,0.438359243241719,0.0703722282319541,False,up
WBGene00013802,4,0.8,PFBSA,0.469571783484939,0.0705787903254114,False,up
WBGene00003476,4,1.0,PFBSA,0.237120601079664,0.0706231859266489,False,up
WBGene00001671,4,1.0,PFBSA,0.539455570690367,0.0713217008944643,False,up
WBGene00018803,4,1.0,PFBSA,0.836184876366686,0.0715173241609696,False,up
WBGene00013882,4,1.0,PFBSA,0.368620721487871,0.0718601461167391,False,up
WBGene00004924,4,1.0,PFBSA,0.210041171779078,0.0731982732980675,False,up
WBGene00012100,4,1.0,PFBSA,0.202296957210244,0.0733992673553115,False,up
WBGene00018164,4,0.9333333333333333,PFBSA,0.183623340088318,0.0734075810703733,False,up
WBGene00016505,4,1.0,PFBSA,0.308701419102108,0.0734493298468205,False,up
WBGene00010848,4,1.0,PFBSA,0.407597340559448,0.0734641551444912,False,up
WBGene00006996,4,1.0,PFBSA,0.325996850714899,0.0741153763452457,False,up
WBGene00020555,4,0.6333333333333333,PFBSA,0.967301463864671,0.0751560882393492,False,up
WBGene00022439,4,1.0,PFBSA,1.53267310239111,0.0754945020249309,False,up
WBGene00004036,4,1.0,PFBSA,0.211844785024207,0.075527028637813,False,up
WBGene00006602,4,1.0,PFBSA,0.313511595983539,0.0757874516306747,False,up
WBGene00003149,4,1.0,PFBSA,0.125782119035482,0.0757915095434288,False,up
WBGene00021504,4,1.0,PFBSA,1.28613231090189,0.0758894085887672,False,up
WBGene00003063,4,1.0,PFBSA,0.256295699692353,0.0760837103298669,False,up
WBGene00003750,4,1.0,PFBSA,0.334483690094654,0.0770243174903215,False,up
WBGene00011944,4,1.0,PFBSA,0.258235986669402,0.0771763448642244,False,up
WBGene00044779,4,1.0,PFBSA,1.065459133219,0.0771780103508342,False,up
WBGene00012362,4,1.0,PFBSA,0.223556967969124,0.0772220776044577,False,up
WBGene00020301,4,1.0,PFBSA,0.15542473092471,0.0773607554982791,False,up
WBGene00001462,4,1.0,PFBSA,0.199210407184978,0.0780247183148312,False,up
WBGene00015889,4,0.8333333333333334,PFBSA,-0.946142862799946,0.0782247385539149,False,down
WBGene00013244,4,1.0,PFBSA,0.739557030829028,0.0785261976370754,False,up
WBGene00022643,4,1.0,PFBSA,1.08370693373439,0.0789880538038795,False,up
WBGene00014233,4,1.0,PFBSA,0.312369131169597,0.0792842820517697,False,up
WBGene00012005,4,1.0,PFBSA,0.215626121367942,0.0796620522998062,False,up
WBGene00010910,4,1.0,PFBSA,0.198553211138927,0.0799030207334237,False,up
WBGene00017865,4,1.0,PFBSA,0.550201963641826,0.0799332785755183,False,up
WBGene00012265,4,0.9666666666666667,PFBSA,0.825452924547648,0.080066625711995,False,up
WBGene00020706,4,1.0,PFBSA,0.234934145401384,0.0807535365114325,False,up
WBGene00018837,4,1.0,PFBSA,0.149225554082287,0.0807891373727894,False,up
WBGene00020114,4,1.0,PFBSA,0.137391101502112,0.080792222404067,False,up
WBGene00020595,4,1.0,PFBSA,0.52834271075384,0.0810583373523727,False,up
WBGene00044761,4,1.0,PFBSA,0.408978673769117,0.081299913209308,False,up
WBGene00017979,4,1.0,PFBSA,0.350562115359619,0.0815772184897266,False,up
WBGene00012182,4,1.0,PFBSA,0.243696795720891,0.0816406072086506,False,up
WBGene00016513,4,1.0,PFBSA,0.558067501204099,0.081825708799237,False,up
WBGene00015430,4,1.0,PFBSA,0.231393141133127,0.0819150664439001,False,up
WBGene00010977,4,0.6333333333333333,PFBSA,0.358515998127996,0.0820822145640989,False,up
WBGene00015232,4,0.9666666666666667,PFBSA,0.262241637292174,0.0823206536846194,False,up
WBGene00017031,4,1.0,PFBSA,0.215198722980648,0.082901183883654,False,up
WBGene00020740,4,1.0,PFBSA,0.300848368694449,0.0833908316587558,False,up
WBGene00004169,4,1.0,PFBSA,0.271423319842872,0.0833908316587558,False,up
WBGene00016111,4,1.0,PFBSA,1.19575498978391,0.0836250152165611,False,up
WBGene00007647,4,1.0,PFBSA,0.169914101125501,0.0853548867349506,False,up
WBGene00014096,4,1.0,PFBSA,0.11956373434043,0.0853638915301785,False,up
WBGene00022314,4,1.0,PFBSA,-0.515100195629083,0.0856596930519356,False,down
WBGene00016321,4,1.0,PFBSA,0.188479828528247,0.0857051979238687,False,up
WBGene00020092,4,1.0,PFBSA,0.247658205281087,0.0859695203599856,False,up
WBGene00020721,4,0.8666666666666667,PFBSA,-0.165108253274154,0.0859737781476184,False,down
WBGene00010028,4,0.9333333333333333,PFBSA,0.182889856941643,0.0860612123703964,False,up
WBGene00008832,4,1.0,PFBSA,0.21951265815456,0.0861005494751133,False,up
WBGene00009466,4,0.8333333333333334,PFBSA,0.331738797130281,0.0872502881413957,False,up
WBGene00008616,4,1.0,PFBSA,0.630291403656472,0.0874408403771634,False,up
WBGene00003368,4,0.9333333333333333,PFBSA,0.163218411117802,0.0874408403771634,False,up
WBGene00007547,4,0.5666666666666667,PFBSA,0.222842095721826,0.0876383743750593,False,up
WBGene00009801,4,1.0,PFBSA,0.270268957391713,0.0877969758361499,False,up
WBGene00016454,4,0.5333333333333333,PFBSA,0.166868446271836,0.0878581506741769,False,up
WBGene00006662,4,1.0,PFBSA,0.27412297394972,0.0880110918935232,False,up
WBGene00012366,4,1.0,PFBSA,0.162744346009536,0.0880376513405564,False,up
WBGene00011935,4,1.0,PFBSA,0.210375944588524,0.0881677350061618,False,up
WBGene00020930,4,0.9,PFBSA,0.145700987644941,0.0886410327600562,False,up
WBGene00003884,4,1.0,PFBSA,0.298628858290874,0.0893718484528805,False,up
WBGene00009594,4,1.0,PFBSA,0.147680102229778,0.0897486289678434,False,up
WBGene00017127,4,1.0,PFBSA,0.365953597613504,0.0897822073804462,False,up
WBGene00020736,4,1.0,PFBSA,0.31838516014543,0.0899821117913597,False,up
WBGene00015362,4,1.0,PFBSA,0.401367982896585,0.0900448267583733,False,up
WBGene00003680,4,1.0,PFBSA,0.403780471027756,0.090110652493254,False,up
WBGene00044418,4,1.0,PFBSA,0.265457428491461,0.0911504421547258,False,up
WBGene00003721,4,1.0,PFBSA,0.237540733088735,0.0918256992776756,False,up
WBGene00023417,4,1.0,PFBSA,0.384328302461283,0.0922871120378305,False,up
WBGene00010610,4,1.0,PFBSA,0.356176618398224,0.0923560749274301,False,up
WBGene00017724,4,1.0,PFBSA,0.461964700644374,0.0924890316504253,False,up
WBGene00001194,4,1.0,PFBSA,0.161460268845435,0.0930494671921183,False,up
WBGene00008628,4,1.0,PFBSA,0.270612315980742,0.0930707243609288,False,up
WBGene00021268,4,1.0,PFBSA,0.239671752091661,0.0933751163170293,False,up
WBGene00020462,4,1.0,PFBSA,0.161225035462764,0.0933751163170293,False,up
WBGene00011097,4,1.0,PFBSA,0.689544926929766,0.093395700534661,False,up
WBGene00017785,4,1.0,PFBSA,0.255745311218812,0.0936096571681359,False,up
WBGene00007055,4,1.0,PFBSA,0.211377492247902,0.0939556838770857,False,up
WBGene00022077,4,1.0,PFBSA,0.255469682968106,0.094070749585703,False,up
WBGene00021909,4,1.0,PFBSA,0.328076551319172,0.0943234068369296,False,up
WBGene00015633,4,1.0,PFBSA,0.375909872211201,0.0949967333515281,False,up
WBGene00000666,4,1.0,PFBSA,0.94677179230815,0.0951081539515948,False,up
WBGene00011060,4,1.0,PFBSA,0.409569519902242,0.0951108209490088,False,up
WBGene00004949,4,0.9666666666666667,PFBSA,0.172850531425845,0.0964660828538069,False,up
WBGene00012424,4,1.0,PFBSA,0.474713208767648,0.096798516360019,False,up
WBGene00020315,4,1.0,PFBSA,0.323648817832834,0.0983539676539354,False,up
WBGene00015393,4,0.9333333333333333,PFBSA,-0.260189283506164,0.0984702358366475,False,down
WBGene00000899,4,1.0,PFBSA,0.17283058362065,0.0986357384389665,False,up
WBGene00017478,4,1.0,PFBSA,0.36154146314721,0.09885116961484,False,up
WBGene00003003,4,0.6333333333333333,PFBSA,0.15308064725601,0.09885116961484,False,up
WBGene00008915,4,1.0,PFBSA,0.462405798952156,0.0991328368339691,False,up
WBGene00019436,4,1.0,PFBSA,0.485516513692879,0.0993896488960516,False,up
WBGene00009772,4,1.0,PFBSA,0.14442187903571,0.09986246682578,False,up
WBGene00004825,4,1.0,PFBSA,0.227956713897107,0.100560759869705,False,up
WBGene00020368,4,0.9333333333333333,PFBSA,0.184387305827134,0.100589215029923,False,up
WBGene00018590,4,1.0,PFBSA,0.200628974164374,0.101174676697483,False,up
WBGene00008229,4,1.0,PFBSA,0.236134133498444,0.102558364168796,False,up
WBGene00003583,4,1.0,PFBSA,0.256516136637393,0.102575584916476,False,up
WBGene00003876,4,1.0,PFBSA,0.288562679993429,0.102955569010938,False,up
WBGene00011479,4,0.5333333333333333,PFBSA,0.426945663512038,0.10313951249707,False,up
WBGene00020784,4,1.0,PFBSA,0.253975070077444,0.103860615951955,False,up
WBGene00006982,4,1.0,PFBSA,0.269707535388527,0.104104066771266,False,up
WBGene00018044,4,1.0,PFBSA,0.239292518675801,0.104720694869078,False,up
WBGene00015294,4,1.0,PFBSA,0.314330362830843,0.105263010879275,False,up
WBGene00015067,4,1.0,PFBSA,0.320827361935041,0.105623255373776,False,up
WBGene00012216,4,0.6666666666666666,PFBSA,0.355995633476955,0.105679340470407,False,up
WBGene00044977,4,1.0,PFBSA,0.591941997025307,0.105765037854684,False,up
WBGene00008018,4,1.0,PFBSA,0.239184064710112,0.106272029088855,False,up
WBGene00013899,4,1.0,PFBSA,0.344946182899818,0.106512259259483,False,up
WBGene00004145,4,1.0,PFBSA,0.404832815312606,0.107220629549752,False,up
WBGene00000978,4,1.0,PFBSA,0.334090108297097,0.107423623755619,False,up
WBGene00022386,4,1.0,PFBSA,0.310509177156302,0.107461743710328,False,up
WBGene00015501,4,1.0,PFBSA,0.147694956635225,0.107955752319381,False,up
WBGene00019284,4,1.0,PFBSA,0.466244390392002,0.108316707745378,False,up
WBGene00017039,4,1.0,PFBSA,0.240677499315759,0.108505174587316,False,up
WBGene00000286,4,1.0,PFBSA,0.22970887342408,0.108793819710172,False,up
WBGene00013560,4,1.0,PFBSA,0.274904522156359,0.109686697029126,False,up
WBGene00001955,4,1.0,PFBSA,0.187140669359025,0.109686697029126,False,up
WBGene00004751,4,0.9666666666666667,PFBSA,0.169101907376332,0.109686697029126,False,up
WBGene00004862,4,1.0,PFBSA,0.192716905391004,0.110478981517212,False,up
WBGene00016237,4,1.0,PFBSA,0.297848553089258,0.112464575683719,False,up
WBGene00003072,4,1.0,PFBSA,0.164894275638162,0.113126957373837,False,up
WBGene00013732,4,1.0,PFBSA,0.175136690538387,0.113172604027022,False,up
WBGene00011185,4,1.0,PFBSA,0.583622958675425,0.113868432469169,False,up
WBGene00008914,4,1.0,PFBSA,0.163559070253995,0.11467739953676,False,up
WBGene00000481,4,0.9,PFBSA,0.223121907211393,0.114872628356877,False,up
WBGene00021624,4,1.0,PFBSA,1.3375917993163,0.114976246683314,False,up
WBGene00015409,4,0.6666666666666666,PFBSA,0.397547877085005,0.115052943706059,False,up
WBGene00003599,4,1.0,PFBSA,0.209541893754022,0.117006274804157,False,up
WBGene00019902,4,0.8333333333333334,PFBSA,0.254801562198362,0.117032851106751,False,up
WBGene00007745,4,1.0,PFBSA,0.263654961768881,0.11718127128193,False,up
WBGene00003716,4,1.0,PFBSA,0.288760839609019,0.117521977308502,False,up
WBGene00003748,4,1.0,PFBSA,0.195393126323138,0.117521977308502,False,up
WBGene00018265,4,0.9666666666666667,PFBSA,0.240687358050836,0.117693316988391,False,up
WBGene00022383,4,1.0,PFBSA,0.782821084933925,0.11805116652702,False,up
WBGene00019166,4,1.0,PFBSA,0.207783853064476,0.11805116652702,False,up
WBGene00017045,4,1.0,PFBSA,0.274441856591746,0.119315970799491,False,up
WBGene00018731,4,1.0,PFBSA,0.501572561429954,0.120198392974846,False,up
WBGene00000509,4,1.0,PFBSA,0.188841267289285,0.121826192371723,False,up
WBGene00016289,4,1.0,PFBSA,0.154456708060732,0.122587213927883,False,up
WBGene00004286,4,1.0,PFBSA,0.198486896444442,0.123112975193249,False,up
WBGene00007898,4,0.9666666666666667,PFBSA,0.290784764525971,0.123903318744818,False,up
WBGene00008100,4,1.0,PFBSA,0.187109187465273,0.124184471162936,False,up
WBGene00016345,4,1.0,PFBSA,0.522852909764561,0.124489017929017,False,up
WBGene00011261,4,1.0,PFBSA,0.253685890659691,0.124723810161763,False,up
WBGene00007054,4,1.0,PFBSA,0.188464781830072,0.124938222132309,False,up
WBGene00007204,4,0.7666666666666667,PFBSA,0.648788273261583,0.125831922517558,False,up
WBGene00019301,4,1.0,PFBSA,0.109584180321048,0.125884872029217,False,up
WBGene00008149,4,1.0,PFBSA,-0.129186200287339,0.126365186723053,False,down
WBGene00001445,4,1.0,PFBSA,0.241687541591523,0.126574725523557,False,up
WBGene00006791,4,1.0,PFBSA,0.13238702991621,0.127750749136807,False,up
WBGene00012389,4,0.9666666666666667,PFBSA,0.151390118299889,0.127822599142586,False,up
WBGene00006983,4,0.9666666666666667,PFBSA,0.495276358074874,0.128020107332084,False,up
WBGene00003606,4,1.0,PFBSA,0.284676534900241,0.128750459040653,False,up
WBGene00007372,4,1.0,PFBSA,0.333587280225232,0.129539967087257,False,up
WBGene00010320,4,1.0,PFBSA,0.271630491677424,0.129539967087257,False,up
WBGene00017675,4,1.0,PFBSA,0.181349694809605,0.129612681106506,False,up
WBGene00044536,4,1.0,PFBSA,0.881935983464256,0.13015957837471,False,up
WBGene00000832,4,0.9333333333333333,PFBSA,0.121242233235666,0.130322561233655,False,up
WBGene00006372,4,1.0,PFBSA,0.23427161004878,0.130382708806208,False,up
WBGene00012282,4,0.9333333333333333,PFBSA,0.432914612954967,0.130725811715507,False,up
WBGene00016716,4,1.0,PFBSA,0.252264161619279,0.130783757494822,False,up
WBGene00002108,4,1.0,PFBSA,1.11314543293848,0.130882085181808,False,up
WBGene00021561,4,1.0,PFBSA,0.183233927465122,0.131851077258664,False,up
WBGene00045195,4,0.9,PFBSA,0.572467362122589,0.132057527997069,False,up
WBGene00018213,4,1.0,PFBSA,0.583551838584971,0.133437824168769,False,up
WBGene00004345,4,1.0,PFBSA,0.203715634406976,0.133930237703453,False,up
WBGene00016180,4,1.0,PFBSA,0.874533296698687,0.134034021356269,False,up
WBGene00007302,4,1.0,PFBSA,0.299812079685323,0.134034021356269,False,up
WBGene00004173,4,1.0,PFBSA,0.289079639582129,0.134424354583715,False,up
WBGene00000545,4,1.0,PFBSA,0.238148073271705,0.134943657043208,False,up
WBGene00004157,4,0.7,PFBSA,0.341476775384613,0.134947748710449,False,up
WBGene00044283,4,1.0,PFBSA,0.408072841069545,0.135745839548634,False,up
WBGene00008820,4,1.0,PFBSA,0.223249079746155,0.135745839548634,False,up
WBGene00018384,4,1.0,PFBSA,0.754300370418063,0.137369196709057,False,up
WBGene00014213,4,1.0,PFBSA,0.175202127569696,0.13885688438344,False,up
WBGene00007544,4,1.0,PFBSA,0.877864652352127,0.139838560772216,False,up
WBGene00010809,4,1.0,PFBSA,0.196450001667047,0.14007364237443,False,up
WBGene00001449,4,1.0,PFBSA,0.217197847547801,0.140435708564424,False,up
WBGene00011955,4,1.0,PFBSA,0.14497341566336,0.140435708564424,False,up
WBGene00195176,4,0.9,PFBSA,-0.258266029705638,0.141468894918162,False,down
WBGene00017748,4,1.0,PFBSA,0.266217999998438,0.14230434302101,False,up
WBGene00007666,4,1.0,PFBSA,0.22175265882085,0.143335832827823,False,up
WBGene00012777,4,1.0,PFBSA,0.429147210801432,0.143676465284122,False,up
WBGene00016269,4,1.0,PFBSA,-0.326833203588618,0.143676465284122,False,down
WBGene00001535,4,1.0,PFBSA,0.428819279403344,0.14456012182454,False,up
WBGene00017620,4,1.0,PFBSA,0.234555496575456,0.145450978655298,False,up
WBGene00008317,4,1.0,PFBSA,0.222463151141324,0.146415474520347,False,up
WBGene00018730,4,1.0,PFBSA,0.760968200674254,0.147082148588433,False,up
WBGene00010522,4,1.0,PFBSA,0.246199400509745,0.147305322603905,False,up
WBGene00001207,4,1.0,PFBSA,0.166412374719211,0.147508622607762,False,up
WBGene00015219,4,1.0,PFBSA,0.148464204912342,0.147548642697403,False,up
WBGene00010480,4,1.0,PFBSA,0.23400134712616,0.147665776590743,False,up
WBGene00020142,4,1.0,PFBSA,0.149567939280579,0.147665776590743,False,up
WBGene00007499,4,1.0,PFBSA,0.152896601217602,0.147825884954417,False,up
WBGene00015470,4,1.0,PFBSA,0.10339613330265,0.148140039007882,False,up
WBGene00021068,4,1.0,PFBSA,0.234726244956999,0.148167435411807,False,up
WBGene00009750,4,0.9333333333333333,PFBSA,0.797249258522722,0.149248050198564,False,up
WBGene00011623,4,1.0,PFBSA,1.11799804429503,0.149505497111989,False,up
WBGene00011966,4,1.0,PFBSA,0.378064470591015,0.149682364625592,False,up
WBGene00013382,4,1.0,PFBSA,0.214730878102432,0.150966962803253,False,up
WBGene00015751,4,1.0,PFBSA,0.354630747874271,0.151117325341517,False,up
WBGene00001403,4,1.0,PFBSA,0.162953050256416,0.152304985404015,False,up
WBGene00017950,4,1.0,PFBSA,0.300116033144153,0.15311841599776,False,up
WBGene00020562,4,1.0,PFBSA,0.184584275020583,0.1533279781197,False,up
WBGene00013499,4,1.0,PFBSA,0.361107067158102,0.15352730077732,False,up
WBGene00009809,4,1.0,PFBSA,0.396959488480032,0.153556231851044,False,up
WBGene00019747,4,1.0,PFBSA,0.140122296944954,0.15365953199657,False,up
WBGene00015675,4,1.0,PFBSA,0.40399375151711,0.154101924188674,False,up
WBGene00003582,4,1.0,PFBSA,0.142095553820138,0.154214697157149,False,up
WBGene00019854,4,0.9666666666666667,PFBSA,0.521001116841044,0.15513734629736,False,up
WBGene00003861,4,1.0,PFBSA,0.47816478039699,0.155544954253116,False,up
WBGene00016128,4,1.0,PFBSA,0.174856075954846,0.155634271253792,False,up
WBGene00015776,4,1.0,PFBSA,0.4623433274403,0.156220015101459,False,up
WBGene00019780,4,1.0,PFBSA,0.490617878645384,0.156481170195532,False,up
WBGene00021036,4,1.0,PFBSA,0.125961240305537,0.156987476409654,False,up
WBGene00004095,4,1.0,PFBSA,0.10261249388391,0.157003461373362,False,up
WBGene00000530,4,0.9,PFBSA,-0.264347855315781,0.15791710289313,False,down
WBGene00011284,4,1.0,PFBSA,-0.303666714143814,0.158243201648985,False,down
WBGene00017961,4,0.9,PFBSA,0.256578763266172,0.158632997672466,False,up
WBGene00000273,4,1.0,PFBSA,0.336428546797416,0.158856438936372,False,up
WBGene00019427,4,1.0,PFBSA,0.156716260007766,0.159424634849677,False,up
WBGene00012412,4,1.0,PFBSA,0.983654642767984,0.159478639762055,False,up
WBGene00001852,4,1.0,PFBSA,0.807699325806644,0.159833703045805,False,up
WBGene00004945,4,1.0,PFBSA,0.131867362647557,0.159912176624609,False,up
WBGene00023415,4,1.0,PFBSA,0.272177289286786,0.160390089174157,False,up
WBGene00008897,4,0.5666666666666667,PFBSA,1.14107813651488,0.160902205385577,False,up
WBGene00013498,4,1.0,PFBSA,0.847364289251358,0.160902205385577,False,up
WBGene00009797,4,1.0,PFBSA,0.149421580876489,0.160902205385577,False,up
WBGene00019840,4,1.0,PFBSA,0.360320900082903,0.161457441189864,False,up
WBGene00002232,4,1.0,PFBSA,0.183081201895891,0.161497377165186,False,up
WBGene00004038,4,1.0,PFBSA,0.162896597110211,0.164480594253162,False,up
WBGene00003654,4,1.0,PFBSA,0.233062982929635,0.165321035299969,False,up
WBGene00011639,4,1.0,PFBSA,0.171600558853411,0.16595200498615,False,up
WBGene00017190,4,0.9333333333333333,PFBSA,0.191714462500431,0.166659364541946,False,up
WBGene00013632,4,0.9333333333333333,PFBSA,0.190467804433432,0.167596036952421,False,up
WBGene00011561,4,0.6666666666666666,PFBSA,0.25502153667177,0.16854056216406,False,up
WBGene00021157,4,0.9333333333333333,PFBSA,0.656874149821488,0.1686274524507,False,up
WBGene00021876,4,1.0,PFBSA,0.582729807256315,0.1686274524507,False,up
WBGene00012140,4,1.0,PFBSA,0.436648443824797,0.1686274524507,False,up
WBGene00015857,4,1.0,PFBSA,0.411703706190035,0.1686274524507,False,up
WBGene00016366,4,1.0,PFBSA,0.29118230705459,0.1686274524507,False,up
WBGene00011328,4,1.0,PFBSA,0.247515745622083,0.168645093589713,False,up
WBGene00021333,4,1.0,PFBSA,0.280154691531777,0.169139089122015,False,up
WBGene00015926,4,1.0,PFBSA,0.102653165445165,0.17054481229208,False,up
WBGene00014013,4,1.0,PFBSA,0.16097042167523,0.170726050669353,False,up
WBGene00044182,4,0.5666666666666667,PFBSA,0.863055967030048,0.171448858569119,False,up
WBGene00020007,4,0.7666666666666667,PFBSA,0.458926297860829,0.171590530229035,False,up
WBGene00004128,4,1.0,PFBSA,0.137282961615698,0.171630482533744,False,up
WBGene00007860,4,0.9333333333333333,PFBSA,0.139854625783744,0.17272869766293,False,up
WBGene00006654,4,0.9,PFBSA,0.448043349543986,0.17277079919194,False,up
WBGene00016845,4,1.0,PFBSA,0.874083110708043,0.173890222539911,False,up
WBGene00011953,4,1.0,PFBSA,0.114212121135814,0.174565096802615,False,up
WBGene00044348,4,1.0,PFBSA,0.576004855920729,0.174580358153129,False,up
WBGene00013242,4,1.0,PFBSA,0.154120420677431,0.175087713020377,False,up
WBGene00004013,4,0.5666666666666667,PFBSA,0.181025715249348,0.175193575380245,False,up
WBGene00022012,4,1.0,PFBSA,-0.670395470688645,0.176349143161976,False,down
WBGene00013898,4,1.0,PFBSA,0.508979055254091,0.176418153349523,False,up
WBGene00017342,4,1.0,PFBSA,0.20572966803601,0.176680079728252,False,up
WBGene00022284,4,1.0,PFBSA,0.220400553355505,0.176685394239922,False,up
WBGene00008040,4,1.0,PFBSA,0.476721909839039,0.1770203805543,False,up
WBGene00020334,4,1.0,PFBSA,0.144869465573975,0.1770203805543,False,up
WBGene00011433,4,0.9666666666666667,PFBSA,0.153060584941564,0.177710621586843,False,up
WBGene00013577,4,1.0,PFBSA,0.11936133151791,0.177920813063356,False,up
WBGene00007886,4,1.0,PFBSA,0.310290246460913,0.179647027290499,False,up
WBGene00004879,4,1.0,PFBSA,0.153338558050057,0.179647027290499,False,up
WBGene00008412,4,1.0,PFBSA,0.305334589456374,0.180080110374197,False,up
WBGene00021843,4,1.0,PFBSA,0.217271573215827,0.180482727402205,False,up
WBGene00010945,4,1.0,PFBSA,0.421566046081716,0.181287437719131,False,up
WBGene00010864,4,0.8,PFBSA,0.270109059350153,0.183221678236569,False,up
WBGene00007545,4,1.0,PFBSA,0.135551904450375,0.18503057893205,False,up
WBGene00004384,4,1.0,PFBSA,0.138203431694642,0.185333294681722,False,up
WBGene00011692,4,1.0,PFBSA,0.394424190894993,0.185655859864877,False,up
WBGene00018288,4,1.0,PFBSA,0.320004554695146,0.185953659440487,False,up
WBGene00003591,4,1.0,PFBSA,0.271813390876886,0.187681849558458,False,up
WBGene00006594,4,0.9333333333333333,PFBSA,0.113102097499602,0.188974844544123,False,up
WBGene00008666,4,1.0,PFBSA,0.156465352912177,0.190560115347772,False,up
WBGene00006614,4,0.6333333333333333,PFBSA,0.150669256178053,0.190560115347772,False,up
WBGene00019636,4,1.0,PFBSA,0.470803149613442,0.190622849477136,False,up
WBGene00044697,4,0.7333333333333333,PFBSA,-0.567955879961833,0.190723616548382,False,down
WBGene00011270,4,1.0,PFBSA,0.127436785545006,0.191301261063189,False,up
WBGene00006450,4,0.9666666666666667,PFBSA,0.115534598751743,0.193601872734602,False,up
WBGene00015434,4,1.0,PFBSA,0.255075979630933,0.193616660600867,False,up
WBGene00001517,4,0.8,PFBSA,0.216502655851592,0.196498492883973,False,up
WBGene00022324,4,1.0,PFBSA,1.0862800823685,0.196535105673352,False,up
WBGene00004231,4,1.0,PFBSA,0.770572039634807,0.196676846593112,False,up
WBGene00017547,4,1.0,PFBSA,0.165092070463896,0.196800310607426,False,up
WBGene00006321,4,0.9666666666666667,PFBSA,0.148615919654468,0.198010828098436,False,up
WBGene00022078,4,1.0,PFBSA,0.230276211141621,0.198297669631873,False,up
WBGene00003619,4,1.0,PFBSA,0.179211359506564,0.198365812362345,False,up
WBGene00001512,4,0.9666666666666667,PFBSA,0.232656170383071,0.198826530500197,False,up
WBGene00018281,4,0.5333333333333333,PFBSA,0.215011248274282,0.199852704784582,False,up
WBGene00020427,4,0.7333333333333333,PFBSA,0.189897408801997,0.202194420296638,False,up
WBGene00017811,4,1.0,PFBSA,0.16155225982667,0.202728226788886,False,up
WBGene00004237,4,1.0,PFBSA,-0.148680034657155,0.204676366595942,False,down
WBGene00006755,4,1.0,PFBSA,0.117388333962082,0.205031088999444,False,up
WBGene00008926,4,1.0,PFBSA,0.443612613005357,0.20514712543132,False,up
WBGene00022026,4,1.0,PFBSA,0.219170289335475,0.205552116647808,False,up
WBGene00018150,4,1.0,PFBSA,0.167868407278041,0.205786442332617,False,up
WBGene00019906,4,1.0,PFBSA,0.811663160158741,0.206209705199479,False,up
WBGene00007992,4,0.9333333333333333,PFBSA,1.06648710249116,0.208225519859188,False,up
WBGene00003685,4,1.0,PFBSA,0.169036232932094,0.2085178743926,False,up
WBGene00001160,4,1.0,PFBSA,0.188780014917714,0.209799315417888,False,up
WBGene00012440,4,0.9,PFBSA,0.154831660805653,0.209974598472511,False,up
WBGene00016500,4,1.0,PFBSA,0.23729465071418,0.211498652895541,False,up
WBGene00000553,4,1.0,PFBSA,0.143845160372345,0.212593995053018,False,up
WBGene00003544,4,1.0,PFBSA,0.345000510503633,0.213029802267919,False,up
WBGene00018561,4,0.9666666666666667,PFBSA,0.40641181092878,0.213250453202243,False,up
WBGene00017850,4,0.9,PFBSA,0.21401349609178,0.213250453202243,False,up
WBGene00017951,4,0.9666666666666667,PFBSA,0.119520532511005,0.213307033284274,False,up
WBGene00044311,4,0.9666666666666667,PFBSA,0.304177760304904,0.214109261796843,False,up
WBGene00006431,4,1.0,PFBSA,0.274906668041617,0.214715028479443,False,up
WBGene00008343,4,1.0,PFBSA,0.215223810170677,0.216516500920806,False,up
WBGene00008779,4,1.0,PFBSA,0.423960512579622,0.216906689987379,False,up
WBGene00010232,4,1.0,PFBSA,0.132800510793023,0.218222947100234,False,up
WBGene00000793,4,1.0,PFBSA,0.159263937293411,0.218497165255083,False,up
WBGene00020219,4,1.0,PFBSA,0.488891846225826,0.219152760486387,False,up
WBGene00019461,4,1.0,PFBSA,1.00942279216951,0.220679031775507,False,up
WBGene00022048,4,1.0,PFBSA,0.141846532144275,0.221049791207582,False,up
WBGene00015076,4,1.0,PFBSA,0.447404432700713,0.221056086433996,False,up
WBGene00000016,4,1.0,PFBSA,0.190871830087227,0.222069361392396,False,up
WBGene00022718,4,1.0,PFBSA,0.13300735654461,0.222406962008209,False,up
WBGene00012703,4,1.0,PFBSA,0.303952573239861,0.222629958930773,False,up
WBGene00021019,4,1.0,PFBSA,0.278601472307939,0.22285500730949,False,up
WBGene00018732,4,1.0,PFBSA,0.298888266776175,0.223226853042757,False,up
WBGene00001621,4,0.9666666666666667,PFBSA,-0.160496175088471,0.224391434531624,False,down
WBGene00022233,4,1.0,PFBSA,0.17198956617129,0.224761274892566,False,up
WBGene00001519,4,1.0,PFBSA,0.132476368118394,0.224761274892566,False,up
WBGene00002889,4,0.6333333333333333,PFBSA,0.124535781079473,0.225048921520328,False,up
WBGene00009050,4,1.0,PFBSA,0.233922247525912,0.225747091858829,False,up
WBGene00014004,4,1.0,PFBSA,0.185133966320939,0.22616324253699,False,up
WBGene00015202,4,1.0,PFBSA,0.6696004683167,0.226837211097353,False,up
WBGene00020887,4,1.0,PFBSA,0.229359892652646,0.228534337945894,False,up
WBGene00001591,4,1.0,PFBSA,0.601590766226646,0.228704354194439,False,up
WBGene00013222,4,1.0,PFBSA,0.216382534797072,0.228773713280361,False,up
WBGene00010730,4,1.0,PFBSA,0.137833361744497,0.22885339681993,False,up
WBGene00018216,4,1.0,PFBSA,0.173546983524732,0.228918926285577,False,up
WBGene00003739,4,1.0,PFBSA,0.160177456029573,0.229776271103537,False,up
WBGene00012987,4,1.0,PFBSA,0.156262594207301,0.230993150488958,False,up
WBGene00007408,4,1.0,PFBSA,0.407118484826312,0.232405831761269,False,up
WBGene00013326,4,0.7666666666666667,PFBSA,0.163680236078244,0.233220242934962,False,up
WBGene00000820,4,1.0,PFBSA,0.413063717637966,0.23325815103082,False,up
WBGene00016406,4,1.0,PFBSA,0.239565801364856,0.233265465022741,False,up
WBGene00000403,4,1.0,PFBSA,0.147036771705343,0.233265465022741,False,up
WBGene00004921,4,1.0,PFBSA,0.116277627153192,0.234331878062995,False,up
WBGene00009399,4,1.0,PFBSA,0.320358260023939,0.234699630447675,False,up
WBGene00020170,4,1.0,PFBSA,0.524984323440754,0.23486939769555,False,up
WBGene00016974,4,0.9333333333333333,PFBSA,-0.227159018567971,0.235164010729292,False,down
WBGene00007883,4,1.0,PFBSA,0.184136266428001,0.236428862095535,False,up
WBGene00003822,4,1.0,PFBSA,0.138683144140099,0.236925464181327,False,up
WBGene00011854,4,1.0,PFBSA,0.270227513626791,0.237416826410017,False,up
WBGene00007016,4,1.0,PFBSA,0.111654810635351,0.238464026291547,False,up
WBGene00022401,4,1.0,PFBSA,0.12301680770611,0.238510866574637,False,up
WBGene00016404,4,1.0,PFBSA,-0.182263031917446,0.241487090630964,False,down
WBGene00015809,4,1.0,PFBSA,0.154494466783611,0.242661468832194,False,up
WBGene00003700,4,1.0,PFBSA,0.315008728505774,0.242667821656522,False,up
WBGene00006441,4,0.6666666666666666,PFBSA,0.166280407049925,0.244821556192951,False,up
WBGene00005657,4,0.9666666666666667,PFBSA,0.598538909836535,0.245664144357058,False,up
WBGene00007200,4,1.0,PFBSA,0.272583922859913,0.24629424333468,False,up
WBGene00007075,4,0.9,PFBSA,0.192799793397433,0.24749184736184,False,up
WBGene00009380,4,1.0,PFBSA,0.230303110921951,0.248465106041732,False,up
WBGene00021281,4,1.0,PFBSA,0.109383753734651,0.248596445077216,False,up
WBGene00018952,4,0.9666666666666667,PFBSA,0.200435994405996,0.25124583203613,False,up
WBGene00002195,4,1.0,PFBSA,0.241759093235207,0.25228390142916,False,up
WBGene00009663,4,0.7666666666666667,PFBSA,-0.345286998389923,0.25228390142916,False,down
WBGene00009386,4,1.0,PFBSA,0.374887457692234,0.252772307913195,False,up
WBGene00010010,4,0.9,PFBSA,0.257751910174845,0.253661867156219,False,up
WBGene00017692,4,1.0,PFBSA,0.340341845944979,0.254597357389919,False,up
WBGene00016929,4,0.9333333333333333,PFBSA,0.995933825821295,0.254882035289571,False,up
WBGene00013926,4,1.0,PFBSA,0.336179072740335,0.255526790206387,False,up
WBGene00017901,4,1.0,PFBSA,0.204816030474184,0.256147311984836,False,up
WBGene00016368,4,1.0,PFBSA,0.278052204669293,0.257169530107798,False,up
WBGene00018564,4,1.0,PFBSA,0.230238500840292,0.25730346926474,False,up
WBGene00020030,4,0.9333333333333333,PFBSA,0.176025619846821,0.257339343452734,False,up
WBGene00006103,4,1.0,PFBSA,0.575759204979603,0.258287067835368,False,up
WBGene00011733,4,1.0,PFBSA,0.50912521256841,0.259791675138058,False,up
WBGene00002990,4,0.5666666666666667,PFBSA,0.132252552978477,0.259793493426027,False,up
WBGene00007957,4,0.9333333333333333,PFBSA,0.387083263573495,0.259920195771356,False,up
WBGene00016734,4,1.0,PFBSA,0.200631954939371,0.26005187410922,False,up
WBGene00022748,4,1.0,PFBSA,0.0929334182932166,0.261269330115603,False,up
WBGene00018729,4,1.0,PFBSA,0.285241459838192,0.262589319239854,False,up
WBGene00017760,4,1.0,PFBSA,0.0812473932056608,0.262866267265485,False,up
WBGene00004740,4,1.0,PFBSA,0.127136577751209,0.264171867706471,False,up
WBGene00018285,4,1.0,PFBSA,0.0973365944764194,0.264224443976493,False,up
WBGene00011931,4,1.0,PFBSA,0.328022213676369,0.265142630714388,False,up
WBGene00007219,4,1.0,PFBSA,0.175524460884762,0.266365282224166,False,up
WBGene00022635,4,1.0,PFBSA,0.139242076975591,0.266819361754167,False,up
WBGene00003697,4,1.0,PFBSA,0.281398951631724,0.267591967948002,False,up
WBGene00006716,4,0.9333333333333333,PFBSA,0.333302910864889,0.267924551285449,False,up
WBGene00001177,4,1.0,PFBSA,0.0866057742391269,0.267924551285449,False,up
WBGene00019305,4,1.0,PFBSA,0.111362404608587,0.268318313043981,False,up
WBGene00008531,4,0.9333333333333333,PFBSA,0.127334593245199,0.270319430521059,False,up
WBGene00004380,4,1.0,PFBSA,0.367310809402222,0.270684493485252,False,up
WBGene00014077,4,1.0,PFBSA,0.268032053113239,0.270988952469888,False,up
WBGene00019816,4,1.0,PFBSA,0.184613103789955,0.271090276262581,False,up
WBGene00004272,4,1.0,PFBSA,-0.0953988208300468,0.27110151518386,False,down
WBGene00008886,4,1.0,PFBSA,0.648325078973278,0.27263282966285,False,up
WBGene00001858,4,1.0,PFBSA,0.388895156496607,0.27263282966285,False,up
WBGene00003209,4,1.0,PFBSA,0.131498360841524,0.27263282966285,False,up
WBGene00194695,4,0.9333333333333333,PFBSA,0.623190439481038,0.27488167798959,False,up
WBGene00015433,4,1.0,PFBSA,0.485811262507814,0.27499547197225,False,up
WBGene00012866,4,0.9,PFBSA,-0.402328175248449,0.275313583528403,False,down
WBGene00010642,4,1.0,PFBSA,0.247770229735688,0.275905063557039,False,up
WBGene00303423,4,1.0,PFBSA,0.36102162925815,0.276596047666198,False,up
WBGene00006523,4,1.0,PFBSA,0.103762730226778,0.2767223065044,False,up
WBGene00006762,4,1.0,PFBSA,0.162278841500609,0.277964440003648,False,up
WBGene00206522,4,0.5666666666666667,PFBSA,0.262645917482241,0.279399895696047,False,up
WBGene00003689,4,0.9666666666666667,PFBSA,-0.353432859577864,0.280740679549875,False,down
WBGene00008444,4,1.0,PFBSA,0.166682754595038,0.281327923176312,False,up
WBGene00006697,4,1.0,PFBSA,0.121445966534531,0.281579467416304,False,up
WBGene00005533,4,0.8,PFBSA,0.457866996993197,0.282018714080074,False,up
WBGene00010655,4,0.9666666666666667,PFBSA,0.448644190610572,0.282666520027407,False,up
WBGene00006663,4,1.0,PFBSA,0.136817089793959,0.283600002404527,False,up
WBGene00011100,4,1.0,PFBSA,0.292840108050545,0.284256121164527,False,up
WBGene00010440,4,1.0,PFBSA,0.185385711467342,0.285806571250859,False,up
WBGene00010072,4,1.0,PFBSA,0.709389248081745,0.285851856375149,False,up
WBGene00021253,4,1.0,PFBSA,0.193467870668081,0.286510178986352,False,up
WBGene00008971,4,1.0,PFBSA,0.258030611195413,0.286818217078745,False,up
WBGene00010871,4,1.0,PFBSA,0.310585730966161,0.287878631164731,False,up
WBGene00003640,4,0.9666666666666667,PFBSA,0.202972931501283,0.287942551720385,False,up
WBGene00015278,4,1.0,PFBSA,0.167975864299747,0.288156037147354,False,up
WBGene00012824,4,0.9333333333333333,PFBSA,0.268095936873314,0.288232836506122,False,up
WBGene00016842,4,1.0,PFBSA,0.289466600628109,0.289064962447222,False,up
WBGene00019781,4,1.0,PFBSA,0.166422740098325,0.289163483641695,False,up
WBGene00003151,4,0.9333333333333333,PFBSA,0.102851993153023,0.290325107413579,False,up
WBGene00009850,4,0.9666666666666667,PFBSA,0.174123381425908,0.291310365384931,False,up
WBGene00013548,4,1.0,PFBSA,0.213962675617836,0.291545385310096,False,up
WBGene00010870,4,0.9333333333333333,PFBSA,0.168752898657883,0.293205213896233,False,up
WBGene00018145,4,1.0,PFBSA,0.157089209626291,0.294253798927009,False,up
WBGene00000233,4,1.0,PFBSA,0.212621203103162,0.295460396768104,False,up
WBGene00012466,4,1.0,PFBSA,0.214117809273401,0.295896710775879,False,up
WBGene00017644,4,0.9333333333333333,PFBSA,0.180805062595232,0.296350475591547,False,up
WBGene00010045,4,1.0,PFBSA,0.254213341556647,0.298015989969239,False,up
WBGene00021469,4,1.0,PFBSA,0.269496831486703,0.298091780227386,False,up
WBGene00007911,4,1.0,PFBSA,0.626989051537856,0.298129610201184,False,up
WBGene00000366,4,1.0,PFBSA,0.087512892384572,0.298410409966615,False,up
WBGene00009140,4,1.0,PFBSA,0.184474964134774,0.298871843573652,False,up
WBGene00017968,4,0.9333333333333333,PFBSA,0.187051119707181,0.299804948714101,False,up
WBGene00013750,4,0.8,PFBSA,0.363383373599451,0.301238312202233,False,up
WBGene00007945,4,0.5666666666666667,PFBSA,0.248887330208314,0.301634092919071,False,up
WBGene00022540,4,0.9666666666666667,PFBSA,0.478417760998119,0.302053164640909,False,up
WBGene00003403,4,1.0,PFBSA,0.378612406125815,0.302175945061271,False,up
WBGene00002133,4,1.0,PFBSA,0.296212552389547,0.302298594659961,False,up
WBGene00016751,4,1.0,PFBSA,0.150277800032343,0.302939066769752,False,up
WBGene00010174,4,1.0,PFBSA,0.258008065368,0.303054466809918,False,up
WBGene00019666,4,1.0,PFBSA,0.152799451105023,0.30365992216126,False,up
WBGene00002265,4,1.0,PFBSA,0.375031214565054,0.305146219148576,False,up
WBGene00011344,4,1.0,PFBSA,0.167152591987796,0.305174736002562,False,up
WBGene00011400,4,1.0,PFBSA,0.395553817268628,0.3053550600439,False,up
WBGene00011310,4,1.0,PFBSA,0.286488282512108,0.306777987137332,False,up
WBGene00009374,4,1.0,PFBSA,0.237823217424192,0.306866144704761,False,up
WBGene00009093,4,1.0,PFBSA,0.20044408589997,0.30849448878269,False,up
WBGene00002069,4,1.0,PFBSA,0.322857583668597,0.308732086393463,False,up
WBGene00021011,4,1.0,PFBSA,0.914798941401461,0.30879568575624,False,up
WBGene00011817,4,1.0,PFBSA,0.353599043064148,0.309925853777904,False,up
WBGene00009660,4,1.0,PFBSA,0.256609258294854,0.311107089904693,False,up
WBGene00007990,4,0.5666666666666667,PFBSA,0.758880655117473,0.311381229200188,False,up
WBGene00015204,4,0.5333333333333333,PFBSA,0.123705475583932,0.311381229200188,False,up
WBGene00021493,4,1.0,PFBSA,0.191659373992011,0.311934496618838,False,up
WBGene00020510,4,0.9666666666666667,PFBSA,0.145328342037413,0.31204862398825,False,up
WBGene00011286,4,1.0,PFBSA,0.446661544218739,0.312595478204128,False,up
WBGene00019204,4,0.9333333333333333,PFBSA,0.170284089156186,0.313508130492092,False,up
WBGene00006439,4,1.0,PFBSA,0.1160652298223,0.315667023607932,False,up
WBGene00019995,4,0.5666666666666667,PFBSA,0.149870261524637,0.316335763896617,False,up
WBGene00016693,4,1.0,PFBSA,1.40601841701386,0.316730213492134,False,up
WBGene00005000,4,1.0,PFBSA,0.19763720414681,0.316884439119257,False,up
WBGene00021439,4,1.0,PFBSA,0.179179812251248,0.317399988668615,False,up
WBGene00004182,4,1.0,PFBSA,0.146378284352216,0.318208739033818,False,up
WBGene00007227,4,1.0,PFBSA,0.0930963554183814,0.319597967727577,False,up
WBGene00017195,4,1.0,PFBSA,0.125139773276412,0.320016477882126,False,up
WBGene00003778,4,1.0,PFBSA,0.682053099174256,0.320318594162569,False,up
WBGene00016017,4,0.7666666666666667,PFBSA,0.758612006337415,0.320574128013118,False,up
WBGene00015056,4,1.0,PFBSA,0.194973194331891,0.321421806521213,False,up
WBGene00045516,4,1.0,PFBSA,0.273925903855806,0.323733733365316,False,up
WBGene00019733,4,1.0,PFBSA,0.0919757937527392,0.326939809891056,False,up
WBGene00012117,4,0.9666666666666667,PFBSA,0.178604155556339,0.327837967921394,False,up
WBGene00003626,4,1.0,PFBSA,0.146154320934586,0.328662616913845,False,up
WBGene00011331,4,1.0,PFBSA,0.124404909372623,0.328760916058396,False,up
WBGene00236809,4,0.7666666666666667,PFBSA,0.423141680457014,0.329863803287007,False,up
WBGene00021382,4,0.5666666666666667,PFBSA,0.382138721925954,0.331200258881127,False,up
WBGene00009068,4,1.0,PFBSA,0.222907255235488,0.331418044068678,False,up
WBGene00000103,4,1.0,PFBSA,0.10197204450951,0.331418044068678,False,up
WBGene00015704,4,0.5666666666666667,PFBSA,0.142299165676781,0.3315846093138,False,up
WBGene00016465,4,0.5666666666666667,PFBSA,0.748243852307766,0.33244296983931,False,up
WBGene00014989,4,0.6,PFBSA,0.157456857008151,0.332975112934235,False,up
WBGene00017792,4,1.0,PFBSA,0.164942552835571,0.333786265156212,False,up
WBGene00020163,4,1.0,PFBSA,0.235161012279322,0.337474831805156,False,up
WBGene00007855,4,1.0,PFBSA,0.219265577932661,0.337876137892238,False,up
WBGene00020777,4,1.0,PFBSA,0.222013644882393,0.339008842109685,False,up
WBGene00004727,4,1.0,PFBSA,0.153477454606227,0.339153673770831,False,up
WBGene00019665,4,1.0,PFBSA,0.253764283802654,0.342079327808513,False,up
WBGene00012254,4,0.6666666666666666,PFBSA,0.622308718343833,0.343524540560816,False,up
WBGene00017502,4,1.0,PFBSA,0.8190072743973,0.346188586284711,False,up
WBGene00019357,4,1.0,PFBSA,0.244305988453524,0.346188586284711,False,up
WBGene00003693,4,1.0,PFBSA,0.195436662785677,0.346806515122042,False,up
WBGene00001394,4,1.0,PFBSA,0.184052183679878,0.34701456880898,False,up
WBGene00001109,4,1.0,PFBSA,0.310392996513293,0.347095264160105,False,up
WBGene00004083,4,1.0,PFBSA,0.165813201795948,0.34726990224489,False,up
WBGene00010872,4,1.0,PFBSA,0.130487194410666,0.349477143177755,False,up
WBGene00019313,4,1.0,PFBSA,0.284144745038463,0.349820289457636,False,up
WBGene00013734,4,1.0,PFBSA,0.143203710004706,0.352040752494458,False,up
WBGene00017353,4,1.0,PFBSA,0.206266452458311,0.352191510085994,False,up
WBGene00006767,4,0.5666666666666667,PFBSA,0.122762534052838,0.354305215283088,False,up
WBGene00011026,4,1.0,PFBSA,-0.181040275990413,0.354770855062829,False,down
WBGene00001395,4,1.0,PFBSA,0.153889266291131,0.355107951463936,False,up
WBGene00000788,4,1.0,PFBSA,0.231318670988599,0.355485995018699,False,up
WBGene00017274,4,1.0,PFBSA,0.0914726107347638,0.35809196634009,False,up
WBGene00007470,4,0.6333333333333333,PFBSA,0.39417525071552,0.358750794492549,False,up
WBGene00021185,4,1.0,PFBSA,0.176733382200984,0.35963486758,False,up
WBGene00007973,4,1.0,PFBSA,0.375355250034675,0.359890596644687,False,up
WBGene00018508,4,1.0,PFBSA,0.134444519937414,0.360372702690103,False,up
WBGene00019872,4,1.0,PFBSA,0.138359460661675,0.361267968885926,False,up
WBGene00015346,4,1.0,PFBSA,0.0990381737183941,0.361302744059165,False,up
WBGene00014198,4,1.0,PFBSA,0.2954612017224,0.363498891311247,False,up
WBGene00001133,4,0.9333333333333333,PFBSA,0.450182086667106,0.36501292545899,False,up
WBGene00009534,4,1.0,PFBSA,0.184440503869448,0.36501292545899,False,up
WBGene00007421,4,1.0,PFBSA,0.278157331447511,0.365813475783944,False,up
WBGene00012641,4,1.0,PFBSA,0.143722984975439,0.365982644320796,False,up
WBGene00007206,4,0.9666666666666667,PFBSA,0.318453505466581,0.366680503689131,False,up
WBGene00020861,4,0.9666666666666667,PFBSA,0.216351718908514,0.366765133002521,False,up
WBGene00017894,4,0.7666666666666667,PFBSA,0.201585577000205,0.366952209995988,False,up
WBGene00019750,4,1.0,PFBSA,0.245455337295858,0.367773852375094,False,up
WBGene00008198,4,1.0,PFBSA,0.160353814302265,0.368495332080225,False,up
WBGene00016448,4,1.0,PFBSA,0.157715968789123,0.368495332080225,False,up
WBGene00020699,4,1.0,PFBSA,0.631685485928714,0.369065183094035,False,up
WBGene00016115,4,1.0,PFBSA,0.127895297882884,0.370415552228067,False,up
WBGene00022781,4,0.5666666666666667,PFBSA,-0.103388079244375,0.370415552228067,False,down
WBGene00015040,4,0.6,PFBSA,0.451003194891776,0.370424385360386,False,up
WBGene00011146,4,1.0,PFBSA,0.178867374020893,0.372041099848615,False,up
WBGene00009738,4,0.6,PFBSA,0.156689938987261,0.374124471152969,False,up
WBGene00016046,4,1.0,PFBSA,-0.32905457106747,0.374412831869999,False,down
WBGene00008980,4,1.0,PFBSA,0.139451765009127,0.374414395094569,False,up
WBGene00004168,4,1.0,PFBSA,0.249310275648839,0.375535137863153,False,up
WBGene00015650,4,1.0,PFBSA,0.209330742346255,0.375568022585518,False,up
WBGene00020096,4,0.9,PFBSA,0.109274275144754,0.376860137327872,False,up
WBGene00012383,4,1.0,PFBSA,0.410476905476719,0.377578722777178,False,up
WBGene00022306,4,1.0,PFBSA,0.0834057592543949,0.378490699775898,False,up
WBGene00043297,4,1.0,PFBSA,0.285792831847854,0.37868157986591,False,up
WBGene00000092,4,0.8,PFBSA,0.117823021222376,0.379901398257971,False,up
WBGene00006660,4,1.0,PFBSA,0.239775075605048,0.380325782865187,False,up
WBGene00009578,4,1.0,PFBSA,0.169085696760563,0.381565985637062,False,up
WBGene00002233,4,0.6333333333333333,PFBSA,0.127250329065542,0.382514412416826,False,up
WBGene00045336,4,0.9666666666666667,PFBSA,0.226229729802778,0.38258110649066,False,up
WBGene00000911,4,1.0,PFBSA,0.0791755894479744,0.383300542039138,False,up
WBGene00009743,4,0.9333333333333333,PFBSA,0.30451242228072,0.383590586603452,False,up
WBGene00004023,4,1.0,PFBSA,0.203715758382554,0.383590586603452,False,up
WBGene00006621,4,0.6,PFBSA,0.356894174578724,0.383824382745319,False,up
WBGene00007091,4,1.0,PFBSA,0.0924450510759308,0.383824382745319,False,up
WBGene00001439,4,1.0,PFBSA,0.132986321880796,0.384001322786552,False,up
WBGene00021855,4,1.0,PFBSA,0.13263396216853,0.384026535201797,False,up
WBGene00016768,4,0.7333333333333333,PFBSA,-0.152616718816954,0.38792503354833,False,down
WBGene00012128,4,1.0,PFBSA,0.272849341110283,0.387988292379618,False,up
WBGene00013595,4,1.0,PFBSA,0.107946421844853,0.388029399720979,False,up
WBGene00021975,4,0.9,PFBSA,0.208381394734967,0.390245369850617,False,up
WBGene00015921,4,0.9333333333333333,PFBSA,0.242245175074438,0.390490274201615,False,up
WBGene00001479,4,1.0,PFBSA,0.27632261457224,0.392965630186093,False,up
WBGene00021862,4,1.0,PFBSA,0.875491496407417,0.394012845522844,False,up
WBGene00021965,4,0.7333333333333333,PFBSA,0.317707023468109,0.394012845522844,False,up
WBGene00006599,4,1.0,PFBSA,0.0759996826973387,0.395079332239105,False,up
WBGene00018349,4,1.0,PFBSA,0.100930023713951,0.3957779641003,False,up
WBGene00016919,4,1.0,PFBSA,0.24878981405708,0.397957523945189,False,up
WBGene00005818,4,1.0,PFBSA,0.439213676773983,0.39809316445676,False,up
WBGene00012221,4,1.0,PFBSA,0.170300514882875,0.398756463989483,False,up
WBGene00015935,4,0.9666666666666667,PFBSA,0.149337821890813,0.401706368781623,False,up
WBGene00000102,4,1.0,PFBSA,-0.137829125932538,0.401790992416858,False,down
WBGene00000503,4,1.0,PFBSA,0.316820639001182,0.402460948719948,False,up
WBGene00011189,4,1.0,PFBSA,0.183942649101625,0.403614358180992,False,up
WBGene00002086,4,0.9333333333333333,PFBSA,0.267340511426511,0.404879051851433,False,up
WBGene00009236,4,0.9666666666666667,PFBSA,0.640549688943404,0.40721607691705,False,up
WBGene00003510,4,1.0,PFBSA,0.12822337619242,0.408910632793104,False,up
WBGene00194692,4,1.0,PFBSA,0.230827883812075,0.409017067380888,False,up
WBGene00016865,4,1.0,PFBSA,0.185946592193792,0.410769573820107,False,up
WBGene00020407,4,1.0,PFBSA,0.172707916278287,0.41148729832964,False,up
WBGene00022039,4,1.0,PFBSA,-0.455340366618537,0.411990164175714,False,down
WBGene00016985,4,0.5333333333333333,PFBSA,0.440954438092981,0.412867286014687,False,up
WBGene00007345,4,1.0,PFBSA,0.275900530163867,0.413411221354383,False,up
WBGene00001911,4,1.0,PFBSA,0.130175327185704,0.41780818229651,False,up
WBGene00022280,4,1.0,PFBSA,0.0920581709847081,0.419081213621306,False,up
WBGene00008876,4,1.0,PFBSA,0.116921877037746,0.419688163071268,False,up
WBGene00001059,4,1.0,PFBSA,0.540853456833343,0.421057651768236,False,up
WBGene00000797,4,0.6666666666666666,PFBSA,0.283482020200006,0.422415031336007,False,up
WBGene00000100,4,0.9666666666666667,PFBSA,0.0814358446272587,0.424282177323674,False,up
WBGene00015811,4,1.0,PFBSA,0.149770637304971,0.426993799034414,False,up
WBGene00011540,4,1.0,PFBSA,0.203268101462895,0.42872971244146,False,up
WBGene00016187,4,0.5666666666666667,PFBSA,0.650904963394719,0.430636588442892,False,up
WBGene00010348,4,1.0,PFBSA,0.276103674844333,0.433201641027601,False,up
WBGene00002036,4,1.0,PFBSA,0.0761956281891607,0.433374468382074,False,up
WBGene00044615,4,0.7,PFBSA,0.204122663627376,0.433615291046177,False,up
WBGene00019294,4,1.0,PFBSA,0.152350851626058,0.435685744554982,False,up
WBGene00044167,4,1.0,PFBSA,0.322943392485854,0.436594824591865,False,up
WBGene00018763,4,0.9666666666666667,PFBSA,0.204696613835526,0.43704265252241,False,up
WBGene00018018,4,1.0,PFBSA,0.0663698532708933,0.43704265252241,False,up
WBGene00004926,4,1.0,PFBSA,0.104551803007777,0.437651446096052,False,up
WBGene00008530,4,1.0,PFBSA,0.113997515765116,0.438812305579717,False,up
WBGene00001184,4,1.0,PFBSA,0.126025337449047,0.440643079466759,False,up
WBGene00020153,4,1.0,PFBSA,0.23738687424044,0.441670102425467,False,up
WBGene00018413,4,1.0,PFBSA,0.256506030467638,0.442438433307192,False,up
WBGene00015993,4,1.0,PFBSA,0.94653879881973,0.443175849179466,False,up
WBGene00016097,4,1.0,PFBSA,0.239137963696842,0.44326300331833,False,up
WBGene00010484,4,1.0,PFBSA,0.186695725790355,0.444825346398922,False,up
WBGene00002253,4,1.0,PFBSA,0.186037529576993,0.444825346398922,False,up
WBGene00002176,4,0.6666666666666666,PFBSA,0.0982741719471501,0.445602053082072,False,up
WBGene00194855,4,0.9333333333333333,PFBSA,0.230592166142402,0.446273155711242,False,up
WBGene00007295,4,0.9,PFBSA,0.275180247339554,0.446352389534686,False,up
WBGene00001193,4,1.0,PFBSA,0.114295676804375,0.447257649907073,False,up
WBGene00013900,4,1.0,PFBSA,0.508171717872742,0.451314225752048,False,up
WBGene00001053,4,0.9666666666666667,PFBSA,0.157805032058237,0.452160494900624,False,up
WBGene00000370,4,0.9666666666666667,PFBSA,-0.108587658425382,0.452633370214892,False,down
WBGene00008211,4,1.0,PFBSA,0.343602869418043,0.454037982635652,False,up
WBGene00005602,4,1.0,PFBSA,0.344918181401033,0.458530678141347,False,up
WBGene00001560,4,1.0,PFBSA,0.190978248097718,0.462171785367103,False,up
WBGene00010264,4,0.9333333333333333,PFBSA,0.113775928050265,0.463142902548572,False,up
WBGene00019614,4,0.5666666666666667,PFBSA,0.307287196637747,0.467766220191869,False,up
WBGene00019170,4,1.0,PFBSA,0.109573646590053,0.46804509102063,False,up
WBGene00044078,4,1.0,PFBSA,0.133332421601988,0.468904321824362,False,up
WBGene00017306,4,1.0,PFBSA,0.22371919759302,0.470061759082486,False,up
WBGene00008760,4,0.7666666666666667,PFBSA,0.109105335886097,0.470316454937149,False,up
WBGene00001463,4,1.0,PFBSA,0.111693140845098,0.472531061010607,False,up
WBGene00019827,4,1.0,PFBSA,0.101767161895315,0.473499164686308,False,up
WBGene00011098,4,0.9666666666666667,PFBSA,0.362504692338602,0.475544638812787,False,up
WBGene00021057,4,0.9333333333333333,PFBSA,0.0726731157877175,0.477022028156305,False,up
WBGene00044568,4,0.5333333333333333,PFBSA,0.173984153371265,0.477958768573664,False,up
WBGene00016602,4,1.0,PFBSA,-0.0741386227025811,0.479474834309848,False,down
WBGene00003858,4,1.0,PFBSA,0.0974533311816844,0.47968745179173,False,up
WBGene00000583,4,1.0,PFBSA,0.200255128398794,0.479819822357436,False,up
WBGene00013448,4,1.0,PFBSA,0.131141537585132,0.480242320003632,False,up
WBGene00011517,4,1.0,PFBSA,0.22318049880524,0.481479958216362,False,up
WBGene00020827,4,1.0,PFBSA,0.111620758754651,0.484268971937399,False,up
WBGene00003653,4,1.0,PFBSA,0.215814231454294,0.484768057658517,False,up
WBGene00015476,4,1.0,PFBSA,0.176088446425758,0.488153749546006,False,up
WBGene00010188,4,0.6333333333333333,PFBSA,0.154539621747822,0.488782872394883,False,up
WBGene00021637,4,0.5333333333333333,PFBSA,0.0724182194474461,0.488782872394883,False,up
WBGene00012868,4,1.0,PFBSA,0.071056623933063,0.489916133118699,False,up
WBGene00012585,4,1.0,PFBSA,0.430211768440333,0.490772374610388,False,up
WBGene00001081,4,1.0,PFBSA,0.0801191725213672,0.491471421557455,False,up
WBGene00014081,4,1.0,PFBSA,0.168533332982142,0.49295909463856,False,up
WBGene00001670,4,1.0,PFBSA,0.459388931383827,0.493185498429983,False,up
WBGene00016303,4,0.9666666666666667,PFBSA,0.35598754878721,0.493236840705604,False,up
WBGene00015494,4,1.0,PFBSA,0.0867495318132362,0.493499850829651,False,up
WBGene00004100,4,1.0,PFBSA,0.194633550719342,0.494734843685708,False,up
WBGene00015642,4,0.9333333333333333,PFBSA,0.0911229465603295,0.5000372851899,False,up
WBGene00003617,4,1.0,PFBSA,0.218604137882747,0.500588814299281,False,up
WBGene00019289,4,0.9666666666666667,PFBSA,0.0995103484351262,0.501982571423029,False,up
WBGene00017671,4,1.0,PFBSA,0.089440290341161,0.505438940321315,False,up
WBGene00022798,4,1.0,PFBSA,-0.109880761906861,0.50584310732356,False,down
WBGene00021586,4,0.8,PFBSA,0.576693672838072,0.508139916446621,False,up
WBGene00001796,4,1.0,PFBSA,-0.145429249702514,0.508184273216724,False,down
WBGene00019837,4,0.6333333333333333,PFBSA,0.142014857856596,0.509386431486601,False,up
WBGene00012306,4,1.0,PFBSA,0.0936311171466915,0.511187124642736,False,up
WBGene00010110,4,1.0,PFBSA,0.132030057879552,0.511460246192147,False,up
WBGene00011099,4,1.0,PFBSA,0.292123402922316,0.511650269836488,False,up
WBGene00004317,4,1.0,PFBSA,0.0893831857676646,0.513505831516746,False,up
WBGene00013578,4,1.0,PFBSA,0.143163736601335,0.51618082211073,False,up
WBGene00014053,4,1.0,PFBSA,1.0411070325756,0.517543386160095,False,up
WBGene00016109,4,0.7666666666666667,PFBSA,0.33938480640671,0.517543386160095,False,up
WBGene00017653,4,1.0,PFBSA,0.137598726254809,0.518797138504882,False,up
WBGene00009985,4,1.0,PFBSA,0.303364193525609,0.518851356878627,False,up
WBGene00020593,4,1.0,PFBSA,0.127961307726774,0.519003923881943,False,up
WBGene00002111,4,1.0,PFBSA,0.22508063171619,0.520788509632537,False,up
WBGene00020764,4,1.0,PFBSA,0.273273578835909,0.521674922150402,False,up
WBGene00017582,4,1.0,PFBSA,0.190432349355333,0.522474009622907,False,up
WBGene00019719,4,1.0,PFBSA,0.178110956759717,0.522474009622907,False,up
WBGene00015748,4,1.0,PFBSA,0.255245916733812,0.523615569145868,False,up
WBGene00019298,4,1.0,PFBSA,0.110169204963368,0.526012314802404,False,up
WBGene00019998,4,1.0,PFBSA,0.18279895570698,0.526073170582115,False,up
WBGene00003609,4,1.0,PFBSA,0.0850159873755303,0.527470187564143,False,up
WBGene00017545,4,0.5666666666666667,PFBSA,0.535677145246781,0.528175468278757,False,up
WBGene00011103,4,0.8333333333333334,PFBSA,0.37773237597955,0.530381941995721,False,up
WBGene00002163,4,1.0,PFBSA,0.192271301937117,0.532706750286882,False,up
WBGene00019280,4,1.0,PFBSA,0.214394231537692,0.533012106847898,False,up
WBGene00012116,4,0.7333333333333333,PFBSA,0.205566855703269,0.533012106847898,False,up
WBGene00006415,4,1.0,PFBSA,0.0665986013331531,0.53769420636693,False,up
WBGene00003698,4,1.0,PFBSA,-0.19938799265172,0.540390805169771,False,down
WBGene00016456,4,1.0,PFBSA,0.0847956314700567,0.540686024775866,False,up
WBGene00004122,4,1.0,PFBSA,0.101667546479109,0.540815916295062,False,up
WBGene00219283,4,1.0,PFBSA,0.605979011273755,0.541988323012429,False,up
WBGene00002997,4,1.0,PFBSA,0.100351993145351,0.5428157427711,False,up
WBGene00008357,4,1.0,PFBSA,-0.0955608305750427,0.545407670367114,False,down
WBGene00015549,4,1.0,PFBSA,0.507888292969819,0.545715993994158,False,up
WBGene00002240,4,1.0,PFBSA,0.096698736288322,0.546510506710425,False,up
WBGene00003038,4,0.9666666666666667,PFBSA,0.11086431340374,0.547105570500737,False,up
WBGene00019421,4,1.0,PFBSA,-0.302281467042608,0.550432669880343,False,down
WBGene00012919,4,0.5333333333333333,PFBSA,0.498155035602161,0.551634663546157,False,up
WBGene00021060,4,0.9666666666666667,PFBSA,0.140292979856954,0.551634663546157,False,up
WBGene00019263,4,1.0,PFBSA,0.112464514226651,0.551634663546157,False,up
WBGene00010427,4,1.0,PFBSA,0.0724582276297062,0.551638584889765,False,up
WBGene00012444,4,1.0,PFBSA,0.122114088880383,0.552087806975452,False,up
WBGene00013806,4,1.0,PFBSA,0.193757377747829,0.553081676168452,False,up
WBGene00007892,4,0.6333333333333333,PFBSA,0.0984774043793968,0.557762733278916,False,up
WBGene00044280,4,1.0,PFBSA,0.17994159808538,0.560634124265262,False,up
WBGene00015063,4,1.0,PFBSA,0.125418634798609,0.56129700231703,False,up
WBGene00005191,4,0.9666666666666667,PFBSA,0.472189841247067,0.561302375058968,False,up
WBGene00012194,4,0.5666666666666667,PFBSA,0.0885824862284208,0.561407345131746,False,up
WBGene00012907,4,1.0,PFBSA,0.112948366824958,0.561408986212307,False,up
WBGene00015479,4,1.0,PFBSA,0.213470941480458,0.562291761777991,False,up
WBGene00003632,4,1.0,PFBSA,0.125419982474481,0.563296294397574,False,up
WBGene00012339,4,1.0,PFBSA,0.116757784653206,0.563361111279187,False,up
WBGene00006578,4,1.0,PFBSA,0.107687262725481,0.564019065292995,False,up
WBGene00021089,4,1.0,PFBSA,0.163503406573631,0.564207976979586,False,up
WBGene00001476,4,1.0,PFBSA,0.154475990993304,0.564286049526645,False,up
WBGene00021497,4,1.0,PFBSA,0.0867466866072026,0.565078987665677,False,up
WBGene00022392,4,0.9,PFBSA,0.301389668412449,0.565082266163916,False,up
WBGene00007414,4,1.0,PFBSA,0.191286617141864,0.568804336241479,False,up
WBGene00021922,4,1.0,PFBSA,0.0890553896632767,0.568804336241479,False,up
WBGene00006607,4,1.0,PFBSA,0.0617407955116471,0.572735481028064,False,up
WBGene00008204,4,1.0,PFBSA,0.138549415739616,0.573353643581282,False,up
WBGene00017659,4,1.0,PFBSA,0.396116041276869,0.573831405440828,False,up
WBGene00304788,4,0.9,PFBSA,0.351025590196857,0.5744311659622,False,up
WBGene00007749,4,1.0,PFBSA,0.150133453849567,0.577727215757038,False,up
WBGene00008315,4,0.5666666666666667,PFBSA,0.198177579778145,0.57853730364804,False,up
WBGene00003966,4,1.0,PFBSA,0.0975192476205663,0.578726090111639,False,up
WBGene00020209,4,1.0,PFBSA,0.0666437134407323,0.579979786071668,False,up
WBGene00004132,4,1.0,PFBSA,0.0445976501262679,0.580906455216241,False,up
WBGene00002129,4,0.9666666666666667,PFBSA,0.0885210403657652,0.583965233675695,False,up
WBGene00008006,4,0.9333333333333333,PFBSA,0.0645235897425985,0.583974983347948,False,up
WBGene00001460,4,1.0,PFBSA,0.0861023983569803,0.590401701447295,False,up
WBGene00003014,4,1.0,PFBSA,-0.0662877416688722,0.592068272090628,False,down
WBGene00008021,4,0.9666666666666667,PFBSA,0.125585756028442,0.592754152249148,False,up
WBGene00004057,4,1.0,PFBSA,0.0595470723662647,0.59275761221582,False,up
WBGene00001707,4,1.0,PFBSA,0.12001135193498,0.593823682023767,False,up
WBGene00001564,4,1.0,PFBSA,0.346345271603548,0.594330138086782,False,up
WBGene00000169,4,1.0,PFBSA,-0.152630460577309,0.594330138086782,False,down
WBGene00006732,4,1.0,PFBSA,0.0986888724176402,0.595206584300337,False,up
WBGene00003712,4,0.5666666666666667,PFBSA,0.114076480741898,0.595233384207579,False,up
WBGene00011698,4,0.9333333333333333,PFBSA,-0.252548185762118,0.597528120301934,False,down
WBGene00001674,4,0.9,PFBSA,0.082398436710115,0.59872337162174,False,up
WBGene00007923,4,0.5666666666666667,PFBSA,0.0916603848814888,0.600007230909243,False,up
WBGene00006392,4,1.0,PFBSA,0.0808928507373697,0.600061939223956,False,up
WBGene00009296,4,1.0,PFBSA,0.351691608229806,0.600307397694301,False,up
WBGene00016796,4,1.0,PFBSA,0.130574337322291,0.600599281238236,False,up
WBGene00003684,4,1.0,PFBSA,0.129477188399912,0.601366816800881,False,up
WBGene00017484,4,1.0,PFBSA,0.389107795267668,0.604040973003201,False,up
WBGene00022500,4,1.0,PFBSA,0.0837086787872064,0.60509513814838,False,up
WBGene00014175,4,1.0,PFBSA,0.158993285217194,0.605596716526409,False,up
WBGene00003562,4,1.0,PFBSA,0.462464867042056,0.605999541571538,False,up
WBGene00013039,4,1.0,PFBSA,0.0739874207047787,0.607463515670344,False,up
WBGene00006949,4,1.0,PFBSA,-0.0911189413667577,0.607463515670344,False,down
WBGene00016138,4,1.0,PFBSA,-0.108447508836644,0.607463515670344,False,down
WBGene00016596,4,0.5666666666666667,PFBSA,0.320078052518799,0.607956092081168,False,up
WBGene00014021,4,1.0,PFBSA,0.116287130761953,0.607956092081168,False,up
WBGene00004271,4,1.0,PFBSA,0.0706625140712744,0.607956092081168,False,up
WBGene00017557,4,1.0,PFBSA,0.0806280733962615,0.608306931592646,False,up
WBGene00001837,4,0.9333333333333333,PFBSA,0.0562864343137287,0.610039649772047,False,up
WBGene00008515,4,1.0,PFBSA,0.109926276683079,0.610300556764618,False,up
WBGene00007007,4,1.0,PFBSA,0.0618270676931355,0.610425429375609,False,up
WBGene00006753,4,1.0,PFBSA,0.0404017463837997,0.612010678758384,False,up
WBGene00020225,4,0.5333333333333333,PFBSA,-0.446486901009663,0.612474821070296,False,down
WBGene00021693,4,1.0,PFBSA,0.141241840427983,0.613250419925809,False,up
WBGene00012668,4,1.0,PFBSA,0.14051941538098,0.614572872653218,False,up
WBGene00021598,4,1.0,PFBSA,0.319154436027281,0.615629443014186,False,up
WBGene00000980,4,1.0,PFBSA,0.131881446191764,0.616219300258689,False,up
WBGene00012435,4,0.9,PFBSA,0.143570623902793,0.6167710388557,False,up
WBGene00013317,4,1.0,PFBSA,0.0845102265994931,0.617732250503977,False,up
WBGene00019102,4,0.9,PFBSA,0.0686611404254155,0.617906294133152,False,up
WBGene00001547,4,0.9666666666666667,PFBSA,0.133616531510396,0.618243105837094,False,up
WBGene00022717,4,1.0,PFBSA,0.0553206335228524,0.618243105837094,False,up
WBGene00010037,4,1.0,PFBSA,0.0507557772538293,0.619102898434074,False,up
WBGene00194641,4,1.0,PFBSA,0.153221386921981,0.621198050651651,False,up
WBGene00019651,4,0.9333333333333333,PFBSA,0.162118697085944,0.622978162597779,False,up
WBGene00010955,4,0.6333333333333333,PFBSA,0.920480675479756,0.624038403428623,False,up
WBGene00007226,4,1.0,PFBSA,0.0782242566656445,0.624131233768953,False,up
WBGene00018375,4,1.0,PFBSA,0.447223350681995,0.624612257692005,False,up
WBGene00002041,4,1.0,PFBSA,0.0853851881444208,0.625823406190069,False,up
WBGene00008830,4,0.9333333333333333,PFBSA,0.119707958015776,0.626471264943792,False,up
WBGene00001461,4,1.0,PFBSA,0.096773601785608,0.626790060870307,False,up
WBGene00015497,4,1.0,PFBSA,0.191499125357713,0.627553114269605,False,up
WBGene00017128,4,0.6333333333333333,PFBSA,-0.0978075193800017,0.627870861840718,False,down
WBGene00003589,4,1.0,PFBSA,0.0988144140890864,0.62872483476689,False,up
WBGene00004897,4,1.0,PFBSA,0.0474743867776294,0.62872483476689,False,up
WBGene00009164,4,1.0,PFBSA,0.0732617766033426,0.629178607349646,False,up
WBGene00000542,4,1.0,PFBSA,0.0603417467173941,0.629336251376942,False,up
WBGene00001145,4,1.0,PFBSA,0.0551525527870832,0.633078278912084,False,up
WBGene00009804,4,1.0,PFBSA,0.0745851883393265,0.633584488619274,False,up
WBGene00007722,4,1.0,PFBSA,0.150953633439988,0.634293279545397,False,up
WBGene00008576,4,1.0,PFBSA,0.0861703255631937,0.636831721942465,False,up
WBGene00008356,4,1.0,PFBSA,0.0556392170523861,0.636831721942465,False,up
WBGene00008225,4,1.0,PFBSA,0.0791983066977308,0.63887952807177,False,up
WBGene00008859,4,1.0,PFBSA,0.114250075565677,0.64029454169156,False,up
WBGene00019844,4,0.7,PFBSA,0.094186953861903,0.642202349848392,False,up
WBGene00009975,4,1.0,PFBSA,0.0565560773965257,0.643417557952309,False,up
WBGene00012554,4,1.0,PFBSA,0.0760626225381175,0.645549548795019,False,up
WBGene00011251,4,0.5333333333333333,PFBSA,0.153775443675834,0.645632245130816,False,up
WBGene00016504,4,1.0,PFBSA,0.0874293305274207,0.646184994023505,False,up
WBGene00018214,4,0.8666666666666667,PFBSA,-0.0689532487144422,0.648312568595537,False,down
WBGene00000950,4,1.0,PFBSA,0.101126641820218,0.64913537066933,False,up
WBGene00001325,4,1.0,PFBSA,0.0526179693168383,0.650235603989653,False,up
WBGene00045295,4,1.0,PFBSA,0.168329632049187,0.650967335968984,False,up
WBGene00016384,4,1.0,PFBSA,0.0609319650180118,0.650967335968984,False,up
WBGene00012759,4,1.0,PFBSA,0.0499113521897153,0.650967335968984,False,up
WBGene00002078,4,1.0,PFBSA,0.0567934237871584,0.652072647639029,False,up
WBGene00219316,4,1.0,PFBSA,0.145856025901963,0.654437735274515,False,up
WBGene00003718,4,1.0,PFBSA,0.113402581666393,0.655664954945033,False,up
WBGene00022356,4,1.0,PFBSA,0.317113537092945,0.655825389712563,False,up
WBGene00016883,4,1.0,PFBSA,0.178101804850018,0.657630503866846,False,up
WBGene00021740,4,1.0,PFBSA,0.104909302258638,0.658624266512054,False,up
WBGene00003518,4,1.0,PFBSA,0.240840839808314,0.659237572997536,False,up
WBGene00016458,4,1.0,PFBSA,0.14819570905617,0.663459570457621,False,up
WBGene00017066,4,0.8666666666666667,PFBSA,0.0452773341680755,0.665734019247746,False,up
WBGene00010009,4,0.5666666666666667,PFBSA,0.0999442109018049,0.668535545764784,False,up
WBGene00003659,4,1.0,PFBSA,0.0618468924652772,0.671002478811085,False,up
WBGene00000787,4,0.9333333333333333,PFBSA,0.0586396144674536,0.671066594078891,False,up
WBGene00021400,4,1.0,PFBSA,0.0785080788870214,0.67294681972178,False,up
WBGene00008505,4,0.8666666666666667,PFBSA,0.0471778866937793,0.676955920039928,False,up
WBGene00011232,4,0.9666666666666667,PFBSA,-0.0534758484829425,0.679318161500889,False,down
WBGene00021509,4,1.0,PFBSA,0.063779322540849,0.68017941791364,False,up
WBGene00017299,4,0.7,PFBSA,0.0972177762362335,0.682167587241162,False,up
WBGene00012850,4,1.0,PFBSA,0.198685406604841,0.682223979527849,False,up
WBGene00013046,4,1.0,PFBSA,-0.157079181994724,0.682223979527849,False,down
WBGene00016383,4,1.0,PFBSA,0.0802233626205864,0.68317714994775,False,up
WBGene00003686,4,1.0,PFBSA,0.0992345642647026,0.685246261519277,False,up
WBGene00014016,4,1.0,PFBSA,-0.0555634765171238,0.685756832269464,False,down
WBGene00011052,4,0.7,PFBSA,0.323935596475248,0.6881438884287,False,up
WBGene00008206,4,1.0,PFBSA,0.0659898036664692,0.688449862895858,False,up
WBGene00008610,4,1.0,PFBSA,0.114608239518807,0.688702502556999,False,up
WBGene00019801,4,1.0,PFBSA,0.117220389395824,0.689228862197411,False,up
WBGene00021522,4,1.0,PFBSA,0.0554581089887034,0.689587156280403,False,up
WBGene00020849,4,1.0,PFBSA,0.303265164444888,0.6900131521429,False,up
WBGene00000383,4,1.0,PFBSA,0.0483850496846657,0.690478586491212,False,up
WBGene00007748,4,1.0,PFBSA,0.158392413838382,0.690504075307036,False,up
WBGene00020208,4,1.0,PFBSA,0.0790434975758047,0.693103381404812,False,up
WBGene00020446,4,0.5666666666666667,PFBSA,-0.0594687479936059,0.694308988872768,False,down
WBGene00019399,4,0.9666666666666667,PFBSA,-0.0414289167058414,0.694454592168027,False,down
WBGene00003167,4,1.0,PFBSA,0.0871308318306607,0.694930386945303,False,up
WBGene00303364,4,1.0,PFBSA,0.165400683323875,0.697330475073603,False,up
WBGene00008878,4,1.0,PFBSA,0.0363343322445497,0.697627583953886,False,up
WBGene00015552,4,1.0,PFBSA,0.0646580304212879,0.698031220764999,False,up
WBGene00009820,4,1.0,PFBSA,0.226631361403489,0.699381357821014,False,up
WBGene00009226,4,0.9666666666666667,PFBSA,0.519609746600194,0.700503360771657,False,up
WBGene00019884,4,1.0,PFBSA,0.0580230289631845,0.700837923952239,False,up
WBGene00012139,4,0.9666666666666667,PFBSA,-0.0679715991948526,0.700837923952239,False,down
WBGene00007304,4,0.5666666666666667,PFBSA,0.125429576931482,0.703632018654505,False,up
WBGene00003724,4,1.0,PFBSA,-0.0811625710648333,0.703920273622092,False,down
WBGene00044737,4,1.0,PFBSA,0.0937780379561111,0.704298227714302,False,up
WBGene00010047,4,0.8333333333333334,PFBSA,0.0554832265986192,0.704799890240652,False,up
WBGene00012031,4,0.9333333333333333,PFBSA,0.0349777189336176,0.705401700670095,False,up
WBGene00008421,4,0.5666666666666667,PFBSA,0.141331385269753,0.70577695549483,False,up
WBGene00019628,4,1.0,PFBSA,0.0438803379619357,0.708442370507476,False,up
WBGene00017133,4,1.0,PFBSA,0.131305602673104,0.708586103202581,False,up
WBGene00012289,4,1.0,PFBSA,0.0614973972023098,0.711696001718963,False,up
WBGene00020931,4,1.0,PFBSA,0.0664416167300962,0.711970231260752,False,up
WBGene00013639,4,1.0,PFBSA,0.0604774082317164,0.714114016254207,False,up
WBGene00044762,4,0.9666666666666667,PFBSA,-0.0599724623105895,0.715223982000361,False,down
WBGene00006738,4,1.0,PFBSA,0.0613132345915469,0.717451189497371,False,up
WBGene00044508,4,1.0,PFBSA,-0.067019832849519,0.717781844088439,False,down
WBGene00018758,4,1.0,PFBSA,0.0675147700523928,0.718151511660668,False,up
WBGene00000298,4,0.8,PFBSA,0.105527593408636,0.719065463571853,False,up
WBGene00005228,4,1.0,PFBSA,0.476536964935804,0.71971302952971,False,up
WBGene00004336,4,1.0,PFBSA,-0.0729617947220436,0.720067924169973,False,down
WBGene00011154,4,1.0,PFBSA,0.0613891908566262,0.722268035378717,False,up
WBGene00020939,4,0.5666666666666667,PFBSA,0.10760671099941,0.724055871266571,False,up
WBGene00016293,4,0.6666666666666666,PFBSA,0.159517484449968,0.727478126298116,False,up
WBGene00019890,4,0.9666666666666667,PFBSA,-0.0491355227044819,0.727478126298116,False,down
WBGene00001544,4,1.0,PFBSA,0.0960717248137007,0.727744513938179,False,up
WBGene00022445,4,1.0,PFBSA,0.11615837373514,0.728976584715755,False,up
WBGene00017814,4,0.9333333333333333,PFBSA,0.119227157731933,0.72943362506706,False,up
WBGene00019104,4,1.0,PFBSA,0.327978928144044,0.729768879567852,False,up
WBGene00011337,4,0.9333333333333333,PFBSA,0.050406443446651,0.729768879567852,False,up
WBGene00006460,4,1.0,PFBSA,0.0291421588433507,0.730143978185028,False,up
WBGene00008588,4,1.0,PFBSA,0.0950270212606904,0.730958691204518,False,up
WBGene00022393,4,0.9666666666666667,PFBSA,0.046408991853836,0.734862986235316,False,up
WBGene00012326,4,1.0,PFBSA,-0.0721899497265775,0.735335019338515,False,down
WBGene00019006,4,1.0,PFBSA,0.0695313289836279,0.736374186028809,False,up
WBGene00022440,4,1.0,PFBSA,0.186035059452844,0.736724508117629,False,up
WBGene00009953,4,1.0,PFBSA,0.0665956841801361,0.738151174113772,False,up
WBGene00017440,4,1.0,PFBSA,0.0753451288109773,0.739078159120522,False,up
WBGene00018355,4,0.5666666666666667,PFBSA,-0.10909022389646,0.745222012258469,False,down
WBGene00008139,4,0.5666666666666667,PFBSA,0.183505426996396,0.745483796426138,False,up
WBGene00018706,4,0.9666666666666667,PFBSA,-0.260353277567822,0.746051301837321,False,down
WBGene00016975,4,1.0,PFBSA,0.0649977772083837,0.748060119322099,False,up
WBGene00017380,4,0.7,PFBSA,0.0381363063948362,0.74955577898938,False,up
WBGene00004933,4,1.0,PFBSA,0.0743459544087972,0.749586417809844,False,up
WBGene00010407,4,1.0,PFBSA,-0.0542908803977699,0.750013842115428,False,down
WBGene00014250,4,1.0,PFBSA,0.0489568984801082,0.750419998440836,False,up
WBGene00007480,4,0.6666666666666666,PFBSA,0.0711150806959487,0.752355104854142,False,up
WBGene00018075,4,0.7,PFBSA,-0.036595016834508,0.754442911333577,False,down
WBGene00008435,4,1.0,PFBSA,0.0771264703447389,0.756079372029134,False,up
WBGene00009448,4,1.0,PFBSA,0.0501789190769986,0.756999233819283,False,up
WBGene00013897,4,0.5333333333333333,PFBSA,-0.17375335196216,0.757335083118475,False,down
WBGene00002299,4,1.0,PFBSA,0.0592960129156549,0.759351931954428,False,up
WBGene00017781,4,0.9666666666666667,PFBSA,0.0884754023046665,0.759558251486363,False,up
WBGene00017676,4,0.5333333333333333,PFBSA,0.05806661736658,0.759627519538104,False,up
WBGene00044553,4,1.0,PFBSA,0.0851769566626027,0.760781318950735,False,up
WBGene00015427,4,0.6,PFBSA,-0.0845318276889963,0.76172441517966,False,down
WBGene00009100,4,1.0,PFBSA,0.0425930082059712,0.761810703321525,False,up
WBGene00007469,4,0.9333333333333333,PFBSA,0.184026193521327,0.771244961265239,False,up
WBGene00007416,4,1.0,PFBSA,0.0997970542178824,0.773054340609213,False,up
WBGene00018260,4,0.9,PFBSA,0.0647153306538067,0.775758921141989,False,up
WBGene00009447,4,1.0,PFBSA,-0.0898705224951495,0.775821993404564,False,down
WBGene00011644,4,1.0,PFBSA,0.0764237467565394,0.777537781125724,False,up
WBGene00018319,4,1.0,PFBSA,0.0316550646793821,0.777961554086605,False,up
WBGene00007232,4,1.0,PFBSA,0.116624304230224,0.778566558132098,False,up
WBGene00008603,4,1.0,PFBSA,0.0471535727561386,0.780163473714031,False,up
WBGene00001515,4,0.5666666666666667,PFBSA,0.0392988231044303,0.780163473714031,False,up
WBGene00003634,4,1.0,PFBSA,-0.0499095074046529,0.781579502291087,False,down
WBGene00021639,4,1.0,PFBSA,0.15546135987256,0.786036156389885,False,up
WBGene00007260,4,1.0,PFBSA,0.100806628597584,0.786747218779026,False,up
WBGene00010133,4,1.0,PFBSA,-0.125450724276533,0.788244943873937,False,down
WBGene00016532,4,0.9666666666666667,PFBSA,0.0607097717082601,0.789129281013163,False,up
WBGene00022063,4,1.0,PFBSA,0.0658960047022456,0.791777431688838,False,up
WBGene00000017,4,1.0,PFBSA,0.0693647660724759,0.79206313500336,False,up
WBGene00020651,4,0.6666666666666666,PFBSA,-0.0605639975440792,0.792177947318758,False,down
WBGene00009387,4,1.0,PFBSA,0.0954996010384002,0.79286690430303,False,up
WBGene00270322,4,1.0,PFBSA,0.0691186386059635,0.794094080902806,False,up
WBGene00015733,4,1.0,PFBSA,0.0994923215013727,0.794095767728228,False,up
WBGene00001945,4,1.0,PFBSA,0.030995650763331,0.79645720868448,False,up
WBGene00002184,4,1.0,PFBSA,0.055696516698032,0.798082393117885,False,up
WBGene00007208,4,1.0,PFBSA,-0.103022852405425,0.798652239744677,False,down
WBGene00008224,4,1.0,PFBSA,-0.0622550646497306,0.799975475656732,False,down
WBGene00011263,4,0.6666666666666666,PFBSA,0.0776426852524455,0.800036733000121,False,up
WBGene00220259,4,1.0,PFBSA,0.132914446457132,0.801094556211728,False,up
WBGene00000415,4,1.0,PFBSA,0.0359924995183059,0.802166221647364,False,up
WBGene00001748,4,0.8,PFBSA,0.0215765641763408,0.803964075657351,False,up
WBGene00004284,4,0.5333333333333333,PFBSA,-0.0288460444545643,0.804636450357437,False,down
WBGene00007517,4,1.0,PFBSA,0.221905480434753,0.807028703715504,False,up
WBGene00022353,4,1.0,PFBSA,0.0675103578895826,0.809743265586659,False,up
WBGene00004227,4,1.0,PFBSA,0.0451016985572043,0.809743265586659,False,up
WBGene00010723,4,1.0,PFBSA,0.230233803912189,0.809747728707334,False,up
WBGene00012193,4,0.9,PFBSA,-0.0437393465645798,0.810775680855235,False,down
WBGene00013692,4,1.0,PFBSA,0.0453560931736005,0.811283896114414,False,up
WBGene00010990,4,0.5666666666666667,PFBSA,-0.026525195516836,0.811670110117411,False,down
WBGene00011824,4,0.5333333333333333,PFBSA,0.049770967514525,0.812281370157527,False,up
WBGene00020031,4,1.0,PFBSA,0.0463776106186692,0.813950518510691,False,up
WBGene00006702,4,1.0,PFBSA,0.0396128569148461,0.813950518510691,False,up
WBGene00010541,4,1.0,PFBSA,0.0946171244158373,0.816084563331891,False,up
WBGene00007878,4,1.0,PFBSA,-0.0756925846429397,0.817136227897745,False,down
WBGene00019571,4,1.0,PFBSA,-0.127058722057472,0.819447727759998,False,down
WBGene00006331,4,1.0,PFBSA,0.0358561148139822,0.820453160792499,False,up
WBGene00003753,4,1.0,PFBSA,0.0452119194556368,0.823919055934991,False,up
WBGene00019326,4,0.5666666666666667,PFBSA,-0.0304503785255872,0.82439844547711,False,down
WBGene00014826,4,0.8333333333333334,PFBSA,-0.0556039802583955,0.82439844547711,False,down
WBGene00007877,4,1.0,PFBSA,-0.0235344607050542,0.825294628853665,False,down
WBGene00012643,4,0.6,PFBSA,0.0321941769500128,0.825463491056128,False,up
WBGene00015508,4,0.7666666666666667,PFBSA,0.0368406501313144,0.829289227447638,False,up
WBGene00020260,4,0.9333333333333333,PFBSA,-0.078316250918144,0.829450591325003,False,down
WBGene00016330,4,0.9333333333333333,PFBSA,-0.060076485209479,0.832680562174498,False,down
WBGene00006220,4,0.6666666666666666,PFBSA,-0.0673605306589888,0.833270429435175,False,down
WBGene00015055,4,1.0,PFBSA,0.11731813545152,0.833387305820191,False,up
WBGene00012068,4,0.6,PFBSA,0.105161555458272,0.83592524979731,False,up
WBGene00015369,4,1.0,PFBSA,0.0894047602081933,0.836459059939261,False,up
WBGene00007063,4,1.0,PFBSA,0.0434441236673115,0.836459059939261,False,up
WBGene00015647,4,0.5333333333333333,PFBSA,0.0369925677615226,0.83653069285306,False,up
WBGene00004177,4,1.0,PFBSA,0.295637153772964,0.836691766512946,False,up
WBGene00008910,4,1.0,PFBSA,0.0452147977220878,0.838401894801502,False,up
WBGene00011279,4,1.0,PFBSA,0.0348670907659062,0.838996236348516,False,up
WBGene00022130,4,1.0,PFBSA,-0.0974834390761559,0.839252844123562,False,down
WBGene00014066,4,1.0,PFBSA,0.0274576514013319,0.839372266524505,False,up
WBGene00021156,4,1.0,PFBSA,0.116076731241769,0.840336787920493,False,up
WBGene00004991,4,1.0,PFBSA,0.195295604404091,0.840803157864401,False,up
WBGene00008052,4,1.0,PFBSA,0.0349492200658618,0.844866106381981,False,up
WBGene00017038,4,0.7333333333333333,PFBSA,-0.0591858070223054,0.846384196853508,False,down
WBGene00021176,4,0.6333333333333333,PFBSA,-0.0949136360401993,0.847756832986676,False,down
WBGene00013756,4,0.9666666666666667,PFBSA,0.0879465993170891,0.847896591706473,False,up
WBGene00006479,4,0.9333333333333333,PFBSA,0.0219181931043679,0.849362935768441,False,up
WBGene00022749,4,0.5666666666666667,PFBSA,0.029724509220044,0.85236053782307,False,up
WBGene00008389,4,1.0,PFBSA,0.145071197669367,0.852596349497427,False,up
WBGene00009221,4,1.0,PFBSA,0.188167633962734,0.854274752200066,False,up
WBGene00007981,4,1.0,PFBSA,0.0436431452416431,0.85641998535393,False,up
WBGene00044636,4,1.0,PFBSA,-0.0566484622169658,0.85641998535393,False,down
WBGene00019353,4,1.0,PFBSA,0.0253129105324325,0.856910814583944,False,up
WBGene00004176,4,1.0,PFBSA,0.228606896807203,0.857392986602708,False,up
WBGene00014226,4,0.5666666666666667,PFBSA,-0.0419660796401769,0.858991409481692,False,down
WBGene00001493,4,1.0,PFBSA,0.0238829086241251,0.859697791112264,False,up
WBGene00007502,4,0.9666666666666667,PFBSA,-0.0606485079018683,0.859950515300931,False,down
WBGene00010115,4,1.0,PFBSA,0.0235145025238656,0.860435745588739,False,up
WBGene00006833,4,1.0,PFBSA,0.0214928488855685,0.862983386092121,False,up
WBGene00013805,4,1.0,PFBSA,0.0234025892398809,0.863353308860523,False,up
WBGene00013694,4,1.0,PFBSA,0.0249754655037053,0.863571341558945,False,up
WBGene00007553,4,0.6666666666666666,PFBSA,0.0359168689829923,0.866820968997527,False,up
WBGene00022487,4,1.0,PFBSA,0.121860571332835,0.867417090264473,False,up
WBGene00019918,4,0.7,PFBSA,0.0582865167049982,0.867484182444581,False,up
WBGene00013869,4,1.0,PFBSA,0.05198572375171,0.869270252939396,False,up
WBGene00022197,4,0.9,PFBSA,-0.0610775673211132,0.869270252939396,False,down
WBGene00018756,4,1.0,PFBSA,0.0165291836943863,0.874756860785386,False,up
WBGene00021260,4,1.0,PFBSA,0.0514315898161961,0.875893567425482,False,up
WBGene00000510,4,1.0,PFBSA,0.0280532231721637,0.877893811508226,False,up
WBGene00019211,4,1.0,PFBSA,0.0181560249398141,0.879066320073915,False,up
WBGene00016540,4,0.5666666666666667,PFBSA,-0.0299118051982065,0.880041771117289,False,down
WBGene00003812,4,0.9333333333333333,PFBSA,0.0384859891121741,0.880768871651606,False,up
WBGene00012421,4,1.0,PFBSA,0.0182759080254174,0.881919003598042,False,up
WBGene00271701,4,0.9333333333333333,PFBSA,0.0658707534452224,0.8844765119344,False,up
WBGene00001391,4,1.0,PFBSA,0.089852739205892,0.885616442779213,False,up
WBGene00000041,4,1.0,PFBSA,0.0226127581386857,0.885616442779213,False,up
WBGene00006720,4,1.0,PFBSA,0.0191291266175194,0.885616442779213,False,up
WBGene00021691,4,1.0,PFBSA,-0.0272571644237875,0.887081019208366,False,down
WBGene00011726,4,1.0,PFBSA,0.0517462208382064,0.887924826056451,False,up
WBGene00012886,4,1.0,PFBSA,0.09638357517764,0.888071801620806,False,up
WBGene00016194,4,1.0,PFBSA,0.0174825584088822,0.888071801620806,False,up
WBGene00011592,4,1.0,PFBSA,0.133243831219627,0.888709713177307,False,up
WBGene00000723,4,1.0,PFBSA,0.090916508473601,0.888737424208326,False,up
WBGene00002245,4,0.9333333333333333,PFBSA,0.0164487573740988,0.889452839700792,False,up
WBGene00021490,4,0.8,PFBSA,0.065934588012903,0.891052657406633,False,up
WBGene00001864,4,1.0,PFBSA,0.0551988764835123,0.892470764026251,False,up
WBGene00013093,4,1.0,PFBSA,0.0292881631335114,0.89352310103152,False,up
WBGene00001438,4,1.0,PFBSA,0.114782022272778,0.893705255064175,False,up
WBGene00012443,4,1.0,PFBSA,0.0216259141272052,0.895773302996191,False,up
WBGene00006629,4,1.0,PFBSA,0.0474898179449284,0.895824252149417,False,up
WBGene00012332,4,1.0,PFBSA,0.0402080425744953,0.896528041308965,False,up
WBGene00185092,4,1.0,PFBSA,-0.0523464262242509,0.89975899181903,False,down
WBGene00014074,4,1.0,PFBSA,0.0316821113517115,0.903168529449873,False,up
WBGene00017489,4,0.5666666666666667,PFBSA,0.0402581449854561,0.904366688981392,False,up
WBGene00018621,4,1.0,PFBSA,-0.0696684093460398,0.904366688981392,False,down
WBGene00017464,4,1.0,PFBSA,0.0344813101331985,0.905770076546661,False,up
WBGene00013202,4,1.0,PFBSA,0.0173776235736174,0.907194225500982,False,up
WBGene00004123,4,1.0,PFBSA,0.0341481610981074,0.907316584545001,False,up
WBGene00014017,4,1.0,PFBSA,0.0211470629246927,0.907490486925815,False,up
WBGene00015402,4,1.0,PFBSA,0.0722238578316641,0.911502446986509,False,up
WBGene00011004,4,1.0,PFBSA,-0.0693411230402711,0.911600013265377,False,down
WBGene00006464,4,1.0,PFBSA,0.0392320946063786,0.913756766491157,False,up
WBGene00004119,4,1.0,PFBSA,-0.0326770859069453,0.914061533659535,False,down
WBGene00000872,4,1.0,PFBSA,0.0165651518470646,0.914151659688544,False,up
WBGene00015047,4,1.0,PFBSA,0.0167312546746138,0.916112787918978,False,up
WBGene00006495,4,1.0,PFBSA,0.0204690225191208,0.918672846951255,False,up
WBGene00021312,4,1.0,PFBSA,0.0140243809116242,0.91918585100106,False,up
WBGene00012644,4,0.7333333333333333,PFBSA,-0.0204571351195832,0.921447018151132,False,down
WBGene00017639,4,1.0,PFBSA,0.0250813456736885,0.921776462584568,False,up
WBGene00018269,4,1.0,PFBSA,-0.044280843868704,0.922329065910724,False,down
WBGene00020530,4,1.0,PFBSA,-0.0167269692207942,0.923553103524083,False,down
WBGene00008119,4,0.6666666666666666,PFBSA,0.0106170830757723,0.92371151192161,False,up
WBGene00000174,4,1.0,PFBSA,-0.0572576864360211,0.926492524103717,False,down
WBGene00007193,4,0.9333333333333333,PFBSA,0.0149625699622297,0.931140009439172,False,up
WBGene00013516,4,1.0,PFBSA,-0.0406625447932418,0.933809912453843,False,down
WBGene00019014,4,1.0,PFBSA,0.0390849782449772,0.933900978056646,False,up
WBGene00003086,4,1.0,PFBSA,0.0102923994908587,0.935555809319724,False,up
WBGene00011259,4,1.0,PFBSA,0.0102302551932593,0.93658552388008,False,up
WBGene00219288,4,1.0,PFBSA,0.0418013401114182,0.937422200459998,False,up
WBGene00017411,4,1.0,PFBSA,-0.0397672942723019,0.937969713062513,False,down
WBGene00044509,4,0.9666666666666667,PFBSA,-0.0242884396339326,0.938437351479709,False,down
WBGene00004928,4,0.9333333333333333,PFBSA,-0.0178039172730533,0.938502570138738,False,down
WBGene00009547,4,1.0,PFBSA,0.0266607634025643,0.939843239787445,False,up
WBGene00006984,4,1.0,PFBSA,-0.0227169140975331,0.939925537432323,False,down
WBGene00003588,4,1.0,PFBSA,0.0157733153544847,0.940024131389338,False,up
WBGene00009996,4,1.0,PFBSA,-0.0159509123293234,0.94041726373326,False,down
WBGene00010365,4,0.9333333333333333,PFBSA,0.0592646597840514,0.944282980544959,False,up
WBGene00003009,4,1.0,PFBSA,0.0079308386638321,0.945038037050701,False,up
WBGene00011397,4,1.0,PFBSA,0.0332371682523465,0.946677425140051,False,up
WBGene00009948,4,1.0,PFBSA,0.0514874345180089,0.947493697579435,False,up
WBGene00000033,4,0.9333333333333333,PFBSA,0.0974018903496742,0.947915963045822,False,up
WBGene00018582,4,1.0,PFBSA,-0.0193134199220741,0.947915963045822,False,down
WBGene00044471,4,0.6666666666666666,PFBSA,0.0810016441789778,0.949065199654461,False,up
WBGene00012364,4,1.0,PFBSA,0.0234605953761146,0.950065908831059,False,up
WBGene00044354,4,1.0,PFBSA,0.0536153749942031,0.951049958721042,False,up
WBGene00009974,4,0.9666666666666667,PFBSA,0.0136131046957005,0.951631167642209,False,up
WBGene00001087,4,1.0,PFBSA,0.0086024256083475,0.951675425232619,False,up
WBGene00018511,4,1.0,PFBSA,0.0146828606033294,0.955326407772321,False,up
WBGene00003575,4,1.0,PFBSA,0.0181486632642538,0.955748335924132,False,up
WBGene00021956,4,1.0,PFBSA,0.0078443424521976,0.956115061221184,False,up
WBGene00006693,4,0.5333333333333333,PFBSA,0.0136897374262505,0.956364707516229,False,up
WBGene00004382,4,1.0,PFBSA,0.0079796319743628,0.956991240737475,False,up
WBGene00000534,4,1.0,PFBSA,-0.0077935533000656,0.957902885706016,False,down
WBGene00004807,4,1.0,PFBSA,0.0043157093067671,0.957919854561485,False,up
WBGene00003388,4,0.9666666666666667,PFBSA,-0.0131187959766911,0.958009715342479,False,down
WBGene00008513,4,1.0,PFBSA,0.0152768578790711,0.958339970852807,False,up
WBGene00007621,4,1.0,PFBSA,0.0089875356763216,0.958339970852807,False,up
WBGene00013905,4,0.9666666666666667,PFBSA,0.0492227823461674,0.960570058110695,False,up
WBGene00195183,4,1.0,PFBSA,0.045121697320571,0.96108391266575,False,up
WBGene00008360,4,1.0,PFBSA,-0.0088909584538445,0.961350001564702,False,down
WBGene00012244,4,1.0,PFBSA,0.0078118294599091,0.963920097190438,False,up
WBGene00009851,4,0.8,PFBSA,0.0058750872005735,0.964659098832271,False,up
WBGene00009503,4,1.0,PFBSA,-0.0081300896109051,0.968334819498747,False,down
WBGene00011587,4,0.9666666666666667,PFBSA,-0.0189898286847914,0.968334819498747,False,down
WBGene00015778,4,0.9666666666666667,PFBSA,-0.0089522607081251,0.96904147328035,False,down
WBGene00001608,4,1.0,PFBSA,0.0444756402518294,0.969416428670111,False,up
WBGene00009584,4,1.0,PFBSA,0.0072215276342123,0.969941886476064,False,up
WBGene00020248,4,1.0,PFBSA,-0.0134200258511145,0.970258944678852,False,down
WBGene00014159,4,0.6333333333333333,PFBSA,-0.0093706646261604,0.971123169851217,False,down
WBGene00015744,4,1.0,PFBSA,0.0079759750304758,0.97141424402781,False,up
WBGene00004276,4,1.0,PFBSA,-0.0052035551468814,0.97141424402781,False,down
WBGene00000678,4,1.0,PFBSA,0.0430665307703554,0.971803390525413,False,up
WBGene00008572,4,1.0,PFBSA,-0.0066424646605339,0.972302974386508,False,down
WBGene00015371,4,1.0,PFBSA,-0.028234805252827,0.97341313121934,False,down
WBGene00004858,4,0.6333333333333333,PFBSA,0.009520419079376,0.974491525661361,False,up
WBGene00017762,4,1.0,PFBSA,-0.0112656954616582,0.97483505148031,False,down
WBGene00009776,4,0.9,PFBSA,-0.0062954357946078,0.975086670616877,False,down
WBGene00018411,4,1.0,PFBSA,0.0227391085132307,0.975156966113221,False,up
WBGene00018415,4,1.0,PFBSA,-0.0082495966374296,0.977463649881644,False,down
WBGene00010790,4,0.9666666666666667,PFBSA,0.0212221277520446,0.980545198774338,False,up
WBGene00016316,4,0.5666666666666667,PFBSA,0.0040930654349034,0.983115118802509,False,up
WBGene00004030,4,0.9,PFBSA,0.0065344280630393,0.985547026134982,False,up
WBGene00008677,4,1.0,PFBSA,0.0120449566685042,0.985931254270689,False,up
WBGene00007551,4,1.0,PFBSA,-0.0104404160264658,0.987208220410736,False,down
WBGene00011050,4,1.0,PFBSA,0.0016062592773336,0.987324596433431,False,up
WBGene00008027,4,1.0,PFBSA,-0.0083590192906464,0.991167935220342,False,down
WBGene00012387,4,0.9333333333333333,PFBSA,0.0038912756228594,0.992268419113176,False,up
WBGene00000993,4,1.0,PFBSA,0.0019514661037095,0.993331338301485,False,up
WBGene00016135,4,1.0,PFBSA,0.0030273943984897,0.993426966158144,False,up
WBGene00013603,4,1.0,PFBSA,-0.001661385275221,0.994934870115096,False,down
WBGene00015868,4,1.0,PFBSA,0.0009165380147881,0.996231100829455,False,up
WBGene00019697,4,0.9666666666666667,PFBSA,-0.00060325271939,0.996390811403563,False,down
WBGene00015126,4,1.0,PFBSA,0.0007199324140603,0.996522935934422,False,up
WBGene00009929,4,1.0,PFBSA,-0.0014675970270537,0.99667604769398,False,down
WBGene00019004,4,0.6,PFBSA,0.0006958284130589,0.99700695077862,False,up
WBGene00015551,4,1.0,PFBSA,0.0004961406803633,0.998023071773483,False,up
WBGene00009667,4,0.5666666666666667,PFBSA,0.0003540185640394,0.998623211732069,False,up
WBGene00000894,4,1.0,PFBSA,0.0002379718331793,0.999104429041998,False,up
WBGene00020577,4,1.0,PFBSA,-6.27762798644176e-05,0.999873990684546,False,down
