WB_id,consensus_module,consensus_strength,chemical,logFC,FDR,is_detected,direction
WBGene00017691,2,0.6666666666666666,PFBSA,-2.40309985084086,3.0802092478107194e-11,True,down
WBGene00013654,2,0.9333333333333333,PFBSA,0.90550690732743,1.21204158026314e-08,True,up
WBGene00013007,2,1.0,PFBSA,-3.39064253701509,1.55083672881651e-07,True,down
WBGene00022683,2,0.9666666666666667,PFBSA,0.847021485511398,3.55928379780107e-07,True,up
WBGene00003956,2,1.0,PFBSA,-0.541053268457974,4.63329504298592e-07,True,down
WBGene00020054,2,1.0,PFBSA,-0.768644662920623,1.37584800699027e-06,True,down
WBGene00004020,2,1.0,PFBSA,-0.912555049248397,1.83291084146457e-06,True,down
WBGene00019432,2,1.0,PFBSA,-0.609361108229639,2.27800871128883e-06,True,down
WBGene00011938,2,1.0,PFBSA,-0.955144162694697,3.51256650963211e-06,True,down
WBGene00010116,2,1.0,PFBSA,-0.663591887944225,8.82481181388453e-06,True,down
WBGene00044488,2,0.9666666666666667,PFBSA,1.31143442061529,1.52064063034581e-05,True,up
WBGene00020911,2,0.9666666666666667,PFBSA,-1.16462215919377,3.39586507008974e-05,True,down
WBGene00008607,2,1.0,PFBSA,-0.483223613301773,3.59592368160282e-05,True,down
WBGene00001099,2,1.0,PFBSA,0.465116781941707,3.60092297558541e-05,True,up
WBGene00003958,2,1.0,PFBSA,-0.84291745444347,4.19129765304701e-05,True,down
WBGene00018823,2,1.0,PFBSA,0.713028074049233,4.39485991167818e-05,True,up
WBGene00000176,2,0.9333333333333333,PFBSA,0.858915045046048,6.17303592109046e-05,True,up
WBGene00000785,2,1.0,PFBSA,-0.665640571199345,6.55796033415936e-05,True,down
WBGene00004297,2,1.0,PFBSA,-0.751120359289915,7.97463723289873e-05,True,down
WBGene00007129,2,0.5666666666666667,PFBSA,-0.377633013388145,8.24792432432065e-05,True,down
WBGene00021852,2,1.0,PFBSA,-0.346680398705027,8.41539383526962e-05,True,down
WBGene00013073,2,0.9666666666666667,PFBSA,-1.3876028318575,8.94326834201119e-05,True,down
WBGene00009515,2,1.0,PFBSA,-0.960172942533772,0.0001513675543868,True,down
WBGene00010925,2,1.0,PFBSA,-0.597559987566234,0.0001665900007095,True,down
WBGene00000118,2,0.9333333333333333,PFBSA,-0.498056644802525,0.0001814244172046,True,down
WBGene00020237,2,1.0,PFBSA,-1.36184113354349,0.0001947592749475,True,down
WBGene00010899,2,0.9666666666666667,PFBSA,0.791690303992692,0.0002201713224583,True,up
WBGene00011102,2,1.0,PFBSA,-0.301797779441064,0.0002588642692409,True,down
WBGene00000881,2,0.6,PFBSA,-0.486372558016293,0.0002690872647685,True,down
WBGene00022158,2,0.9333333333333333,PFBSA,-0.471299139985543,0.0002882015774847,True,down
WBGene00019074,2,0.9333333333333333,PFBSA,-0.30721871016002,0.0003116520214754,True,down
WBGene00018398,2,0.9666666666666667,PFBSA,0.380597115534059,0.0003119988217062,True,up
WBGene00011891,2,0.9666666666666667,PFBSA,-0.425870765984678,0.0003122498143591,True,down
WBGene00018293,2,1.0,PFBSA,-0.797999626611238,0.0003209875863288,True,down
WBGene00019547,2,1.0,PFBSA,-0.898788890390798,0.000355779243479,True,down
WBGene00020579,2,1.0,PFBSA,0.513607140962037,0.000356210013027,True,up
WBGene00013575,2,1.0,PFBSA,-0.347848629582489,0.0003644921705222,True,down
WBGene00001633,2,0.9666666666666667,PFBSA,-0.864703342558014,0.0003713492760774,True,down
WBGene00009385,2,1.0,PFBSA,-0.545123869957212,0.0003844720798148,True,down
WBGene00017362,2,1.0,PFBSA,-0.408095542045744,0.000394536865862,True,down
WBGene00015019,2,0.6333333333333333,PFBSA,-2.04615858525928,0.0004177548096122,True,down
WBGene00016722,2,0.9666666666666667,PFBSA,-0.381212112331021,0.0004222595640458,True,down
WBGene00000967,2,1.0,PFBSA,-0.478752567932569,0.0004222595640458,True,down
WBGene00018472,2,0.6666666666666666,PFBSA,-1.05189681512359,0.0004222595640458,True,down
WBGene00206487,2,0.9666666666666667,PFBSA,-0.415289248410426,0.0004468955895611,True,down
WBGene00002257,2,1.0,PFBSA,-0.493023062524234,0.0004602049369733,True,down
WBGene00010924,2,1.0,PFBSA,-0.833853070152627,0.0004825122895547,True,down
WBGene00020553,2,0.7666666666666667,PFBSA,-0.305711348575818,0.0004893175165482,True,down
WBGene00019146,2,1.0,PFBSA,0.846234749139507,0.0005201303484388,True,up
WBGene00021359,2,1.0,PFBSA,-0.524077969798466,0.0005219024562865,True,down
WBGene00007653,2,1.0,PFBSA,-0.306610755103752,0.0005785198795055,True,down
WBGene00000257,2,0.8,PFBSA,-0.581067263865836,0.0006003744460176,True,down
WBGene00003053,2,0.9333333333333333,PFBSA,-0.2247985170454,0.0006526708687194,True,down
WBGene00000802,2,1.0,PFBSA,-0.23309508344739,0.0006678375302594,True,down
WBGene00012291,2,1.0,PFBSA,-0.477680193908299,0.0007094129889926,True,down
WBGene00013716,2,1.0,PFBSA,-0.378484565669369,0.0007518348958518,True,down
WBGene00008451,2,0.9666666666666667,PFBSA,-0.615261501759073,0.0007794931079815,True,down
WBGene00020921,2,1.0,PFBSA,-0.367709078975541,0.0008122265813264,True,down
WBGene00007606,2,0.8,PFBSA,-0.346790024751987,0.0008881469404098,True,down
WBGene00015116,2,1.0,PFBSA,-0.596147149013944,0.000940978834228,True,down
WBGene00001239,2,0.9333333333333333,PFBSA,-0.298381596804039,0.000963504509493,True,down
WBGene00003968,2,0.5666666666666667,PFBSA,-1.43189529598202,0.000963504509493,True,down
WBGene00000920,2,1.0,PFBSA,-0.470366169256022,0.0010437351436017,True,down
WBGene00007994,2,0.9666666666666667,PFBSA,-0.704001439406659,0.0010880215828123,True,down
WBGene00013946,2,1.0,PFBSA,-0.69121766278866,0.0010998439232948,True,down
WBGene00020471,2,1.0,PFBSA,-0.472451628043758,0.0011371653192814,True,down
WBGene00001830,2,1.0,PFBSA,-0.621434738651648,0.0011747472868293,True,down
WBGene00012875,2,1.0,PFBSA,-0.32003242740634,0.0012558148463517,True,down
WBGene00012543,2,1.0,PFBSA,-0.204003466109165,0.0012598519454333,True,down
WBGene00001819,2,1.0,PFBSA,-0.352872930250881,0.0012598519454333,True,down
WBGene00020191,2,1.0,PFBSA,-0.567280672867178,0.0012598797264676,True,down
WBGene00012025,2,1.0,PFBSA,-1.23003962045764,0.0012724187569325,True,down
WBGene00003576,2,0.9666666666666667,PFBSA,-0.444408255109798,0.0012830101323537,True,down
WBGene00004958,2,0.9,PFBSA,-0.722677582561785,0.0013947869104203,True,down
WBGene00044043,2,0.9666666666666667,PFBSA,-3.07732673836338,0.0015184700528459,True,down
WBGene00010758,2,0.9333333333333333,PFBSA,-0.42436285187575,0.0015419894787934,True,down
WBGene00021917,2,1.0,PFBSA,-0.449069121583311,0.0015528077567176,True,down
WBGene00005131,2,1.0,PFBSA,-0.954270250688784,0.0015837470575301,True,down
WBGene00006571,2,0.9666666666666667,PFBSA,-0.570124161921439,0.0016222467331345,True,down
WBGene00001993,2,0.9666666666666667,PFBSA,0.515085691047602,0.0016745975709599,True,up
WBGene00020246,2,0.9666666666666667,PFBSA,-0.197207075737457,0.0016745975709599,True,down
WBGene00006897,2,1.0,PFBSA,-0.667211974617441,0.0016850382239679,True,down
WBGene00012225,2,1.0,PFBSA,-0.847828263848301,0.0016967812394738,True,down
WBGene00007214,2,0.7,PFBSA,-0.547998744399807,0.0018732119366028,True,down
WBGene00006620,2,0.6,PFBSA,-0.816950580487294,0.001929895130849,True,down
WBGene00014003,2,0.9666666666666667,PFBSA,-0.979981496680813,0.001929895130849,True,down
WBGene00004501,2,1.0,PFBSA,-0.289580385249361,0.0021705818280599,True,down
WBGene00020484,2,0.9,PFBSA,-2.60260530696592,0.0022493354791435,True,down
WBGene00011524,2,0.9666666666666667,PFBSA,-0.615869684978344,0.0023217580094764,True,down
WBGene00014209,2,1.0,PFBSA,-0.361119000087681,0.0023376420621473,True,down
WBGene00008097,2,1.0,PFBSA,-0.554253203759242,0.0023863648168048,True,down
WBGene00017262,2,0.8666666666666667,PFBSA,0.363436582085025,0.0025127634814556,True,up
WBGene00019021,2,1.0,PFBSA,-1.69813078303608,0.0026180615128879,True,down
WBGene00020550,2,1.0,PFBSA,-0.980572051642446,0.0026189788762266,True,down
WBGene00003422,2,1.0,PFBSA,-0.483895519565057,0.0026570082555217,True,down
WBGene00009306,2,0.6333333333333333,PFBSA,-0.259564435247997,0.0026793678085561,True,down
WBGene00007917,2,0.9333333333333333,PFBSA,0.226477713235108,0.0027191807637653,True,up
WBGene00015512,2,0.9333333333333333,PFBSA,-0.606166085701128,0.0027297222341074,True,down
WBGene00012608,2,1.0,PFBSA,-0.74243676958853,0.0027297222341074,True,down
WBGene00009082,2,1.0,PFBSA,-0.22798099907289,0.0027534045380845,True,down
WBGene00007255,2,0.9666666666666667,PFBSA,-0.498477910774165,0.0028293388747294,True,down
WBGene00000969,2,0.9333333333333333,PFBSA,-0.817836480509652,0.0031751111542397,True,down
WBGene00017487,2,0.9666666666666667,PFBSA,-0.43163953342494,0.003178261755528,True,down
WBGene00001772,2,0.6,PFBSA,0.467341734608482,0.0032229857379691,True,up
WBGene00015138,2,0.9333333333333333,PFBSA,-0.399089727758783,0.0032318547656291,True,down
WBGene00009218,2,0.9333333333333333,PFBSA,-0.367316707272093,0.0032769205473769,True,down
WBGene00008483,2,1.0,PFBSA,-0.672863473052706,0.0034519940965152,True,down
WBGene00009431,2,1.0,PFBSA,0.950098645244686,0.003535332400514,True,up
WBGene00000976,2,0.5333333333333333,PFBSA,-0.414994054879488,0.0036296918930601,True,down
WBGene00015706,2,1.0,PFBSA,-0.644634049633241,0.003728599920542,True,down
WBGene00012175,2,0.9333333333333333,PFBSA,1.15213000554566,0.0037357424520495,True,up
WBGene00019729,2,0.9,PFBSA,-0.351649848376669,0.0038029913682664,True,down
WBGene00007233,2,0.9666666666666667,PFBSA,-0.494862578212035,0.003901570352235,True,down
WBGene00012201,2,0.9666666666666667,PFBSA,-0.802656013290749,0.0039708923482086,True,down
WBGene00016714,2,1.0,PFBSA,-0.677288492837655,0.0039751171632623,True,down
WBGene00020104,2,0.4666666666666667,PFBSA,-0.968462955674359,0.0041323119526535,True,down
WBGene00000215,2,1.0,PFBSA,-0.316882506090984,0.0041725396032903,True,down
WBGene00001631,2,1.0,PFBSA,-0.285271496108868,0.0042008405523008,True,down
WBGene00003375,2,0.5666666666666667,PFBSA,-0.312838442268866,0.0042813918523202,True,down
WBGene00007698,2,1.0,PFBSA,-0.274270719567299,0.0043179118639575,True,down
WBGene00020576,2,1.0,PFBSA,-0.346781856962842,0.0044008304250369,True,down
WBGene00007894,2,1.0,PFBSA,-1.17018719372244,0.0044606647377584,True,down
WBGene00009126,2,0.9666666666666667,PFBSA,-0.169446285676884,0.004463339419073,True,down
WBGene00008978,2,0.9,PFBSA,-0.588670192941425,0.0045359032892357,True,down
WBGene00016643,2,1.0,PFBSA,-0.217145883340586,0.0046700305154935,True,down
WBGene00018152,2,1.0,PFBSA,-0.412554461929556,0.0048786168544925,True,down
WBGene00020625,2,1.0,PFBSA,-0.362995198425254,0.0049111786702041,True,down
WBGene00010319,2,0.9666666666666667,PFBSA,-0.66478312924902,0.0049931394389097,True,down
WBGene00044074,2,1.0,PFBSA,-1.62886401262373,0.0050247510756596,True,down
WBGene00012271,2,1.0,PFBSA,-1.33651356426281,0.0054444964714834,True,down
WBGene00019361,2,0.9666666666666667,PFBSA,-0.308081677244403,0.0055026464857865,True,down
WBGene00018215,2,0.8666666666666667,PFBSA,-0.486667469497513,0.0055392918565988,True,down
WBGene00021487,2,0.9666666666666667,PFBSA,0.582658826727958,0.0055501286457428,True,up
WBGene00014075,2,1.0,PFBSA,-0.241757118664088,0.0055705465671529,True,down
WBGene00004875,2,1.0,PFBSA,-0.271181182317275,0.0056417880781813,True,down
WBGene00011339,2,0.5333333333333333,PFBSA,-1.2870950752656,0.0056417880781813,True,down
WBGene00000720,2,0.9666666666666667,PFBSA,0.673282655222342,0.005676211896162,True,up
WBGene00012888,2,1.0,PFBSA,-0.457378839784058,0.0058080019452544,True,down
WBGene00019673,2,1.0,PFBSA,-0.3088394201475,0.0058650928236501,True,down
WBGene00003210,2,1.0,PFBSA,-0.224239100386398,0.005953313895067,True,down
WBGene00045455,2,0.9333333333333333,PFBSA,-0.555415085611811,0.0059857603601366,True,down
WBGene00008929,2,0.9666666666666667,PFBSA,-0.568323786577912,0.0068641739549275,True,down
WBGene00010317,2,1.0,PFBSA,-0.363581234457382,0.007007504116624,True,down
WBGene00004339,2,1.0,PFBSA,-0.450768147099908,0.0070328812899388,True,down
WBGene00012694,2,1.0,PFBSA,-0.243307454011763,0.0071151017361669,True,down
WBGene00019914,2,0.9333333333333333,PFBSA,0.365213344134931,0.0071271102201672,True,up
WBGene00000732,2,0.9666666666666667,PFBSA,1.06245491180901,0.0071330718962914,True,up
WBGene00006440,2,1.0,PFBSA,-0.609401288808491,0.0074897551194422,True,down
WBGene00004721,2,0.5666666666666667,PFBSA,-0.642552405879316,0.0074998409626516,True,down
WBGene00022694,2,1.0,PFBSA,-0.371634541084393,0.0075322613488411,True,down
WBGene00018146,2,1.0,PFBSA,-0.302373333505304,0.0075856725100756,True,down
WBGene00007683,2,0.9,PFBSA,-0.253657576353591,0.0078630789375557,True,down
WBGene00011559,2,0.9666666666666667,PFBSA,-0.402856722157305,0.0079177159304911,True,down
WBGene00006771,2,1.0,PFBSA,-0.185027473312841,0.008268544182825,True,down
WBGene00022357,2,1.0,PFBSA,-0.700631822143444,0.0083173306893285,True,down
WBGene00021519,2,0.9666666666666667,PFBSA,0.685421915776677,0.0083384358263277,True,up
WBGene00004506,2,1.0,PFBSA,-0.24451471945159,0.0084101543986766,True,down
WBGene00009372,2,1.0,PFBSA,-0.373226967861792,0.0084497286711952,True,down
WBGene00000719,2,1.0,PFBSA,0.654997555409476,0.0085648345690334,True,up
WBGene00014138,2,0.9666666666666667,PFBSA,0.40764735267568,0.0086389628888706,True,up
WBGene00008042,2,1.0,PFBSA,-0.693537103385871,0.0091153631048812,True,down
WBGene00015124,2,0.9666666666666667,PFBSA,-0.406885166790721,0.0091675320298641,True,down
WBGene00018073,2,0.9666666666666667,PFBSA,-0.463485512362152,0.0091957808835605,True,down
WBGene00000753,2,1.0,PFBSA,0.507832809505566,0.0093630384816051,True,up
WBGene00000539,2,1.0,PFBSA,-0.589420052814468,0.0097537979034159,True,down
WBGene00007474,2,0.9666666666666667,PFBSA,0.41664078338972,0.0098988526756368,True,up
WBGene00009187,2,1.0,PFBSA,-0.267018476626908,0.010033645930473,True,down
WBGene00006824,2,1.0,PFBSA,-0.281313672768903,0.0100776525152672,True,down
WBGene00003729,2,0.9666666666666667,PFBSA,0.480680516798166,0.0101532002790967,True,up
WBGene00004400,2,0.9666666666666667,PFBSA,-0.333935325503303,0.0102181501023327,True,down
WBGene00020831,2,1.0,PFBSA,-0.228088457356725,0.0104016339758508,True,down
WBGene00001813,2,1.0,PFBSA,0.21244088689503,0.0106209789607558,True,up
WBGene00008408,2,1.0,PFBSA,-0.375906181370305,0.0106838116087833,True,down
WBGene00000040,2,1.0,PFBSA,-0.227303866406259,0.0107695001435788,True,down
WBGene00020396,2,1.0,PFBSA,-0.608290916440671,0.0114839234157579,True,down
WBGene00003948,2,0.9666666666666667,PFBSA,-0.298124530331588,0.0116949176429509,True,down
WBGene00019321,2,1.0,PFBSA,-0.483896863285547,0.0117818714388416,True,down
WBGene00001651,2,0.9333333333333333,PFBSA,-0.190749098857582,0.0118301996064717,True,down
WBGene00006734,2,1.0,PFBSA,-0.202325238914068,0.0118301996064717,True,down
WBGene00001253,2,0.9666666666666667,PFBSA,-0.238361040012064,0.0120934084642242,True,down
WBGene00013874,2,1.0,PFBSA,-0.314426214259263,0.0121331022745088,True,down
WBGene00008509,2,0.9666666666666667,PFBSA,-0.516705268779769,0.0123346031155525,True,down
WBGene00016151,2,0.7,PFBSA,-0.273727447988677,0.0123777898737929,True,down
WBGene00002985,2,0.9666666666666667,PFBSA,-0.337768559883083,0.0123827910674003,True,down
WBGene00012716,2,0.9666666666666667,PFBSA,-0.538656376772813,0.0124834811277396,True,down
WBGene00004206,2,1.0,PFBSA,-0.293778730315662,0.0125701466524056,True,down
WBGene00010083,2,1.0,PFBSA,-0.330564026226923,0.0126580719915948,True,down
WBGene00019643,2,1.0,PFBSA,-0.384345531223878,0.0126780384768218,True,down
WBGene00013872,2,1.0,PFBSA,-0.474994200496386,0.0127436931836541,True,down
WBGene00012253,2,1.0,PFBSA,-0.540062783423642,0.0127463660729926,True,down
WBGene00000227,2,1.0,PFBSA,0.18343643698851,0.0128490866360993,True,up
WBGene00015413,2,1.0,PFBSA,-0.220656761379129,0.0128490866360993,True,down
WBGene00019199,2,1.0,PFBSA,-0.369498741866963,0.0131055998347864,True,down
WBGene00012134,2,1.0,PFBSA,-0.200832487910622,0.0133948761975418,True,down
WBGene00004775,2,1.0,PFBSA,-0.310389430946763,0.0133993320984273,True,down
WBGene00018282,2,1.0,PFBSA,-0.444677774523502,0.0136070412102693,True,down
WBGene00015389,2,1.0,PFBSA,-0.244621477897914,0.0136980922792686,True,down
WBGene00008560,2,1.0,PFBSA,-1.19315445494388,0.0137486328421365,True,down
WBGene00006585,2,0.7,PFBSA,-0.307580536737417,0.0138289251802605,True,down
WBGene00007988,2,0.9333333333333333,PFBSA,0.478200773285902,0.0139031189970586,True,up
WBGene00000264,2,1.0,PFBSA,-0.521913692481391,0.0139682102053788,True,down
WBGene00008621,2,0.9666666666666667,PFBSA,0.753483351550251,0.0141139429621757,True,up
WBGene00015865,2,1.0,PFBSA,-0.600395425054142,0.0142207948148706,True,down
WBGene00006674,2,1.0,PFBSA,-0.514443891295482,0.0143534037809163,True,down
WBGene00015135,2,0.9333333333333333,PFBSA,-1.40960860302288,0.0149049001646496,True,down
WBGene00004274,2,1.0,PFBSA,-0.158703015385789,0.0150234808688693,True,down
WBGene00019767,2,1.0,PFBSA,-0.207205138931848,0.0150234808688693,True,down
WBGene00013553,2,1.0,PFBSA,-0.693562687102257,0.0150319136593678,True,down
WBGene00015196,2,1.0,PFBSA,-0.939709210092766,0.0150319136593678,True,down
WBGene00003924,2,0.6666666666666666,PFBSA,-0.242132046665991,0.0152880668144589,True,down
WBGene00010501,2,1.0,PFBSA,-0.794679399350045,0.0154319722800418,True,down
WBGene00021661,2,1.0,PFBSA,-0.576505683801166,0.0158291118341319,True,down
WBGene00016210,2,1.0,PFBSA,-0.309320312060215,0.0162402527739567,True,down
WBGene00009469,2,1.0,PFBSA,-0.378073923881104,0.0164139982321264,True,down
WBGene00020256,2,1.0,PFBSA,-0.479683524326185,0.0165387426981953,True,down
WBGene00012976,2,1.0,PFBSA,-0.435587926887236,0.0165932372614508,True,down
WBGene00044499,2,1.0,PFBSA,-1.03047947889709,0.0167095620621161,True,down
WBGene00022251,2,0.6666666666666666,PFBSA,-0.257951664107933,0.0170076548756046,True,down
WBGene00008385,2,1.0,PFBSA,-0.329486624380213,0.0170583567885993,True,down
WBGene00013139,2,0.5333333333333333,PFBSA,-0.274360160609294,0.0171343789270112,True,down
WBGene00017535,2,1.0,PFBSA,-1.58328425487919,0.0173334483127212,True,down
WBGene00018928,2,1.0,PFBSA,-0.894637352766024,0.0173580853478957,True,down
WBGene00019620,2,1.0,PFBSA,-0.30307154782224,0.01762189824938,True,down
WBGene00011275,2,1.0,PFBSA,-0.581506148807529,0.0177866778979158,True,down
WBGene00000520,2,0.9,PFBSA,-0.209034442724534,0.0180429618346257,True,down
WBGene00011119,2,0.9333333333333333,PFBSA,-0.462967392598391,0.0180429618346257,True,down
WBGene00019935,2,1.0,PFBSA,-0.470882464363407,0.0180771858105127,True,down
WBGene00015177,2,0.9666666666666667,PFBSA,0.242789334133737,0.0181907248532889,True,up
WBGene00007137,2,0.8333333333333334,PFBSA,-0.213280963361478,0.0182472267103581,True,down
WBGene00018541,2,0.8666666666666667,PFBSA,-0.577749947996348,0.0182472267103581,True,down
WBGene00018187,2,1.0,PFBSA,-0.170790270421074,0.018386057263434,True,down
WBGene00003169,2,1.0,PFBSA,-0.301194586671343,0.0184427061932146,True,down
WBGene00012698,2,0.9333333333333333,PFBSA,-0.827234340672727,0.0186081010312065,True,down
WBGene00018812,2,0.9666666666666667,PFBSA,0.158717354140603,0.0189753378744469,True,up
WBGene00014189,2,1.0,PFBSA,-0.723092042168545,0.0191062375960804,True,down
WBGene00001214,2,1.0,PFBSA,-0.358006392027483,0.0197750195044992,True,down
WBGene00003932,2,0.9666666666666667,PFBSA,-0.217722271673509,0.0199370375819767,True,down
WBGene00001974,2,0.9,PFBSA,-0.215886134377358,0.0200315918828594,True,down
WBGene00004125,2,1.0,PFBSA,-0.228487652660313,0.0210825469716686,True,down
WBGene00022382,2,1.0,PFBSA,0.284976352861333,0.0212841019380214,True,up
WBGene00017075,2,0.9333333333333333,PFBSA,0.22179420915277,0.0213471225550884,True,up
WBGene00002044,2,1.0,PFBSA,-0.26084544255093,0.0213855731192113,True,down
WBGene00015573,2,0.9333333333333333,PFBSA,-0.881043445991805,0.0217835208712961,True,down
WBGene00016145,2,1.0,PFBSA,-0.272125538342571,0.0220765890970946,True,down
WBGene00003957,2,0.7666666666666667,PFBSA,0.626544452299783,0.0226436504073656,True,up
WBGene00009952,2,0.7,PFBSA,-0.28571606004763,0.0228424822710111,True,down
WBGene00001997,2,0.9333333333333333,PFBSA,-0.455885752771804,0.0228649029232923,True,down
WBGene00010726,2,0.9333333333333333,PFBSA,-0.220378770780012,0.0229838296186321,True,down
WBGene00000189,2,1.0,PFBSA,-0.461491704213655,0.023243902371912,True,down
WBGene00001860,2,1.0,PFBSA,-0.166699188439048,0.0235423521209255,True,down
WBGene00004121,2,1.0,PFBSA,-0.1825605984004,0.0235664539555393,True,down
WBGene00004953,2,1.0,PFBSA,-0.286713166654637,0.0238039868541271,True,down
WBGene00013768,2,1.0,PFBSA,-0.270704110572033,0.0241896820571957,True,down
WBGene00015492,2,1.0,PFBSA,-0.228740780379063,0.0243923818045146,True,down
WBGene00019495,2,1.0,PFBSA,-0.354686260320682,0.0244038612566444,True,down
WBGene00011081,2,0.8666666666666667,PFBSA,-0.462723288241195,0.0246085443668988,True,down
WBGene00021355,2,0.9333333333333333,PFBSA,-0.184601884608039,0.0246224172864025,True,down
WBGene00004397,2,0.5333333333333333,PFBSA,-2.25650152494658,0.0246780626736634,True,down
WBGene00007059,2,1.0,PFBSA,-0.240051881723938,0.0252231205104207,True,down
WBGene00008683,2,0.9666666666666667,PFBSA,-0.233198777960522,0.0252672317733,True,down
WBGene00015313,2,0.9666666666666667,PFBSA,-0.397118159081165,0.0258623284736943,True,down
WBGene00011092,2,1.0,PFBSA,-0.322779297741805,0.0258893161229334,True,down
WBGene00009482,2,1.0,PFBSA,-0.218731070908621,0.0259082478928901,True,down
WBGene00016755,2,0.7666666666666667,PFBSA,-0.569166764230886,0.0262945646295108,True,down
WBGene00000265,2,1.0,PFBSA,-0.409732792452117,0.0264594271762213,True,down
WBGene00012420,2,1.0,PFBSA,-0.45604732096229,0.0264594271762213,True,down
WBGene00018408,2,1.0,PFBSA,-0.235151832921817,0.0266345499891928,True,down
WBGene00011490,2,1.0,PFBSA,-0.300157980643823,0.026767738878092,True,down
WBGene00002125,2,1.0,PFBSA,-0.349346970550748,0.0271791727882098,True,down
WBGene00011833,2,1.0,PFBSA,-0.434005510246306,0.0276598937065617,True,down
WBGene00017416,2,1.0,PFBSA,-0.617201187494219,0.0278572447770029,True,down
WBGene00018939,2,0.9333333333333333,PFBSA,0.419177433726865,0.0281316137602066,True,up
WBGene00010333,2,1.0,PFBSA,-0.20262437572156,0.0290654053367656,True,down
WBGene00008194,2,1.0,PFBSA,0.21985911547228,0.029440487509607,True,up
WBGene00022043,2,0.9666666666666667,PFBSA,-0.626843803920651,0.029579470288664,True,down
WBGene00018397,2,0.9,PFBSA,-0.871176654569455,0.0298083634112404,True,down
WBGene00002068,2,0.8,PFBSA,-0.523207434459519,0.0305148980602001,True,down
WBGene00004503,2,1.0,PFBSA,-0.225108312724273,0.0309608798600546,True,down
WBGene00003161,2,1.0,PFBSA,-0.46056366436259,0.0313112062686894,True,down
WBGene00000120,2,0.9666666666666667,PFBSA,-0.18503306142437,0.0313589710075976,True,down
WBGene00001362,2,0.6,PFBSA,0.42534990265324,0.0316479198404123,True,up
WBGene00003996,2,0.8,PFBSA,-0.174795485045224,0.0321350857922457,True,down
WBGene00018703,2,1.0,PFBSA,-0.156416152678642,0.0326594016722447,True,down
WBGene00017891,2,1.0,PFBSA,-0.159729428346309,0.0327306941634246,True,down
WBGene00022794,2,1.0,PFBSA,-0.213762290789836,0.0330405350269661,True,down
WBGene00013167,2,0.9333333333333333,PFBSA,0.213164905146469,0.0331849737553214,True,up
WBGene00013259,2,0.9333333333333333,PFBSA,-0.248617887290085,0.033876525160044,True,down
WBGene00004887,2,0.9666666666666667,PFBSA,-0.245709585730577,0.0340371780877036,True,down
WBGene00007600,2,1.0,PFBSA,-0.773023716498679,0.0340632407132596,True,down
WBGene00016995,2,1.0,PFBSA,-0.433349675413003,0.0342648551759507,True,down
WBGene00017246,2,1.0,PFBSA,-0.492948748646213,0.0343404948526313,True,down
WBGene00010732,2,0.8666666666666667,PFBSA,0.191805979419998,0.0344390725958253,True,up
WBGene00003523,2,0.9666666666666667,PFBSA,-1.06753748070283,0.0345459079982015,True,down
WBGene00022865,2,1.0,PFBSA,-0.277931187192688,0.0353978512779122,True,down
WBGene00000733,2,0.9333333333333333,PFBSA,0.91289099407899,0.0355074503819138,True,up
WBGene00003825,2,0.9666666666666667,PFBSA,-0.134323771450313,0.0359824669188253,True,down
WBGene00009644,2,0.9666666666666667,PFBSA,-0.844659678988944,0.03600247146052,True,down
WBGene00018218,2,1.0,PFBSA,-0.198394914570375,0.0362196565528586,True,down
WBGene00009287,2,1.0,PFBSA,-0.64626637449771,0.0364498010863986,True,down
WBGene00016192,2,1.0,PFBSA,-0.331003000775301,0.0368402580477894,True,down
WBGene00008882,2,1.0,PFBSA,-0.173923531347497,0.0370794941174679,True,down
WBGene00019464,2,0.9333333333333333,PFBSA,-0.338388540811695,0.0377495020634823,True,down
WBGene00009008,2,1.0,PFBSA,0.300072250636691,0.0378415230791306,True,up
WBGene00021973,2,1.0,PFBSA,-0.171025775052186,0.038257224008923,True,down
WBGene00016134,2,1.0,PFBSA,-0.203032092393777,0.0386990700383256,True,down
WBGene00020480,2,1.0,PFBSA,-0.362553651145147,0.0387901192925458,True,down
WBGene00018407,2,1.0,PFBSA,-0.236404976213553,0.0388979171530103,True,down
WBGene00000742,2,1.0,PFBSA,0.431913325803883,0.0389678185682222,True,up
WBGene00003922,2,1.0,PFBSA,-0.221211487009578,0.0390154004319073,True,down
WBGene00022025,2,1.0,PFBSA,-0.235903075716414,0.0393368595266788,True,down
WBGene00019121,2,1.0,PFBSA,-0.16614688278871,0.0397931469569068,True,down
WBGene00018088,2,1.0,PFBSA,-0.2584549887191,0.0400114701780219,True,down
WBGene00016202,2,1.0,PFBSA,-0.154413195532154,0.0403729390291084,True,down
WBGene00019250,2,0.9666666666666667,PFBSA,0.197329852768126,0.0405387130380971,True,up
WBGene00010197,2,1.0,PFBSA,-0.186697678863057,0.0411561880205438,True,down
WBGene00020628,2,0.9333333333333333,PFBSA,0.131500331417534,0.0413153787931094,True,up
WBGene00011576,2,1.0,PFBSA,-0.417143342164191,0.0413923145852682,True,down
WBGene00015769,2,1.0,PFBSA,-0.329749298832526,0.0422115136369964,True,down
WBGene00022682,2,0.9666666666666667,PFBSA,-0.304237063744171,0.0427842207700507,True,down
WBGene00008480,2,1.0,PFBSA,0.144748737038742,0.0428351027288645,True,up
WBGene00006974,2,1.0,PFBSA,-0.298409103270416,0.0430178648385803,True,down
WBGene00009343,2,1.0,PFBSA,-0.285856648317292,0.0432035820643939,True,down
WBGene00016934,2,0.9,PFBSA,-0.268409756155641,0.0432179989354122,True,down
WBGene00000302,2,0.5333333333333333,PFBSA,0.320377635352195,0.0433806170716138,True,up
WBGene00010500,2,1.0,PFBSA,-0.160941087925943,0.0436927442538346,True,down
WBGene00003090,2,1.0,PFBSA,0.294839723982873,0.0437548882719031,True,up
WBGene00010867,2,0.9666666666666667,PFBSA,-0.211730010651885,0.0447746651197726,True,down
WBGene00012433,2,1.0,PFBSA,-0.837423939102471,0.0448135329843218,True,down
WBGene00004044,2,1.0,PFBSA,-0.3372433735509,0.0448932716306881,True,down
WBGene00002064,2,1.0,PFBSA,-0.428431426500318,0.0451371926221798,True,down
WBGene00022580,2,0.9333333333333333,PFBSA,-0.151946852205099,0.0452693755787896,True,down
WBGene00003614,2,0.9666666666666667,PFBSA,-0.273940275488116,0.0456422226256667,True,down
WBGene00000187,2,1.0,PFBSA,-0.200398504700355,0.0461246402695326,True,down
WBGene00011095,2,1.0,PFBSA,-0.369810530453609,0.0463699470691907,True,down
WBGene00012407,2,1.0,PFBSA,-0.248754958632562,0.0466227822815779,True,down
WBGene00000886,2,1.0,PFBSA,-0.38069864988664,0.0471634802087473,True,down
WBGene00016971,2,1.0,PFBSA,-0.341168716224184,0.0473972004613404,True,down
WBGene00022776,2,1.0,PFBSA,-0.200286293941706,0.047740904471651,True,down
WBGene00009951,2,0.9666666666666667,PFBSA,-0.525522073110544,0.047740904471651,True,down
WBGene00020517,2,0.9666666666666667,PFBSA,-0.172330310609385,0.0481282243512384,True,down
WBGene00018849,2,1.0,PFBSA,-0.162210875917577,0.0484041500690107,True,down
WBGene00004460,2,1.0,PFBSA,-0.232299409430437,0.0491669086014688,True,down
WBGene00000204,2,0.8666666666666667,PFBSA,-0.158790163731485,0.0495037431734519,True,down
WBGene00021362,2,0.9666666666666667,PFBSA,0.225910828431327,0.0495381279056011,True,up
WBGene00012015,2,1.0,PFBSA,-0.249320390430053,0.0496658498595985,True,down
WBGene00016981,2,1.0,PFBSA,-0.195965220866482,0.0498359212869077,True,down
WBGene00007729,2,0.5666666666666667,PFBSA,-0.556047637377935,0.0499137278614134,True,down
WBGene00020403,2,0.9666666666666667,PFBSA,0.179009682936631,0.0504453563318106,False,up
WBGene00011353,2,1.0,PFBSA,-0.217035847387098,0.0505961383762396,False,down
WBGene00010442,2,0.8666666666666667,PFBSA,-0.838730205673297,0.0506395112209432,False,down
WBGene00003917,2,0.9666666666666667,PFBSA,-0.26190950012391,0.0512543367142002,False,down
WBGene00002262,2,1.0,PFBSA,0.28851817506831,0.0512923508532447,False,up
WBGene00019941,2,0.6666666666666666,PFBSA,-0.140685862055673,0.0512923508532447,False,down
WBGene00003002,2,1.0,PFBSA,0.129926121081278,0.0515006924544874,False,up
WBGene00017759,2,1.0,PFBSA,-0.258435405286878,0.0516503384621192,False,down
WBGene00011768,2,0.9666666666666667,PFBSA,-0.398042676772239,0.0516503384621192,False,down
WBGene00015932,2,0.9666666666666667,PFBSA,1.03788565959953,0.0527042195803187,False,up
WBGene00019609,2,1.0,PFBSA,-0.257489414924207,0.0527042195803187,False,down
WBGene00001713,2,0.9666666666666667,PFBSA,0.334326162631092,0.0531954670553769,False,up
WBGene00000240,2,0.9333333333333333,PFBSA,0.244610907511926,0.0532971808741606,False,up
WBGene00021467,2,0.9666666666666667,PFBSA,-0.201608505158618,0.0533929786886054,False,down
WBGene00016273,2,1.0,PFBSA,-0.952188556922182,0.0534204383174855,False,down
WBGene00007266,2,0.6666666666666666,PFBSA,-0.257455055217363,0.055140172689162,False,down
WBGene00003015,2,1.0,PFBSA,-0.334213295983534,0.0568238243440162,False,down
WBGene00010370,2,0.9666666666666667,PFBSA,-0.307105529641263,0.0571816990545035,False,down
WBGene00000417,2,1.0,PFBSA,-0.40381183540363,0.0572085974997009,False,down
WBGene00004314,2,0.9666666666666667,PFBSA,0.157705385287272,0.0572352526619447,False,up
WBGene00077643,2,0.9666666666666667,PFBSA,-0.18617093350654,0.0572352526619447,False,down
WBGene00020064,2,0.5666666666666667,PFBSA,-0.715535404130664,0.0574366162494545,False,down
WBGene00017363,2,1.0,PFBSA,-0.488939516120645,0.0574794070161907,False,down
WBGene00011162,2,1.0,PFBSA,-0.515726160503974,0.0581272129585864,False,down
WBGene00044310,2,1.0,PFBSA,-0.308720004287731,0.0583872375634477,False,down
WBGene00004348,2,0.9666666666666667,PFBSA,-0.228609409132439,0.0585259922283453,False,down
WBGene00001690,2,1.0,PFBSA,-0.60623454599692,0.0585612870653452,False,down
WBGene00009119,2,1.0,PFBSA,-0.160349718780293,0.0586157195127268,False,down
WBGene00019973,2,1.0,PFBSA,-0.281694052620347,0.0590159515424527,False,down
WBGene00003953,2,1.0,PFBSA,-0.238683614867829,0.0601012606748757,False,down
WBGene00016011,2,0.8333333333333334,PFBSA,-0.262739063618033,0.0601138013832782,False,down
WBGene00006595,2,1.0,PFBSA,-0.191478241973189,0.0601296009108875,False,down
WBGene00007112,2,1.0,PFBSA,-0.426254691198387,0.0601414930866308,False,down
WBGene00010780,2,1.0,PFBSA,-0.237184050774637,0.0602334124835283,False,down
WBGene00006679,2,0.9666666666666667,PFBSA,-0.582252250281989,0.0605984960182963,False,down
WBGene00018925,2,1.0,PFBSA,-0.192062329474907,0.0613608951738356,False,down
WBGene00016294,2,0.6,PFBSA,-0.305100777585477,0.0616523991194088,False,down
WBGene00013838,2,1.0,PFBSA,0.331169815568724,0.0618078627322873,False,up
WBGene00005007,2,1.0,PFBSA,-0.176770938476021,0.062219006122643,False,down
WBGene00014141,2,0.9333333333333333,PFBSA,-0.25915076640342,0.0622999838933734,False,down
WBGene00000228,2,1.0,PFBSA,-0.146086572507767,0.0625557026774351,False,down
WBGene00000002,2,1.0,PFBSA,-0.30039009418581,0.0628827025871606,False,down
WBGene00009179,2,0.9666666666666667,PFBSA,-0.367095724545684,0.0631858353848768,False,down
WBGene00000203,2,1.0,PFBSA,-0.162354992780151,0.0632771953258245,False,down
WBGene00020399,2,0.9,PFBSA,-0.245644137384851,0.0635535561355377,False,down
WBGene00015477,2,0.6666666666666666,PFBSA,-0.16984302864435,0.0637983965554771,False,down
WBGene00003949,2,1.0,PFBSA,-0.211568260998366,0.0637983965554771,False,down
WBGene00007237,2,0.9333333333333333,PFBSA,-0.247421636856265,0.0637983965554771,False,down
WBGene00003412,2,1.0,PFBSA,-0.216794861394971,0.0648892653556687,False,down
WBGene00004806,2,1.0,PFBSA,-0.157424468284687,0.0650497606998197,False,down
WBGene00019273,2,1.0,PFBSA,0.41387300336178,0.0654467616720033,False,up
WBGene00017482,2,0.9666666666666667,PFBSA,-0.164526523409119,0.0661880824170988,False,down
WBGene00003914,2,1.0,PFBSA,-0.258101455465416,0.0668502295794822,False,down
WBGene00012032,2,0.9,PFBSA,-1.4033430494969,0.0673650898895126,False,down
WBGene00003041,2,1.0,PFBSA,-0.181872089138665,0.0676457444538518,False,down
WBGene00000239,2,1.0,PFBSA,-0.237215114153702,0.0679750274511836,False,down
WBGene00016421,2,1.0,PFBSA,-0.518042595976466,0.068079823312982,False,down
WBGene00002183,2,0.8,PFBSA,-0.175503717093915,0.0682371720956643,False,down
WBGene00005002,2,1.0,PFBSA,-0.663485629539911,0.0684592170423892,False,down
WBGene00004422,2,1.0,PFBSA,-0.191705395891279,0.0687875609764731,False,down
WBGene00013857,2,1.0,PFBSA,-0.371879572698267,0.0691348782836389,False,down
WBGene00022246,2,1.0,PFBSA,0.325675611983886,0.0693763636048052,False,up
WBGene00007220,2,1.0,PFBSA,-0.285210317332635,0.0693763636048052,False,down
WBGene00004745,2,0.8,PFBSA,-0.158661807100046,0.0696022453870166,False,down
WBGene00017733,2,1.0,PFBSA,-0.223786466699087,0.07009985826602,False,down
WBGene00001978,2,0.9666666666666667,PFBSA,-0.182590674745138,0.0702512647668799,False,down
WBGene00007500,2,1.0,PFBSA,-0.262786100590066,0.0703686207500865,False,down
WBGene00018071,2,1.0,PFBSA,-0.274037554192464,0.0706231859266489,False,down
WBGene00006381,2,1.0,PFBSA,-0.23920556190588,0.0707740459919415,False,down
WBGene00007286,2,0.9666666666666667,PFBSA,-0.539974269358214,0.070874733777628,False,down
WBGene00011418,2,0.9666666666666667,PFBSA,-0.234981693573289,0.0709851981678518,False,down
WBGene00015582,2,0.9666666666666667,PFBSA,-0.963172595916974,0.0713404079965769,False,down
WBGene00009919,2,0.9333333333333333,PFBSA,-0.146086480189251,0.071418187556927,False,down
WBGene00014086,2,0.9333333333333333,PFBSA,-0.119836332070973,0.0718721191916699,False,down
WBGene00012176,2,0.9333333333333333,PFBSA,0.75487467305043,0.0730879897176096,False,up
WBGene00021282,2,1.0,PFBSA,-0.387649780288436,0.0730879897176096,False,down
WBGene00001070,2,0.9333333333333333,PFBSA,-1.41827221047375,0.0748482145315155,False,down
WBGene00003001,2,0.9,PFBSA,-0.269891981207959,0.0751139782350883,False,down
WBGene00002251,2,0.9666666666666667,PFBSA,0.161202646546044,0.0751560882393492,False,up
WBGene00014208,2,0.9666666666666667,PFBSA,-0.168218112410113,0.0752365585595486,False,down
WBGene00011522,2,0.9666666666666667,PFBSA,0.219963988430175,0.0753872660867329,False,up
WBGene00003025,2,1.0,PFBSA,-0.153097141833925,0.0767778095387823,False,down
WBGene00008964,2,0.9666666666666667,PFBSA,-1.13166162761997,0.0767950989480743,False,down
WBGene00008799,2,0.9666666666666667,PFBSA,-0.924286735599759,0.0773242292741871,False,down
WBGene00011648,2,1.0,PFBSA,-0.180906055001242,0.0775563317361194,False,down
WBGene00008400,2,1.0,PFBSA,-0.18331070680148,0.0777007235631715,False,down
WBGene00019972,2,0.9,PFBSA,-0.727254543136081,0.0777007235631715,False,down
WBGene00008148,2,1.0,PFBSA,0.209761370982935,0.0798347330577315,False,up
WBGene00012228,2,0.9666666666666667,PFBSA,-0.385069585224571,0.0799030207334237,False,down
WBGene00003952,2,1.0,PFBSA,-0.209397388682939,0.0799332785755183,False,down
WBGene00003768,2,1.0,PFBSA,-0.601558948345393,0.0801093855601872,False,down
WBGene00017082,2,0.9666666666666667,PFBSA,0.240846561847034,0.0804736219161737,False,up
WBGene00003164,2,1.0,PFBSA,-0.20978152064956,0.0817762866180057,False,down
WBGene00007652,2,1.0,PFBSA,-0.228946194299539,0.0819150664439001,False,down
WBGene00020006,2,1.0,PFBSA,-0.192023903913913,0.0819172894451046,False,down
WBGene00006524,2,0.9333333333333333,PFBSA,-0.16902020606307,0.0824612710800557,False,down
WBGene00001155,2,1.0,PFBSA,-0.508244948985664,0.0835002045528689,False,down
WBGene00269433,2,0.6333333333333333,PFBSA,-0.527388888899875,0.0836157317735299,False,down
WBGene00002363,2,0.7,PFBSA,-0.110674125529428,0.0839614048250152,False,down
WBGene00001429,2,0.9333333333333333,PFBSA,-0.307535657176978,0.0840465919248551,False,down
WBGene00015330,2,1.0,PFBSA,-0.224660910971409,0.0853848199129257,False,down
WBGene00019715,2,1.0,PFBSA,0.145837948126478,0.0856596930519356,False,up
WBGene00020281,2,0.9666666666666667,PFBSA,-0.457814041834694,0.0857755078517694,False,down
WBGene00013347,2,1.0,PFBSA,-0.187344287556538,0.0865827381495538,False,down
WBGene00013920,2,1.0,PFBSA,-0.19022237963654,0.0865827381495538,False,down
WBGene00022845,2,0.9,PFBSA,0.506771164281538,0.0869432790791845,False,up
WBGene00006810,2,0.9333333333333333,PFBSA,-0.191258608777823,0.0874408403771634,False,down
WBGene00003927,2,1.0,PFBSA,-0.206451361594943,0.0875694436619272,False,down
WBGene00000249,2,1.0,PFBSA,-0.186855697278435,0.0876152253973754,False,down
WBGene00001996,2,0.9333333333333333,PFBSA,-0.137249716461564,0.0884445657484582,False,down
WBGene00001589,2,0.9333333333333333,PFBSA,-0.125608593780337,0.0886378983375886,False,down
WBGene00013101,2,0.9333333333333333,PFBSA,0.96540147466748,0.0887744909821005,False,up
WBGene00006788,2,1.0,PFBSA,-0.18144132637829,0.0897486289678434,False,down
WBGene00001385,2,1.0,PFBSA,-0.164923344987062,0.0911886803497654,False,down
WBGene00018480,2,1.0,PFBSA,1.13953263511229,0.0912473644456741,False,up
WBGene00003831,2,1.0,PFBSA,-0.120139592225009,0.0913760316008681,False,down
WBGene00011110,2,1.0,PFBSA,-0.13097442307301,0.0917725817343583,False,down
WBGene00001682,2,1.0,PFBSA,-0.162441270725664,0.0921880864753972,False,down
WBGene00017240,2,0.9,PFBSA,-0.18145988452838,0.0921880864753972,False,down
WBGene00017734,2,0.7,PFBSA,-0.213977848812227,0.0926571291720002,False,down
WBGene00004767,2,1.0,PFBSA,-0.124744038890945,0.0932536711162275,False,down
WBGene00010491,2,0.9666666666666667,PFBSA,-0.260001452379262,0.0933433533008554,False,down
WBGene00009514,2,1.0,PFBSA,-0.2240597418745,0.0936096571681359,False,down
WBGene00015203,2,1.0,PFBSA,-0.13026950794009,0.0941880806546679,False,down
WBGene00019373,2,0.9333333333333333,PFBSA,0.238624810520295,0.0942126224540944,False,up
WBGene00016639,2,0.7,PFBSA,0.69048868056878,0.0945821481689506,False,up
WBGene00012167,2,1.0,PFBSA,-0.23175378707201,0.0945821481689506,False,down
WBGene00017795,2,0.6333333333333333,PFBSA,-0.160347022256397,0.0946582400041294,False,down
WBGene00015347,2,1.0,PFBSA,-0.174324080505886,0.0948307138930387,False,down
WBGene00008548,2,0.9666666666666667,PFBSA,-0.212372264869421,0.0948899825647969,False,down
WBGene00013037,2,0.9,PFBSA,-0.370730886693481,0.0948961093336116,False,down
WBGene00018811,2,1.0,PFBSA,-0.482862096450155,0.095683141290861,False,down
WBGene00016511,2,0.9333333333333333,PFBSA,0.225281405984402,0.0964660828538069,False,up
WBGene00012923,2,0.9666666666666667,PFBSA,-0.380026906236079,0.0964660828538069,False,down
WBGene00009148,2,1.0,PFBSA,-0.528159927337219,0.096621523219227,False,down
WBGene00021074,2,0.9666666666666667,PFBSA,0.183206219680843,0.0970093663374332,False,up
WBGene00009918,2,1.0,PFBSA,-0.260980583194922,0.0970093663374332,False,down
WBGene00006508,2,1.0,PFBSA,-0.118305246943296,0.0980337171636916,False,down
WBGene00000270,2,1.0,PFBSA,-0.262784124192792,0.0980337171636916,False,down
WBGene00001028,2,1.0,PFBSA,0.170670631517884,0.0983539676539354,False,up
WBGene00015708,2,1.0,PFBSA,-0.651669798590302,0.0983539676539354,False,down
WBGene00001975,2,1.0,PFBSA,-0.166823004608165,0.0984786687013909,False,down
WBGene00011055,2,0.9666666666666667,PFBSA,-0.23433631780935,0.0985208035614595,False,down
WBGene00019368,2,1.0,PFBSA,-0.764585732778142,0.0985905696513634,False,down
WBGene00009507,2,1.0,PFBSA,-0.161808952990561,0.0986357384389665,False,down
WBGene00021856,2,1.0,PFBSA,-0.157871381566485,0.0986613673234004,False,down
WBGene00020839,2,0.7,PFBSA,-0.179482384027205,0.09986246682578,False,down
WBGene00004487,2,1.0,PFBSA,-0.113385074806687,0.0999645728026315,False,down
WBGene00008118,2,1.0,PFBSA,-0.28905701113002,0.100054287181527,False,down
WBGene00011205,2,0.5666666666666667,PFBSA,-0.247584989965813,0.101531301266817,False,down
WBGene00004303,2,1.0,PFBSA,-0.12265742930215,0.102939511564157,False,down
WBGene00000594,2,1.0,PFBSA,0.289394949392986,0.102955569010938,False,up
WBGene00007256,2,0.9333333333333333,PFBSA,-0.133110742768287,0.103425069769499,False,down
WBGene00000691,2,1.0,PFBSA,0.282764298969525,0.103745897520529,False,up
WBGene00010657,2,0.9666666666666667,PFBSA,-0.485959960741864,0.104802506280513,False,down
WBGene00013210,2,1.0,PFBSA,-0.140135532363224,0.105832035988579,False,down
WBGene00016973,2,0.9666666666666667,PFBSA,-0.637373381237515,0.106272029088855,False,down
WBGene00022517,2,1.0,PFBSA,-0.532960406089244,0.108505896279059,False,down
WBGene00013667,2,1.0,PFBSA,-0.12869169536826,0.108984204171438,False,down
WBGene00006994,2,1.0,PFBSA,-0.145215200961537,0.109686697029126,False,down
WBGene00004256,2,1.0,PFBSA,-0.217568499095029,0.109755051883412,False,down
WBGene00000743,2,0.9,PFBSA,0.343991221314758,0.11055600705171,False,up
WBGene00018908,2,1.0,PFBSA,-0.333805061281047,0.11055600705171,False,down
WBGene00013204,2,1.0,PFBSA,0.132270746278608,0.110685647898095,False,up
WBGene00017282,2,1.0,PFBSA,-0.151218772241576,0.111336131478216,False,down
WBGene00022042,2,1.0,PFBSA,-0.101983587535175,0.11146892999949,False,down
WBGene00005020,2,1.0,PFBSA,-0.21795965795564,0.112068102019631,False,down
WBGene00020222,2,0.9333333333333333,PFBSA,0.228940731099128,0.11207140316652,False,up
WBGene00001501,2,1.0,PFBSA,-0.199107386068702,0.112083431758363,False,down
WBGene00006961,2,1.0,PFBSA,-0.190489103652014,0.112168625423444,False,down
WBGene00001805,2,0.9333333333333333,PFBSA,-0.498493626604853,0.112299106712765,False,down
WBGene00017070,2,0.9666666666666667,PFBSA,-0.176410900552453,0.112464575683719,False,down
WBGene00010027,2,1.0,PFBSA,-0.629899069328,0.113118752239638,False,down
WBGene00006589,2,1.0,PFBSA,-0.314225775714803,0.113220567654007,False,down
WBGene00016182,2,1.0,PFBSA,-0.237935944434143,0.113453031428687,False,down
WBGene00044151,2,1.0,PFBSA,-0.855625689422809,0.113566832629194,False,down
WBGene00016387,2,1.0,PFBSA,-0.425081885812106,0.114173367991722,False,down
WBGene00010828,2,1.0,PFBSA,-0.251848438080146,0.114186032639726,False,down
WBGene00000214,2,1.0,PFBSA,-0.265556123863707,0.114203301824399,False,down
WBGene00004060,2,1.0,PFBSA,-0.173428889029589,0.114510147131807,False,down
WBGene00015392,2,0.9,PFBSA,0.545798427499436,0.115723409556215,False,up
WBGene00011890,2,1.0,PFBSA,-0.172549821085889,0.115784587770505,False,down
WBGene00015507,2,0.9666666666666667,PFBSA,-0.186142887125615,0.116281556029417,False,down
WBGene00007947,2,1.0,PFBSA,0.761955690046547,0.116461939778327,False,up
WBGene00044617,2,0.9666666666666667,PFBSA,-0.892334351754346,0.117636197786511,False,down
WBGene00015684,2,1.0,PFBSA,-0.209367875188382,0.117798474030733,False,down
WBGene00000633,2,0.9333333333333333,PFBSA,-0.718741038891755,0.117879864656604,False,down
WBGene00001752,2,0.9666666666666667,PFBSA,0.66894163961506,0.118005938792765,False,up
WBGene00011870,2,1.0,PFBSA,-0.361175484906238,0.118065389586024,False,down
WBGene00020782,2,1.0,PFBSA,-0.183988510986907,0.118706653611518,False,down
WBGene00009237,2,0.7,PFBSA,-0.32280599111455,0.120650617579507,False,down
WBGene00015009,2,0.9666666666666667,PFBSA,0.135704468784231,0.121017552259787,False,up
WBGene00008084,2,0.5333333333333333,PFBSA,0.441228190033805,0.121171656065083,False,up
WBGene00015206,2,1.0,PFBSA,-0.144136273518023,0.121227197425232,False,down
WBGene00021847,2,1.0,PFBSA,-0.16210554508848,0.121814722716697,False,down
WBGene00001243,2,1.0,PFBSA,0.168398217797036,0.122587213927883,False,up
WBGene00012935,2,1.0,PFBSA,-0.316935845347731,0.122587213927883,False,down
WBGene00001558,2,1.0,PFBSA,-0.138450099707013,0.122974917706562,False,down
WBGene00018009,2,1.0,PFBSA,-0.166937389603603,0.122974917706562,False,down
WBGene00015332,2,1.0,PFBSA,-0.52973877427222,0.122974917706562,False,down
WBGene00015403,2,0.9666666666666667,PFBSA,-0.276655587389079,0.123928259336023,False,down
WBGene00007959,2,1.0,PFBSA,-0.219798913427787,0.124184471162936,False,down
WBGene00009432,2,1.0,PFBSA,0.269484238938731,0.124366441050352,False,up
WBGene00016797,2,0.9666666666666667,PFBSA,-0.661563643031997,0.12459324356708,False,down
WBGene00007192,2,1.0,PFBSA,-0.102391863885472,0.124723810161763,False,down
WBGene00006351,2,0.9666666666666667,PFBSA,0.237062764914619,0.125373654857319,False,up
WBGene00004016,2,1.0,PFBSA,-0.16958962881766,0.12539403371785,False,down
WBGene00014054,2,1.0,PFBSA,-0.142120798547007,0.125566698238111,False,down
WBGene00007692,2,1.0,PFBSA,-0.262236463683874,0.125731594097322,False,down
WBGene00007018,2,1.0,PFBSA,-0.23829695687381,0.127019181784558,False,down
WBGene00007528,2,1.0,PFBSA,-0.183895835595809,0.127524953539389,False,down
WBGene00002050,2,1.0,PFBSA,-0.194321286343787,0.127907224391765,False,down
WBGene00016944,2,1.0,PFBSA,-0.192882807034212,0.128061958923285,False,down
WBGene00010204,2,1.0,PFBSA,-0.301363692124666,0.129612681106506,False,down
WBGene00007136,2,0.9333333333333333,PFBSA,-0.344990934401233,0.129721997505254,False,down
WBGene00001980,2,1.0,PFBSA,-0.122076036694744,0.130442592288127,False,down
WBGene00020139,2,1.0,PFBSA,-0.531715876627283,0.130442592288127,False,down
WBGene00002074,2,0.9666666666666667,PFBSA,0.13324400691726,0.130747980502256,False,up
WBGene00016960,2,1.0,PFBSA,-0.159505089600984,0.131141379212897,False,down
WBGene00003947,2,0.5333333333333333,PFBSA,-0.190690535287108,0.131376348031945,False,down
WBGene00015810,2,1.0,PFBSA,-0.138220250867706,0.132003674033582,False,down
WBGene00020557,2,1.0,PFBSA,-0.220168808309778,0.132460654947683,False,down
WBGene00012712,2,0.9666666666666667,PFBSA,-0.198351456533404,0.132863246527332,False,down
WBGene00012891,2,1.0,PFBSA,-0.136229656160878,0.133437824168769,False,down
WBGene00018786,2,1.0,PFBSA,-0.36426838717846,0.133437824168769,False,down
WBGene00012258,2,0.9666666666666667,PFBSA,-0.113198410459098,0.13364818496793,False,down
WBGene00000532,2,1.0,PFBSA,-0.117311493906004,0.133784043213958,False,down
WBGene00010542,2,1.0,PFBSA,-0.600931339964287,0.133930237703453,False,down
WBGene00012807,2,0.9,PFBSA,-0.221911463921678,0.134034021356269,False,down
WBGene00009329,2,1.0,PFBSA,-0.224866654642515,0.134943657043208,False,down
WBGene00016871,2,1.0,PFBSA,-0.137839885470774,0.13494574626129,False,down
WBGene00006468,2,1.0,PFBSA,-0.166454892857112,0.135284989938419,False,down
WBGene00003663,2,1.0,PFBSA,-0.581879473961947,0.136070090348403,False,down
WBGene00011035,2,1.0,PFBSA,-0.236419094346819,0.136716391890089,False,down
WBGene00011108,2,0.9333333333333333,PFBSA,-0.258790590483585,0.137467315460322,False,down
WBGene00017765,2,0.9666666666666667,PFBSA,-0.107374598628622,0.137499214374384,False,down
WBGene00000010,2,1.0,PFBSA,-0.199292127487775,0.137499214374384,False,down
WBGene00008375,2,1.0,PFBSA,0.358641646853413,0.13751167449312,False,up
WBGene00021160,2,1.0,PFBSA,-0.757087021679421,0.137543598037886,False,down
WBGene00012651,2,0.6,PFBSA,-0.212746497375309,0.139367465197429,False,down
WBGene00013103,2,0.9333333333333333,PFBSA,0.307857124789624,0.140005642553487,False,up
WBGene00021378,2,1.0,PFBSA,-0.282730826410703,0.14005089838736,False,down
WBGene00007687,2,1.0,PFBSA,-0.295055351673342,0.141028377101167,False,down
WBGene00012170,2,1.0,PFBSA,0.43861443768426,0.141468894918162,False,up
WBGene00003901,2,1.0,PFBSA,-0.138193228458229,0.141468894918162,False,down
WBGene00016173,2,1.0,PFBSA,-0.18806244938693,0.141468894918162,False,down
WBGene00017514,2,1.0,PFBSA,-0.223001385152569,0.141906007590127,False,down
WBGene00000523,2,0.9666666666666667,PFBSA,-0.246432896634279,0.142427676102021,False,down
WBGene00016489,2,1.0,PFBSA,-0.124976799586643,0.143011044253896,False,down
WBGene00002783,2,1.0,PFBSA,-0.223964815033085,0.143656337720662,False,down
WBGene00017194,2,1.0,PFBSA,-0.408678645950476,0.144622438989262,False,down
WBGene00006910,2,1.0,PFBSA,0.134711416751767,0.145093783202701,False,up
WBGene00000161,2,1.0,PFBSA,-0.13326023280316,0.145232816060351,False,down
WBGene00001102,2,1.0,PFBSA,-0.243682326829339,0.145232816060351,False,down
WBGene00022773,2,1.0,PFBSA,-0.33086188846219,0.145232816060351,False,down
WBGene00012600,2,1.0,PFBSA,-0.198869191716639,0.14569322757088,False,down
WBGene00001485,2,1.0,PFBSA,-0.154604755601631,0.146893848221785,False,down
WBGene00013725,2,0.9666666666666667,PFBSA,-0.22031204934507,0.146893848221785,False,down
WBGene00014095,2,1.0,PFBSA,0.129093173776627,0.146960584299669,False,up
WBGene00000858,2,0.9333333333333333,PFBSA,-0.161396179778876,0.147508622607762,False,down
WBGene00002010,2,1.0,PFBSA,0.14180839763865,0.147626847291467,False,up
WBGene00022613,2,1.0,PFBSA,0.131487311209054,0.147665776590743,False,up
WBGene00002128,2,0.9666666666666667,PFBSA,-0.218337250105081,0.147665776590743,False,down
WBGene00006364,2,1.0,PFBSA,-0.143676587386857,0.148514904734539,False,down
WBGene00021534,2,1.0,PFBSA,-0.0780833496333114,0.148716235232001,False,down
WBGene00012835,2,1.0,PFBSA,-0.272510313466225,0.149303075884927,False,down
WBGene00011280,2,1.0,PFBSA,0.165721881387791,0.150241435743041,False,up
WBGene00001855,2,1.0,PFBSA,-0.216883902642227,0.150241435743041,False,down
WBGene00012756,2,0.9333333333333333,PFBSA,0.161122029507607,0.150281289900725,False,up
WBGene00020197,2,1.0,PFBSA,-0.125747030381383,0.151384516105908,False,down
WBGene00009087,2,1.0,PFBSA,-0.477651560860265,0.151747084735067,False,down
WBGene00001372,2,1.0,PFBSA,-0.264889395001886,0.152077772252357,False,down
WBGene00010356,2,1.0,PFBSA,-0.177084691191537,0.152707481240825,False,down
WBGene00011422,2,1.0,PFBSA,-0.336211924103364,0.153093073308302,False,down
WBGene00012037,2,1.0,PFBSA,-0.161775895898636,0.153811509858914,False,down
WBGene00008147,2,0.9666666666666667,PFBSA,0.207520959393566,0.154171254492665,False,up
WBGene00015189,2,0.9666666666666667,PFBSA,-0.288010144693507,0.154171254492665,False,down
WBGene00002297,2,1.0,PFBSA,-0.220222723106853,0.154900970630094,False,down
WBGene00010403,2,1.0,PFBSA,-0.735087016550231,0.154945087368836,False,down
WBGene00021657,2,0.9666666666666667,PFBSA,-0.19589912496499,0.155023810439933,False,down
WBGene00009993,2,0.6,PFBSA,0.134682158760103,0.155868924968638,False,up
WBGene00019490,2,1.0,PFBSA,-0.142756746268974,0.156054064911263,False,down
WBGene00003246,2,1.0,PFBSA,-0.180480897653854,0.156129453788096,False,down
WBGene00021529,2,0.6666666666666666,PFBSA,-0.514900593777405,0.156254062852095,False,down
WBGene00015565,2,1.0,PFBSA,-0.173364609228091,0.156312071070212,False,down
WBGene00018635,2,0.6666666666666666,PFBSA,-0.176883719177758,0.156312071070212,False,down
WBGene00018911,2,1.0,PFBSA,-0.385690236427863,0.156312071070212,False,down
WBGene00016623,2,0.7,PFBSA,-0.234155144198369,0.156858271441277,False,down
WBGene00018025,2,0.9666666666666667,PFBSA,0.181405992625274,0.157027271305408,False,up
WBGene00020270,2,1.0,PFBSA,-0.702608156744957,0.15720042907215,False,down
WBGene00021058,2,0.7,PFBSA,-0.120531529760642,0.157508746597236,False,down
WBGene00001853,2,1.0,PFBSA,-0.221395927584755,0.158026458148005,False,down
WBGene00006869,2,1.0,PFBSA,-0.203438317206215,0.158119181103568,False,down
WBGene00021286,2,1.0,PFBSA,-0.14351890784882,0.158672904736701,False,down
WBGene00012241,2,1.0,PFBSA,-0.193774622179976,0.158672904736701,False,down
WBGene00022887,2,0.9,PFBSA,-0.312161358918343,0.158733772949518,False,down
WBGene00010676,2,1.0,PFBSA,-0.112649591758211,0.158856438936372,False,down
WBGene00001585,2,1.0,PFBSA,-0.194369178639377,0.158928631634345,False,down
WBGene00000105,2,0.6,PFBSA,-0.178265061781105,0.159833703045805,False,down
WBGene00000292,2,0.9,PFBSA,-0.100696757765651,0.161404500342314,False,down
WBGene00007922,2,1.0,PFBSA,0.149935785157528,0.161682809846134,False,up
WBGene00011222,2,1.0,PFBSA,-0.137731009591709,0.161682809846134,False,down
WBGene00007774,2,0.9666666666666667,PFBSA,-0.210055117768955,0.161983011946608,False,down
WBGene00001775,2,1.0,PFBSA,-0.183250556145233,0.16216149659603,False,down
WBGene00004175,2,0.7333333333333333,PFBSA,-0.203417013076245,0.164357248118656,False,down
WBGene00019360,2,0.9333333333333333,PFBSA,0.283814666916128,0.164487683348835,False,up
WBGene00010497,2,0.9666666666666667,PFBSA,-0.204093511388179,0.165222434402872,False,down
WBGene00022100,2,1.0,PFBSA,0.141851573616382,0.165321035299969,False,up
WBGene00007184,2,1.0,PFBSA,-0.106827722387051,0.165471401277568,False,down
WBGene00009884,2,0.9333333333333333,PFBSA,-0.368021514274999,0.165471401277568,False,down
WBGene00000213,2,0.8333333333333334,PFBSA,-0.915403886583805,0.165471401277568,False,down
WBGene00011181,2,1.0,PFBSA,-0.200078577070574,0.165733147516058,False,down
WBGene00007949,2,0.8,PFBSA,-0.832405345924195,0.166007538585976,False,down
WBGene00020146,2,0.9666666666666667,PFBSA,-0.13938954915842,0.166695947731507,False,down
WBGene00015171,2,1.0,PFBSA,-0.223831205192419,0.167146434945887,False,down
WBGene00016018,2,0.9666666666666667,PFBSA,-0.233505709719795,0.167155438259573,False,down
WBGene00002045,2,1.0,PFBSA,-0.0981278871719943,0.167666287843925,False,down
WBGene00016423,2,1.0,PFBSA,-0.255632870859304,0.167886941326378,False,down
WBGene00004245,2,1.0,PFBSA,0.147257644619644,0.168702966600604,False,up
WBGene00011828,2,1.0,PFBSA,-0.12693825468436,0.168865576575971,False,down
WBGene00017358,2,1.0,PFBSA,-0.369982939682919,0.168865576575971,False,down
WBGene00016131,2,0.9333333333333333,PFBSA,0.170871141726506,0.16961500478694,False,up
WBGene00014139,2,1.0,PFBSA,-0.131076669869632,0.16988226579693,False,down
WBGene00013096,2,1.0,PFBSA,-0.149138036089661,0.169915238328523,False,down
WBGene00000548,2,1.0,PFBSA,-0.0904409521225467,0.170060049691971,False,down
WBGene00003902,2,1.0,PFBSA,-0.0792103770114392,0.170078435351312,False,down
WBGene00017708,2,1.0,PFBSA,-0.323851976887657,0.170726050669353,False,down
WBGene00021190,2,0.9666666666666667,PFBSA,-0.313408813844855,0.172542278066204,False,down
WBGene00008173,2,0.9333333333333333,PFBSA,-0.320757452866104,0.174199678985322,False,down
WBGene00020756,2,0.9666666666666667,PFBSA,0.147590224142186,0.174491106812996,False,up
WBGene00022230,2,0.8666666666666667,PFBSA,-0.299509646335837,0.175225659690121,False,down
WBGene00010109,2,1.0,PFBSA,-0.236410626541588,0.175395943815667,False,down
WBGene00020347,2,1.0,PFBSA,-0.123002762270226,0.175646172386738,False,down
WBGene00006324,2,1.0,PFBSA,-0.138025173403451,0.175819067170056,False,down
WBGene00044072,2,0.9666666666666667,PFBSA,-0.147359397789195,0.17628900771664,False,down
WBGene00020779,2,0.9,PFBSA,-0.116009912290111,0.17631611172931,False,down
WBGene00000865,2,0.9666666666666667,PFBSA,-0.435279006367311,0.17631611172931,False,down
WBGene00015117,2,1.0,PFBSA,-0.209684276904171,0.176401651349869,False,down
WBGene00010879,2,0.9333333333333333,PFBSA,0.226518010287104,0.176569352769254,False,up
WBGene00015949,2,1.0,PFBSA,-0.207211461684846,0.177364065062958,False,down
WBGene00019631,2,1.0,PFBSA,-0.271964219797506,0.177639606663201,False,down
WBGene00001909,2,1.0,PFBSA,-0.111668574238575,0.177710621586843,False,down
WBGene00009650,2,1.0,PFBSA,-0.154760506115036,0.177710621586843,False,down
WBGene00004203,2,0.8666666666666667,PFBSA,-0.161942098620641,0.177885292638679,False,down
WBGene00017092,2,1.0,PFBSA,0.739447665325801,0.178413463082632,False,up
WBGene00009883,2,1.0,PFBSA,-0.216722576833969,0.178413463082632,False,down
WBGene00008336,2,0.9666666666666667,PFBSA,-0.281043633951623,0.178917458460619,False,down
WBGene00012758,2,0.6,PFBSA,-0.19258935863755,0.179058590675047,False,down
WBGene00004337,2,1.0,PFBSA,-0.166200152513499,0.179115391010617,False,down
WBGene00013561,2,1.0,PFBSA,-0.181504681934956,0.179355508988561,False,down
WBGene00003777,2,1.0,PFBSA,-0.101955274559585,0.179426021482375,False,down
WBGene00004282,2,1.0,PFBSA,-0.243612335958502,0.179834588769701,False,down
WBGene00006804,2,1.0,PFBSA,-0.172371743672468,0.180412857852644,False,down
WBGene00003664,2,0.9,PFBSA,-0.422104280797648,0.180482727402205,False,down
WBGene00009783,2,0.8666666666666667,PFBSA,-0.114424634729824,0.181287437719131,False,down
WBGene00013188,2,0.7,PFBSA,-0.196903347552717,0.182135780676623,False,down
WBGene00000741,2,0.9666666666666667,PFBSA,0.30777042603396,0.182696117545318,False,up
WBGene00007941,2,0.9666666666666667,PFBSA,-0.163393174252069,0.182696117545318,False,down
WBGene00004859,2,1.0,PFBSA,0.178891490364095,0.18283721615047,False,up
WBGene00000935,2,0.9666666666666667,PFBSA,-0.358923795787702,0.183319468780026,False,down
WBGene00004880,2,0.9666666666666667,PFBSA,0.115024200600352,0.183609242977068,False,up
WBGene00021148,2,1.0,PFBSA,-0.122695185680677,0.183690522237657,False,down
WBGene00013884,2,0.5666666666666667,PFBSA,-0.358943788241954,0.184823952578142,False,down
WBGene00019435,2,0.9666666666666667,PFBSA,-0.190293673915413,0.184864129436204,False,down
WBGene00006714,2,0.9666666666666667,PFBSA,-0.18535217447246,0.185333294681722,False,down
WBGene00016979,2,1.0,PFBSA,-0.214673075777106,0.185333294681722,False,down
WBGene00002991,2,0.9666666666666667,PFBSA,0.148280460383527,0.186404489664833,False,up
WBGene00007750,2,1.0,PFBSA,-0.135058816414418,0.187057380291754,False,down
WBGene00000674,2,1.0,PFBSA,-0.141283819450635,0.18730973842673,False,down
WBGene00011867,2,1.0,PFBSA,-0.124309381908819,0.188532835564603,False,down
WBGene00009064,2,1.0,PFBSA,-0.107024021296459,0.188626936459843,False,down
WBGene00015029,2,1.0,PFBSA,-0.174317198588731,0.188682227028145,False,down
WBGene00017895,2,1.0,PFBSA,-0.11660069789602,0.1891704588977,False,down
WBGene00006792,2,1.0,PFBSA,0.164789255759755,0.18927063516106,False,up
WBGene00022856,2,1.0,PFBSA,0.197392084357493,0.189785152247355,False,up
WBGene00003559,2,0.9666666666666667,PFBSA,-0.147980623447147,0.190083137489742,False,down
WBGene00021603,2,0.9666666666666667,PFBSA,-0.477214753708287,0.190415719992351,False,down
WBGene00022152,2,1.0,PFBSA,-0.119765033046528,0.190560115347772,False,down
WBGene00008685,2,1.0,PFBSA,-0.0927000340061431,0.192024670876404,False,down
WBGene00001998,2,0.9666666666666667,PFBSA,-0.346530101535516,0.193785762441067,False,down
WBGene00009113,2,1.0,PFBSA,-0.220877771026017,0.194244026012693,False,down
WBGene00016667,2,1.0,PFBSA,0.562020210392269,0.195442593412665,False,up
WBGene00016166,2,0.9666666666666667,PFBSA,0.144852320956399,0.196590805488387,False,up
WBGene00018984,2,1.0,PFBSA,-0.170610566844087,0.19697631161077,False,down
WBGene00007836,2,1.0,PFBSA,-0.276723637641551,0.197191801157275,False,down
WBGene00019122,2,0.9666666666666667,PFBSA,0.246877668820564,0.197455889966568,False,up
WBGene00004204,2,0.9666666666666667,PFBSA,-0.106009819242314,0.197675759756811,False,down
WBGene00001520,2,1.0,PFBSA,-0.0890784011585876,0.197736991136863,False,down
WBGene00022534,2,1.0,PFBSA,-0.206962598197663,0.197773182313714,False,down
WBGene00011195,2,1.0,PFBSA,-0.122893684366284,0.197808536568501,False,down
WBGene00009103,2,1.0,PFBSA,-0.0989948341636044,0.198004098073302,False,down
WBGene00021938,2,1.0,PFBSA,0.104605139175583,0.198330395828167,False,up
WBGene00022864,2,1.0,PFBSA,-0.146076268667561,0.198695485025689,False,down
WBGene00012344,2,1.0,PFBSA,-0.0830660742329063,0.198778165164851,False,down
WBGene00020883,2,1.0,PFBSA,-0.206053564420974,0.199852704784582,False,down
WBGene00018383,2,0.9666666666666667,PFBSA,-0.357493994283535,0.199852704784582,False,down
WBGene00004418,2,1.0,PFBSA,-0.0838419530677951,0.201155246649048,False,down
WBGene00000410,2,0.9333333333333333,PFBSA,0.119828160052815,0.201639122820923,False,up
WBGene00007023,2,0.9666666666666667,PFBSA,-0.112315259311697,0.201832074423478,False,down
WBGene00012029,2,0.9333333333333333,PFBSA,-0.213653312508642,0.201832074423478,False,down
WBGene00009672,2,0.9,PFBSA,-0.117785498286119,0.203021008290551,False,down
WBGene00012370,2,1.0,PFBSA,-0.18463810824556,0.203021008290551,False,down
WBGene00000407,2,0.9666666666666667,PFBSA,-0.197171496135685,0.203184421477791,False,down
WBGene00004910,2,1.0,PFBSA,-0.138092946091498,0.204953964114623,False,down
WBGene00008763,2,0.9333333333333333,PFBSA,-0.521645204359959,0.204953964114623,False,down
WBGene00009011,2,1.0,PFBSA,-0.148513649947999,0.205552116647808,False,down
WBGene00021295,2,1.0,PFBSA,-0.193319436130771,0.205552116647808,False,down
WBGene00004223,2,1.0,PFBSA,-0.478574619654314,0.205552116647808,False,down
WBGene00002088,2,0.7333333333333333,PFBSA,-0.280709985710162,0.206052998674117,False,down
WBGene00013755,2,1.0,PFBSA,-0.251090372988623,0.206209705199479,False,down
WBGene00021024,2,1.0,PFBSA,-0.132821661752585,0.207083894250968,False,down
WBGene00008973,2,1.0,PFBSA,-0.117369786457267,0.207717672228445,False,down
WBGene00016725,2,1.0,PFBSA,-0.168018967764049,0.207904149254648,False,down
WBGene00018782,2,0.9666666666666667,PFBSA,-0.0962178858851836,0.208225519859188,False,down
WBGene00003129,2,1.0,PFBSA,-0.157869626095186,0.209397697296458,False,down
WBGene00022854,2,1.0,PFBSA,-0.195737902338384,0.210280262604959,False,down
WBGene00012635,2,1.0,PFBSA,-0.912271966133449,0.211329888031484,False,down
WBGene00009443,2,1.0,PFBSA,-0.336626837464167,0.211718664482232,False,down
WBGene00006429,2,0.9666666666666667,PFBSA,0.619255525606904,0.212563635421459,False,up
WBGene00013387,2,0.9333333333333333,PFBSA,-0.3416605956718,0.213029802267919,False,down
WBGene00003982,2,1.0,PFBSA,0.189935098776688,0.213723486332039,False,up
WBGene00010742,2,0.9,PFBSA,-0.148565908110368,0.214030396824391,False,down
WBGene00017301,2,0.7,PFBSA,-0.33746912980735,0.214084323389413,False,down
WBGene00015105,2,1.0,PFBSA,-0.226463412829837,0.214109261796843,False,down
WBGene00015328,2,1.0,PFBSA,-0.118172919328907,0.214305359050605,False,down
WBGene00004900,2,0.9333333333333333,PFBSA,0.116579491510163,0.214310514323594,False,up
WBGene00010699,2,1.0,PFBSA,-0.207236823458779,0.214343616109696,False,down
WBGene00008457,2,1.0,PFBSA,-0.227685103849121,0.215045526382765,False,down
WBGene00021325,2,1.0,PFBSA,0.154087723252052,0.215121457316595,False,up
WBGene00018576,2,1.0,PFBSA,-0.189515515401364,0.215293982354305,False,down
WBGene00008533,2,1.0,PFBSA,-0.16015133685574,0.215687574372957,False,down
WBGene00011742,2,1.0,PFBSA,-0.127999170442372,0.218497165255083,False,down
WBGene00009563,2,0.9666666666666667,PFBSA,0.153342620114426,0.219590087325487,False,up
WBGene00014165,2,0.9,PFBSA,0.138609850632842,0.219590087325487,False,up
WBGene00012371,2,0.9666666666666667,PFBSA,-0.321151061340236,0.221049791207582,False,down
WBGene00011006,2,1.0,PFBSA,0.1494766577356,0.222069361392396,False,up
WBGene00013727,2,0.9333333333333333,PFBSA,-0.438364504348849,0.222579613963134,False,down
WBGene00007339,2,0.9666666666666667,PFBSA,-0.252834141632299,0.222994196603192,False,down
WBGene00009987,2,1.0,PFBSA,-0.127121274215037,0.223319791546555,False,down
WBGene00008386,2,1.0,PFBSA,-0.10217690078381,0.224092098639509,False,down
WBGene00004201,2,1.0,PFBSA,0.102973790146917,0.22421744410971,False,up
WBGene00017866,2,1.0,PFBSA,-0.169808854140247,0.224761274892566,False,down
WBGene00006634,2,1.0,PFBSA,-0.140469416137089,0.225747091858829,False,down
WBGene00006863,2,1.0,PFBSA,-0.1095705844033,0.225872630008776,False,down
WBGene00044296,2,0.9,PFBSA,0.267740969515563,0.226088034504842,False,up
WBGene00021321,2,0.9666666666666667,PFBSA,-0.271242209506409,0.226305147060974,False,down
WBGene00004089,2,0.9333333333333333,PFBSA,0.0989858821812868,0.226338161583895,False,up
WBGene00016631,2,1.0,PFBSA,-0.109046758860471,0.226769084351598,False,down
WBGene00006568,2,0.9666666666666667,PFBSA,-0.352281932955503,0.226769084351598,False,down
WBGene00001948,2,1.0,PFBSA,-0.242853677388535,0.226903839008433,False,down
WBGene00195084,2,1.0,PFBSA,-0.394043895084265,0.22738072918623,False,down
WBGene00009059,2,1.0,PFBSA,-0.187769593256189,0.228134738502384,False,down
WBGene00022491,2,1.0,PFBSA,-0.124812558269369,0.228484866478038,False,down
WBGene00001132,2,1.0,PFBSA,-0.119592925651044,0.228534337945894,False,down
WBGene00000375,2,0.6333333333333333,PFBSA,-0.185690334765448,0.229776271103537,False,down
WBGene00004130,2,1.0,PFBSA,-0.132368933850259,0.230751482308466,False,down
WBGene00017707,2,1.0,PFBSA,-0.535467542955011,0.230899104117107,False,down
WBGene00014204,2,1.0,PFBSA,-0.0748076709194115,0.230929299037778,False,down
WBGene00002915,2,1.0,PFBSA,-0.145876427651154,0.231493968410104,False,down
WBGene00020183,2,0.5666666666666667,PFBSA,-0.175350006159958,0.232834955207124,False,down
WBGene00010564,2,0.7,PFBSA,-0.130498697864455,0.232846869998367,False,down
WBGene00010055,2,1.0,PFBSA,-0.183285497462356,0.233403332225568,False,down
WBGene00003959,2,0.5333333333333333,PFBSA,-0.246276769820007,0.234080837485501,False,down
WBGene00022092,2,1.0,PFBSA,-0.194509105644398,0.234331878062995,False,down
WBGene00004891,2,1.0,PFBSA,-0.114743406981917,0.235471163142743,False,down
WBGene00018957,2,0.6,PFBSA,-0.326174727067629,0.236589233400016,False,down
WBGene00011503,2,0.9666666666666667,PFBSA,-0.128902692399796,0.237029614296596,False,down
WBGene00021811,2,1.0,PFBSA,-0.124214927530477,0.237062781617313,False,down
WBGene00020026,2,1.0,PFBSA,-0.148433579453661,0.237067757084481,False,down
WBGene00014132,2,0.9,PFBSA,0.63032389829108,0.238004508818066,False,up
WBGene00014188,2,1.0,PFBSA,-0.61766049390075,0.238447084636601,False,down
WBGene00021444,2,1.0,PFBSA,0.100141927100453,0.238750558948069,False,up
WBGene00022363,2,1.0,PFBSA,0.147382587520219,0.23895823766321,False,up
WBGene00018877,2,1.0,PFBSA,-0.422231546925651,0.23918612263251,False,down
WBGene00004854,2,1.0,PFBSA,-0.121316835580693,0.240255353570261,False,down
WBGene00001808,2,1.0,PFBSA,-0.249186792657329,0.240479004171789,False,down
WBGene00016750,2,0.9333333333333333,PFBSA,0.133245738860033,0.240949905241026,False,up
WBGene00013273,2,1.0,PFBSA,-0.161228672669407,0.242172013083332,False,down
WBGene00015248,2,1.0,PFBSA,-0.141937167468418,0.242206734525942,False,down
WBGene00010338,2,0.8333333333333334,PFBSA,-0.144799791823287,0.242257092194346,False,down
WBGene00014186,2,0.9333333333333333,PFBSA,-0.339742737670647,0.242507384078183,False,down
WBGene00004062,2,1.0,PFBSA,-0.788777764945297,0.242661468832194,False,down
WBGene00006725,2,1.0,PFBSA,-0.10160983070696,0.242954351412906,False,down
WBGene00017349,2,1.0,PFBSA,-0.282376319698956,0.243628017496301,False,down
WBGene00017831,2,1.0,PFBSA,-0.17520781353634,0.244639225573967,False,down
WBGene00008380,2,1.0,PFBSA,-0.121632094365784,0.244650205649518,False,down
WBGene00002994,2,0.9666666666666667,PFBSA,-0.0977160173007279,0.244821556192951,False,down
WBGene00045383,2,1.0,PFBSA,-0.0974587447600451,0.245195767712168,False,down
WBGene00021191,2,1.0,PFBSA,-0.140897318884617,0.24586134183884,False,down
WBGene00004428,2,1.0,PFBSA,-0.0784279588936605,0.246415076040686,False,down
WBGene00006391,2,0.9,PFBSA,-0.200906624303543,0.246442544760149,False,down
WBGene00007728,2,1.0,PFBSA,-0.318680054125321,0.246696908286124,False,down
WBGene00008418,2,1.0,PFBSA,-0.190413017215096,0.24749184736184,False,down
WBGene00004408,2,1.0,PFBSA,-0.0735344456987943,0.247757677967902,False,down
WBGene00000884,2,1.0,PFBSA,-0.119289975471423,0.247757677967902,False,down
WBGene00045305,2,1.0,PFBSA,0.526149942067616,0.248569505576963,False,up
WBGene00007109,2,1.0,PFBSA,0.214752108043456,0.249574564697456,False,up
WBGene00006593,2,1.0,PFBSA,0.0873472735043296,0.250848883886826,False,up
WBGene00019213,2,0.8666666666666667,PFBSA,0.235054945597652,0.252429049828882,False,up
WBGene00022166,2,1.0,PFBSA,-0.105733667958285,0.252674561241113,False,down
WBGene00016123,2,1.0,PFBSA,-0.232983925170651,0.252772307913195,False,down
WBGene00003085,2,1.0,PFBSA,-0.0834048466032146,0.253791978487489,False,down
WBGene00011111,2,0.7,PFBSA,-0.119547918983959,0.255096420738243,False,down
WBGene00007766,2,1.0,PFBSA,-0.292159089013975,0.255096420738243,False,down
WBGene00015356,2,1.0,PFBSA,-0.128218231111177,0.255431699075868,False,down
WBGene00014060,2,1.0,PFBSA,-0.237359974090256,0.255948297262235,False,down
WBGene00001365,2,0.9666666666666667,PFBSA,-0.130551436560572,0.256111271513199,False,down
WBGene00013094,2,0.9666666666666667,PFBSA,-0.0925052143120418,0.256239872128833,False,down
WBGene00016592,2,0.9333333333333333,PFBSA,-0.180545592634308,0.25730346926474,False,down
WBGene00001584,2,1.0,PFBSA,-0.12781932203184,0.257309271808444,False,down
WBGene00008765,2,1.0,PFBSA,-0.118432410759809,0.258559428199402,False,down
WBGene00020894,2,1.0,PFBSA,-0.317461314193632,0.258615012694686,False,down
WBGene00022128,2,1.0,PFBSA,0.0944488633234092,0.259790106606282,False,up
WBGene00015205,2,0.7,PFBSA,-0.202200493379983,0.259920195771356,False,down
WBGene00006707,2,0.9333333333333333,PFBSA,0.129426578401488,0.260529936450734,False,up
WBGene00012767,2,1.0,PFBSA,-0.145561686273913,0.260981014815598,False,down
WBGene00022737,2,0.5333333333333333,PFBSA,-0.228601573814399,0.260981014815598,False,down
WBGene00003407,2,1.0,PFBSA,0.0895964731649308,0.261206008534545,False,up
WBGene00017184,2,1.0,PFBSA,-0.138756693859251,0.262430510013511,False,down
WBGene00001338,2,0.9666666666666667,PFBSA,0.1225798600491,0.262589319239854,False,up
WBGene00010266,2,0.6666666666666666,PFBSA,0.203410388578314,0.262866395451144,False,up
WBGene00007412,2,0.9333333333333333,PFBSA,-0.101543027400177,0.263339130026175,False,down
WBGene00000835,2,0.9666666666666667,PFBSA,-0.225639005486363,0.263364309633662,False,down
WBGene00010626,2,0.9333333333333333,PFBSA,-0.10503112444942,0.263426868171805,False,down
WBGene00018343,2,1.0,PFBSA,-0.491690825587889,0.263683913330289,False,down
WBGene00010652,2,0.9,PFBSA,-0.41962690348759,0.264588037078996,False,down
WBGene00018741,2,1.0,PFBSA,-0.649437460801678,0.264631507428594,False,down
WBGene00021396,2,0.9666666666666667,PFBSA,-0.228492533077375,0.264935334687762,False,down
WBGene00013669,2,1.0,PFBSA,-0.170881194940899,0.265735963338943,False,down
WBGene00019157,2,1.0,PFBSA,0.118401144191169,0.265829539463946,False,up
WBGene00012762,2,1.0,PFBSA,-0.0914785051419559,0.265879054110211,False,down
WBGene00003074,2,1.0,PFBSA,-0.114303297200241,0.265894634028616,False,down
WBGene00003594,2,1.0,PFBSA,-0.101396592706145,0.266087613796875,False,down
WBGene00006773,2,1.0,PFBSA,-0.12614818962296,0.266243283250728,False,down
WBGene00003052,2,1.0,PFBSA,-0.0837537445956136,0.266612519342115,False,down
WBGene00010964,2,0.5333333333333333,PFBSA,-0.122126239315707,0.267359027576985,False,down
WBGene00006610,2,1.0,PFBSA,-0.169029763626488,0.267897858969613,False,down
WBGene00010678,2,0.9666666666666667,PFBSA,-0.294726697134978,0.268234347012543,False,down
WBGene00015022,2,1.0,PFBSA,-0.165670274320451,0.270287426592121,False,down
WBGene00015308,2,1.0,PFBSA,-0.13876013976996,0.27035430066811,False,down
WBGene00004335,2,1.0,PFBSA,-0.19662581516481,0.271090276262581,False,down
WBGene00011444,2,1.0,PFBSA,-0.136698494284269,0.27110151518386,False,down
WBGene00001241,2,0.9333333333333333,PFBSA,0.21537461107858,0.271373587769929,False,up
WBGene00017011,2,1.0,PFBSA,-0.140483353495942,0.271616034063313,False,down
WBGene00001768,2,1.0,PFBSA,0.288653329972819,0.2751938751083,False,up
WBGene00008729,2,1.0,PFBSA,-0.0871545300487448,0.275313583528403,False,down
WBGene00007042,2,1.0,PFBSA,-0.0898386746358723,0.275368988236763,False,down
WBGene00022800,2,1.0,PFBSA,-0.0977151371722455,0.275905063557039,False,down
WBGene00001443,2,0.9666666666666667,PFBSA,-0.0848236056872649,0.278582871255635,False,down
WBGene00007385,2,1.0,PFBSA,-0.0938941499425809,0.279003583043854,False,down
WBGene00011719,2,1.0,PFBSA,-0.119197300814025,0.279400728995323,False,down
WBGene00002162,2,0.9666666666666667,PFBSA,-0.0743680619423298,0.280201974049758,False,down
WBGene00007561,2,1.0,PFBSA,-0.118975394144785,0.28052958451399,False,down
WBGene00000067,2,1.0,PFBSA,-0.181632137905759,0.281155243050214,False,down
WBGene00000218,2,0.7666666666666667,PFBSA,-0.128729424962696,0.28278875019936,False,down
WBGene00013550,2,0.9333333333333333,PFBSA,-0.111705089606201,0.284084294769566,False,down
WBGene00007106,2,0.6,PFBSA,-0.143436816449203,0.284835551502326,False,down
WBGene00012951,2,1.0,PFBSA,-0.122975790855516,0.285627851765779,False,down
WBGene00006503,2,0.9666666666666667,PFBSA,-0.111797691706855,0.286138289064173,False,down
WBGene00019962,2,1.0,PFBSA,0.223520890064109,0.287586006787578,False,up
WBGene00020300,2,1.0,PFBSA,-0.24242730634417,0.287942551720385,False,down
WBGene00012478,2,0.9333333333333333,PFBSA,-0.124430730158095,0.289766405341218,False,down
WBGene00009768,2,0.9333333333333333,PFBSA,-0.393647658236887,0.290147637238128,False,down
WBGene00012165,2,1.0,PFBSA,-0.715195575972535,0.291310365384931,False,down
WBGene00001579,2,1.0,PFBSA,-0.110482024090578,0.292160507626532,False,down
WBGene00020588,2,1.0,PFBSA,-0.337049321728936,0.292731104215597,False,down
WBGene00018735,2,1.0,PFBSA,-0.144142013671192,0.294012779009887,False,down
WBGene00008089,2,0.9666666666666667,PFBSA,-0.165532468392233,0.294421041329785,False,down
WBGene00020662,2,1.0,PFBSA,-0.112702043231865,0.296686400078273,False,down
WBGene00011864,2,1.0,PFBSA,-0.0925932764352157,0.299150869641595,False,down
WBGene00010702,2,1.0,PFBSA,-0.120264519333993,0.299150869641595,False,down
WBGene00013122,2,0.8,PFBSA,-0.164156641592635,0.299150869641595,False,down
WBGene00011155,2,1.0,PFBSA,-0.263392520511203,0.299320371726652,False,down
WBGene00004417,2,1.0,PFBSA,-0.0731259315038046,0.299695652851684,False,down
WBGene00011016,2,1.0,PFBSA,-0.0869524596781627,0.300176052246922,False,down
WBGene00008053,2,1.0,PFBSA,-0.140637457165718,0.300593586041826,False,down
WBGene00043066,2,1.0,PFBSA,-0.172637020556838,0.300593586041826,False,down
WBGene00021800,2,0.6666666666666666,PFBSA,-0.0711514060107492,0.300783473677277,False,down
WBGene00017742,2,0.9,PFBSA,-0.185909438028018,0.301238312202233,False,down
WBGene00018998,2,1.0,PFBSA,-0.123963496636541,0.301553967421926,False,down
WBGene00010306,2,1.0,PFBSA,-0.118422585007398,0.302053164640909,False,down
WBGene00009608,2,0.8666666666666667,PFBSA,-0.708014318176134,0.302893327568062,False,down
WBGene00011226,2,0.9333333333333333,PFBSA,-0.136665102862352,0.304259507106998,False,down
WBGene00004472,2,1.0,PFBSA,-0.0947040314308119,0.304522550666684,False,down
WBGene00004491,2,1.0,PFBSA,-0.102474042188945,0.304651171509715,False,down
WBGene00000038,2,1.0,PFBSA,-0.175529852726164,0.305041338745669,False,down
WBGene00001236,2,1.0,PFBSA,0.0868616755441379,0.305069711484996,False,up
WBGene00017825,2,0.9666666666666667,PFBSA,-0.133378073184615,0.305069711484996,False,down
WBGene00044318,2,1.0,PFBSA,0.174748010997409,0.305351212545892,False,up
WBGene00011047,2,1.0,PFBSA,-0.136737334999761,0.305838942669998,False,down
WBGene00022336,2,1.0,PFBSA,-0.0959922564990891,0.306268589893744,False,down
WBGene00012522,2,1.0,PFBSA,-0.134169217444105,0.306801131402493,False,down
WBGene00004470,2,1.0,PFBSA,-0.0935286980891645,0.307486855400861,False,down
WBGene00019971,2,1.0,PFBSA,-0.121861986402161,0.307586546184613,False,down
WBGene00016393,2,0.9666666666666667,PFBSA,-0.0823973908061716,0.308010660444964,False,down
WBGene00021097,2,0.7,PFBSA,-0.111217620111252,0.309097996418493,False,down
WBGene00014106,2,0.9666666666666667,PFBSA,0.214945800780944,0.309118173251926,False,up
WBGene00016920,2,0.5333333333333333,PFBSA,0.191648694561771,0.309438091729977,False,up
WBGene00017269,2,0.9,PFBSA,-0.211965763721241,0.310160308979964,False,down
WBGene00014182,2,1.0,PFBSA,-0.56830861973671,0.310160710644066,False,down
WBGene00000075,2,1.0,PFBSA,-0.166576871315727,0.310196397725859,False,down
WBGene00019215,2,0.9333333333333333,PFBSA,0.35305135752196,0.310846071853467,False,up
WBGene00010481,2,1.0,PFBSA,-0.173326690075722,0.310888435138233,False,down
WBGene00006465,2,0.9,PFBSA,-0.104524262562694,0.310960161785055,False,down
WBGene00016060,2,0.8666666666666667,PFBSA,-0.0861994744388928,0.311352892306085,False,down
WBGene00007679,2,1.0,PFBSA,-0.148999859066169,0.311352892306085,False,down
WBGene00016188,2,0.8333333333333334,PFBSA,-0.118858554153185,0.31204862398825,False,down
WBGene00021626,2,0.9666666666666667,PFBSA,-0.139212622778211,0.314212842622496,False,down
WBGene00001874,2,1.0,PFBSA,-0.0811548130020057,0.314376951209778,False,down
WBGene00021421,2,1.0,PFBSA,-0.109169108652407,0.314592213119135,False,down
WBGene00000269,2,0.9333333333333333,PFBSA,-0.092058776248087,0.315468187051281,False,down
WBGene00011180,2,1.0,PFBSA,-0.229977096921704,0.316703306916504,False,down
WBGene00022277,2,1.0,PFBSA,-0.109965559081244,0.316924651576457,False,down
WBGene00010077,2,1.0,PFBSA,-0.188261010484954,0.318699025108393,False,down
WBGene00018710,2,1.0,PFBSA,-0.0908667558709868,0.31952234132948,False,down
WBGene00007113,2,1.0,PFBSA,0.152946328432574,0.319541943955591,False,up
WBGene00044784,2,1.0,PFBSA,-0.149079809831831,0.319709698668092,False,down
WBGene00022702,2,1.0,PFBSA,0.14150225051861,0.320291939360681,False,up
WBGene00020012,2,1.0,PFBSA,-0.122403655232227,0.320334101953982,False,down
WBGene00021849,2,0.8666666666666667,PFBSA,-0.0977944464786974,0.321257047112184,False,down
WBGene00000647,2,0.9,PFBSA,-0.200982567726513,0.3224382412245,False,down
WBGene00012883,2,0.9666666666666667,PFBSA,-0.392881620843563,0.323883233914605,False,down
WBGene00001040,2,1.0,PFBSA,-0.148166034554833,0.324266482533257,False,down
WBGene00013433,2,1.0,PFBSA,-0.212489384855096,0.324416269983082,False,down
WBGene00009668,2,0.9333333333333333,PFBSA,-0.139170877476949,0.324446548180319,False,down
WBGene00019328,2,1.0,PFBSA,-0.136366427999886,0.324879939588337,False,down
WBGene00002220,2,1.0,PFBSA,-0.108974985828574,0.326052776491577,False,down
WBGene00001620,2,1.0,PFBSA,-0.14181815308313,0.326484064400942,False,down
WBGene00017909,2,1.0,PFBSA,-0.273387465740594,0.326610743361146,False,down
WBGene00022276,2,0.8666666666666667,PFBSA,0.090780705937927,0.327871466256586,False,up
WBGene00006875,2,0.8,PFBSA,-0.0974925981406662,0.327871466256586,False,down
WBGene00020516,2,1.0,PFBSA,-0.159706910720853,0.327871466256586,False,down
WBGene00009736,2,0.9666666666666667,PFBSA,0.142479629404559,0.328790549026685,False,up
WBGene00004257,2,1.0,PFBSA,-0.220501345408133,0.32926938473576,False,down
WBGene00015207,2,1.0,PFBSA,-0.0993850012990122,0.330324480316106,False,down
WBGene00015099,2,1.0,PFBSA,-0.109349183797069,0.330550318755285,False,down
WBGene00002059,2,0.9333333333333333,PFBSA,-0.113290174094422,0.330550318755285,False,down
WBGene00003903,2,1.0,PFBSA,0.0751298021693762,0.331180921860288,False,up
WBGene00021103,2,1.0,PFBSA,-0.139562059649228,0.331954305176545,False,down
WBGene00020977,2,0.9666666666666667,PFBSA,-0.451580390306564,0.332975112934235,False,down
WBGene00007703,2,1.0,PFBSA,-0.0836591632341248,0.333786265156212,False,down
WBGene00009052,2,1.0,PFBSA,0.091289288698764,0.33392856318971,False,up
WBGene00011687,2,1.0,PFBSA,-0.0986697530920844,0.334479092524594,False,down
WBGene00002067,2,1.0,PFBSA,0.143590217516268,0.335059571367504,False,up
WBGene00017687,2,1.0,PFBSA,0.145891745981385,0.336091923165671,False,up
WBGene00013074,2,0.9666666666666667,PFBSA,-0.475911577945528,0.337288892303717,False,down
WBGene00013866,2,0.9666666666666667,PFBSA,0.317265445525818,0.339054533093713,False,up
WBGene00003017,2,0.9666666666666667,PFBSA,-0.339670234506508,0.340084652719197,False,down
WBGene00022583,2,1.0,PFBSA,-0.138560632774977,0.340914155139638,False,down
WBGene00010002,2,1.0,PFBSA,-0.116095897231075,0.343208851097135,False,down
WBGene00021539,2,1.0,PFBSA,-0.085997353956418,0.343524540560816,False,down
WBGene00010629,2,1.0,PFBSA,-0.1258614351974,0.343713480832068,False,down
WBGene00021350,2,1.0,PFBSA,-0.0875906701823668,0.343790227981231,False,down
WBGene00009661,2,0.9,PFBSA,0.0743917062275459,0.343806229204058,False,up
WBGene00004413,2,1.0,PFBSA,-0.0727752444630532,0.344850352403483,False,down
WBGene00007913,2,0.7333333333333333,PFBSA,0.186625139337916,0.344883891436663,False,up
WBGene00004469,2,1.0,PFBSA,-0.0672708058412826,0.345046366608893,False,down
WBGene00004931,2,1.0,PFBSA,-0.104906760004017,0.345046366608893,False,down
WBGene00004120,2,1.0,PFBSA,-0.321384883921628,0.345284823442987,False,down
WBGene00008622,2,0.8666666666666667,PFBSA,-0.0796464105288548,0.345433623620271,False,down
WBGene00013947,2,1.0,PFBSA,-0.345025186923804,0.345612822901919,False,down
WBGene00022803,2,1.0,PFBSA,-0.166577121593009,0.34570886878296,False,down
WBGene00255600,2,1.0,PFBSA,-0.214133770327784,0.346337921210769,False,down
WBGene00020375,2,1.0,PFBSA,-0.13802693305544,0.346986236576152,False,down
WBGene00007110,2,0.7,PFBSA,-0.098273962848936,0.34701456880898,False,down
WBGene00015322,2,1.0,PFBSA,-0.189265305602734,0.34701456880898,False,down
WBGene00011224,2,1.0,PFBSA,-0.213095121288825,0.34771440064756,False,down
WBGene00003056,2,0.9666666666666667,PFBSA,0.124440768186124,0.349430995157284,False,up
WBGene00000164,2,1.0,PFBSA,-0.106696392069334,0.349820289457636,False,down
WBGene00004493,2,1.0,PFBSA,-0.0894639650374607,0.354435176524381,False,down
WBGene00012943,2,1.0,PFBSA,-0.137790719070815,0.355074292826699,False,down
WBGene00001336,2,1.0,PFBSA,-0.068517798788373,0.355107951463936,False,down
WBGene00004409,2,1.0,PFBSA,-0.10382653569944,0.355107951463936,False,down
WBGene00004495,2,1.0,PFBSA,-0.105650790839711,0.35535298445831,False,down
WBGene00008546,2,1.0,PFBSA,-0.151352264079763,0.356115540862788,False,down
WBGene00004485,2,1.0,PFBSA,-0.119961387655094,0.356332257555215,False,down
WBGene00002324,2,1.0,PFBSA,-0.133105864343715,0.356524537364356,False,down
WBGene00007139,2,0.9666666666666667,PFBSA,0.0899703017504939,0.356603114191743,False,up
WBGene00022770,2,1.0,PFBSA,-0.203882158071061,0.358065124424708,False,down
WBGene00018674,2,1.0,PFBSA,-0.0947733820944125,0.358367998958609,False,down
WBGene00013463,2,0.9666666666666667,PFBSA,-0.0748354288688206,0.358460101773241,False,down
WBGene00013436,2,1.0,PFBSA,0.12959781012125,0.358750794492549,False,up
WBGene00007918,2,1.0,PFBSA,-0.102619518018259,0.359247106706747,False,down
WBGene00010750,2,0.9333333333333333,PFBSA,0.17233681324054,0.359392149359605,False,up
WBGene00006510,2,0.7,PFBSA,-0.502541845952156,0.359616679857494,False,down
WBGene00021465,2,1.0,PFBSA,-0.331298581406096,0.359984743827838,False,down
WBGene00010070,2,1.0,PFBSA,-0.12143695737553,0.360255977752725,False,down
WBGene00044723,2,1.0,PFBSA,-0.293243062164212,0.360372702690103,False,down
WBGene00003218,2,1.0,PFBSA,-0.0788421659681002,0.361302744059165,False,down
WBGene00018527,2,0.9666666666666667,PFBSA,-0.314629914789491,0.361302744059165,False,down
WBGene00008528,2,1.0,PFBSA,0.123157076280226,0.361529800042994,False,up
WBGene00022021,2,1.0,PFBSA,0.122973035954539,0.361835846277232,False,up
WBGene00004471,2,1.0,PFBSA,-0.0848033461339922,0.361835846277232,False,down
WBGene00011735,2,1.0,PFBSA,-0.0886059133850937,0.361835846277232,False,down
WBGene00019838,2,1.0,PFBSA,-0.144718057651624,0.361835846277232,False,down
WBGene00013819,2,0.9666666666666667,PFBSA,-0.234925118511158,0.361835846277232,False,down
WBGene00012730,2,1.0,PFBSA,-0.075132819873292,0.362178103844903,False,down
WBGene00004332,2,0.9666666666666667,PFBSA,-0.137121408964312,0.362178103844903,False,down
WBGene00017567,2,1.0,PFBSA,-0.673841694019323,0.362178103844903,False,down
WBGene00007027,2,0.9333333333333333,PFBSA,0.0690118266545802,0.362720300096751,False,up
WBGene00021743,2,0.9666666666666667,PFBSA,-0.244276595462376,0.362720300096751,False,down
WBGene00000071,2,1.0,PFBSA,0.144941820397625,0.36431753239973,False,up
WBGene00001791,2,1.0,PFBSA,0.126202103361879,0.364393285725589,False,up
WBGene00019075,2,1.0,PFBSA,0.118470231686975,0.365268493123302,False,up
WBGene00021758,2,0.9666666666666667,PFBSA,-0.139914082828198,0.365405455846374,False,down
WBGene00007536,2,1.0,PFBSA,0.16600181582403,0.365695822099855,False,up
WBGene00011338,2,1.0,PFBSA,-0.0876566013622924,0.365982644320796,False,down
WBGene00019849,2,0.9,PFBSA,-0.517032933787203,0.365982644320796,False,down
WBGene00011051,2,1.0,PFBSA,-0.0893447858737457,0.367773852375094,False,down
WBGene00044329,2,1.0,PFBSA,-0.119763922182587,0.368099235971646,False,down
WBGene00001867,2,0.9666666666666667,PFBSA,-0.143734906160009,0.36822543682665,False,down
WBGene00021628,2,1.0,PFBSA,-0.137721619716559,0.368495332080225,False,down
WBGene00004424,2,1.0,PFBSA,-0.0784340586364193,0.36949159713132,False,down
WBGene00007493,2,0.7,PFBSA,-0.102285362764981,0.370956369834954,False,down
WBGene00004927,2,1.0,PFBSA,-0.10054018456225,0.371466170917446,False,down
WBGene00019822,2,0.8333333333333334,PFBSA,-0.0817155479436675,0.373832241613497,False,down
WBGene00010476,2,0.9666666666666667,PFBSA,-0.108367380436943,0.374270182904071,False,down
WBGene00007690,2,1.0,PFBSA,-0.114323177156227,0.374414395094569,False,down
WBGene00000200,2,1.0,PFBSA,-0.0608652709529021,0.374654893982642,False,down
WBGene00003961,2,1.0,PFBSA,-0.0857660858667521,0.375525368715732,False,down
WBGene00018061,2,1.0,PFBSA,-0.109822355122518,0.375535137863153,False,down
WBGene00020419,2,0.9333333333333333,PFBSA,-0.284483112460362,0.375930184233995,False,down
WBGene00018624,2,0.9666666666666667,PFBSA,0.274930979545347,0.376020052966506,False,up
WBGene00009223,2,0.9333333333333333,PFBSA,-0.121197461820981,0.37883977469957,False,down
WBGene00004477,2,1.0,PFBSA,-0.07898394733735,0.379555556378428,False,down
WBGene00021502,2,1.0,PFBSA,0.144308574173737,0.380365257871546,False,up
WBGene00006699,2,0.9,PFBSA,-0.114962315154447,0.380554088263888,False,down
WBGene00011556,2,0.9666666666666667,PFBSA,0.17906209111238,0.380649434713566,False,up
WBGene00012452,2,0.8,PFBSA,-0.110830359787778,0.380649434713566,False,down
WBGene00004094,2,1.0,PFBSA,-0.116568110311645,0.381565985637062,False,down
WBGene00003186,2,1.0,PFBSA,0.0863001914744455,0.381778750829531,False,up
WBGene00017084,2,1.0,PFBSA,-0.12429025406908,0.382012390711767,False,down
WBGene00008398,2,1.0,PFBSA,-0.114952637260922,0.382198357876651,False,down
WBGene00007880,2,1.0,PFBSA,-0.093807560735252,0.382514412416826,False,down
WBGene00004789,2,0.5333333333333333,PFBSA,-0.0973206659417693,0.38304277752144,False,down
WBGene00016030,2,0.9666666666666667,PFBSA,-0.0845482007405543,0.383461290162597,False,down
WBGene00015150,2,1.0,PFBSA,-0.172874248146034,0.383461290162597,False,down
WBGene00007100,2,1.0,PFBSA,-0.101783528372389,0.383590586603452,False,down
WBGene00023491,2,0.9666666666666667,PFBSA,-0.113476765371789,0.383590586603452,False,down
WBGene00015707,2,1.0,PFBSA,-0.339252584235241,0.383824382745319,False,down
WBGene00010214,2,0.9666666666666667,PFBSA,-0.172416569209941,0.387876828548232,False,down
WBGene00004439,2,1.0,PFBSA,-0.0941037467536378,0.388017633894081,False,down
WBGene00012276,2,1.0,PFBSA,-0.218929196185915,0.388094916863529,False,down
WBGene00022649,2,0.9666666666666667,PFBSA,0.191812465623892,0.388359472235467,False,up
WBGene00007089,2,1.0,PFBSA,-0.0737222271026629,0.388725980524758,False,down
WBGene00009267,2,1.0,PFBSA,-0.0979391026345428,0.389752798106633,False,down
WBGene00000552,2,1.0,PFBSA,-0.0534831527651524,0.390857556186364,False,down
WBGene00020150,2,0.9666666666666667,PFBSA,-0.530821884851284,0.392364237127456,False,down
WBGene00020320,2,0.9333333333333333,PFBSA,-0.0962537032123503,0.392496073642111,False,down
WBGene00020125,2,0.9666666666666667,PFBSA,0.148151574121773,0.392561784408343,False,up
WBGene00008891,2,0.9,PFBSA,-0.186734030329456,0.393139548708691,False,down
WBGene00016674,2,0.9666666666666667,PFBSA,0.194377334044523,0.394019682587028,False,up
WBGene00012208,2,1.0,PFBSA,-0.116416088280847,0.394592806017072,False,down
WBGene00011029,2,1.0,PFBSA,-0.0848857094319066,0.394707137646369,False,down
WBGene00004729,2,1.0,PFBSA,0.0700878881066229,0.39520300777162,False,up
WBGene00006760,2,1.0,PFBSA,-0.155637045392194,0.395351071822751,False,down
WBGene00017347,2,1.0,PFBSA,0.11571778034851,0.395488528892047,False,up
WBGene00013137,2,0.6333333333333333,PFBSA,-0.171117059884803,0.395488528892047,False,down
WBGene00001743,2,1.0,PFBSA,-0.0894705638100644,0.397214791158121,False,down
WBGene00012007,2,1.0,PFBSA,0.139771318165634,0.39769512560124,False,up
WBGene00022309,2,1.0,PFBSA,0.148538173056806,0.39773110924686,False,up
WBGene00003183,2,1.0,PFBSA,-0.0940754404236124,0.397823090368892,False,down
WBGene00012811,2,1.0,PFBSA,-0.145327325456665,0.397823090368892,False,down
WBGene00001590,2,1.0,PFBSA,-0.166015036273396,0.398756463989483,False,down
WBGene00000231,2,1.0,PFBSA,-0.103766668599889,0.39880879609954,False,down
WBGene00004420,2,1.0,PFBSA,-0.0680361052326858,0.399174717719782,False,down
WBGene00020837,2,1.0,PFBSA,-0.0963664176102859,0.399484429368489,False,down
WBGene00007710,2,1.0,PFBSA,-0.230105751018877,0.39964356090689,False,down
WBGene00004855,2,0.9666666666666667,PFBSA,-0.0900714604287698,0.401123856367322,False,down
WBGene00019813,2,1.0,PFBSA,-0.0976711801049223,0.402221764682842,False,down
WBGene00020131,2,1.0,PFBSA,0.0923267032443758,0.402461146511264,False,up
WBGene00003941,2,1.0,PFBSA,0.0964445623785913,0.403671869095664,False,up
WBGene00015173,2,1.0,PFBSA,0.065844336571195,0.404246245387136,False,up
WBGene00017594,2,1.0,PFBSA,-0.327648017886047,0.404600432642096,False,down
WBGene00007021,2,1.0,PFBSA,-0.11905534896394,0.404850573143461,False,down
WBGene00018006,2,1.0,PFBSA,-0.10444536447743,0.405201680050683,False,down
WBGene00016400,2,1.0,PFBSA,-0.0976173422692646,0.406221030668079,False,down
WBGene00003578,2,1.0,PFBSA,-0.0996487205132801,0.406722561077858,False,down
WBGene00045276,2,1.0,PFBSA,-0.538333485208621,0.406722561077858,False,down
WBGene00020633,2,1.0,PFBSA,0.10223501491525,0.407077684652335,False,up
WBGene00017313,2,1.0,PFBSA,-0.0849631588842266,0.407077684652335,False,down
WBGene00015965,2,0.7333333333333333,PFBSA,-0.153610435933594,0.407077684652335,False,down
WBGene00010416,2,1.0,PFBSA,-0.0669130107650698,0.407116517138688,False,down
WBGene00011487,2,1.0,PFBSA,-0.722458491109405,0.408273263530637,False,down
WBGene00018283,2,1.0,PFBSA,-0.341615579873314,0.408530645206841,False,down
WBGene00000739,2,1.0,PFBSA,0.19820764654151,0.409021634544403,False,up
WBGene00013998,2,0.9666666666666667,PFBSA,0.111962857571916,0.409486116149075,False,up
WBGene00016624,2,1.0,PFBSA,-0.107033412824989,0.409486116149075,False,down
WBGene00004010,2,1.0,PFBSA,0.0775040840191577,0.410282344620906,False,up
WBGene00021913,2,1.0,PFBSA,-0.164930662072195,0.411117886042498,False,down
WBGene00018718,2,1.0,PFBSA,-0.11260927627783,0.411484832370944,False,down
WBGene00012941,2,0.9666666666666667,PFBSA,-0.216049206216612,0.411484832370944,False,down
WBGene00008687,2,0.9666666666666667,PFBSA,-0.114663805395976,0.411714113912043,False,down
WBGene00018395,2,1.0,PFBSA,-0.051142394840608,0.412867286014687,False,down
WBGene00022618,2,1.0,PFBSA,0.082971781674945,0.412985216541641,False,up
WBGene00012952,2,1.0,PFBSA,0.278095800664635,0.413411221354383,False,up
WBGene00022499,2,1.0,PFBSA,-0.0809381396951396,0.413411221354383,False,down
WBGene00004732,2,0.6666666666666666,PFBSA,-0.0618795343062043,0.414806802320931,False,down
WBGene00013140,2,1.0,PFBSA,-0.0923011455107107,0.414806802320931,False,down
WBGene00022031,2,1.0,PFBSA,-0.107005580995588,0.414806802320931,False,down
WBGene00017285,2,1.0,PFBSA,-0.0658620282538715,0.41483198763501,False,down
WBGene00000839,2,0.9666666666666667,PFBSA,0.0658043786268581,0.415854398300058,False,up
WBGene00013676,2,1.0,PFBSA,-0.0811345495142409,0.41636820320502,False,down
WBGene00017286,2,1.0,PFBSA,0.0921829237119183,0.416819921751283,False,up
WBGene00008140,2,0.9333333333333333,PFBSA,-0.0915331640872604,0.417295122589272,False,down
WBGene00019630,2,0.9333333333333333,PFBSA,-0.245301159844847,0.418156448386938,False,down
WBGene00000699,2,1.0,PFBSA,0.150761423880821,0.41833879457105,False,up
WBGene00008944,2,1.0,PFBSA,0.198574211664642,0.418382655922696,False,up
WBGene00022053,2,1.0,PFBSA,-0.0789154452691556,0.420010488521827,False,down
WBGene00009878,2,1.0,PFBSA,-0.107663794470709,0.420010488521827,False,down
WBGene00007116,2,1.0,PFBSA,-0.113309130041079,0.420010488521827,False,down
WBGene00004476,2,1.0,PFBSA,-0.0687182320870926,0.42037311040296,False,down
WBGene00008369,2,1.0,PFBSA,-0.15338890318273,0.42037311040296,False,down
WBGene00010433,2,1.0,PFBSA,-0.103524632179427,0.42070763075761,False,down
WBGene00001468,2,1.0,PFBSA,-0.223472698426329,0.421057651768236,False,down
WBGene00001208,2,0.6,PFBSA,-0.0690820641323988,0.421278276164316,False,down
WBGene00023421,2,1.0,PFBSA,-0.0945128102879191,0.422415031336007,False,down
WBGene00016544,2,1.0,PFBSA,-0.214545501298518,0.422415031336007,False,down
WBGene00001093,2,1.0,PFBSA,-0.0623086314789709,0.423043500249881,False,down
WBGene00016676,2,1.0,PFBSA,0.0871144484194264,0.424036097876296,False,up
WBGene00004473,2,1.0,PFBSA,-0.0626157242764573,0.425957979531186,False,down
WBGene00006896,2,0.9333333333333333,PFBSA,0.0918018099077775,0.426004768603655,False,up
WBGene00000798,2,0.9666666666666667,PFBSA,0.116550156303512,0.426849255708783,False,up
WBGene00008212,2,1.0,PFBSA,0.27026382494701,0.426993799034414,False,up
WBGene00009177,2,0.9666666666666667,PFBSA,-0.135359654663301,0.427909368231434,False,down
WBGene00002032,2,1.0,PFBSA,-0.214744909553861,0.42808375361133,False,down
WBGene00011980,2,1.0,PFBSA,0.0597565103763288,0.42828925001679,False,up
WBGene00007624,2,1.0,PFBSA,-0.104372079415724,0.428325832492335,False,down
WBGene00016590,2,1.0,PFBSA,-0.251613651697181,0.428874873292204,False,down
WBGene00001820,2,0.9666666666666667,PFBSA,-0.221768555709177,0.429376998654998,False,down
WBGene00004480,2,1.0,PFBSA,-0.0806884629489873,0.429897773443273,False,down
WBGene00010647,2,1.0,PFBSA,-0.229759118611314,0.430394044483023,False,down
WBGene00004802,2,0.9333333333333333,PFBSA,-0.259806566529047,0.430394044483023,False,down
WBGene00010263,2,1.0,PFBSA,-0.192748446244513,0.431230500933725,False,down
WBGene00001247,2,1.0,PFBSA,-0.124862643216504,0.432102728271183,False,down
WBGene00007588,2,1.0,PFBSA,-0.064171289930887,0.434073944283906,False,down
WBGene00022089,2,1.0,PFBSA,-0.0488541820265041,0.434925051958284,False,down
WBGene00001583,2,1.0,PFBSA,-0.0991933091553416,0.434979388544564,False,down
WBGene00004440,2,1.0,PFBSA,-0.0842671036877213,0.435685744554982,False,down
WBGene00000513,2,1.0,PFBSA,-0.212608563632383,0.435685744554982,False,down
WBGene00015011,2,1.0,PFBSA,-0.113268640335154,0.435828801567888,False,down
WBGene00003479,2,1.0,PFBSA,-0.0871406253768698,0.436484604202047,False,down
WBGene00016990,2,0.9,PFBSA,-0.0908382183413789,0.43704265252241,False,down
WBGene00002269,2,1.0,PFBSA,0.122747214331699,0.438280349381668,False,up
WBGene00020970,2,0.9666666666666667,PFBSA,-0.0747235101770252,0.438713229884611,False,down
WBGene00011885,2,0.9333333333333333,PFBSA,0.0580137549662944,0.43942085768727,False,up
WBGene00015035,2,1.0,PFBSA,-0.176161024427102,0.439558799848002,False,down
WBGene00010749,2,0.7,PFBSA,0.122372155363121,0.440631487005228,False,up
WBGene00010229,2,0.9666666666666667,PFBSA,-0.134672755169042,0.440709913889578,False,down
WBGene00020284,2,1.0,PFBSA,0.103842375824921,0.441638900392644,False,up
WBGene00006365,2,0.9666666666666667,PFBSA,0.104208968556196,0.441670102425467,False,up
WBGene00016710,2,0.9333333333333333,PFBSA,0.0924194548233532,0.442501893003953,False,up
WBGene00008219,2,0.9666666666666667,PFBSA,-0.083743704748189,0.442601775000234,False,down
WBGene00012434,2,1.0,PFBSA,0.124165493874147,0.444016423485311,False,up
WBGene00002138,2,0.8,PFBSA,-0.101699148940373,0.44427651078892,False,down
WBGene00009340,2,1.0,PFBSA,-0.104715292878152,0.444331942143199,False,down
WBGene00008749,2,1.0,PFBSA,0.105072600478951,0.445233787589718,False,up
WBGene00017926,2,1.0,PFBSA,-0.103913875616123,0.445379308101756,False,down
WBGene00008986,2,1.0,PFBSA,0.157416027294545,0.445602053082072,False,up
WBGene00008456,2,0.9666666666666667,PFBSA,0.127049204915961,0.445602053082072,False,up
WBGene00013967,2,0.9333333333333333,PFBSA,0.14173799643229,0.445767879438991,False,up
WBGene00019940,2,1.0,PFBSA,-0.071921812924248,0.446273155711242,False,down
WBGene00009145,2,0.9,PFBSA,-0.120639885429992,0.446352389534686,False,down
WBGene00007873,2,1.0,PFBSA,0.560534188244825,0.446814872082901,False,up
WBGene00009712,2,1.0,PFBSA,-0.0579286544535006,0.447834978182759,False,down
WBGene00017293,2,1.0,PFBSA,-0.113459475413035,0.448321947175843,False,down
WBGene00021269,2,0.9333333333333333,PFBSA,-0.1456831753814,0.448737295186519,False,down
WBGene00010205,2,1.0,PFBSA,-0.307381010489634,0.449218330119286,False,down
WBGene00013211,2,1.0,PFBSA,-0.224237641559025,0.449510572168896,False,down
WBGene00002148,2,1.0,PFBSA,0.0626428735783096,0.449605786090623,False,up
WBGene00044797,2,1.0,PFBSA,-0.161720507581022,0.449796961006502,False,down
WBGene00010140,2,1.0,PFBSA,-0.158463069142951,0.451666780416,False,down
WBGene00000952,2,0.9666666666666667,PFBSA,-0.24532802381576,0.452333567998256,False,down
WBGene00021764,2,1.0,PFBSA,-0.0715011668395805,0.453000485395127,False,down
WBGene00001043,2,1.0,PFBSA,0.063997896603486,0.453458839665749,False,up
WBGene00013552,2,1.0,PFBSA,-0.209064849099084,0.454037982635652,False,down
WBGene00008488,2,1.0,PFBSA,-0.188965938758709,0.45445584224391,False,down
WBGene00001088,2,0.8666666666666667,PFBSA,-0.0878557678389834,0.45633729416871,False,down
WBGene00019823,2,0.9,PFBSA,-0.144231946777074,0.45633729416871,False,down
WBGene00020507,2,1.0,PFBSA,0.0588874140077146,0.456484514500447,False,up
WBGene00020376,2,1.0,PFBSA,-0.112224816824795,0.456586031823086,False,down
WBGene00008254,2,1.0,PFBSA,-0.106661994520915,0.457071127694416,False,down
WBGene00017605,2,1.0,PFBSA,-0.10363336561627,0.457411060861208,False,down
WBGene00000162,2,1.0,PFBSA,-0.0881899971916369,0.458123866228797,False,down
WBGene00006698,2,1.0,PFBSA,-0.0989162261656136,0.458627078885803,False,down
WBGene00018963,2,1.0,PFBSA,-0.0563896726994681,0.458755928089129,False,down
WBGene00011979,2,0.9666666666666667,PFBSA,0.672386873647868,0.459299296340728,False,up
WBGene00018237,2,1.0,PFBSA,0.146035991748052,0.459338703803112,False,up
WBGene00013690,2,0.9666666666666667,PFBSA,-0.155506074387451,0.460168386042624,False,down
WBGene00020847,2,1.0,PFBSA,-0.0785481787484138,0.461206517232863,False,down
WBGene00020052,2,1.0,PFBSA,0.144028068684564,0.461959518259206,False,up
WBGene00019017,2,1.0,PFBSA,-0.127953660063147,0.4627876191857,False,down
WBGene00007413,2,1.0,PFBSA,0.0811169213886354,0.463618832628288,False,up
WBGene00185102,2,0.9666666666666667,PFBSA,-0.262633508231225,0.46386258541044,False,down
WBGene00001018,2,1.0,PFBSA,-0.0734514589731052,0.463991472366196,False,down
WBGene00013506,2,1.0,PFBSA,0.132731962270881,0.464039818466243,False,up
WBGene00022460,2,1.0,PFBSA,-0.132579932159786,0.464261450349253,False,down
WBGene00006389,2,1.0,PFBSA,0.112999842342112,0.465505274543032,False,up
WBGene00011268,2,1.0,PFBSA,0.0802417546548426,0.465505274543032,False,up
WBGene00004474,2,1.0,PFBSA,-0.0734878900170398,0.46562692488746,False,down
WBGene00011071,2,1.0,PFBSA,0.0626584242032,0.4661814715826,False,up
WBGene00007974,2,1.0,PFBSA,-0.109297228971294,0.46745259479269,False,down
WBGene00017289,2,0.7666666666666667,PFBSA,-0.10809789760335,0.468333439788315,False,down
WBGene00022742,2,1.0,PFBSA,0.0645885105775426,0.468336311271252,False,up
WBGene00017925,2,0.9333333333333333,PFBSA,-0.079128962117496,0.468449980413942,False,down
WBGene00010013,2,1.0,PFBSA,0.0740362018023663,0.469657086425871,False,up
WBGene00007234,2,0.9333333333333333,PFBSA,-0.0971559193251373,0.469657086425871,False,down
WBGene00018544,2,0.9,PFBSA,-0.354861148054374,0.470718124785546,False,down
WBGene00020268,2,1.0,PFBSA,0.0698764786928169,0.470810396542546,False,up
WBGene00004499,2,1.0,PFBSA,-0.0781395912558325,0.471968726555058,False,down
WBGene00002196,2,1.0,PFBSA,-0.0464113363222858,0.472349115084681,False,down
WBGene00001838,2,0.9666666666666667,PFBSA,-0.0929074494712423,0.472349115084681,False,down
WBGene00004425,2,1.0,PFBSA,-0.0537403320306803,0.472482885732422,False,down
WBGene00013350,2,1.0,PFBSA,0.128750788351526,0.472636057490693,False,up
WBGene00015038,2,1.0,PFBSA,-0.151903661010601,0.472919656948211,False,down
WBGene00011083,2,1.0,PFBSA,-0.147420489959054,0.473256998920407,False,down
WBGene00011641,2,1.0,PFBSA,-0.149563222876237,0.473256998920407,False,down
WBGene00018964,2,1.0,PFBSA,-0.141167625398552,0.474009802492071,False,down
WBGene00006383,2,1.0,PFBSA,-0.0724544030121255,0.474161587688857,False,down
WBGene00022791,2,0.9666666666666667,PFBSA,-0.123564721364932,0.474251171992985,False,down
WBGene00004482,2,1.0,PFBSA,-0.078706929587658,0.474561081559363,False,down
WBGene00004442,2,1.0,PFBSA,-0.0994959171345172,0.475053230837954,False,down
WBGene00006704,2,1.0,PFBSA,-0.0803188108824896,0.475360522588163,False,down
WBGene00022459,2,1.0,PFBSA,-0.0562571099682849,0.475544638812787,False,down
WBGene00044294,2,0.9666666666666667,PFBSA,0.122015454006908,0.476513675411319,False,up
WBGene00022610,2,0.9666666666666667,PFBSA,0.101016815347828,0.476774194248907,False,up
WBGene00004403,2,1.0,PFBSA,0.0626124843641865,0.47680839431365,False,up
WBGene00000246,2,1.0,PFBSA,0.134398631367328,0.476932466388874,False,up
WBGene00013207,2,1.0,PFBSA,-0.417386130801151,0.477022028156305,False,down
WBGene00013938,2,1.0,PFBSA,0.30361759853513,0.477958768573664,False,up
WBGene00022836,2,1.0,PFBSA,-0.0769672546411789,0.478699532311586,False,down
WBGene00014227,2,1.0,PFBSA,-0.0970991297524366,0.479079436479592,False,down
WBGene00003078,2,1.0,PFBSA,-0.129815341505612,0.479819822357436,False,down
WBGene00004432,2,1.0,PFBSA,-0.05942213310034,0.480420499013033,False,down
WBGene00004902,2,1.0,PFBSA,-0.0970978798009808,0.480420499013033,False,down
WBGene00012121,2,1.0,PFBSA,-0.0840233342750791,0.480562859093179,False,down
WBGene00017741,2,0.9666666666666667,PFBSA,-0.118002042279798,0.480687505514419,False,down
WBGene00015283,2,0.9666666666666667,PFBSA,-0.0656253260337676,0.481431514332507,False,down
WBGene00019771,2,1.0,PFBSA,-0.085451785037552,0.481431514332507,False,down
WBGene00022104,2,1.0,PFBSA,-0.150219159572017,0.481431514332507,False,down
WBGene00006722,2,1.0,PFBSA,-0.121829841144189,0.482731939500563,False,down
WBGene00015555,2,0.7,PFBSA,-0.0594174568741998,0.483032847908339,False,down
WBGene00012553,2,1.0,PFBSA,-0.0560120700052267,0.483887096754842,False,down
WBGene00008740,2,1.0,PFBSA,-0.177259698611414,0.484255761815106,False,down
WBGene00020417,2,1.0,PFBSA,-0.0641610570953674,0.484268971937399,False,down
WBGene00016654,2,0.9666666666666667,PFBSA,-0.0891577243652145,0.48500211362637,False,down
WBGene00019778,2,1.0,PFBSA,-0.0828784575031619,0.487432822150871,False,down
WBGene00021322,2,1.0,PFBSA,0.111261184938971,0.487904027623627,False,up
WBGene00006442,2,1.0,PFBSA,-0.0776341242395425,0.488153749546006,False,down
WBGene00018330,2,1.0,PFBSA,-0.0976272999330615,0.488153749546006,False,down
WBGene00009455,2,0.9666666666666667,PFBSA,-0.112296306754231,0.489353991937608,False,down
WBGene00000817,2,0.9333333333333333,PFBSA,-0.0772461503272203,0.489618952947481,False,down
WBGene00012376,2,1.0,PFBSA,-0.0712682411897217,0.490444141742453,False,down
WBGene00009798,2,1.0,PFBSA,0.148096236595647,0.491151587802659,False,up
WBGene00021562,2,1.0,PFBSA,-0.0616806133692666,0.491151587802659,False,down
WBGene00015326,2,0.9333333333333333,PFBSA,0.110494026964625,0.491471421557455,False,up
WBGene00003389,2,1.0,PFBSA,-0.0623764044139351,0.491709093091523,False,down
WBGene00001404,2,1.0,PFBSA,-0.095543807653873,0.492194789522662,False,down
WBGene00004429,2,1.0,PFBSA,-0.0605703357074782,0.493236840705604,False,down
WBGene00013441,2,1.0,PFBSA,0.0689057168073327,0.494432048388708,False,up
WBGene00043064,2,1.0,PFBSA,-0.110689405928496,0.494912399280053,False,down
WBGene00219322,2,1.0,PFBSA,-0.333402278711974,0.495485260940615,False,down
WBGene00018337,2,0.9333333333333333,PFBSA,-0.15616106368822,0.496520408301854,False,down
WBGene00016069,2,1.0,PFBSA,-0.192231267463047,0.496520408301854,False,down
WBGene00018714,2,0.9666666666666667,PFBSA,-0.0813920156885604,0.497614148529055,False,down
WBGene00020264,2,1.0,PFBSA,-0.0573506733363568,0.499833322376482,False,down
WBGene00020181,2,1.0,PFBSA,-0.0686840809588658,0.499833322376482,False,down
WBGene00011743,2,0.6666666666666666,PFBSA,-0.110975769948465,0.5000372851899,False,down
WBGene00011109,2,1.0,PFBSA,-0.104404747264031,0.500292434368471,False,down
WBGene00006540,2,1.0,PFBSA,-0.0682498999457876,0.50080931850809,False,down
WBGene00018077,2,0.9666666666666667,PFBSA,0.143529272766558,0.501022148515254,False,up
WBGene00004744,2,1.0,PFBSA,-0.0635815505996321,0.501778498501214,False,down
WBGene00015937,2,1.0,PFBSA,-0.329480230043421,0.501829545448277,False,down
WBGene00007261,2,1.0,PFBSA,-0.0687395338109087,0.502858589668561,False,down
WBGene00011123,2,1.0,PFBSA,-0.120020038709879,0.502927693840506,False,down
WBGene00013591,2,0.6666666666666666,PFBSA,0.116523720986389,0.503664884994899,False,up
WBGene00015405,2,1.0,PFBSA,0.0735182768436299,0.503688993119949,False,up
WBGene00018793,2,1.0,PFBSA,-0.083368171413303,0.504306771731278,False,down
WBGene00004412,2,1.0,PFBSA,-0.0494209617881864,0.505686874186241,False,down
WBGene00004436,2,1.0,PFBSA,-0.0640715736261307,0.506253802683783,False,down
WBGene00005021,2,0.8333333333333334,PFBSA,-0.113029636237912,0.506819611141649,False,down
WBGene00000198,2,1.0,PFBSA,-0.0964139913875406,0.507216386980271,False,down
WBGene00008764,2,1.0,PFBSA,-0.0713396521642279,0.508048061572673,False,down
WBGene00013558,2,0.8666666666666667,PFBSA,-0.0737438288838295,0.508311841684696,False,down
WBGene00004705,2,1.0,PFBSA,-0.109903691695386,0.508832590592739,False,down
WBGene00022663,2,1.0,PFBSA,-0.12271616785872,0.508832590592739,False,down
WBGene00008930,2,1.0,PFBSA,-0.148947187594157,0.508832590592739,False,down
WBGene00021423,2,0.8333333333333334,PFBSA,0.0691758803381943,0.508889660602381,False,up
WBGene00044413,2,1.0,PFBSA,0.19531033758235,0.509168876927132,False,up
WBGene00021765,2,1.0,PFBSA,-0.0562349964071876,0.509861829328376,False,down
WBGene00020379,2,1.0,PFBSA,-0.0967116503712644,0.509915666287781,False,down
WBGene00009575,2,1.0,PFBSA,-0.0734825918885339,0.510082904149855,False,down
WBGene00007483,2,1.0,PFBSA,-0.20347173127903,0.510289198365748,False,down
WBGene00013544,2,1.0,PFBSA,0.125711228048883,0.510574999365573,False,up
WBGene00000772,2,0.9333333333333333,PFBSA,-0.21736900410202,0.510783101182161,False,down
WBGene00001653,2,1.0,PFBSA,-0.0648906684159811,0.511515447789913,False,down
WBGene00022569,2,1.0,PFBSA,-0.100019588586636,0.512022650380315,False,down
WBGene00005001,2,0.7333333333333333,PFBSA,-0.14558454182092,0.51299458920027,False,down
WBGene00004893,2,1.0,PFBSA,-0.0964071849096342,0.514526998997373,False,down
WBGene00004451,2,1.0,PFBSA,-0.089379122019649,0.515376373976773,False,down
WBGene00003081,2,1.0,PFBSA,-0.118498774489456,0.518130357303871,False,down
WBGene00000205,2,0.9666666666666667,PFBSA,-0.0846191606187887,0.51880600713428,False,down
WBGene00004178,2,1.0,PFBSA,0.117722868409263,0.519003923881943,False,up
WBGene00012715,2,1.0,PFBSA,0.147203155326252,0.52003806373559,False,up
WBGene00008165,2,1.0,PFBSA,-0.0603001574654877,0.521092021070721,False,down
WBGene00018487,2,1.0,PFBSA,-0.196274642997499,0.521092021070721,False,down
WBGene00000994,2,1.0,PFBSA,-0.106683024894228,0.521611040581512,False,down
WBGene00006713,2,1.0,PFBSA,-0.0866307919186449,0.522323604703349,False,down
WBGene00021785,2,0.5666666666666667,PFBSA,0.115201812213102,0.522351670682279,False,up
WBGene00004479,2,1.0,PFBSA,-0.0629074552051875,0.522351670682279,False,down
WBGene00013021,2,1.0,PFBSA,-0.0852002345241856,0.522730408656865,False,down
WBGene00019682,2,1.0,PFBSA,-0.0965973022747731,0.522730408656865,False,down
WBGene00008583,2,1.0,PFBSA,-0.18113880676151,0.5231284515772,False,down
WBGene00001995,2,1.0,PFBSA,-0.111338407749384,0.523976081364767,False,down
WBGene00011067,2,1.0,PFBSA,-0.058102955938697,0.525335221244384,False,down
WBGene00017239,2,0.9666666666666667,PFBSA,-0.177354147771802,0.525335221244384,False,down
WBGene00006769,2,1.0,PFBSA,-0.0530212050070644,0.52540927859735,False,down
WBGene00014251,2,1.0,PFBSA,-0.206377797851271,0.526187579483839,False,down
WBGene00011454,2,1.0,PFBSA,0.103447489343736,0.528175468278757,False,up
WBGene00020701,2,1.0,PFBSA,-0.107755348208664,0.528175468278757,False,down
WBGene00006951,2,1.0,PFBSA,-0.101044920793634,0.528625912352481,False,down
WBGene00017500,2,0.9666666666666667,PFBSA,-0.322373845085964,0.528660710082389,False,down
WBGene00018640,2,1.0,PFBSA,-0.422164726534138,0.529363923821593,False,down
WBGene00014123,2,0.9666666666666667,PFBSA,0.0767503688701945,0.529508699078945,False,up
WBGene00017837,2,1.0,PFBSA,0.075742162968099,0.529565608263292,False,up
WBGene00007242,2,1.0,PFBSA,-0.103018942272387,0.530381941995721,False,down
WBGene00013275,2,1.0,PFBSA,0.118024234088496,0.530435102158848,False,up
WBGene00018307,2,0.8666666666666667,PFBSA,0.198966178679488,0.530504248515269,False,up
WBGene00022787,2,1.0,PFBSA,-0.0913622876752852,0.530620410225187,False,down
WBGene00006839,2,1.0,PFBSA,0.0499384070730804,0.532706750286882,False,up
WBGene00007223,2,1.0,PFBSA,-0.088134693667241,0.533734137620396,False,down
WBGene00017490,2,1.0,PFBSA,-0.318678137543763,0.533734137620396,False,down
WBGene00012683,2,0.9666666666666667,PFBSA,-0.360336176395127,0.534014991792349,False,down
WBGene00044360,2,0.9666666666666667,PFBSA,-0.220734297477586,0.535937475560395,False,down
WBGene00015885,2,1.0,PFBSA,-0.115273558518891,0.536401815218088,False,down
WBGene00021061,2,1.0,PFBSA,0.0784681570448041,0.537170121918755,False,up
WBGene00000371,2,1.0,PFBSA,-0.0607387009040753,0.537879591056017,False,down
WBGene00004492,2,1.0,PFBSA,-0.0912383421799118,0.537908060726385,False,down
WBGene00016337,2,1.0,PFBSA,-0.282919088794444,0.537908060726385,False,down
WBGene00000537,2,1.0,PFBSA,0.0779578751299923,0.540020619296211,False,up
WBGene00011164,2,1.0,PFBSA,-0.217783604989351,0.540110670862667,False,down
WBGene00011887,2,1.0,PFBSA,-0.0650590575970053,0.540686024775866,False,down
WBGene00022573,2,0.9666666666666667,PFBSA,-0.180812637815852,0.541785215537342,False,down
WBGene00044107,2,1.0,PFBSA,0.180496839703702,0.541988323012429,False,up
WBGene00000880,2,0.9666666666666667,PFBSA,-0.0530422411601716,0.542467530131787,False,down
WBGene00010459,2,1.0,PFBSA,-0.106610103648359,0.542467530131787,False,down
WBGene00206418,2,1.0,PFBSA,-0.149567194342092,0.542473682975384,False,down
WBGene00022192,2,1.0,PFBSA,-0.0646810278185674,0.5428157427711,False,down
WBGene00007390,2,0.9666666666666667,PFBSA,-0.0696839761927386,0.5428157427711,False,down
WBGene00001082,2,1.0,PFBSA,-0.0547588247610611,0.543508037246297,False,down
WBGene00009992,2,1.0,PFBSA,-0.0507133527585355,0.544208867034161,False,down
WBGene00018328,2,1.0,PFBSA,-0.0997362826713163,0.54469379183472,False,down
WBGene00006988,2,1.0,PFBSA,-0.0888655490514665,0.545855291074044,False,down
WBGene00003077,2,0.5666666666666667,PFBSA,-0.099263533609066,0.545855291074044,False,down
WBGene00017608,2,0.9666666666666667,PFBSA,-0.0629243464396455,0.546760940718452,False,down
WBGene00011661,2,1.0,PFBSA,-0.0748286558211031,0.547640499060619,False,down
WBGene00011273,2,1.0,PFBSA,-0.0525826471583765,0.548053244826416,False,down
WBGene00044648,2,1.0,PFBSA,0.112698722661985,0.548108438184365,False,up
WBGene00016942,2,1.0,PFBSA,-0.415350902155431,0.548108438184365,False,down
WBGene00020413,2,0.9666666666666667,PFBSA,-0.112813681574068,0.548295058110089,False,down
WBGene00009565,2,1.0,PFBSA,-0.0852040960878195,0.548735349949496,False,down
WBGene00000815,2,0.9333333333333333,PFBSA,-0.0635161022151445,0.550923954779006,False,down
WBGene00011374,2,1.0,PFBSA,-0.104124923219507,0.551390651474313,False,down
WBGene00011498,2,0.9666666666666667,PFBSA,-0.0842841428662382,0.551425387724135,False,down
WBGene00015487,2,1.0,PFBSA,-0.0929943675828914,0.551425387724135,False,down
WBGene00020101,2,1.0,PFBSA,-0.0807112773555597,0.551634663546157,False,down
WBGene00000745,2,0.9,PFBSA,-0.224491884461357,0.551634663546157,False,down
WBGene00009793,2,1.0,PFBSA,-0.0680533734290161,0.551688258065296,False,down
WBGene00006443,2,0.9666666666666667,PFBSA,-0.0635292689737906,0.552018471449293,False,down
WBGene00022850,2,1.0,PFBSA,-0.0739205877423479,0.552763309499402,False,down
WBGene00004486,2,1.0,PFBSA,-0.0679214447100362,0.554041735483517,False,down
WBGene00013352,2,0.9666666666666667,PFBSA,0.0825117340982229,0.55433676332255,False,up
WBGene00020049,2,0.9333333333333333,PFBSA,0.106819575102701,0.554904556153525,False,up
WBGene00001240,2,1.0,PFBSA,-0.0981221934369782,0.555346082676301,False,down
WBGene00019493,2,1.0,PFBSA,0.0648039085869553,0.556790177902526,False,up
WBGene00019647,2,1.0,PFBSA,-0.0900356596135215,0.557743122342324,False,down
WBGene00000829,2,1.0,PFBSA,-0.0764972923289762,0.559549682294331,False,down
WBGene00011580,2,1.0,PFBSA,0.0560067684159721,0.560634124265262,False,up
WBGene00021644,2,1.0,PFBSA,-0.0569230391065561,0.560902399466276,False,down
WBGene00017159,2,0.9666666666666667,PFBSA,-0.0926694165897157,0.561408986212307,False,down
WBGene00021332,2,1.0,PFBSA,-0.103443134715555,0.561408986212307,False,down
WBGene00018520,2,0.9666666666666667,PFBSA,-0.0537467972396257,0.561694744239292,False,down
WBGene00017929,2,0.9666666666666667,PFBSA,-0.0689074958668708,0.562291761777991,False,down
WBGene00020692,2,1.0,PFBSA,-0.122574867097861,0.564106612327152,False,down
WBGene00011163,2,1.0,PFBSA,-0.277879744613588,0.565015665993398,False,down
WBGene00013507,2,0.9666666666666667,PFBSA,0.170743043846806,0.565078987665677,False,up
WBGene00010279,2,0.9666666666666667,PFBSA,0.0568689599638889,0.565173769575962,False,up
WBGene00006567,2,1.0,PFBSA,0.0830913749034497,0.566410337035563,False,up
WBGene00008493,2,1.0,PFBSA,-0.294411965367231,0.567107237935633,False,down
WBGene00022633,2,1.0,PFBSA,-0.0973644226605869,0.568608494141446,False,down
WBGene00003735,2,1.0,PFBSA,-0.0505507454548986,0.569543748676236,False,down
WBGene00020193,2,1.0,PFBSA,-0.147491592046763,0.569543748676236,False,down
WBGene00022236,2,1.0,PFBSA,-0.239454640322766,0.569543748676236,False,down
WBGene00008594,2,0.9666666666666667,PFBSA,-0.0813316305098688,0.571089568271397,False,down
WBGene00001581,2,1.0,PFBSA,-0.114098140198495,0.57174590349435,False,down
WBGene00000229,2,1.0,PFBSA,-0.0419661997424117,0.571756673856704,False,down
WBGene00015396,2,1.0,PFBSA,-0.158249490779575,0.572810005626624,False,down
WBGene00003818,2,1.0,PFBSA,-0.0451054128591322,0.572887498970422,False,down
WBGene00004484,2,1.0,PFBSA,-0.0590679531638929,0.573073677893175,False,down
WBGene00000777,2,1.0,PFBSA,-0.0864228904204558,0.573353643581282,False,down
WBGene00003837,2,1.0,PFBSA,-0.0982620457345782,0.573831138652928,False,down
WBGene00044326,2,1.0,PFBSA,-0.0659098837140619,0.573831405440828,False,down
WBGene00004743,2,0.9666666666666667,PFBSA,-0.0660754954805229,0.574205423210507,False,down
WBGene00007921,2,0.9666666666666667,PFBSA,0.0748337493595373,0.574342262378047,False,up
WBGene00022786,2,0.9,PFBSA,0.0941814521376383,0.574978760738017,False,up
WBGene00006933,2,1.0,PFBSA,-0.0508058668933257,0.575695461297173,False,down
WBGene00019977,2,1.0,PFBSA,-0.213018551005413,0.576662502370909,False,down
WBGene00004488,2,1.0,PFBSA,-0.0673369534775648,0.577210170564554,False,down
WBGene00020451,2,0.9666666666666667,PFBSA,-0.0951334398186314,0.577394104362537,False,down
WBGene00023450,2,1.0,PFBSA,-0.117673191000312,0.57748602541964,False,down
WBGene00004269,2,1.0,PFBSA,-0.101836765206411,0.578054129530855,False,down
WBGene00013406,2,1.0,PFBSA,-0.107063421855675,0.580906455216241,False,down
WBGene00004431,2,1.0,PFBSA,-0.0563000623961009,0.581573720949172,False,down
WBGene00015450,2,1.0,PFBSA,-0.0730910330928632,0.581881574186412,False,down
WBGene00010305,2,0.9666666666666667,PFBSA,-0.0891627783100658,0.582514258365157,False,down
WBGene00016836,2,1.0,PFBSA,-0.0642782669401382,0.58326058421586,False,down
WBGene00008132,2,1.0,PFBSA,0.13996916318857,0.58451389116853,False,up
WBGene00017149,2,0.8666666666666667,PFBSA,-0.135694259627881,0.585317299341728,False,down
WBGene00004416,2,1.0,PFBSA,-0.0423217724927422,0.586200198635545,False,down
WBGene00004167,2,1.0,PFBSA,0.0424786339532769,0.588441350074792,False,up
WBGene00021367,2,1.0,PFBSA,0.0859893091322576,0.58956111620213,False,up
WBGene00006516,2,1.0,PFBSA,-0.0428150931168826,0.58956111620213,False,down
WBGene00016601,2,1.0,PFBSA,-0.0556721716042509,0.58979302013974,False,down
WBGene00007254,2,1.0,PFBSA,0.0965215015300743,0.590144545138256,False,up
WBGene00015695,2,1.0,PFBSA,0.119548995185641,0.59136768547328,False,up
WBGene00004389,2,1.0,PFBSA,-0.0501780310849166,0.5926046559195,False,down
WBGene00004086,2,1.0,PFBSA,-0.0973212125641785,0.59275761221582,False,down
WBGene00003059,2,1.0,PFBSA,0.0932616579716979,0.592861221550684,False,up
WBGene00000079,2,0.8666666666666667,PFBSA,-0.0657861060442605,0.593692678032464,False,down
WBGene00045272,2,0.9666666666666667,PFBSA,-0.142794865296552,0.594007133355284,False,down
WBGene00003967,2,1.0,PFBSA,-0.0507736331605551,0.594330138086782,False,down
WBGene00304812,2,0.9666666666666667,PFBSA,0.244261524392955,0.595206584300337,False,up
WBGene00019061,2,1.0,PFBSA,-0.0523031513884612,0.595206584300337,False,down
WBGene00010759,2,1.0,PFBSA,0.30443328548992,0.596307502235005,False,up
WBGene00302998,2,0.9666666666666667,PFBSA,-0.181741805370543,0.596307502235005,False,down
WBGene00009440,2,1.0,PFBSA,0.0412984992013568,0.59872337162174,False,up
WBGene00016655,2,1.0,PFBSA,-0.0944598675845069,0.599160260703689,False,down
WBGene00009688,2,1.0,PFBSA,-0.0616481630871298,0.599417381493287,False,down
WBGene00007008,2,1.0,PFBSA,-0.0447310114792065,0.599458151945609,False,down
WBGene00020843,2,1.0,PFBSA,-0.0779463531062855,0.599478914722621,False,down
WBGene00012330,2,1.0,PFBSA,-0.101829045881477,0.601161398932281,False,down
WBGene00006911,2,1.0,PFBSA,0.0472162188935979,0.601989026698345,False,up
WBGene00009294,2,1.0,PFBSA,-0.0783845595624351,0.602094112584525,False,down
WBGene00021104,2,1.0,PFBSA,0.0884824653762645,0.602407340192366,False,up
WBGene00008566,2,1.0,PFBSA,0.124467083317522,0.602476664234021,False,up
WBGene00010565,2,1.0,PFBSA,-0.0709019025816044,0.602579831006816,False,down
WBGene00022348,2,1.0,PFBSA,-0.0625125345276878,0.603289147408373,False,down
WBGene00011045,2,0.8666666666666667,PFBSA,0.0607147142772194,0.603506220049997,False,up
WBGene00018193,2,0.9666666666666667,PFBSA,0.0733044935132661,0.604516980605186,False,up
WBGene00013265,2,1.0,PFBSA,0.0753077589920232,0.60505529653448,False,up
WBGene00003993,2,0.9,PFBSA,-0.11482418677952,0.60509513814838,False,down
WBGene00010878,2,1.0,PFBSA,0.0944750753469788,0.605393268739264,False,up
WBGene00012105,2,1.0,PFBSA,0.0561948440587258,0.605706637211687,False,up
WBGene00020933,2,1.0,PFBSA,-0.059801130190131,0.605871331824267,False,down
WBGene00045249,2,1.0,PFBSA,-0.135051709095007,0.605905143404497,False,down
WBGene00007746,2,1.0,PFBSA,-0.0668372739889439,0.605981377536769,False,down
WBGene00003239,2,0.9,PFBSA,-0.0592105748188772,0.607208083491722,False,down
WBGene00008442,2,0.9666666666666667,PFBSA,-0.0988292165261109,0.607463515670344,False,down
WBGene00008565,2,1.0,PFBSA,-0.260488372156426,0.607463515670344,False,down
WBGene00020322,2,1.0,PFBSA,-0.0817861212344929,0.607478887385612,False,down
WBGene00010776,2,1.0,PFBSA,-0.0556030669560919,0.607956092081168,False,down
WBGene00011335,2,1.0,PFBSA,-0.12493335426726,0.608180632735432,False,down
WBGene00019963,2,0.9666666666666667,PFBSA,0.406830510715836,0.608232317154978,False,up
WBGene00009069,2,1.0,PFBSA,-0.193674698425991,0.608680352715611,False,down
WBGene00011807,2,1.0,PFBSA,0.052805121461489,0.609588082268522,False,up
WBGene00010993,2,1.0,PFBSA,-0.0429598907690877,0.609968487934209,False,down
WBGene00015176,2,0.9666666666666667,PFBSA,-0.0637562520901841,0.610822091614662,False,down
WBGene00009219,2,1.0,PFBSA,-0.10449083367357,0.610969692070654,False,down
WBGene00007022,2,1.0,PFBSA,-0.0943697657796713,0.612900526081682,False,down
WBGene00004404,2,0.9666666666666667,PFBSA,-0.0717294634828373,0.612907078279046,False,down
WBGene00044008,2,0.7,PFBSA,-0.068435007752845,0.613653867595777,False,down
WBGene00011068,2,1.0,PFBSA,-0.0663951369434226,0.614337444137693,False,down
WBGene00016020,2,0.9333333333333333,PFBSA,0.0670461742950176,0.614565335109642,False,up
WBGene00022704,2,0.9,PFBSA,-0.0918943163235451,0.614946275047406,False,down
WBGene00010304,2,0.9666666666666667,PFBSA,-0.0940103960263165,0.615033973441176,False,down
WBGene00006414,2,1.0,PFBSA,-0.0480476143180188,0.617039285679568,False,down
WBGene00022629,2,1.0,PFBSA,-0.080167952498368,0.617391020338744,False,down
WBGene00002065,2,1.0,PFBSA,-0.0432391627320191,0.617721603512234,False,down
WBGene00006802,2,0.9666666666666667,PFBSA,-0.059330107838704,0.617767670615289,False,down
WBGene00007549,2,1.0,PFBSA,-0.11541171128886,0.617767670615289,False,down
WBGene00008081,2,0.9666666666666667,PFBSA,0.0566716371199084,0.618243105837094,False,up
WBGene00008091,2,1.0,PFBSA,-0.129454489076435,0.618243105837094,False,down
WBGene00017131,2,1.0,PFBSA,-0.150221000511181,0.618243105837094,False,down
WBGene00001662,2,1.0,PFBSA,0.039233397644119,0.618709627812426,False,up
WBGene00003994,2,0.9666666666666667,PFBSA,-0.106002028698059,0.618863419916128,False,down
WBGene00022703,2,1.0,PFBSA,-0.0586376116382975,0.619016289243027,False,down
WBGene00009483,2,1.0,PFBSA,-0.0894787340550074,0.619016289243027,False,down
WBGene00008506,2,1.0,PFBSA,-0.0704769941821742,0.619133843147283,False,down
WBGene00004357,2,1.0,PFBSA,-0.0373904339117738,0.619944722060969,False,down
WBGene00013404,2,0.8666666666666667,PFBSA,-0.228595584926532,0.62051305827275,False,down
WBGene00017591,2,1.0,PFBSA,0.0721364959909245,0.620536576379921,False,up
WBGene00012479,2,0.8333333333333334,PFBSA,-0.0885953875512595,0.620862330754116,False,down
WBGene00018361,2,1.0,PFBSA,-0.0601807927867565,0.621296232648535,False,down
WBGene00001823,2,0.9666666666666667,PFBSA,0.0716816681087054,0.621573676423117,False,up
WBGene00022501,2,0.9666666666666667,PFBSA,-0.0570215385381952,0.622345806714549,False,down
WBGene00006887,2,0.9333333333333333,PFBSA,0.0676397054270295,0.622395777808095,False,up
WBGene00006728,2,1.0,PFBSA,-0.0568739491998696,0.622519757500634,False,down
WBGene00000869,2,1.0,PFBSA,-0.0347928585330732,0.622978162597779,False,down
WBGene00001038,2,1.0,PFBSA,0.0484500072027309,0.623236968031073,False,up
WBGene00019221,2,1.0,PFBSA,-0.0700292398400151,0.623236968031073,False,down
WBGene00022453,2,1.0,PFBSA,-0.0867948133598507,0.623236968031073,False,down
WBGene00020038,2,1.0,PFBSA,-0.0491294488440843,0.624038403428623,False,down
WBGene00008595,2,1.0,PFBSA,0.0671688298526891,0.624669158922375,False,up
WBGene00010286,2,1.0,PFBSA,-0.0711426841056424,0.625952911897829,False,down
WBGene00015118,2,0.7,PFBSA,0.239190921863328,0.626471264943792,False,up
WBGene00008110,2,1.0,PFBSA,0.0604192354347483,0.626471264943792,False,up
WBGene00011717,2,1.0,PFBSA,-0.0559832859862994,0.626515056823523,False,down
WBGene00021319,2,0.9666666666666667,PFBSA,0.0788149640000325,0.626699606895217,False,up
WBGene00013729,2,1.0,PFBSA,-0.0973291138626253,0.627565342662295,False,down
WBGene00003417,2,1.0,PFBSA,-0.091648927185623,0.627708891475773,False,down
WBGene00010959,2,0.9,PFBSA,-0.0585693566248952,0.629639586572382,False,down
WBGene00000294,2,1.0,PFBSA,-0.0438795167124632,0.630178351427118,False,down
WBGene00009787,2,0.8,PFBSA,0.133082897898667,0.630198510355012,False,up
WBGene00002252,2,1.0,PFBSA,-0.0718176666643588,0.630213734597129,False,down
WBGene00045192,2,1.0,PFBSA,0.0495573402373611,0.631822273637605,False,up
WBGene00007185,2,1.0,PFBSA,-0.0726137594117793,0.631870078025497,False,down
WBGene00013680,2,1.0,PFBSA,0.0719831917608061,0.633584488619274,False,up
WBGene00000230,2,0.9666666666666667,PFBSA,-0.0414503729516387,0.635738314381938,False,down
WBGene00044483,2,0.9666666666666667,PFBSA,0.0896690791374977,0.635848598609733,False,up
WBGene00004831,2,0.9333333333333333,PFBSA,0.0597796099008953,0.636674624289731,False,up
WBGene00010875,2,1.0,PFBSA,-0.0530688181188626,0.637165168242103,False,down
WBGene00018342,2,1.0,PFBSA,0.117219605277012,0.637295747975565,False,up
WBGene00015092,2,1.0,PFBSA,-0.0565933715211819,0.637433692917106,False,down
WBGene00006993,2,1.0,PFBSA,-0.0454952275359193,0.637442065631581,False,down
WBGene00000536,2,1.0,PFBSA,-0.063633139693599,0.637511779814683,False,down
WBGene00016325,2,0.9,PFBSA,0.0893070814992092,0.63833878621204,False,up
WBGene00006709,2,1.0,PFBSA,0.0647300694396871,0.639119251216842,False,up
WBGene00016970,2,0.9666666666666667,PFBSA,-0.116266272833561,0.639625707722647,False,down
WBGene00011193,2,1.0,PFBSA,-0.0844034441974973,0.640917316039846,False,down
WBGene00194642,2,1.0,PFBSA,-0.12431645463837,0.641010759468728,False,down
WBGene00086566,2,1.0,PFBSA,-0.078927796994691,0.641888186054661,False,down
WBGene00003006,2,1.0,PFBSA,-0.0688865504079344,0.642253841082903,False,down
WBGene00022054,2,1.0,PFBSA,0.0957128700816805,0.642862795039392,False,up
WBGene00009007,2,1.0,PFBSA,-0.0644264403636223,0.644175798072095,False,down
WBGene00011015,2,1.0,PFBSA,-0.0565161843935616,0.644376492661142,False,down
WBGene00010351,2,1.0,PFBSA,-0.157589489296893,0.645221863727059,False,down
WBGene00017344,2,0.9666666666666667,PFBSA,-0.0784212783628007,0.645990490421776,False,down
WBGene00015064,2,1.0,PFBSA,-0.105763430700368,0.648024839991964,False,down
WBGene00235102,2,1.0,PFBSA,-0.063493615086391,0.648126899622955,False,down
WBGene00011334,2,0.8666666666666667,PFBSA,-0.0604010702970669,0.648156960233429,False,down
WBGene00018565,2,0.9333333333333333,PFBSA,0.213047973634009,0.648312568595537,False,up
WBGene00021363,2,1.0,PFBSA,-0.0564889556219362,0.648387987673301,False,down
WBGene00015377,2,1.0,PFBSA,-0.1836751648892,0.648419105957089,False,down
WBGene00001156,2,0.9666666666666667,PFBSA,0.0782178533016963,0.64968432162277,False,up
WBGene00010698,2,0.9666666666666667,PFBSA,0.356958768108506,0.650967335968984,False,up
WBGene00008379,2,0.9,PFBSA,0.0888967388009709,0.650967335968984,False,up
WBGene00012927,2,0.9333333333333333,PFBSA,-0.0867238771892251,0.651355138908564,False,down
WBGene00004423,2,1.0,PFBSA,-0.0429693257886623,0.652376570378488,False,down
WBGene00004830,2,1.0,PFBSA,0.050655296655432,0.653047966381867,False,up
WBGene00010579,2,1.0,PFBSA,-0.0611694441613374,0.654119845924469,False,down
WBGene00008331,2,1.0,PFBSA,-0.0467656201360724,0.65437079955316,False,down
WBGene00012393,2,1.0,PFBSA,0.0679997689015989,0.654437735274515,False,up
WBGene00010539,2,0.9333333333333333,PFBSA,-0.111304463066402,0.654437735274515,False,down
WBGene00017073,2,1.0,PFBSA,-0.155700558718921,0.654437735274515,False,down
WBGene00007875,2,0.8333333333333334,PFBSA,-0.137809775359526,0.654555523486644,False,down
WBGene00008318,2,1.0,PFBSA,-0.104715972015957,0.655125214237024,False,down
WBGene00000889,2,1.0,PFBSA,-0.0435283597488177,0.655130544665818,False,down
WBGene00021714,2,1.0,PFBSA,-0.073243826734564,0.655302852530586,False,down
WBGene00016996,2,0.6,PFBSA,-0.152270311100233,0.655302852530586,False,down
WBGene00004143,2,0.9666666666666667,PFBSA,-0.0555202077377348,0.655609557093104,False,down
WBGene00007167,2,1.0,PFBSA,0.0513281192034815,0.655656913001204,False,up
WBGene00004452,2,1.0,PFBSA,-0.0979355128080048,0.655656913001204,False,down
WBGene00018814,2,1.0,PFBSA,-0.0908040144243236,0.655664954945033,False,down
WBGene00020823,2,1.0,PFBSA,0.0846484781591679,0.655825389712563,False,up
WBGene00010340,2,1.0,PFBSA,0.0820800564536949,0.657011909512025,False,up
WBGene00001749,2,1.0,PFBSA,0.136333468032614,0.657295212535306,False,up
WBGene00017842,2,1.0,PFBSA,-0.110029483676682,0.658895016450754,False,down
WBGene00007386,2,0.9333333333333333,PFBSA,0.0595618772251104,0.659054488066722,False,up
WBGene00016124,2,1.0,PFBSA,-0.0599458980854703,0.661319690579841,False,down
WBGene00007695,2,1.0,PFBSA,-0.0711897835978921,0.661575723007934,False,down
WBGene00007826,2,1.0,PFBSA,-0.07981988611531,0.662294571728222,False,down
WBGene00004047,2,1.0,PFBSA,-0.0389045494872513,0.663459570457621,False,down
WBGene00020189,2,1.0,PFBSA,0.0737380287901471,0.663849472741847,False,up
WBGene00004489,2,1.0,PFBSA,-0.041903750396281,0.663882027657949,False,down
WBGene00019554,2,1.0,PFBSA,-0.0597572283620025,0.664708779850048,False,down
WBGene00021507,2,1.0,PFBSA,-0.0447610063431981,0.665012116189796,False,down
WBGene00019655,2,1.0,PFBSA,-0.166977249134888,0.665012116189796,False,down
WBGene00010525,2,1.0,PFBSA,-0.12272407649325,0.665133250212388,False,down
WBGene00021452,2,1.0,PFBSA,0.141938526722091,0.666557700400179,False,up
WBGene00015975,2,1.0,PFBSA,-0.0818934721167636,0.667127500011057,False,down
WBGene00015141,2,0.9333333333333333,PFBSA,-0.217734794894134,0.668067931014954,False,down
WBGene00004434,2,1.0,PFBSA,-0.0550742548957187,0.668535545764784,False,down
WBGene00007975,2,1.0,PFBSA,-0.0584251736792603,0.668535545764784,False,down
WBGene00004051,2,1.0,PFBSA,-0.0466380248257046,0.670367598345471,False,down
WBGene00006349,2,0.9666666666666667,PFBSA,0.0558621544096389,0.670517654827222,False,up
WBGene00020889,2,1.0,PFBSA,0.124996258508536,0.670681717810005,False,up
WBGene00001056,2,1.0,PFBSA,-0.0514639896083666,0.670882878858838,False,down
WBGene00015466,2,1.0,PFBSA,-0.0700720492333205,0.670987129107998,False,down
WBGene00017101,2,1.0,PFBSA,-0.0862760703902523,0.670987129107998,False,down
WBGene00006067,2,1.0,PFBSA,-0.0549176800155553,0.671842518676375,False,down
WBGene00000462,2,1.0,PFBSA,-0.0752924538164573,0.672005302752578,False,down
WBGene00004427,2,1.0,PFBSA,-0.0361409293988029,0.672221012277901,False,down
WBGene00006721,2,1.0,PFBSA,-0.101244654923134,0.673383315507865,False,down
WBGene00021401,2,1.0,PFBSA,0.0553277395904975,0.673695022382586,False,up
WBGene00001470,2,1.0,PFBSA,0.0559570474452828,0.674643944516425,False,up
WBGene00007704,2,0.9666666666666667,PFBSA,-0.0673823265221898,0.674643944516425,False,down
WBGene00006498,2,1.0,PFBSA,-0.0423250768536066,0.676105150129278,False,down
WBGene00004969,2,1.0,PFBSA,0.0645250739128779,0.676239991783587,False,up
WBGene00004419,2,1.0,PFBSA,-0.0359986698388844,0.676239991783587,False,down
WBGene00012806,2,0.9333333333333333,PFBSA,0.0865849018105548,0.677005016642653,False,up
WBGene00001332,2,0.9666666666666667,PFBSA,-0.0636761828468615,0.677005016642653,False,down
WBGene00011804,2,1.0,PFBSA,-0.106373904423227,0.677005016642653,False,down
WBGene00012602,2,1.0,PFBSA,-0.0642044897482662,0.67858305605165,False,down
WBGene00004447,2,1.0,PFBSA,-0.0492652778917979,0.678724553663328,False,down
WBGene00017976,2,0.9666666666666667,PFBSA,-0.0865222159330392,0.679372579071372,False,down
WBGene00008281,2,1.0,PFBSA,-0.0752031240734772,0.679540236336307,False,down
WBGene00002271,2,1.0,PFBSA,-0.0668278705594024,0.679833648045085,False,down
WBGene00015609,2,1.0,PFBSA,0.0641600920295228,0.680733350180597,False,up
WBGene00015407,2,1.0,PFBSA,-0.0688313843339334,0.680796744896227,False,down
WBGene00004112,2,1.0,PFBSA,-0.0654626500888964,0.680905888599934,False,down
WBGene00016143,2,1.0,PFBSA,0.0530065330346687,0.682481493955549,False,up
WBGene00007434,2,1.0,PFBSA,-0.0599898454990319,0.682981192777125,False,down
WBGene00012234,2,0.9,PFBSA,0.0492801293486747,0.683105795369269,False,up
WBGene00023477,2,1.0,PFBSA,0.183908834869115,0.684040491526276,False,up
WBGene00022369,2,1.0,PFBSA,-0.034261866062139,0.684333764045542,False,down
WBGene00010521,2,1.0,PFBSA,0.159670903280852,0.684774466846446,False,up
WBGene00001679,2,0.9666666666666667,PFBSA,-0.0396523826997901,0.685765228494228,False,down
WBGene00000813,2,1.0,PFBSA,-0.0422053685565099,0.685960135902631,False,down
WBGene00019572,2,0.9666666666666667,PFBSA,-0.0680987196350673,0.685960135902631,False,down
WBGene00018423,2,1.0,PFBSA,-0.114892105444204,0.687507508530084,False,down
WBGene00010556,2,1.0,PFBSA,-0.035822841678744,0.687990811818318,False,down
WBGene00013365,2,1.0,PFBSA,-0.0518562225052615,0.68849868103674,False,down
WBGene00011722,2,1.0,PFBSA,-0.0484099057869002,0.688702502556999,False,down
WBGene00009977,2,1.0,PFBSA,-0.0500319684894822,0.689628982722161,False,down
WBGene00018704,2,0.9,PFBSA,-0.0739960022830417,0.689628982722161,False,down
WBGene00022193,2,1.0,PFBSA,-0.0477037295072943,0.690080792567703,False,down
WBGene00011143,2,0.9666666666666667,PFBSA,0.056799660764396,0.690478586491212,False,up
WBGene00004410,2,1.0,PFBSA,-0.089279324575231,0.690478586491212,False,down
WBGene00044894,2,1.0,PFBSA,-0.113701774998077,0.690478586491212,False,down
WBGene00045275,2,0.9666666666666667,PFBSA,-0.385634671905758,0.690504075307036,False,down
WBGene00001060,2,1.0,PFBSA,-0.0405373562124678,0.690648492222342,False,down
WBGene00004207,2,0.9666666666666667,PFBSA,0.0484854059068948,0.690654654375659,False,up
WBGene00015789,2,1.0,PFBSA,0.0726906950835697,0.690958135820965,False,up
WBGene00009556,2,1.0,PFBSA,-0.0765916021253905,0.691052048562182,False,down
WBGene00015236,2,1.0,PFBSA,-0.163202538095009,0.691134568934848,False,down
WBGene00011376,2,1.0,PFBSA,-0.0857324077837543,0.692188075906181,False,down
WBGene00022670,2,0.9666666666666667,PFBSA,0.0704444970547375,0.6922749857168,False,up
WBGene00018092,2,1.0,PFBSA,-0.25935836540892,0.692532885944996,False,down
WBGene00001328,2,1.0,PFBSA,0.0559482207723864,0.693138214698108,False,up
WBGene00022883,2,1.0,PFBSA,-0.077263591859052,0.693314976191713,False,down
WBGene00013447,2,1.0,PFBSA,-0.0529537638081213,0.693329424644736,False,down
WBGene00000557,2,1.0,PFBSA,0.0843048919929484,0.693661273661692,False,up
WBGene00021132,2,1.0,PFBSA,-0.0644859159505188,0.693797392626567,False,down
WBGene00002043,2,1.0,PFBSA,0.0592235199681015,0.694581004854729,False,up
WBGene00009739,2,1.0,PFBSA,-0.0479686980889207,0.694581004854729,False,down
WBGene00015793,2,1.0,PFBSA,-0.0490726142049927,0.694581004854729,False,down
WBGene00010472,2,1.0,PFBSA,-0.132485142759497,0.694581004854729,False,down
WBGene00022360,2,1.0,PFBSA,0.0444712777093705,0.694635947624508,False,up
WBGene00004481,2,1.0,PFBSA,-0.0555463011716354,0.69640463648649,False,down
WBGene00022351,2,1.0,PFBSA,0.0666274118125538,0.697490234486296,False,up
WBGene00002058,2,0.9666666666666667,PFBSA,0.0886517838691955,0.698000779678024,False,up
WBGene00000846,2,1.0,PFBSA,-0.0537793853498516,0.698171475205026,False,down
WBGene00012489,2,0.9666666666666667,PFBSA,-0.161404197514111,0.698207675724364,False,down
WBGene00012358,2,0.9666666666666667,PFBSA,-0.0549565165097824,0.69900473605316,False,down
WBGene00009138,2,1.0,PFBSA,-0.0813130781905658,0.699687071740573,False,down
WBGene00016395,2,0.9666666666666667,PFBSA,0.0589686867077366,0.699901832354996,False,up
WBGene00014965,2,1.0,PFBSA,0.053006950611262,0.699901832354996,False,up
WBGene00022195,2,1.0,PFBSA,0.0448334947987172,0.700005831294904,False,up
WBGene00008776,2,0.9666666666666667,PFBSA,-0.0876757577784939,0.700005831294904,False,down
WBGene00004478,2,1.0,PFBSA,-0.0450507928160175,0.70020767010201,False,down
WBGene00018794,2,1.0,PFBSA,0.0500988869374429,0.700295570854674,False,up
WBGene00005663,2,0.8666666666666667,PFBSA,-0.0451697828579927,0.700503360771657,False,down
WBGene00017757,2,1.0,PFBSA,-0.0576462893154074,0.700503360771657,False,down
WBGene00020957,2,1.0,PFBSA,-0.0472447093006866,0.700954788846832,False,down
WBGene00004454,2,1.0,PFBSA,-0.0639917438504665,0.701417284769346,False,down
WBGene00008262,2,1.0,PFBSA,-0.0416734835241914,0.701957398297003,False,down
WBGene00004446,2,1.0,PFBSA,-0.0595889648333365,0.702149571268778,False,down
WBGene00019101,2,1.0,PFBSA,0.108604757987492,0.702630100488047,False,up
WBGene00013088,2,0.9666666666666667,PFBSA,-0.286769582688269,0.702701373242406,False,down
WBGene00004483,2,1.0,PFBSA,-0.0466825356192723,0.702757356712307,False,down
WBGene00011194,2,0.9666666666666667,PFBSA,-0.0850926630029007,0.702757356712307,False,down
WBGene00044989,2,1.0,PFBSA,-0.0361476884597517,0.703920273622092,False,down
WBGene00044026,2,0.9666666666666667,PFBSA,-0.0640603608223956,0.704478696406806,False,down
WBGene00018488,2,1.0,PFBSA,-0.0740475068434985,0.705988150135815,False,down
WBGene00016492,2,1.0,PFBSA,-0.136102216020189,0.706570040206941,False,down
WBGene00020294,2,0.9666666666666667,PFBSA,0.0513105758433218,0.70674381749453,False,up
WBGene00004435,2,1.0,PFBSA,-0.0701475186663407,0.707569032610973,False,down
WBGene00015297,2,0.8666666666666667,PFBSA,0.0496412350399309,0.708918861366662,False,up
WBGene00006474,2,1.0,PFBSA,-0.0588864025614527,0.709047212703183,False,down
WBGene00011368,2,1.0,PFBSA,0.0625375863603247,0.709594738760082,False,up
WBGene00004475,2,1.0,PFBSA,-0.0327662613631538,0.709594738760082,False,down
WBGene00017711,2,1.0,PFBSA,0.0820506164014571,0.710654431054829,False,up
WBGene00021442,2,1.0,PFBSA,-0.0487457896930952,0.711708358334605,False,down
WBGene00020967,2,0.9666666666666667,PFBSA,0.104913342729903,0.712573753952599,False,up
WBGene00020993,2,0.9666666666666667,PFBSA,0.0570102170002006,0.712573753952599,False,up
WBGene00011269,2,1.0,PFBSA,0.0807582331310639,0.71453265884843,False,up
WBGene00016989,2,1.0,PFBSA,0.0455455525461632,0.71453265884843,False,up
WBGene00022434,2,0.9333333333333333,PFBSA,-0.0624525986652366,0.714693419749603,False,down
WBGene00011367,2,0.9666666666666667,PFBSA,-0.0694385819377425,0.715026120798007,False,down
WBGene00009710,2,1.0,PFBSA,0.146911323960956,0.715047358065405,False,up
WBGene00004456,2,1.0,PFBSA,-0.0815186811825138,0.715047358065405,False,down
WBGene00004449,2,1.0,PFBSA,-0.0407140491629589,0.715267407666107,False,down
WBGene00006726,2,1.0,PFBSA,-0.0811577246056423,0.715267407666107,False,down
WBGene00016582,2,1.0,PFBSA,-0.0379457027783362,0.715271622096296,False,down
WBGene00022486,2,0.6333333333333333,PFBSA,-0.10533269379616,0.715522706979876,False,down
WBGene00000843,2,1.0,PFBSA,-0.0436090612297927,0.71733215959071,False,down
WBGene00015519,2,1.0,PFBSA,0.0697958873830765,0.717906269825,False,up
WBGene00015767,2,0.9666666666666667,PFBSA,0.040909671418683,0.717906269825,False,up
WBGene00011634,2,1.0,PFBSA,-0.0502883441693274,0.717906269825,False,down
WBGene00011538,2,1.0,PFBSA,0.0920651982475461,0.719065463571853,False,up
WBGene00017782,2,1.0,PFBSA,0.0458392193256664,0.719065463571853,False,up
WBGene00016735,2,1.0,PFBSA,0.0437707965203952,0.719065463571853,False,up
WBGene00004415,2,1.0,PFBSA,-0.0276786083538281,0.719065463571853,False,down
WBGene00007236,2,1.0,PFBSA,-0.0628190730450662,0.719065463571853,False,down
WBGene00001039,2,0.6,PFBSA,-0.0790297603283506,0.719065463571853,False,down
WBGene00007449,2,1.0,PFBSA,-0.198325291861673,0.719065463571853,False,down
WBGene00017284,2,1.0,PFBSA,0.0374500546019024,0.719782960046684,False,up
WBGene00011636,2,1.0,PFBSA,-0.0434874458543169,0.720840890453584,False,down
WBGene00011034,2,1.0,PFBSA,-0.0514039628295601,0.721311063425496,False,down
WBGene00004494,2,1.0,PFBSA,-0.0612200405220839,0.721311063425496,False,down
WBGene00019460,2,0.9666666666666667,PFBSA,-0.0632510226210432,0.723688930414103,False,down
WBGene00007135,2,1.0,PFBSA,-0.0466049921334874,0.72523770709159,False,down
WBGene00012369,2,1.0,PFBSA,0.0370646641035324,0.725255055303114,False,up
WBGene00019769,2,0.9666666666666667,PFBSA,-0.0702760214364119,0.72594765747323,False,down
WBGene00013808,2,1.0,PFBSA,0.0319307383327266,0.726382748432779,False,up
WBGene00010130,2,1.0,PFBSA,0.0347590152897363,0.72639103954591,False,up
WBGene00007993,2,1.0,PFBSA,0.0322775702009338,0.726414082571859,False,up
WBGene00013217,2,1.0,PFBSA,-0.0561529329482153,0.729768879567852,False,down
WBGene00011914,2,0.9666666666666667,PFBSA,-0.0640747636277147,0.729768879567852,False,down
WBGene00002105,2,0.9666666666666667,PFBSA,-0.124917585689692,0.730742091434204,False,down
WBGene00019396,2,1.0,PFBSA,-0.0532419830531991,0.731070662315422,False,down
WBGene00000717,2,1.0,PFBSA,0.250064654957593,0.731985244051867,False,up
WBGene00008164,2,0.9,PFBSA,-0.0610581266854773,0.732226118873318,False,down
WBGene00009224,2,1.0,PFBSA,-0.0702058014576514,0.732365457803496,False,down
WBGene00004769,2,1.0,PFBSA,0.0509898743085177,0.732377001726435,False,up
WBGene00006729,2,1.0,PFBSA,-0.0666823032188669,0.732377001726435,False,down
WBGene00006919,2,1.0,PFBSA,-0.037746731817167,0.733422488449913,False,down
WBGene00044204,2,0.9,PFBSA,-0.0833327940489622,0.734862986235316,False,down
WBGene00004448,2,1.0,PFBSA,-0.0424862948876068,0.734976241292644,False,down
WBGene00004433,2,1.0,PFBSA,-0.0393458578756902,0.735633430017768,False,down
WBGene00012734,2,0.9666666666666667,PFBSA,0.0529630126549714,0.736554190906882,False,up
WBGene00000507,2,0.9666666666666667,PFBSA,0.0567122613771118,0.737191037303327,False,up
WBGene00007275,2,1.0,PFBSA,-0.0914528027648529,0.738151174113772,False,down
WBGene00004444,2,1.0,PFBSA,-0.0512956869941339,0.738371478385957,False,down
WBGene00012496,2,1.0,PFBSA,-0.0512612031406256,0.739260763788716,False,down
WBGene00003019,2,1.0,PFBSA,-0.0393945157515694,0.739969109421116,False,down
WBGene00004377,2,0.7,PFBSA,-0.0396991700659196,0.739969109421116,False,down
WBGene00019943,2,0.9666666666666667,PFBSA,0.0481912123305482,0.740136844110619,False,up
WBGene00045050,2,1.0,PFBSA,-0.102416499310579,0.740195119746631,False,down
WBGene00013968,2,0.9666666666666667,PFBSA,0.134319524614277,0.741046226559678,False,up
WBGene00022269,2,1.0,PFBSA,0.0571138940222704,0.741656231975343,False,up
WBGene00004776,2,0.9666666666666667,PFBSA,-0.0522204229558187,0.743174289918939,False,down
WBGene00012269,2,1.0,PFBSA,0.125908892429883,0.743686798084793,False,up
WBGene00015017,2,0.9666666666666667,PFBSA,-0.0452666086056987,0.744085996504765,False,down
WBGene00000917,2,0.8,PFBSA,-0.0441542430872373,0.744417291246565,False,down
WBGene00022376,2,1.0,PFBSA,-0.0781668452820988,0.744472150737441,False,down
WBGene00018045,2,1.0,PFBSA,0.08779789783128,0.745456916786007,False,up
WBGene00021128,2,0.9666666666666667,PFBSA,0.0539156323579751,0.745786365790934,False,up
WBGene00008979,2,0.6,PFBSA,-0.0424092518729216,0.745786365790934,False,down
WBGene00195063,2,1.0,PFBSA,-0.0669721211526162,0.745786365790934,False,down
WBGene00019163,2,0.7666666666666667,PFBSA,0.0385183387143986,0.746266874932324,False,up
WBGene00017420,2,0.9666666666666667,PFBSA,-0.138539144150833,0.747104181978418,False,down
WBGene00012719,2,0.9666666666666667,PFBSA,0.06019730316569,0.748481565882005,False,up
WBGene00012647,2,0.9666666666666667,PFBSA,-0.103330345728922,0.749198428841323,False,down
WBGene00013679,2,1.0,PFBSA,-0.042141457856605,0.750013842115428,False,down
WBGene00019007,2,1.0,PFBSA,-0.0696535917207861,0.75019904035173,False,down
WBGene00008664,2,1.0,PFBSA,0.0391494092340927,0.750419998440836,False,up
WBGene00012359,2,1.0,PFBSA,-0.0301175821179529,0.750419998440836,False,down
WBGene00008344,2,1.0,PFBSA,-0.0326162975220702,0.750419998440836,False,down
WBGene00012994,2,1.0,PFBSA,-0.0377406688118851,0.750419998440836,False,down
WBGene00016493,2,1.0,PFBSA,-0.0538144268321263,0.750419998440836,False,down
WBGene00004426,2,1.0,PFBSA,-0.0345059132850407,0.751072222169939,False,down
WBGene00019754,2,1.0,PFBSA,-0.189515609021942,0.75128359567127,False,down
WBGene00009940,2,0.9666666666666667,PFBSA,0.0363234949702234,0.751343045133249,False,up
WBGene00018878,2,1.0,PFBSA,0.0505105238220364,0.752103512943941,False,up
WBGene00011115,2,0.8333333333333334,PFBSA,0.043459573230933,0.754205471076059,False,up
WBGene00001776,2,0.9333333333333333,PFBSA,-0.106740840345659,0.754442911333577,False,down
WBGene00008511,2,0.9666666666666667,PFBSA,0.167080235831598,0.754623283244069,False,up
WBGene00017087,2,1.0,PFBSA,0.0643962632075512,0.755605070022082,False,up
WBGene00016152,2,0.9666666666666667,PFBSA,-0.162096771535363,0.755988855796244,False,down
WBGene00011930,2,0.9333333333333333,PFBSA,-0.0507160504781209,0.756079372029134,False,down
WBGene00019120,2,1.0,PFBSA,-0.0316560452301907,0.756339584222405,False,down
WBGene00003007,2,0.9666666666666667,PFBSA,0.0488434543321483,0.756592910442594,False,up
WBGene00021687,2,1.0,PFBSA,-0.0761795673260796,0.756595396471525,False,down
WBGene00001646,2,1.0,PFBSA,-0.0744825436094078,0.756970040012023,False,down
WBGene00008785,2,0.8,PFBSA,-0.175726595968852,0.756999233819283,False,down
WBGene00001085,2,1.0,PFBSA,-0.0302596540932226,0.757410910179307,False,down
WBGene00007108,2,1.0,PFBSA,0.0376706343535532,0.757592160740135,False,up
WBGene00018723,2,1.0,PFBSA,0.090773958113786,0.757681617425356,False,up
WBGene00014666,2,1.0,PFBSA,-0.0669657687326648,0.757753946787357,False,down
WBGene00016021,2,1.0,PFBSA,0.0387891373051492,0.758841704748677,False,up
WBGene00011529,2,0.9333333333333333,PFBSA,0.0341825592734163,0.758841704748677,False,up
WBGene00021736,2,1.0,PFBSA,-0.0546323674760315,0.758852038472597,False,down
WBGene00016838,2,1.0,PFBSA,-0.0507510761946078,0.758971341220825,False,down
WBGene00011300,2,0.9666666666666667,PFBSA,-0.0839087631306173,0.760828910072016,False,down
WBGene00004341,2,0.9333333333333333,PFBSA,0.0426336771202573,0.76150312000037,False,up
WBGene00017719,2,1.0,PFBSA,-0.0569107858229706,0.761821858110787,False,down
WBGene00014078,2,0.9666666666666667,PFBSA,0.0448321420347638,0.762103572522344,False,up
WBGene00004441,2,1.0,PFBSA,-0.0435634008777326,0.762103572522344,False,down
WBGene00004443,2,1.0,PFBSA,-0.0707518083888165,0.762322988733972,False,down
WBGene00077679,2,0.9666666666666667,PFBSA,-0.156461599131482,0.762759832431273,False,down
WBGene00001112,2,1.0,PFBSA,0.0329887011424981,0.763395501965827,False,up
WBGene00004367,2,1.0,PFBSA,-0.0349620669405267,0.764376074321015,False,down
WBGene00008598,2,1.0,PFBSA,-0.127925711855937,0.764474502312272,False,down
WBGene00003592,2,1.0,PFBSA,0.0372015469376482,0.765360948601482,False,up
WBGene00015713,2,0.8666666666666667,PFBSA,0.0661367035860114,0.765754345582347,False,up
WBGene00002243,2,1.0,PFBSA,0.0415720249144301,0.766353922809996,False,up
WBGene00000210,2,1.0,PFBSA,-0.0386774020255165,0.766353922809996,False,down
WBGene00010505,2,1.0,PFBSA,-0.0959996215227131,0.766353922809996,False,down
WBGene00018885,2,1.0,PFBSA,-0.0626774145208685,0.766965679609594,False,down
WBGene00001812,2,1.0,PFBSA,-0.0428150787276622,0.767047927878465,False,down
WBGene00007348,2,0.9666666666666667,PFBSA,0.0483540117894739,0.767598961270288,False,up
WBGene00020245,2,0.9666666666666667,PFBSA,-0.0715369022416835,0.767670701340558,False,down
WBGene00019345,2,1.0,PFBSA,-0.0411625770157808,0.767797569886298,False,down
WBGene00013269,2,1.0,PFBSA,0.0479374369134766,0.768583813410476,False,up
WBGene00015984,2,1.0,PFBSA,0.0743257135629433,0.768702489381663,False,up
WBGene00017796,2,1.0,PFBSA,0.0609176257244134,0.768702489381663,False,up
WBGene00000818,2,1.0,PFBSA,-0.0329521202576982,0.768702489381663,False,down
WBGene00019005,2,1.0,PFBSA,-0.0479742135472435,0.769115014201232,False,down
WBGene00016868,2,1.0,PFBSA,-0.0927263539078065,0.769363154794343,False,down
WBGene00007955,2,1.0,PFBSA,-0.0328891983231279,0.769695328142257,False,down
WBGene00012558,2,1.0,PFBSA,0.0458683004302331,0.77057685154409,False,up
WBGene00020824,2,1.0,PFBSA,-0.0391700714400173,0.770869847087624,False,down
WBGene00008078,2,1.0,PFBSA,0.0341203299598605,0.770910265665359,False,up
WBGene00022170,2,1.0,PFBSA,-0.0324035201552448,0.771336300798899,False,down
WBGene00004046,2,1.0,PFBSA,-0.0287826237524996,0.771818723573882,False,down
WBGene00044789,2,0.8666666666666667,PFBSA,0.0480758566296503,0.772362344802176,False,up
WBGene00002225,2,0.9666666666666667,PFBSA,-0.0460514815344772,0.772404428840419,False,down
WBGene00020500,2,1.0,PFBSA,0.0417513968732079,0.772585036398808,False,up
WBGene00001503,2,1.0,PFBSA,0.0332256805226249,0.772649006029801,False,up
WBGene00022379,2,1.0,PFBSA,0.0646154233762463,0.773941929888935,False,up
WBGene00001648,2,1.0,PFBSA,-0.0245194425902381,0.773941929888935,False,down
WBGene00006690,2,1.0,PFBSA,0.0697766605645788,0.774558638891719,False,up
WBGene00007966,2,1.0,PFBSA,-0.0535441775642516,0.775596623708168,False,down
WBGene00023067,2,1.0,PFBSA,-0.0896118700648024,0.777226584063809,False,down
WBGene00009320,2,1.0,PFBSA,0.0497483932453257,0.777532559474878,False,up
WBGene00004205,2,0.6,PFBSA,-0.0365449476368091,0.778212948034774,False,down
WBGene00008670,2,1.0,PFBSA,-0.0330173793703166,0.778630680559103,False,down
WBGene00002089,2,1.0,PFBSA,-0.0866133936836724,0.778630680559103,False,down
WBGene00022273,2,1.0,PFBSA,-0.062139445603092,0.779350226099688,False,down
WBGene00009915,2,0.9666666666666667,PFBSA,-0.0394824842105682,0.779699674294784,False,down
WBGene00019832,2,1.0,PFBSA,0.0469948240358752,0.780146467877463,False,up
WBGene00001249,2,1.0,PFBSA,-0.0453693056450557,0.780442552528566,False,down
WBGene00185079,2,1.0,PFBSA,0.0559880427825487,0.7805936964826,False,up
WBGene00004361,2,0.7666666666666667,PFBSA,-0.0432084213463535,0.781072060801783,False,down
WBGene00015146,2,1.0,PFBSA,-0.0340049701909518,0.782882081524737,False,down
WBGene00017758,2,1.0,PFBSA,0.0458949129214103,0.783070295269414,False,up
WBGene00003022,2,1.0,PFBSA,-0.0468892755926822,0.783070295269414,False,down
WBGene00012337,2,0.9666666666666667,PFBSA,0.0467788746859211,0.783756377257459,False,up
WBGene00019868,2,0.9,PFBSA,-0.0793294559927455,0.7844064698561,False,down
WBGene00009441,2,1.0,PFBSA,-0.0438933458316676,0.78464125553041,False,down
WBGene00013893,2,1.0,PFBSA,-0.0401384516858207,0.784859016692853,False,down
WBGene00019400,2,0.9666666666666667,PFBSA,-0.0394965272323346,0.78500240842024,False,down
WBGene00004490,2,1.0,PFBSA,-0.0516337174317945,0.785091213404462,False,down
WBGene00013004,2,1.0,PFBSA,0.0349428390311802,0.785377557695185,False,up
WBGene00022150,2,1.0,PFBSA,0.0296258343442544,0.785581145477561,False,up
WBGene00016381,2,1.0,PFBSA,-0.0692738258184097,0.786036156389885,False,down
WBGene00001386,2,0.9666666666666667,PFBSA,-0.0740995842274232,0.786036156389885,False,down
WBGene00020441,2,1.0,PFBSA,-0.0450220898980135,0.788045506317172,False,down
WBGene00014111,2,1.0,PFBSA,-0.0455122447783876,0.788936232295831,False,down
WBGene00006917,2,0.8666666666666667,PFBSA,-0.0289442387262621,0.788993878155116,False,down
WBGene00016659,2,1.0,PFBSA,0.109197990995543,0.789037722827474,False,up
WBGene00019295,2,1.0,PFBSA,0.0414468396626954,0.789268918371873,False,up
WBGene00015922,2,0.9666666666666667,PFBSA,0.0354069481792793,0.789473857409938,False,up
WBGene00021935,2,0.7,PFBSA,-0.0402970713105203,0.789601740726298,False,down
WBGene00012365,2,1.0,PFBSA,-0.0466158533800562,0.790274370875346,False,down
WBGene00302986,2,0.9666666666666667,PFBSA,-0.117933549092713,0.791200451473649,False,down
WBGene00044094,2,1.0,PFBSA,0.0369208038167341,0.791777431688838,False,up
WBGene00016027,2,0.9666666666666667,PFBSA,0.0856763664853094,0.792000626332144,False,up
WBGene00011932,2,1.0,PFBSA,0.0352837819188176,0.792000626332144,False,up
WBGene00000237,2,1.0,PFBSA,-0.0259735060317652,0.792000626332144,False,down
WBGene00007520,2,0.9666666666666667,PFBSA,-0.0306767026503302,0.792177947318758,False,down
WBGene00016282,2,1.0,PFBSA,-0.0610547390993604,0.792809442066488,False,down
WBGene00017767,2,1.0,PFBSA,0.10071612565176,0.792874861036714,False,up
WBGene00007388,2,1.0,PFBSA,0.0481742775615279,0.793171102466074,False,up
WBGene00008957,2,1.0,PFBSA,0.0552331428832836,0.793952857134503,False,up
WBGene00010814,2,0.8333333333333334,PFBSA,-0.0499069279855325,0.794094080902806,False,down
WBGene00013847,2,0.9666666666666667,PFBSA,0.0254079682047321,0.794762400698574,False,up
WBGene00013109,2,0.5333333333333333,PFBSA,0.0451220391207741,0.795441971400333,False,up
WBGene00018785,2,1.0,PFBSA,0.0429565791586257,0.795578914489852,False,up
WBGene00000145,2,1.0,PFBSA,-0.0533721849684229,0.795832056530198,False,down
WBGene00003813,2,1.0,PFBSA,-0.0433015620835716,0.795873790392278,False,down
WBGene00016759,2,1.0,PFBSA,0.0437155301552906,0.796259931493149,False,up
WBGene00010397,2,1.0,PFBSA,-0.0460479193314499,0.796296598515859,False,down
WBGene00017002,2,1.0,PFBSA,0.0651806394837502,0.797092992977048,False,up
WBGene00044924,2,0.9666666666666667,PFBSA,-0.0590857995017492,0.797277807853379,False,down
WBGene00021236,2,0.9333333333333333,PFBSA,-0.166478335104393,0.797987641861763,False,down
WBGene00021735,2,0.9333333333333333,PFBSA,0.0343353906978592,0.799910620982233,False,up
WBGene00017000,2,1.0,PFBSA,-0.0847526001583653,0.799975475656732,False,down
WBGene00009090,2,0.9666666666666667,PFBSA,-0.193347261498929,0.799975475656732,False,down
WBGene00012325,2,1.0,PFBSA,0.11597128444488,0.800007743543357,False,up
WBGene00011916,2,1.0,PFBSA,-0.0437838565777172,0.800122960147728,False,down
WBGene00021354,2,1.0,PFBSA,0.0630790849246615,0.800154283105413,False,up
WBGene00007787,2,0.9666666666666667,PFBSA,0.0272895757509229,0.800154283105413,False,up
WBGene00006522,2,1.0,PFBSA,-0.0683021444627444,0.800154283105413,False,down
WBGene00000263,2,1.0,PFBSA,-0.0322649924652475,0.800198248210753,False,down
WBGene00008923,2,0.9333333333333333,PFBSA,-0.0354328846627015,0.800675138420376,False,down
WBGene00006840,2,1.0,PFBSA,-0.0221722443391907,0.801440029557989,False,down
WBGene00022378,2,1.0,PFBSA,0.0498712729382568,0.801682900122558,False,up
WBGene00003242,2,0.9,PFBSA,0.0315153463119469,0.801682900122558,False,up
WBGene00003572,2,1.0,PFBSA,-0.050523009501665,0.803890312106643,False,down
WBGene00009451,2,0.9666666666666667,PFBSA,-0.0333809090127131,0.803964075657351,False,down
WBGene00010362,2,1.0,PFBSA,-0.0586614688431156,0.804639930521424,False,down
WBGene00016108,2,1.0,PFBSA,-0.0579775938269843,0.804771025248389,False,down
WBGene00000812,2,1.0,PFBSA,0.0252574348363426,0.806626061459679,False,up
WBGene00001263,2,0.9333333333333333,PFBSA,-0.0415322575271874,0.807330780229173,False,down
WBGene00019227,2,1.0,PFBSA,-0.0565784458669684,0.807785151847093,False,down
WBGene00045403,2,1.0,PFBSA,-0.0681616707900845,0.808039865178479,False,down
WBGene00021020,2,1.0,PFBSA,0.0487939502850777,0.809743265586659,False,up
WBGene00017355,2,0.9666666666666667,PFBSA,0.0301473481700769,0.809743265586659,False,up
WBGene00016278,2,1.0,PFBSA,-0.0222858845152077,0.809743265586659,False,down
WBGene00016564,2,1.0,PFBSA,-0.0588777448202458,0.809743265586659,False,down
WBGene00022374,2,1.0,PFBSA,-0.101530155520349,0.809743265586659,False,down
WBGene00020099,2,0.6,PFBSA,0.0452632749092601,0.809747728707334,False,up
WBGene00009461,2,0.9666666666666667,PFBSA,-0.0426967090590868,0.810189383058578,False,down
WBGene00219275,2,0.9666666666666667,PFBSA,-0.0644456382138264,0.810272709518907,False,down
WBGene00000511,2,1.0,PFBSA,-0.039083726576026,0.810346269414257,False,down
WBGene00022231,2,1.0,PFBSA,0.0344827667075244,0.810562668890782,False,up
WBGene00009370,2,0.9666666666666667,PFBSA,-0.0633286519922982,0.810775680855235,False,down
WBGene00017982,2,1.0,PFBSA,-0.0572561379384978,0.811256564396012,False,down
WBGene00003546,2,1.0,PFBSA,-0.102445165248129,0.811256564396012,False,down
WBGene00004450,2,1.0,PFBSA,-0.036918598769308,0.811995200816033,False,down
WBGene00009346,2,1.0,PFBSA,-0.0580123179996987,0.812047620088515,False,down
WBGene00015010,2,1.0,PFBSA,-0.0631693283854424,0.812475322524974,False,down
WBGene00015025,2,1.0,PFBSA,-0.0252811776509775,0.812535852508937,False,down
WBGene00006946,2,1.0,PFBSA,-0.0426692212588184,0.812634596158342,False,down
WBGene00014119,2,1.0,PFBSA,-0.040710744627099,0.81289746679955,False,down
WBGene00011040,2,1.0,PFBSA,0.0411747403935664,0.813039147158648,False,up
WBGene00022665,2,1.0,PFBSA,-0.0670131721923867,0.814149449468736,False,down
WBGene00018138,2,1.0,PFBSA,0.123339281335375,0.814418182286508,False,up
WBGene00271715,2,1.0,PFBSA,0.0795234226984088,0.814460389266442,False,up
WBGene00008848,2,0.9666666666666667,PFBSA,-0.0444549471640199,0.814460389266442,False,down
WBGene00008101,2,1.0,PFBSA,0.0427444541431309,0.814810202682687,False,up
WBGene00022645,2,1.0,PFBSA,-0.185598709253233,0.814810202682687,False,down
WBGene00018999,2,1.0,PFBSA,0.0703688319955839,0.815748521912955,False,up
WBGene00010199,2,1.0,PFBSA,-0.0247637799781606,0.815748521912955,False,down
WBGene00003010,2,1.0,PFBSA,-0.0325703676803665,0.815811780283383,False,down
WBGene00044338,2,1.0,PFBSA,0.0841343107380511,0.81588332299416,False,up
WBGene00006671,2,1.0,PFBSA,-0.0333996057039316,0.816697122029251,False,down
WBGene00011670,2,1.0,PFBSA,-0.0782861207285108,0.819060293563253,False,down
WBGene00021415,2,1.0,PFBSA,0.0304884566324564,0.819447727759998,False,up
WBGene00006968,2,1.0,PFBSA,0.027016350254691,0.819447727759998,False,up
WBGene00000142,2,1.0,PFBSA,-0.0305849066598473,0.82000217353371,False,down
WBGene00008934,2,0.8666666666666667,PFBSA,0.0413212765730679,0.820004193631893,False,up
WBGene00011323,2,1.0,PFBSA,0.0308744575580621,0.820453160792499,False,up
WBGene00022690,2,1.0,PFBSA,-0.144984003567519,0.821107957251702,False,down
WBGene00017499,2,0.9333333333333333,PFBSA,-0.148124919426853,0.821279196657336,False,down
WBGene00005019,2,0.9666666666666667,PFBSA,-0.0282434906838068,0.82217951585555,False,down
WBGene00013606,2,1.0,PFBSA,-0.0203716180942795,0.822892153736737,False,down
WBGene00022389,2,1.0,PFBSA,-0.0236647511001199,0.822920336995165,False,down
WBGene00013443,2,1.0,PFBSA,-0.0517544197055115,0.823345255333844,False,down
WBGene00016632,2,1.0,PFBSA,-0.0412358288545194,0.823687748986468,False,down
WBGene00022279,2,1.0,PFBSA,-0.0280663268643448,0.825262400817374,False,down
WBGene00006913,2,1.0,PFBSA,-0.0283513900194769,0.825387700026511,False,down
WBGene00017974,2,1.0,PFBSA,-0.0238464679342287,0.825463491056128,False,down
WBGene00018985,2,0.9666666666666667,PFBSA,-0.0503281457370182,0.826166741541065,False,down
WBGene00013925,2,0.9333333333333333,PFBSA,-0.0492810686537576,0.827149680685407,False,down
WBGene00017975,2,1.0,PFBSA,0.0385387077602613,0.830394585970614,False,up
WBGene00014137,2,0.9333333333333333,PFBSA,0.0494146764870858,0.830821652096862,False,up
WBGene00003579,2,1.0,PFBSA,0.0467022008164451,0.831829608494396,False,up
WBGene00022675,2,1.0,PFBSA,0.0275006327344366,0.831878943180142,False,up
WBGene00021985,2,1.0,PFBSA,-0.0435146389685109,0.832555746835695,False,down
WBGene00012270,2,1.0,PFBSA,-0.071793969276513,0.83295667109214,False,down
WBGene00017761,2,1.0,PFBSA,-0.0817557704966614,0.833339524016325,False,down
WBGene00006573,2,0.6666666666666666,PFBSA,-0.0584972984849985,0.833387305820191,False,down
WBGene00007014,2,0.9666666666666667,PFBSA,-0.0523737904336082,0.835764344456222,False,down
WBGene00012802,2,1.0,PFBSA,-0.0499590422815899,0.835926657251769,False,down
WBGene00022368,2,1.0,PFBSA,-0.0362091208001878,0.837088659132932,False,down
WBGene00019959,2,1.0,PFBSA,-0.0285401575045701,0.837190535083796,False,down
WBGene00000915,2,0.9,PFBSA,0.0255941373358352,0.837261666535976,False,up
WBGene00008767,2,1.0,PFBSA,-0.0280645512067815,0.837362055477591,False,down
WBGene00001856,2,1.0,PFBSA,0.0596714568414925,0.837922389846213,False,up
WBGene00009307,2,1.0,PFBSA,-0.018944719528488,0.838857485793754,False,down
WBGene00017934,2,1.0,PFBSA,-0.0572941520767966,0.839017534266338,False,down
WBGene00020094,2,1.0,PFBSA,-0.0305433183722467,0.839436943177219,False,down
WBGene00008688,2,1.0,PFBSA,-0.0416719641463775,0.840021844413163,False,down
WBGene00021867,2,0.9666666666666667,PFBSA,-0.0569922235900825,0.84039216043303,False,down
WBGene00017241,2,1.0,PFBSA,0.0470781280149006,0.840803157864401,False,up
WBGene00004298,2,1.0,PFBSA,-0.0500561267057402,0.841026563640951,False,down
WBGene00018491,2,0.9333333333333333,PFBSA,-0.0271878222068473,0.841228601404976,False,down
WBGene00018154,2,1.0,PFBSA,-0.0247017462103643,0.841341263799188,False,down
WBGene00012867,2,1.0,PFBSA,0.0287166917620405,0.841378128196381,False,up
WBGene00022029,2,1.0,PFBSA,0.0625792643138476,0.842435319640156,False,up
WBGene00002205,2,1.0,PFBSA,0.063004309020585,0.84258203948855,False,up
WBGene00000143,2,1.0,PFBSA,0.0279200452700249,0.84258203948855,False,up
WBGene00004445,2,1.0,PFBSA,-0.024932668783651,0.843771988057863,False,down
WBGene00004296,2,1.0,PFBSA,-0.0271651196432421,0.843918516983996,False,down
WBGene00000136,2,0.9333333333333333,PFBSA,0.0593406807648939,0.844088403774679,False,up
WBGene00009353,2,1.0,PFBSA,0.031340567388445,0.844088403774679,False,up
WBGene00020259,2,1.0,PFBSA,0.0237265348779808,0.844866106381981,False,up
WBGene00001784,2,0.7,PFBSA,0.0359801533553027,0.84586409340975,False,up
WBGene00015310,2,1.0,PFBSA,-0.032520980634,0.84586409340975,False,down
WBGene00012464,2,1.0,PFBSA,0.0453758659752471,0.846384196853508,False,up
WBGene00010044,2,1.0,PFBSA,-0.0335565952266085,0.846384196853508,False,down
WBGene00001596,2,1.0,PFBSA,0.0220085659558609,0.847086662400016,False,up
WBGene00013011,2,1.0,PFBSA,-0.0162511186703865,0.848045570244683,False,down
WBGene00012529,2,1.0,PFBSA,-0.0297303563273726,0.849006672400056,False,down
WBGene00010283,2,0.9666666666666667,PFBSA,-0.0292699368592014,0.849795178090338,False,down
WBGene00009777,2,1.0,PFBSA,-0.0839186497662043,0.850321084562288,False,down
WBGene00013379,2,0.5333333333333333,PFBSA,-0.0335703930524697,0.85051759940859,False,down
WBGene00006635,2,0.9666666666666667,PFBSA,-0.0237029670572279,0.851515647334526,False,down
WBGene00007702,2,0.9666666666666667,PFBSA,-0.0510304873231164,0.851515647334526,False,down
WBGene00016542,2,0.8,PFBSA,0.029006208150841,0.854116189307729,False,up
WBGene00018374,2,0.9666666666666667,PFBSA,0.0251640213942939,0.854274752200066,False,up
WBGene00017900,2,0.9,PFBSA,0.0233921951913791,0.854476809324254,False,up
WBGene00015755,2,1.0,PFBSA,-0.030860977423429,0.855846870089097,False,down
WBGene00020893,2,1.0,PFBSA,-0.100683913771971,0.856091227127066,False,down
WBGene00009117,2,0.6,PFBSA,0.120363111832224,0.85641998535393,False,up
WBGene00011635,2,1.0,PFBSA,-0.0361556157970252,0.85641998535393,False,down
WBGene00020258,2,1.0,PFBSA,-0.0453755600292285,0.85641998535393,False,down
WBGene00021884,2,1.0,PFBSA,-0.0589553838911124,0.85641998535393,False,down
WBGene00010793,2,0.8666666666666667,PFBSA,0.0293449086640873,0.857173288390225,False,up
WBGene00004753,2,1.0,PFBSA,-0.0208827160933,0.857173288390225,False,down
WBGene00018013,2,1.0,PFBSA,-0.0308574500336494,0.857173288390225,False,down
WBGene00001516,2,0.9333333333333333,PFBSA,0.0161105078811724,0.85738012033946,False,up
WBGene00004087,2,1.0,PFBSA,-0.0181182176315112,0.85738012033946,False,down
WBGene00012206,2,0.9666666666666667,PFBSA,-0.0241186650459671,0.85738012033946,False,down
WBGene00016171,2,0.9666666666666667,PFBSA,-0.0280399363925204,0.85738012033946,False,down
WBGene00000391,2,0.6666666666666666,PFBSA,-0.0319836960807265,0.85738012033946,False,down
WBGene00018157,2,0.9666666666666667,PFBSA,-0.0711529535674031,0.857981583411141,False,down
WBGene00010231,2,1.0,PFBSA,0.0438803053255828,0.858581114725227,False,up
WBGene00010089,2,1.0,PFBSA,0.0264338479082131,0.858581114725227,False,up
WBGene00017962,2,1.0,PFBSA,-0.119770365325286,0.858926970889793,False,down
WBGene00011892,2,0.9,PFBSA,-0.0391248391040229,0.859182149130538,False,down
WBGene00008316,2,1.0,PFBSA,0.057484811746587,0.859788351092113,False,up
WBGene00001865,2,0.9666666666666667,PFBSA,0.0274187710606018,0.859949316293704,False,up
WBGene00021063,2,1.0,PFBSA,-0.0238673262789593,0.860296886344126,False,down
WBGene00021685,2,1.0,PFBSA,0.0237521259229659,0.860435745588739,False,up
WBGene00004061,2,1.0,PFBSA,-0.0377360965936113,0.86066708419157,False,down
WBGene00010419,2,1.0,PFBSA,-0.0177658871396244,0.861932122923997,False,down
WBGene00006368,2,0.9,PFBSA,-0.0304176715601423,0.86261106181757,False,down
WBGene00018975,2,1.0,PFBSA,-0.0251289524681349,0.862957476784598,False,down
WBGene00006353,2,0.9333333333333333,PFBSA,-0.0264462086362356,0.862957500797331,False,down
WBGene00006681,2,0.9666666666666667,PFBSA,0.0310186226617198,0.863166260414367,False,up
WBGene00016495,2,0.5666666666666667,PFBSA,0.029388513992223,0.863353308860523,False,up
WBGene00008852,2,1.0,PFBSA,0.0227423368443331,0.863353308860523,False,up
WBGene00010842,2,0.9333333333333333,PFBSA,0.0179196264006808,0.863353308860523,False,up
WBGene00011502,2,0.9,PFBSA,-0.0207880894223058,0.863353308860523,False,down
WBGene00011707,2,1.0,PFBSA,-0.0334990179186014,0.863571341558945,False,down
WBGene00008151,2,0.5666666666666667,PFBSA,0.0261783193898474,0.864512008639921,False,up
WBGene00004320,2,1.0,PFBSA,-0.0245777687993629,0.865255014550901,False,down
WBGene00003793,2,1.0,PFBSA,-0.017808831267607,0.866532621263423,False,down
WBGene00007145,2,1.0,PFBSA,-0.0301279145136592,0.866532621263423,False,down
WBGene00010068,2,1.0,PFBSA,0.0812325757801625,0.866715238660559,False,up
WBGene00018719,2,1.0,PFBSA,0.0320637240308845,0.866985005238725,False,up
WBGene00000514,2,0.5333333333333333,PFBSA,-0.033211516076371,0.867223663412723,False,down
WBGene00018339,2,0.7666666666666667,PFBSA,-0.0166080618606269,0.867308516785718,False,down
WBGene00011965,2,0.9666666666666667,PFBSA,0.028998448070234,0.867385367035111,False,up
WBGene00009161,2,0.9666666666666667,PFBSA,-0.0229255054587299,0.8681737435184,False,down
WBGene00012645,2,1.0,PFBSA,-0.022322491268976,0.86818962290112,False,down
WBGene00009744,2,1.0,PFBSA,-0.0248882079090529,0.86818962290112,False,down
WBGene00023487,2,1.0,PFBSA,-0.0323272286409197,0.86818962290112,False,down
WBGene00009284,2,1.0,PFBSA,-0.0215387092057516,0.86879369399021,False,down
WBGene00001425,2,1.0,PFBSA,0.0326479641954444,0.869270252939396,False,up
WBGene00017037,2,1.0,PFBSA,-0.0189133435512077,0.869270252939396,False,down
WBGene00010396,2,1.0,PFBSA,0.096274628889677,0.869850199720098,False,up
WBGene00006692,2,1.0,PFBSA,0.0419158618368602,0.869850199720098,False,up
WBGene00006433,2,1.0,PFBSA,-0.0161861597183523,0.870021022438762,False,down
WBGene00006477,2,1.0,PFBSA,-0.0359235199955761,0.870503369960126,False,down
WBGene00013354,2,1.0,PFBSA,0.0194000309005327,0.872146654098307,False,up
WBGene00015137,2,1.0,PFBSA,-0.0241575782918945,0.872429401026536,False,down
WBGene00303030,2,1.0,PFBSA,0.0495731858805237,0.873100272832331,False,up
WBGene00012675,2,1.0,PFBSA,-0.0364322153701836,0.873480671429018,False,down
WBGene00016442,2,1.0,PFBSA,-0.0315647744933684,0.873809186156809,False,down
WBGene00021514,2,1.0,PFBSA,0.0403465582108943,0.874017607186822,False,up
WBGene00006062,2,1.0,PFBSA,-0.0261561336781158,0.874213027930784,False,down
WBGene00012354,2,1.0,PFBSA,-0.0138236843303163,0.874827672174938,False,down
WBGene00014938,2,0.5333333333333333,PFBSA,-0.0371804709759288,0.874838843039267,False,down
WBGene00012073,2,1.0,PFBSA,0.029164795618815,0.874939689623803,False,up
WBGene00013551,2,1.0,PFBSA,-0.0370474629206345,0.875893567425482,False,down
WBGene00006519,2,0.9666666666666667,PFBSA,-0.0205983153348135,0.876635484203244,False,down
WBGene00009246,2,1.0,PFBSA,-0.017952630918421,0.876887296055792,False,down
WBGene00018638,2,1.0,PFBSA,-0.0170211376018633,0.877385228638376,False,down
WBGene00011637,2,1.0,PFBSA,0.0226940665499259,0.877669337601205,False,up
WBGene00017449,2,0.9333333333333333,PFBSA,-0.037221753073784,0.878124394389853,False,down
WBGene00011884,2,0.8666666666666667,PFBSA,0.0213692071258597,0.878527639280642,False,up
WBGene00012786,2,1.0,PFBSA,0.0553688276888999,0.879243706539336,False,up
WBGene00012460,2,1.0,PFBSA,0.0313086657944533,0.879243706539336,False,up
WBGene00009220,2,0.9666666666666667,PFBSA,-0.0624730751391424,0.879487519474593,False,down
WBGene00023405,2,0.9666666666666667,PFBSA,0.0203163645805533,0.88101842215704,False,up
WBGene00013147,2,0.5333333333333333,PFBSA,-0.0704279284349397,0.881502487247145,False,down
WBGene00021377,2,1.0,PFBSA,0.0192951421955654,0.883700388941668,False,up
WBGene00000122,2,0.6333333333333333,PFBSA,0.0135620980505446,0.884897555548626,False,up
WBGene00004306,2,1.0,PFBSA,-0.0171381308460387,0.885616442779213,False,down
WBGene00000115,2,1.0,PFBSA,-0.0281612717955981,0.885616442779213,False,down
WBGene00044431,2,1.0,PFBSA,-0.0338924640545158,0.885616442779213,False,down
WBGene00004684,2,1.0,PFBSA,-0.0136822711432847,0.885772253626412,False,down
WBGene00018935,2,0.9666666666666667,PFBSA,0.0189912324400037,0.88597455503962,False,up
WBGene00010851,2,1.0,PFBSA,-0.0285274574787331,0.88597455503962,False,down
WBGene00012226,2,1.0,PFBSA,-0.0191793292102572,0.888242490322002,False,down
WBGene00009531,2,1.0,PFBSA,-0.0236175243088956,0.888242490322002,False,down
WBGene00016258,2,1.0,PFBSA,-0.0143034266601377,0.890042983480519,False,down
WBGene00011291,2,0.9333333333333333,PFBSA,-0.0226596133628554,0.891052657406633,False,down
WBGene00000172,2,1.0,PFBSA,0.0235089053362559,0.891218029135556,False,up
WBGene00001580,2,1.0,PFBSA,-0.016448458377135,0.893294707578213,False,down
WBGene00004058,2,1.0,PFBSA,-0.0233449049105172,0.893294707578213,False,down
WBGene00008920,2,0.9333333333333333,PFBSA,-0.0112512585245882,0.893705255064175,False,down
WBGene00021676,2,0.9666666666666667,PFBSA,0.0299762386010603,0.894092871269203,False,up
WBGene00010631,2,1.0,PFBSA,-0.0104123863725396,0.894092871269203,False,down
WBGene00022281,2,1.0,PFBSA,0.0299139142750352,0.894760939400807,False,up
WBGene00013529,2,1.0,PFBSA,0.0220198974125763,0.894760939400807,False,up
WBGene00021365,2,1.0,PFBSA,-0.0156513375279399,0.894760939400807,False,down
WBGene00008404,2,0.9666666666666667,PFBSA,0.0184808089103939,0.895824252149417,False,up
WBGene00015928,2,1.0,PFBSA,-0.014940607179419,0.895824252149417,False,down
WBGene00012768,2,0.9666666666666667,PFBSA,-0.016624431830563,0.895824252149417,False,down
WBGene00008547,2,0.8666666666666667,PFBSA,-0.025535760065923,0.895824252149417,False,down
WBGene00018142,2,0.9666666666666667,PFBSA,-0.0600695067521636,0.896778364661473,False,down
WBGene00004496,2,1.0,PFBSA,-0.0182043865996881,0.899879078047143,False,down
WBGene00001745,2,0.9666666666666667,PFBSA,-0.0191506226802809,0.90089312204494,False,down
WBGene00015806,2,0.9666666666666667,PFBSA,0.0197815452877658,0.901562967536103,False,up
WBGene00017916,2,1.0,PFBSA,-0.0293679727201593,0.901890900251261,False,down
WBGene00003826,2,1.0,PFBSA,-0.0121432663521859,0.902519246716862,False,down
WBGene00010436,2,1.0,PFBSA,0.0384082363054537,0.904037283617646,False,up
WBGene00009958,2,1.0,PFBSA,0.0188426177847845,0.904055336152049,False,up
WBGene00004905,2,0.9666666666666667,PFBSA,-0.0150217021552055,0.904212031359155,False,down
WBGene00018427,2,1.0,PFBSA,-0.0532681189137455,0.904231101269328,False,down
WBGene00001910,2,0.5333333333333333,PFBSA,-0.0269912963653286,0.904617833679261,False,down
WBGene00000837,2,0.9666666666666667,PFBSA,-0.010160258578204,0.904646598313818,False,down
WBGene00044638,2,1.0,PFBSA,-0.0566511499210844,0.905596347292223,False,down
WBGene00013232,2,1.0,PFBSA,-0.0131954253011121,0.90704462692383,False,down
WBGene00000762,2,1.0,PFBSA,-0.0211806886520846,0.907325115069365,False,down
WBGene00009454,2,0.9666666666666667,PFBSA,-0.0136511216597521,0.908456544236006,False,down
WBGene00007743,2,1.0,PFBSA,-0.0240548109259191,0.909247890426109,False,down
WBGene00018070,2,0.9333333333333333,PFBSA,-0.0348640002555839,0.909247890426109,False,down
WBGene00021311,2,1.0,PFBSA,0.0187288920330956,0.910613126522116,False,up
WBGene00021226,2,1.0,PFBSA,0.0641761451246842,0.911502446986509,False,up
WBGene00000070,2,1.0,PFBSA,-0.0172795084021339,0.91151795240951,False,down
WBGene00008339,2,1.0,PFBSA,0.0142068201081229,0.913837209092307,False,up
WBGene00004498,2,0.9,PFBSA,0.0305521031837163,0.914151659688544,False,up
WBGene00011604,2,1.0,PFBSA,-0.0149711279505548,0.914151659688544,False,down
WBGene00002139,2,0.8,PFBSA,-0.0161608825942725,0.914151659688544,False,down
WBGene00018779,2,1.0,PFBSA,-0.0223756866668254,0.914151659688544,False,down
WBGene00010339,2,1.0,PFBSA,0.0170915586685547,0.914819945216819,False,up
WBGene00004510,2,1.0,PFBSA,0.0146897321476307,0.916444016461302,False,up
WBGene00017763,2,1.0,PFBSA,0.0147673012760567,0.916887351317921,False,up
WBGene00017642,2,1.0,PFBSA,0.0112092639100285,0.9170655865282,False,up
WBGene00009456,2,1.0,PFBSA,-0.0115576638869054,0.91720745372383,False,down
WBGene00020491,2,1.0,PFBSA,-0.0241178130734356,0.918339899161643,False,down
WBGene00011087,2,1.0,PFBSA,0.0385385039933356,0.918655067045982,False,up
WBGene00008868,2,0.9666666666666667,PFBSA,-0.0195936732836495,0.918655067045982,False,down
WBGene00016551,2,1.0,PFBSA,-0.0354973119668001,0.919171629447063,False,down
WBGene00007287,2,1.0,PFBSA,-0.0119276947086535,0.919317228758356,False,down
WBGene00017261,2,1.0,PFBSA,-0.0170282291605644,0.919365613326117,False,down
WBGene00011375,2,1.0,PFBSA,0.0136208308285743,0.920283799612555,False,up
WBGene00019346,2,1.0,PFBSA,-0.0274607366153497,0.920520827258575,False,down
WBGene00019509,2,0.9666666666666667,PFBSA,0.0299214289921056,0.920653486150672,False,up
WBGene00006605,2,0.9666666666666667,PFBSA,0.0093069487117316,0.921711279785039,False,up
WBGene00004453,2,1.0,PFBSA,-0.0270008859197328,0.923296748190648,False,down
WBGene00018857,2,1.0,PFBSA,-0.0113609938373803,0.92371151192161,False,down
WBGene00014230,2,1.0,PFBSA,-0.0153591649252134,0.92371151192161,False,down
WBGene00011589,2,1.0,PFBSA,-0.0160912536007448,0.92371151192161,False,down
WBGene00004760,2,1.0,PFBSA,0.008616450704854,0.924215431311956,False,up
WBGene00021346,2,1.0,PFBSA,-0.0157766264564413,0.924215431311956,False,down
WBGene00013332,2,1.0,PFBSA,0.0142554339849223,0.926626567299603,False,up
WBGene00045507,2,1.0,PFBSA,-0.0137962805953914,0.926856993396476,False,down
WBGene00013201,2,0.9333333333333333,PFBSA,-0.0152816366334841,0.927137188867745,False,down
WBGene00018426,2,1.0,PFBSA,0.0118526749856761,0.92756439405851,False,up
WBGene00011507,2,1.0,PFBSA,0.0072753138569567,0.928198903659658,False,up
WBGene00194680,2,1.0,PFBSA,-0.0330356767659588,0.928223328420654,False,down
WBGene00021923,2,0.9333333333333333,PFBSA,0.0143799615274279,0.928443801709047,False,up
WBGene00000936,2,1.0,PFBSA,-0.0124993776037859,0.928806605596994,False,down
WBGene00018221,2,0.9666666666666667,PFBSA,-0.0146140828504887,0.929291739553083,False,down
WBGene00020025,2,1.0,PFBSA,-0.0086944930156631,0.929879266718391,False,down
WBGene00002845,2,1.0,PFBSA,-0.0092908896108003,0.930150881233197,False,down
WBGene00013029,2,1.0,PFBSA,-0.0178781568951559,0.930150881233197,False,down
WBGene00020130,2,1.0,PFBSA,-0.023148669573416,0.930231228690416,False,down
WBGene00013677,2,1.0,PFBSA,0.0118933112683325,0.930833531155373,False,up
WBGene00044117,2,1.0,PFBSA,0.0709194380119123,0.930996329397302,False,up
WBGene00016391,2,1.0,PFBSA,-0.0133229922444155,0.931205762621275,False,down
WBGene00014035,2,0.9666666666666667,PFBSA,0.0217781074923933,0.931738872989373,False,up
WBGene00011747,2,0.9666666666666667,PFBSA,-0.0107060242076774,0.931952585456786,False,down
WBGene00044637,2,1.0,PFBSA,0.0220129869323507,0.932085976398606,False,up
WBGene00009745,2,0.8666666666666667,PFBSA,-0.0184546656904287,0.933199217602308,False,down
WBGene00010583,2,1.0,PFBSA,0.012938127789156,0.933803589967062,False,up
WBGene00044651,2,1.0,PFBSA,-0.0145786834281397,0.933803589967062,False,down
WBGene00010908,2,0.8666666666666667,PFBSA,0.0090888667037473,0.934336258155852,False,up
WBGene00011333,2,1.0,PFBSA,0.0078251643731293,0.934336258155852,False,up
WBGene00009058,2,1.0,PFBSA,-0.0144967675669514,0.934336258155852,False,down
WBGene00001836,2,1.0,PFBSA,-0.0090667360613775,0.93511465016471,False,down
WBGene00016154,2,0.9666666666666667,PFBSA,0.0117078351599293,0.935155617297963,False,up
WBGene00002280,2,1.0,PFBSA,0.012576292973761,0.936188042138224,False,up
WBGene00022300,2,1.0,PFBSA,-0.011380142263703,0.936188042138224,False,down
WBGene00012657,2,1.0,PFBSA,-0.0214398991694712,0.936188042138224,False,down
WBGene00017372,2,1.0,PFBSA,0.0121243194990823,0.936890558347762,False,up
WBGene00017161,2,1.0,PFBSA,0.0095923655059715,0.937182828710134,False,up
WBGene00006520,2,1.0,PFBSA,0.0159214897708414,0.93733659329123,False,up
WBGene00015238,2,1.0,PFBSA,-0.0137212749958217,0.937888239933652,False,down
WBGene00016418,2,1.0,PFBSA,-0.0127713023093479,0.938437351479709,False,down
WBGene00021827,2,1.0,PFBSA,0.0126370995462182,0.938459683951856,False,up
WBGene00003898,2,1.0,PFBSA,0.0087579343878706,0.938691498433022,False,up
WBGene00011410,2,0.9333333333333333,PFBSA,0.0105883536877154,0.939237419275586,False,up
WBGene00010638,2,0.9,PFBSA,-0.0163507399258548,0.94118622756223,False,down
WBGene00018742,2,0.8666666666666667,PFBSA,0.020936852995646,0.941576455444462,False,up
WBGene00004679,2,1.0,PFBSA,-0.009034357111994,0.942246079846233,False,down
WBGene00020275,2,1.0,PFBSA,-0.0083062018055884,0.943223192076982,False,down
WBGene00020765,2,1.0,PFBSA,-0.0142200537148251,0.943223192076982,False,down
WBGene00019486,2,1.0,PFBSA,-0.0422355687844454,0.943223192076982,False,down
WBGene00004497,2,1.0,PFBSA,-0.0188264183073473,0.944317680884628,False,down
WBGene00007144,2,0.9666666666666667,PFBSA,-0.0114170205121447,0.944403053778117,False,down
WBGene00008279,2,0.9333333333333333,PFBSA,-0.0498351933877134,0.945621235274615,False,down
WBGene00009027,2,1.0,PFBSA,-0.0097904685963264,0.945737549166331,False,down
WBGene00012187,2,1.0,PFBSA,0.0139105536800786,0.946548430344585,False,up
WBGene00001007,2,1.0,PFBSA,0.0088062556253341,0.946548430344585,False,up
WBGene00302991,2,0.9333333333333333,PFBSA,0.0338113470550695,0.946680709567618,False,up
WBGene00018350,2,1.0,PFBSA,0.0114680850620459,0.946817149957273,False,up
WBGene00004438,2,0.9333333333333333,PFBSA,-0.0105163369036294,0.946817149957273,False,down
WBGene00007583,2,1.0,PFBSA,-0.0101719156743305,0.947270060983468,False,down
WBGene00019869,2,1.0,PFBSA,0.0142235718318894,0.947915963045822,False,up
WBGene00016373,2,0.9666666666666667,PFBSA,0.0156640550743979,0.948704212508351,False,up
WBGene00007557,2,0.9333333333333333,PFBSA,-0.0129064439125152,0.948704212508351,False,down
WBGene00009188,2,1.0,PFBSA,-0.0080102508305433,0.949065199654461,False,down
WBGene00018974,2,1.0,PFBSA,-0.0081127357775408,0.949065199654461,False,down
WBGene00015632,2,1.0,PFBSA,-0.0143869465048361,0.95045617892934,False,down
WBGene00021331,2,1.0,PFBSA,0.0137464904348182,0.950961505682287,False,up
WBGene00022213,2,1.0,PFBSA,-0.0346407229869913,0.950961505682287,False,down
WBGene00004824,2,0.9333333333333333,PFBSA,0.0096813456310731,0.951312914814036,False,up
WBGene00005662,2,1.0,PFBSA,0.0091450739058799,0.951631167642209,False,up
WBGene00044322,2,1.0,PFBSA,0.0135497682367975,0.951675425232619,False,up
WBGene00194906,2,1.0,PFBSA,-0.0338975020988701,0.951675425232619,False,down
WBGene00002023,2,1.0,PFBSA,-0.0079363438743474,0.951890337962843,False,down
WBGene00016336,2,1.0,PFBSA,0.0417365087712179,0.951903236778483,False,up
WBGene00021914,2,1.0,PFBSA,0.0094981908187367,0.952280197415749,False,up
WBGene00000266,2,0.9666666666666667,PFBSA,-0.0065152517384775,0.953005270384745,False,down
WBGene00001334,2,1.0,PFBSA,0.0070612220449828,0.953629148101878,False,up
WBGene00009925,2,1.0,PFBSA,-0.0116278366875865,0.953629148101878,False,down
WBGene00000768,2,1.0,PFBSA,0.0081781886939338,0.953778426083067,False,up
WBGene00001095,2,0.9666666666666667,PFBSA,0.0102269919054238,0.954200813730462,False,up
WBGene00018599,2,1.0,PFBSA,-0.0074737211944378,0.95422894019734,False,down
WBGene00007140,2,1.0,PFBSA,0.0298255970014697,0.954530654340448,False,up
WBGene00011271,2,0.9666666666666667,PFBSA,0.0068292570183029,0.955406138442596,False,up
WBGene00044745,2,1.0,PFBSA,0.015193074553327,0.955583499794043,False,up
WBGene00006963,2,0.9666666666666667,PFBSA,0.0090353981495712,0.955583499794043,False,up
WBGene00016333,2,0.9666666666666667,PFBSA,0.0066505631667085,0.955583499794043,False,up
WBGene00018634,2,1.0,PFBSA,-0.0113943788181496,0.955748335924132,False,down
WBGene00014234,2,1.0,PFBSA,0.0094304712411259,0.955919155203468,False,up
WBGene00020383,2,0.8666666666666667,PFBSA,0.0111670901830182,0.956030426694961,False,up
WBGene00015485,2,0.9333333333333333,PFBSA,-0.0063319821921919,0.957902885706016,False,down
WBGene00019600,2,1.0,PFBSA,0.0147637413302175,0.958009715342479,False,up
WBGene00016758,2,1.0,PFBSA,0.0118574793405693,0.958339970852807,False,up
WBGene00005010,2,0.8333333333333334,PFBSA,0.0067199812509457,0.958339970852807,False,up
WBGene00020964,2,1.0,PFBSA,-0.0094003387939663,0.958339970852807,False,down
WBGene00175035,2,1.0,PFBSA,-0.0202649241468418,0.958339970852807,False,down
WBGene00044345,2,1.0,PFBSA,-0.0084513214746379,0.960204489108905,False,down
WBGene00018364,2,0.9666666666666667,PFBSA,-0.0058445254246379,0.960382774278775,False,down
WBGene00014244,2,1.0,PFBSA,-0.013434124939923,0.960989168140451,False,down
WBGene00010975,2,0.8666666666666667,PFBSA,0.0071964538721245,0.961020578287184,False,up
WBGene00007428,2,1.0,PFBSA,0.0045882002429119,0.96145335796499,False,up
WBGene00013804,2,1.0,PFBSA,0.0072365020012515,0.961564026514168,False,up
WBGene00007019,2,1.0,PFBSA,0.0092187534899972,0.962066321199894,False,up
WBGene00004800,2,1.0,PFBSA,-0.0046815957345807,0.963239734010344,False,down
WBGene00014228,2,0.9666666666666667,PFBSA,0.009455360962299,0.964659098832271,False,up
WBGene00020408,2,0.9333333333333333,PFBSA,0.0073500655564628,0.964659098832271,False,up
WBGene00008998,2,0.9333333333333333,PFBSA,-0.0149762479303071,0.964659098832271,False,down
WBGene00012803,2,0.9666666666666667,PFBSA,0.0086700775539033,0.964709575633868,False,up
WBGene00020549,2,1.0,PFBSA,0.008189203899697,0.964709575633868,False,up
WBGene00013514,2,1.0,PFBSA,-0.0124378483049528,0.964709575633868,False,down
WBGene00008494,2,1.0,PFBSA,-0.0174244921509244,0.964709575633868,False,down
WBGene00011308,2,0.9666666666666667,PFBSA,0.006539701706033,0.965136976161894,False,up
WBGene00015581,2,1.0,PFBSA,-0.0053330002312614,0.965136976161894,False,down
WBGene00019188,2,1.0,PFBSA,-0.0053334177733731,0.966364552871603,False,down
WBGene00001843,2,1.0,PFBSA,0.0096503966189449,0.966686891736146,False,up
WBGene00013123,2,1.0,PFBSA,0.006098751358302,0.967151275183931,False,up
WBGene00044720,2,1.0,PFBSA,0.0063042301332293,0.967544275023223,False,up
WBGene00008606,2,1.0,PFBSA,0.0095171664831995,0.967727105372287,False,up
WBGene00020942,2,1.0,PFBSA,-0.0070349406999529,0.967991193669262,False,down
WBGene00001595,2,0.9666666666666667,PFBSA,0.014031396595836,0.968044286709136,False,up
WBGene00010595,2,1.0,PFBSA,0.0125597822987385,0.96931724624407,False,up
WBGene00021146,2,1.0,PFBSA,-0.0061307913201576,0.96958915822723,False,down
WBGene00020230,2,1.0,PFBSA,-0.0058583567887345,0.970411453084095,False,down
WBGene00004508,2,1.0,PFBSA,0.0045298423062617,0.971123169851217,False,up
WBGene00000173,2,1.0,PFBSA,0.0187831679874754,0.97141424402781,False,up
WBGene00022033,2,1.0,PFBSA,-0.011317772121265,0.9716263253967,False,down
WBGene00017046,2,0.9,PFBSA,0.0046726037046574,0.97207566988567,False,up
WBGene00022448,2,1.0,PFBSA,0.0075975637582487,0.972148215801076,False,up
WBGene00000496,2,1.0,PFBSA,-0.0111345656400323,0.972148215801076,False,down
WBGene00003220,2,1.0,PFBSA,0.0045401034244136,0.972302974386508,False,up
WBGene00018854,2,1.0,PFBSA,0.0051019129389486,0.972817538065052,False,up
WBGene00043057,2,1.0,PFBSA,0.0059676128103834,0.973463609722912,False,up
WBGene00001412,2,1.0,PFBSA,0.0044383464655175,0.973952506128386,False,up
WBGene00020464,2,1.0,PFBSA,-0.0060657312683237,0.974109757127421,False,down
WBGene00010325,2,1.0,PFBSA,0.0060272987593611,0.974209386396423,False,up
WBGene00001244,2,1.0,PFBSA,-0.0052267520640528,0.975044429672536,False,down
WBGene00019957,2,1.0,PFBSA,0.005632910910366,0.975156966113221,False,up
WBGene00014203,2,1.0,PFBSA,-0.0069058129870094,0.975156966113221,False,down
WBGene00012559,2,1.0,PFBSA,0.0048650945698548,0.976429687967212,False,up
WBGene00018016,2,0.9666666666666667,PFBSA,0.0067641642642409,0.976526211570883,False,up
WBGene00021870,2,1.0,PFBSA,-0.009320691468108,0.976542929563205,False,down
WBGene00001185,2,1.0,PFBSA,-0.0097307497056581,0.976542929563205,False,down
WBGene00011973,2,0.9333333333333333,PFBSA,-0.0192629150745415,0.976542929563205,False,down
WBGene00019503,2,1.0,PFBSA,-0.0049625450819652,0.977002249741333,False,down
WBGene00021109,2,0.9666666666666667,PFBSA,0.0100831502841512,0.9776828848045,False,up
WBGene00012640,2,1.0,PFBSA,0.0086527426027931,0.977782681535481,False,up
WBGene00020022,2,1.0,PFBSA,-0.0049434120165082,0.977782681535481,False,down
WBGene00009665,2,1.0,PFBSA,-0.0049538146303958,0.977782681535481,False,down
WBGene00012615,2,1.0,PFBSA,0.0093184900892472,0.979057543194,False,up
WBGene00020397,2,1.0,PFBSA,-0.0052111387376652,0.979989794194184,False,down
WBGene00012765,2,1.0,PFBSA,-0.0021355627652978,0.980546972476036,False,down
WBGene00011994,2,1.0,PFBSA,0.0028329661580124,0.981250476025016,False,up
WBGene00010960,2,0.9666666666666667,PFBSA,-0.004459087097412,0.981505993724769,False,down
WBGene00012408,2,1.0,PFBSA,-0.0087821899006204,0.981769381919817,False,down
WBGene00002011,2,1.0,PFBSA,-0.0050360352427246,0.981774837274467,False,down
WBGene00010383,2,0.9666666666666667,PFBSA,-0.0039504742441143,0.98233731004114,False,down
WBGene00013015,2,0.9666666666666667,PFBSA,0.003680518685101,0.982858108543214,False,up
WBGene00021209,2,1.0,PFBSA,0.002311291063276,0.983394434010066,False,up
WBGene00020838,2,1.0,PFBSA,0.00307056509941,0.983544234273496,False,up
WBGene00016250,2,1.0,PFBSA,-0.0036462171085135,0.983688125761393,False,down
WBGene00012858,2,1.0,PFBSA,0.0046272754657925,0.98396872342239,False,up
WBGene00018831,2,1.0,PFBSA,-0.003853979583469,0.984049469130685,False,down
WBGene00006796,2,1.0,PFBSA,-0.0025278210780145,0.98416599098101,False,down
WBGene00015235,2,1.0,PFBSA,0.0039666596884881,0.985398242484502,False,up
WBGene00006937,2,1.0,PFBSA,0.0028426345429806,0.986621832908853,False,up
WBGene00022783,2,1.0,PFBSA,-0.0088447918505039,0.986621832908853,False,down
WBGene00010562,2,0.9666666666666667,PFBSA,0.0024938555137919,0.986781412886082,False,up
WBGene00050937,2,0.9666666666666667,PFBSA,0.0041051180022966,0.987057382757586,False,up
WBGene00019937,2,1.0,PFBSA,-0.0030404535507771,0.987619372142884,False,down
WBGene00022073,2,1.0,PFBSA,-0.0023897594005205,0.987956687459844,False,down
WBGene00016626,2,0.7666666666666667,PFBSA,0.0044890098667807,0.98913543556584,False,up
WBGene00004430,2,1.0,PFBSA,0.0020375547225689,0.989337022645569,False,up
WBGene00001817,2,0.7,PFBSA,-0.0017573176088765,0.989698690830795,False,down
WBGene00016380,2,1.0,PFBSA,-0.0030189245614067,0.989713710826301,False,down
WBGene00008370,2,1.0,PFBSA,0.003615529334297,0.989835157532384,False,up
WBGene00017007,2,1.0,PFBSA,0.0033029200439784,0.989835157532384,False,up
WBGene00000207,2,1.0,PFBSA,0.0012397103662102,0.989835157532384,False,up
WBGene00013678,2,1.0,PFBSA,-0.002528309298322,0.989874883858392,False,down
WBGene00021391,2,0.9666666666666667,PFBSA,0.0025625053683252,0.990217674154844,False,up
WBGene00013235,2,0.9666666666666667,PFBSA,0.0018338676816841,0.990417788384711,False,up
WBGene00001147,2,1.0,PFBSA,-0.0053173457929489,0.99052642720398,False,down
WBGene00004929,2,1.0,PFBSA,-0.0014888028648812,0.990838151672145,False,down
WBGene00001898,2,0.8666666666666667,PFBSA,0.0022013191265226,0.990846536639321,False,up
WBGene00012179,2,1.0,PFBSA,-0.0031586873065615,0.991504300395652,False,down
WBGene00012188,2,1.0,PFBSA,0.0019023810793358,0.991825154777074,False,up
WBGene00004105,2,1.0,PFBSA,-0.0013315482043054,0.991852420612615,False,down
WBGene00000778,2,1.0,PFBSA,0.0037636467966853,0.992504127929142,False,up
WBGene00020703,2,0.9333333333333333,PFBSA,-0.0012028830289738,0.993426966158144,False,down
WBGene00003225,2,1.0,PFBSA,0.0011062138818052,0.994236955490239,False,up
WBGene00010288,2,1.0,PFBSA,-0.0023988586026459,0.994236955490239,False,down
WBGene00021419,2,1.0,PFBSA,-0.0019152052022611,0.994893790089009,False,down
WBGene00022297,2,1.0,PFBSA,0.0013115822229014,0.994934870115096,False,up
WBGene00011156,2,1.0,PFBSA,-0.0016989707506643,0.995266825448083,False,down
WBGene00019111,2,1.0,PFBSA,-0.0019603544337503,0.995547117849772,False,down
WBGene00000937,2,1.0,PFBSA,0.000791169419248,0.99667604769398,False,up
WBGene00013001,2,1.0,PFBSA,-0.0009741556151401,0.99667604769398,False,down
WBGene00016375,2,1.0,PFBSA,0.000843360141512,0.996842427471254,False,up
WBGene00013270,2,1.0,PFBSA,0.0006872203597828,0.997073535085709,False,up
WBGene00015540,2,1.0,PFBSA,-0.0007256413357898,0.997073535085709,False,down
WBGene00009159,2,1.0,PFBSA,-0.0004551969888244,0.998023071773483,False,down
WBGene00014020,2,1.0,PFBSA,-0.0002373791826772,0.999257045906451,False,down
WBGene00006747,2,1.0,PFBSA,-0.0001250913857001,0.99949179359491,False,down
WBGene00011729,2,1.0,PFBSA,0.0001012318797582,0.999608558630962,False,up
