WB_id,consensus_module,consensus_strength,chemical,logFC,FDR,is_detected,direction
WBGene00011671,3,0.9,PFBS,8.74562906344627,4.51388249043491e-23,True,up
WBGene00022813,3,0.9333333333333333,PFBS,4.13019273576538,4.1699358091490205e-20,True,up
WBGene00001756,3,1.0,PFBS,6.66153300741561,8.87045593742959e-19,True,up
WBGene00017480,3,1.0,PFBS,1.56762105268134,8.87045593742959e-19,True,up
WBGene00008273,3,0.8666666666666667,PFBS,1.92703461099743,2.46706535401022e-17,True,up
WBGene00007072,3,0.9,PFBS,3.59119299087178,8.3880131869211e-17,True,up
WBGene00015930,3,0.8333333333333334,PFBS,1.67010083021104,2.72651428067504e-16,True,up
WBGene00007810,3,1.0,PFBS,2.21211155149205,1.3226016669052302e-15,True,up
WBGene00019516,3,1.0,PFBS,2.78403809981989,4.967749752605781e-15,True,up
WBGene00019645,3,0.5333333333333333,PFBS,2.5859907005293,3.12709996374743e-14,True,up
WBGene00007605,3,0.9666666666666667,PFBS,2.49833491549383,1.17843995494067e-13,True,up
WBGene00011190,3,1.0,PFBS,3.16211569845393,6.47346806160472e-13,True,up
WBGene00011672,3,0.9,PFBS,2.58929883347997,7.16078333412188e-13,True,up
WBGene00004236,3,1.0,PFBS,3.84128339410108,1.16180673736216e-12,True,up
WBGene00010665,3,1.0,PFBS,1.55718155208292,6.7795388624666896e-12,True,up
WBGene00012531,3,1.0,PFBS,1.5099793823751,8.25313713700151e-12,True,up
WBGene00000977,3,0.5666666666666667,PFBS,2.26432250426815,2.6884722707358496e-11,True,up
WBGene00006890,3,1.0,PFBS,0.98377204253362,1.26805995128545e-10,True,up
WBGene00020587,3,1.0,PFBS,1.18322735776974,1.48476471347914e-10,True,up
WBGene00015044,3,0.8,PFBS,3.47894964241255,3.85056066914111e-10,True,up
WBGene00017515,3,1.0,PFBS,1.53898275257661,4.730306638277501e-10,True,up
WBGene00001762,3,0.8333333333333334,PFBS,3.38546375889553,1.527702520232e-08,True,up
WBGene00018430,3,1.0,PFBS,1.30479937995088,1.99119246023814e-08,True,up
WBGene00016174,3,0.9,PFBS,1.61208451023664,2.25727457862047e-08,True,up
WBGene00008032,3,0.9,PFBS,0.890541469331347,2.80130234063035e-08,True,up
WBGene00019830,3,1.0,PFBS,2.07675163078597,3.84529661505422e-08,True,up
WBGene00015400,3,1.0,PFBS,-2.19214109106385,6.2170707610833e-08,True,down
WBGene00019605,3,0.9666666666666667,PFBS,0.967519773190758,9.69405782918611e-08,True,up
WBGene00003696,3,1.0,PFBS,1.35167511238358,1.06813412673038e-07,True,up
WBGene00018226,3,0.9666666666666667,PFBS,0.414320788517898,2.65047092486929e-07,True,up
WBGene00007890,3,1.0,PFBS,1.44482195361853,2.70106554899964e-07,True,up
WBGene00008490,3,1.0,PFBS,1.89993822753184,3.2584796859953e-07,True,up
WBGene00011009,3,0.9666666666666667,PFBS,2.96498644263406,3.61554434594197e-07,True,up
WBGene00017336,3,1.0,PFBS,1.87185607431882,4.21165125103167e-07,True,up
WBGene00020895,3,1.0,PFBS,0.734894234474462,6.65388479628027e-07,True,up
WBGene00020741,3,1.0,PFBS,-1.8989711681118,8.6970497634454e-07,True,down
WBGene00011684,3,0.9333333333333333,PFBS,0.804560055976618,8.76032672654327e-07,True,up
WBGene00022131,3,1.0,PFBS,1.03777127299062,1.08851535644673e-06,True,up
WBGene00001781,3,0.9333333333333333,PFBS,2.18188500328529,1.31897299644443e-06,True,up
WBGene00007362,3,0.6333333333333333,PFBS,-1.35265367698151,1.82602977459325e-06,True,down
WBGene00009896,3,1.0,PFBS,-0.82087113205908,4.04552496142784e-06,True,down
WBGene00003652,3,1.0,PFBS,0.687201570689737,4.83419527997089e-06,True,up
WBGene00019965,3,1.0,PFBS,0.663128808981265,4.98033759638137e-06,True,up
WBGene00012494,3,1.0,PFBS,0.757767554885196,5.36729598682074e-06,True,up
WBGene00019105,3,1.0,PFBS,-1.23717279109668,5.76716381881012e-06,True,down
WBGene00044481,3,1.0,PFBS,1.11452959701438,6.1549633364363e-06,True,up
WBGene00043097,3,1.0,PFBS,1.04857389161363,7.00974189637605e-06,True,up
WBGene00008678,3,1.0,PFBS,1.76025813040197,7.83255176187826e-06,True,up
WBGene00021635,3,1.0,PFBS,0.538339163285023,1.07407936922723e-05,True,up
WBGene00001649,3,1.0,PFBS,0.403354330990403,1.22759568975568e-05,True,up
WBGene00007964,3,0.6333333333333333,PFBS,-0.961894269799171,1.75771900954974e-05,True,down
WBGene00002107,3,1.0,PFBS,0.963890561245757,1.93678354806224e-05,True,up
WBGene00021503,3,0.9,PFBS,0.591716282855038,1.93678354806224e-05,True,up
WBGene00009877,3,0.9,PFBS,-1.58315391777174,2.64505201966026e-05,True,down
WBGene00002113,3,0.9,PFBS,0.42178400448718,2.9065816691596e-05,True,up
WBGene00017681,3,1.0,PFBS,0.655309576398216,3.51701227665793e-05,True,up
WBGene00018334,3,1.0,PFBS,0.934019451136158,4.13056613626413e-05,True,up
WBGene00013119,3,1.0,PFBS,0.812150246502164,5.03726212804373e-05,True,up
WBGene00000111,3,0.9333333333333333,PFBS,0.913459563618641,5.3405738485907e-05,True,up
WBGene00001397,3,0.7,PFBS,-2.43184330371796,6.71829874773381e-05,True,down
WBGene00009512,3,1.0,PFBS,0.821635804001595,6.9363472429665e-05,True,up
WBGene00017431,3,0.9666666666666667,PFBS,0.675290883723196,8.83265620487859e-05,True,up
WBGene00022515,3,0.6333333333333333,PFBS,-0.56546187516191,0.000117668016159,True,down
WBGene00013197,3,0.9666666666666667,PFBS,0.577092742586656,0.000121364548594,True,up
WBGene00019473,3,0.6,PFBS,-1.22412744701302,0.0001450519088776,True,down
WBGene00000009,3,1.0,PFBS,-1.55282221985212,0.0002269918485862,True,down
WBGene00007509,3,1.0,PFBS,1.60785019668859,0.0002353795423682,True,up
WBGene00045387,3,0.9666666666666667,PFBS,0.725430273704706,0.0002398386310313,True,up
WBGene00017398,3,1.0,PFBS,0.682333143101142,0.0002424497830336,True,up
WBGene00044611,3,1.0,PFBS,2.75606068414392,0.0003011476893388,True,up
WBGene00010943,3,1.0,PFBS,-0.856610349927627,0.0004353361324576,True,down
WBGene00011106,3,0.5666666666666667,PFBS,-0.296028840033198,0.0004520586734856,True,down
WBGene00019471,3,0.9666666666666667,PFBS,-2.27025782682428,0.0004520586734856,True,down
WBGene00003603,3,1.0,PFBS,0.436341592125664,0.0005253439842645,True,up
WBGene00001262,3,0.9333333333333333,PFBS,0.459794249651567,0.0005354371212447,True,up
WBGene00007963,3,0.9333333333333333,PFBS,-1.38789942599466,0.0005433444627283,True,down
WBGene00014001,3,1.0,PFBS,0.484017703386159,0.0005594021415874,True,up
WBGene00008602,3,1.0,PFBS,1.30672414394492,0.0005761079237005,True,up
WBGene00011674,3,0.9666666666666667,PFBS,3.85721605336524,0.0005777429070713,True,up
WBGene00004194,3,1.0,PFBS,0.321834141652678,0.0006067809330927,True,up
WBGene00013647,3,1.0,PFBS,1.08261858100848,0.0006115803428512,True,up
WBGene00021370,3,1.0,PFBS,0.624255173089297,0.0006989640658723,True,up
WBGene00018403,3,1.0,PFBS,0.784154111600139,0.0007311920398453,True,up
WBGene00013439,3,0.5333333333333333,PFBS,-0.730147806038655,0.0008022806308254,True,down
WBGene00020559,3,1.0,PFBS,0.59246384304657,0.0008428154163771,True,up
WBGene00006916,3,0.9,PFBS,0.425865525619032,0.0008549461234706,True,up
WBGene00017427,3,1.0,PFBS,0.588804593253012,0.0009027529603422,True,up
WBGene00044696,3,0.8666666666666667,PFBS,0.733822046790711,0.0009042885720826,True,up
WBGene00009493,3,1.0,PFBS,1.14009655695215,0.001001768038218,True,up
WBGene00021352,3,1.0,PFBS,0.35543477033407,0.0011474962591748,True,up
WBGene00017060,3,1.0,PFBS,0.896458093457262,0.0011514198029835,True,up
WBGene00008335,3,0.7,PFBS,0.893377108791726,0.0012651879140908,True,up
WBGene00008499,3,1.0,PFBS,-0.67518598799651,0.0012651879140908,True,down
WBGene00043983,3,1.0,PFBS,0.495925148739066,0.0013104131150888,True,up
WBGene00011799,3,0.9666666666666667,PFBS,0.990955721274636,0.0013113789032374,True,up
WBGene00016438,3,1.0,PFBS,0.414113956865778,0.0013182943234792,True,up
WBGene00015859,3,1.0,PFBS,0.656827819573557,0.0014143995879299,True,up
WBGene00010019,3,0.8333333333333334,PFBS,1.26798526856602,0.0015291751673176,True,up
WBGene00016093,3,0.9666666666666667,PFBS,0.563910349292731,0.0015482955872783,True,up
WBGene00003643,3,1.0,PFBS,1.04355587549426,0.0015548884436993,True,up
WBGene00004076,3,1.0,PFBS,0.406043657691923,0.0015617434303751,True,up
WBGene00006404,3,0.8666666666666667,PFBS,0.407377338421167,0.0016085091319255,True,up
WBGene00021002,3,1.0,PFBS,-0.879749063666364,0.0018140907663921,True,down
WBGene00019734,3,0.9666666666666667,PFBS,0.445015545649997,0.0018626074148358,True,up
WBGene00017667,3,0.9333333333333333,PFBS,1.19887393738426,0.0018817182510803,True,up
WBGene00006757,3,1.0,PFBS,0.269343877537342,0.0018817182510803,True,up
WBGene00008730,3,1.0,PFBS,0.607529090992756,0.0020665080145636,True,up
WBGene00004064,3,0.5666666666666667,PFBS,0.455986122826862,0.0021146659863388,True,up
WBGene00018645,3,1.0,PFBS,1.98967902331046,0.0021816346764994,True,up
WBGene00021894,3,1.0,PFBS,0.578218008794834,0.0024294663284685,True,up
WBGene00014258,3,1.0,PFBS,0.50476238614332,0.0025113630483982,True,up
WBGene00022712,3,1.0,PFBS,0.523378534696288,0.0027473636996079,True,up
WBGene00271812,3,1.0,PFBS,0.92012771386478,0.0028159668145551,True,up
WBGene00011756,3,1.0,PFBS,0.352472808993904,0.0032064323117324,True,up
WBGene00019108,3,1.0,PFBS,0.659059298050261,0.0032354428215113,True,up
WBGene00018602,3,1.0,PFBS,1.21159932410135,0.0033871889042051,True,up
WBGene00019472,3,1.0,PFBS,-2.78160192629225,0.0034268783350177,True,down
WBGene00005552,3,0.7666666666666667,PFBS,1.11463275897437,0.0036963471904238,True,up
WBGene00235271,3,1.0,PFBS,1.18727904279663,0.0038050910272928,True,up
WBGene00004221,3,1.0,PFBS,0.702267904574458,0.0038126358749968,True,up
WBGene00045208,3,0.9,PFBS,-0.480055004982229,0.0038126358749968,True,down
WBGene00018886,3,0.9666666666666667,PFBS,0.398074527221802,0.0040943232835247,True,up
WBGene00020058,3,0.5333333333333333,PFBS,0.478972685692,0.0043088737597257,True,up
WBGene00019970,3,1.0,PFBS,-1.59787814898469,0.0044183344713322,True,down
WBGene00017374,3,1.0,PFBS,-0.298374180003486,0.0046543500327989,True,down
WBGene00010747,3,1.0,PFBS,1.00816843529882,0.004744489594453,True,up
WBGene00021875,3,1.0,PFBS,-0.566482024482022,0.0050209521266219,True,down
WBGene00015295,3,0.9666666666666667,PFBS,-0.466826065487365,0.0050715567328286,True,down
WBGene00012750,3,1.0,PFBS,0.800065079315063,0.0051686820622673,True,up
WBGene00021939,3,1.0,PFBS,0.59939382258991,0.0061219892135544,True,up
WBGene00011002,3,1.0,PFBS,0.889874258527657,0.0063202107943749,True,up
WBGene00019022,3,0.8333333333333334,PFBS,0.505457954321719,0.0063765773483823,True,up
WBGene00017390,3,1.0,PFBS,2.10899967465119,0.006710254332141,True,up
WBGene00015660,3,0.9,PFBS,-0.964487615447866,0.0067984728511184,True,down
WBGene00019675,3,0.6,PFBS,4.36441941079814,0.006946185463026,True,up
WBGene00004068,3,0.9666666666666667,PFBS,0.467266157728348,0.0070314979180431,True,up
WBGene00003411,3,1.0,PFBS,0.372033850391682,0.0071021413759292,True,up
WBGene00014098,3,1.0,PFBS,0.188391744350617,0.0072827516213955,True,up
WBGene00021645,3,0.9666666666666667,PFBS,0.529869104537711,0.0075818016749639,True,up
WBGene00015399,3,1.0,PFBS,-3.14685873227689,0.0077724242554014,True,down
WBGene00020188,3,1.0,PFBS,0.793724035161137,0.0080973007211383,True,up
WBGene00000983,3,0.9666666666666667,PFBS,-0.844724865363915,0.0081366101466334,True,down
WBGene00010023,3,0.9666666666666667,PFBS,1.59080168077444,0.0081946600045732,True,up
WBGene00016862,3,0.7666666666666667,PFBS,0.459948626886171,0.0086862155487855,True,up
WBGene00013515,3,0.9,PFBS,0.600081495516171,0.0091173583374935,True,up
WBGene00000282,3,1.0,PFBS,0.421153688166697,0.0092509408705079,True,up
WBGene00017048,3,0.8333333333333334,PFBS,0.462350601829492,0.0095567665825798,True,up
WBGene00016004,3,0.9666666666666667,PFBS,-0.65155115724528,0.0096701871956137,True,down
WBGene00015301,3,1.0,PFBS,0.238836541619799,0.0103176593616407,True,up
WBGene00019978,3,1.0,PFBS,0.560462077232718,0.0103466115232539,True,up
WBGene00003759,3,0.9,PFBS,0.385130309217754,0.0106110741214516,True,up
WBGene00018303,3,1.0,PFBS,-0.408827317179789,0.0108563844610401,True,down
WBGene00271821,3,1.0,PFBS,1.64641267779091,0.0112358005417332,True,up
WBGene00012143,3,1.0,PFBS,0.68582025773835,0.0113774325653773,True,up
WBGene00000219,3,1.0,PFBS,-0.306850489600262,0.0114866117503903,True,down
WBGene00009429,3,0.7666666666666667,PFBS,-1.90789885076442,0.011783241002013,True,down
WBGene00008274,3,0.9,PFBS,0.197167194338133,0.0123655991605568,True,up
WBGene00006603,3,0.7333333333333333,PFBS,0.260501382195441,0.0128141071210989,True,up
WBGene00219216,3,0.9333333333333333,PFBS,-1.08585170927147,0.0133495614279721,True,down
WBGene00077525,3,1.0,PFBS,0.848808559196183,0.0137855042657661,True,up
WBGene00011571,3,0.9,PFBS,-0.340633650786347,0.0137855042657661,True,down
WBGene00010256,3,1.0,PFBS,2.5407522648738,0.0139835951193328,True,up
WBGene00013216,3,1.0,PFBS,0.328256057674425,0.0139835951193328,True,up
WBGene00017126,3,0.6333333333333333,PFBS,0.321807581097991,0.014097201158442,True,up
WBGene00010985,3,0.9666666666666667,PFBS,0.849240046000144,0.0144054280321852,True,up
WBGene00000966,3,1.0,PFBS,-0.782675067070359,0.0148402938262553,True,down
WBGene00017574,3,0.5333333333333333,PFBS,0.307826847991843,0.014943842191782,True,up
WBGene00017983,3,0.5666666666666667,PFBS,0.33172908029441,0.0150866170641993,True,up
WBGene00010399,3,1.0,PFBS,-1.20459908888259,0.0151530087673084,True,down
WBGene00003720,3,1.0,PFBS,0.400519273667372,0.015552190185487,True,up
WBGene00013584,3,0.9333333333333333,PFBS,0.476804609980891,0.0161289426651999,True,up
WBGene00003409,3,1.0,PFBS,0.421042793136298,0.0170537029802261,True,up
WBGene00006418,3,0.9666666666666667,PFBS,1.05414190293281,0.0173384252261334,True,up
WBGene00011738,3,0.9666666666666667,PFBS,0.223597659497064,0.0179323181041727,True,up
WBGene00086546,3,1.0,PFBS,0.309360386532122,0.0186487337661585,True,up
WBGene00008334,3,1.0,PFBS,1.58826226640153,0.019404959686183,True,up
WBGene00023414,3,1.0,PFBS,0.325179200697162,0.019470232455847,True,up
WBGene00011798,3,1.0,PFBS,0.882499694343285,0.0210959650172256,True,up
WBGene00016260,3,1.0,PFBS,0.346151802614101,0.0213213432177999,True,up
WBGene00021820,3,1.0,PFBS,0.223519695373906,0.0215261872891675,True,up
WBGene00019177,3,1.0,PFBS,0.562203034798493,0.0222103473685843,True,up
WBGene00000110,3,1.0,PFBS,-0.330081771622747,0.0226243255811711,True,down
WBGene00022656,3,0.6666666666666666,PFBS,-1.51912069669787,0.0227330500136737,True,down
WBGene00022593,3,0.9,PFBS,0.427470603973757,0.0237491416897368,True,up
WBGene00010724,3,1.0,PFBS,0.346797183291666,0.023827455454625,True,up
WBGene00019127,3,0.9,PFBS,0.212716428839284,0.0238551489094128,True,up
WBGene00012721,3,0.5333333333333333,PFBS,0.928658754447283,0.0238824338641175,True,up
WBGene00011584,3,1.0,PFBS,-1.22281440067543,0.0242989458493806,True,down
WBGene00003621,3,0.9666666666666667,PFBS,0.537168773105943,0.0253984068520052,True,up
WBGene00003408,3,1.0,PFBS,0.245755640893793,0.0254122652023258,True,up
WBGene00003519,3,1.0,PFBS,0.519449787358846,0.0259041574564274,True,up
WBGene00016728,3,0.9666666666666667,PFBS,0.370330778090993,0.0260163619578121,True,up
WBGene00001755,3,0.5333333333333333,PFBS,1.22921937485773,0.0260606505168334,True,up
WBGene00021587,3,1.0,PFBS,0.698769636172412,0.0260606505168334,True,up
WBGene00010731,3,0.9,PFBS,0.193938795570692,0.0267503906458104,True,up
WBGene00013950,3,0.9333333333333333,PFBS,0.530621611195049,0.0278464660668516,True,up
WBGene00008270,3,1.0,PFBS,0.281272463161301,0.0278560628629197,True,up
WBGene00003610,3,0.9,PFBS,0.489927849398275,0.0279499771448201,True,up
WBGene00001666,3,0.8333333333333334,PFBS,0.361494157571219,0.0285646811435278,True,up
WBGene00007811,3,1.0,PFBS,0.431061008981557,0.0291905243944993,True,up
WBGene00003887,3,0.9666666666666667,PFBS,0.383947861737441,0.0293835608543242,True,up
WBGene00009903,3,1.0,PFBS,-2.2678348024466,0.031252360017648,True,down
WBGene00021404,3,0.7666666666666667,PFBS,-0.713756754115405,0.0320294468364068,True,down
WBGene00013493,3,0.9333333333333333,PFBS,3.19520001552828,0.0323529692256867,True,up
WBGene00011288,3,0.9333333333333333,PFBS,1.03032431535333,0.0325916683967846,True,up
WBGene00194651,3,1.0,PFBS,0.310309867261748,0.0325916683967846,True,up
WBGene00017302,3,0.7,PFBS,0.293409284556723,0.0327752472014767,True,up
WBGene00010086,3,0.9,PFBS,0.585535605316872,0.0328776175859446,True,up
WBGene00022040,3,1.0,PFBS,0.766447322835482,0.0345661397800123,True,up
WBGene00021394,3,1.0,PFBS,0.17259831303749,0.036431121436378,True,up
WBGene00016841,3,1.0,PFBS,0.33325958344391,0.0369084944356624,True,up
WBGene00003602,3,1.0,PFBS,0.442689705225121,0.0380696458494385,True,up
WBGene00011829,3,0.9,PFBS,-0.76603651027247,0.0382408435197444,True,down
WBGene00002255,3,1.0,PFBS,0.274794200133092,0.0384333408292159,True,up
WBGene00003705,3,1.0,PFBS,0.719333211277556,0.0401808402967096,True,up
WBGene00010328,3,0.9666666666666667,PFBS,0.569257452618253,0.0401808402967096,True,up
WBGene00005671,3,0.9,PFBS,-1.19257347688649,0.041906597452803,True,down
WBGene00015728,3,1.0,PFBS,0.441204468337473,0.0427890723777847,True,up
WBGene00000138,3,0.9666666666666667,PFBS,0.305217179096102,0.0431375829914337,True,up
WBGene00022745,3,1.0,PFBS,0.219596974045507,0.0444694386379675,True,up
WBGene00009110,3,0.9,PFBS,0.908698087245128,0.0453672479402468,True,up
WBGene00017510,3,1.0,PFBS,0.800599553086198,0.0461555701130791,True,up
WBGene00010632,3,0.8666666666666667,PFBS,0.374301127868843,0.0461555701130791,True,up
WBGene00010628,3,1.0,PFBS,0.459852678464595,0.0475376800798814,True,up
WBGene00010799,3,0.9,PFBS,0.728979282514476,0.0475529336699464,True,up
WBGene00008359,3,1.0,PFBS,0.371065890425359,0.047765959859217,True,up
WBGene00003517,3,1.0,PFBS,0.305590735151923,0.0483090273712775,True,up
WBGene00020504,3,0.9,PFBS,0.169756984089417,0.0483922484520726,True,up
WBGene00018380,3,0.6333333333333333,PFBS,1.99837776021369,0.049359022269244,True,up
WBGene00016283,3,1.0,PFBS,0.393624974214733,0.0493965444312601,True,up
WBGene00050957,3,0.5333333333333333,PFBS,0.924064202185463,0.0515657224716777,False,up
WBGene00004126,3,0.9,PFBS,0.185933272194226,0.0518516086764539,False,up
WBGene00006486,3,0.7666666666666667,PFBS,0.536711396122062,0.0523500318391127,False,up
WBGene00012989,3,1.0,PFBS,0.23244376558754,0.0531420140200823,False,up
WBGene00019967,3,1.0,PFBS,0.408603867257346,0.0536512284769303,False,up
WBGene00011678,3,0.7,PFBS,0.657232520677372,0.0537291400422613,False,up
WBGene00005703,3,1.0,PFBS,0.649377706404638,0.0537291400422613,False,up
WBGene00011869,3,1.0,PFBS,-0.216507734592318,0.0537291400422613,False,down
WBGene00011404,3,1.0,PFBS,0.693395813676169,0.0539954249875617,False,up
WBGene00004258,3,1.0,PFBS,0.348753019058871,0.0548004559542973,False,up
WBGene00008419,3,1.0,PFBS,0.3934567939578,0.0553607145907529,False,up
WBGene00006580,3,0.9,PFBS,0.248752710006769,0.0576057757514436,False,up
WBGene00015337,3,0.9666666666666667,PFBS,1.53914680033747,0.0592023873484464,False,up
WBGene00012492,3,1.0,PFBS,-0.851630522565974,0.0592023873484464,False,down
WBGene00002267,3,1.0,PFBS,0.241765229842103,0.0593438262512159,False,up
WBGene00003747,3,1.0,PFBS,0.314604611291268,0.0613924062094292,False,up
WBGene00001506,3,1.0,PFBS,0.575126684552291,0.0617487995202212,False,up
WBGene00016704,3,1.0,PFBS,-0.221744329541229,0.0623173498951872,False,down
WBGene00010706,3,0.5333333333333333,PFBS,-1.05852082766704,0.0647577597539837,False,down
WBGene00020015,3,0.6333333333333333,PFBS,0.517288091075345,0.0659821497501765,False,up
WBGene00018672,3,1.0,PFBS,0.237213471304136,0.0662650985519442,False,up
WBGene00020380,3,0.6666666666666666,PFBS,1.1638621002983,0.070409004193436,False,up
WBGene00016507,3,1.0,PFBS,0.397639794302583,0.0712204074900141,False,up
WBGene00019946,3,0.7333333333333333,PFBS,0.190474295282851,0.0712204074900141,False,up
WBGene00010810,3,0.9,PFBS,0.22752094412229,0.075907037378235,False,up
WBGene00021741,3,1.0,PFBS,-1.4250989951918,0.0761491395973193,False,down
WBGene00008485,3,0.9333333333333333,PFBS,0.762793084025338,0.079156656461826,False,up
WBGene00008712,3,0.8666666666666667,PFBS,-1.66604336732772,0.079156656461826,False,down
WBGene00010473,3,0.8333333333333334,PFBS,1.26627048180927,0.0793393011581581,False,up
WBGene00020267,3,0.6333333333333333,PFBS,0.996072013816867,0.0795861009036533,False,up
WBGene00019290,3,0.7666666666666667,PFBS,0.455571838501015,0.0806753944027016,False,up
WBGene00012352,3,0.6333333333333333,PFBS,0.193536204143912,0.0808687607627997,False,up
WBGene00015527,3,1.0,PFBS,0.333681660422556,0.0823858466048047,False,up
WBGene00004210,3,0.9666666666666667,PFBS,0.240869482387538,0.0842957634219492,False,up
WBGene00003856,3,0.9,PFBS,0.737959857214653,0.0843502389122684,False,up
WBGene00008284,3,1.0,PFBS,0.413647986991608,0.0852041008682597,False,up
WBGene00010589,3,1.0,PFBS,0.928140998224038,0.0856232580242413,False,up
WBGene00004053,3,1.0,PFBS,0.208201137762881,0.0857725041852938,False,up
WBGene00021581,3,0.9,PFBS,-1.7344883465983,0.0876922870134788,False,down
WBGene00012462,3,1.0,PFBS,0.346583636976566,0.0877937089898674,False,up
WBGene00007984,3,0.9,PFBS,0.224387128421568,0.0877937089898674,False,up
WBGene00020583,3,1.0,PFBS,-0.445419608889887,0.0877937089898674,False,down
WBGene00008625,3,0.9666666666666667,PFBS,-1.83276435368648,0.088796598088994,False,down
WBGene00016645,3,1.0,PFBS,0.523670760355338,0.0908642793379275,False,up
WBGene00007818,3,0.9666666666666667,PFBS,0.750615366992242,0.0919710811125231,False,up
WBGene00008663,3,0.9666666666666667,PFBS,0.44188612907373,0.0956548936721267,False,up
WBGene00007969,3,1.0,PFBS,0.348360273605243,0.0956548936721267,False,up
WBGene00003112,3,1.0,PFBS,0.263212548157068,0.0956548936721267,False,up
WBGene00007513,3,1.0,PFBS,-0.280951484437157,0.0960140101922988,False,down
WBGene00010454,3,0.9666666666666667,PFBS,0.329801131993559,0.097553795869108,False,up
WBGene00017180,3,0.9,PFBS,0.493827819178881,0.0981123705413497,False,up
WBGene00009895,3,0.9333333333333333,PFBS,-0.903823221111768,0.0984685790149444,False,down
WBGene00284867,3,1.0,PFBS,1.11816273283475,0.0985348261549393,False,up
WBGene00019265,3,0.9,PFBS,-0.46617063130481,0.0985348261549393,False,down
WBGene00008341,3,1.0,PFBS,-0.691259607354442,0.0985582837698984,False,down
WBGene00003249,3,1.0,PFBS,-0.35551608752254,0.0989038343322274,False,down
WBGene00011554,3,0.9,PFBS,0.842252110677767,0.0994920268675144,False,up
WBGene00010001,3,0.5333333333333333,PFBS,0.514018809442692,0.100609163140092,False,up
WBGene00015978,3,0.5333333333333333,PFBS,0.186078412993807,0.100935315087097,False,up
WBGene00020313,3,0.9666666666666667,PFBS,1.05946860533664,0.100981260194151,False,up
WBGene00003943,3,1.0,PFBS,0.27450884945491,0.102569325647232,False,up
WBGene00017583,3,1.0,PFBS,0.230855379427003,0.103206762663577,False,up
WBGene00002109,3,1.0,PFBS,0.345678230281091,0.103725536926817,False,up
WBGene00010740,3,0.9,PFBS,0.95471650635091,0.104902041375187,False,up
WBGene00017429,3,0.5333333333333333,PFBS,-0.336027796121983,0.105149996327751,False,down
WBGene00021262,3,0.9333333333333333,PFBS,0.377356187128813,0.105599122476325,False,up
WBGene00002173,3,1.0,PFBS,0.249852076158664,0.106649442921308,False,up
WBGene00010408,3,1.0,PFBS,-0.228643764979823,0.107307211432627,False,down
WBGene00007453,3,1.0,PFBS,0.64633685239664,0.108026380900038,False,up
WBGene00003757,3,0.9666666666666667,PFBS,0.516967017267394,0.10821301468937,False,up
WBGene00016628,3,0.9,PFBS,0.641187010092727,0.108765758644138,False,up
WBGene00001765,3,1.0,PFBS,1.79239103575123,0.10969900164892,False,up
WBGene00008443,3,1.0,PFBS,0.200668663860257,0.109975524561969,False,up
WBGene00010513,3,1.0,PFBS,0.384123662861118,0.111412799007233,False,up
WBGene00019408,3,0.9333333333333333,PFBS,0.248523212462879,0.111412799007233,False,up
WBGene00020912,3,1.0,PFBS,0.360561763419212,0.111560245564331,False,up
WBGene00001157,3,1.0,PFBS,0.388480326706465,0.112557581814256,False,up
WBGene00014006,3,0.5333333333333333,PFBS,0.534667945315457,0.113157035032232,False,up
WBGene00015042,3,1.0,PFBS,2.28510015264701,0.114183461777617,False,up
WBGene00012582,3,1.0,PFBS,-0.453536840487427,0.114959622770852,False,down
WBGene00003715,3,0.8333333333333334,PFBS,0.308867162829444,0.1149836904092,False,up
WBGene00010453,3,0.5333333333333333,PFBS,0.503146791661967,0.115569000617405,False,up
WBGene00010661,3,0.9,PFBS,0.377303971411737,0.115861141636971,False,up
WBGene00000782,3,1.0,PFBS,-1.84755814653328,0.115956380790908,False,down
WBGene00007779,3,1.0,PFBS,0.225936702652462,0.116731481743258,False,up
WBGene00006561,3,0.9333333333333333,PFBS,0.181723930580838,0.119269944956401,False,up
WBGene00008266,3,1.0,PFBS,-0.187722956816801,0.120178263999542,False,down
WBGene00019492,3,0.6333333333333333,PFBS,-0.33390554764084,0.120178263999542,False,down
WBGene00001398,3,1.0,PFBS,-0.31412121458985,0.120208074236571,False,down
WBGene00017747,3,0.9666666666666667,PFBS,0.603106310390032,0.120959795455021,False,up
WBGene00008121,3,1.0,PFBS,0.178151227989012,0.120959795455021,False,up
WBGene00019261,3,0.9,PFBS,-0.187603939043576,0.124224688445234,False,down
WBGene00012130,3,0.7,PFBS,0.377993013759979,0.124731553349123,False,up
WBGene00022263,3,0.9666666666666667,PFBS,-1.05740660714615,0.124731553349123,False,down
WBGene00007507,3,0.9666666666666667,PFBS,1.05281926746189,0.12781806604201,False,up
WBGene00006853,3,1.0,PFBS,0.227542025883298,0.12781806604201,False,up
WBGene00008044,3,1.0,PFBS,-0.796348562110755,0.12781806604201,False,down
WBGene00019203,3,1.0,PFBS,0.303314157152289,0.129576092320496,False,up
WBGene00013949,3,0.9666666666666667,PFBS,0.47205779200415,0.130676664954387,False,up
WBGene00015864,3,1.0,PFBS,0.822347609590555,0.132511900137964,False,up
WBGene00012914,3,0.8666666666666667,PFBS,1.26915387721015,0.132921060348325,False,up
WBGene00003786,3,0.9,PFBS,0.254558383331954,0.133725427416161,False,up
WBGene00004196,3,1.0,PFBS,0.233003773368067,0.133725427416161,False,up
WBGene00001565,3,1.0,PFBS,0.144352378633114,0.133725427416161,False,up
WBGene00007175,3,1.0,PFBS,0.231181022658096,0.133899710696863,False,up
WBGene00015866,3,1.0,PFBS,0.213965426679757,0.133899710696863,False,up
WBGene00009081,3,0.9333333333333333,PFBS,0.561895120203861,0.135888289659443,False,up
WBGene00010972,3,1.0,PFBS,0.384798814233866,0.136320601346216,False,up
WBGene00018797,3,0.9,PFBS,0.181907437177942,0.136353358537534,False,up
WBGene00044654,3,1.0,PFBS,0.555301559252141,0.136365962661247,False,up
WBGene00270303,3,0.9666666666666667,PFBS,1.03233621664276,0.137211940021697,False,up
WBGene00021842,3,1.0,PFBS,0.198354628670814,0.137571230385241,False,up
WBGene00004932,3,1.0,PFBS,-1.10488556831604,0.137571230385241,False,down
WBGene00009000,3,1.0,PFBS,0.536835951561992,0.137634508142591,False,up
WBGene00010202,3,0.9666666666666667,PFBS,0.778306554846869,0.138563128210369,False,up
WBGene00050906,3,0.6,PFBS,-2.11201650314338,0.138742970653632,False,down
WBGene00012961,3,1.0,PFBS,0.776391710138207,0.139977744803201,False,up
WBGene00001526,3,1.0,PFBS,0.188640395805731,0.143362600253385,False,up
WBGene00006639,3,1.0,PFBS,0.674244445247327,0.143918368386512,False,up
WBGene00006870,3,0.6333333333333333,PFBS,0.203610478887631,0.143918368386512,False,up
WBGene00022562,3,0.7,PFBS,-0.363888224833623,0.143918368386512,False,down
WBGene00011773,3,1.0,PFBS,0.189123121952078,0.144589343183595,False,up
WBGene00007707,3,1.0,PFBS,0.138100078211832,0.144589343183595,False,up
WBGene00020962,3,1.0,PFBS,0.38246386802285,0.145551312728253,False,up
WBGene00007316,3,0.9666666666666667,PFBS,0.375580275183056,0.147838772706296,False,up
WBGene00003182,3,0.7333333333333333,PFBS,0.316439413323324,0.148944203305277,False,up
WBGene00006363,3,0.8,PFBS,0.212578249142319,0.149667244130391,False,up
WBGene00002189,3,1.0,PFBS,0.128193374082157,0.150465489948282,False,up
WBGene00012535,3,1.0,PFBS,-1.36360374735272,0.151991767920994,False,down
WBGene00020563,3,0.5,PFBS,0.353218678058815,0.153448540949638,False,up
WBGene00016314,3,1.0,PFBS,0.324697493984441,0.153549374453731,False,up
WBGene00000517,3,1.0,PFBS,0.214558021635203,0.154637801048431,False,up
WBGene00194921,3,1.0,PFBS,0.452120364940419,0.158683440284934,False,up
WBGene00000776,3,0.5666666666666667,PFBS,-0.271726091056889,0.159332717464578,False,down
WBGene00014047,3,1.0,PFBS,-1.10964891226452,0.159947101633237,False,down
WBGene00015159,3,1.0,PFBS,0.150982617196142,0.160247028988448,False,up
WBGene00006914,3,1.0,PFBS,0.231390613542506,0.160851956387876,False,up
WBGene00008969,3,0.9,PFBS,0.326413343508576,0.161671117171203,False,up
WBGene00003600,3,0.9666666666666667,PFBS,0.151335597070395,0.161861738946371,False,up
WBGene00010868,3,1.0,PFBS,0.170868964682113,0.164267102458224,False,up
WBGene00001672,3,0.9666666666666667,PFBS,0.609847694810562,0.16440143090246,False,up
WBGene00020155,3,0.5666666666666667,PFBS,-0.150065564740931,0.165067297740899,False,down
WBGene00006470,3,1.0,PFBS,0.294696076603731,0.166162982541363,False,up
WBGene00004363,3,0.6333333333333333,PFBS,-0.179849279438465,0.166300910269193,False,down
WBGene00018847,3,1.0,PFBS,0.140998664578954,0.16670987442436,False,up
WBGene00044757,3,1.0,PFBS,0.549143044392199,0.167254028725155,False,up
WBGene00009716,3,1.0,PFBS,0.369725313963382,0.167254028725155,False,up
WBGene00003660,3,0.9,PFBS,0.276371474899298,0.168473915322806,False,up
WBGene00019716,3,1.0,PFBS,-0.140839802288449,0.168486483664894,False,down
WBGene00017226,3,0.9666666666666667,PFBS,0.417889036209471,0.169169014770508,False,up
WBGene00001489,3,0.6333333333333333,PFBS,0.217393816236395,0.169169014770508,False,up
WBGene00009060,3,0.8333333333333334,PFBS,0.55727474040952,0.169663312944409,False,up
WBGene00004359,3,1.0,PFBS,0.369245046377322,0.174215415509806,False,up
WBGene00017879,3,1.0,PFBS,-0.845596153421013,0.174347609148686,False,down
WBGene00022788,3,1.0,PFBS,0.220234800730839,0.17466390865668,False,up
WBGene00008230,3,0.9,PFBS,0.891198867146408,0.177555095456151,False,up
WBGene00018036,3,1.0,PFBS,0.232213634901079,0.180563338397783,False,up
WBGene00010897,3,1.0,PFBS,0.175611059769135,0.180632496973164,False,up
WBGene00001478,3,0.9666666666666667,PFBS,0.405149409541974,0.180726048251906,False,up
WBGene00004911,3,1.0,PFBS,0.231622076398232,0.180726048251906,False,up
WBGene00009201,3,0.9,PFBS,0.123498930937071,0.180726048251906,False,up
WBGene00022837,3,1.0,PFBS,0.434911159899475,0.181396518685752,False,up
WBGene00003604,3,0.9666666666666667,PFBS,0.369456902523326,0.181773740105431,False,up
WBGene00005719,3,1.0,PFBS,1.46372224575894,0.183931838607976,False,up
WBGene00006499,3,1.0,PFBS,0.178635154430736,0.183931838607976,False,up
WBGene00000914,3,1.0,PFBS,0.13918624983412,0.183931838607976,False,up
WBGene00016506,3,1.0,PFBS,0.399470945397169,0.184907109570399,False,up
WBGene00007672,3,1.0,PFBS,-0.818980264188124,0.185285432401552,False,down
WBGene00002012,3,1.0,PFBS,-1.55338867860764,0.186054911877589,False,down
WBGene00011793,3,1.0,PFBS,0.654630375618745,0.186902931287456,False,up
WBGene00044512,3,1.0,PFBS,0.391405789110214,0.186902931287456,False,up
WBGene00044349,3,1.0,PFBS,0.696295263491816,0.187057139909894,False,up
WBGene00014300,3,0.9666666666666667,PFBS,0.367300274641453,0.187057139909894,False,up
WBGene00008415,3,0.9,PFBS,0.233785567411952,0.188203912707237,False,up
WBGene00022627,3,1.0,PFBS,0.665901346630993,0.188660443632792,False,up
WBGene00003892,3,1.0,PFBS,0.320698683929138,0.190748376594602,False,up
WBGene00017985,3,1.0,PFBS,-0.733616024174897,0.191905151401182,False,down
WBGene00013832,3,0.9,PFBS,1.10246566203949,0.192225475592236,False,up
WBGene00000540,3,1.0,PFBS,0.181586058116231,0.19230475899573,False,up
WBGene00000133,3,0.9333333333333333,PFBS,0.954057812578745,0.192465254798895,False,up
WBGene00011595,3,0.7,PFBS,-0.905727879235224,0.193008600077026,False,down
WBGene00010329,3,1.0,PFBS,0.215357708612367,0.193526140092982,False,up
WBGene00013220,3,1.0,PFBS,0.334756366444277,0.195348181010019,False,up
WBGene00008348,3,1.0,PFBS,0.256011416944053,0.195495797355373,False,up
WBGene00044582,3,1.0,PFBS,0.381313743280814,0.196536836901014,False,up
WBGene00021535,3,1.0,PFBS,0.263862216186859,0.197703846924023,False,up
WBGene00017861,3,1.0,PFBS,-0.297211075043201,0.198508675242078,False,down
WBGene00001667,3,1.0,PFBS,1.04938739358066,0.201878372251933,False,up
WBGene00003000,3,1.0,PFBS,0.26580861343431,0.202801683630936,False,up
WBGene00004024,3,0.8333333333333334,PFBS,0.187364485482717,0.204459874197231,False,up
WBGene00010641,3,1.0,PFBS,0.133559068816174,0.204530829885041,False,up
WBGene00009213,3,1.0,PFBS,-1.77118106308799,0.204530829885041,False,down
WBGene00018262,3,0.9,PFBS,-0.455040828637102,0.204764761587296,False,down
WBGene00016772,3,1.0,PFBS,0.94193617688488,0.205898046964804,False,up
WBGene00012962,3,0.6333333333333333,PFBS,0.385429393349721,0.205898046964804,False,up
WBGene00022588,3,0.9,PFBS,0.495562331509496,0.206629216019389,False,up
WBGene00003723,3,0.9,PFBS,0.236220672909715,0.206629216019389,False,up
WBGene00000963,3,0.9666666666666667,PFBS,0.369377400191755,0.208069617571593,False,up
WBGene00009600,3,0.9333333333333333,PFBS,1.04082807691323,0.208379361163013,False,up
WBGene00000437,3,1.0,PFBS,0.220888229331438,0.20933094251769,False,up
WBGene00004735,3,0.6333333333333333,PFBS,0.178715204652665,0.209404123568302,False,up
WBGene00010741,3,1.0,PFBS,0.392597935116671,0.211086936904489,False,up
WBGene00021178,3,0.9333333333333333,PFBS,0.313264573808271,0.211086936904489,False,up
WBGene00022325,3,1.0,PFBS,0.590342961598291,0.211386180006966,False,up
WBGene00017613,3,1.0,PFBS,0.20244747404923,0.211386180006966,False,up
WBGene00005758,3,0.9666666666666667,PFBS,0.617945332700597,0.212789304918461,False,up
WBGene00003040,3,1.0,PFBS,0.131348489781551,0.212953662124334,False,up
WBGene00017051,3,1.0,PFBS,0.634285995722287,0.212956326504602,False,up
WBGene00009239,3,0.5,PFBS,0.40459095455771,0.212956326504602,False,up
WBGene00007932,3,1.0,PFBS,0.317328971068329,0.212956326504602,False,up
WBGene00001466,3,0.5666666666666667,PFBS,0.27751533314479,0.212956326504602,False,up
WBGene00011285,3,1.0,PFBS,-0.585467028971854,0.212956326504602,False,down
WBGene00007837,3,1.0,PFBS,0.248011697537792,0.21314642452802,False,up
WBGene00019525,3,1.0,PFBS,0.714761494193281,0.213502197615896,False,up
WBGene00003860,3,1.0,PFBS,0.526214728432123,0.215244116054678,False,up
WBGene00015999,3,1.0,PFBS,0.642828107778976,0.216613698032325,False,up
WBGene00016670,3,0.9333333333333333,PFBS,-1.6852041537421,0.217539970631047,False,down
WBGene00009116,3,0.9,PFBS,0.153538571894616,0.217558529599732,False,up
WBGene00016879,3,1.0,PFBS,-0.166515934265155,0.22058061147903,False,down
WBGene00007203,3,0.6333333333333333,PFBS,0.482601673382878,0.223136597106461,False,up
WBGene00020672,3,0.9333333333333333,PFBS,-0.914150819025209,0.223187621862063,False,down
WBGene00002040,3,1.0,PFBS,0.1889261338179,0.224690259256967,False,up
WBGene00011850,3,0.9666666666666667,PFBS,0.322705416352433,0.225130282103347,False,up
WBGene00011198,3,1.0,PFBS,0.143127165130603,0.228024923897268,False,up
WBGene00001578,3,1.0,PFBS,0.445810932676442,0.230208660695777,False,up
WBGene00003722,3,0.5333333333333333,PFBS,0.270502341167115,0.230612302859718,False,up
WBGene00013303,3,0.9666666666666667,PFBS,0.821054003557199,0.231188805941688,False,up
WBGene00015624,3,1.0,PFBS,0.533997850233961,0.235193415221876,False,up
WBGene00008448,3,1.0,PFBS,-0.686643173754726,0.238532912678914,False,down
WBGene00013822,3,1.0,PFBS,-0.453681917430683,0.239217695785425,False,down
WBGene00001900,3,0.6,PFBS,-0.595528899318018,0.240213774253154,False,down
WBGene00010856,3,0.9666666666666667,PFBS,0.307301473545519,0.241450583073307,False,up
WBGene00009183,3,1.0,PFBS,0.446433684233004,0.242943836694438,False,up
WBGene00019909,3,1.0,PFBS,1.09941829698328,0.243230515778082,False,up
WBGene00019302,3,1.0,PFBS,0.587560885829004,0.244431643636101,False,up
WBGene00022631,3,1.0,PFBS,0.337393483343588,0.246302845273762,False,up
WBGene00012728,3,0.9,PFBS,0.397861476119134,0.246357977008135,False,up
WBGene00010807,3,1.0,PFBS,0.155302968618337,0.246406892912782,False,up
WBGene00015437,3,1.0,PFBS,0.707927113691999,0.246894163987915,False,up
WBGene00019226,3,1.0,PFBS,0.340838397947017,0.248923343111641,False,up
WBGene00020574,3,1.0,PFBS,-0.959081165479854,0.248923343111641,False,down
WBGene00000655,3,0.6333333333333333,PFBS,0.864257308237212,0.249849301986879,False,up
WBGene00008248,3,1.0,PFBS,0.602375954746858,0.249849301986879,False,up
WBGene00004801,3,0.9,PFBS,0.176490005331891,0.249849301986879,False,up
WBGene00019097,3,1.0,PFBS,0.310326422317449,0.252001551915336,False,up
WBGene00013878,3,1.0,PFBS,0.248956008800638,0.253566938867527,False,up
WBGene00020720,3,0.9,PFBS,0.911061737850027,0.253763475462888,False,up
WBGene00003378,3,0.9666666666666667,PFBS,0.290578369243965,0.253763475462888,False,up
WBGene00003669,3,1.0,PFBS,0.262231790489781,0.254965992176221,False,up
WBGene00008233,3,0.9666666666666667,PFBS,0.625582011502268,0.255856752368722,False,up
WBGene00015349,3,1.0,PFBS,-0.237937512639259,0.25968875357429,False,down
WBGene00020697,3,0.9666666666666667,PFBS,0.380051352947941,0.261584217515081,False,up
WBGene00003885,3,1.0,PFBS,0.312172751743517,0.261584217515081,False,up
WBGene00045013,3,1.0,PFBS,0.300121630411169,0.261981105404194,False,up
WBGene00271606,3,1.0,PFBS,-0.57654103237445,0.262303032812538,False,down
WBGene00044210,3,1.0,PFBS,0.304677487514752,0.263258822982326,False,up
WBGene00001792,3,1.0,PFBS,0.945230001852116,0.263707970143876,False,up
WBGene00020366,3,0.6333333333333333,PFBS,-0.200816951602585,0.263707970143876,False,down
WBGene00009120,3,0.9666666666666667,PFBS,0.138150562454833,0.264023890858549,False,up
WBGene00008117,3,1.0,PFBS,0.236554374122139,0.264149903312523,False,up
WBGene00012860,3,1.0,PFBS,0.133143141871715,0.264366008989358,False,up
WBGene00017364,3,0.7666666666666667,PFBS,-0.433283978204304,0.264837309492897,False,down
WBGene00022574,3,1.0,PFBS,0.469279854486622,0.267319416901606,False,up
WBGene00007669,3,1.0,PFBS,0.676282143806407,0.267570399726778,False,up
WBGene00000529,3,1.0,PFBS,0.137707220820566,0.267570399726778,False,up
WBGene00022498,3,1.0,PFBS,0.616751160948712,0.268401956482272,False,up
WBGene00013257,3,1.0,PFBS,0.38908175320897,0.26849735012669,False,up
WBGene00017578,3,1.0,PFBS,0.205206941361483,0.268951422672103,False,up
WBGene00022805,3,0.9666666666666667,PFBS,0.240312343550843,0.269010883316331,False,up
WBGene00023493,3,1.0,PFBS,-0.179402347941869,0.269010883316331,False,down
WBGene00020436,3,0.7,PFBS,0.276469112883842,0.269065330715088,False,up
WBGene00021337,3,1.0,PFBS,-1.168411517725,0.269065330715088,False,down
WBGene00015495,3,1.0,PFBS,-0.46640843175522,0.270472490904493,False,down
WBGene00008320,3,1.0,PFBS,0.315154911137089,0.271191892650776,False,up
WBGene00017565,3,1.0,PFBS,-0.300166951394225,0.271284975112004,False,down
WBGene00018406,3,1.0,PFBS,-0.887680862956619,0.271284975112004,False,down
WBGene00009533,3,0.9333333333333333,PFBS,-0.300338862164154,0.271755616024086,False,down
WBGene00022597,3,0.9666666666666667,PFBS,-0.75674722346826,0.273274712977305,False,down
WBGene00022471,3,1.0,PFBS,-0.287302277367879,0.273413928096167,False,down
WBGene00010755,3,1.0,PFBS,0.263260068168104,0.274053491913172,False,up
WBGene00003668,3,1.0,PFBS,-0.316410182954415,0.274053491913172,False,down
WBGene00004882,3,1.0,PFBS,-0.171070753146529,0.27494480075975,False,down
WBGene00015484,3,1.0,PFBS,0.29682654917786,0.275183178188347,False,up
WBGene00015303,3,1.0,PFBS,0.159061388584113,0.275183178188347,False,up
WBGene00008905,3,0.9,PFBS,-0.821742202982005,0.275477432521168,False,down
WBGene00022605,3,1.0,PFBS,-1.00460744086858,0.275477432521168,False,down
WBGene00003623,3,0.9333333333333333,PFBS,0.250672346943674,0.275576075724127,False,up
WBGene00001835,3,0.6,PFBS,0.174992288733417,0.275887135519506,False,up
WBGene00018958,3,1.0,PFBS,0.227372645508285,0.276863725732838,False,up
WBGene00000088,3,0.9666666666666667,PFBS,0.197325580909646,0.276863725732838,False,up
WBGene00022248,3,0.9666666666666667,PFBS,-0.14838996291424,0.276863725732838,False,down
WBGene00001763,3,1.0,PFBS,0.41862035113836,0.279418265064722,False,up
WBGene00019479,3,0.9666666666666667,PFBS,0.168487093706557,0.279467510826401,False,up
WBGene00013845,3,1.0,PFBS,0.35853094239104,0.279513649590828,False,up
WBGene00009717,3,1.0,PFBS,0.119430815166639,0.279879803013353,False,up
WBGene00015786,3,0.9,PFBS,-0.296866330766292,0.280793129928211,False,down
WBGene00012869,3,1.0,PFBS,0.244467009198638,0.280820286089006,False,up
WBGene00020976,3,1.0,PFBS,1.10532933883215,0.281328988951706,False,up
WBGene00016535,3,1.0,PFBS,0.182757337559959,0.283553237127547,False,up
WBGene00016158,3,1.0,PFBS,0.127275111476599,0.283974354776796,False,up
WBGene00003731,3,0.8333333333333334,PFBS,-0.328530388797544,0.283974354776796,False,down
WBGene00009881,3,1.0,PFBS,0.142337868321516,0.284874240222878,False,up
WBGene00003676,3,1.0,PFBS,0.14593509830922,0.287675593329375,False,up
WBGene00021787,3,1.0,PFBS,0.661273146303817,0.288530369958229,False,up
WBGene00019455,3,1.0,PFBS,0.630797580123382,0.288530369958229,False,up
WBGene00008691,3,1.0,PFBS,0.250963239438439,0.288530369958229,False,up
WBGene00006075,3,1.0,PFBS,-0.747042556929886,0.288787972054045,False,down
WBGene00001615,3,0.7,PFBS,0.14574785835145,0.288845905383775,False,up
WBGene00194934,3,1.0,PFBS,-0.264928058727772,0.288845905383775,False,down
WBGene00012970,3,0.9666666666666667,PFBS,0.374957803662235,0.289147099125732,False,up
WBGene00015045,3,0.6333333333333333,PFBS,1.79981837642288,0.291385958653426,False,up
WBGene00012382,3,0.9,PFBS,0.199174485117819,0.291385958653426,False,up
WBGene00019871,3,0.9666666666666667,PFBS,0.116008454881602,0.291385958653426,False,up
WBGene00006412,3,0.7333333333333333,PFBS,0.140589028426697,0.291704474258547,False,up
WBGene00004771,3,1.0,PFBS,0.311297199978097,0.292043225329635,False,up
WBGene00004922,3,0.9333333333333333,PFBS,0.145609463486993,0.292043225329635,False,up
WBGene00015366,3,0.9,PFBS,-1.14085223391533,0.293241058026434,False,down
WBGene00011521,3,1.0,PFBS,0.372012129958711,0.293377101854754,False,up
WBGene00022592,3,1.0,PFBS,0.167154948537613,0.293377101854754,False,up
WBGene00020326,3,0.9666666666666667,PFBS,-0.749280293217002,0.293377101854754,False,down
WBGene00007347,3,1.0,PFBS,0.326973317858723,0.293481673708492,False,up
WBGene00016665,3,1.0,PFBS,-0.815842602361219,0.29387757578146,False,down
WBGene00008120,3,1.0,PFBS,0.145898321608132,0.294111201843504,False,up
WBGene00003651,3,0.9,PFBS,0.160552079136428,0.294149014327845,False,up
WBGene00044183,3,1.0,PFBS,-1.75522119717149,0.294149014327845,False,down
WBGene00015043,3,0.9333333333333333,PFBS,0.320317310136466,0.294494237922019,False,up
WBGene00003713,3,1.0,PFBS,0.348172083301338,0.294606033420002,False,up
WBGene00007753,3,1.0,PFBS,0.176852365604753,0.294760669108819,False,up
WBGene00019187,3,0.9,PFBS,0.373533782525665,0.295894380765671,False,up
WBGene00022337,3,1.0,PFBS,0.547949921195675,0.296668202504391,False,up
WBGene00010994,3,1.0,PFBS,0.34777991581006,0.296668202504391,False,up
WBGene00002200,3,1.0,PFBS,0.28765002444749,0.297205962216989,False,up
WBGene00007844,3,0.9,PFBS,0.648141952317749,0.297228101187225,False,up
WBGene00010770,3,1.0,PFBS,0.190580197438319,0.297228101187225,False,up
WBGene00044605,3,0.9333333333333333,PFBS,-0.273322412776657,0.297228101187225,False,down
WBGene00020825,3,0.8,PFBS,0.457742328231609,0.29784927813483,False,up
WBGene00020401,3,1.0,PFBS,0.305042727818182,0.298350866436736,False,up
WBGene00044181,3,1.0,PFBS,-1.05382675648573,0.298350866436736,False,down
WBGene00015218,3,1.0,PFBS,-0.345733666320506,0.298998648088843,False,down
WBGene00007817,3,1.0,PFBS,0.268918270563867,0.299790362262723,False,up
WBGene00011088,3,1.0,PFBS,0.34706913450192,0.299931404142718,False,up
WBGene00020497,3,0.9666666666666667,PFBS,0.442261037008964,0.30028517582241,False,up
WBGene00021755,3,0.9333333333333333,PFBS,0.459104925566274,0.301391351838342,False,up
WBGene00020767,3,0.9,PFBS,0.196502546789359,0.302671583261434,False,up
WBGene00018219,3,1.0,PFBS,0.312765546528486,0.3036563899716,False,up
WBGene00012473,3,1.0,PFBS,0.432044600400295,0.30497090949888,False,up
WBGene00006686,3,0.9,PFBS,-0.342785294168337,0.30497090949888,False,down
WBGene00021510,3,1.0,PFBS,0.138552199499106,0.305827642676851,False,up
WBGene00016849,3,0.9,PFBS,0.267463901206544,0.305984913223439,False,up
WBGene00003480,3,1.0,PFBS,0.281871307664644,0.307267802022328,False,up
WBGene00017838,3,0.9,PFBS,0.415638213890334,0.308322985895283,False,up
WBGene00044313,3,1.0,PFBS,0.431170709921329,0.309511994810084,False,up
WBGene00019691,3,0.9,PFBS,0.274354472512422,0.31142261841216,False,up
WBGene00013538,3,1.0,PFBS,0.16950280092132,0.311699716093897,False,up
WBGene00007627,3,1.0,PFBS,-0.133269016240472,0.311710410524688,False,down
WBGene00007405,3,0.9,PFBS,0.217225134947612,0.313138222109607,False,up
WBGene00004739,3,0.9333333333333333,PFBS,0.138702449007168,0.313138222109607,False,up
WBGene00010737,3,0.9666666666666667,PFBS,0.426643098451559,0.314405329074626,False,up
WBGene00011221,3,1.0,PFBS,0.173314984516906,0.314405329074626,False,up
WBGene00020846,3,1.0,PFBS,-0.605472086586326,0.314912476188013,False,down
WBGene00001453,3,0.9666666666666667,PFBS,-0.211033936119037,0.315075865486912,False,down
WBGene00001052,3,0.9,PFBS,0.166230262675576,0.315440843080872,False,up
WBGene00013295,3,1.0,PFBS,0.309755147129048,0.31545286268596,False,up
WBGene00006543,3,0.9333333333333333,PFBS,0.170096162608618,0.317010263215921,False,up
WBGene00007885,3,0.7666666666666667,PFBS,0.295959368907343,0.317148066502005,False,up
WBGene00019623,3,0.9666666666666667,PFBS,0.510629173270281,0.318876788799998,False,up
WBGene00022668,3,0.9,PFBS,0.296815061621703,0.318876788799998,False,up
WBGene00000830,3,1.0,PFBS,0.30829786697941,0.319101219511985,False,up
WBGene00044082,3,1.0,PFBS,-0.299919547751523,0.319249512041449,False,down
WBGene00004198,3,0.9,PFBS,0.19145716999959,0.319601501872812,False,up
WBGene00018241,3,0.9333333333333333,PFBS,0.315635328155905,0.319639581687494,False,up
WBGene00011417,3,1.0,PFBS,0.296853359197526,0.319639581687494,False,up
WBGene00015842,3,1.0,PFBS,0.624757564537485,0.324443504747301,False,up
WBGene00018250,3,1.0,PFBS,0.533953521454093,0.324651217732336,False,up
WBGene00004321,3,0.7,PFBS,0.194457798631909,0.32697472854294,False,up
WBGene00020126,3,0.9,PFBS,0.223307719189358,0.327305092082927,False,up
WBGene00007515,3,0.9333333333333333,PFBS,0.48737475451594,0.328047678751272,False,up
WBGene00019597,3,0.9666666666666667,PFBS,0.318291849091784,0.328047678751272,False,up
WBGene00022396,3,0.6333333333333333,PFBS,0.281585889497597,0.328047678751272,False,up
WBGene00044467,3,1.0,PFBS,0.145512498416973,0.328047678751272,False,up
WBGene00000984,3,0.8,PFBS,-0.339849552607862,0.328047678751272,False,down
WBGene00018338,3,1.0,PFBS,-0.415863568448356,0.328047678751272,False,down
WBGene00021167,3,0.9,PFBS,-1.08513512970132,0.328047678751272,False,down
WBGene00016926,3,0.9666666666666667,PFBS,1.0055931111711,0.330001923158506,False,up
WBGene00012624,3,1.0,PFBS,0.242976368263343,0.330001923158506,False,up
WBGene00016503,3,0.6,PFBS,0.299966957709614,0.330070213525342,False,up
WBGene00004055,3,0.9666666666666667,PFBS,0.109009365417228,0.330070213525342,False,up
WBGene00194674,3,1.0,PFBS,-0.638630620192609,0.330070213525342,False,down
WBGene00016052,3,1.0,PFBS,-1.12853291159147,0.330070213525342,False,down
WBGene00018042,3,1.0,PFBS,0.280028410216836,0.330216858918213,False,up
WBGene00015996,3,0.5,PFBS,0.244083982125904,0.332480533536619,False,up
WBGene00013844,3,0.7,PFBS,0.655267465843327,0.332629745464588,False,up
WBGene00015081,3,1.0,PFBS,0.417880036287763,0.332629745464588,False,up
WBGene00015352,3,0.9,PFBS,0.166682748652574,0.332629745464588,False,up
WBGene00008892,3,1.0,PFBS,0.842200838510634,0.332702121028491,False,up
WBGene00017628,3,1.0,PFBS,0.687350715753596,0.332702121028491,False,up
WBGene00008265,3,0.6,PFBS,0.216733423481918,0.332702121028491,False,up
WBGene00020450,3,1.0,PFBS,0.209550847253562,0.332702121028491,False,up
WBGene00009901,3,0.9,PFBS,0.311119389528628,0.332746878610544,False,up
WBGene00021531,3,1.0,PFBS,0.325409760016131,0.33362899110312,False,up
WBGene00009640,3,1.0,PFBS,-0.288966134112003,0.33375905690924,False,down
WBGene00020946,3,0.9666666666666667,PFBS,-1.64170604333622,0.33375905690924,False,down
WBGene00011003,3,0.9666666666666667,PFBS,0.610835519428635,0.334805050741195,False,up
WBGene00011305,3,1.0,PFBS,0.40249121016196,0.334805050741195,False,up
WBGene00019234,3,1.0,PFBS,0.29768835486621,0.334805050741195,False,up
WBGene00003527,3,1.0,PFBS,0.437307921500624,0.334980202709075,False,up
WBGene00008481,3,1.0,PFBS,0.292116649176226,0.336310728662373,False,up
WBGene00022168,3,0.5,PFBS,0.181296618494669,0.336440737533961,False,up
WBGene00014255,3,1.0,PFBS,0.558688966562027,0.336545610141278,False,up
WBGene00007009,3,1.0,PFBS,0.0775615611027899,0.336645301977948,False,up
WBGene00011622,3,0.9333333333333333,PFBS,0.929804872781384,0.337223571469125,False,up
WBGene00007562,3,0.9,PFBS,0.141686135368646,0.338927676117965,False,up
WBGene00002207,3,0.9,PFBS,0.127389570787271,0.338927676117965,False,up
WBGene00007288,3,0.8666666666666667,PFBS,0.880771223098916,0.340174468220904,False,up
WBGene00016415,3,1.0,PFBS,0.107972117876908,0.340174468220904,False,up
WBGene00014698,3,1.0,PFBS,1.14724687681556,0.340302205084711,False,up
WBGene00009097,3,1.0,PFBS,0.283801990343409,0.341220211480646,False,up
WBGene00206485,3,0.9,PFBS,0.702278357577648,0.341436520582995,False,up
WBGene00022719,3,1.0,PFBS,-0.117739905292587,0.34147017316283,False,down
WBGene00008008,3,0.9666666666666667,PFBS,0.269058864373906,0.34214258922535,False,up
WBGene00003677,3,0.9,PFBS,0.162266479489056,0.34214258922535,False,up
WBGene00000558,3,1.0,PFBS,-0.536312296693947,0.34214258922535,False,down
WBGene00007840,3,0.9,PFBS,0.19211455313697,0.344286164711671,False,up
WBGene00020954,3,1.0,PFBS,0.229336757563521,0.344778470646404,False,up
WBGene00016365,3,1.0,PFBS,0.310225707338924,0.344844368497059,False,up
WBGene00007609,3,0.8333333333333334,PFBS,0.159245938259716,0.345212455114305,False,up
WBGene00016403,3,0.7666666666666667,PFBS,-0.536234523029196,0.346155507373973,False,down
WBGene00016100,3,1.0,PFBS,0.435471297091131,0.347110283968581,False,up
WBGene00022061,3,0.9,PFBS,0.398292592004562,0.347110283968581,False,up
WBGene00017340,3,0.9666666666666667,PFBS,-0.321848470115035,0.347373031949099,False,down
WBGene00016157,3,1.0,PFBS,0.105151892237253,0.347757583022359,False,up
WBGene00003497,3,1.0,PFBS,0.535734967256761,0.348677586154243,False,up
WBGene00019589,3,1.0,PFBS,0.410956998887711,0.349038881702474,False,up
WBGene00022313,3,1.0,PFBS,0.284287850538078,0.349303071055953,False,up
WBGene00004892,3,0.9666666666666667,PFBS,0.101649995748332,0.349303071055953,False,up
WBGene00017394,3,1.0,PFBS,0.428626491002212,0.349855943302669,False,up
WBGene00011616,3,0.7,PFBS,0.648179084491633,0.350662378395843,False,up
WBGene00017255,3,1.0,PFBS,0.399323596253483,0.350662378395843,False,up
WBGene00015849,3,1.0,PFBS,0.542140181838674,0.351291903793454,False,up
WBGene00006731,3,1.0,PFBS,0.31577706447572,0.351711351520798,False,up
WBGene00006818,3,1.0,PFBS,0.163329783673854,0.353276692305203,False,up
WBGene00004898,3,1.0,PFBS,0.221439067527073,0.354719118217475,False,up
WBGene00012347,3,1.0,PFBS,0.112630175970079,0.356121569329986,False,up
WBGene00016066,3,1.0,PFBS,-0.436645968462077,0.356210682680757,False,down
WBGene00008358,3,0.9666666666666667,PFBS,0.298825768430343,0.356389385078196,False,up
WBGene00044020,3,1.0,PFBS,0.726697776126162,0.356810364502345,False,up
WBGene00000180,3,0.5333333333333333,PFBS,0.106394187001681,0.356810364502345,False,up
WBGene00015057,3,0.8333333333333334,PFBS,-0.293694784306445,0.356810364502345,False,down
WBGene00185005,3,1.0,PFBS,0.530919201156802,0.359414110261038,False,up
WBGene00009549,3,1.0,PFBS,0.442589756231131,0.359457175283386,False,up
WBGene00021123,3,1.0,PFBS,-0.290328216093161,0.359898636253991,False,down
WBGene00009904,3,1.0,PFBS,0.517708067098681,0.360925856325556,False,up
WBGene00005008,3,0.9,PFBS,0.275444108458233,0.360925856325556,False,up
WBGene00010552,3,1.0,PFBS,0.16036910580534,0.360925856325556,False,up
WBGene00019001,3,0.9666666666666667,PFBS,0.122054871580599,0.360925856325556,False,up
WBGene00017445,3,1.0,PFBS,-0.203698615206089,0.360925856325556,False,down
WBGene00015700,3,1.0,PFBS,-0.490326343348008,0.360925856325556,False,down
WBGene00001668,3,0.6,PFBS,0.420325526261171,0.361177687507385,False,up
WBGene00009623,3,1.0,PFBS,0.393500225347765,0.361471298676743,False,up
WBGene00009924,3,1.0,PFBS,0.106946375313479,0.362814330481561,False,up
WBGene00008222,3,0.9,PFBS,-0.398352147929026,0.363432589610243,False,down
WBGene00003976,3,0.9,PFBS,0.578998353497269,0.364228384694375,False,up
WBGene00023432,3,1.0,PFBS,-0.261415163436161,0.365410176822682,False,down
WBGene00194895,3,1.0,PFBS,0.591070319981728,0.367978565195843,False,up
WBGene00008617,3,0.9,PFBS,-0.876497287996614,0.367978565195843,False,down
WBGene00007928,3,0.9666666666666667,PFBS,0.366309134922879,0.368120547691655,False,up
WBGene00001058,3,1.0,PFBS,0.106064106304573,0.369579857702441,False,up
WBGene00017331,3,0.9,PFBS,-0.33632093257196,0.370082068925405,False,down
WBGene00001393,3,1.0,PFBS,-0.101875388930797,0.370824337546103,False,down
WBGene00044297,3,0.9,PFBS,0.323765346024864,0.371279941036614,False,up
WBGene00022258,3,1.0,PFBS,0.312334107815542,0.371279941036614,False,up
WBGene00022506,3,1.0,PFBS,0.688798049586093,0.371569106494379,False,up
WBGene00017744,3,1.0,PFBS,0.251590218702289,0.371569106494379,False,up
WBGene00016806,3,0.9666666666666667,PFBS,0.204620840423606,0.372790330686065,False,up
WBGene00044120,3,0.9,PFBS,0.356184873614204,0.373521787056102,False,up
WBGene00016848,3,1.0,PFBS,0.222860706786604,0.373521787056102,False,up
WBGene00018874,3,1.0,PFBS,-0.41405139914923,0.373521787056102,False,down
WBGene00013041,3,1.0,PFBS,-0.425364972339575,0.373521787056102,False,down
WBGene00015839,3,0.6,PFBS,-1.3153460222026,0.373521787056102,False,down
WBGene00010940,3,0.9666666666666667,PFBS,0.453191120103931,0.373966744258375,False,up
WBGene00011754,3,0.9333333333333333,PFBS,0.430303165024403,0.373966744258375,False,up
WBGene00020842,3,0.9666666666666667,PFBS,0.16351336011338,0.373966744258375,False,up
WBGene00006685,3,0.9333333333333333,PFBS,0.226384393419545,0.375809836026017,False,up
WBGene00006609,3,0.9,PFBS,-0.27562691536251,0.375809836026017,False,down
WBGene00010722,3,1.0,PFBS,0.278383143217767,0.37584852014719,False,up
WBGene00003585,3,1.0,PFBS,0.316780386140565,0.375923262149288,False,up
WBGene00010644,3,0.9666666666666667,PFBS,0.276702037942197,0.375923262149288,False,up
WBGene00018657,3,0.9,PFBS,0.12647304531268,0.375923262149288,False,up
WBGene00003630,3,0.8666666666666667,PFBS,0.11691725405016,0.375923262149288,False,up
WBGene00010608,3,1.0,PFBS,-0.377919100809775,0.375923262149288,False,down
WBGene00005640,3,1.0,PFBS,-0.891537877025203,0.375923262149288,False,down
WBGene00020532,3,1.0,PFBS,-0.402457844306518,0.37704006116784,False,down
WBGene00020447,3,1.0,PFBS,0.153882314513828,0.377199240702865,False,up
WBGene00020584,3,1.0,PFBS,0.66370092401981,0.378221222703308,False,up
WBGene00007833,3,1.0,PFBS,-0.65761049723733,0.381534841890875,False,down
WBGene00015671,3,0.9666666666666667,PFBS,0.181136483230709,0.382389270209224,False,up
WBGene00044646,3,1.0,PFBS,0.555096866440111,0.383491998001557,False,up
WBGene00010684,3,1.0,PFBS,0.557504935068483,0.384310194784898,False,up
WBGene00001757,3,1.0,PFBS,0.453876757847384,0.389062511994744,False,up
WBGene00003732,3,1.0,PFBS,-0.18528296886191,0.389737694002579,False,down
WBGene00015861,3,0.9666666666666667,PFBS,0.173245124100662,0.38976167236386,False,up
WBGene00001101,3,0.9666666666666667,PFBS,0.125730175907688,0.38976167236386,False,up
WBGene00009639,3,1.0,PFBS,-0.163048363748992,0.390057430380916,False,down
WBGene00003661,3,1.0,PFBS,0.111261247569309,0.390205169759981,False,up
WBGene00022503,3,1.0,PFBS,-0.256460088322563,0.390430501750054,False,down
WBGene00013481,3,0.9666666666666667,PFBS,-0.235643196969956,0.391967880151924,False,down
WBGene00003475,3,1.0,PFBS,0.120400761314799,0.392260062408826,False,up
WBGene00004878,3,1.0,PFBS,-0.622231104812459,0.392260062408826,False,down
WBGene00020544,3,1.0,PFBS,-1.01870710923599,0.392260062408826,False,down
WBGene00008885,3,0.9,PFBS,0.234408948376775,0.39250920331,False,up
WBGene00003674,3,0.9333333333333333,PFBS,0.203875959871027,0.39250920331,False,up
WBGene00015188,3,0.6333333333333333,PFBS,-0.185271206005522,0.39250920331,False,down
WBGene00017015,3,1.0,PFBS,0.468405753244134,0.393882277048262,False,up
WBGene00013970,3,1.0,PFBS,0.154092500009333,0.39447125396526,False,up
WBGene00011133,3,1.0,PFBS,-0.738086555091623,0.394680193447097,False,down
WBGene00000449,3,1.0,PFBS,0.171201755677981,0.394810459517623,False,up
WBGene00012528,3,0.9666666666666667,PFBS,0.0932413240144982,0.395634753243107,False,up
WBGene00002188,3,1.0,PFBS,0.532245844332337,0.396200289751773,False,up
WBGene00020695,3,1.0,PFBS,0.122557005420757,0.397495155246552,False,up
WBGene00015186,3,1.0,PFBS,-0.115706080267382,0.397884808137233,False,down
WBGene00010248,3,1.0,PFBS,0.335189179773279,0.398091356895462,False,up
WBGene00013555,3,1.0,PFBS,0.468431189357136,0.400410706308906,False,up
WBGene00017310,3,1.0,PFBS,0.166746668736212,0.402228664268327,False,up
WBGene00015544,3,1.0,PFBS,-0.823779985131976,0.402441592419776,False,down
WBGene00010040,3,1.0,PFBS,0.0958705406752535,0.402947515884504,False,up
WBGene00007989,3,0.9,PFBS,0.924043254182673,0.403548874486994,False,up
WBGene00020502,3,1.0,PFBS,0.130390572864388,0.403548874486994,False,up
WBGene00009885,3,1.0,PFBS,-0.243242234617632,0.403548874486994,False,down
WBGene00012993,3,1.0,PFBS,0.276725528093101,0.403657743666028,False,up
WBGene00000687,3,0.7,PFBS,0.628636434494196,0.403966825719946,False,up
WBGene00013359,3,1.0,PFBS,0.175848302960427,0.403966825719946,False,up
WBGene00012146,3,0.7,PFBS,0.376804216419383,0.404328895594006,False,up
WBGene00001769,3,0.9666666666666667,PFBS,0.380867972063942,0.404380422268909,False,up
WBGene00044245,3,1.0,PFBS,1.10674672691858,0.404757613574818,False,up
WBGene00006986,3,1.0,PFBS,0.206305470784515,0.404757613574818,False,up
WBGene00001152,3,1.0,PFBS,0.18923660506511,0.40684744974049,False,up
WBGene00006611,3,1.0,PFBS,0.380376036322851,0.407249878757342,False,up
WBGene00014145,3,0.9666666666666667,PFBS,0.374698355972243,0.407249878757342,False,up
WBGene00006669,3,1.0,PFBS,0.267581304608172,0.407249878757342,False,up
WBGene00044949,3,0.7,PFBS,0.187620782844422,0.407249878757342,False,up
WBGene00022496,3,0.6333333333333333,PFBS,-0.466929160716952,0.407249878757342,False,down
WBGene00010082,3,1.0,PFBS,0.533184212726711,0.408955654254474,False,up
WBGene00018316,3,0.9,PFBS,0.105638195002459,0.409239024495562,False,up
WBGene00015963,3,0.9666666666666667,PFBS,0.381163209324831,0.410266730458244,False,up
WBGene00021328,3,0.9666666666666667,PFBS,0.17408473359052,0.410266730458244,False,up
WBGene00001841,3,1.0,PFBS,0.483143704777761,0.411510278674172,False,up
WBGene00003743,3,0.6666666666666666,PFBS,0.219905913986395,0.411510278674172,False,up
WBGene00003779,3,1.0,PFBS,0.217591541989525,0.411510278674172,False,up
WBGene00001887,3,0.9666666666666667,PFBS,-0.407073337131145,0.411510278674172,False,down
WBGene00271414,3,0.9666666666666667,PFBS,-0.390484964102506,0.412434098492116,False,down
WBGene00022326,3,1.0,PFBS,0.27136335672495,0.413086784942311,False,up
WBGene00010643,3,0.9666666666666667,PFBS,0.276907710494479,0.413151398574788,False,up
WBGene00002268,3,0.7666666666666667,PFBS,0.126663875009512,0.414481882737105,False,up
WBGene00018314,3,1.0,PFBS,-0.774411969356777,0.416910955584941,False,down
WBGene00004947,3,1.0,PFBS,0.11114974161249,0.417031068871485,False,up
WBGene00006109,3,1.0,PFBS,1.11969112454733,0.420634390697522,False,up
WBGene00000089,3,0.9666666666666667,PFBS,0.139779424377981,0.420708168492538,False,up
WBGene00011296,3,1.0,PFBS,-0.567022376679882,0.421805998995427,False,down
WBGene00020008,3,0.9,PFBS,0.351104765725225,0.422030929718471,False,up
WBGene00008601,3,1.0,PFBS,0.0992040852923781,0.422381970529993,False,up
WBGene00018257,3,0.9666666666666667,PFBS,0.167327467110397,0.422624568721178,False,up
WBGene00018696,3,1.0,PFBS,0.314029396553639,0.423159731190746,False,up
WBGene00013104,3,1.0,PFBS,-0.198817598002583,0.423334856866219,False,down
WBGene00019129,3,1.0,PFBS,-0.39810825182608,0.423568599770461,False,down
WBGene00001592,3,1.0,PFBS,0.160305564711675,0.42484362234073,False,up
WBGene00006932,3,0.9666666666666667,PFBS,0.0861289904553238,0.424867290239208,False,up
WBGene00021204,3,0.9666666666666667,PFBS,0.521572310303718,0.425269905634403,False,up
WBGene00011879,3,1.0,PFBS,0.273696129128124,0.42703518885463,False,up
WBGene00013169,3,1.0,PFBS,0.494975369487058,0.427638599224314,False,up
WBGene00019347,3,1.0,PFBS,0.126427680088137,0.427638599224314,False,up
WBGene00009769,3,1.0,PFBS,0.125691261555938,0.427638599224314,False,up
WBGene00045482,3,0.5666666666666667,PFBS,0.429512084473401,0.429234485592588,False,up
WBGene00022727,3,0.7333333333333333,PFBS,0.164276516914458,0.429234485592588,False,up
WBGene00011838,3,1.0,PFBS,0.168033369216527,0.429533389188359,False,up
WBGene00012085,3,0.5666666666666667,PFBS,0.188645434144022,0.429691891625212,False,up
WBGene00013518,3,1.0,PFBS,0.137121053110218,0.429691891625212,False,up
WBGene00044492,3,0.9666666666666667,PFBS,0.699507357660761,0.430642547721327,False,up
WBGene00008916,3,1.0,PFBS,-0.623803643982157,0.430914530357757,False,down
WBGene00021079,3,0.9333333333333333,PFBS,-0.240669831247179,0.43187187059705,False,down
WBGene00019549,3,0.9,PFBS,-0.724757726065437,0.433089708852328,False,down
WBGene00015756,3,1.0,PFBS,-0.167879207997412,0.43356453263639,False,down
WBGene00005437,3,0.6666666666666666,PFBS,0.741867856183704,0.434333810598516,False,up
WBGene00003645,3,0.9,PFBS,0.229517370644206,0.434587864572834,False,up
WBGene00015156,3,0.7,PFBS,0.14027680834011,0.436102653021721,False,up
WBGene00021987,3,1.0,PFBS,-0.860697611104186,0.437197069358658,False,down
WBGene00021978,3,0.9,PFBS,0.448775276437312,0.438311466765123,False,up
WBGene00016266,3,1.0,PFBS,-0.193813770929003,0.438588450391206,False,down
WBGene00004310,3,1.0,PFBS,0.10438214380624,0.440560443311985,False,up
WBGene00284848,3,0.9666666666666667,PFBS,-1.31465681229687,0.440584445835343,False,down
WBGene00015948,3,0.5,PFBS,0.331670959614034,0.440966729833586,False,up
WBGene00004313,3,0.7666666666666667,PFBS,0.0921551359614898,0.441474270169436,False,up
WBGene00010141,3,0.9666666666666667,PFBS,-0.162370945452855,0.442169599206627,False,down
WBGene00015115,3,0.9666666666666667,PFBS,-0.217317963551039,0.442169599206627,False,down
WBGene00044699,3,0.9,PFBS,0.211752719411238,0.442842315843849,False,up
WBGene00020844,3,0.9666666666666667,PFBS,0.154018051564709,0.442950431552338,False,up
WBGene00045411,3,0.9666666666666667,PFBS,0.330248841586741,0.442967205978946,False,up
WBGene00003694,3,1.0,PFBS,0.155084822282783,0.442967205978946,False,up
WBGene00017885,3,1.0,PFBS,0.100493726101451,0.443340573088823,False,up
WBGene00020106,3,0.6333333333333333,PFBS,-0.201048596030563,0.443340573088823,False,down
WBGene00016927,3,1.0,PFBS,-0.538844214174933,0.443340573088823,False,down
WBGene00022489,3,1.0,PFBS,-0.111635260499771,0.443536712090031,False,down
WBGene00017471,3,1.0,PFBS,-0.298818781296667,0.444153787316593,False,down
WBGene00016792,3,1.0,PFBS,0.110142561710786,0.444817011715561,False,up
WBGene00013399,3,0.9,PFBS,0.908601617278911,0.446276129052836,False,up
WBGene00009333,3,1.0,PFBS,-0.157812474266633,0.446395002862295,False,down
WBGene00007651,3,1.0,PFBS,0.142405797375878,0.446792222700602,False,up
WBGene00009855,3,0.5333333333333333,PFBS,0.637776400728283,0.447550132290808,False,up
WBGene00002140,3,0.7,PFBS,0.212341414792345,0.447922233504803,False,up
WBGene00019476,3,0.6333333333333333,PFBS,-0.260301961766384,0.448341948348967,False,down
WBGene00001523,3,1.0,PFBS,0.376730307187512,0.44838321266531,False,up
WBGene00018266,3,1.0,PFBS,0.148910899538566,0.448508498034607,False,up
WBGene00007951,3,0.9666666666666667,PFBS,0.195349443747663,0.448613496340959,False,up
WBGene00077539,3,0.9666666666666667,PFBS,0.317671045595586,0.449783300201967,False,up
WBGene00077775,3,1.0,PFBS,0.228485320400434,0.450329078014573,False,up
WBGene00007548,3,0.7333333333333333,PFBS,-0.169767346294576,0.452916708146402,False,down
WBGene00007741,3,1.0,PFBS,0.263135046947962,0.453427024551258,False,up
WBGene00006575,3,0.9,PFBS,0.0931020232214358,0.455791081095233,False,up
WBGene00000085,3,0.9666666666666667,PFBS,0.228871289341184,0.458273017941239,False,up
WBGene00003574,3,0.9,PFBS,1.17255100170222,0.458437069656514,False,up
WBGene00017373,3,1.0,PFBS,0.0980665464611654,0.458909118598028,False,up
WBGene00006656,3,1.0,PFBS,0.193333634730269,0.45904700130953,False,up
WBGene00003638,3,1.0,PFBS,0.164509959014505,0.459226558242095,False,up
WBGene00015397,3,0.9666666666666667,PFBS,0.768436028250904,0.45939199694076,False,up
WBGene00004150,3,1.0,PFBS,0.556203170791916,0.461078248598612,False,up
WBGene00010012,3,0.9333333333333333,PFBS,0.120515493945362,0.461593340997781,False,up
WBGene00007761,3,1.0,PFBS,0.11581229437524,0.461670324693181,False,up
WBGene00010150,3,0.6333333333333333,PFBS,-0.154112685608968,0.461670324693181,False,down
WBGene00016094,3,0.9666666666666667,PFBS,0.318338192459314,0.463181195365817,False,up
WBGene00022285,3,1.0,PFBS,0.407482875605956,0.463442839390733,False,up
WBGene00009139,3,1.0,PFBS,-0.198519892445358,0.464131927919736,False,down
WBGene00011456,3,1.0,PFBS,0.204681101531088,0.464450779799705,False,up
WBGene00000425,3,1.0,PFBS,0.332562992520558,0.46528012993582,False,up
WBGene00017247,3,0.9,PFBS,0.137421861513821,0.465370339346772,False,up
WBGene00010813,3,1.0,PFBS,0.0998323950412522,0.467317560706328,False,up
WBGene00007241,3,1.0,PFBS,-0.298202743681642,0.468302317404068,False,down
WBGene00006352,3,1.0,PFBS,0.0710069364827595,0.468369658959715,False,up
WBGene00019023,3,1.0,PFBS,-0.31340000412589,0.46905236763524,False,down
WBGene00304808,3,0.9333333333333333,PFBS,0.40320621669463,0.469363048596456,False,up
WBGene00013028,3,0.6666666666666666,PFBS,0.452428230273917,0.469454459085969,False,up
WBGene00020786,3,1.0,PFBS,0.330466841303162,0.470548402653729,False,up
WBGene00002201,3,0.9666666666666667,PFBS,0.0927002073350429,0.470548402653729,False,up
WBGene00022824,3,0.9,PFBS,0.302359289158083,0.471240153000012,False,up
WBGene00219313,3,1.0,PFBS,0.145986082029525,0.472005907766442,False,up
WBGene00020090,3,0.9666666666666667,PFBS,-0.115410086132587,0.472252812876768,False,down
WBGene00008554,3,1.0,PFBS,-0.15794160773038,0.472252812876768,False,down
WBGene00007178,3,0.9,PFBS,0.144740659776929,0.472550364874649,False,up
WBGene00019744,3,1.0,PFBS,0.287091688865225,0.47256485346209,False,up
WBGene00008599,3,1.0,PFBS,0.216061933835245,0.474486365190793,False,up
WBGene00018298,3,1.0,PFBS,0.148368470279304,0.474565925322109,False,up
WBGene00014256,3,0.6333333333333333,PFBS,0.125519934530121,0.476111601414157,False,up
WBGene00003550,3,1.0,PFBS,0.232385261154831,0.476350179770783,False,up
WBGene00011610,3,1.0,PFBS,-0.700782014198015,0.476827419102587,False,down
WBGene00000727,3,1.0,PFBS,0.317987838269289,0.477175522774241,False,up
WBGene00002259,3,1.0,PFBS,-0.305879316564513,0.477175522774241,False,down
WBGene00006628,3,0.9666666666666667,PFBS,0.58370465762607,0.477393880678723,False,up
WBGene00000910,3,1.0,PFBS,0.170013140433584,0.478797089343099,False,up
WBGene00007832,3,0.7333333333333333,PFBS,-1.03580898249021,0.480801049258757,False,down
WBGene00011763,3,0.8666666666666667,PFBS,0.13081013470077,0.48162776086048,False,up
WBGene00012281,3,1.0,PFBS,-0.375787060941246,0.48246060530505,False,down
WBGene00016218,3,1.0,PFBS,0.242243564562093,0.482715638984786,False,up
WBGene00003401,3,1.0,PFBS,0.0757742665177477,0.482715638984786,False,up
WBGene00044421,3,1.0,PFBS,-0.286763675375497,0.483729418340507,False,down
WBGene00009931,3,1.0,PFBS,0.315304511163623,0.48425763467613,False,up
WBGene00005988,3,1.0,PFBS,-0.759012328190883,0.48425763467613,False,down
WBGene00011450,3,1.0,PFBS,0.663706653208719,0.484588853130566,False,up
WBGene00001924,3,1.0,PFBS,0.289328585074508,0.485287273182001,False,up
WBGene00021080,3,0.9666666666666667,PFBS,0.113601702488647,0.48576702834035,False,up
WBGene00019913,3,0.7666666666666667,PFBS,0.861452523629572,0.488013128684443,False,up
WBGene00006454,3,1.0,PFBS,0.325114588887255,0.48853298809493,False,up
WBGene00004147,3,0.9,PFBS,0.0862397360497054,0.489016410238041,False,up
WBGene00018435,3,0.9333333333333333,PFBS,0.256964423856453,0.489163411482785,False,up
WBGene00077761,3,1.0,PFBS,-0.1844655437748,0.489288507127436,False,down
WBGene00077763,3,1.0,PFBS,0.388006800134843,0.490178774128921,False,up
WBGene00016514,3,1.0,PFBS,0.331811999598848,0.490178774128921,False,up
WBGene00011166,3,1.0,PFBS,-0.231986508384618,0.490178774128921,False,down
WBGene00009490,3,1.0,PFBS,-0.470978010342161,0.490178774128921,False,down
WBGene00010971,3,1.0,PFBS,0.239402357548819,0.490777976540899,False,up
WBGene00015858,3,1.0,PFBS,0.525795874284497,0.492124793788696,False,up
WBGene00007982,3,1.0,PFBS,-0.0934016755922775,0.492124793788696,False,down
WBGene00015718,3,1.0,PFBS,1.11236626444758,0.492707981105732,False,up
WBGene00018855,3,1.0,PFBS,0.564269612195728,0.492707981105732,False,up
WBGene00006618,3,1.0,PFBS,0.222408354457147,0.492707981105732,False,up
WBGene00019237,3,1.0,PFBS,0.0877662210901949,0.492707981105732,False,up
WBGene00011293,3,1.0,PFBS,0.58638625696812,0.493216167902351,False,up
WBGene00014202,3,0.5333333333333333,PFBS,0.0956469731271483,0.493416982697607,False,up
WBGene00006710,3,1.0,PFBS,0.108728056260694,0.493655604168091,False,up
WBGene00010827,3,0.9666666666666667,PFBS,0.120491444243983,0.494400189120343,False,up
WBGene00010310,3,1.0,PFBS,0.326785569825267,0.495530651830341,False,up
WBGene00044795,3,1.0,PFBS,0.177799975517896,0.49603714850998,False,up
WBGene00013865,3,1.0,PFBS,-0.854394860530308,0.496118573078338,False,down
WBGene00012428,3,1.0,PFBS,-0.258577040349414,0.497295726833935,False,down
WBGene00020158,3,0.9,PFBS,-0.129757417717757,0.498223432144031,False,down
WBGene00009831,3,1.0,PFBS,0.166882453331357,0.498312414092556,False,up
WBGene00010293,3,1.0,PFBS,0.467177845803013,0.498672973253665,False,up
WBGene00009350,3,0.9333333333333333,PFBS,0.291768221083713,0.499158019436307,False,up
WBGene00011681,3,0.9,PFBS,0.111662375539286,0.499158019436307,False,up
WBGene00018376,3,0.9666666666666667,PFBS,-0.128130020060312,0.499158019436307,False,down
WBGene00194883,3,1.0,PFBS,0.354238759108641,0.500156657798824,False,up
WBGene00006388,3,1.0,PFBS,0.486867815698886,0.500744630295853,False,up
WBGene00019911,3,1.0,PFBS,0.160851885681901,0.501412176021754,False,up
WBGene00011381,3,0.9666666666666667,PFBS,0.185170696950151,0.501639156911579,False,up
WBGene00019344,3,1.0,PFBS,0.165412958942681,0.502561558902073,False,up
WBGene00019376,3,1.0,PFBS,-0.857838725728974,0.502561558902073,False,down
WBGene00007827,3,0.9,PFBS,0.273647224469459,0.503543075433729,False,up
WBGene00009476,3,1.0,PFBS,0.196787640525171,0.503590596917927,False,up
WBGene00019285,3,1.0,PFBS,0.192773524535182,0.503590596917927,False,up
WBGene00006727,3,0.9333333333333333,PFBS,0.099859750739846,0.503590596917927,False,up
WBGene00011896,3,1.0,PFBS,0.358273791804745,0.50436970101257,False,up
WBGene00008744,3,1.0,PFBS,0.220081167389423,0.50436970101257,False,up
WBGene00045058,3,1.0,PFBS,-0.488202575619743,0.50436970101257,False,down
WBGene00018195,3,1.0,PFBS,-0.309522449510122,0.505655470929726,False,down
WBGene00009854,3,0.6333333333333333,PFBS,0.559226634037028,0.506277384682492,False,up
WBGene00011647,3,0.9666666666666667,PFBS,0.0823182344923814,0.506277384682492,False,up
WBGene00001396,3,0.9,PFBS,-0.100325452140717,0.507097696074912,False,down
WBGene00022673,3,1.0,PFBS,0.279543112725021,0.507236953650756,False,up
WBGene00003089,3,1.0,PFBS,0.0878911443822757,0.507236953650756,False,up
WBGene00019749,3,0.9666666666666667,PFBS,0.176482582200377,0.508743824384262,False,up
WBGene00016315,3,1.0,PFBS,0.199974681332355,0.509029811712692,False,up
WBGene00021075,3,0.5333333333333333,PFBS,0.265157502065952,0.509089584022211,False,up
WBGene00014109,3,0.8333333333333334,PFBS,0.0816088114947071,0.509245566831673,False,up
WBGene00077693,3,0.9666666666666667,PFBS,0.143373085382114,0.509649699415722,False,up
WBGene00006527,3,1.0,PFBS,0.0857599406894237,0.509885519522645,False,up
WBGene00016911,3,0.5333333333333333,PFBS,0.127877032383434,0.5115112127569,False,up
WBGene00017764,3,1.0,PFBS,0.536666966266939,0.511792989692975,False,up
WBGene00021296,3,1.0,PFBS,0.1539585605307,0.511792989692975,False,up
WBGene00019233,3,1.0,PFBS,0.533206451124901,0.512271991369082,False,up
WBGene00007162,3,1.0,PFBS,0.234218492186404,0.512990362041703,False,up
WBGene00010575,3,0.7,PFBS,0.166318879441427,0.51423150835875,False,up
WBGene00023485,3,1.0,PFBS,-0.298274130625388,0.514412022315164,False,down
WBGene00006539,3,1.0,PFBS,0.380557802996092,0.515066467679607,False,up
WBGene00008988,3,1.0,PFBS,0.483938436500311,0.5158998833534,False,up
WBGene00013907,3,0.9,PFBS,0.698810779623971,0.516276311712287,False,up
WBGene00000477,3,1.0,PFBS,-0.166486080144202,0.518430585646037,False,down
WBGene00023498,3,1.0,PFBS,0.105086649717236,0.518901913424891,False,up
WBGene00013298,3,0.9666666666666667,PFBS,0.488602147834951,0.519397134897174,False,up
WBGene00006462,3,0.9,PFBS,0.0983391154045025,0.519492745898985,False,up
WBGene00206505,3,1.0,PFBS,0.39575294336673,0.520962551031863,False,up
WBGene00011859,3,0.9666666666666667,PFBS,-0.130046400722575,0.520962551031863,False,down
WBGene00045412,3,1.0,PFBS,-0.344374019654252,0.520962551031863,False,down
WBGene00003655,3,1.0,PFBS,0.176089681457027,0.521144864073254,False,up
WBGene00017341,3,1.0,PFBS,-1.11231217403321,0.521293637302099,False,down
WBGene00022245,3,1.0,PFBS,0.219567816044524,0.521704576257899,False,up
WBGene00010884,3,1.0,PFBS,0.192962035992059,0.522244224398088,False,up
WBGene00018988,3,0.9666666666666667,PFBS,0.569589361584576,0.52335577431678,False,up
WBGene00044788,3,1.0,PFBS,0.433959540540784,0.52335577431678,False,up
WBGene00000973,3,0.5333333333333333,PFBS,0.197710236643545,0.52335577431678,False,up
WBGene00015680,3,1.0,PFBS,0.0754619555073994,0.52335577431678,False,up
WBGene00004773,3,0.7,PFBS,0.12602214245697,0.523359185740496,False,up
WBGene00018023,3,1.0,PFBS,0.310502458180703,0.523750793099283,False,up
WBGene00004375,3,1.0,PFBS,0.0913708547329285,0.524153439481577,False,up
WBGene00002004,3,1.0,PFBS,0.0902416670835683,0.525702243447941,False,up
WBGene00011725,3,1.0,PFBS,0.234124512068637,0.525991545908871,False,up
WBGene00012930,3,1.0,PFBS,-0.145178196076692,0.525991545908871,False,down
WBGene00017016,3,1.0,PFBS,0.0920886439711483,0.526952907222491,False,up
WBGene00001532,3,1.0,PFBS,-0.290493655029842,0.526952907222491,False,down
WBGene00015622,3,1.0,PFBS,0.548857102751408,0.527332387969254,False,up
WBGene00016363,3,1.0,PFBS,0.328925259136071,0.527332387969254,False,up
WBGene00003827,3,0.9666666666666667,PFBS,0.0870695875128009,0.527332387969254,False,up
WBGene00016703,3,1.0,PFBS,0.259669297478274,0.528452196580956,False,up
WBGene00015729,3,0.9,PFBS,0.25051022704855,0.528452196580956,False,up
WBGene00044150,3,1.0,PFBS,0.239498032291197,0.529077419360792,False,up
WBGene00009984,3,1.0,PFBS,-0.251168386645348,0.529077419360792,False,down
WBGene00014151,3,0.8333333333333334,PFBS,0.0747456252008507,0.529082014754785,False,up
WBGene00017699,3,1.0,PFBS,0.0651781850393365,0.530468161922425,False,up
WBGene00012808,3,0.9333333333333333,PFBS,0.571356057963891,0.530515069009874,False,up
WBGene00018363,3,1.0,PFBS,0.26982880392656,0.530684728916283,False,up
WBGene00007812,3,0.9,PFBS,0.111066486299077,0.530684728916283,False,up
WBGene00003404,3,1.0,PFBS,-0.1069101255468,0.530799908094043,False,down
WBGene00000211,3,1.0,PFBS,0.256168082004655,0.530897857475024,False,up
WBGene00020909,3,0.6666666666666666,PFBS,0.32775446251592,0.531329528567773,False,up
WBGene00016966,3,0.7333333333333333,PFBS,-0.118463108163546,0.531329528567773,False,down
WBGene00004273,3,1.0,PFBS,0.0794437592928025,0.532363822138916,False,up
WBGene00015357,3,1.0,PFBS,0.175024076217056,0.533230624104264,False,up
WBGene00011423,3,1.0,PFBS,0.11057301957319,0.533230624104264,False,up
WBGene00002276,3,1.0,PFBS,-0.113959720762374,0.533230624104264,False,down
WBGene00009808,3,1.0,PFBS,0.38943590880559,0.533248080805803,False,up
WBGene00013717,3,0.5333333333333333,PFBS,0.260002879569928,0.533248080805803,False,up
WBGene00001973,3,1.0,PFBS,-0.16959573684421,0.533248080805803,False,down
WBGene00007397,3,0.9666666666666667,PFBS,0.409534004100702,0.53382969755497,False,up
WBGene00006782,3,1.0,PFBS,0.24282265669073,0.534859149187697,False,up
WBGene00017778,3,1.0,PFBS,-0.0798137808617068,0.534859149187697,False,down
WBGene00015918,3,0.9,PFBS,0.872884555910818,0.536930689161736,False,up
WBGene00011428,3,1.0,PFBS,0.085112298173205,0.536930689161736,False,up
WBGene00009042,3,1.0,PFBS,-0.292094944914878,0.538293207066911,False,down
WBGene00015053,3,1.0,PFBS,-0.227347502069972,0.539133455172347,False,down
WBGene00012566,3,1.0,PFBS,-0.489210996918381,0.539133455172347,False,down
WBGene00003783,3,1.0,PFBS,0.404177106953367,0.540083869078588,False,up
WBGene00022527,3,1.0,PFBS,0.375328680063621,0.540083869078588,False,up
WBGene00012538,3,1.0,PFBS,-0.494535558742745,0.541134847185471,False,down
WBGene00011231,3,1.0,PFBS,0.35662851436034,0.541309825566955,False,up
WBGene00008954,3,1.0,PFBS,0.230889237178561,0.541309825566955,False,up
WBGene00001450,3,0.9666666666666667,PFBS,0.129453816011358,0.541972116827698,False,up
WBGene00011416,3,1.0,PFBS,0.155604157171008,0.543534388916576,False,up
WBGene00009091,3,0.9666666666666667,PFBS,-0.219011167256096,0.543603573938594,False,down
WBGene00005642,3,1.0,PFBS,0.437364412702792,0.544449932687816,False,up
WBGene00021372,3,1.0,PFBS,0.253693584265964,0.544452641103972,False,up
WBGene00008849,3,1.0,PFBS,0.678733797268064,0.544907299851686,False,up
WBGene00019955,3,1.0,PFBS,0.126121464104248,0.544907299851686,False,up
WBGene00022473,3,0.9,PFBS,0.0683994113135488,0.544907299851686,False,up
WBGene00007174,3,1.0,PFBS,-0.533497727975181,0.544907299851686,False,down
WBGene00019513,3,0.9,PFBS,0.115028316178545,0.545104785854352,False,up
WBGene00019047,3,1.0,PFBS,0.218781667370581,0.545352326602201,False,up
WBGene00007340,3,1.0,PFBS,0.249447133774045,0.546075930027678,False,up
WBGene00007862,3,0.9666666666666667,PFBS,0.171043647293483,0.546075930027678,False,up
WBGene00020652,3,1.0,PFBS,-0.236639496710383,0.546303699780032,False,down
WBGene00007926,3,0.9,PFBS,0.384960426403549,0.547099444136242,False,up
WBGene00022571,3,0.5333333333333333,PFBS,-0.424542948778539,0.547099444136242,False,down
WBGene00002093,3,1.0,PFBS,0.461359051745115,0.548140078056087,False,up
WBGene00194849,3,1.0,PFBS,-0.619789235554951,0.548149120887648,False,down
WBGene00050941,3,0.9,PFBS,0.105481999055594,0.548266822875176,False,up
WBGene00022750,3,0.9666666666666667,PFBS,0.0860442124015766,0.548567328173659,False,up
WBGene00011811,3,1.0,PFBS,0.339712178331876,0.54962687304524,False,up
WBGene00010520,3,0.5666666666666667,PFBS,0.138330677478211,0.550081859514636,False,up
WBGene00013425,3,1.0,PFBS,0.153877338436356,0.550790364181354,False,up
WBGene00015936,3,1.0,PFBS,0.577964075887295,0.5512795762507,False,up
WBGene00019404,3,0.5333333333333333,PFBS,0.344629030106287,0.5512795762507,False,up
WBGene00004235,3,0.9666666666666667,PFBS,0.0891279854816786,0.5512795762507,False,up
WBGene00021405,3,0.6,PFBS,-0.446517685340088,0.552472685772584,False,down
WBGene00008804,3,1.0,PFBS,0.296139872329534,0.553354677486266,False,up
WBGene00019320,3,0.7333333333333333,PFBS,0.319743746473047,0.55384018925516,False,up
WBGene00044278,3,0.9333333333333333,PFBS,-0.704594997952578,0.55384018925516,False,down
WBGene00206514,3,1.0,PFBS,0.516753792842036,0.55401331522559,False,up
WBGene00022255,3,1.0,PFBS,0.474528907128585,0.554274797515165,False,up
WBGene00021977,3,0.9333333333333333,PFBS,0.370508455117758,0.554274797515165,False,up
WBGene00010803,3,0.9,PFBS,0.117331795171291,0.554274797515165,False,up
WBGene00016494,3,1.0,PFBS,-0.13103649574095,0.554292523057738,False,down
WBGene00009634,3,1.0,PFBS,-0.153315474670212,0.554292523057738,False,down
WBGene00020869,3,0.6333333333333333,PFBS,0.462540832977475,0.554397077198562,False,up
WBGene00015307,3,1.0,PFBS,0.238837306546396,0.554397077198562,False,up
WBGene00019235,3,0.9,PFBS,-0.419028209906183,0.554483989718604,False,down
WBGene00017823,3,1.0,PFBS,-0.578767398154889,0.557444889356477,False,down
WBGene00007366,3,1.0,PFBS,-0.409476944979284,0.558159754529573,False,down
WBGene00019339,3,1.0,PFBS,0.313959635602217,0.55863714419645,False,up
WBGene00015532,3,1.0,PFBS,0.677004720183881,0.558923810909053,False,up
WBGene00008626,3,0.9,PFBS,0.435936152773782,0.558923810909053,False,up
WBGene00006865,3,1.0,PFBS,0.221554432517967,0.558923810909053,False,up
WBGene00005163,3,0.9,PFBS,-0.55537848680607,0.558923810909053,False,down
WBGene00011430,3,1.0,PFBS,0.387746649054077,0.559347456945257,False,up
WBGene00020506,3,1.0,PFBS,0.173495023253729,0.55964355749753,False,up
WBGene00014171,3,0.6333333333333333,PFBS,0.113263468912201,0.55999069803067,False,up
WBGene00006657,3,1.0,PFBS,0.0957166481074523,0.560414950301372,False,up
WBGene00016219,3,1.0,PFBS,0.221340475266254,0.560600810119042,False,up
WBGene00022623,3,1.0,PFBS,0.173748983678276,0.560600810119042,False,up
WBGene00010545,3,1.0,PFBS,0.334770311888995,0.560609712498192,False,up
WBGene00008555,3,0.9333333333333333,PFBS,0.074794066392575,0.560697782980465,False,up
WBGene00012122,3,1.0,PFBS,0.148874998347981,0.560766571609952,False,up
WBGene00010311,3,1.0,PFBS,0.222915337028462,0.561242958997788,False,up
WBGene00022106,3,1.0,PFBS,0.118242387425146,0.561792562569748,False,up
WBGene00007026,3,1.0,PFBS,0.14667286988394,0.562091783914264,False,up
WBGene00010736,3,0.9,PFBS,0.09544595262496,0.562102016899849,False,up
WBGene00018991,3,1.0,PFBS,-0.27870180381582,0.563037377712145,False,down
WBGene00002210,3,0.9666666666666667,PFBS,0.0960609377659806,0.563266583268112,False,up
WBGene00044701,3,1.0,PFBS,0.157186188487116,0.564196099752588,False,up
WBGene00011242,3,0.9666666666666667,PFBS,0.110014256175178,0.564850391298318,False,up
WBGene00000186,3,0.9333333333333333,PFBS,0.0707563188026908,0.565472645160745,False,up
WBGene00021505,3,0.9,PFBS,0.267614590569239,0.565935119730307,False,up
WBGene00022010,3,1.0,PFBS,0.0869925627552032,0.565935119730307,False,up
WBGene00000090,3,1.0,PFBS,0.0692927784992816,0.566602347782698,False,up
WBGene00016744,3,1.0,PFBS,0.275935938532568,0.567180489765369,False,up
WBGene00016335,3,1.0,PFBS,0.144973670579156,0.56720297672861,False,up
WBGene00023519,3,1.0,PFBS,0.278811464738173,0.56790201716923,False,up
WBGene00016367,3,1.0,PFBS,0.246999874623095,0.568534554075262,False,up
WBGene00016378,3,1.0,PFBS,0.0890335054072977,0.569324474628206,False,up
WBGene00021910,3,0.7,PFBS,0.0862385222483897,0.569324474628206,False,up
WBGene00016212,3,0.9,PFBS,0.426988623152356,0.570426852041178,False,up
WBGene00013124,3,1.0,PFBS,-0.132880853275285,0.570551453696652,False,down
WBGene00009156,3,1.0,PFBS,0.540181143504428,0.57060425043774,False,up
WBGene00019931,3,1.0,PFBS,-0.605488461479272,0.570901535929149,False,down
WBGene00016090,3,0.5333333333333333,PFBS,0.471683672091459,0.571730044035934,False,up
WBGene00016092,3,1.0,PFBS,-0.520086029332331,0.57222439774324,False,down
WBGene00008857,3,0.9666666666666667,PFBS,0.119531159712886,0.572324780495279,False,up
WBGene00206362,3,0.9,PFBS,-0.222783863224492,0.572960167519324,False,down
WBGene00019025,3,0.9666666666666667,PFBS,0.332888614346138,0.573218195784775,False,up
WBGene00235330,3,0.9,PFBS,0.471962428600566,0.573306125719003,False,up
WBGene00044612,3,0.9,PFBS,-0.263703432267066,0.574082760885768,False,down
WBGene00010331,3,1.0,PFBS,0.292550532518352,0.574394251649708,False,up
WBGene00016671,3,0.9666666666666667,PFBS,0.169923851826045,0.574439636156148,False,up
WBGene00012596,3,1.0,PFBS,0.406261424581096,0.57470492486737,False,up
WBGene00235312,3,1.0,PFBS,-0.651878690326789,0.574967276078537,False,down
WBGene00007180,3,1.0,PFBS,-0.149043767265382,0.574991230696355,False,down
WBGene00003547,3,0.7,PFBS,-0.482374002669914,0.574991230696355,False,down
WBGene00017036,3,1.0,PFBS,0.309931586019975,0.576839317213794,False,up
WBGene00011442,3,0.6333333333333333,PFBS,-0.416448781287421,0.576839317213794,False,down
WBGene00014196,3,1.0,PFBS,-0.37569981226735,0.577232375213266,False,down
WBGene00005759,3,0.9666666666666667,PFBS,-0.324910079526262,0.577639364214214,False,down
WBGene00022547,3,0.7,PFBS,-0.953241858244521,0.580138509047333,False,down
WBGene00006505,3,0.5333333333333333,PFBS,0.256857967761839,0.580529276828193,False,up
WBGene00007216,3,1.0,PFBS,0.125069527396018,0.580803452805373,False,up
WBGene00001709,3,1.0,PFBS,0.137575075731573,0.58248882492744,False,up
WBGene00018051,3,0.7333333333333333,PFBS,-0.146632578508239,0.582794635877912,False,down
WBGene00007541,3,0.9666666666666667,PFBS,0.533975337627928,0.583216034646473,False,up
WBGene00011452,3,0.9333333333333333,PFBS,0.193227052063574,0.583216034646473,False,up
WBGene00018074,3,1.0,PFBS,0.183777381548554,0.583216034646473,False,up
WBGene00018358,3,1.0,PFBS,-0.559162863317815,0.583216034646473,False,down
WBGene00011321,3,0.9666666666666667,PFBS,0.512974523561027,0.58372527099889,False,up
WBGene00008861,3,1.0,PFBS,0.149584359721053,0.58372527099889,False,up
WBGene00008407,3,1.0,PFBS,0.116527962540011,0.585497804233336,False,up
WBGene00011075,3,1.0,PFBS,0.492300566431953,0.586120495356637,False,up
WBGene00018465,3,0.9333333333333333,PFBS,-0.249844591031259,0.586120495356637,False,down
WBGene00020663,3,1.0,PFBS,-0.383961077069874,0.586120495356637,False,down
WBGene00015567,3,1.0,PFBS,0.0919945544650565,0.586148985880986,False,up
WBGene00013994,3,0.9666666666666667,PFBS,0.0651853830696452,0.586148985880986,False,up
WBGene00018184,3,0.9333333333333333,PFBS,-0.117838574935503,0.586148985880986,False,down
WBGene00018694,3,0.7333333333333333,PFBS,0.750419534963752,0.586523256784173,False,up
WBGene00016961,3,1.0,PFBS,0.0617704509705812,0.586523256784173,False,up
WBGene00011591,3,1.0,PFBS,-0.260987296277633,0.586778446788953,False,down
WBGene00020011,3,0.9666666666666667,PFBS,0.253784620969357,0.58698400718968,False,up
WBGene00003043,3,1.0,PFBS,0.0960037876541542,0.58698400718968,False,up
WBGene00009856,3,1.0,PFBS,0.714771783180446,0.587404581368598,False,up
WBGene00016522,3,1.0,PFBS,0.266951122026678,0.587519339793485,False,up
WBGene00020302,3,0.9333333333333333,PFBS,0.23054266851926,0.587519339793485,False,up
WBGene00195073,3,0.9,PFBS,0.207748962654164,0.587519339793485,False,up
WBGene00019999,3,0.9,PFBS,-0.176480485979634,0.587519339793485,False,down
WBGene00004759,3,0.9,PFBS,0.0535410636052215,0.587956273013862,False,up
WBGene00020494,3,1.0,PFBS,0.874844182471509,0.588136693364058,False,up
WBGene00012398,3,1.0,PFBS,-0.495677765885855,0.58860468490823,False,down
WBGene00009888,3,1.0,PFBS,0.0997366662625426,0.589093831306272,False,up
WBGene00044387,3,1.0,PFBS,0.283777730128437,0.589659916843757,False,up
WBGene00013957,3,0.6333333333333333,PFBS,0.339049093666661,0.591230409022284,False,up
WBGene00008880,3,1.0,PFBS,0.122015989004259,0.591230409022284,False,up
WBGene00009945,3,1.0,PFBS,-0.0800650047444503,0.591230409022284,False,down
WBGene00021871,3,1.0,PFBS,-0.169287652288453,0.591230409022284,False,down
WBGene00021640,3,1.0,PFBS,-0.337344309219901,0.591959315367557,False,down
WBGene00043992,3,1.0,PFBS,-0.21830554466674,0.592335807247275,False,down
WBGene00271788,3,1.0,PFBS,-0.474140518654909,0.592335807247275,False,down
WBGene00021511,3,1.0,PFBS,0.276481769986324,0.594067860265562,False,up
WBGene00043981,3,1.0,PFBS,-1.00425924445388,0.594447559228379,False,down
WBGene00001770,3,0.9666666666666667,PFBS,0.202607993213872,0.595369111475785,False,up
WBGene00007445,3,1.0,PFBS,0.235519467092618,0.595737197831685,False,up
WBGene00017422,3,0.9666666666666667,PFBS,0.274039459296146,0.596020324736765,False,up
WBGene00044534,3,0.9333333333333333,PFBS,0.343093021297602,0.59626486439594,False,up
WBGene00009107,3,1.0,PFBS,0.363861526816931,0.597517832120063,False,up
WBGene00219423,3,0.9,PFBS,0.497563978357478,0.597648577609456,False,up
WBGene00002999,3,0.9666666666666667,PFBS,0.0814778615134503,0.597648577609456,False,up
WBGene00012028,3,0.9,PFBS,0.458212900762756,0.598601535156698,False,up
WBGene00206355,3,1.0,PFBS,0.354362411600434,0.598601535156698,False,up
WBGene00007929,3,1.0,PFBS,0.281526080373808,0.598601535156698,False,up
WBGene00017580,3,0.6333333333333333,PFBS,0.171193988529695,0.598601535156698,False,up
WBGene00015451,3,1.0,PFBS,0.119697890239014,0.598601535156698,False,up
WBGene00020321,3,1.0,PFBS,0.117508636141834,0.598601535156698,False,up
WBGene00007423,3,1.0,PFBS,0.500964201120384,0.59972696954722,False,up
WBGene00011699,3,1.0,PFBS,0.402469635269815,0.600128845487121,False,up
WBGene00012222,3,0.9333333333333333,PFBS,0.157542360061986,0.60017991339067,False,up
WBGene00000960,3,1.0,PFBS,0.203727517988226,0.600320756200667,False,up
WBGene00020596,3,1.0,PFBS,0.0900974837036757,0.600320756200667,False,up
WBGene00007694,3,1.0,PFBS,0.309058600265831,0.600791214563564,False,up
WBGene00013453,3,1.0,PFBS,0.377903081283845,0.600797389097692,False,up
WBGene00011959,3,0.5666666666666667,PFBS,0.194645899662481,0.600859850607882,False,up
WBGene00000241,3,1.0,PFBS,0.159310871016386,0.601744408785356,False,up
WBGene00009601,3,1.0,PFBS,0.36413284788993,0.601904078718136,False,up
WBGene00004114,3,0.9,PFBS,0.133948990561951,0.602531956371996,False,up
WBGene00189987,3,1.0,PFBS,0.399324278431934,0.602567612793681,False,up
WBGene00006163,3,0.9666666666666667,PFBS,-0.601957613837598,0.602567612793681,False,down
WBGene00045510,3,1.0,PFBS,0.451994421679808,0.603049090431322,False,up
WBGene00004154,3,1.0,PFBS,0.341686690163727,0.603049090431322,False,up
WBGene00003387,3,1.0,PFBS,0.164336592412148,0.603049090431322,False,up
WBGene00013040,3,1.0,PFBS,-0.0832401140602731,0.603049090431322,False,down
WBGene00013334,3,1.0,PFBS,0.131766799212892,0.603260700987413,False,up
WBGene00016697,3,0.9333333333333333,PFBS,0.628207083369563,0.603292307230883,False,up
WBGene00013704,3,1.0,PFBS,0.340167095278959,0.603292307230883,False,up
WBGene00010375,3,1.0,PFBS,0.178221776553236,0.603361444508064,False,up
WBGene00001008,3,1.0,PFBS,0.0613188591685583,0.603497556590966,False,up
WBGene00019243,3,1.0,PFBS,-0.44363245658613,0.60369261667632,False,down
WBGene00017164,3,1.0,PFBS,-0.100580497701106,0.604088305370573,False,down
WBGene00014093,3,1.0,PFBS,0.549125758415627,0.604129693899218,False,up
WBGene00003850,3,0.6333333333333333,PFBS,0.158534364112744,0.604129693899218,False,up
WBGene00018954,3,0.9666666666666667,PFBS,-0.196758333825338,0.604129693899218,False,down
WBGene00021409,3,0.9,PFBS,-0.394641543578112,0.604129693899218,False,down
WBGene00018879,3,1.0,PFBS,0.187140344419814,0.604189921678332,False,up
WBGene00022530,3,0.9,PFBS,0.279556456579738,0.604583633923794,False,up
WBGene00020761,3,0.9,PFBS,0.248873963718463,0.604583633923794,False,up
WBGene00015783,3,0.9333333333333333,PFBS,-0.168626422958755,0.605422645513837,False,down
WBGene00009835,3,1.0,PFBS,-0.309673306661243,0.606099704825821,False,down
WBGene00017009,3,1.0,PFBS,-0.305354579266323,0.606274468673524,False,down
WBGene00016262,3,1.0,PFBS,0.184874847837616,0.606274872370162,False,up
WBGene00000453,3,0.7333333333333333,PFBS,0.112059253411266,0.606274872370162,False,up
WBGene00013896,3,1.0,PFBS,0.243254979468038,0.607338609663764,False,up
WBGene00008856,3,1.0,PFBS,-0.119882633687636,0.607338609663764,False,down
WBGene00017268,3,0.5666666666666667,PFBS,0.075524277670007,0.607808190324959,False,up
WBGene00015619,3,0.9,PFBS,0.109376189998275,0.609088914555943,False,up
WBGene00010574,3,1.0,PFBS,0.659203280192556,0.609858928887565,False,up
WBGene00005713,3,1.0,PFBS,0.307904336487881,0.610134616134836,False,up
WBGene00019997,3,1.0,PFBS,-0.32726440993591,0.610134616134836,False,down
WBGene00011453,3,0.6666666666666666,PFBS,0.289805765876477,0.610673763814456,False,up
WBGene00001883,3,0.9666666666666667,PFBS,-0.231073294193541,0.610707305215384,False,down
WBGene00011230,3,0.9666666666666667,PFBS,0.0884981272511343,0.61099837080389,False,up
WBGene00014000,3,0.9666666666666667,PFBS,0.210221704395366,0.611635598728493,False,up
WBGene00022641,3,0.9333333333333333,PFBS,-0.330979650365459,0.611717620080696,False,down
WBGene00003886,3,1.0,PFBS,-0.185831147769468,0.611740972777288,False,down
WBGene00003179,3,0.5333333333333333,PFBS,-0.114679618401384,0.61226599908051,False,down
WBGene00014036,3,0.9666666666666667,PFBS,-0.080968535992436,0.612605872564627,False,down
WBGene00019143,3,1.0,PFBS,0.189029697812745,0.613362998069577,False,up
WBGene00004213,3,0.9666666666666667,PFBS,0.0852601437866542,0.613362998069577,False,up
WBGene00018610,3,0.9333333333333333,PFBS,-0.132116531276452,0.613362998069577,False,down
WBGene00008695,3,1.0,PFBS,0.206008379685265,0.613389892924672,False,up
WBGene00012578,3,1.0,PFBS,0.0714580616587063,0.613389892924672,False,up
WBGene00000734,3,1.0,PFBS,-0.342293757172671,0.613399715109174,False,down
WBGene00000293,3,0.6,PFBS,0.0606099070526507,0.613509724941856,False,up
WBGene00020941,3,1.0,PFBS,-0.385642036641988,0.614351035813157,False,down
WBGene00013989,3,1.0,PFBS,0.185325478274354,0.614498598842117,False,up
WBGene00006711,3,1.0,PFBS,-0.0827210481329058,0.614683497219581,False,down
WBGene00010449,3,0.9666666666666667,PFBS,0.136632351982391,0.616696462014031,False,up
WBGene00016095,3,0.9666666666666667,PFBS,0.195487352379459,0.617086064230707,False,up
WBGene00019182,3,1.0,PFBS,0.137418459485218,0.617575837579919,False,up
WBGene00011978,3,0.9666666666666667,PFBS,-0.0882506111623374,0.618191433415539,False,down
WBGene00000447,3,1.0,PFBS,0.236650339722856,0.618652971144977,False,up
WBGene00014232,3,1.0,PFBS,0.0779706794415083,0.618652971144977,False,up
WBGene00006066,3,1.0,PFBS,-0.0633933659266608,0.618671910067035,False,down
WBGene00006655,3,1.0,PFBS,-0.0967185305642252,0.618671910067035,False,down
WBGene00008345,3,1.0,PFBS,0.0759034482607488,0.619519194466513,False,up
WBGene00013539,3,1.0,PFBS,0.266315939074566,0.619656496296704,False,up
WBGene00000630,3,0.8333333333333334,PFBS,-0.331624441452102,0.619656496296704,False,down
WBGene00001782,3,1.0,PFBS,-0.778072811244194,0.619656496296704,False,down
WBGene00014030,3,0.9,PFBS,0.32154191380997,0.619903696994176,False,up
WBGene00004373,3,1.0,PFBS,0.0696744983640342,0.619903696994176,False,up
WBGene00012399,3,0.7,PFBS,-0.38125784965078,0.619903696994176,False,down
WBGene00007534,3,1.0,PFBS,-0.0592767491238311,0.620264280767716,False,down
WBGene00018268,3,0.5,PFBS,0.304870979139564,0.62054163218594,False,up
WBGene00004056,3,0.9666666666666667,PFBS,0.0864694968644755,0.62054163218594,False,up
WBGene00017563,3,1.0,PFBS,-0.208879081036556,0.62054163218594,False,down
WBGene00012491,3,1.0,PFBS,-0.189872814699226,0.621315996492283,False,down
WBGene00012959,3,1.0,PFBS,-1.29200270087742,0.621315996492283,False,down
WBGene00006811,3,1.0,PFBS,0.0817925545917288,0.622061871472534,False,up
WBGene00008927,3,1.0,PFBS,0.0923166366382504,0.622177400096072,False,up
WBGene00008975,3,1.0,PFBS,-0.135080807148063,0.623597977723345,False,down
WBGene00077712,3,0.6333333333333333,PFBS,-0.13721984299988,0.623597977723345,False,down
WBGene00001789,3,1.0,PFBS,-0.309247594759476,0.623597977723345,False,down
WBGene00194747,3,0.6333333333333333,PFBS,0.227417095648938,0.623816907260784,False,up
WBGene00012739,3,1.0,PFBS,-0.136721437150826,0.623816907260784,False,down
WBGene00189956,3,0.9333333333333333,PFBS,-0.446594555903836,0.623816907260784,False,down
WBGene00011579,3,1.0,PFBS,-0.120652710335758,0.624220446692746,False,down
WBGene00016397,3,1.0,PFBS,0.183075415249934,0.624742330857347,False,up
WBGene00002187,3,1.0,PFBS,0.062234954779616,0.625146889655421,False,up
WBGene00019564,3,1.0,PFBS,0.364673325996575,0.625551213208172,False,up
WBGene00016215,3,1.0,PFBS,0.169948902402862,0.626384589980362,False,up
WBGene00011473,3,1.0,PFBS,-0.182460381649746,0.626614951786765,False,down
WBGene00009819,3,0.5333333333333333,PFBS,0.214076996713296,0.62779714408299,False,up
WBGene00017904,3,0.9666666666666667,PFBS,0.068706683803206,0.62779714408299,False,up
WBGene00010272,3,1.0,PFBS,0.0595535994326237,0.62779714408299,False,up
WBGene00044289,3,1.0,PFBS,-0.282156282962189,0.627924059009224,False,down
WBGene00015569,3,0.9666666666666667,PFBS,-0.130425953466732,0.628539896846314,False,down
WBGene00013159,3,0.9666666666666667,PFBS,0.116554994079095,0.629219089658019,False,up
WBGene00006938,3,0.9,PFBS,0.354081334056113,0.629296920573995,False,up
WBGene00015561,3,1.0,PFBS,-0.0936614422260454,0.629296920573995,False,down
WBGene00012195,3,1.0,PFBS,-0.350065288217662,0.629638324554513,False,down
WBGene00003030,3,1.0,PFBS,0.0857072511635101,0.630254950038324,False,up
WBGene00012449,3,1.0,PFBS,0.235280782465871,0.631150534923512,False,up
WBGene00000096,3,1.0,PFBS,0.163476974071157,0.63125362885513,False,up
WBGene00001518,3,1.0,PFBS,0.0834933464130402,0.631368209296849,False,up
WBGene00015641,3,0.9,PFBS,-0.0789477280540101,0.631368209296849,False,down
WBGene00043067,3,1.0,PFBS,-0.214669562426343,0.631368209296849,False,down
WBGene00019772,3,0.9333333333333333,PFBS,0.110521761518894,0.632786756869177,False,up
WBGene00011244,3,0.9,PFBS,-0.286275070651175,0.633584152446116,False,down
WBGene00011396,3,1.0,PFBS,0.407820597222945,0.633659681768988,False,up
WBGene00009839,3,0.7,PFBS,0.381348095461679,0.633659681768988,False,up
WBGene00007597,3,1.0,PFBS,0.31990907850339,0.633659681768988,False,up
WBGene00008309,3,0.9666666666666667,PFBS,0.215881950470367,0.633659681768988,False,up
WBGene00001669,3,0.9333333333333333,PFBS,0.0917617434236163,0.633659681768988,False,up
WBGene00017543,3,1.0,PFBS,-0.549918174939341,0.633659681768988,False,down
WBGene00022454,3,1.0,PFBS,0.320476263558228,0.633789640854873,False,up
WBGene00019231,3,0.7666666666666667,PFBS,0.407429389389793,0.634426269386305,False,up
WBGene00020247,3,0.9,PFBS,0.30879855959278,0.634711981415666,False,up
WBGene00044143,3,0.9666666666666667,PFBS,0.105060940259902,0.634711981415666,False,up
WBGene00017350,3,0.5,PFBS,0.0872060169568557,0.634711981415666,False,up
WBGene00018103,3,1.0,PFBS,-0.744667717147819,0.634711981415666,False,down
WBGene00018523,3,1.0,PFBS,0.137022925180596,0.634961213316378,False,up
WBGene00022456,3,0.7666666666666667,PFBS,0.0668678670106967,0.63498000258063,False,up
WBGene00001971,3,0.9,PFBS,-0.0520624163583775,0.63498000258063,False,down
WBGene00010789,3,0.5,PFBS,0.507239278481771,0.636807647597314,False,up
WBGene00012432,3,0.9,PFBS,0.457528404313917,0.637493291171546,False,up
WBGene00021513,3,0.9,PFBS,0.684696668422566,0.63753723463072,False,up
WBGene00003613,3,0.9666666666666667,PFBS,0.151652893513195,0.637859293107108,False,up
WBGene00017017,3,1.0,PFBS,0.131015976711784,0.638519838298235,False,up
WBGene00008757,3,1.0,PFBS,0.527360507315953,0.639558152386721,False,up
WBGene00008240,3,1.0,PFBS,0.246841797880135,0.639920577764999,False,up
WBGene00004778,3,1.0,PFBS,0.139339022316765,0.639920577764999,False,up
WBGene00021034,3,0.8666666666666667,PFBS,-0.200469999833151,0.639920577764999,False,down
WBGene00017854,3,1.0,PFBS,0.247457996127446,0.64059178905361,False,up
WBGene00022391,3,0.9,PFBS,0.0977714596719383,0.64059178905361,False,up
WBGene00019428,3,1.0,PFBS,0.0895259946343932,0.640673879439133,False,up
WBGene00001930,3,0.7666666666666667,PFBS,-0.409511876632821,0.641162709660923,False,down
WBGene00011429,3,0.7,PFBS,0.443079297931383,0.641229191858502,False,up
WBGene00009969,3,1.0,PFBS,-0.253216001862408,0.641366964489256,False,down
WBGene00011960,3,0.7,PFBS,0.257482705711468,0.642231337815897,False,up
WBGene00015934,3,1.0,PFBS,0.118438549853385,0.642231337815897,False,up
WBGene00001957,3,0.9,PFBS,0.572500928576888,0.642443821718236,False,up
WBGene00011191,3,1.0,PFBS,0.359991073206062,0.642921005041272,False,up
WBGene00018509,3,0.5,PFBS,0.0610305792665407,0.64306140872051,False,up
WBGene00019624,3,1.0,PFBS,-0.203828981551706,0.64337540403813,False,down
WBGene00010191,3,1.0,PFBS,0.0882763863979934,0.643999322320734,False,up
WBGene00003699,3,0.9666666666666667,PFBS,0.112688033162728,0.645486162720912,False,up
WBGene00020725,3,1.0,PFBS,0.13114928005748,0.645597177668274,False,up
WBGene00011974,3,1.0,PFBS,0.104642167761051,0.645662875355007,False,up
WBGene00001795,3,0.5666666666666667,PFBS,0.120547251035329,0.645876034110781,False,up
WBGene00011167,3,0.9666666666666667,PFBS,-0.390992201947018,0.645907157880257,False,down
WBGene00017660,3,0.9666666666666667,PFBS,-0.949342573423425,0.646031312296555,False,down
WBGene00003564,3,1.0,PFBS,0.056849410655334,0.647928240253549,False,up
WBGene00009172,3,0.9,PFBS,0.0969240288916941,0.64795290346088,False,up
WBGene00016900,3,1.0,PFBS,-0.159726965574575,0.648378323718646,False,down
WBGene00008197,3,1.0,PFBS,0.0965627929316128,0.648384444847047,False,up
WBGene00044389,3,0.9333333333333333,PFBS,-0.139183297607288,0.648384444847047,False,down
WBGene00017513,3,1.0,PFBS,0.110239944407056,0.648709872484021,False,up
WBGene00138724,3,1.0,PFBS,0.32039553319997,0.648735366790776,False,up
WBGene00013180,3,0.9,PFBS,0.158979857375805,0.649064660711129,False,up
WBGene00077490,3,0.8333333333333334,PFBS,0.184745893011115,0.649353832720673,False,up
WBGene00008303,3,0.9,PFBS,-0.543894248430748,0.649620972502061,False,down
WBGene00011069,3,1.0,PFBS,0.198363338873635,0.649679096287996,False,up
WBGene00009452,3,1.0,PFBS,0.0870029724725225,0.65019258755512,False,up
WBGene00003570,3,0.9333333333333333,PFBS,0.182309130991274,0.650896910663931,False,up
WBGene00010756,3,1.0,PFBS,-0.114675955133397,0.650896910663931,False,down
WBGene00016175,3,1.0,PFBS,0.531088807385192,0.65131283832038,False,up
WBGene00004356,3,1.0,PFBS,0.0756331238822802,0.652091542440909,False,up
WBGene00002987,3,0.9666666666666667,PFBS,0.171213956562033,0.652698932172078,False,up
WBGene00013708,3,0.9333333333333333,PFBS,0.108756501874977,0.653106459407281,False,up
WBGene00017980,3,1.0,PFBS,0.0671152412774595,0.653652018861991,False,up
WBGene00014022,3,0.9,PFBS,-0.0727459886553781,0.653652018861991,False,down
WBGene00009677,3,1.0,PFBS,-0.277319399520193,0.654774427009764,False,down
WBGene00011136,3,1.0,PFBS,0.357327767375463,0.655108211868213,False,up
WBGene00003031,3,1.0,PFBS,0.159011485277513,0.655108211868213,False,up
WBGene00022331,3,1.0,PFBS,0.228111150855819,0.65522447348741,False,up
WBGene00007471,3,1.0,PFBS,0.314375148052665,0.655668244083455,False,up
WBGene00022584,3,1.0,PFBS,0.176954880583949,0.656535207994989,False,up
WBGene00010974,3,1.0,PFBS,-0.122750017736102,0.656613250449539,False,down
WBGene00011500,3,1.0,PFBS,0.0882253779855277,0.657824464503782,False,up
WBGene00004255,3,1.0,PFBS,0.2110316742631,0.658264845910384,False,up
WBGene00008304,3,0.9,PFBS,0.341231071925647,0.658271152104255,False,up
WBGene00019776,3,0.9666666666666667,PFBS,-0.234990423098123,0.659012063547592,False,down
WBGene00003683,3,1.0,PFBS,0.337128176626519,0.659302844550249,False,up
WBGene00020774,3,0.6,PFBS,0.380784641885903,0.659686740163384,False,up
WBGene00020444,3,1.0,PFBS,0.213398332613085,0.660850570665113,False,up
WBGene00015914,3,1.0,PFBS,0.410492781478685,0.661468351230344,False,up
WBGene00007723,3,0.6666666666666666,PFBS,0.426168845287789,0.661621199489207,False,up
WBGene00012818,3,1.0,PFBS,0.361287495831242,0.661621199489207,False,up
WBGene00007115,3,0.9666666666666667,PFBS,0.169421452121776,0.661679716879458,False,up
WBGene00013080,3,1.0,PFBS,0.157543264051132,0.661679716879458,False,up
WBGene00000188,3,0.7666666666666667,PFBS,0.115374188563542,0.66309690056488,False,up
WBGene00015720,3,1.0,PFBS,0.46990896695973,0.664199779185489,False,up
WBGene00009162,3,0.9333333333333333,PFBS,0.130890943099555,0.664245045775094,False,up
WBGene00019116,3,1.0,PFBS,-0.109433967432964,0.664339805127474,False,down
WBGene00013658,3,1.0,PFBS,0.126815928191652,0.664478008532514,False,up
WBGene00008127,3,1.0,PFBS,-0.159890982377768,0.664478008532514,False,down
WBGene00008591,3,0.9333333333333333,PFBS,-0.672391069401948,0.664820558618831,False,down
WBGene00007799,3,0.9333333333333333,PFBS,0.0613533360193738,0.665343304688555,False,up
WBGene00020149,3,1.0,PFBS,0.30160888241934,0.665604454670833,False,up
WBGene00015666,3,1.0,PFBS,0.49651038420103,0.666554399367035,False,up
WBGene00001509,3,1.0,PFBS,0.0596318074611886,0.666554399367035,False,up
WBGene00021208,3,1.0,PFBS,-0.0975065896704243,0.666554399367035,False,down
WBGene00006535,3,1.0,PFBS,-0.135698611608328,0.666554399367035,False,down
WBGene00008220,3,1.0,PFBS,-0.193051057695497,0.666554399367035,False,down
WBGene00022295,3,1.0,PFBS,-0.190735549465047,0.667725969599335,False,down
WBGene00007338,3,1.0,PFBS,0.188014182357209,0.668441122666351,False,up
WBGene00003243,3,1.0,PFBS,0.0693061585807233,0.668441122666351,False,up
WBGene00020051,3,1.0,PFBS,-0.0983031954044654,0.669397047538327,False,down
WBGene00021704,3,1.0,PFBS,0.338166346758669,0.669676330704657,False,up
WBGene00005127,3,0.7666666666666667,PFBS,0.323266055424917,0.669676330704657,False,up
WBGene00020565,3,1.0,PFBS,0.323126721510098,0.669676330704657,False,up
WBGene00007440,3,0.9,PFBS,0.332084931758873,0.669922813068378,False,up
WBGene00012938,3,1.0,PFBS,0.300006835166063,0.669922813068378,False,up
WBGene00011141,3,1.0,PFBS,0.160552348211499,0.669922813068378,False,up
WBGene00018476,3,1.0,PFBS,-0.333628710133176,0.669922813068378,False,down
WBGene00013736,3,0.9333333333333333,PFBS,0.0755743142559195,0.67040429822147,False,up
WBGene00003034,3,1.0,PFBS,0.0599771030642616,0.671117870255123,False,up
WBGene00021756,3,1.0,PFBS,0.0836253322718974,0.671687432672356,False,up
WBGene00018946,3,0.9,PFBS,-0.489082857087069,0.671687432672356,False,down
WBGene00022867,3,1.0,PFBS,0.108127631755728,0.671805592600432,False,up
WBGene00018522,3,1.0,PFBS,-0.0600344855563984,0.671835167648034,False,down
WBGene00003232,3,1.0,PFBS,0.159951242438675,0.672652564304299,False,up
WBGene00003092,3,1.0,PFBS,0.287047771781264,0.672980175078805,False,up
WBGene00015535,3,1.0,PFBS,0.645302834737002,0.673169011673882,False,up
WBGene00021600,3,0.9333333333333333,PFBS,0.316457421208729,0.673261107143341,False,up
WBGene00011030,3,0.9666666666666667,PFBS,0.113005802015408,0.673426259146654,False,up
WBGene00019828,3,1.0,PFBS,0.216711933838042,0.674561656013383,False,up
WBGene00022893,3,0.6333333333333333,PFBS,-0.0992388676952957,0.674784317224199,False,down
WBGene00019603,3,0.9666666666666667,PFBS,-0.177532400291632,0.674784317224199,False,down
WBGene00015559,3,1.0,PFBS,0.200551176156655,0.674963376933994,False,up
WBGene00019674,3,1.0,PFBS,-0.188342885218905,0.677603900079229,False,down
WBGene00018562,3,1.0,PFBS,0.138895262984765,0.678458685691669,False,up
WBGene00019939,3,1.0,PFBS,0.466158751821636,0.679265063999085,False,up
WBGene00019656,3,1.0,PFBS,0.0546663219241078,0.679475911474496,False,up
WBGene00016324,3,1.0,PFBS,-0.141089856801381,0.679475911474496,False,down
WBGene00015957,3,1.0,PFBS,0.128973007788458,0.679682104283636,False,up
WBGene00007752,3,0.9,PFBS,0.0613768379633751,0.681396782915554,False,up
WBGene00021349,3,1.0,PFBS,0.187343137532225,0.68240058808193,False,up
WBGene00009142,3,0.9666666666666667,PFBS,0.214403147002442,0.683830195334161,False,up
WBGene00021732,3,1.0,PFBS,0.115878200369224,0.683830195334161,False,up
WBGene00013836,3,1.0,PFBS,-0.228285985776186,0.683830195334161,False,down
WBGene00019565,3,1.0,PFBS,-0.439676642072882,0.683830195334161,False,down
WBGene00005253,3,1.0,PFBS,-0.449793933959101,0.683830195334161,False,down
WBGene00011082,3,1.0,PFBS,0.214834034397998,0.684693705292484,False,up
WBGene00014079,3,1.0,PFBS,0.124434845218981,0.684693705292484,False,up
WBGene00000455,3,1.0,PFBS,0.118161210874603,0.684693705292484,False,up
WBGene00008706,3,1.0,PFBS,0.116912862923824,0.684693705292484,False,up
WBGene00008570,3,1.0,PFBS,0.104868089250958,0.684693705292484,False,up
WBGene00004364,3,0.9,PFBS,0.0651748256466608,0.684693705292484,False,up
WBGene00077771,3,0.9333333333333333,PFBS,0.0632037564214069,0.684879915757051,False,up
WBGene00003033,3,0.9666666666666667,PFBS,0.155838172998907,0.688281306573587,False,up
WBGene00021596,3,1.0,PFBS,-0.234908739870641,0.689116555216342,False,down
WBGene00009742,3,0.5333333333333333,PFBS,0.123391756532184,0.68947204908943,False,up
WBGene00007680,3,0.9,PFBS,0.165297016014554,0.689589807777846,False,up
WBGene00001121,3,1.0,PFBS,0.14326680726441,0.690358512887008,False,up
WBGene00009477,3,0.9,PFBS,-0.0898618173274541,0.690508853174217,False,down
WBGene00015537,3,0.6,PFBS,-0.474349561385363,0.691896791054864,False,down
WBGene00013456,3,1.0,PFBS,0.129635691404899,0.692442976396294,False,up
WBGene00017042,3,1.0,PFBS,0.224519516762186,0.692604781255987,False,up
WBGene00017907,3,1.0,PFBS,0.171982565317902,0.693279394615872,False,up
WBGene00008890,3,1.0,PFBS,0.140932967796998,0.693341284973338,False,up
WBGene00008436,3,1.0,PFBS,-0.218212404770093,0.693417171048505,False,down
WBGene00004268,3,1.0,PFBS,0.052379833526514,0.693918007105103,False,up
WBGene00002976,3,0.5333333333333333,PFBS,-0.116378662928355,0.693918007105103,False,down
WBGene00006208,3,0.9666666666666667,PFBS,0.538134315321216,0.693958826084783,False,up
WBGene00018859,3,1.0,PFBS,-0.272107174989615,0.693958826084783,False,down
WBGene00013091,3,1.0,PFBS,-0.276222895577604,0.693958826084783,False,down
WBGene00019069,3,1.0,PFBS,0.138697883984953,0.694810932067109,False,up
WBGene00009112,3,0.9666666666666667,PFBS,0.084790508432152,0.694991861334541,False,up
WBGene00006646,3,1.0,PFBS,0.150111736989224,0.695194348361807,False,up
WBGene00019649,3,1.0,PFBS,0.136416114506553,0.695426236658871,False,up
WBGene00010873,3,0.9666666666666667,PFBS,0.123631719085554,0.695426236658871,False,up
WBGene00015113,3,1.0,PFBS,-0.581311417717819,0.695534748436094,False,down
WBGene00000448,3,1.0,PFBS,0.0960029248080988,0.695885412210861,False,up
WBGene00020649,3,0.9,PFBS,-0.0994512380650936,0.695885412210861,False,down
WBGene00021408,3,0.9,PFBS,-0.206927727877812,0.696357940126931,False,down
WBGene00008739,3,1.0,PFBS,0.167351286781762,0.697391465149287,False,up
WBGene00001586,3,1.0,PFBS,0.113596473071516,0.697458812725538,False,up
WBGene00011923,3,0.9333333333333333,PFBS,0.117894459159493,0.69814981240284,False,up
WBGene00016019,3,1.0,PFBS,0.0840436909593341,0.698252236937499,False,up
WBGene00016362,3,0.7333333333333333,PFBS,0.0747352013691932,0.698602968779255,False,up
WBGene00003728,3,1.0,PFBS,0.0705676460665798,0.698602968779255,False,up
WBGene00016204,3,0.9666666666666667,PFBS,0.170847796618675,0.699728516875607,False,up
WBGene00019885,3,1.0,PFBS,0.27625932041278,0.700309665905006,False,up
WBGene00001549,3,0.9666666666666667,PFBS,0.275143686977198,0.701169663394954,False,up
WBGene00021195,3,1.0,PFBS,0.262850891217865,0.701169663394954,False,up
WBGene00017150,3,1.0,PFBS,0.19521284421949,0.701275445906419,False,up
WBGene00016281,3,0.5333333333333333,PFBS,0.508730213726274,0.70225281079233,False,up
WBGene00044780,3,0.9666666666666667,PFBS,-0.286914637206989,0.70225281079233,False,down
WBGene00023515,3,1.0,PFBS,0.429299926244693,0.702678599074746,False,up
WBGene00003566,3,0.9,PFBS,0.121401176287111,0.702792212995202,False,up
WBGene00008662,3,0.7666666666666667,PFBS,0.2381070474146,0.702835131988158,False,up
WBGene00020016,3,1.0,PFBS,-0.415979284996867,0.702835131988158,False,down
WBGene00016860,3,0.9,PFBS,-0.1139598717746,0.70319284982878,False,down
WBGene00015536,3,1.0,PFBS,0.226330910439278,0.705613031177228,False,up
WBGene00007191,3,0.7666666666666667,PFBS,0.169936395281951,0.706207361170475,False,up
WBGene00021980,3,1.0,PFBS,0.125366998304671,0.706207361170475,False,up
WBGene00003185,3,1.0,PFBS,0.0717741863301632,0.706207361170475,False,up
WBGene00007664,3,0.9,PFBS,0.0945248728160825,0.706270220975664,False,up
WBGene00015200,3,0.9,PFBS,0.0999438305502013,0.706419200321666,False,up
WBGene00194909,3,0.9666666666666667,PFBS,-0.163348760061594,0.707559810464714,False,down
WBGene00000703,3,0.9666666666666667,PFBS,-0.260158075027607,0.707559810464714,False,down
WBGene00014200,3,0.9,PFBS,0.229334308604332,0.708356535190004,False,up
WBGene00008994,3,1.0,PFBS,0.343114001351687,0.708648860351427,False,up
WBGene00015107,3,0.7,PFBS,0.116414943432544,0.708648860351427,False,up
WBGene00011465,3,1.0,PFBS,0.32525938239616,0.70882456352544,False,up
WBGene00009724,3,0.6333333333333333,PFBS,0.168910435176681,0.70882456352544,False,up
WBGene00003612,3,1.0,PFBS,0.109254525104688,0.709356063338345,False,up
WBGene00004987,3,1.0,PFBS,-0.384267190574838,0.709577574034694,False,down
WBGene00016719,3,0.9,PFBS,0.175259843912517,0.70983651886361,False,up
WBGene00015270,3,1.0,PFBS,0.173553235314419,0.70983651886361,False,up
WBGene00008932,3,0.9666666666666667,PFBS,0.0816453342283951,0.70983651886361,False,up
WBGene00018317,3,1.0,PFBS,0.071041299355537,0.70983651886361,False,up
WBGene00007071,3,1.0,PFBS,0.129798242498414,0.710552059696328,False,up
WBGene00017375,3,1.0,PFBS,0.18146041516931,0.71112461222464,False,up
WBGene00007854,3,0.9333333333333333,PFBS,0.452676938355053,0.71155146519723,False,up
WBGene00005362,3,1.0,PFBS,0.335056486808655,0.71155146519723,False,up
WBGene00008073,3,1.0,PFBS,0.181847850765592,0.71155146519723,False,up
WBGene00016156,3,1.0,PFBS,0.0798518601805911,0.71155146519723,False,up
WBGene00018208,3,0.9666666666666667,PFBS,0.0635022019210208,0.71155146519723,False,up
WBGene00004728,3,1.0,PFBS,0.0583231856080468,0.71155146519723,False,up
WBGene00007370,3,0.9666666666666667,PFBS,-0.410724422182345,0.71155146519723,False,down
WBGene00007363,3,0.6333333333333333,PFBS,-0.0937568594997279,0.711640184276281,False,down
WBGene00009129,3,0.9,PFBS,0.397568919827018,0.71249214398445,False,up
WBGene00050899,3,1.0,PFBS,0.312349072810653,0.71249214398445,False,up
WBGene00009023,3,1.0,PFBS,0.118108497761458,0.71249214398445,False,up
WBGene00009337,3,1.0,PFBS,-0.0656191782481836,0.71249214398445,False,down
WBGene00077701,3,0.9666666666666667,PFBS,-0.228116220113976,0.71249214398445,False,down
WBGene00018188,3,0.9666666666666667,PFBS,0.142819878957689,0.713199212662684,False,up
WBGene00022004,3,0.9666666666666667,PFBS,0.10081087408976,0.713199212662684,False,up
WBGene00007711,3,1.0,PFBS,0.0853787713609319,0.713199212662684,False,up
WBGene00000253,3,0.9666666666666667,PFBS,0.060246398786891,0.713199212662684,False,up
WBGene00045053,3,1.0,PFBS,-0.214637441492932,0.713199212662684,False,down
WBGene00001788,3,0.9,PFBS,0.138244990434795,0.716283304776522,False,up
WBGene00007099,3,0.6333333333333333,PFBS,-0.0665295027343063,0.716345353739029,False,down
WBGene00009908,3,1.0,PFBS,-0.64841860913128,0.716836004380941,False,down
WBGene00044514,3,0.9333333333333333,PFBS,-0.567480418841857,0.716880595563714,False,down
WBGene00006416,3,1.0,PFBS,0.288072195466752,0.71977059913844,False,up
WBGene00001533,3,1.0,PFBS,0.332442019449361,0.720551398304566,False,up
WBGene00020080,3,1.0,PFBS,0.402156216815045,0.720628100615777,False,up
WBGene00013079,3,0.9333333333333333,PFBS,-0.182754180729556,0.7208791383335,False,down
WBGene00001250,3,0.5333333333333333,PFBS,0.0811708015115117,0.721774243530499,False,up
WBGene00019867,3,1.0,PFBS,0.14511221773751,0.722298063023488,False,up
WBGene00044079,3,0.5666666666666667,PFBS,-0.0979967895005282,0.722298063023488,False,down
WBGene00020455,3,0.7,PFBS,0.171383727349058,0.722796418698904,False,up
WBGene00021395,3,1.0,PFBS,0.0935991019761665,0.72296592202,False,up
WBGene00007516,3,1.0,PFBS,0.0923865883350565,0.723437945804293,False,up
WBGene00044792,3,0.9333333333333333,PFBS,0.189698875965398,0.723485343538185,False,up
WBGene00008275,3,1.0,PFBS,0.0820603224913062,0.724221516001645,False,up
WBGene00005026,3,1.0,PFBS,0.0725564508648772,0.725501891784638,False,up
WBGene00010074,3,1.0,PFBS,0.194925470360955,0.726312589047476,False,up
WBGene00019304,3,0.9333333333333333,PFBS,0.149806284831668,0.726555166862596,False,up
WBGene00001785,3,0.9666666666666667,PFBS,0.657213151226469,0.72661428619679,False,up
WBGene00044304,3,1.0,PFBS,0.143023737734757,0.72661428619679,False,up
WBGene00009234,3,0.7333333333333333,PFBS,0.080058503681929,0.72661428619679,False,up
WBGene00008834,3,0.9,PFBS,0.189018093428586,0.727626458810343,False,up
WBGene00016326,3,1.0,PFBS,0.0510464374579614,0.728055719928864,False,up
WBGene00019718,3,1.0,PFBS,-0.28319178766681,0.728747731230341,False,down
WBGene00044077,3,1.0,PFBS,0.0448939168753544,0.728855707700408,False,up
WBGene00012778,3,1.0,PFBS,0.240316432059344,0.729191015786093,False,up
WBGene00003628,3,0.5,PFBS,0.0927198560892158,0.729191015786093,False,up
WBGene00007820,3,1.0,PFBS,-0.138939674897373,0.729191015786093,False,down
WBGene00022142,3,0.9666666666666667,PFBS,0.222912101999012,0.729203168941751,False,up
WBGene00020985,3,1.0,PFBS,0.28289513694765,0.729606494790092,False,up
WBGene00009225,3,1.0,PFBS,0.419156385070156,0.729914903299872,False,up
WBGene00021576,3,0.9,PFBS,0.412737121733924,0.730603545331251,False,up
WBGene00010594,3,1.0,PFBS,0.39234965434892,0.73090523704634,False,up
WBGene00010357,3,0.9666666666666667,PFBS,-0.220286433663731,0.731277153021775,False,down
WBGene00020390,3,1.0,PFBS,-0.0687456896521621,0.731278554199465,False,down
WBGene00019048,3,1.0,PFBS,0.0928107102190912,0.731294733145674,False,up
WBGene00012813,3,0.6333333333333333,PFBS,0.148141282574923,0.731302371094722,False,up
WBGene00019847,3,0.9666666666666667,PFBS,0.0820124240672977,0.731302371094722,False,up
WBGene00020023,3,1.0,PFBS,0.140586736293441,0.731362032440485,False,up
WBGene00009676,3,1.0,PFBS,0.103974297521064,0.731362032440485,False,up
WBGene00013608,3,0.7,PFBS,0.275581874901917,0.731998054089017,False,up
WBGene00022412,3,1.0,PFBS,0.0888436089014022,0.732397032617247,False,up
WBGene00013402,3,1.0,PFBS,0.376666678095672,0.732646436655431,False,up
WBGene00009025,3,1.0,PFBS,0.106005057738576,0.732646436655431,False,up
WBGene00021721,3,0.7666666666666667,PFBS,-0.151676402801371,0.732646436655431,False,down
WBGene00018252,3,0.9,PFBS,-0.22395696483759,0.732779790363534,False,down
WBGene00019652,3,1.0,PFBS,-0.15471188368443,0.732982297807588,False,down
WBGene00004457,3,1.0,PFBS,0.0695287793852227,0.733413499654488,False,up
WBGene00007349,3,1.0,PFBS,-0.124112394901186,0.734435787492499,False,down
WBGene00009964,3,0.8,PFBS,-0.615276237939781,0.734435787492499,False,down
WBGene00002136,3,1.0,PFBS,-0.198953959268396,0.734909665306474,False,down
WBGene00000056,3,0.8666666666666667,PFBS,0.154291120290509,0.735764751937877,False,up
WBGene00017754,3,0.9666666666666667,PFBS,-0.234380590464035,0.735777957038701,False,down
WBGene00013164,3,1.0,PFBS,-0.0814428730006029,0.735921572421016,False,down
WBGene00044677,3,1.0,PFBS,0.178892575463107,0.735976537172842,False,up
WBGene00119203,3,0.5333333333333333,PFBS,0.119131528418202,0.735976537172842,False,up
WBGene00012854,3,0.9666666666666667,PFBS,0.0701099009399538,0.736869211411565,False,up
WBGene00017615,3,0.9666666666666667,PFBS,0.470919444958297,0.737651753399676,False,up
WBGene00009312,3,1.0,PFBS,0.385259448285243,0.737651753399676,False,up
WBGene00017646,3,0.9,PFBS,0.0643283709192916,0.737651753399676,False,up
WBGene00018586,3,1.0,PFBS,0.0504379497184992,0.737651753399676,False,up
WBGene00002132,3,1.0,PFBS,-0.0740920839571323,0.737651753399676,False,down
WBGene00020689,3,0.9666666666666667,PFBS,-0.111836657566523,0.737651753399676,False,down
WBGene00010746,3,0.7333333333333333,PFBS,-0.64121423216861,0.737651753399676,False,down
WBGene00016622,3,1.0,PFBS,0.0592846867560307,0.737720870671324,False,up
WBGene00015577,3,0.8333333333333334,PFBS,0.0902585568378523,0.738595911007664,False,up
WBGene00016630,3,0.9666666666666667,PFBS,-0.114102858412778,0.738595911007664,False,down
WBGene00010752,3,1.0,PFBS,0.208050311831599,0.738699785079041,False,up
WBGene00001891,3,0.6333333333333333,PFBS,-0.175783610280181,0.738808888400136,False,down
WBGene00000862,3,1.0,PFBS,0.12014852888536,0.738866862578325,False,up
WBGene00010446,3,0.9666666666666667,PFBS,0.368345625290451,0.739642905667625,False,up
WBGene00235274,3,1.0,PFBS,0.1943416517999,0.740089980822858,False,up
WBGene00021641,3,0.9666666666666667,PFBS,0.253282667342633,0.740161484155605,False,up
WBGene00012404,3,1.0,PFBS,-0.183179755847825,0.740161484155605,False,down
WBGene00012929,3,0.7,PFBS,0.0419696607502657,0.74022105224534,False,up
WBGene00001329,3,0.9,PFBS,0.049911958393082,0.742390004903807,False,up
WBGene00022402,3,0.9333333333333333,PFBS,-0.0734243472458697,0.743168414802012,False,down
WBGene00016116,3,0.9,PFBS,0.0523313752651957,0.743494880339635,False,up
WBGene00006959,3,1.0,PFBS,0.0601274373717038,0.744202234013231,False,up
WBGene00018492,3,1.0,PFBS,0.144968782500833,0.74537418660769,False,up
WBGene00008748,3,0.9,PFBS,0.0690182725161839,0.74537418660769,False,up
WBGene00043982,3,0.9666666666666667,PFBS,0.202943291345866,0.746255059603562,False,up
WBGene00269421,3,1.0,PFBS,0.111294919708333,0.746255059603562,False,up
WBGene00007336,3,0.9666666666666667,PFBS,0.0832802843489715,0.746255059603562,False,up
WBGene00000554,3,1.0,PFBS,0.0579878454500392,0.746255059603562,False,up
WBGene00005246,3,0.9,PFBS,0.267909744452156,0.746546509166488,False,up
WBGene00005132,3,0.6,PFBS,0.31888260846663,0.746787032080946,False,up
WBGene00015560,3,0.9,PFBS,-0.133123647857876,0.747637839530633,False,down
WBGene00020698,3,1.0,PFBS,-0.259485451211504,0.747637839530633,False,down
WBGene00003064,3,0.9333333333333333,PFBS,-0.0792027669827137,0.748421994808841,False,down
WBGene00013588,3,0.7333333333333333,PFBS,-0.0699332772632969,0.748433984202279,False,down
WBGene00010979,3,1.0,PFBS,-0.165141529135015,0.748433984202279,False,down
WBGene00017315,3,1.0,PFBS,0.621326496008367,0.748806131105117,False,up
WBGene00000726,3,1.0,PFBS,0.189830093973475,0.749076590553394,False,up
WBGene00007351,3,0.9,PFBS,0.244796155940688,0.750019208372846,False,up
WBGene00016169,3,0.9666666666666667,PFBS,0.160061641368184,0.750019208372846,False,up
WBGene00017908,3,1.0,PFBS,0.115948085616511,0.750019208372846,False,up
WBGene00044239,3,1.0,PFBS,-0.473748817610152,0.750146784493523,False,down
WBGene00021557,3,1.0,PFBS,-0.502172045904689,0.750146784493523,False,down
WBGene00020157,3,0.5333333333333333,PFBS,0.219904202947897,0.751266931356792,False,up
WBGene00022191,3,0.9,PFBS,0.161527880670604,0.751266931356792,False,up
WBGene00019329,3,0.8,PFBS,0.122399332586006,0.751266931356792,False,up
WBGene00002052,3,0.9,PFBS,0.0802927107507508,0.751266931356792,False,up
WBGene00013870,3,1.0,PFBS,-0.110266687771597,0.751678569764492,False,down
WBGene00202512,3,1.0,PFBS,0.289649957703903,0.751711054049727,False,up
WBGene00011964,3,1.0,PFBS,0.0788338838760103,0.752304781361097,False,up
WBGene00020386,3,1.0,PFBS,0.371564704581143,0.753517352833414,False,up
WBGene00043702,3,1.0,PFBS,-0.207644629993027,0.753795087843429,False,down
WBGene00009258,3,0.9666666666666667,PFBS,0.140904724835588,0.754154450762881,False,up
WBGene00018601,3,1.0,PFBS,0.9504150587405,0.755000029231348,False,up
WBGene00010592,3,0.9,PFBS,0.156776305015466,0.755000029231348,False,up
WBGene00011299,3,1.0,PFBS,0.102156263578105,0.755000029231348,False,up
WBGene00010664,3,0.9666666666666667,PFBS,0.0529568879468489,0.755000029231348,False,up
WBGene00004215,3,0.9666666666666667,PFBS,0.0455762282572109,0.755000029231348,False,up
WBGene00012674,3,1.0,PFBS,0.0877643014551246,0.755562864001446,False,up
WBGene00020361,3,1.0,PFBS,-0.30651864404069,0.755700027344638,False,down
WBGene00044570,3,0.9666666666666667,PFBS,0.167612203254197,0.756208418949517,False,up
WBGene00050904,3,1.0,PFBS,-0.146188129411466,0.756208418949517,False,down
WBGene00018232,3,1.0,PFBS,-0.245932308087085,0.756259682099055,False,down
WBGene00001934,3,0.6666666666666666,PFBS,-0.203833971055392,0.757702229781874,False,down
WBGene00012605,3,1.0,PFBS,-0.29683585411911,0.75781841956689,False,down
WBGene00001562,3,1.0,PFBS,0.0568694225792596,0.758590992605702,False,up
WBGene00013637,3,1.0,PFBS,0.149001395674367,0.759365478390672,False,up
WBGene00001410,3,1.0,PFBS,0.132066459494331,0.759365478390672,False,up
WBGene00001366,3,1.0,PFBS,-0.0480940737151876,0.759365478390672,False,down
WBGene00019713,3,1.0,PFBS,-0.061984686477766,0.759365478390672,False,down
WBGene00022476,3,1.0,PFBS,-1.08047584151135,0.759365478390672,False,down
WBGene00001324,3,1.0,PFBS,-0.0565209529050991,0.759455929245525,False,down
WBGene00175027,3,0.9666666666666667,PFBS,-0.283644987812788,0.759587830133674,False,down
WBGene00021244,3,1.0,PFBS,0.233115440270509,0.760788422416913,False,up
WBGene00020673,3,1.0,PFBS,0.0883033747534759,0.760788422416913,False,up
WBGene00013243,3,1.0,PFBS,0.0675553664405596,0.760788422416913,False,up
WBGene00009780,3,1.0,PFBS,0.146357891367734,0.761191699044188,False,up
WBGene00016417,3,0.5333333333333333,PFBS,0.125169631221327,0.761191699044188,False,up
WBGene00017826,3,0.9,PFBS,-0.0641609709073874,0.761191699044188,False,down
WBGene00000819,3,1.0,PFBS,-0.427610479747582,0.761191699044188,False,down
WBGene00009176,3,1.0,PFBS,-0.0941925944738169,0.761564390928121,False,down
WBGene00017041,3,0.9,PFBS,0.193409549663138,0.761711728058222,False,up
WBGene00235352,3,0.9666666666666667,PFBS,-0.130958547943775,0.762137504732284,False,down
WBGene00012838,3,1.0,PFBS,-0.293511041950553,0.762386245619534,False,down
WBGene00017142,3,1.0,PFBS,0.182932501945533,0.762657470175127,False,up
WBGene00015601,3,1.0,PFBS,0.49264560188427,0.763305867284472,False,up
WBGene00005182,3,1.0,PFBS,0.231540326611567,0.763355633341134,False,up
WBGene00016244,3,1.0,PFBS,0.0603227955503257,0.763511526427052,False,up
WBGene00022648,3,0.6333333333333333,PFBS,0.214829054862463,0.763858887507715,False,up
WBGene00006677,3,1.0,PFBS,0.133472168385335,0.763858887507715,False,up
WBGene00010911,3,1.0,PFBS,-0.0626937571562762,0.763858887507715,False,down
WBGene00020449,3,1.0,PFBS,-0.164193752504345,0.763858887507715,False,down
WBGene00021589,3,1.0,PFBS,0.185410798484088,0.764116252223086,False,up
WBGene00021375,3,1.0,PFBS,0.102497610200912,0.764116252223086,False,up
WBGene00004040,3,0.7,PFBS,-0.0426854619503236,0.764116252223086,False,down
WBGene00011545,3,1.0,PFBS,-0.0971945302343212,0.764116252223086,False,down
WBGene00001117,3,0.9333333333333333,PFBS,0.109630043534074,0.764410290239311,False,up
WBGene00018470,3,1.0,PFBS,0.199990644926904,0.76473588544413,False,up
WBGene00012546,3,0.9,PFBS,0.103913370648835,0.764807031122831,False,up
WBGene00006497,3,1.0,PFBS,0.0629200843103203,0.764807031122831,False,up
WBGene00015593,3,1.0,PFBS,0.205554584214244,0.765488089610772,False,up
WBGene00012791,3,1.0,PFBS,-0.27134357077619,0.765558233163965,False,down
WBGene00004748,3,0.9666666666666667,PFBS,-0.202361461373089,0.765634118767562,False,down
WBGene00008020,3,0.9666666666666667,PFBS,-0.134947669270271,0.765818190335277,False,down
WBGene00010335,3,1.0,PFBS,-0.116735365379812,0.765826014934313,False,down
WBGene00019888,3,0.9,PFBS,0.0463890141569145,0.766065420778593,False,up
WBGene00005117,3,0.9,PFBS,0.710032421245818,0.766322908631074,False,up
WBGene00012856,3,0.7,PFBS,0.251783486439033,0.766322908631074,False,up
WBGene00007133,3,0.6333333333333333,PFBS,-0.134900399121481,0.766322908631074,False,down
WBGene00010342,3,1.0,PFBS,-0.160591910789498,0.766322908631074,False,down
WBGene00020801,3,1.0,PFBS,0.100252198135266,0.766553104541134,False,up
WBGene00013586,3,0.9666666666666667,PFBS,0.774139142526586,0.76675486349089,False,up
WBGene00008711,3,1.0,PFBS,0.135085824737722,0.766970924958063,False,up
WBGene00015216,3,0.9,PFBS,-0.206393601229834,0.76820420413956,False,down
WBGene00003639,3,0.9666666666666667,PFBS,0.051427030632962,0.768700084555726,False,up
WBGene00013576,3,0.9333333333333333,PFBS,-0.113847608453572,0.76875949991362,False,down
WBGene00014669,3,0.9666666666666667,PFBS,0.0863922463992407,0.768777846237214,False,up
WBGene00007525,3,0.9333333333333333,PFBS,0.221859201648036,0.770165736782596,False,up
WBGene00021072,3,0.9666666666666667,PFBS,-0.367537769107857,0.770464244034885,False,down
WBGene00017076,3,1.0,PFBS,0.122285531869941,0.770495013071576,False,up
WBGene00018468,3,1.0,PFBS,-0.104137171404022,0.770495013071576,False,down
WBGene00003839,3,1.0,PFBS,0.119269584572817,0.770998572513568,False,up
WBGene00271817,3,0.9666666666666667,PFBS,-0.310047927833156,0.770998572513568,False,down
WBGene00012394,3,1.0,PFBS,0.242252250502072,0.771390722402499,False,up
WBGene00002094,3,1.0,PFBS,0.390246036213678,0.771619226773764,False,up
WBGene00013484,3,1.0,PFBS,0.166380400792129,0.772313871523706,False,up
WBGene00020852,3,1.0,PFBS,0.0702599599935157,0.772469399757457,False,up
WBGene00021412,3,0.9666666666666667,PFBS,-0.232856252213561,0.773141812243834,False,down
WBGene00008476,3,1.0,PFBS,0.135734654100475,0.773611993406588,False,up
WBGene00020943,3,1.0,PFBS,0.303082193610922,0.773701025364594,False,up
WBGene00009840,3,0.9666666666666667,PFBS,0.203333580874026,0.774919024939875,False,up
WBGene00017512,3,0.6333333333333333,PFBS,-0.12195027400702,0.775644786943844,False,down
WBGene00004829,3,1.0,PFBS,0.0432830254979133,0.775961446524082,False,up
WBGene00011566,3,0.9666666666666667,PFBS,0.23623178471596,0.77717097871287,False,up
WBGene00019115,3,0.9,PFBS,0.136906164600268,0.77717097871287,False,up
WBGene00001884,3,0.9,PFBS,-0.246669671451277,0.77717097871287,False,down
WBGene00009390,3,1.0,PFBS,0.324205637615942,0.777205990452454,False,up
WBGene00009811,3,1.0,PFBS,0.33828689219191,0.777662865806447,False,up
WBGene00015747,3,1.0,PFBS,0.129503467544157,0.777993561033885,False,up
WBGene00020043,3,1.0,PFBS,-0.136312415522775,0.778458795356464,False,down
WBGene00021948,3,0.9666666666666667,PFBS,0.0846754675315,0.779333689799645,False,up
WBGene00021926,3,1.0,PFBS,0.0575054575586997,0.779364297877075,False,up
WBGene00018931,3,0.9,PFBS,0.202633187285585,0.779417577501533,False,up
WBGene00012852,3,1.0,PFBS,0.130900853605782,0.779417577501533,False,up
WBGene00020678,3,1.0,PFBS,0.102606774559215,0.779417577501533,False,up
WBGene00001135,3,1.0,PFBS,0.0666234275853495,0.779417577501533,False,up
WBGene00016872,3,0.9,PFBS,0.128018736176072,0.779418304431865,False,up
WBGene00003726,3,1.0,PFBS,-0.0926120462555973,0.779418304431865,False,down
WBGene00016945,3,1.0,PFBS,0.119043710349024,0.780163776165762,False,up
WBGene00021297,3,1.0,PFBS,-0.365791462082099,0.780163776165762,False,down
WBGene00012595,3,0.9333333333333333,PFBS,0.257161938210844,0.780506729297504,False,up
WBGene00021163,3,1.0,PFBS,0.161827759738296,0.780506729297504,False,up
WBGene00017964,3,1.0,PFBS,0.135654979822075,0.780506729297504,False,up
WBGene00006778,3,1.0,PFBS,0.108123627647556,0.780506729297504,False,up
WBGene00007620,3,0.9666666666666667,PFBS,0.0584542000140599,0.780506729297504,False,up
WBGene00000466,3,0.9666666666666667,PFBS,0.0487427156782437,0.780506729297504,False,up
WBGene00018149,3,1.0,PFBS,-0.078704394399389,0.780506729297504,False,down
WBGene00016621,3,1.0,PFBS,-0.0872793678129668,0.780506729297504,False,down
WBGene00001537,3,0.9333333333333333,PFBS,-0.0962564170789198,0.780506729297504,False,down
WBGene00011801,3,1.0,PFBS,-0.109689507438459,0.780506729297504,False,down
WBGene00020865,3,0.8333333333333334,PFBS,-0.113147098120494,0.780506729297504,False,down
WBGene00019343,3,1.0,PFBS,-0.207816510950259,0.780506729297504,False,down
WBGene00019262,3,1.0,PFBS,-0.394180773082683,0.780506729297504,False,down
WBGene00005655,3,1.0,PFBS,0.0867280156709592,0.780595647943559,False,up
WBGene00003918,3,0.9,PFBS,-0.0551130714197594,0.780740210362645,False,down
WBGene00011213,3,1.0,PFBS,0.125783281036966,0.78239192951145,False,up
WBGene00017828,3,0.9,PFBS,0.0790237884594302,0.783338397356976,False,up
WBGene00022713,3,1.0,PFBS,0.60766168064587,0.783482853653412,False,up
WBGene00219376,3,1.0,PFBS,0.302858839417829,0.783938910991846,False,up
WBGene00018410,3,1.0,PFBS,0.299258099214666,0.783938910991846,False,up
WBGene00001750,3,0.9666666666666667,PFBS,0.218288801484985,0.783938910991846,False,up
WBGene00019153,3,0.9666666666666667,PFBS,0.180635422034362,0.783938910991846,False,up
WBGene00006987,3,0.5,PFBS,0.171275123480977,0.783938910991846,False,up
WBGene00021340,3,1.0,PFBS,0.114841927747756,0.783938910991846,False,up
WBGene00013077,3,1.0,PFBS,0.0643122527214417,0.783938910991846,False,up
WBGene00006827,3,0.6333333333333333,PFBS,0.0622784112968712,0.783938910991846,False,up
WBGene00022410,3,1.0,PFBS,0.061037350185603,0.783938910991846,False,up
WBGene00018869,3,1.0,PFBS,0.0343245748776593,0.783938910991846,False,up
WBGene00043060,3,1.0,PFBS,-0.0725669952799305,0.783938910991846,False,down
WBGene00016530,3,0.9666666666666667,PFBS,-0.0859766834848252,0.783938910991846,False,down
WBGene00009973,3,1.0,PFBS,0.0908700102168262,0.784056204065936,False,up
WBGene00015148,3,0.9666666666666667,PFBS,0.0602085241138757,0.784762235760348,False,up
WBGene00012821,3,0.8666666666666667,PFBS,-0.147988990630989,0.785002070886583,False,down
WBGene00022868,3,1.0,PFBS,0.104248922391807,0.785684423003679,False,up
WBGene00000276,3,1.0,PFBS,0.0570556417989434,0.78647423665631,False,up
WBGene00008783,3,0.9,PFBS,0.0903202585619859,0.78650455374104,False,up
WBGene00044556,3,1.0,PFBS,0.104868654970223,0.786767248013167,False,up
WBGene00007452,3,1.0,PFBS,-0.182148688598235,0.786767248013167,False,down
WBGene00012441,3,1.0,PFBS,-0.215629256480417,0.786857307519056,False,down
WBGene00008002,3,1.0,PFBS,-0.217245811316443,0.786857307519056,False,down
WBGene00007595,3,1.0,PFBS,0.167058961874823,0.787018343501271,False,up
WBGene00005716,3,1.0,PFBS,-0.279902826840695,0.787024451373831,False,down
WBGene00009308,3,0.9666666666666667,PFBS,0.467006042100742,0.787323327424155,False,up
WBGene00005542,3,1.0,PFBS,0.226906456121151,0.787323327424155,False,up
WBGene00012084,3,1.0,PFBS,0.0949467605611256,0.787323327424155,False,up
WBGene00007389,3,1.0,PFBS,0.0733839496555502,0.787323327424155,False,up
WBGene00006874,3,0.6333333333333333,PFBS,0.0589425246739758,0.787323327424155,False,up
WBGene00015163,3,1.0,PFBS,0.055525316218785,0.787323327424155,False,up
WBGene00019394,3,1.0,PFBS,-0.0712635346037591,0.787323327424155,False,down
WBGene00014055,3,1.0,PFBS,-0.079195613118487,0.787323327424155,False,down
WBGene00016565,3,1.0,PFBS,-0.0796887293331495,0.787323327424155,False,down
WBGene00004006,3,1.0,PFBS,-0.0829793377085547,0.787323327424155,False,down
WBGene00000484,3,1.0,PFBS,-0.11799878495563,0.787323327424155,False,down
WBGene00021516,3,1.0,PFBS,-0.277447675795777,0.787323327424155,False,down
WBGene00010754,3,1.0,PFBS,-0.442835283109853,0.787323327424155,False,down
WBGene00000035,3,0.9,PFBS,-0.0601009171901483,0.78825913778587,False,down
WBGene00005262,3,0.7333333333333333,PFBS,0.247653015965779,0.78830986407087,False,up
WBGene00020586,3,0.5,PFBS,0.118789228553626,0.78830986407087,False,up
WBGene00021491,3,1.0,PFBS,-0.476986959519625,0.788460763166975,False,down
WBGene00017868,3,1.0,PFBS,0.287658949082733,0.78862020792562,False,up
WBGene00008569,3,0.9333333333333333,PFBS,0.11650371352154,0.78862020792562,False,up
WBGene00013830,3,1.0,PFBS,0.227671482727431,0.789407384137709,False,up
WBGene00019877,3,0.9,PFBS,0.0569320305804312,0.790206508218625,False,up
WBGene00010540,3,1.0,PFBS,-0.0728192123851486,0.790206508218625,False,down
WBGene00008009,3,1.0,PFBS,-0.463919081098546,0.790206508218625,False,down
WBGene00007868,3,1.0,PFBS,-0.472916292519209,0.790324797680733,False,down
WBGene00006777,3,1.0,PFBS,0.0438207597371746,0.790571084649066,False,up
WBGene00016329,3,1.0,PFBS,0.472491942846727,0.790879802803944,False,up
WBGene00013923,3,1.0,PFBS,0.130556526550479,0.790879802803944,False,up
WBGene00008587,3,1.0,PFBS,0.110716609992294,0.790879802803944,False,up
WBGene00009406,3,1.0,PFBS,0.10346908124901,0.790879802803944,False,up
WBGene00015621,3,0.9,PFBS,0.0921448510977006,0.790879802803944,False,up
WBGene00019456,3,0.7666666666666667,PFBS,0.0711260038678246,0.790879802803944,False,up
WBGene00001447,3,0.9666666666666667,PFBS,0.0700783942063816,0.790879802803944,False,up
WBGene00012151,3,1.0,PFBS,-0.160841492240256,0.790879802803944,False,down
WBGene00016429,3,1.0,PFBS,-0.247015306383082,0.790879802803944,False,down
WBGene00195154,3,1.0,PFBS,-0.311506865784383,0.790879802803944,False,down
WBGene00016199,3,0.9666666666666667,PFBS,0.210906806513921,0.791469083344523,False,up
WBGene00016172,3,0.9,PFBS,0.0811189291257586,0.791469083344523,False,up
WBGene00001899,3,1.0,PFBS,-0.169629369029123,0.791469083344523,False,down
WBGene00012699,3,1.0,PFBS,-0.304774051252226,0.79219557459291,False,down
WBGene00004811,3,1.0,PFBS,0.320559639093318,0.792274326636797,False,up
WBGene00001131,3,0.5,PFBS,-0.0445728113188512,0.792274326636797,False,down
WBGene00015605,3,0.6,PFBS,0.13188197709557,0.793140958179647,False,up
WBGene00020903,3,1.0,PFBS,0.112097807313026,0.793441516574605,False,up
WBGene00016977,3,0.6666666666666666,PFBS,0.0403830344052175,0.793441516574605,False,up
WBGene00019741,3,0.7666666666666667,PFBS,-0.0753708215503795,0.793584229046823,False,down
WBGene00004265,3,1.0,PFBS,0.0631576725463765,0.794673690993654,False,up
WBGene00008195,3,1.0,PFBS,-0.0719505585852272,0.794718263999977,False,down
WBGene00022554,3,0.9666666666666667,PFBS,-0.0585164011193542,0.795046187784039,False,down
WBGene00018369,3,1.0,PFBS,0.0502656744052025,0.795416055216128,False,up
WBGene00011590,3,1.0,PFBS,0.0927707324959893,0.796338930858646,False,up
WBGene00022823,3,0.9666666666666667,PFBS,-0.0935163206658826,0.79635210050435,False,down
WBGene00018102,3,1.0,PFBS,0.412286466742973,0.797683942888173,False,up
WBGene00000051,3,0.9,PFBS,0.0793390128864444,0.797683942888173,False,up
WBGene00007758,3,0.6666666666666666,PFBS,-0.245333675896815,0.797683942888173,False,down
WBGene00021654,3,1.0,PFBS,-0.224528530179486,0.798534086806276,False,down
WBGene00008667,3,0.9,PFBS,-0.0942789441789365,0.798775353721963,False,down
WBGene00013859,3,1.0,PFBS,-0.122452906818329,0.798775353721963,False,down
WBGene00017054,3,0.9,PFBS,0.128465043317457,0.798798718109769,False,up
WBGene00011116,3,1.0,PFBS,-0.068230827905872,0.798919642877602,False,down
WBGene00011021,3,1.0,PFBS,0.116676840887823,0.799249476012492,False,up
WBGene00017973,3,0.8666666666666667,PFBS,0.0951832260928255,0.800366023510993,False,up
WBGene00003386,3,1.0,PFBS,-0.0688008944221765,0.800980950422477,False,down
WBGene00001374,3,0.9666666666666667,PFBS,-0.0606233180423504,0.801531449048173,False,down
WBGene00003849,3,1.0,PFBS,0.0732299925948752,0.802023409594318,False,up
WBGene00020684,3,1.0,PFBS,-0.15739275046465,0.80250043125123,False,down
WBGene00011809,3,1.0,PFBS,0.330097953994068,0.802749426167054,False,up
WBGene00000457,3,1.0,PFBS,0.161874525311978,0.803239970494699,False,up
WBGene00235340,3,1.0,PFBS,-0.0787650879598796,0.803239970494699,False,down
WBGene00006226,3,1.0,PFBS,0.315817856450038,0.803713103923838,False,up
WBGene00022288,3,1.0,PFBS,-0.198016523772313,0.803713103923838,False,down
WBGene00017361,3,0.6333333333333333,PFBS,0.231909779717907,0.803963889931523,False,up
WBGene00015263,3,1.0,PFBS,0.0875948482378403,0.803963889931523,False,up
WBGene00012622,3,1.0,PFBS,-0.182502008923024,0.804513337877381,False,down
WBGene00010781,3,1.0,PFBS,0.200592830878767,0.804936488871586,False,up
WBGene00015611,3,1.0,PFBS,0.227649144469393,0.804997567837523,False,up
WBGene00012259,3,1.0,PFBS,0.0828181701107583,0.804997567837523,False,up
WBGene00010717,3,1.0,PFBS,0.54906142491158,0.805038229345822,False,up
WBGene00008298,3,0.9,PFBS,-0.0515554625332892,0.805586966887019,False,down
WBGene00008956,3,1.0,PFBS,0.0725640212954364,0.806336452602925,False,up
WBGene00018700,3,1.0,PFBS,-0.0373229455037242,0.806336452602925,False,down
WBGene00008726,3,0.9666666666666667,PFBS,-0.150376735427285,0.806336452602925,False,down
WBGene00015710,3,1.0,PFBS,0.0911110247269477,0.806739165932232,False,up
WBGene00018356,3,0.7,PFBS,0.0646482282965025,0.806739165932232,False,up
WBGene00044035,3,1.0,PFBS,-0.235490987504344,0.806791238859223,False,down
WBGene00013034,3,0.9666666666666667,PFBS,0.0276359834942767,0.807859810217209,False,up
WBGene00000289,3,1.0,PFBS,0.0328759436618281,0.808878320733154,False,up
WBGene00019018,3,0.7,PFBS,0.0484550287814756,0.809196443286714,False,up
WBGene00009930,3,1.0,PFBS,-0.0669087694261722,0.809370828358952,False,down
WBGene00012097,3,0.8333333333333334,PFBS,0.0582197442707936,0.809429343004767,False,up
WBGene00015478,3,1.0,PFBS,0.0595530733327819,0.809633023247817,False,up
WBGene00016016,3,1.0,PFBS,-0.352082791876241,0.809633023247817,False,down
WBGene00018728,3,1.0,PFBS,0.122984588885533,0.810110874708456,False,up
WBGene00010367,3,0.9,PFBS,0.0986046306732115,0.810110874708456,False,up
WBGene00019779,3,0.6333333333333333,PFBS,-0.14541966249571,0.810407726205708,False,down
WBGene00000934,3,1.0,PFBS,0.0842562076439692,0.810602287282505,False,up
WBGene00013709,3,0.9,PFBS,0.0372944396390647,0.810877774724528,False,up
WBGene00018005,3,1.0,PFBS,-0.100634087438526,0.811776163192488,False,down
WBGene00020746,3,0.9333333333333333,PFBS,0.272115330523242,0.811803562736338,False,up
WBGene00012135,3,1.0,PFBS,0.166578352032702,0.811803562736338,False,up
WBGene00022838,3,0.9666666666666667,PFBS,-0.1826977322477,0.812117731857244,False,down
WBGene00008613,3,1.0,PFBS,-0.165929585204853,0.812724108993071,False,down
WBGene00000853,3,1.0,PFBS,-0.169247086852944,0.812724108993071,False,down
WBGene00016903,3,0.9,PFBS,-0.0926499553425084,0.81397935967621,False,down
WBGene00020448,3,0.9,PFBS,0.177827714258208,0.814086305342759,False,up
WBGene00010850,3,1.0,PFBS,-0.0965955168285046,0.81448928630618,False,down
WBGene00006306,3,1.0,PFBS,0.0458642391630074,0.814964586272649,False,up
WBGene00007495,3,0.7,PFBS,0.115240114668002,0.815557678103176,False,up
WBGene00013934,3,1.0,PFBS,0.0570224130317222,0.815582659870982,False,up
WBGene00013378,3,1.0,PFBS,-0.0300008309225544,0.815582659870982,False,down
WBGene00013609,3,1.0,PFBS,-0.0882134748206008,0.816537083653147,False,down
WBGene00003548,3,0.9,PFBS,0.289017697319496,0.817052797974231,False,up
WBGene00011070,3,1.0,PFBS,0.0565267977390328,0.817052797974231,False,up
WBGene00019332,3,0.5333333333333333,PFBS,-0.0936644015787992,0.817052797974231,False,down
WBGene00018043,3,1.0,PFBS,0.205348846031059,0.817366060175152,False,up
WBGene00044586,3,1.0,PFBS,0.144700912590622,0.817366060175152,False,up
WBGene00000563,3,1.0,PFBS,0.178701470432347,0.817378116970627,False,up
WBGene00000244,3,0.7,PFBS,-0.0885313721672129,0.817470529550867,False,down
WBGene00017260,3,1.0,PFBS,0.110081159191859,0.817691943913345,False,up
WBGene00008352,3,0.7,PFBS,-0.121812608381079,0.817691943913345,False,down
WBGene00018099,3,0.6333333333333333,PFBS,-0.207598908607642,0.817691943913345,False,down
WBGene00004328,3,0.9666666666666667,PFBS,-0.139242482087119,0.817865724273032,False,down
WBGene00000259,3,1.0,PFBS,0.0415751659350053,0.81816133470301,False,up
WBGene00018031,3,0.9666666666666667,PFBS,-0.341770996472691,0.818207606233446,False,down
WBGene00020929,3,1.0,PFBS,-0.0629750312387444,0.818524630998408,False,down
WBGene00007409,3,1.0,PFBS,-0.0662297350696921,0.818524630998408,False,down
WBGene00021038,3,0.9,PFBS,-0.1221027388276,0.818524630998408,False,down
WBGene00001594,3,1.0,PFBS,-0.0514184930750814,0.818662680388104,False,down
WBGene00009202,3,0.5,PFBS,-0.227266844786467,0.818662680388104,False,down
WBGene00001723,3,1.0,PFBS,0.203580882540827,0.819709577984862,False,up
WBGene00022647,3,1.0,PFBS,0.0552807908901425,0.820576124159666,False,up
WBGene00019139,3,0.9333333333333333,PFBS,0.188562043122903,0.820729865740856,False,up
WBGene00009778,3,0.9,PFBS,0.205505724195432,0.82167788438453,False,up
WBGene00012626,3,1.0,PFBS,0.078641408990883,0.82167788438453,False,up
WBGene00005271,3,0.9,PFBS,-0.196498778625592,0.821739056572596,False,down
WBGene00018108,3,0.9,PFBS,-0.353177031068565,0.821739056572596,False,down
WBGene00004876,3,0.9,PFBS,0.077437989777181,0.822252968940934,False,up
WBGene00017367,3,0.7,PFBS,0.0732098700271391,0.822353438539747,False,up
WBGene00009558,3,1.0,PFBS,0.0576168006219699,0.823105995065007,False,up
WBGene00018261,3,0.9666666666666667,PFBS,0.136848717065972,0.823515918603456,False,up
WBGene00010321,3,0.9333333333333333,PFBS,0.0976925643909789,0.824218715911808,False,up
WBGene00021339,3,1.0,PFBS,0.183898997355485,0.824625138939379,False,up
WBGene00017618,3,0.7,PFBS,0.107734650075832,0.824625138939379,False,up
WBGene00003593,3,0.9333333333333333,PFBS,0.0519889848269645,0.824625138939379,False,up
WBGene00012920,3,0.5,PFBS,0.113054779801843,0.824854333060542,False,up
WBGene00045255,3,1.0,PFBS,0.0774149235019084,0.825610161586586,False,up
WBGene00021653,3,0.9666666666666667,PFBS,-0.28395349524419,0.825618118489945,False,down
WBGene00044353,3,1.0,PFBS,-0.172137998393061,0.826020190594121,False,down
WBGene00003807,3,0.7666666666666667,PFBS,0.108023035772519,0.826244860093079,False,up
WBGene00012564,3,1.0,PFBS,0.141472511948441,0.826274760531843,False,up
WBGene00011988,3,1.0,PFBS,-0.140737992986055,0.826274760531843,False,down
WBGene00016997,3,0.8666666666666667,PFBS,0.10185254572144,0.826369404033165,False,up
WBGene00010131,3,1.0,PFBS,-0.0485214671373674,0.826369404033165,False,down
WBGene00008310,3,0.7333333333333333,PFBS,-0.098681360896936,0.826369404033165,False,down
WBGene00020374,3,0.9,PFBS,-0.0823742273380368,0.826414968284023,False,down
WBGene00021127,3,0.9,PFBS,0.118681333805669,0.826424359497485,False,up
WBGene00018104,3,0.7333333333333333,PFBS,0.312774139178591,0.826503111790629,False,up
WBGene00012132,3,0.9666666666666667,PFBS,0.116409390005916,0.826503111790629,False,up
WBGene00012606,3,1.0,PFBS,0.0824478712059322,0.826503111790629,False,up
WBGene00006452,3,0.9666666666666667,PFBS,-0.0428287571294323,0.826503111790629,False,down
WBGene00043988,3,0.9333333333333333,PFBS,-0.0714693338424544,0.826503111790629,False,down
WBGene00017091,3,1.0,PFBS,-0.173834968252681,0.826503111790629,False,down
WBGene00003620,3,0.9333333333333333,PFBS,0.156361298250204,0.827136478872562,False,up
WBGene00018622,3,1.0,PFBS,0.0988735602065679,0.827136478872562,False,up
WBGene00020594,3,0.9666666666666667,PFBS,0.282388425312888,0.828028418093524,False,up
WBGene00020019,3,1.0,PFBS,0.258600073341656,0.828028418093524,False,up
WBGene00303233,3,0.6333333333333333,PFBS,-0.291158081881883,0.828028418093524,False,down
WBGene00012413,3,0.5,PFBS,0.297235951685914,0.828565741095281,False,up
WBGene00003248,3,0.9,PFBS,-0.12278117117741,0.829013043044436,False,down
WBGene00021121,3,1.0,PFBS,-0.271603128502956,0.829013043044436,False,down
WBGene00017243,3,1.0,PFBS,0.186906343675777,0.829090145363841,False,up
WBGene00006688,3,1.0,PFBS,-0.2442955670152,0.829090145363841,False,down
WBGene00001778,3,0.9666666666666667,PFBS,0.243005728876144,0.829350341478151,False,up
WBGene00000650,3,0.9,PFBS,0.316622279289232,0.829412794804244,False,up
WBGene00017290,3,1.0,PFBS,0.0729905753902495,0.82963347185415,False,up
WBGene00045418,3,0.9,PFBS,0.0419676105488539,0.829740480074141,False,up
WBGene00017507,3,1.0,PFBS,-0.054815306857961,0.829740480074141,False,down
WBGene00013490,3,0.9666666666666667,PFBS,0.176839443230098,0.830191245499054,False,up
WBGene00194815,3,0.9666666666666667,PFBS,0.213842245677744,0.830424214903292,False,up
WBGene00003690,3,1.0,PFBS,-0.0416853251519013,0.830424214903292,False,down
WBGene00019324,3,0.9666666666666667,PFBS,0.0319118592590562,0.83075902586508,False,up
WBGene00020564,3,0.6,PFBS,0.146494174497394,0.830864441584739,False,up
WBGene00044006,3,1.0,PFBS,0.0873623997913491,0.830864441584739,False,up
WBGene00023404,3,1.0,PFBS,0.0563938545092716,0.830864441584739,False,up
WBGene00011858,3,0.7666666666666667,PFBS,0.0510123815792176,0.830864441584739,False,up
WBGene00001167,3,1.0,PFBS,-0.0353418472845007,0.830864441584739,False,down
WBGene00009867,3,1.0,PFBS,-0.210531001656736,0.830864441584739,False,down
WBGene00044066,3,0.6,PFBS,-0.356294685001912,0.830864441584739,False,down
WBGene00001779,3,1.0,PFBS,0.163994850237715,0.831006743515425,False,up
WBGene00043054,3,0.5666666666666667,PFBS,0.122079841520684,0.831011051869727,False,up
WBGene00007173,3,0.9666666666666667,PFBS,0.12532390601428,0.831328783880997,False,up
WBGene00001811,3,1.0,PFBS,0.0841551276590788,0.831328783880997,False,up
WBGene00015468,3,0.9666666666666667,PFBS,0.0379071273194412,0.831328783880997,False,up
WBGene00016318,3,1.0,PFBS,0.0374050832007346,0.831328783880997,False,up
WBGene00000262,3,0.7333333333333333,PFBS,-0.0714799163049785,0.831328783880997,False,down
WBGene00011677,3,0.9666666666666667,PFBS,-0.282734828499093,0.831328783880997,False,down
WBGene00008679,3,0.7333333333333333,PFBS,0.517119879969064,0.831547235533775,False,up
WBGene00019388,3,1.0,PFBS,0.249364508117817,0.831547235533775,False,up
WBGene00022108,3,1.0,PFBS,-0.204764476419071,0.831547235533775,False,down
WBGene00016119,3,1.0,PFBS,0.334223948668949,0.83173111649386,False,up
WBGene00019391,3,1.0,PFBS,-0.278424930648247,0.832115878265016,False,down
WBGene00011414,3,0.7333333333333333,PFBS,-0.300435719846208,0.832137381531991,False,down
WBGene00007849,3,1.0,PFBS,-0.080180606980196,0.832881581836395,False,down
WBGene00013136,3,1.0,PFBS,-0.0516830504142958,0.833138713117065,False,down
WBGene00000831,3,1.0,PFBS,0.0946951316236166,0.833425542342047,False,up
WBGene00002217,3,1.0,PFBS,0.0441833081996736,0.833425542342047,False,up
WBGene00005032,3,0.9,PFBS,0.167063794428526,0.834063936693787,False,up
WBGene00016884,3,1.0,PFBS,0.107171403179483,0.834196444881061,False,up
WBGene00002151,3,0.9666666666666667,PFBS,0.0866702023415604,0.834196444881061,False,up
WBGene00007155,3,0.9,PFBS,-0.0677086561130419,0.834196444881061,False,down
WBGene00021515,3,1.0,PFBS,0.0722183813579143,0.834261741960673,False,up
WBGene00015631,3,1.0,PFBS,0.113318969585046,0.834377205269531,False,up
WBGene00016006,3,1.0,PFBS,0.0389045479214267,0.834430361405852,False,up
WBGene00018611,3,1.0,PFBS,-0.0945087021667827,0.834430361405852,False,down
WBGene00006843,3,0.9666666666666667,PFBS,0.0591941327872495,0.834444441980244,False,up
WBGene00020426,3,0.9666666666666667,PFBS,0.0904193728393674,0.834949618398376,False,up
WBGene00010788,3,0.6,PFBS,0.0763551546977581,0.834949618398376,False,up
WBGene00014181,3,1.0,PFBS,0.0740919807204268,0.835379050778465,False,up
WBGene00000903,3,0.5666666666666667,PFBS,-0.0509054514849293,0.837004455708603,False,down
WBGene00004349,3,1.0,PFBS,0.0485671548828372,0.838729520452581,False,up
WBGene00000533,3,1.0,PFBS,0.0331553966448288,0.839093868337612,False,up
WBGene00008438,3,0.8666666666666667,PFBS,-0.0414369782929458,0.83929520209045,False,down
WBGene00045248,3,1.0,PFBS,0.11672933870674,0.83931461167297,False,up
WBGene00007953,3,1.0,PFBS,0.0934207654070944,0.83931461167297,False,up
WBGene00018665,3,1.0,PFBS,-0.156305599097317,0.839496519093771,False,down
WBGene00001173,3,1.0,PFBS,-0.0284789900897059,0.839503974480613,False,down
WBGene00011274,3,1.0,PFBS,-0.0623111456280431,0.839503974480613,False,down
WBGene00012137,3,1.0,PFBS,-0.143320196482531,0.839503974480613,False,down
WBGene00005612,3,1.0,PFBS,-0.654432384116123,0.839703066214743,False,down
WBGene00004212,3,1.0,PFBS,-0.0364203424098782,0.839725483198995,False,down
WBGene00011289,3,0.9666666666666667,PFBS,0.0572235730089631,0.840232923596517,False,up
WBGene00000906,3,0.9666666666666667,PFBS,0.0883231722185184,0.840839197358767,False,up
WBGene00012988,3,1.0,PFBS,0.0619880122606546,0.841168038578105,False,up
WBGene00017078,3,0.8333333333333334,PFBS,-0.0576249773791382,0.841168038578105,False,down
WBGene00023520,3,0.9666666666666667,PFBS,0.0690853003764875,0.841683084748007,False,up
WBGene00004131,3,1.0,PFBS,0.118963564354014,0.841762713044965,False,up
WBGene00010907,3,1.0,PFBS,0.0875397381380667,0.841762713044965,False,up
WBGene00019183,3,0.9,PFBS,-0.0939677015783968,0.842181484740906,False,down
WBGene00022873,3,1.0,PFBS,0.111295681264946,0.843109363569052,False,up
WBGene00021461,3,1.0,PFBS,0.0905701381046523,0.843293553733201,False,up
WBGene00021725,3,1.0,PFBS,0.140559176138839,0.843779885584342,False,up
WBGene00012692,3,1.0,PFBS,-0.0647648107039377,0.843779885584342,False,down
WBGene00001665,3,1.0,PFBS,0.0779650386596538,0.843888904476664,False,up
WBGene00022015,3,0.9666666666666667,PFBS,-0.0312402813452103,0.843888904476664,False,down
WBGene00018771,3,0.9666666666666667,PFBS,-0.138172913434351,0.843888904476664,False,down
WBGene00010654,3,1.0,PFBS,-0.279929216781786,0.843888904476664,False,down
WBGene00021256,3,1.0,PFBS,0.158590516732669,0.843904662666244,False,up
WBGene00023431,3,1.0,PFBS,0.202929761638359,0.844280920617691,False,up
WBGene00006819,3,1.0,PFBS,0.0335547985478658,0.844850300436557,False,up
WBGene00008255,3,1.0,PFBS,0.102688011132562,0.845054918656306,False,up
WBGene00015139,3,0.7666666666666667,PFBS,-0.0979058772498837,0.845526480290458,False,down
WBGene00020236,3,0.9,PFBS,-0.176073064786447,0.846125333725536,False,down
WBGene00009814,3,0.7333333333333333,PFBS,0.107363158578654,0.846217499879028,False,up
WBGene00006619,3,1.0,PFBS,-0.172594722435152,0.84716623018804,False,down
WBGene00000287,3,1.0,PFBS,0.0928771110159682,0.847189787170498,False,up
WBGene00012136,3,0.9666666666666667,PFBS,0.049559122665597,0.847189787170498,False,up
WBGene00007716,3,0.9666666666666667,PFBS,0.189481375564156,0.847747483891107,False,up
WBGene00015419,3,0.9333333333333333,PFBS,0.231734367248052,0.849016852007625,False,up
WBGene00005481,3,1.0,PFBS,0.250012759317172,0.849031358341386,False,up
WBGene00022330,3,0.9,PFBS,0.11240279226208,0.849164259385733,False,up
WBGene00019753,3,0.7666666666666667,PFBS,0.0799710621191823,0.849164259385733,False,up
WBGene00022720,3,1.0,PFBS,0.0905111648097806,0.849461905179609,False,up
WBGene00017920,3,0.9333333333333333,PFBS,0.0332304036461999,0.849682273902532,False,up
WBGene00004827,3,1.0,PFBS,0.107790636938917,0.850181359419768,False,up
WBGene00001158,3,1.0,PFBS,0.207855227321905,0.851420844182179,False,up
WBGene00007391,3,1.0,PFBS,0.104030683979243,0.851420844182179,False,up
WBGene00020373,3,1.0,PFBS,0.10255270949899,0.851420844182179,False,up
WBGene00004374,3,1.0,PFBS,0.0965123002439413,0.851420844182179,False,up
WBGene00001676,3,1.0,PFBS,0.0922266529937133,0.851483774957116,False,up
WBGene00003889,3,1.0,PFBS,0.0732075272954795,0.851483774957116,False,up
WBGene00003597,3,0.9,PFBS,0.0606531349371354,0.851483774957116,False,up
WBGene00001936,3,1.0,PFBS,-0.262334042264558,0.851483774957116,False,down
WBGene00012634,3,0.9666666666666667,PFBS,-0.259532163586413,0.8527731240541,False,down
WBGene00021316,3,0.9666666666666667,PFBS,-0.0468366750999038,0.852944207946594,False,down
WBGene00017095,3,1.0,PFBS,0.590911917437194,0.853476752288828,False,up
WBGene00001546,3,0.8,PFBS,-0.0653513082930784,0.853476752288828,False,down
WBGene00011215,3,1.0,PFBS,0.174090561190795,0.854524806063999,False,up
WBGene00001440,3,0.9333333333333333,PFBS,0.0955630050553872,0.854554069025137,False,up
WBGene00017771,3,1.0,PFBS,0.0608661530801817,0.854554069025137,False,up
WBGene00077751,3,1.0,PFBS,-0.256579887342784,0.854554069025137,False,down
WBGene00015919,3,1.0,PFBS,-0.0999744819819234,0.854654078559724,False,down
WBGene00016005,3,0.9,PFBS,0.0675036298498832,0.854719923635569,False,up
WBGene00001751,3,0.7333333333333333,PFBS,-0.0886012532924025,0.854719923635569,False,down
WBGene00001552,3,1.0,PFBS,-0.0796631487020811,0.85537520183024,False,down
WBGene00000814,3,1.0,PFBS,-0.036139011450124,0.855842951578836,False,down
WBGene00001556,3,1.0,PFBS,0.0884556068812088,0.85621309775274,False,up
WBGene00018615,3,1.0,PFBS,0.0795655877351739,0.856479878836513,False,up
WBGene00015386,3,0.9666666666666667,PFBS,0.264705356136288,0.857429856612844,False,up
WBGene00000664,3,0.9,PFBS,-0.135861647044043,0.857429856612844,False,down
WBGene00021468,3,1.0,PFBS,0.0552287704079807,0.857497290122646,False,up
WBGene00008510,3,1.0,PFBS,0.04415120823602,0.858041325726265,False,up
WBGene00022345,3,1.0,PFBS,-0.303723132627242,0.858141517320659,False,down
WBGene00045338,3,1.0,PFBS,-0.339712969764954,0.858141517320659,False,down
WBGene00020851,3,0.9666666666666667,PFBS,0.161289968224708,0.859846530230244,False,up
WBGene00015981,3,0.9666666666666667,PFBS,0.0827624185565488,0.860304762662887,False,up
WBGene00022825,3,0.9666666666666667,PFBS,0.0684382189991871,0.860304762662887,False,up
WBGene00019438,3,1.0,PFBS,-0.174350444120368,0.860304762662887,False,down
WBGene00022474,3,0.9666666666666667,PFBS,-0.0571802652066753,0.86100051097861,False,down
WBGene00004979,3,1.0,PFBS,0.0499811839764346,0.861067999345396,False,up
WBGene00019667,3,1.0,PFBS,0.176384089606498,0.861922058694365,False,up
WBGene00003644,3,0.9,PFBS,0.123849805319376,0.861922058694365,False,up
WBGene00003646,3,1.0,PFBS,0.057209163923029,0.861922058694365,False,up
WBGene00004184,3,0.6333333333333333,PFBS,0.035230390061571,0.861922058694365,False,up
WBGene00017298,3,1.0,PFBS,0.0349407571785486,0.861922058694365,False,up
WBGene00007357,3,1.0,PFBS,-0.0677778496161,0.861922058694365,False,down
WBGene00003590,3,0.9666666666666667,PFBS,-0.106516408690527,0.861922058694365,False,down
WBGene00011969,3,0.6333333333333333,PFBS,0.043142964428973,0.862074521937782,False,up
WBGene00000459,3,1.0,PFBS,0.0359611566693607,0.862963671222581,False,up
WBGene00016566,3,1.0,PFBS,-0.043736001068458,0.863235090406555,False,down
WBGene00044423,3,0.7,PFBS,0.0854250439221709,0.86377320104167,False,up
WBGene00016364,3,0.9666666666666667,PFBS,-0.0613360531374089,0.863810665235849,False,down
WBGene00007044,3,1.0,PFBS,0.0449118524608922,0.864806734209255,False,up
WBGene00018052,3,1.0,PFBS,0.217028033306287,0.864993031997074,False,up
WBGene00004096,3,1.0,PFBS,0.106702447984449,0.864993031997074,False,up
WBGene00016091,3,0.9666666666666667,PFBS,0.187671743686994,0.865427905264639,False,up
WBGene00012142,3,1.0,PFBS,0.0696643092430083,0.865835488297709,False,up
WBGene00008900,3,0.7,PFBS,-0.0424913320422786,0.86588368398596,False,down
WBGene00015505,3,0.9333333333333333,PFBS,0.151886786978909,0.866269679540746,False,up
WBGene00006632,3,1.0,PFBS,0.0974663724080585,0.866269679540746,False,up
WBGene00009741,3,0.9666666666666667,PFBS,-0.0487860459004166,0.866269679540746,False,down
WBGene00000912,3,0.7333333333333333,PFBS,-0.0509274163231173,0.866269679540746,False,down
WBGene00008665,3,0.9666666666666667,PFBS,-0.0588066078671733,0.866269679540746,False,down
WBGene00013662,3,0.7333333333333333,PFBS,-0.103064953295973,0.866269679540746,False,down
WBGene00019518,3,1.0,PFBS,-0.176034418248659,0.866269679540746,False,down
WBGene00015602,3,1.0,PFBS,-0.327983767918462,0.866269679540746,False,down
WBGene00019067,3,1.0,PFBS,-0.0886229131706789,0.866382800454227,False,down
WBGene00020339,3,1.0,PFBS,0.0964469738624954,0.866655937123026,False,up
WBGene00003980,3,1.0,PFBS,0.0343414384985539,0.866655937123026,False,up
WBGene00004316,3,0.9333333333333333,PFBS,0.032923328002245,0.866655937123026,False,up
WBGene00003841,3,1.0,PFBS,-0.0956536330810798,0.866655937123026,False,down
WBGene00013477,3,1.0,PFBS,0.141684156652342,0.866832794640163,False,up
WBGene00002072,3,1.0,PFBS,0.0406046063991534,0.866832794640163,False,up
WBGene00010951,3,0.6333333333333333,PFBS,-0.0596415272027883,0.866832794640163,False,down
WBGene00007546,3,0.9333333333333333,PFBS,-0.0755396131455797,0.866832794640163,False,down
WBGene00018757,3,0.5333333333333333,PFBS,0.0412926725784798,0.866869228422097,False,up
WBGene00004354,3,1.0,PFBS,0.261969881407369,0.867222217723344,False,up
WBGene00008850,3,1.0,PFBS,0.173179414639769,0.867222217723344,False,up
WBGene00022802,3,0.9,PFBS,-0.0910335285989353,0.867222217723344,False,down
WBGene00021607,3,1.0,PFBS,-0.13071841032044,0.867222217723344,False,down
WBGene00001541,3,1.0,PFBS,-0.0813650877581563,0.867255257606593,False,down
WBGene00017858,3,1.0,PFBS,-0.0609565615361818,0.86751431322998,False,down
WBGene00021494,3,1.0,PFBS,0.418754824682923,0.868103470386914,False,up
WBGene00013695,3,1.0,PFBS,0.0372912882124327,0.868110814287,False,up
WBGene00009917,3,1.0,PFBS,-0.0492319399158718,0.868110814287,False,down
WBGene00003970,3,0.9666666666666667,PFBS,0.0574408259164353,0.868120590438426,False,up
WBGene00015897,3,1.0,PFBS,-0.069034260051656,0.868382376204338,False,down
WBGene00007717,3,0.6,PFBS,0.10268951601302,0.868701782839197,False,up
WBGene00017488,3,0.9,PFBS,-0.380122783804583,0.868748253800966,False,down
WBGene00015626,3,1.0,PFBS,0.106787765469328,0.868956817799685,False,up
WBGene00020575,3,1.0,PFBS,0.0874071153130203,0.868956817799685,False,up
WBGene00010063,3,1.0,PFBS,0.0703679457170326,0.868956817799685,False,up
WBGene00020822,3,0.9,PFBS,0.0368225654249632,0.868956817799685,False,up
WBGene00018609,3,1.0,PFBS,-0.0492349224843059,0.868956817799685,False,down
WBGene00011511,3,1.0,PFBS,-0.0545000942996728,0.868956817799685,False,down
WBGene00045397,3,1.0,PFBS,-0.0996855904553727,0.868956817799685,False,down
WBGene00018348,3,1.0,PFBS,-0.177862861566801,0.868956817799685,False,down
WBGene00008454,3,1.0,PFBS,-0.0478611019008058,0.869333918225931,False,down
WBGene00002227,3,1.0,PFBS,0.213034876431319,0.870035064482471,False,up
WBGene00009582,3,1.0,PFBS,0.0441304681356406,0.870035064482471,False,up
WBGene00006971,3,1.0,PFBS,0.0429598171641581,0.870313590976052,False,up
WBGene00016467,3,1.0,PFBS,0.170677537953381,0.870689015719513,False,up
WBGene00017770,3,1.0,PFBS,0.0419187959236254,0.870828913504747,False,up
WBGene00000662,3,1.0,PFBS,0.16304734587307,0.870972658663222,False,up
WBGene00011217,3,0.9,PFBS,0.0691402976626225,0.871060079804453,False,up
WBGene00017483,3,0.9,PFBS,0.214170749231264,0.872160337176381,False,up
WBGene00235287,3,1.0,PFBS,0.0894092199985749,0.872160337176381,False,up
WBGene00009638,3,0.9,PFBS,0.079154589681128,0.872160337176381,False,up
WBGene00022603,3,1.0,PFBS,0.0300389404574466,0.872160337176381,False,up
WBGene00012070,3,0.9666666666666667,PFBS,0.21411790666053,0.87245842264576,False,up
WBGene00195212,3,1.0,PFBS,0.176359857027806,0.87245842264576,False,up
WBGene00008831,3,1.0,PFBS,0.161549090566939,0.87245842264576,False,up
WBGene00013336,3,1.0,PFBS,0.140567219998881,0.87245842264576,False,up
WBGene00010223,3,1.0,PFBS,0.130697998017474,0.87245842264576,False,up
WBGene00021397,3,1.0,PFBS,0.0833236726415607,0.87245842264576,False,up
WBGene00016599,3,0.9666666666666667,PFBS,0.0575305735307778,0.87245842264576,False,up
WBGene00006779,3,1.0,PFBS,0.0254794259305573,0.87245842264576,False,up
WBGene00010585,3,0.9666666666666667,PFBS,-0.0649467136410811,0.87245842264576,False,down
WBGene00012307,3,1.0,PFBS,-0.142105317965063,0.87245842264576,False,down
WBGene00008747,3,0.9666666666666667,PFBS,-0.156649346071696,0.87245842264576,False,down
WBGene00001777,3,1.0,PFBS,-0.192712548773442,0.87245842264576,False,down
WBGene00045382,3,0.7,PFBS,-0.283131870253033,0.87245842264576,False,down
WBGene00018514,3,1.0,PFBS,-0.0640517102630146,0.872530691267004,False,down
WBGene00016539,3,1.0,PFBS,0.032589696176275,0.872780083596464,False,up
WBGene00008597,3,1.0,PFBS,-0.199506728598934,0.872780083596464,False,down
WBGene00005643,3,1.0,PFBS,0.119953369216355,0.87367997352739,False,up
WBGene00000193,3,1.0,PFBS,-0.08793182726426,0.874121229838584,False,down
WBGene00006622,3,0.9,PFBS,0.150021709819095,0.874976754232184,False,up
WBGene00001561,3,0.9666666666666667,PFBS,0.0405035058536953,0.874976754232184,False,up
WBGene00021984,3,0.9,PFBS,0.0774873581559101,0.875245707747343,False,up
WBGene00011124,3,0.9666666666666667,PFBS,-0.136595467084223,0.875245707747343,False,down
WBGene00020467,3,1.0,PFBS,0.138203953759645,0.875280231897688,False,up
WBGene00016619,3,1.0,PFBS,0.0706718488063048,0.875280231897688,False,up
WBGene00017807,3,1.0,PFBS,0.199654648988786,0.875397546010842,False,up
WBGene00045386,3,0.9333333333333333,PFBS,0.0826063333472454,0.875397546010842,False,up
WBGene00044528,3,1.0,PFBS,0.167225541890294,0.875998263932444,False,up
WBGene00009781,3,0.9,PFBS,0.0528262674072807,0.876072508334566,False,up
WBGene00013569,3,0.9,PFBS,0.0927112836952124,0.876359233028872,False,up
WBGene00007689,3,1.0,PFBS,-0.0347863299265195,0.876767284077934,False,down
WBGene00004509,3,1.0,PFBS,0.0836429337790711,0.877074965815754,False,up
WBGene00015423,3,0.9666666666666667,PFBS,0.0546712712475585,0.877097223235471,False,up
WBGene00016575,3,0.9,PFBS,-0.0670343748413287,0.87787726497361,False,down
WBGene00015568,3,1.0,PFBS,0.157792192575379,0.877952166394604,False,up
WBGene00019979,3,0.5,PFBS,0.116062533444893,0.877952166394604,False,up
WBGene00018405,3,1.0,PFBS,0.0408069111277877,0.877952166394604,False,up
WBGene00000438,3,0.9,PFBS,0.0618667090246099,0.878016293027833,False,up
WBGene00001680,3,1.0,PFBS,-0.0253030848228064,0.878016293027833,False,down
WBGene00021314,3,1.0,PFBS,-0.0556896853222261,0.878016293027833,False,down
WBGene00015787,3,1.0,PFBS,-0.0561829957179525,0.878016293027833,False,down
WBGene00017120,3,1.0,PFBS,-0.104410381692442,0.878016293027833,False,down
WBGene00012103,3,0.9,PFBS,-0.0910460559721362,0.878573023033506,False,down
WBGene00016120,3,1.0,PFBS,0.0331829660029777,0.87878834851926,False,up
WBGene00012514,3,1.0,PFBS,0.0890799995377132,0.879367355810554,False,up
WBGene00006809,3,1.0,PFBS,0.0458858120989354,0.879367355810554,False,up
WBGene00004113,3,1.0,PFBS,0.0555347591434078,0.8808107912667,False,up
WBGene00021078,3,0.9666666666666667,PFBS,0.0292182380490018,0.8808107912667,False,up
WBGene00002211,3,1.0,PFBS,0.0941147447429044,0.881013214872255,False,up
WBGene00015418,3,0.5,PFBS,0.0227514282761323,0.881013214872255,False,up
WBGene00004045,3,0.9666666666666667,PFBS,-0.0408619327494569,0.881013214872255,False,down
WBGene00004912,3,1.0,PFBS,-0.0436100625122063,0.881013214872255,False,down
WBGene00012014,3,1.0,PFBS,0.0447639225665372,0.881130700008464,False,up
WBGene00017198,3,1.0,PFBS,0.0658179208718026,0.881501395932349,False,up
WBGene00016295,3,0.9,PFBS,0.0726035870150666,0.881601870196759,False,up
WBGene00020086,3,0.9,PFBS,0.0687122894669183,0.881601870196759,False,up
WBGene00044478,3,0.7333333333333333,PFBS,0.16588562709791,0.881885462828093,False,up
WBGene00021879,3,0.9,PFBS,-0.037924319315796,0.881885462828093,False,down
WBGene00017418,3,0.9333333333333333,PFBS,-0.0565904776640668,0.881885462828093,False,down
WBGene00004437,3,0.9,PFBS,-0.0407921152836942,0.882099197033129,False,down
WBGene00002295,3,0.9,PFBS,0.031578945897885,0.882488801394608,False,up
WBGene00206532,3,1.0,PFBS,0.0988309766203442,0.883195110820603,False,up
WBGene00012632,3,1.0,PFBS,0.0666329739128946,0.883195110820603,False,up
WBGene00002224,3,1.0,PFBS,-0.0615037468479734,0.883195110820603,False,down
WBGene00014101,3,1.0,PFBS,0.0495807079934422,0.88330426173811,False,up
WBGene00019351,3,0.9666666666666667,PFBS,-0.0345080774162328,0.883313120299219,False,down
WBGene00010260,3,0.7333333333333333,PFBS,0.0268583075923528,0.883713087930772,False,up
WBGene00010836,3,0.8666666666666667,PFBS,0.109851705322736,0.884617306001551,False,up
WBGene00000653,3,1.0,PFBS,-0.144704285837033,0.884617306001551,False,down
WBGene00018352,3,1.0,PFBS,0.236331652735068,0.885499801924824,False,up
WBGene00000004,3,0.9666666666666667,PFBS,0.042452149398364,0.885876902317799,False,up
WBGene00011019,3,1.0,PFBS,0.0376663169388271,0.885876902317799,False,up
WBGene00019477,3,0.9333333333333333,PFBS,-0.0420299342368563,0.885876902317799,False,down
WBGene00007321,3,0.9333333333333333,PFBS,0.0610510567539004,0.886032844650238,False,up
WBGene00015980,3,0.9666666666666667,PFBS,0.0569306954471968,0.886032844650238,False,up
WBGene00013742,3,1.0,PFBS,-0.0434830238267112,0.886032844650238,False,down
WBGene00019103,3,1.0,PFBS,-0.0871011593913314,0.886032844650238,False,down
WBGene00018937,3,0.9666666666666667,PFBS,0.206121346486856,0.886219717960916,False,up
WBGene00009041,3,1.0,PFBS,-0.31236838838807,0.886219717960916,False,down
WBGene00009844,3,1.0,PFBS,-0.0603286880263744,0.886334634299254,False,down
WBGene00255605,3,1.0,PFBS,0.225132645434153,0.88634334637783,False,up
WBGene00019615,3,1.0,PFBS,0.0301806362020082,0.88634334637783,False,up
WBGene00013574,3,1.0,PFBS,0.0642384379612137,0.886952151272417,False,up
WBGene00017864,3,1.0,PFBS,-0.0301471619390783,0.887062673961298,False,down
WBGene00008432,3,1.0,PFBS,0.0486518663151771,0.887698275012608,False,up
WBGene00010049,3,1.0,PFBS,-0.0365242479654353,0.887707525557037,False,down
WBGene00003707,3,0.5,PFBS,-0.0669357541794298,0.887707525557037,False,down
WBGene00009535,3,1.0,PFBS,0.335823618508892,0.887869914855651,False,up
WBGene00044406,3,1.0,PFBS,-0.0989635826483954,0.888070572235265,False,down
WBGene00018286,3,0.6,PFBS,-0.119058027410899,0.888070572235265,False,down
WBGene00008455,3,0.9666666666666667,PFBS,0.0326740024439308,0.888630838185215,False,up
WBGene00014697,3,1.0,PFBS,-0.0889250239275739,0.888630838185215,False,down
WBGene00014136,3,0.9666666666666667,PFBS,-0.0993254787211881,0.888762082965902,False,down
WBGene00004033,3,0.9,PFBS,0.0253836116306598,0.888940384663627,False,up
WBGene00013902,3,0.9,PFBS,-0.0735545017165966,0.889740591244477,False,down
WBGene00019296,3,1.0,PFBS,0.03463618940414,0.890558675237156,False,up
WBGene00013127,3,0.9,PFBS,-0.10227560070643,0.890670152343267,False,down
WBGene00021795,3,1.0,PFBS,0.150261910164055,0.891053914542397,False,up
WBGene00017010,3,0.9,PFBS,0.0328848544748821,0.891053914542397,False,up
WBGene00022354,3,1.0,PFBS,-0.0780890305372371,0.891053914542397,False,down
WBGene00020878,3,1.0,PFBS,-0.153578527159873,0.891053914542397,False,down
WBGene00016803,3,1.0,PFBS,-0.0270404000547513,0.891074757827767,False,down
WBGene00007537,3,0.9,PFBS,0.187118166902522,0.891864270251543,False,up
WBGene00006623,3,1.0,PFBS,0.183531987636947,0.892356537299241,False,up
WBGene00008332,3,1.0,PFBS,-0.0724196200652558,0.892445549840554,False,down
WBGene00019092,3,1.0,PFBS,0.0476589879635284,0.892571366973886,False,up
WBGene00011063,3,0.9666666666666667,PFBS,0.12989953875397,0.892914695221478,False,up
WBGene00006742,3,0.9,PFBS,0.0279725756797733,0.892914695221478,False,up
WBGene00009587,3,1.0,PFBS,0.0297960972266265,0.892938904433418,False,up
WBGene00019774,3,1.0,PFBS,0.0472616908776471,0.893063640258664,False,up
WBGene00010138,3,1.0,PFBS,0.0716358486633116,0.893147607796193,False,up
WBGene00002982,3,1.0,PFBS,0.0543412334968132,0.893147607796193,False,up
WBGene00000284,3,0.9,PFBS,0.0392055442375961,0.893147607796193,False,up
WBGene00018791,3,0.9333333333333333,PFBS,0.120868601414561,0.89354021024631,False,up
WBGene00044442,3,1.0,PFBS,0.105961234925878,0.893548512876425,False,up
WBGene00007725,3,1.0,PFBS,-0.0664183937183891,0.893633343212332,False,down
WBGene00020690,3,1.0,PFBS,-0.101018388894409,0.893666155200107,False,down
WBGene00219422,3,1.0,PFBS,-0.151872187719185,0.893986021821541,False,down
WBGene00005664,3,1.0,PFBS,-0.164314066417861,0.894427835505486,False,down
WBGene00016059,3,0.6666666666666666,PFBS,0.0267035313103586,0.894520963979768,False,up
WBGene00007274,3,0.9666666666666667,PFBS,-0.111201625235343,0.89495135400444,False,down
WBGene00015600,3,0.6333333333333333,PFBS,-0.368091209862966,0.89495135400444,False,down
WBGene00013224,3,0.9,PFBS,-0.0347872824653238,0.895387335217441,False,down
WBGene00013812,3,1.0,PFBS,-0.08733651180794,0.895387335217441,False,down
WBGene00008989,3,1.0,PFBS,-0.133155768881634,0.895387335217441,False,down
WBGene00013839,3,1.0,PFBS,-0.0755556618007818,0.895590702846204,False,down
WBGene00235315,3,1.0,PFBS,-0.110280121524117,0.895590702846204,False,down
WBGene00017100,3,1.0,PFBS,-0.0887493803495067,0.896180481146849,False,down
WBGene00005833,3,1.0,PFBS,0.144621426000381,0.896850945490194,False,up
WBGene00009178,3,1.0,PFBS,-0.123409554605047,0.896850945490194,False,down
WBGene00008961,3,1.0,PFBS,-0.122426510330715,0.897327440725556,False,down
WBGene00018456,3,1.0,PFBS,0.13005554685743,0.897595761776597,False,up
WBGene00044144,3,1.0,PFBS,-0.0489563947085336,0.898447457006429,False,down
WBGene00004032,3,0.6333333333333333,PFBS,-0.0217209703238682,0.898461241485244,False,down
WBGene00017272,3,1.0,PFBS,-0.0392933483339603,0.898595136709651,False,down
WBGene00005653,3,1.0,PFBS,0.123421643152658,0.898699733810613,False,up
WBGene00007577,3,0.5333333333333333,PFBS,-0.0268113567783181,0.898699733810613,False,down
WBGene00013693,3,1.0,PFBS,-0.0732657682122948,0.898699733810613,False,down
WBGene00044487,3,1.0,PFBS,0.140461873165713,0.898749664043958,False,up
WBGene00021344,3,1.0,PFBS,0.0491304316593284,0.898749664043958,False,up
WBGene00019859,3,1.0,PFBS,-0.0513647692656335,0.898749664043958,False,down
WBGene00001122,3,0.9,PFBS,-0.057664597668821,0.898749664043958,False,down
WBGene00020175,3,0.9666666666666667,PFBS,0.129210482647034,0.898941336631384,False,up
WBGene00013233,3,1.0,PFBS,0.202211530537231,0.898998255401283,False,up
WBGene00013906,3,1.0,PFBS,-0.0516218208985884,0.899710924304151,False,down
WBGene00086557,3,1.0,PFBS,0.078468135244172,0.899908812004042,False,up
WBGene00022400,3,1.0,PFBS,0.0278523296839091,0.900187482496309,False,up
WBGene00014073,3,1.0,PFBS,0.136714334517044,0.900209099048838,False,up
WBGene00022027,3,1.0,PFBS,-0.0264890187002975,0.900283058206753,False,down
WBGene00006852,3,1.0,PFBS,-0.0300978715622302,0.900283058206753,False,down
WBGene00011364,3,1.0,PFBS,-0.0780555673664085,0.900508207403189,False,down
WBGene00014173,3,0.9333333333333333,PFBS,-0.26517981598812,0.900872461202581,False,down
WBGene00017804,3,1.0,PFBS,0.111142195212786,0.900933321357797,False,up
WBGene00003525,3,1.0,PFBS,-0.292584368062427,0.900933321357797,False,down
WBGene00010765,3,1.0,PFBS,0.152663003654334,0.901983113703005,False,up
WBGene00022695,3,0.8333333333333334,PFBS,0.0477810491934888,0.901983113703005,False,up
WBGene00003844,3,1.0,PFBS,0.0482463253940116,0.902219498847339,False,up
WBGene00008034,3,1.0,PFBS,-0.0252936923866302,0.902316288547388,False,down
WBGene00010426,3,1.0,PFBS,0.469137739360382,0.902428726659354,False,up
WBGene00016574,3,1.0,PFBS,0.0456789000475573,0.902428726659354,False,up
WBGene00022047,3,1.0,PFBS,-0.041933636169942,0.902428726659354,False,down
WBGene00003647,3,1.0,PFBS,-0.0684391044409675,0.902428726659354,False,down
WBGene00009388,3,1.0,PFBS,0.0538623996834352,0.904044048880917,False,up
WBGene00008997,3,0.9666666666666667,PFBS,0.0466579690292618,0.904044048880917,False,up
WBGene00010038,3,0.9666666666666667,PFBS,-0.031480255137636,0.904044048880917,False,down
WBGene00015401,3,1.0,PFBS,-0.172987711884054,0.904044048880917,False,down
WBGene00004139,3,1.0,PFBS,-0.13463384630889,0.904060943343108,False,down
WBGene00001821,3,0.7,PFBS,0.0425829000234163,0.904066585815323,False,up
WBGene00016443,3,1.0,PFBS,-0.0290972467807025,0.904250168030209,False,down
WBGene00015578,3,1.0,PFBS,-0.0747763166565859,0.904636577296209,False,down
WBGene00020196,3,0.9,PFBS,-0.0580540420545781,0.904683077865699,False,down
WBGene00012268,3,1.0,PFBS,0.101707178288442,0.904888166845415,False,up
WBGene00002026,3,0.5333333333333333,PFBS,0.159603660351952,0.90493607202568,False,up
WBGene00021911,3,0.9666666666666667,PFBS,0.140860666988103,0.90498882836035,False,up
WBGene00013489,3,0.6333333333333333,PFBS,0.0452153577935975,0.905282147810294,False,up
WBGene00001673,3,1.0,PFBS,0.110731592399012,0.905666753248166,False,up
WBGene00021863,3,1.0,PFBS,0.0286628867081148,0.905769286823771,False,up
WBGene00009618,3,1.0,PFBS,0.0510422309131577,0.906030807598673,False,up
WBGene00003821,3,1.0,PFBS,-0.0255043893504757,0.906222357234431,False,down
WBGene00011958,3,1.0,PFBS,0.116545963562035,0.907158738754567,False,up
WBGene00021666,3,0.9666666666666667,PFBS,0.0519943148935415,0.907158738754567,False,up
WBGene00011352,3,1.0,PFBS,0.0479651408877209,0.907158738754567,False,up
WBGene00021188,3,1.0,PFBS,-0.136131315904431,0.907158738754567,False,down
WBGene00022796,3,0.9333333333333333,PFBS,0.0856122848912293,0.907278228147454,False,up
WBGene00017292,3,1.0,PFBS,0.0444270972113315,0.907285693803517,False,up
WBGene00000421,3,1.0,PFBS,-0.0192003940945329,0.907751364830636,False,down
WBGene00004368,3,1.0,PFBS,-0.0431595933371449,0.907970874129612,False,down
WBGene00000597,3,0.9666666666666667,PFBS,0.15110236340024,0.907988094013888,False,up
WBGene00269432,3,1.0,PFBS,0.0880236990718576,0.908071894057165,False,up
WBGene00012381,3,0.9,PFBS,0.0839355868443262,0.908165734855392,False,up
WBGene00009664,3,0.9666666666666667,PFBS,-0.0191549134196517,0.908165734855392,False,down
WBGene00010805,3,1.0,PFBS,-0.033219627685767,0.908165734855392,False,down
WBGene00010887,3,1.0,PFBS,-0.0556051773831624,0.908165734855392,False,down
WBGene00018346,3,1.0,PFBS,-0.0772349285915915,0.908165734855392,False,down
WBGene00020917,3,0.8666666666666667,PFBS,-0.0864153294783587,0.908165734855392,False,down
WBGene00195142,3,1.0,PFBS,0.0607643803886071,0.9084568852656,False,up
WBGene00021254,3,1.0,PFBS,0.0419723796953451,0.908465626728869,False,up
WBGene00019020,3,1.0,PFBS,0.0558221491088737,0.908618858178961,False,up
WBGene00007024,3,0.9666666666666667,PFBS,-0.0222057354166975,0.908670675284054,False,down
WBGene00014002,3,0.9333333333333333,PFBS,0.115442140864809,0.909459727783056,False,up
WBGene00022736,3,1.0,PFBS,0.0406211566133362,0.909459727783056,False,up
WBGene00015161,3,1.0,PFBS,-0.0273370158008281,0.910516703689408,False,down
WBGene00219378,3,1.0,PFBS,-0.128660893295748,0.911045340961793,False,down
WBGene00010221,3,1.0,PFBS,0.0282394479253362,0.911288272362071,False,up
WBGene00006405,3,0.8666666666666667,PFBS,0.0169376108433915,0.911288272362071,False,up
WBGene00016863,3,1.0,PFBS,0.193127654093532,0.911561934887805,False,up
WBGene00006966,3,1.0,PFBS,-0.078698517972794,0.911561934887805,False,down
WBGene00007864,3,0.6666666666666666,PFBS,-0.340002272426361,0.911970013983868,False,down
WBGene00018716,3,1.0,PFBS,0.0553391198364646,0.91205053779823,False,up
WBGene00011578,3,0.8666666666666667,PFBS,0.0823808223995426,0.91205470100389,False,up
WBGene00020343,3,0.9,PFBS,-0.0947513507133575,0.912541864514241,False,down
WBGene00016191,3,0.5333333333333333,PFBS,-0.0754597241078219,0.913105639426819,False,down
WBGene00009711,3,1.0,PFBS,-0.0281078005220281,0.913733825112016,False,down
WBGene00021264,3,0.9,PFBS,-0.0532097120423491,0.91377310591435,False,down
WBGene00004393,3,1.0,PFBS,0.0611728464119284,0.914134363635271,False,up
WBGene00020748,3,0.9,PFBS,-0.188345859406448,0.914302017844679,False,down
WBGene00044643,3,0.9666666666666667,PFBS,0.0450737546620963,0.914427401397845,False,up
WBGene00020485,3,1.0,PFBS,-0.107878879194876,0.914644715600718,False,down
WBGene00001368,3,1.0,PFBS,0.0230398734954621,0.91546943979984,False,up
WBGene00011613,3,1.0,PFBS,-0.0441732465320069,0.91546943979984,False,down
WBGene00007505,3,0.9,PFBS,-0.0203247238322883,0.915489701767225,False,down
WBGene00015395,3,1.0,PFBS,0.094952233481071,0.915676488352998,False,up
WBGene00018024,3,1.0,PFBS,-0.0357409286361059,0.915823286985416,False,down
WBGene00019648,3,1.0,PFBS,0.08912408520074,0.916195565600415,False,up
WBGene00044206,3,1.0,PFBS,0.162332931858696,0.916887539390025,False,up
WBGene00008745,3,1.0,PFBS,-0.0195213962045804,0.917609751099105,False,down
WBGene00000500,3,1.0,PFBS,-0.026185609436071,0.917615006725663,False,down
WBGene00001554,3,0.9666666666666667,PFBS,-0.114349801377235,0.917615006725663,False,down
WBGene00044331,3,1.0,PFBS,0.156105179288387,0.917791411822153,False,up
WBGene00011340,3,1.0,PFBS,0.102535748704974,0.917983776710964,False,up
WBGene00269387,3,0.9333333333333333,PFBS,0.113425733492559,0.917989870602738,False,up
WBGene00008372,3,1.0,PFBS,-0.055874758892286,0.917989870602738,False,down
WBGene00005147,3,1.0,PFBS,-0.14306350134742,0.917989870602738,False,down
WBGene00017756,3,0.7666666666666667,PFBS,0.0746249046989168,0.918270607607701,False,up
WBGene00009522,3,0.7666666666666667,PFBS,-0.118443903477733,0.918311452695712,False,down
WBGene00013964,3,1.0,PFBS,0.0380931470987319,0.918335941196791,False,up
WBGene00022271,3,0.9,PFBS,0.0308300416999494,0.918335941196791,False,up
WBGene00012178,3,0.9666666666666667,PFBS,-0.0715947220350408,0.918549299879338,False,down
WBGene00015049,3,1.0,PFBS,0.110093312870387,0.91873655257224,False,up
WBGene00012604,3,0.9,PFBS,-0.186132178799331,0.91873655257224,False,down
WBGene00007070,3,1.0,PFBS,0.0403894359884245,0.91880096319859,False,up
WBGene00044743,3,0.9666666666666667,PFBS,0.0354512549899989,0.91880096319859,False,up
WBGene00007053,3,1.0,PFBS,0.0193750486891723,0.919007833611712,False,up
WBGene00003878,3,1.0,PFBS,0.0331231771635568,0.919071830159032,False,up
WBGene00008130,3,1.0,PFBS,-0.0931171927201467,0.919071830159032,False,down
WBGene00018233,3,1.0,PFBS,0.144457338538113,0.919707870848933,False,up
WBGene00010680,3,0.6333333333333333,PFBS,0.116049976418129,0.921455885261647,False,up
WBGene00013718,3,1.0,PFBS,0.0227784139517281,0.921455885261647,False,up
WBGene00003702,3,0.9333333333333333,PFBS,0.0537132503317433,0.921729902582466,False,up
WBGene00020904,3,1.0,PFBS,0.127221380971134,0.92275572607675,False,up
WBGene00012372,3,0.6333333333333333,PFBS,0.0498244493764164,0.92276181593262,False,up
WBGene00008239,3,1.0,PFBS,-0.0390811676673768,0.922980273083277,False,down
WBGene00009070,3,0.9333333333333333,PFBS,0.0658573886134132,0.923116747617599,False,up
WBGene00010308,3,0.6333333333333333,PFBS,0.0318868166936579,0.923116747617599,False,up
WBGene00013042,3,0.9,PFBS,-0.0348532677887031,0.923116747617599,False,down
WBGene00003221,3,0.5333333333333333,PFBS,0.0244433180353104,0.923552418228469,False,up
WBGene00000938,3,1.0,PFBS,-0.0190460268151097,0.923552418228469,False,down
WBGene00004161,3,0.6,PFBS,-0.0193565359428899,0.923552418228469,False,down
WBGene00013008,3,1.0,PFBS,-0.069152461957357,0.923552418228469,False,down
WBGene00001587,3,0.9666666666666667,PFBS,0.0432460902770361,0.923615684076896,False,up
WBGene00000902,3,1.0,PFBS,0.0542257907173982,0.923681156571911,False,up
WBGene00006467,3,0.9666666666666667,PFBS,0.0324332345570101,0.924401662020944,False,up
WBGene00016040,3,0.9,PFBS,0.269258825815081,0.924605819191931,False,up
WBGene00005245,3,0.9333333333333333,PFBS,0.163491075571864,0.924605819191931,False,up
WBGene00018404,3,1.0,PFBS,0.142930163400327,0.924605819191931,False,up
WBGene00044681,3,1.0,PFBS,0.070939804948252,0.924605819191931,False,up
WBGene00001557,3,1.0,PFBS,0.0408682815352516,0.924605819191931,False,up
WBGene00003998,3,1.0,PFBS,0.0406764172238874,0.924605819191931,False,up
WBGene00002174,3,1.0,PFBS,-0.0230702222874272,0.924605819191931,False,down
WBGene00008191,3,1.0,PFBS,-0.0310442963515388,0.924605819191931,False,down
WBGene00013643,3,1.0,PFBS,-0.0427045694581008,0.924605819191931,False,down
WBGene00013762,3,0.9,PFBS,-0.0477466204309795,0.924605819191931,False,down
WBGene00001371,3,1.0,PFBS,-0.0551175686858385,0.924605819191931,False,down
WBGene00010385,3,1.0,PFBS,-0.0566894038497035,0.924605819191931,False,down
WBGene00008314,3,1.0,PFBS,-0.0617957116441997,0.924605819191931,False,down
WBGene00011188,3,0.9,PFBS,-0.101162507615511,0.924605819191931,False,down
WBGene00022550,3,0.9,PFBS,-0.237477519714005,0.924605819191931,False,down
WBGene00018804,3,1.0,PFBS,-0.0534541548028195,0.924985707702025,False,down
WBGene00019019,3,0.9333333333333333,PFBS,-0.0582034305062082,0.92512383808762,False,down
WBGene00016912,3,0.6666666666666666,PFBS,0.124851779893364,0.925198641378594,False,up
WBGene00001171,3,0.9666666666666667,PFBS,0.0248853800264528,0.925198641378594,False,up
WBGene00013963,3,1.0,PFBS,0.0237729900567494,0.925198641378594,False,up
WBGene00003859,3,0.9,PFBS,-0.0547881722296396,0.925198641378594,False,down
WBGene00008733,3,0.9666666666666667,PFBS,0.0270991069720621,0.925493270043451,False,up
WBGene00003526,3,1.0,PFBS,-0.104638690224189,0.925493270043451,False,down
WBGene00013098,3,1.0,PFBS,0.064466473507361,0.926192626069136,False,up
WBGene00008007,3,1.0,PFBS,0.120502063895649,0.926371765771825,False,up
WBGene00021547,3,0.7333333333333333,PFBS,0.0889211862679034,0.926371765771825,False,up
WBGene00000491,3,1.0,PFBS,-0.0282152201964375,0.926371765771825,False,down
WBGene00013962,3,1.0,PFBS,-0.0283243975695067,0.926371765771825,False,down
WBGene00043989,3,1.0,PFBS,-0.0331037413352903,0.926371765771825,False,down
WBGene00012859,3,0.7333333333333333,PFBS,-0.0389663101376286,0.926371765771825,False,down
WBGene00010334,3,0.9666666666666667,PFBS,-0.0473240684204206,0.926371765771825,False,down
WBGene00001991,3,1.0,PFBS,-0.0689166941995394,0.926371765771825,False,down
WBGene00009242,3,1.0,PFBS,-0.111961120460553,0.926371765771825,False,down
WBGene00004996,3,0.9666666666666667,PFBS,-0.199786410905348,0.926371765771825,False,down
WBGene00019821,3,0.9,PFBS,-0.0184130295730563,0.926596641700759,False,down
WBGene00015471,3,1.0,PFBS,-0.0320688674167903,0.926596641700759,False,down
WBGene00006641,3,1.0,PFBS,-0.0325735023748509,0.926596641700759,False,down
WBGene00003682,3,0.9666666666666667,PFBS,0.0423468975801692,0.926703603787658,False,up
WBGene00003938,3,1.0,PFBS,-0.137609463847462,0.927141812665501,False,down
WBGene00017144,3,1.0,PFBS,-0.0213866385536971,0.927168783897155,False,down
WBGene00044342,3,1.0,PFBS,0.0523162281536283,0.927791849167651,False,up
WBGene00001437,3,0.7333333333333333,PFBS,0.161350729188501,0.928276458986943,False,up
WBGene00021336,3,0.5,PFBS,0.0861669861658962,0.928568624356239,False,up
WBGene00007213,3,1.0,PFBS,0.0505169838478441,0.928568624356239,False,up
WBGene00004281,3,0.9,PFBS,0.048498892641791,0.928568624356239,False,up
WBGene00020710,3,0.9,PFBS,0.0381371083431028,0.928568624356239,False,up
WBGene00018819,3,1.0,PFBS,0.0208274577157087,0.928568624356239,False,up
WBGene00003692,3,0.9666666666666667,PFBS,-0.0416862408023421,0.928568624356239,False,down
WBGene00015381,3,1.0,PFBS,-0.0495690611648743,0.928568624356239,False,down
WBGene00013043,3,1.0,PFBS,-0.0979171622045401,0.928568624356239,False,down
WBGene00018255,3,0.9,PFBS,-0.108611903364853,0.928568624356239,False,down
WBGene00194726,3,1.0,PFBS,0.0824331348346435,0.929245674302267,False,up
WBGene00010008,3,0.9,PFBS,0.112998105228002,0.929384706291046,False,up
WBGene00004803,3,0.9,PFBS,0.0344538683428916,0.929384706291046,False,up
WBGene00022112,3,1.0,PFBS,-0.101968950155473,0.929907002311809,False,down
WBGene00000673,3,1.0,PFBS,0.0323968777681713,0.930146760468449,False,up
WBGene00018727,3,1.0,PFBS,-0.0946159522543122,0.930146760468449,False,down
WBGene00000738,3,0.7666666666666667,PFBS,-0.181503212006721,0.930146760468449,False,down
WBGene00021473,3,1.0,PFBS,0.0265558075546257,0.930294518395209,False,up
WBGene00005205,3,1.0,PFBS,-0.152429909354692,0.930294518395209,False,down
WBGene00044774,3,0.8333333333333334,PFBS,-0.0353528725801425,0.930446870839632,False,down
WBGene00009799,3,1.0,PFBS,0.0254803513038026,0.930499300345782,False,up
WBGene00269434,3,0.5333333333333333,PFBS,-0.0426167266415155,0.93129608970833,False,down
WBGene00009500,3,0.6333333333333333,PFBS,0.0312886586919781,0.932797331355156,False,up
WBGene00009457,3,1.0,PFBS,-0.0880408461579923,0.932879016545726,False,down
WBGene00008031,3,0.9666666666666667,PFBS,0.0573884779078008,0.933092672349606,False,up
WBGene00044500,3,0.7666666666666667,PFBS,-0.0274693137990523,0.933319861213018,False,down
WBGene00010882,3,1.0,PFBS,-0.0170013907272107,0.933911449807984,False,down
WBGene00000971,3,0.9666666666666667,PFBS,-0.0689299343128698,0.933911449807984,False,down
WBGene00000535,3,1.0,PFBS,0.0336696053859677,0.933918566116248,False,up
WBGene00011388,3,1.0,PFBS,0.128807322664091,0.934373686924849,False,up
WBGene00016038,3,1.0,PFBS,0.0183074469909393,0.93444289690225,False,up
WBGene00007542,3,1.0,PFBS,0.0935013866353648,0.934854494657242,False,up
WBGene00195185,3,0.6,PFBS,0.0637776254959308,0.934854494657242,False,up
WBGene00017787,3,0.8333333333333334,PFBS,0.0551899134232025,0.934854494657242,False,up
WBGene00012906,3,1.0,PFBS,0.035813018227822,0.934854494657242,False,up
WBGene00044029,3,1.0,PFBS,0.0345354995191108,0.934854494657242,False,up
WBGene00009190,3,1.0,PFBS,0.0328998376478512,0.934854494657242,False,up
WBGene00022397,3,1.0,PFBS,0.0224719732800421,0.93488043697505,False,up
WBGene00012779,3,1.0,PFBS,-0.0412270918445364,0.935186598398087,False,down
WBGene00016976,3,1.0,PFBS,0.0567876634090607,0.935476569510478,False,up
WBGene00007314,3,1.0,PFBS,0.113767135960184,0.935621350954238,False,up
WBGene00007484,3,1.0,PFBS,0.137869121327424,0.936274782476337,False,up
WBGene00011581,3,1.0,PFBS,0.0594903791179338,0.936274782476337,False,up
WBGene00007967,3,1.0,PFBS,0.0375226643218735,0.936274782476337,False,up
WBGene00022519,3,1.0,PFBS,0.0222298801481547,0.936274782476337,False,up
WBGene00235110,3,0.9666666666666667,PFBS,0.32076997307428,0.936726549973153,False,up
WBGene00044459,3,1.0,PFBS,0.0632479596503941,0.936726549973153,False,up
WBGene00000518,3,0.5,PFBS,0.0242067640516025,0.936726549973153,False,up
WBGene00021210,3,1.0,PFBS,0.0177882409529006,0.936726549973153,False,up
WBGene00019829,3,0.9333333333333333,PFBS,-0.0286452123259276,0.936726549973153,False,down
WBGene00012899,3,1.0,PFBS,-0.0682552693560161,0.937558913857728,False,down
WBGene00007563,3,1.0,PFBS,0.0929694180634967,0.938437336649199,False,up
WBGene00014152,3,1.0,PFBS,-0.0939394973247561,0.938437336649199,False,down
WBGene00019200,3,0.9666666666666667,PFBS,0.0536789650205411,0.938788205870397,False,up
WBGene00000763,3,1.0,PFBS,0.0227205170542936,0.93879450027849,False,up
WBGene00044510,3,1.0,PFBS,0.0841563796362586,0.938941130436622,False,up
WBGene00011957,3,1.0,PFBS,0.0846377212258045,0.939801690230777,False,up
WBGene00000975,3,1.0,PFBS,0.0327978345350305,0.939938867088631,False,up
WBGene00005647,3,1.0,PFBS,0.0295948919731164,0.940202034665548,False,up
WBGene00000285,3,0.8,PFBS,0.0320261440644942,0.940225031642693,False,up
WBGene00002263,3,1.0,PFBS,-0.0193800172238677,0.94051002730584,False,down
WBGene00013636,3,1.0,PFBS,-0.050422554449364,0.941180011816994,False,down
WBGene00010341,3,0.6333333333333333,PFBS,-0.0441170088216037,0.941246716878454,False,down
WBGene00021818,3,1.0,PFBS,-0.0481088707655659,0.941288228663626,False,down
WBGene00018614,3,1.0,PFBS,0.112500938148762,0.94139739835045,False,up
WBGene00021161,3,1.0,PFBS,0.0340519975965692,0.94139739835045,False,up
WBGene00017197,3,1.0,PFBS,-0.0672711810622886,0.94139739835045,False,down
WBGene00007425,3,1.0,PFBS,-0.0915619731945566,0.94139739835045,False,down
WBGene00044205,3,0.9666666666666667,PFBS,-0.0930810048360746,0.94139739835045,False,down
WBGene00006745,3,0.9666666666666667,PFBS,0.0199474435733677,0.941887458943524,False,up
WBGene00013353,3,1.0,PFBS,-0.0283954100964939,0.941945140465076,False,down
WBGene00018264,3,1.0,PFBS,-0.0840399113711896,0.942065759663511,False,down
WBGene00008319,3,1.0,PFBS,-0.105786948976532,0.942065759663511,False,down
WBGene00044742,3,1.0,PFBS,0.0674620719778946,0.94238827236458,False,up
WBGene00011956,3,1.0,PFBS,0.0251820143548815,0.942744514525723,False,up
WBGene00044525,3,1.0,PFBS,0.0893476749645927,0.942751067218237,False,up
WBGene00006055,3,1.0,PFBS,0.0387185075630115,0.942751067218237,False,up
WBGene00015531,3,1.0,PFBS,-0.0299757827723485,0.942751067218237,False,down
WBGene00021272,3,1.0,PFBS,-0.0480617831525877,0.942751067218237,False,down
WBGene00194869,3,1.0,PFBS,-0.154779973156842,0.942751067218237,False,down
WBGene00001127,3,1.0,PFBS,0.032450994399123,0.942921360864073,False,up
WBGene00023418,3,1.0,PFBS,0.0278666774608677,0.943254550146005,False,up
WBGene00017124,3,1.0,PFBS,-0.0343863799315079,0.943254550146005,False,down
WBGene00015008,3,1.0,PFBS,-0.034955456433905,0.943254550146005,False,down
WBGene00235325,3,1.0,PFBS,-0.0440804002159987,0.943254550146005,False,down
WBGene00016724,3,1.0,PFBS,-0.104217721490384,0.943254550146005,False,down
WBGene00013440,3,1.0,PFBS,0.0315582161614129,0.943637644787766,False,up
WBGene00018595,3,0.8666666666666667,PFBS,0.0907552428123638,0.944027840975668,False,up
WBGene00003840,3,0.9666666666666667,PFBS,0.0594099174758046,0.944027840975668,False,up
WBGene00009579,3,1.0,PFBS,0.0287601001980063,0.944027840975668,False,up
WBGene00018518,3,1.0,PFBS,0.0156562872377469,0.944027840975668,False,up
WBGene00009101,3,1.0,PFBS,0.0801024120938293,0.944808593805374,False,up
WBGene00008307,3,0.9333333333333333,PFBS,0.0326006596179437,0.944808593805374,False,up
WBGene00012272,3,1.0,PFBS,-0.0393493587806453,0.944808593805374,False,down
WBGene00007299,3,0.9,PFBS,-0.041328622056176,0.944808593805374,False,down
WBGene00013903,3,1.0,PFBS,-0.07163207559271,0.944808593805374,False,down
WBGene00195166,3,1.0,PFBS,-0.0897102713566156,0.944808593805374,False,down
WBGene00003766,3,1.0,PFBS,-0.0949814825885412,0.944808593805374,False,down
WBGene00017776,3,0.9,PFBS,0.0194691653555476,0.944817623366801,False,up
WBGene00019009,3,1.0,PFBS,-0.0227592189021825,0.944817623366801,False,down
WBGene00021986,3,1.0,PFBS,0.0221374722049285,0.94512957715878,False,up
WBGene00015271,3,1.0,PFBS,-0.0475111705834915,0.94512957715878,False,down
WBGene00014051,3,1.0,PFBS,-0.0119573587864655,0.945132434898303,False,down
WBGene00000057,3,0.9,PFBS,-0.0561765468622393,0.945354152046717,False,down
WBGene00019512,3,1.0,PFBS,0.0916430782917767,0.945555647466464,False,up
WBGene00011948,3,0.9666666666666667,PFBS,0.0894978248427459,0.945555647466464,False,up
WBGene00017250,3,1.0,PFBS,0.0888422877985403,0.945555647466464,False,up
WBGene00017174,3,1.0,PFBS,0.0438814217838263,0.945555647466464,False,up
WBGene00018078,3,0.9666666666666667,PFBS,0.0355795970148793,0.945555647466464,False,up
WBGene00018740,3,0.9,PFBS,-0.0136943562453412,0.945555647466464,False,down
WBGene00001510,3,1.0,PFBS,-0.0188035413657726,0.945555647466464,False,down
WBGene00012463,3,1.0,PFBS,-0.0199432408483477,0.945555647466464,False,down
WBGene00011382,3,1.0,PFBS,-0.0212734350027393,0.945555647466464,False,down
WBGene00016121,3,0.9,PFBS,-0.022105074519508,0.945555647466464,False,down
WBGene00010667,3,1.0,PFBS,-0.0278392222522631,0.945555647466464,False,down
WBGene00016419,3,1.0,PFBS,-0.0358860108654566,0.945555647466464,False,down
WBGene00010422,3,1.0,PFBS,-0.0502146523694992,0.945555647466464,False,down
WBGene00012616,3,1.0,PFBS,-0.0956170318060986,0.945555647466464,False,down
WBGene00016003,3,0.9,PFBS,-0.122046885589053,0.945555647466464,False,down
WBGene00004758,3,1.0,PFBS,0.0130062767209679,0.945733573177298,False,up
WBGene00007882,3,0.9333333333333333,PFBS,-0.0143078463193247,0.945733573177298,False,down
WBGene00006279,3,0.5333333333333333,PFBS,-0.08115763228328,0.945733573177298,False,down
WBGene00045052,3,1.0,PFBS,-0.044413282701715,0.945735456920868,False,down
WBGene00004277,3,1.0,PFBS,-0.017377058638244,0.946260691740763,False,down
WBGene00000458,3,1.0,PFBS,0.020179682877371,0.946336158668883,False,up
WBGene00007801,3,0.9,PFBS,-0.0197811649717074,0.946336158668883,False,down
WBGene00021998,3,1.0,PFBS,-0.0820208135955879,0.946336158668883,False,down
WBGene00014080,3,1.0,PFBS,-0.0231515951320627,0.948561551174779,False,down
WBGene00010889,3,0.7,PFBS,-0.0233171672702901,0.948561551174779,False,down
WBGene00000693,3,0.6333333333333333,PFBS,-0.0759185906626744,0.948561551174779,False,down
WBGene00044922,3,0.9666666666666667,PFBS,-0.0446042333187786,0.948570307030608,False,down
WBGene00014262,3,1.0,PFBS,0.0199520406601951,0.948614946024611,False,up
WBGene00020324,3,0.9,PFBS,0.0321848313165334,0.948662251341533,False,up
WBGene00011419,3,0.9333333333333333,PFBS,0.0270007152371977,0.948662251341533,False,up
WBGene00017637,3,1.0,PFBS,0.0429080195114059,0.948729234626329,False,up
WBGene00004148,3,0.9333333333333333,PFBS,-0.012835100983511,0.948896667513342,False,down
WBGene00007670,3,1.0,PFBS,-0.0706865775352968,0.948896667513342,False,down
WBGene00000641,3,1.0,PFBS,-0.140761230222093,0.948896667513342,False,down
WBGene00017428,3,0.8666666666666667,PFBS,0.032979522837834,0.948994499603116,False,up
WBGene00019484,3,1.0,PFBS,-0.0407867988269669,0.948994499603116,False,down
WBGene00006627,3,1.0,PFBS,0.0885999309919895,0.949025421827408,False,up
WBGene00012948,3,1.0,PFBS,0.0259551108025063,0.949025421827408,False,up
WBGene00000151,3,0.9,PFBS,-0.0154332714698699,0.949025421827408,False,down
WBGene00019180,3,1.0,PFBS,-0.022124233327826,0.949025421827408,False,down
WBGene00004209,3,0.9,PFBS,-0.0250948548637332,0.949025421827408,False,down
WBGene00015149,3,0.9666666666666667,PFBS,0.167166885382072,0.949276338567549,False,up
WBGene00015574,3,0.9,PFBS,-0.0757733829426551,0.949651025494548,False,down
WBGene00016064,3,1.0,PFBS,-0.0920016109242107,0.949651025494548,False,down
WBGene00001475,3,1.0,PFBS,0.0173783693797459,0.950074300803898,False,up
WBGene00019478,3,1.0,PFBS,0.0231192278547813,0.950213945189605,False,up
WBGene00001601,3,1.0,PFBS,-0.0205982131278046,0.950213945189605,False,down
WBGene00003104,3,1.0,PFBS,-0.105301997356483,0.950213945189605,False,down
WBGene00022111,3,0.6666666666666666,PFBS,0.0577330638696955,0.950403791584515,False,up
WBGene00011420,3,1.0,PFBS,0.0304984060621915,0.950403791584515,False,up
WBGene00011629,3,0.9666666666666667,PFBS,0.012148853600291,0.950403791584515,False,up
WBGene00007604,3,0.9666666666666667,PFBS,-0.0281680855941618,0.950403791584515,False,down
WBGene00000487,3,1.0,PFBS,0.0550571991206809,0.950631615862016,False,up
WBGene00013776,3,0.9333333333333333,PFBS,0.0543618517025292,0.950631615862016,False,up
WBGene00003374,3,0.9666666666666667,PFBS,-0.0169041602402611,0.950631615862016,False,down
WBGene00019590,3,1.0,PFBS,-0.0556815010930374,0.950631615862016,False,down
WBGene00000454,3,1.0,PFBS,-0.0351063409551576,0.950632045923618,False,down
WBGene00011898,3,1.0,PFBS,0.0756093357518125,0.951056296663107,False,up
WBGene00010136,3,1.0,PFBS,0.0884407861889099,0.951060842295765,False,up
WBGene00009277,3,1.0,PFBS,0.0131677394201975,0.951060842295765,False,up
WBGene00006814,3,1.0,PFBS,-0.0184002275891987,0.951078661053882,False,down
WBGene00021239,3,0.8666666666666667,PFBS,0.0185507596787983,0.951128251340395,False,up
WBGene00007247,3,1.0,PFBS,-0.0284087027397761,0.951215009110617,False,down
WBGene00010297,3,1.0,PFBS,-0.039721714923376,0.951620334018379,False,down
WBGene00020853,3,0.9,PFBS,0.0877938740169204,0.95228848435725,False,up
WBGene00022677,3,1.0,PFBS,0.0174236679816696,0.952360420176501,False,up
WBGene00044009,3,0.9,PFBS,-0.0275326496095689,0.952405189717033,False,down
WBGene00013828,3,1.0,PFBS,-0.07498972122769,0.952634655315147,False,down
WBGene00010507,3,0.9666666666666667,PFBS,0.0224837120454053,0.953526884400706,False,up
WBGene00001026,3,0.9,PFBS,0.0110082383059299,0.953773310223633,False,up
WBGene00000677,3,1.0,PFBS,0.0232196049357607,0.954030490279549,False,up
WBGene00021343,3,1.0,PFBS,0.0481188611376775,0.954342454760406,False,up
WBGene00008773,3,1.0,PFBS,-0.0646866219153882,0.954342454760406,False,down
WBGene00011970,3,0.9,PFBS,-0.0152972392160559,0.955145446048495,False,down
WBGene00019012,3,1.0,PFBS,0.0427813153543358,0.955180824577568,False,up
WBGene00009523,3,1.0,PFBS,0.059074467001137,0.955369722517116,False,up
WBGene00016207,3,0.9,PFBS,-0.083094297736698,0.955369722517116,False,down
WBGene00012764,3,0.9666666666666667,PFBS,0.039594066727453,0.955833027714884,False,up
WBGene00008142,3,0.9666666666666667,PFBS,-0.0312548704989362,0.956095255737923,False,down
WBGene00045405,3,0.9333333333333333,PFBS,-0.0992592512656736,0.956679758750848,False,down
WBGene00008974,3,1.0,PFBS,-0.0133925282808873,0.95685935976295,False,down
WBGene00010096,3,1.0,PFBS,0.0102129811945524,0.957095665574557,False,up
WBGene00007635,3,1.0,PFBS,0.027299714251621,0.957384653682128,False,up
WBGene00003384,3,1.0,PFBS,0.0176706757786238,0.957621013136848,False,up
WBGene00013698,3,1.0,PFBS,-0.0506527987204979,0.958035189242235,False,down
WBGene00008453,3,0.9,PFBS,0.0213084562260156,0.958591292385942,False,up
WBGene00009727,3,1.0,PFBS,0.035238639031648,0.959020581739985,False,up
WBGene00006444,3,1.0,PFBS,0.0127367647482466,0.959020581739985,False,up
WBGene00013710,3,1.0,PFBS,0.0839608824545372,0.959110197772284,False,up
WBGene00017178,3,0.9333333333333333,PFBS,-0.0177556874772353,0.959204142036116,False,down
WBGene00016165,3,1.0,PFBS,0.0254949131306346,0.959204747254623,False,up
WBGene00219455,3,1.0,PFBS,0.089067543536765,0.95948337456144,False,up
WBGene00012629,3,1.0,PFBS,-0.059975934129689,0.95948337456144,False,down
WBGene00003916,3,0.9333333333333333,PFBS,-0.0097177331024962,0.959757986758461,False,down
WBGene00235164,3,1.0,PFBS,-0.0464167050930206,0.959757986758461,False,down
WBGene00020363,3,1.0,PFBS,0.0352722320734669,0.960173962373131,False,up
WBGene00010434,3,1.0,PFBS,-0.026373227142658,0.960483895864969,False,down
WBGene00019511,3,0.9333333333333333,PFBS,0.0172562666531649,0.960506260652789,False,up
WBGene00000501,3,1.0,PFBS,-0.0171400851821242,0.960506260652789,False,down
WBGene00000109,3,1.0,PFBS,0.0157516774640101,0.96067471246299,False,up
WBGene00020700,3,0.5333333333333333,PFBS,0.128833328037585,0.960789317907181,False,up
WBGene00044557,3,1.0,PFBS,0.0594419163613163,0.960789317907181,False,up
WBGene00206366,3,0.9666666666666667,PFBS,0.0550354704715518,0.960865302843111,False,up
WBGene00015299,3,1.0,PFBS,0.040716656157695,0.960865302843111,False,up
WBGene00003656,3,1.0,PFBS,-0.02149005698233,0.960865302843111,False,down
WBGene00007419,3,1.0,PFBS,-0.04159682444762,0.960865302843111,False,down
WBGene00001920,3,0.7333333333333333,PFBS,-0.0637448732260932,0.960865302843111,False,down
WBGene00021201,3,0.9333333333333333,PFBS,0.0437365472272366,0.961039555062445,False,up
WBGene00013198,3,1.0,PFBS,0.033000292912993,0.961039555062445,False,up
WBGene00008065,3,0.9,PFBS,0.0290491627765176,0.961039555062445,False,up
WBGene00008051,3,1.0,PFBS,0.028699286375854,0.961039555062445,False,up
WBGene00004995,3,0.9,PFBS,-0.0136913462599174,0.961039555062445,False,down
WBGene00003515,3,0.6,PFBS,-0.014698406979528,0.961039555062445,False,down
WBGene00016576,3,1.0,PFBS,-0.0162008820957926,0.961039555062445,False,down
WBGene00022485,3,1.0,PFBS,-0.0230870943845525,0.961039555062445,False,down
WBGene00012682,3,1.0,PFBS,-0.101564624001057,0.961167896561958,False,down
WBGene00000683,3,1.0,PFBS,0.0984889558976486,0.961218116161543,False,up
WBGene00013480,3,1.0,PFBS,-0.0541277987440523,0.961218116161543,False,down
WBGene00009805,3,0.9,PFBS,0.163916902631692,0.961443963165398,False,up
WBGene00045461,3,1.0,PFBS,-0.0208306686089513,0.961443963165398,False,down
WBGene00007393,3,0.7,PFBS,-0.0414698594651857,0.961607308934267,False,down
WBGene00045215,3,1.0,PFBS,-0.105179313750355,0.961809009813928,False,down
WBGene00012034,3,1.0,PFBS,0.0645590477592445,0.962199321764353,False,up
WBGene00007933,3,1.0,PFBS,0.0406394922796409,0.962579231753608,False,up
WBGene00015599,3,1.0,PFBS,-0.285541619993523,0.96259620334073,False,down
WBGene00010795,3,1.0,PFBS,-0.0265610920778268,0.962760599422303,False,down
WBGene00008234,3,0.9,PFBS,0.0497508777554118,0.962798851155672,False,up
WBGene00004183,3,0.7666666666666667,PFBS,0.0321873876169066,0.962798851155672,False,up
WBGene00017949,3,1.0,PFBS,0.0602454136541882,0.962822021833165,False,up
WBGene00018966,3,0.6333333333333333,PFBS,0.026401360437129,0.962822021833165,False,up
WBGene00012245,3,1.0,PFBS,-0.0123682531562796,0.962822021833165,False,down
WBGene00018466,3,1.0,PFBS,-0.0305718750078898,0.962822021833165,False,down
WBGene00011695,3,0.9666666666666667,PFBS,-0.0518350823132672,0.962822021833165,False,down
WBGene00014090,3,0.9333333333333333,PFBS,-0.0159931337857767,0.962889242446284,False,down
WBGene00008904,3,1.0,PFBS,0.0701678208316197,0.963243482365997,False,up
WBGene00012810,3,1.0,PFBS,-0.0578006270318681,0.963243482365997,False,down
WBGene00020318,3,1.0,PFBS,0.0510435597611489,0.963246000679319,False,up
WBGene00019327,3,1.0,PFBS,-0.0233572220429354,0.963246000679319,False,down
WBGene00009435,3,0.6333333333333333,PFBS,0.0174850301661992,0.963266142677743,False,up
WBGene00015285,3,1.0,PFBS,0.0158712005476562,0.963266142677743,False,up
WBGene00001588,3,0.7333333333333333,PFBS,-0.0166692792188208,0.963266142677743,False,down
WBGene00020393,3,1.0,PFBS,-0.0175327289378527,0.963266142677743,False,down
WBGene00012901,3,1.0,PFBS,-0.0372113683768146,0.963266142677743,False,down
WBGene00013758,3,0.9666666666666667,PFBS,-0.0255854713030418,0.963363982925694,False,down
WBGene00206521,3,0.9666666666666667,PFBS,0.0515110028505207,0.964142285201538,False,up
WBGene00000905,3,0.5333333333333333,PFBS,-0.037698204292386,0.964353790699193,False,down
WBGene00007067,3,0.9333333333333333,PFBS,0.0284950460391575,0.964354834876287,False,up
WBGene00044921,3,1.0,PFBS,-0.0451939394163416,0.964354834876287,False,down
WBGene00008388,3,0.9,PFBS,0.058115050154548,0.964563911479648,False,up
WBGene00010475,3,1.0,PFBS,0.0240815661976135,0.964563911479648,False,up
WBGene00002979,3,0.9333333333333333,PFBS,0.0114572390007669,0.964563911479648,False,up
WBGene00022696,3,1.0,PFBS,-0.0203408366559212,0.964563911479648,False,down
WBGene00012448,3,1.0,PFBS,-0.0920117730115229,0.964563911479648,False,down
WBGene00004344,3,0.9666666666666667,PFBS,0.0170796558416559,0.964621233218297,False,up
WBGene00011593,3,1.0,PFBS,0.0351490650880647,0.964622030100424,False,up
WBGene00019720,3,0.9,PFBS,0.0195776486667985,0.964622030100424,False,up
WBGene00044736,3,1.0,PFBS,0.0530022809404998,0.965319016376531,False,up
WBGene00044661,3,1.0,PFBS,0.0406419878343983,0.965848079906654,False,up
WBGene00019480,3,1.0,PFBS,0.019455485004144,0.965933161363086,False,up
WBGene00008010,3,1.0,PFBS,-0.0674457336506778,0.966213294189366,False,down
WBGene00003166,3,1.0,PFBS,-0.0092005382419736,0.966266356592961,False,down
WBGene00021605,3,1.0,PFBS,0.0338137523373937,0.966486125943792,False,up
WBGene00021158,3,1.0,PFBS,0.0221518884256571,0.96662208227755,False,up
WBGene00008742,3,1.0,PFBS,0.0181673246354527,0.96662208227755,False,up
WBGene00016916,3,1.0,PFBS,-0.022152865312494,0.96662208227755,False,down
WBGene00009485,3,0.9,PFBS,0.0414613665059266,0.96702826711864,False,up
WBGene00001555,3,0.8666666666666667,PFBS,0.0217354548323523,0.967319404550696,False,up
WBGene00007476,3,0.6333333333333333,PFBS,0.0172046988643625,0.967319404550696,False,up
WBGene00000037,3,0.7666666666666667,PFBS,-0.0106764677845086,0.967319404550696,False,down
WBGene00022812,3,1.0,PFBS,-0.0134030064884827,0.967319404550696,False,down
WBGene00044527,3,0.9,PFBS,-0.0304672501964799,0.967319404550696,False,down
WBGene00017469,3,1.0,PFBS,-0.101262299331728,0.967319404550696,False,down
WBGene00013509,3,0.9,PFBS,0.0206483599253097,0.967816055326454,False,up
WBGene00015074,3,1.0,PFBS,0.0187643759337276,0.967816055326454,False,up
WBGene00004266,3,1.0,PFBS,0.0071301464742738,0.967926083166733,False,up
WBGene00010686,3,1.0,PFBS,-0.0394696471274173,0.967926083166733,False,down
WBGene00014118,3,1.0,PFBS,0.0146828643565434,0.968054355487214,False,up
WBGene00021117,3,1.0,PFBS,0.0601520216609763,0.968490397269167,False,up
WBGene00017673,3,1.0,PFBS,0.0545064439141606,0.968490397269167,False,up
WBGene00021168,3,1.0,PFBS,0.054055664199016,0.968490397269167,False,up
WBGene00194905,3,1.0,PFBS,0.0384494478972472,0.968490397269167,False,up
WBGene00019546,3,0.9,PFBS,0.0295271647988794,0.968490397269167,False,up
WBGene00001988,3,1.0,PFBS,0.0209014097543153,0.968490397269167,False,up
WBGene00001604,3,0.9666666666666667,PFBS,0.0140192536113197,0.968490397269167,False,up
WBGene00015231,3,1.0,PFBS,0.0422702140411092,0.968744985346899,False,up
WBGene00045396,3,1.0,PFBS,-0.0660431085267683,0.968744985346899,False,down
WBGene00021219,3,1.0,PFBS,-0.030538731395154,0.969016128151337,False,down
WBGene00020033,3,0.9666666666666667,PFBS,0.0858740077365197,0.969090575213253,False,up
WBGene00015279,3,1.0,PFBS,-0.0260602650000047,0.969090575213253,False,down
WBGene00001916,3,0.9,PFBS,0.0391118498976972,0.969154989237289,False,up
WBGene00008366,3,0.9333333333333333,PFBS,-0.0119313661743135,0.969154989237289,False,down
WBGene00016247,3,1.0,PFBS,0.0617833487822339,0.969458304462624,False,up
WBGene00017275,3,0.7333333333333333,PFBS,0.0096101218232133,0.969458304462624,False,up
WBGene00011720,3,1.0,PFBS,0.0085791837413335,0.969458304462624,False,up
WBGene00003706,3,1.0,PFBS,-0.0206430816529292,0.969458304462624,False,down
WBGene00007763,3,0.8333333333333334,PFBS,0.0895076006901696,0.970171493752542,False,up
WBGene00012062,3,1.0,PFBS,0.0205146403078397,0.970235257854592,False,up
WBGene00010693,3,1.0,PFBS,0.0432844114905972,0.970733944549942,False,up
WBGene00013325,3,0.9666666666666667,PFBS,-0.0093455639450954,0.970793239104105,False,down
WBGene00009619,3,0.9,PFBS,-0.0168757654959782,0.97092647167771,False,down
WBGene00022427,3,1.0,PFBS,0.008105440396587,0.971240441092665,False,up
WBGene00009920,3,0.9666666666666667,PFBS,-0.010901328237624,0.971419550110393,False,down
WBGene00001550,3,1.0,PFBS,0.0238950215247146,0.971431135256561,False,up
WBGene00010806,3,1.0,PFBS,0.0059081676302473,0.971431135256561,False,up
WBGene00007518,3,0.9333333333333333,PFBS,-0.0285891015933798,0.971431135256561,False,down
WBGene00007392,3,0.5333333333333333,PFBS,0.0251555710385442,0.971656121242591,False,up
WBGene00022522,3,1.0,PFBS,0.0242283661769324,0.971656121242591,False,up
WBGene00021945,3,1.0,PFBS,0.0144198186851552,0.971661869422577,False,up
WBGene00006831,3,0.9666666666666667,PFBS,0.0082540314790694,0.97171395845001,False,up
WBGene00001972,3,1.0,PFBS,0.0052430500665958,0.971737231720843,False,up
WBGene00013825,3,1.0,PFBS,-0.0659628229733549,0.971737231720843,False,down
WBGene00003615,3,0.9666666666666667,PFBS,0.017471094485745,0.971935021477117,False,up
WBGene00008681,3,0.9,PFBS,-0.0185444019412922,0.972101833706791,False,down
WBGene00011028,3,1.0,PFBS,-0.0132640967288982,0.972501370326295,False,down
WBGene00009810,3,1.0,PFBS,0.0400168224727392,0.973048965550009,False,up
WBGene00011317,3,0.9666666666666667,PFBS,0.0222571666017195,0.973143637369144,False,up
WBGene00019312,3,1.0,PFBS,-0.0312160943542788,0.97314960535525,False,down
WBGene00018068,3,1.0,PFBS,0.0255426405436274,0.973227775495766,False,up
WBGene00016907,3,1.0,PFBS,-0.0100347030075874,0.973797880326049,False,down
WBGene00009222,3,0.9,PFBS,0.0361760455051172,0.974136691512041,False,up
WBGene00000700,3,0.9666666666666667,PFBS,0.0544320260684122,0.974457088310683,False,up
WBGene00021094,3,0.9,PFBS,0.041092704855206,0.974457088310683,False,up
WBGene00017576,3,1.0,PFBS,0.0157055688747236,0.974457088310683,False,up
WBGene00002239,3,1.0,PFBS,0.0083252354573168,0.974457088310683,False,up
WBGene00013175,3,0.9333333333333333,PFBS,-0.0554802737972877,0.974457088310683,False,down
WBGene00013562,3,1.0,PFBS,-0.0221981608418654,0.9747160913345,False,down
WBGene00008213,3,0.6333333333333333,PFBS,0.0209228546249117,0.974946303038732,False,up
WBGene00019699,3,1.0,PFBS,0.0479784124296714,0.975031230485029,False,up
WBGene00011250,3,0.7333333333333333,PFBS,0.0101796537724994,0.975128676989534,False,up
WBGene00007590,3,1.0,PFBS,-0.0194672602448515,0.975382115634696,False,down
WBGene00007166,3,0.9,PFBS,0.0215488977892656,0.975458124590689,False,up
WBGene00009696,3,1.0,PFBS,0.0207172651686054,0.975767472430888,False,up
WBGene00011027,3,1.0,PFBS,0.0821313440695699,0.975825579189719,False,up
WBGene00001434,3,1.0,PFBS,0.0170826855036016,0.976152034243987,False,up
WBGene00000073,3,1.0,PFBS,-0.0093895651596823,0.9762964898629,False,down
WBGene00003549,3,1.0,PFBS,-0.0124641736325979,0.9762964898629,False,down
WBGene00016546,3,1.0,PFBS,-0.0423804791094678,0.9762964898629,False,down
WBGene00012131,3,0.9333333333333333,PFBS,-0.0113569586980392,0.976449583320415,False,down
WBGene00004106,3,1.0,PFBS,-0.0077112149212523,0.976984702479482,False,down
WBGene00012631,3,1.0,PFBS,0.0567108283567122,0.977213982781261,False,up
WBGene00020341,3,1.0,PFBS,0.0150615309082115,0.97736942214969,False,up
WBGene00010707,3,0.9,PFBS,0.0851146545859534,0.977426958929581,False,up
WBGene00015220,3,1.0,PFBS,0.0144768002796027,0.977573311054852,False,up
WBGene00019521,3,1.0,PFBS,0.0102952553109771,0.977573311054852,False,up
WBGene00006752,3,1.0,PFBS,0.0064525803724405,0.977573311054852,False,up
WBGene00021238,3,0.9666666666666667,PFBS,-0.0078249528387273,0.977573311054852,False,down
WBGene00018035,3,1.0,PFBS,-0.0131742771400639,0.977573311054852,False,down
WBGene00005523,3,1.0,PFBS,-0.044162628804165,0.977573311054852,False,down
WBGene00017702,3,0.7333333333333333,PFBS,-0.0129842262888868,0.977671343493239,False,down
WBGene00015539,3,0.9666666666666667,PFBS,0.0113485401530374,0.977895560676283,False,up
WBGene00021134,3,1.0,PFBS,-0.0295936763700552,0.978223182846132,False,down
WBGene00018996,3,0.9,PFBS,0.0074285642032219,0.979290018381956,False,up
WBGene00017880,3,1.0,PFBS,-0.0144136126633173,0.979290018381956,False,down
WBGene00206374,3,0.9666666666666667,PFBS,-0.0390476701622767,0.979406609892958,False,down
WBGene00004347,3,0.9333333333333333,PFBS,0.0075859616778023,0.979439268201274,False,up
WBGene00012610,3,0.9,PFBS,0.013411771883505,0.97960618452941,False,up
WBGene00009790,3,1.0,PFBS,0.0129093915109105,0.97960618452941,False,up
WBGene00000512,3,1.0,PFBS,-0.0140917187941478,0.97960618452941,False,down
WBGene00022145,3,1.0,PFBS,-0.043482600882564,0.97960618452941,False,down
WBGene00000584,3,0.9,PFBS,0.0175897617726397,0.97967685199216,False,up
WBGene00206538,3,1.0,PFBS,0.0240500970783037,0.979915648596207,False,up
WBGene00016432,3,1.0,PFBS,-0.0076085340684892,0.979968207685557,False,down
WBGene00008912,3,1.0,PFBS,-0.0220649503279222,0.979968207685557,False,down
WBGene00000082,3,1.0,PFBS,0.0236502126004295,0.980291130091349,False,up
WBGene00011158,3,0.7333333333333333,PFBS,-0.0624230265691319,0.980827141335936,False,down
WBGene00010250,3,1.0,PFBS,-0.0229693942678332,0.981213191322533,False,down
WBGene00020997,3,1.0,PFBS,-0.0217670350879456,0.981600989579641,False,down
WBGene00012026,3,0.9,PFBS,-0.0562836742294466,0.981600989579641,False,down
WBGene00044760,3,0.7,PFBS,0.0445794463631535,0.981701572205389,False,up
WBGene00000701,3,1.0,PFBS,0.043512272132684,0.981701572205389,False,up
WBGene00006582,3,1.0,PFBS,-0.0098355568482139,0.981701572205389,False,down
WBGene00012885,3,0.9333333333333333,PFBS,-0.0077631402307762,0.981735805370841,False,down
WBGene00011723,3,0.9,PFBS,-0.00869030841062,0.981933816764588,False,down
WBGene00007511,3,0.9666666666666667,PFBS,-0.0106367071213554,0.982242317124394,False,down
WBGene00007506,3,1.0,PFBS,-0.0247386555835055,0.983068322127388,False,down
WBGene00006862,3,1.0,PFBS,0.0096448278365741,0.983362018451842,False,up
WBGene00019224,3,1.0,PFBS,0.0088466221954858,0.983446435071618,False,up
WBGene00021611,3,0.9,PFBS,0.0096637385212114,0.983480007546076,False,up
WBGene00019944,3,0.9333333333333333,PFBS,0.0080661729264588,0.983480007546076,False,up
WBGene00011283,3,0.9,PFBS,0.00556402481689,0.983480007546076,False,up
WBGene00008095,3,1.0,PFBS,-0.0177528198611088,0.983480007546076,False,down
WBGene00138711,3,1.0,PFBS,-0.0468320343729253,0.983480007546076,False,down
WBGene00009180,3,1.0,PFBS,0.0040694344709328,0.983556313442798,False,up
WBGene00015264,3,1.0,PFBS,-0.0147132293761754,0.983770358560275,False,down
WBGene00077769,3,0.9666666666666667,PFBS,0.0278282498496905,0.984131485755457,False,up
WBGene00016568,3,1.0,PFBS,0.0155058979240209,0.984164857256549,False,up
WBGene00012319,3,0.6333333333333333,PFBS,0.0064280595685655,0.984164857256549,False,up
WBGene00019519,3,1.0,PFBS,-0.0113199443070566,0.984164857256549,False,down
WBGene00006374,3,1.0,PFBS,-0.0198152908640283,0.984164857256549,False,down
WBGene00206529,3,1.0,PFBS,0.0227206149348059,0.984490026590536,False,up
WBGene00008392,3,0.9333333333333333,PFBS,0.0097818891886,0.984576191729592,False,up
WBGene00001902,3,1.0,PFBS,0.0127238271257189,0.984609319938085,False,up
WBGene00303011,3,1.0,PFBS,0.0086669994559875,0.984609319938085,False,up
WBGene00013234,3,0.9666666666666667,PFBS,0.0305587768910137,0.98472577801532,False,up
WBGene00021781,3,1.0,PFBS,0.0202355009874046,0.98472577801532,False,up
WBGene00003755,3,1.0,PFBS,0.0117539429376059,0.98472577801532,False,up
WBGene00018033,3,1.0,PFBS,0.0061831139092491,0.98472577801532,False,up
WBGene00016331,3,1.0,PFBS,-0.0040962262544739,0.98472577801532,False,down
WBGene00015692,3,1.0,PFBS,-0.0096250444195384,0.98472577801532,False,down
WBGene00009595,3,1.0,PFBS,-0.0117347401113606,0.98472577801532,False,down
WBGene00013081,3,1.0,PFBS,-0.0119355792284747,0.98472577801532,False,down
WBGene00001730,3,1.0,PFBS,0.0434508153746598,0.985160926429725,False,up
WBGene00009544,3,1.0,PFBS,0.0096278022728185,0.985160926429725,False,up
WBGene00001345,3,0.9,PFBS,0.0081980694357591,0.985160926429725,False,up
WBGene00009271,3,1.0,PFBS,-0.0091559338357431,0.985160926429725,False,down
WBGene00010986,3,1.0,PFBS,-0.0109641496132586,0.985160926429725,False,down
WBGene00018311,3,1.0,PFBS,-0.0116645064944166,0.985160926429725,False,down
WBGene00015028,3,1.0,PFBS,0.0246160246620136,0.985291338801531,False,up
WBGene00003370,3,1.0,PFBS,-0.0058055108011366,0.985291338801531,False,down
WBGene00018259,3,1.0,PFBS,-0.007820746218679,0.985291338801531,False,down
WBGene00012525,3,0.9,PFBS,-0.015553849710216,0.985337302830433,False,down
WBGene00077522,3,0.8666666666666667,PFBS,0.0239916790227433,0.985377339632705,False,up
WBGene00013713,3,1.0,PFBS,-0.018038525216428,0.985377339632705,False,down
WBGene00008323,3,0.6333333333333333,PFBS,-0.0406139081654049,0.985377339632705,False,down
WBGene00007361,3,0.9666666666666667,PFBS,0.0408432832223971,0.985637005137058,False,up
WBGene00010980,3,1.0,PFBS,0.0271271948591669,0.985637005137058,False,up
WBGene00020249,3,0.6333333333333333,PFBS,0.0127131400519375,0.985637005137058,False,up
WBGene00014076,3,1.0,PFBS,-0.0041163341442738,0.985637005137058,False,down
WBGene00022664,3,0.8666666666666667,PFBS,-0.0057211889833528,0.985637005137058,False,down
WBGene00020705,3,0.6666666666666666,PFBS,-0.0075250702704361,0.985637005137058,False,down
WBGene00002881,3,1.0,PFBS,-0.0086404275250719,0.985637005137058,False,down
WBGene00045390,3,1.0,PFBS,-0.0092779898679364,0.985637005137058,False,down
WBGene00050915,3,0.9,PFBS,0.0262414568312659,0.985848963704276,False,up
WBGene00009730,3,0.9666666666666667,PFBS,-0.0087090895477362,0.985949861898705,False,down
WBGene00012020,3,1.0,PFBS,0.0145441836122569,0.985977340518596,False,up
WBGene00007437,3,1.0,PFBS,0.0364927009101415,0.986132520636614,False,up
WBGene00012548,3,0.7333333333333333,PFBS,-0.006384255862949,0.986396922947557,False,down
WBGene00009484,3,0.6333333333333333,PFBS,0.0099599011241217,0.986479157934433,False,up
WBGene00000761,3,0.9666666666666667,PFBS,-0.0049744912119582,0.986479157934433,False,down
WBGene00008226,3,1.0,PFBS,0.010439916225856,0.986516131783354,False,up
WBGene00016801,3,1.0,PFBS,-0.0079161863757568,0.987220419970877,False,down
WBGene00003719,3,0.9666666666666667,PFBS,-0.0065977176840591,0.987233637166085,False,down
WBGene00000139,3,0.7,PFBS,-0.0095098824836459,0.987233637166085,False,down
WBGene00004401,3,1.0,PFBS,0.0070314338141096,0.987343550037361,False,up
WBGene00008952,3,0.9,PFBS,-0.0075462974753311,0.987512248491634,False,down
WBGene00003596,3,1.0,PFBS,0.0056372595828953,0.987531310684373,False,up
WBGene00015969,3,1.0,PFBS,0.0074790151142165,0.987556303960741,False,up
WBGene00021643,3,1.0,PFBS,-0.0084267122766164,0.987991272369637,False,down
WBGene00001664,3,1.0,PFBS,-0.0085018582984253,0.987991272369637,False,down
WBGene00000841,3,0.9333333333333333,PFBS,-0.0095096943235887,0.987991272369637,False,down
WBGene00000986,3,1.0,PFBS,0.0203307931812004,0.988426538718438,False,up
WBGene00011495,3,1.0,PFBS,0.0067400909569705,0.988426538718438,False,up
WBGene00011813,3,1.0,PFBS,0.0043402989964542,0.988426538718438,False,up
WBGene00021205,3,1.0,PFBS,0.0041453070157379,0.988426538718438,False,up
WBGene00015735,3,1.0,PFBS,0.0028299272274596,0.988426538718438,False,up
WBGene00012348,3,0.7,PFBS,0.002599867916575,0.988426538718438,False,up
WBGene00009174,3,1.0,PFBS,-0.0036965438460758,0.988426538718438,False,down
WBGene00015293,3,1.0,PFBS,-0.0045600421911154,0.988426538718438,False,down
WBGene00019407,3,1.0,PFBS,0.0054172407819474,0.988811281995549,False,up
WBGene00015903,3,1.0,PFBS,0.02482036743828,0.988905670037722,False,up
WBGene00000081,3,0.9,PFBS,0.0032635420706022,0.988921107802218,False,up
WBGene00008713,3,1.0,PFBS,-0.0113389861782316,0.988976935888759,False,down
WBGene00086569,3,1.0,PFBS,0.0073585405629792,0.989021118686858,False,up
WBGene00013701,3,0.7,PFBS,0.0071371812595721,0.989021118686858,False,up
WBGene00015822,3,1.0,PFBS,0.0129721317112485,0.989452829188172,False,up
WBGene00015483,3,0.9,PFBS,0.0063843809070752,0.989452829188172,False,up
WBGene00006743,3,1.0,PFBS,0.0044259118079032,0.990525227372326,False,up
WBGene00010315,3,1.0,PFBS,-0.0047316533214142,0.990525227372326,False,down
WBGene00007430,3,1.0,PFBS,-0.0049711547278543,0.990525227372326,False,down
WBGene00011327,3,1.0,PFBS,0.0148904196809219,0.990691031704649,False,up
WBGene00000974,3,1.0,PFBS,-0.0112184606899142,0.990691031704649,False,down
WBGene00001129,3,1.0,PFBS,0.0056143346724509,0.99088237970664,False,up
WBGene00004856,3,1.0,PFBS,0.0043219967437485,0.99088237970664,False,up
WBGene00016427,3,0.9,PFBS,-0.0057138381281754,0.99088237970664,False,down
WBGene00304203,3,1.0,PFBS,0.011687569082512,0.991558537260517,False,up
WBGene00008403,3,1.0,PFBS,0.0065094885070878,0.991815401658849,False,up
WBGene00020276,3,1.0,PFBS,-0.0037922509674567,0.991815401658849,False,down
WBGene00015041,3,0.9666666666666667,PFBS,-0.0075918458260954,0.991815401658849,False,down
WBGene00000698,3,1.0,PFBS,0.0101370257873482,0.991860019910059,False,up
WBGene00007522,3,0.9,PFBS,-0.0050406516376107,0.992135999802371,False,down
WBGene00000288,3,0.9,PFBS,0.0022788665585561,0.992346815123743,False,up
WBGene00023490,3,1.0,PFBS,0.0217704456242787,0.992616407459579,False,up
WBGene00010413,3,0.9666666666666667,PFBS,0.0590073006739375,0.992805521475078,False,up
WBGene00009192,3,1.0,PFBS,0.0071028390499617,0.992805521475078,False,up
WBGene00009266,3,0.9666666666666667,PFBS,-0.0024246247525309,0.992805521475078,False,down
WBGene00005422,3,0.9333333333333333,PFBS,0.0054796096720558,0.994041979220802,False,up
WBGene00019698,3,1.0,PFBS,-0.0019192508053412,0.994041979220802,False,down
WBGene00001989,3,1.0,PFBS,-0.0023268869768904,0.994041979220802,False,down
WBGene00006310,3,1.0,PFBS,-0.0038007632964751,0.994041979220802,False,down
WBGene00008656,3,0.9666666666666667,PFBS,0.002027346682197,0.994759850808177,False,up
WBGene00008802,3,1.0,PFBS,0.0052814101885651,0.995134049277959,False,up
WBGene00008680,3,0.9,PFBS,0.0131137180847966,0.995148717383499,False,up
WBGene00015518,3,1.0,PFBS,0.0040241781366085,0.995360229805496,False,up
WBGene00005638,3,0.9,PFBS,0.0052428586291103,0.995410020957146,False,up
WBGene00009625,3,1.0,PFBS,0.0055846801425515,0.995493303956444,False,up
WBGene00018684,3,1.0,PFBS,-0.0079696118587308,0.995493303956444,False,down
WBGene00011996,3,0.9,PFBS,-0.0037082350978788,0.99556077536455,False,down
WBGene00001888,3,0.7333333333333333,PFBS,-0.0045154577199695,0.99556077536455,False,down
WBGene00019352,3,1.0,PFBS,0.0037600428566292,0.995646466134432,False,up
WBGene00020095,3,1.0,PFBS,-0.0012143364407103,0.995646466134432,False,down
WBGene00009560,3,0.6,PFBS,-0.003010757554213,0.995646466134432,False,down
WBGene00010043,3,0.9,PFBS,0.0021287039314395,0.996143343851134,False,up
WBGene00009729,3,1.0,PFBS,-0.0025075414985953,0.996277976070745,False,down
WBGene00000645,3,0.7666666666666667,PFBS,0.0039030337861489,0.996370765594168,False,up
WBGene00014164,3,0.9666666666666667,PFBS,-0.0018869375491503,0.996510028874455,False,down
WBGene00219289,3,1.0,PFBS,0.0055645355675316,0.996623625902076,False,up
WBGene00020551,3,0.9666666666666667,PFBS,0.002473569641513,0.996623625902076,False,up
WBGene00020456,3,0.9333333333333333,PFBS,-0.0020943172359119,0.996623625902076,False,down
WBGene00008550,3,1.0,PFBS,-0.0052671301761322,0.996623625902076,False,down
WBGene00271744,3,0.7,PFBS,-0.002459726565192,0.99711553566313,False,down
WBGene00007076,3,0.9,PFBS,-0.0012626576111478,0.997220210871903,False,down
WBGene00008652,3,1.0,PFBS,0.004193327782769,0.997394659390955,False,up
WBGene00006807,3,1.0,PFBS,-0.0008955992647673,0.99787616061479,False,down
WBGene00019444,3,0.7,PFBS,0.0012674278891277,0.997877676900372,False,up
WBGene00014148,3,1.0,PFBS,0.0005056863558906,0.997877676900372,False,up
WBGene00008256,3,1.0,PFBS,0.0013911107660509,0.99810538798294,False,up
WBGene00000464,3,0.9666666666666667,PFBS,0.0002928591387272,0.998139651260952,False,up
WBGene00020762,3,0.9333333333333333,PFBS,0.0003822235590606,0.998671712831969,False,up
WBGene00022366,3,1.0,PFBS,0.0005578838634117,0.998831494315887,False,up
WBGene00013236,3,0.9666666666666667,PFBS,-0.0003809613675606,0.998831494315887,False,down
WBGene00009331,3,1.0,PFBS,-0.0006667200237247,0.998949511216903,False,down
WBGene00015701,3,1.0,PFBS,0.0010820287625051,0.999274918894947,False,up
WBGene00015750,3,0.9,PFBS,-0.0004717405439267,0.99951544629716,False,down
WBGene00022003,3,1.0,PFBS,0.0002713775800482,0.99985650811924,False,up
