WB_id,consensus_module,consensus_strength,chemical,logFC,FDR,is_detected,direction
WBGene00011673,1,0.6,PFBS,9.12043212396407,5.051550772973879e-28,True,up
WBGene00010904,1,0.9666666666666667,PFBS,3.81614624443736,3.60009476332363e-26,True,up
WBGene00019515,1,0.9333333333333333,PFBS,5.6135833159229,2.20599150108805e-25,True,up
WBGene00018206,1,0.9666666666666667,PFBS,5.03922197017102,2.4471381131025603e-25,True,up
WBGene00000372,1,0.9666666666666667,PFBS,10.0599466687555,1.71925692109122e-23,True,up
WBGene00017244,1,0.9666666666666667,PFBS,3.26787381441566,2.35389400147374e-22,True,up
WBGene00000412,1,0.9666666666666667,PFBS,4.65358558194723,4.89724011050835e-22,True,up
WBGene00018913,1,1.0,PFBS,11.6927777114814,7.55310909763091e-22,True,up
WBGene00021567,1,1.0,PFBS,12.2182467008493,1.98738648005921e-21,True,up
WBGene00003995,1,0.9666666666666667,PFBS,3.09760083164359,2.35396032410467e-21,True,up
WBGene00002260,1,0.9,PFBS,4.56159690739197,3.16804821433484e-21,True,up
WBGene00015894,1,1.0,PFBS,5.36806444979877,7.0015497174192e-20,True,up
WBGene00011800,1,0.9666666666666667,PFBS,4.24189882518978,1.9744147124386902e-19,True,up
WBGene00015623,1,1.0,PFBS,4.14973799552426,3.67170743950448e-17,True,up
WBGene00020592,1,0.9666666666666667,PFBS,1.40103753194044,5.09137902944892e-16,True,up
WBGene00008043,1,0.9666666666666667,PFBS,2.77290528185374,7.07727909100823e-16,True,up
WBGene00000988,1,1.0,PFBS,2.96009989575079,1.0151639186643701e-15,True,up
WBGene00044811,1,0.9333333333333333,PFBS,3.06709029745137,1.1932274707060202e-15,True,up
WBGene00007331,1,1.0,PFBS,-1.85588882164988,1.70251406532531e-15,True,down
WBGene00004003,1,0.9666666666666667,PFBS,1.94614031681959,3.04749472253045e-15,True,up
WBGene00011676,1,1.0,PFBS,1.82371746080117,7.32052813724572e-15,True,up
WBGene00015887,1,1.0,PFBS,1.36080655608034,7.5388460252086e-15,True,up
WBGene00022261,1,0.9666666666666667,PFBS,2.58339961391803,2.37762127358789e-14,True,up
WBGene00010470,1,0.9333333333333333,PFBS,2.54053594062798,1.78035238434809e-13,True,up
WBGene00008519,1,1.0,PFBS,2.37358566716662,2.7284990416937897e-13,True,up
WBGene00019886,1,0.9666666666666667,PFBS,6.44651558557782,6.84381499006309e-13,True,up
WBGene00015449,1,1.0,PFBS,2.3643439058443,6.8897065368647e-13,True,up
WBGene00008694,1,0.9333333333333333,PFBS,0.860432952844243,1.10889715459907e-12,True,up
WBGene00020156,1,1.0,PFBS,1.8009342307292,1.2398079672547099e-12,True,up
WBGene00007073,1,0.8666666666666667,PFBS,1.87252992374312,3.5141374362707797e-12,True,up
WBGene00016340,1,0.9666666666666667,PFBS,5.23665736718026,4.1841320773892396e-12,True,up
WBGene00016450,1,1.0,PFBS,-1.27539160306201,4.1841320773892396e-12,True,down
WBGene00009347,1,0.6333333333333333,PFBS,1.02336111172722,8.14568065029536e-12,True,up
WBGene00022076,1,1.0,PFBS,-1.74265783408704,1.1699189856471399e-11,True,down
WBGene00002855,1,1.0,PFBS,0.560745903294199,1.07179049073879e-10,True,up
WBGene00016595,1,1.0,PFBS,2.78892874556522,1.26805995128545e-10,True,up
WBGene00013597,1,1.0,PFBS,0.620939083892488,3.1547752267221e-10,True,up
WBGene00004990,1,0.9,PFBS,-0.747375570393283,5.01988509230176e-10,True,down
WBGene00002095,1,1.0,PFBS,2.07070549468689,5.04002811745872e-10,True,up
WBGene00019090,1,0.9666666666666667,PFBS,2.44436299888173,2.02967703296528e-09,True,up
WBGene00000784,1,0.5,PFBS,-1.03410027420109,2.6893470920756804e-09,True,down
WBGene00014092,1,1.0,PFBS,0.982964649308528,3.1098048733122803e-09,True,up
WBGene00007946,1,0.9666666666666667,PFBS,3.66684175062989,5.19965215886271e-09,True,up
WBGene00016425,1,0.9666666666666667,PFBS,1.93884854865137,5.484557563776391e-09,True,up
WBGene00019660,1,1.0,PFBS,1.69253364315375,6.896834976450771e-09,True,up
WBGene00009259,1,0.6666666666666666,PFBS,0.543295702582464,8.487362838193941e-09,True,up
WBGene00012251,1,1.0,PFBS,-1.00336493033979,8.67349865445243e-09,True,down
WBGene00016998,1,1.0,PFBS,1.58515348697754,1.36008988296286e-08,True,up
WBGene00007364,1,0.9666666666666667,PFBS,4.83520055025344,1.527702520232e-08,True,up
WBGene00010660,1,0.8666666666666667,PFBS,0.845896503224875,1.65161064790863e-08,True,up
WBGene00000783,1,0.9666666666666667,PFBS,0.798966998378486,2.10900773576399e-08,True,up
WBGene00007565,1,1.0,PFBS,-1.98974397829047,2.44867119344237e-08,True,down
WBGene00007650,1,0.9,PFBS,-0.533253603012451,2.51356461438748e-08,True,down
WBGene00007330,1,0.6,PFBS,1.5604866067128,3.23547005023293e-08,True,up
WBGene00009255,1,1.0,PFBS,4.33538531669527,5.17654913916749e-08,True,up
WBGene00017874,1,0.6333333333333333,PFBS,0.600809607925564,5.51338224081078e-08,True,up
WBGene00004999,1,1.0,PFBS,-0.717066190562808,6.66068964216729e-08,True,down
WBGene00235113,1,0.9666666666666667,PFBS,-3.26898249740648,7.65393907730811e-08,True,down
WBGene00009165,1,1.0,PFBS,0.922482983645004,8.85176307356822e-08,True,up
WBGene00009706,1,0.9666666666666667,PFBS,-2.95291035254126,9.01015743114291e-08,True,down
WBGene00017166,1,0.9333333333333333,PFBS,0.428211010062157,9.05987399773278e-08,True,up
WBGene00008296,1,0.8666666666666667,PFBS,1.17497322877484,1.24822959881065e-07,True,up
WBGene00019968,1,0.6,PFBS,2.44291859568956,1.2722194593028e-07,True,up
WBGene00015759,1,0.5333333333333333,PFBS,-0.775461321741496,1.60158115739503e-07,True,down
WBGene00018912,1,0.9666666666666667,PFBS,4.0068371090513,2.00469638308163e-07,True,up
WBGene00007183,1,0.9666666666666667,PFBS,3.02573882207713,2.25088350206271e-07,True,up
WBGene00016610,1,0.9,PFBS,0.657360705646219,2.55444456502741e-07,True,up
WBGene00020182,1,0.9333333333333333,PFBS,1.76783231010102,2.70106554899964e-07,True,up
WBGene00009048,1,0.9,PFBS,-1.16097678582707,2.90935840964241e-07,True,down
WBGene00011675,1,0.9333333333333333,PFBS,2.57313605400417,3.08202078094864e-07,True,up
WBGene00021873,1,0.9,PFBS,-1.91542793055824,4.58346430883276e-07,True,down
WBGene00002249,1,1.0,PFBS,0.354157160964598,5.95209816715629e-07,True,up
WBGene00020128,1,0.8666666666666667,PFBS,1.34865229774722,6.91677138653846e-07,True,up
WBGene00015693,1,1.0,PFBS,1.29452898333928,7.69823540508187e-07,True,up
WBGene00018333,1,0.9333333333333333,PFBS,1.61246928668041,8.51856806695898e-07,True,up
WBGene00011830,1,1.0,PFBS,-0.766274206858149,8.72530269442611e-07,True,down
WBGene00008634,1,0.9666666666666667,PFBS,-1.06606319910736,1.05484450000178e-06,True,down
WBGene00015896,1,1.0,PFBS,1.53708762220653,1.10973199561178e-06,True,up
WBGene00009396,1,0.9,PFBS,0.550489861488319,1.20422222523878e-06,True,up
WBGene00018708,1,0.9666666666666667,PFBS,-1.5428459167097,1.39093500381459e-06,True,down
WBGene00010296,1,0.9333333333333333,PFBS,1.127420201923,1.53051483055109e-06,True,up
WBGene00010238,1,1.0,PFBS,1.12747257622939,1.57535945136175e-06,True,up
WBGene00003093,1,1.0,PFBS,-3.57566609968802,1.67472745246155e-06,True,down
WBGene00021566,1,1.0,PFBS,3.16935720101922,2.43533289830244e-06,True,up
WBGene00018646,1,0.9666666666666667,PFBS,1.20472576059976,3.05624627957126e-06,True,up
WBGene00014057,1,1.0,PFBS,-1.03092311909917,3.05624627957126e-06,True,down
WBGene00021518,1,1.0,PFBS,0.924863998700161,3.26091469682157e-06,True,up
WBGene00044468,1,0.9666666666666667,PFBS,0.913434432447357,3.27252504282456e-06,True,up
WBGene00003091,1,1.0,PFBS,1.14152760662522,3.2802389493753e-06,True,up
WBGene00001753,1,0.8666666666666667,PFBS,2.02420098530926,3.85116104848372e-06,True,up
WBGene00022252,1,1.0,PFBS,0.644820987131072,4.83419527997089e-06,True,up
WBGene00007122,1,0.5666666666666667,PFBS,0.438475456723404,4.95990599424814e-06,True,up
WBGene00003828,1,1.0,PFBS,-1.01230745287863,5.27603094185852e-06,True,down
WBGene00015087,1,0.9666666666666667,PFBS,0.835322949765403,5.36729598682074e-06,True,up
WBGene00194908,1,0.9666666666666667,PFBS,0.918904801783867,5.83430687779672e-06,True,up
WBGene00004001,1,0.9666666666666667,PFBS,0.828324195125422,6.61715003806948e-06,True,up
WBGene00010123,1,1.0,PFBS,-2.11676909284731,6.64347754232891e-06,True,down
WBGene00006636,1,1.0,PFBS,-0.561449770143735,7.89447220581708e-06,True,down
WBGene00016769,1,1.0,PFBS,0.587723354483119,8.97980531753547e-06,True,up
WBGene00016022,1,0.8666666666666667,PFBS,0.813370620977267,1.05004408571897e-05,True,up
WBGene00019279,1,1.0,PFBS,-0.633089476702442,1.19211284596928e-05,True,down
WBGene00017818,1,1.0,PFBS,-0.825924397019078,1.2498624380094e-05,True,down
WBGene00019653,1,1.0,PFBS,-1.1710691841139,1.25426440076879e-05,True,down
WBGene00010034,1,1.0,PFBS,-2.37291018483923,1.62000607189787e-05,True,down
WBGene00000216,1,0.9666666666666667,PFBS,0.3589082133547,2.28312317144688e-05,True,up
WBGene00003891,1,0.9666666666666667,PFBS,0.5311799358106,2.37375522799033e-05,True,up
WBGene00009393,1,0.9666666666666667,PFBS,0.546839154862572,2.46498939625423e-05,True,up
WBGene00009215,1,0.9333333333333333,PFBS,-3.20749317261677,2.64505201966026e-05,True,down
WBGene00001702,1,0.9666666666666667,PFBS,0.679826411916767,2.88565288508071e-05,True,up
WBGene00015172,1,0.9666666666666667,PFBS,0.724569653062697,2.98190461390454e-05,True,up
WBGene00009577,1,0.6333333333333333,PFBS,0.486875837401723,3.37748134992642e-05,True,up
WBGene00010778,1,1.0,PFBS,-0.291272120273137,3.53908441405867e-05,True,down
WBGene00015333,1,0.9666666666666667,PFBS,1.09765844561816,4.20734202526829e-05,True,up
WBGene00009796,1,0.8666666666666667,PFBS,0.595877378352221,4.84107712248499e-05,True,up
WBGene00000972,1,1.0,PFBS,1.24010034177984,5.18167006682083e-05,True,up
WBGene00012664,1,1.0,PFBS,-2.45810209703499,6.18585134772365e-05,True,down
WBGene00003571,1,0.6,PFBS,0.967463188822178,6.8456308653053e-05,True,up
WBGene00009423,1,0.5666666666666667,PFBS,-1.31505314460893,7.74790330689002e-05,True,down
WBGene00003095,1,1.0,PFBS,-2.61935881107106,8.62362446400289e-05,True,down
WBGene00020445,1,0.5666666666666667,PFBS,0.717323334659216,9.45339140886079e-05,True,up
WBGene00018860,1,0.9666666666666667,PFBS,0.44335204834792,0.0001073172655863,True,up
WBGene00012968,1,1.0,PFBS,0.559306842772964,0.0001157966278127,True,up
WBGene00000114,1,1.0,PFBS,0.409878425820431,0.0001157966278127,True,up
WBGene00008654,1,0.9666666666666667,PFBS,-0.611667991428841,0.0001180261045199,True,down
WBGene00003765,1,1.0,PFBS,-1.44620898197956,0.0001212419385176,True,down
WBGene00013901,1,0.9666666666666667,PFBS,1.21525337773102,0.0001212989449994,True,up
WBGene00002056,1,1.0,PFBS,-0.402675731089318,0.0001381522813616,True,down
WBGene00021647,1,0.7,PFBS,0.466681508769161,0.0001397753939861,True,up
WBGene00004986,1,1.0,PFBS,-0.61532788494111,0.0001693909962577,True,down
WBGene00011767,1,0.9666666666666667,PFBS,-0.410658903720578,0.0001701545855755,True,down
WBGene00001399,1,1.0,PFBS,-4.00956269810159,0.0001706945892334,True,down
WBGene00013176,1,1.0,PFBS,0.424465617917696,0.0001724503066845,True,up
WBGene00002118,1,0.5333333333333333,PFBS,-0.778397319563422,0.0001760790920105,True,down
WBGene00009424,1,0.6,PFBS,-1.27443679439257,0.0001771279126279,True,down
WBGene00044073,1,0.5333333333333333,PFBS,0.893891533058298,0.0001868724734179,True,up
WBGene00004218,1,1.0,PFBS,-0.764383404885294,0.0001879289400668,True,down
WBGene00007368,1,0.9333333333333333,PFBS,-1.17007967913996,0.0001889675837269,True,down
WBGene00008495,1,0.9,PFBS,-0.730582664470987,0.0002069049299787,True,down
WBGene00015890,1,1.0,PFBS,2.69993875130291,0.0002111074770619,True,up
WBGene00016957,1,1.0,PFBS,-0.624584919613225,0.0002320912829887,True,down
WBGene00020394,1,1.0,PFBS,1.35252563360166,0.0002509123830286,True,up
WBGene00022817,1,1.0,PFBS,0.412867082449486,0.0002534389110276,True,up
WBGene00011510,1,1.0,PFBS,0.257004993973903,0.0002534389110276,True,up
WBGene00010471,1,0.9666666666666667,PFBS,-0.303487241863126,0.0002774025856424,True,down
WBGene00010791,1,0.9666666666666667,PFBS,1.84539887013534,0.0002826343609722,True,up
WBGene00009450,1,1.0,PFBS,0.523395388906681,0.0003094463202046,True,up
WBGene00001699,1,0.9666666666666667,PFBS,0.590004052818384,0.0003153636536428,True,up
WBGene00017332,1,0.9,PFBS,-1.1552913154247,0.0003307112268857,True,down
WBGene00021872,1,0.7,PFBS,0.8247774473274,0.0003560914396737,True,up
WBGene00000022,1,0.9666666666666667,PFBS,0.426749127128157,0.0003867087080879,True,up
WBGene00016809,1,0.9666666666666667,PFBS,0.579993859645055,0.0004603652821775,True,up
WBGene00270321,1,0.9666666666666667,PFBS,1.40615112640715,0.0005015407729566,True,up
WBGene00019644,1,0.9666666666666667,PFBS,1.03643363875879,0.0005015407729566,True,up
WBGene00001754,1,0.9666666666666667,PFBS,0.792042295148478,0.0005700294979996,True,up
WBGene00008803,1,0.9,PFBS,0.590327878132166,0.0006109696106093,True,up
WBGene00011262,1,1.0,PFBS,-1.20233067971705,0.0006109696106093,True,down
WBGene00021602,1,1.0,PFBS,-1.4727333766953,0.0006460009977086,True,down
WBGene00011076,1,1.0,PFBS,1.76536861013781,0.0006781297544852,True,up
WBGene00008793,1,1.0,PFBS,-0.999824723795495,0.0007253196656186,True,down
WBGene00219274,1,0.9666666666666667,PFBS,1.65497243596491,0.0007311920398453,True,up
WBGene00021768,1,0.8666666666666667,PFBS,1.21538528225414,0.0009506646704716,True,up
WBGene00019986,1,1.0,PFBS,0.373630870829895,0.0009641417096696,True,up
WBGene00001692,1,0.9666666666666667,PFBS,0.769128166813743,0.0009931988943362,True,up
WBGene00008462,1,0.9,PFBS,-1.86558636394555,0.0009971255703093,True,down
WBGene00013035,1,1.0,PFBS,-0.375416219053892,0.001001768038218,True,down
WBGene00003769,1,0.9666666666666667,PFBS,-1.0820942169132,0.0010322150601593,True,down
WBGene00021532,1,0.9666666666666667,PFBS,-0.354164963502193,0.0010491894643359,True,down
WBGene00008917,1,0.9,PFBS,-1.60908610193175,0.0012171063095875,True,down
WBGene00009397,1,1.0,PFBS,0.613022372014636,0.0012226353280245,True,up
WBGene00018765,1,1.0,PFBS,0.418278646986769,0.0012334527310274,True,up
WBGene00010901,1,0.9,PFBS,-0.324991690329924,0.0012867030050868,True,down
WBGene00008050,1,1.0,PFBS,0.9246190941581,0.0013582278917061,True,up
WBGene00008425,1,1.0,PFBS,-0.631680812050376,0.001596563689905,True,down
WBGene00007296,1,0.6333333333333333,PFBS,-0.323465174642582,0.001722138493353,True,down
WBGene00007450,1,1.0,PFBS,0.827305888454759,0.001735928949802,True,up
WBGene00022125,1,0.9666666666666667,PFBS,0.641140444629748,0.0018140907663921,True,up
WBGene00015052,1,0.9333333333333333,PFBS,-1.80092146487207,0.0018140907663921,True,down
WBGene00003099,1,0.9666666666666667,PFBS,-3.39806812027465,0.0018140907663921,True,down
WBGene00008874,1,0.9666666666666667,PFBS,1.12356219863473,0.0018606276638179,True,up
WBGene00001684,1,0.9666666666666667,PFBS,0.331088976860541,0.001919418439986,True,up
WBGene00018971,1,1.0,PFBS,0.648441547353678,0.0019244228198057,True,up
WBGene00019100,1,0.9666666666666667,PFBS,0.941118554009497,0.0020248789465992,True,up
WBGene00012688,1,1.0,PFBS,-1.11426731531805,0.0020974714302382,True,down
WBGene00015190,1,0.9666666666666667,PFBS,-0.516338329872295,0.0021816346764994,True,down
WBGene00002146,1,0.8,PFBS,0.331782584501816,0.0025309529819465,True,up
WBGene00000982,1,0.9666666666666667,PFBS,-0.520915212409092,0.0027242402404033,True,down
WBGene00009526,1,0.9666666666666667,PFBS,1.65685545435968,0.0027365482588719,True,up
WBGene00001500,1,1.0,PFBS,-0.832228301005271,0.0028011739461465,True,down
WBGene00010928,1,0.6333333333333333,PFBS,-2.33264591744424,0.0028011739461465,True,down
WBGene00004059,1,0.9666666666666667,PFBS,0.282953727350063,0.0029131033678989,True,up
WBGene00003096,1,0.8333333333333334,PFBS,-1.17370632813103,0.0029939476209444,True,down
WBGene00001685,1,0.9,PFBS,0.332696115577311,0.003091261973624,True,up
WBGene00020082,1,1.0,PFBS,-0.249875827070833,0.0031170263713207,True,down
WBGene00015768,1,0.9666666666666667,PFBS,0.527343275941849,0.0032354428215113,True,up
WBGene00206354,1,1.0,PFBS,0.807783891074113,0.0032576809341556,True,up
WBGene00019068,1,0.5666666666666667,PFBS,-0.321127534850245,0.0032800188630719,True,down
WBGene00011407,1,0.9666666666666667,PFBS,-0.783106541258563,0.0034499198238679,True,down
WBGene00010124,1,0.9,PFBS,-1.31497291941416,0.0034817035687929,True,down
WBGene00021492,1,1.0,PFBS,0.984882600853638,0.0035814882776943,True,up
WBGene00019619,1,0.7,PFBS,-0.829012774407451,0.0035848247976471,True,down
WBGene00002054,1,0.9666666666666667,PFBS,-0.475735018200507,0.0037406409983665,True,down
WBGene00002008,1,1.0,PFBS,0.350620271125765,0.0038082807190389,True,up
WBGene00016663,1,0.5333333333333333,PFBS,0.400093806531855,0.0038126358749968,True,up
WBGene00019732,1,0.9666666666666667,PFBS,-0.445778662253815,0.0038126358749968,True,down
WBGene00008538,1,1.0,PFBS,-0.926126989929779,0.0038126358749968,True,down
WBGene00284844,1,1.0,PFBS,-1.57483620081656,0.0038126358749968,True,down
WBGene00009256,1,1.0,PFBS,0.359590743290679,0.0038196796799712,True,up
WBGene00011532,1,1.0,PFBS,-0.480527169974371,0.0044068805060704,True,down
WBGene00010931,1,1.0,PFBS,-0.895314200494413,0.004744489594453,True,down
WBGene00002891,1,0.6,PFBS,0.224407150698918,0.0050284316430509,True,up
WBGene00003611,1,1.0,PFBS,0.446447787381799,0.0051545806302379,True,up
WBGene00044001,1,0.9,PFBS,-1.02271921288816,0.0057812602364912,True,down
WBGene00008199,1,1.0,PFBS,0.569406252646181,0.0060442524412228,True,up
WBGene00014864,1,0.9666666666666667,PFBS,-0.645924431377197,0.0065905672045816,True,down
WBGene00003233,1,0.6333333333333333,PFBS,-0.284563768919891,0.0065967314129042,True,down
WBGene00009971,1,1.0,PFBS,0.61297596710469,0.0067876626196259,True,up
WBGene00002199,1,0.9666666666666667,PFBS,0.712132386170141,0.0070314979180431,True,up
WBGene00012911,1,0.9666666666666667,PFBS,0.380971102822965,0.007079478012881,True,up
WBGene00044455,1,0.9,PFBS,-0.778549858691744,0.0071021413759292,True,down
WBGene00044396,1,0.9666666666666667,PFBS,0.47896996561077,0.0074273582898177,True,up
WBGene00010516,1,1.0,PFBS,-0.885218278400883,0.007447543082587,True,down
WBGene00019164,1,1.0,PFBS,0.341670548648945,0.007718904900569,True,up
WBGene00011105,1,1.0,PFBS,0.655689303158229,0.0077724242554014,True,up
WBGene00003474,1,1.0,PFBS,1.67793473020694,0.0080531489073277,True,up
WBGene00020658,1,0.9666666666666667,PFBS,0.501556094176004,0.0081366101466334,True,up
WBGene00008629,1,1.0,PFBS,-1.11839397228041,0.0081508585085463,True,down
WBGene00009849,1,0.9,PFBS,-2.28602119730375,0.0081716947140107,True,down
WBGene00016756,1,0.9,PFBS,-0.5792952546037,0.0084877429431969,True,down
WBGene00015799,1,1.0,PFBS,1.42956060213299,0.0085522481197543,True,up
WBGene00045457,1,0.9666666666666667,PFBS,2.18042811498862,0.0086862155487855,True,up
WBGene00006886,1,1.0,PFBS,-0.533549846068175,0.0087410473919289,True,down
WBGene00015050,1,1.0,PFBS,-0.481434685728192,0.0087500411308384,True,down
WBGene00003094,1,0.9,PFBS,-1.89917111278748,0.0091039992873794,True,down
WBGene00016424,1,0.9666666666666667,PFBS,0.821637078521361,0.0091173583374935,True,up
WBGene00017592,1,0.9,PFBS,-0.485997613455689,0.0093533749040222,True,down
WBGene00043062,1,1.0,PFBS,-0.576489169424548,0.009480219408509,True,down
WBGene00002274,1,0.6333333333333333,PFBS,0.353900659458924,0.009570209939554,True,up
WBGene00014215,1,0.9,PFBS,0.303321205064824,0.0096067540778692,True,up
WBGene00004405,1,1.0,PFBS,0.38393938617275,0.0096701871956137,True,up
WBGene00044382,1,0.5666666666666667,PFBS,0.75277022865876,0.0103466115232539,True,up
WBGene00206384,1,1.0,PFBS,1.59376209908527,0.0105105165902293,True,up
WBGene00004796,1,1.0,PFBS,0.313068777597168,0.0134473209987115,True,up
WBGene00000245,1,0.9666666666666667,PFBS,0.439702844945161,0.0134701181984149,True,up
WBGene00011212,1,1.0,PFBS,0.378421238048505,0.0135287089658344,True,up
WBGene00014046,1,0.9666666666666667,PFBS,-1.99063111044893,0.014097201158442,True,down
WBGene00000556,1,1.0,PFBS,-1.12179525071154,0.0150685319363362,True,down
WBGene00014801,1,1.0,PFBS,0.54689846779344,0.0153588223021223,True,up
WBGene00007138,1,1.0,PFBS,0.616625027420012,0.01556828781953,True,up
WBGene00018903,1,0.8666666666666667,PFBS,-0.972998956031198,0.0155724816021299,True,down
WBGene00015913,1,0.9666666666666667,PFBS,2.7671431231644,0.0168575527020998,True,up
WBGene00018755,1,0.8666666666666667,PFBS,0.714446499271932,0.0171549209358642,True,up
WBGene00003555,1,0.5,PFBS,-0.363064566734325,0.0178311846358628,True,down
WBGene00001153,1,1.0,PFBS,-0.269141739170019,0.0193502543849393,True,down
WBGene00019089,1,0.9666666666666667,PFBS,2.04438364772104,0.0196969647044574,True,up
WBGene00010630,1,0.9333333333333333,PFBS,0.37073951806364,0.0210173291176466,True,up
WBGene00020938,1,1.0,PFBS,-0.609279041305346,0.0211759221046311,True,down
WBGene00016577,1,1.0,PFBS,-1.47550450807999,0.0216413401385311,True,down
WBGene00004259,1,1.0,PFBS,-0.53761428820895,0.0219407214000735,True,down
WBGene00003627,1,0.9666666666666667,PFBS,0.20985412297988,0.0229306335020321,True,up
WBGene00000526,1,0.9666666666666667,PFBS,0.366743655536114,0.0243910566853449,True,up
WBGene00021745,1,0.9,PFBS,0.642710723337004,0.0248195747410493,True,up
WBGene00006562,1,0.6333333333333333,PFBS,-0.310734096174064,0.0248195747410493,True,down
WBGene00008584,1,1.0,PFBS,-1.04275401942521,0.0248195747410493,True,down
WBGene00000781,1,1.0,PFBS,-0.544301557618121,0.0249058172089083,True,down
WBGene00003625,1,0.9666666666666667,PFBS,0.212700075973716,0.0253449676608222,True,up
WBGene00004191,1,0.9333333333333333,PFBS,0.337600573666945,0.0257244341701007,True,up
WBGene00008735,1,1.0,PFBS,-0.285356811109313,0.0265256644053917,True,down
WBGene00018587,1,0.9333333333333333,PFBS,0.390234359440248,0.0271819596173131,True,up
WBGene00016739,1,0.9666666666666667,PFBS,-0.167563036315477,0.0271819596173131,True,down
WBGene00007228,1,0.9666666666666667,PFBS,0.59278231352961,0.027209058049507,True,up
WBGene00015469,1,0.9,PFBS,0.375710348263403,0.0276184619279341,True,up
WBGene00009494,1,0.5666666666666667,PFBS,-1.19150019782357,0.0276208633633629,True,down
WBGene00019465,1,1.0,PFBS,0.202287829904425,0.0276633959300384,True,up
WBGene00017881,1,1.0,PFBS,-1.13600272300249,0.0278241337710997,True,down
WBGene00022756,1,1.0,PFBS,0.818350691320137,0.0288598717986546,True,up
WBGene00003717,1,1.0,PFBS,1.12286469584585,0.0290340448170976,True,up
WBGene00003695,1,1.0,PFBS,0.482855365365638,0.0297290947723756,True,up
WBGene00004091,1,0.6,PFBS,0.310141014645658,0.030391955829176,True,up
WBGene00011757,1,1.0,PFBS,-1.02356355270726,0.0354437305130653,True,down
WBGene00019458,1,1.0,PFBS,-0.47331821711083,0.0383501349792397,True,down
WBGene00021583,1,0.9666666666666667,PFBS,0.396767227572061,0.038355332082295,True,up
WBGene00006588,1,1.0,PFBS,0.331788044953433,0.0389866803871925,True,up
WBGene00011399,1,0.6666666666666666,PFBS,-0.398398444563377,0.0394960919675977,True,down
WBGene00013559,1,1.0,PFBS,0.726854467747183,0.0401886543224359,True,up
WBGene00016162,1,1.0,PFBS,0.198349986014824,0.0409806558027084,True,up
WBGene00020989,1,1.0,PFBS,0.309125526562607,0.0412930098068389,True,up
WBGene00009430,1,0.9666666666666667,PFBS,-0.547803305609883,0.041945018881243,True,down
WBGene00011223,1,1.0,PFBS,-0.586603466651738,0.042804713090497,True,down
WBGene00011860,1,1.0,PFBS,0.296710672381073,0.0431375829914337,True,up
WBGene00000190,1,0.9666666666666667,PFBS,1.14573674739437,0.044173501956665,True,up
WBGene00018467,1,1.0,PFBS,-0.251672100266665,0.044173501956665,True,down
WBGene00010774,1,1.0,PFBS,-0.565519754213845,0.0444865572349958,True,down
WBGene00009166,1,1.0,PFBS,-1.77712849038005,0.0447564702448683,True,down
WBGene00003907,1,0.9666666666666667,PFBS,0.292795811250128,0.0451747657188031,True,up
WBGene00020009,1,0.9666666666666667,PFBS,-0.675102289214796,0.0461031171774247,True,down
WBGene00016292,1,1.0,PFBS,0.204793372565807,0.0465322091363474,True,up
WBGene00010282,1,0.5,PFBS,0.722350269153782,0.0469184690562585,True,up
WBGene00019725,1,0.9,PFBS,0.275944226722708,0.0479025881535155,True,up
WBGene00001786,1,0.6333333333333333,PFBS,0.837189554239503,0.0483090273712775,True,up
WBGene00020143,1,1.0,PFBS,0.220524991269289,0.0496748360894573,True,up
WBGene00012107,1,0.9333333333333333,PFBS,0.613435315139138,0.0503538265097346,False,up
WBGene00004225,1,0.5333333333333333,PFBS,-0.369745039099286,0.0514052952071188,False,down
WBGene00020365,1,1.0,PFBS,-0.58910888573241,0.0514052952071188,False,down
WBGene00003736,1,0.5,PFBS,0.301680403042525,0.0523359197029176,False,up
WBGene00015122,1,0.5,PFBS,0.276873040873432,0.0524172399168507,False,up
WBGene00013748,1,1.0,PFBS,0.87608814246644,0.0524494790206914,False,up
WBGene00022891,1,1.0,PFBS,0.83712334235872,0.0524494790206914,False,up
WBGene00006461,1,0.6333333333333333,PFBS,-0.494661593688022,0.0531420140200823,False,down
WBGene00000981,1,0.9,PFBS,0.482612821957205,0.0536512284769303,False,up
WBGene00022199,1,1.0,PFBS,0.1935351967287,0.0554531616048264,False,up
WBGene00010337,1,1.0,PFBS,-0.240412015544779,0.0555310224328153,False,down
WBGene00009635,1,1.0,PFBS,-0.27398681621461,0.055648614535119,False,down
WBGene00018990,1,1.0,PFBS,0.286298803600981,0.0560773122203177,False,up
WBGene00017123,1,0.8666666666666667,PFBS,0.36724060042053,0.056362582985116,False,up
WBGene00017125,1,1.0,PFBS,-0.219669360110783,0.0570766141097955,False,down
WBGene00009995,1,1.0,PFBS,0.195949709090124,0.0576057757514436,False,up
WBGene00004195,1,0.8,PFBS,0.266153636855277,0.0586004076304499,False,up
WBGene00008500,1,0.8666666666666667,PFBS,0.613904631945186,0.0592023873484464,False,up
WBGene00003224,1,0.7666666666666667,PFBS,-0.326567704623105,0.0592023873484464,False,down
WBGene00022657,1,0.9666666666666667,PFBS,-0.576998691363405,0.0592023873484464,False,down
WBGene00003767,1,0.9,PFBS,-0.714468240210469,0.0592035463909969,False,down
WBGene00021590,1,1.0,PFBS,0.68809860862788,0.0593438262512159,False,up
WBGene00017376,1,1.0,PFBS,-0.368670672697605,0.0593438262512159,False,down
WBGene00002272,1,1.0,PFBS,-0.444452484690515,0.0593563742773909,False,down
WBGene00009169,1,1.0,PFBS,-2.32746633659023,0.0595684327107502,False,down
WBGene00002055,1,1.0,PFBS,-0.580374494411966,0.0600969557381987,False,down
WBGene00002057,1,1.0,PFBS,-0.359519386109746,0.0618081628895471,False,down
WBGene00009170,1,1.0,PFBS,-1.91683747029202,0.0618081628895471,False,down
WBGene00017071,1,1.0,PFBS,-0.518500655444989,0.0627686298327112,False,down
WBGene00017720,1,0.9,PFBS,0.483466512717098,0.0636415735399896,False,up
WBGene00044440,1,0.6,PFBS,0.218198376824785,0.0649888852309938,False,up
WBGene00012293,1,0.9666666666666667,PFBS,1.45748862728815,0.0682381155189292,False,up
WBGene00001915,1,1.0,PFBS,-0.199414027313296,0.0683927418762516,False,down
WBGene00016451,1,1.0,PFBS,-1.02570646013865,0.069052948251578,False,down
WBGene00008067,1,1.0,PFBS,-2.33793220795365,0.0694577459238982,False,down
WBGene00016274,1,0.8666666666666667,PFBS,-1.17015610508232,0.070963292470724,False,down
WBGene00013904,1,0.9666666666666667,PFBS,-0.558752917945333,0.0712204074900141,False,down
WBGene00020760,1,0.6,PFBS,1.04086544811501,0.0720603739801612,False,up
WBGene00015906,1,1.0,PFBS,-1.09217587884785,0.0727180115428718,False,down
WBGene00019249,1,1.0,PFBS,0.193291429248362,0.0740672642910413,False,up
WBGene00016705,1,0.9333333333333333,PFBS,-0.283997821719041,0.0740672642910413,False,down
WBGene00044644,1,0.9666666666666667,PFBS,1.02964697480607,0.0761491395973193,False,up
WBGene00018113,1,0.9666666666666667,PFBS,0.662975325525577,0.0763268645209481,False,up
WBGene00009311,1,0.7333333333333333,PFBS,-1.57574413761508,0.076470753944634,False,down
WBGene00006658,1,1.0,PFBS,-0.691390222239102,0.0772461740513165,False,down
WBGene00011362,1,0.9333333333333333,PFBS,-0.924483863531288,0.0789934857773176,False,down
WBGene00007867,1,0.9666666666666667,PFBS,-0.740788303513014,0.0799835259485789,False,down
WBGene00004007,1,1.0,PFBS,-1.22731655453204,0.082348642407629,False,down
WBGene00011090,1,0.9666666666666667,PFBS,0.322108302668227,0.0852041008682597,False,up
WBGene00011990,1,1.0,PFBS,-0.234934989009092,0.0857725041852938,False,down
WBGene00009073,1,0.5333333333333333,PFBS,-1.2175928603751,0.0857817688152614,False,down
WBGene00004804,1,1.0,PFBS,0.251144746789653,0.086022417684345,False,up
WBGene00004193,1,1.0,PFBS,0.273871732740914,0.0867583221444917,False,up
WBGene00008575,1,1.0,PFBS,1.10058120004185,0.0884850026695873,False,up
WBGene00010822,1,0.8666666666666667,PFBS,0.365750811936819,0.0906925390747395,False,up
WBGene00045331,1,1.0,PFBS,1.07987141940137,0.0943385983748314,False,up
WBGene00008019,1,1.0,PFBS,0.163221025469366,0.095227430531883,False,up
WBGene00017625,1,0.9666666666666667,PFBS,0.401928871841295,0.0954019328447465,False,up
WBGene00013419,1,0.9666666666666667,PFBS,-0.609956780476137,0.0956548936721267,False,down
WBGene00001545,1,0.9,PFBS,0.754080927582514,0.097044679091615,False,up
WBGene00219309,1,1.0,PFBS,-1.69772618174205,0.0984458090262364,False,down
WBGene00077692,1,0.9666666666666667,PFBS,1.09849642799217,0.0985582837698984,False,up
WBGene00017022,1,0.9666666666666667,PFBS,0.556712279901783,0.0985582837698984,False,up
WBGene00013381,1,1.0,PFBS,-0.798681281902016,0.0985582837698984,False,down
WBGene00017200,1,1.0,PFBS,-1.09340142888059,0.0985582837698984,False,down
WBGene00009488,1,1.0,PFBS,-0.958737400467916,0.0998539401840711,False,down
WBGene00015088,1,0.5666666666666667,PFBS,0.213548688636223,0.101134077802373,False,up
WBGene00008300,1,0.7333333333333333,PFBS,0.431398200641116,0.102792342172864,False,up
WBGene00017688,1,0.9,PFBS,-0.337173203970552,0.104665384045846,False,down
WBGene00044212,1,0.9666666666666667,PFBS,-1.57218660704644,0.104902041375187,False,down
WBGene00017156,1,0.8333333333333334,PFBS,0.383016813647633,0.104957580499201,False,up
WBGene00012533,1,1.0,PFBS,-0.498697394580753,0.104957580499201,False,down
WBGene00016096,1,1.0,PFBS,-0.675536964604824,0.105599122476325,False,down
WBGene00008068,1,1.0,PFBS,-1.86817395947762,0.105599122476325,False,down
WBGene00022490,1,1.0,PFBS,-0.316351590001349,0.106544332965328,False,down
WBGene00016112,1,0.9333333333333333,PFBS,-0.250226838115239,0.106649442921308,False,down
WBGene00010031,1,1.0,PFBS,-0.842177044179122,0.10694407519035,False,down
WBGene00007404,1,0.5,PFBS,-0.632486149531324,0.108853140313318,False,down
WBGene00010947,1,1.0,PFBS,-0.281219374201785,0.109382474848277,False,down
WBGene00021556,1,1.0,PFBS,0.260514613746446,0.109975524561969,False,up
WBGene00009056,1,1.0,PFBS,0.793507189155583,0.110258238526309,False,up
WBGene00016150,1,0.8666666666666667,PFBS,-0.347156287615928,0.112557581814256,False,down
WBGene00018920,1,0.6,PFBS,0.647988075756206,0.114832239437753,False,up
WBGene00018902,1,1.0,PFBS,-0.543518342409246,0.1151998311463,False,down
WBGene00014135,1,0.8,PFBS,0.75016225040938,0.119139967077986,False,up
WBGene00000068,1,0.8666666666666667,PFBS,0.149676569869668,0.119875557647547,False,up
WBGene00016939,1,1.0,PFBS,0.384699339933664,0.120208074236571,False,up
WBGene00009354,1,0.9666666666666667,PFBS,-0.391646297349209,0.120208074236571,False,down
WBGene00004049,1,0.9,PFBS,-0.246675079924135,0.120733012233902,False,down
WBGene00007848,1,0.9666666666666667,PFBS,-0.218964613369168,0.123391545074764,False,down
WBGene00000488,1,1.0,PFBS,0.26751097737976,0.124227730972335,False,up
WBGene00019843,1,1.0,PFBS,-0.297569280025174,0.126646950581751,False,down
WBGene00001885,1,0.9,PFBS,-0.769904297984071,0.126963863650999,False,down
WBGene00000116,1,0.9,PFBS,0.271033560658519,0.129467479048773,False,up
WBGene00020137,1,1.0,PFBS,-0.479595520370225,0.129467479048773,False,down
WBGene00010050,1,0.8,PFBS,0.35113720244704,0.129576092320496,False,up
WBGene00015955,1,0.8666666666666667,PFBS,0.215675349803795,0.129576092320496,False,up
WBGene00017027,1,0.7,PFBS,0.553597475417315,0.130054144824236,False,up
WBGene00003763,1,0.9666666666666667,PFBS,-1.161756110925,0.131272180329666,False,down
WBGene00002250,1,1.0,PFBS,0.213498592707653,0.131768345205485,False,up
WBGene00018191,1,0.9666666666666667,PFBS,0.320812551600896,0.132031075380201,False,up
WBGene00000478,1,1.0,PFBS,0.177924769652915,0.132437403142607,False,up
WBGene00016159,1,1.0,PFBS,0.221414305699449,0.133725427416161,False,up
WBGene00021223,1,1.0,PFBS,-1.39767951364814,0.133725427416161,False,down
WBGene00009735,1,0.9333333333333333,PFBS,-0.474983050045008,0.133734005067568,False,down
WBGene00018279,1,1.0,PFBS,-0.547937375099486,0.133899710696863,False,down
WBGene00005712,1,0.9666666666666667,PFBS,0.239317586037363,0.135734326029415,False,up
WBGene00012747,1,1.0,PFBS,-0.767209741019194,0.137211940021697,False,down
WBGene00019599,1,0.6333333333333333,PFBS,0.263863060873927,0.138954412122201,False,up
WBGene00017463,1,0.9666666666666667,PFBS,0.252523590164331,0.138954412122201,False,up
WBGene00013284,1,1.0,PFBS,0.254323377527936,0.139977744803201,False,up
WBGene00001766,1,0.9,PFBS,1.3604384296595,0.143598660740229,False,up
WBGene00019730,1,1.0,PFBS,-0.32914661442675,0.143883752980416,False,down
WBGene00009168,1,1.0,PFBS,-1.75596933523057,0.148108142946997,False,down
WBGene00019763,1,0.6333333333333333,PFBS,-0.553296982610219,0.151448920748335,False,down
WBGene00000979,1,0.6666666666666666,PFBS,-1.06760648756853,0.153655138330328,False,down
WBGene00008564,1,1.0,PFBS,-0.201396648769608,0.157920560712541,False,down
WBGene00007819,1,1.0,PFBS,0.329999410560837,0.158600983066775,False,up
WBGene00020580,1,0.9666666666666667,PFBS,0.693723216532512,0.159947101633237,False,up
WBGene00009678,1,0.5333333333333333,PFBS,-0.233254843055533,0.161609366529138,False,down
WBGene00003764,1,0.9666666666666667,PFBS,0.410329683625348,0.162642116401444,False,up
WBGene00018393,1,1.0,PFBS,-1.35424795057147,0.163366964016391,False,down
WBGene00010558,1,1.0,PFBS,0.220230239412303,0.164024708825235,False,up
WBGene00021183,1,0.6333333333333333,PFBS,0.638380426490539,0.164114005203202,False,up
WBGene00017971,1,1.0,PFBS,0.207238989303544,0.165374536880412,False,up
WBGene00001761,1,1.0,PFBS,-0.316617235018091,0.169169014770508,False,down
WBGene00195181,1,0.9333333333333333,PFBS,-2.57500120255194,0.169169014770508,False,down
WBGene00007786,1,0.9666666666666667,PFBS,0.132313838716723,0.174347609148686,False,up
WBGene00219451,1,1.0,PFBS,-0.316251530699379,0.175157866497077,False,down
WBGene00011575,1,0.8333333333333334,PFBS,0.249988238828609,0.180274385410519,False,up
WBGene00044574,1,1.0,PFBS,-0.613873981036255,0.180563338397783,False,down
WBGene00016585,1,0.5333333333333333,PFBS,0.273646064119987,0.180726048251906,False,up
WBGene00009648,1,1.0,PFBS,-0.272452956229611,0.180726048251906,False,down
WBGene00015110,1,0.9333333333333333,PFBS,-0.33248130458488,0.180726048251906,False,down
WBGene00008492,1,1.0,PFBS,-0.456409485463003,0.180726048251906,False,down
WBGene00013820,1,1.0,PFBS,-0.749516831098712,0.180726048251906,False,down
WBGene00004124,1,0.9333333333333333,PFBS,0.275538881188125,0.181230619994646,False,up
WBGene00002137,1,1.0,PFBS,-0.125968526580751,0.181396518685752,False,down
WBGene00020141,1,1.0,PFBS,-0.379548178262365,0.182551045768331,False,down
WBGene00019895,1,1.0,PFBS,0.243860920787429,0.184440488310535,False,up
WBGene00003507,1,0.9666666666666667,PFBS,0.221786274811752,0.187547661570775,False,up
WBGene00019738,1,0.9,PFBS,0.351047917696546,0.190415649780619,False,up
WBGene00014008,1,0.6,PFBS,0.622994104309921,0.190566042461096,False,up
WBGene00021928,1,0.9666666666666667,PFBS,0.357367147895748,0.192550244790019,False,up
WBGene00006463,1,0.9666666666666667,PFBS,-0.316783432320782,0.195129610579619,False,down
WBGene00020335,1,0.5,PFBS,-0.485333723198013,0.195332967030501,False,down
WBGene00022504,1,1.0,PFBS,-0.728517808335442,0.195332967030501,False,down
WBGene00017072,1,0.9333333333333333,PFBS,0.805259686061452,0.195495797355373,False,up
WBGene00023451,1,0.9,PFBS,0.528685262332612,0.196348719803823,False,up
WBGene00006979,1,1.0,PFBS,0.712293944695833,0.196536836901014,False,up
WBGene00017322,1,0.5333333333333333,PFBS,-0.312304791367575,0.196851221787809,False,down
WBGene00013417,1,0.9666666666666667,PFBS,-0.631908453607651,0.197703846924023,False,down
WBGene00019803,1,0.9666666666666667,PFBS,0.283554672416203,0.198334932688253,False,up
WBGene00003733,1,0.9666666666666667,PFBS,0.1617997518348,0.200300426291893,False,up
WBGene00008184,1,1.0,PFBS,0.764668664279363,0.201179929253219,False,up
WBGene00000178,1,1.0,PFBS,-0.152133586210738,0.202801683630936,False,down
WBGene00019945,1,1.0,PFBS,-0.83421553302265,0.203201102779743,False,down
WBGene00017959,1,1.0,PFBS,0.599161786080592,0.203465365812526,False,up
WBGene00012597,1,1.0,PFBS,0.729951827111289,0.20513844054885,False,up
WBGene00019764,1,0.8666666666666667,PFBS,0.304964065082402,0.205898046964804,False,up
WBGene00018918,1,1.0,PFBS,-1.23791438792551,0.207038024707739,False,down
WBGene00020589,1,0.9666666666666667,PFBS,-0.246586518309656,0.207503246946046,False,down
WBGene00000135,1,0.9,PFBS,0.279196611468643,0.208916180713995,False,up
WBGene00001149,1,1.0,PFBS,0.175898042871437,0.209283031721518,False,up
WBGene00015739,1,1.0,PFBS,0.425768643177243,0.210470730840797,False,up
WBGene00000985,1,1.0,PFBS,0.127146434044371,0.210470730840797,False,up
WBGene00022028,1,0.6666666666666666,PFBS,0.573724904198421,0.212789304918461,False,up
WBGene00017151,1,1.0,PFBS,0.275886010510736,0.212956326504602,False,up
WBGene00021709,1,1.0,PFBS,0.428487915298112,0.212994512994084,False,up
WBGene00015455,1,0.9666666666666667,PFBS,-0.67508647136175,0.21314642452802,False,down
WBGene00010128,1,1.0,PFBS,0.417249121308871,0.214071120962226,False,up
WBGene00015037,1,0.6333333333333333,PFBS,-0.267897690931979,0.214114590351342,False,down
WBGene00020311,1,1.0,PFBS,0.348895474758923,0.218757606392524,False,up
WBGene00008180,1,0.5666666666666667,PFBS,-0.872692532886072,0.223017518006725,False,down
WBGene00009774,1,0.9666666666666667,PFBS,0.325201804140579,0.225576670840974,False,up
WBGene00015716,1,1.0,PFBS,0.257273102778936,0.225576670840974,False,up
WBGene00007904,1,0.5333333333333333,PFBS,-0.311978439149792,0.225576670840974,False,down
WBGene00007482,1,1.0,PFBS,-0.339678775141021,0.225640063812351,False,down
WBGene00013980,1,0.6,PFBS,1.03432336605036,0.226811402240408,False,up
WBGene00000996,1,0.5666666666666667,PFBS,0.16850298714031,0.227481693491678,False,up
WBGene00010421,1,1.0,PFBS,0.33149018850114,0.227577189202425,False,up
WBGene00012782,1,1.0,PFBS,-0.146892796984972,0.228113865018888,False,down
WBGene00010275,1,0.9,PFBS,0.37918087211516,0.229566502698266,False,up
WBGene00008022,1,0.9333333333333333,PFBS,-0.389790113540982,0.230208660695777,False,down
WBGene00009495,1,0.9333333333333333,PFBS,-0.475974286345938,0.23242278221448,False,down
WBGene00008094,1,0.9666666666666667,PFBS,0.138702333990135,0.233332759449588,False,up
WBGene00000281,1,1.0,PFBS,0.162666287779263,0.235193415221876,False,up
WBGene00013840,1,1.0,PFBS,-0.572668172585488,0.238146084120572,False,down
WBGene00001432,1,0.5666666666666667,PFBS,-0.315280436824491,0.238532912678914,False,down
WBGene00020010,1,0.6,PFBS,-0.468400450473721,0.239217695785425,False,down
WBGene00022127,1,0.9666666666666667,PFBS,-0.145943730509364,0.240213774253154,False,down
WBGene00001494,1,1.0,PFBS,0.135984450616036,0.241697488096688,False,up
WBGene00011564,1,1.0,PFBS,0.129616149772015,0.242352375235811,False,up
WBGene00020924,1,0.7333333333333333,PFBS,0.326116108717977,0.242943836694438,False,up
WBGene00006751,1,1.0,PFBS,0.113052542576893,0.242943836694438,False,up
WBGene00011130,1,1.0,PFBS,1.23174624997974,0.244488324204622,False,up
WBGene00022847,1,0.9666666666666667,PFBS,0.262939108894786,0.244488324204622,False,up
WBGene00008798,1,0.6,PFBS,0.51574782708324,0.245867574262088,False,up
WBGene00011089,1,1.0,PFBS,0.280882754225774,0.246357977008135,False,up
WBGene00019907,1,0.9333333333333333,PFBS,0.200088956633117,0.246894163987915,False,up
WBGene00013594,1,0.9666666666666667,PFBS,0.345236831285792,0.247030719962029,False,up
WBGene00012530,1,1.0,PFBS,0.177763241674557,0.250800979181283,False,up
WBGene00017448,1,1.0,PFBS,-0.150543036624173,0.250800979181283,False,down
WBGene00004238,1,1.0,PFBS,-0.148433086639253,0.25082742364554,False,down
WBGene00014115,1,1.0,PFBS,0.138415928299213,0.252001551915336,False,up
WBGene00013497,1,1.0,PFBS,-0.269185463688283,0.252001551915336,False,down
WBGene00009216,1,0.9666666666666667,PFBS,0.272059947249569,0.252640510780166,False,up
WBGene00014761,1,1.0,PFBS,-0.506989282502209,0.253476200585741,False,down
WBGene00304201,1,1.0,PFBS,-1.11046413889469,0.253534646042521,False,down
WBGene00012155,1,1.0,PFBS,-0.434976208806114,0.253566938867527,False,down
WBGene00015098,1,1.0,PFBS,-0.588787736535604,0.253566938867527,False,down
WBGene00004930,1,0.9333333333333333,PFBS,0.256414118852323,0.253763475462888,False,up
WBGene00020378,1,1.0,PFBS,-0.275354719511077,0.253763475462888,False,down
WBGene00015933,1,1.0,PFBS,-0.749904520371382,0.253763475462888,False,down
WBGene00020743,1,1.0,PFBS,-0.541013174173092,0.253969266429162,False,down
WBGene00015280,1,0.5333333333333333,PFBS,-0.151812788064088,0.254756116523627,False,down
WBGene00017506,1,1.0,PFBS,-0.432449953879917,0.265511898752601,False,down
WBGene00014113,1,1.0,PFBS,-0.293735846310045,0.266198622799626,False,down
WBGene00003862,1,0.9666666666666667,PFBS,0.403558565423253,0.267570399726778,False,up
WBGene00007455,1,0.5,PFBS,-0.239797055583739,0.267570399726778,False,down
WBGene00012947,1,0.7333333333333333,PFBS,1.2353736270961,0.269065330715088,False,up
WBGene00004369,1,0.9666666666666667,PFBS,0.132943519366283,0.269610744761313,False,up
WBGene00019664,1,0.9666666666666667,PFBS,0.155260689928241,0.271191892650776,False,up
WBGene00000163,1,0.8666666666666667,PFBS,-0.0882738874764501,0.271796449159283,False,down
WBGene00003377,1,1.0,PFBS,0.577406156041649,0.271811884661586,False,up
WBGene00009361,1,1.0,PFBS,-0.458141237734813,0.273156292690289,False,down
WBGene00008596,1,0.9,PFBS,-0.343837087401119,0.274329775432138,False,down
WBGene00016217,1,1.0,PFBS,-0.350562309429171,0.274329775432138,False,down
WBGene00021136,1,0.7666666666666667,PFBS,0.768589606030952,0.276863725732838,False,up
WBGene00018424,1,1.0,PFBS,0.460595768840681,0.276863725732838,False,up
WBGene00000137,1,0.9666666666666667,PFBS,0.163656585983512,0.276863725732838,False,up
WBGene00020088,1,1.0,PFBS,-0.148674589257329,0.277100365528224,False,down
WBGene00014253,1,1.0,PFBS,0.203255636158412,0.278398567342062,False,up
WBGene00271830,1,0.9,PFBS,-0.634644636055365,0.281705606422108,False,down
WBGene00015424,1,1.0,PFBS,-0.400608025549791,0.285645095155634,False,down
WBGene00018280,1,1.0,PFBS,-0.255659971042215,0.287998615917104,False,down
WBGene00004944,1,0.9666666666666667,PFBS,0.196673513216579,0.288530369958229,False,up
WBGene00021159,1,1.0,PFBS,-0.227160762603181,0.290867683739178,False,down
WBGene00001034,1,1.0,PFBS,0.0965109845982625,0.291335666959671,False,up
WBGene00004172,1,0.9666666666666667,PFBS,0.154908475221766,0.29273621728177,False,up
WBGene00235114,1,1.0,PFBS,-0.49967044234173,0.293241058026434,False,down
WBGene00019128,1,0.6,PFBS,0.253939463420319,0.293310417974951,False,up
WBGene00010745,1,1.0,PFBS,-0.585197231055373,0.293310417974951,False,down
WBGene00001773,1,0.9666666666666667,PFBS,1.60974760993785,0.293377101854754,False,up
WBGene00010080,1,1.0,PFBS,0.232817406603081,0.293377101854754,False,up
WBGene00021835,1,0.7,PFBS,-0.223841073820495,0.293377101854754,False,down
WBGene00006730,1,1.0,PFBS,-0.131464904548029,0.294149014327845,False,down
WBGene00012840,1,1.0,PFBS,-0.623061600941802,0.294149014327845,False,down
WBGene00010253,1,1.0,PFBS,1.11007921966738,0.294340944591248,False,up
WBGene00009785,1,0.9666666666666667,PFBS,0.479765563140206,0.29560587891787,False,up
WBGene00006478,1,0.8666666666666667,PFBS,-0.099063272458895,0.296026180666327,False,down
WBGene00011209,1,1.0,PFBS,-0.620997502210983,0.296026180666327,False,down
WBGene00017727,1,1.0,PFBS,-0.137651455152608,0.296979943002547,False,down
WBGene00008940,1,1.0,PFBS,0.136778033152039,0.297228101187225,False,up
WBGene00001527,1,1.0,PFBS,0.108769192836424,0.297228101187225,False,up
WBGene00020648,1,1.0,PFBS,-0.552262131670807,0.297228101187225,False,down
WBGene00022179,1,1.0,PFBS,0.516339729938982,0.298350866436736,False,up
WBGene00007090,1,0.8333333333333334,PFBS,0.113522823469782,0.298350866436736,False,up
WBGene00019731,1,0.7333333333333333,PFBS,0.341999232208241,0.298580314690557,False,up
WBGene00017658,1,0.9333333333333333,PFBS,-1.2461960218256,0.299313461209324,False,down
WBGene00001746,1,0.9666666666666667,PFBS,0.113483291810228,0.30028517582241,False,up
WBGene00013766,1,0.9,PFBS,-0.16964497344345,0.301187707414897,False,down
WBGene00015644,1,0.6333333333333333,PFBS,0.0974452974206292,0.30259891231454,False,up
WBGene00044903,1,1.0,PFBS,0.295060778791292,0.305869572037315,False,up
WBGene00000439,1,0.9666666666666667,PFBS,-0.249197766837627,0.309619507128817,False,down
WBGene00011906,1,0.9,PFBS,-0.433261519873632,0.310387196428557,False,down
WBGene00007658,1,0.9666666666666667,PFBS,-1.42123041827926,0.311584742604718,False,down
WBGene00194926,1,0.9666666666666667,PFBS,0.643536568209411,0.313926807471056,False,up
WBGene00009529,1,0.6333333333333333,PFBS,0.24030727660936,0.314405329074626,False,up
WBGene00010840,1,1.0,PFBS,0.119252782445169,0.314405329074626,False,up
WBGene00001787,1,0.9666666666666667,PFBS,0.464457845096197,0.315278094221843,False,up
WBGene00018760,1,0.5666666666666667,PFBS,0.313028676500936,0.31547271066772,False,up
WBGene00001919,1,0.9,PFBS,-0.550299759894118,0.317148066502005,False,down
WBGene00011940,1,0.5333333333333333,PFBS,-0.134167415925556,0.31748167304281,False,down
WBGene00018579,1,1.0,PFBS,-0.212834090142096,0.319249512041449,False,down
WBGene00010646,1,1.0,PFBS,-0.294489713232736,0.319249512041449,False,down
WBGene00019362,1,1.0,PFBS,-0.179779324014623,0.319676089245949,False,down
WBGene00008368,1,0.9666666666666667,PFBS,0.205750753034057,0.32227537766832,False,up
WBGene00018478,1,0.7,PFBS,-0.520578387631903,0.32297518011687,False,down
WBGene00017641,1,0.9666666666666667,PFBS,0.216144850707696,0.323467300733396,False,up
WBGene00015473,1,0.6333333333333333,PFBS,-0.674673763327937,0.326993545373982,False,down
WBGene00007662,1,0.9666666666666667,PFBS,-1.50609929400503,0.326993545373982,False,down
WBGene00020901,1,0.9666666666666667,PFBS,0.226733450514375,0.3283347392501,False,up
WBGene00006678,1,1.0,PFBS,0.221444728787232,0.329816850811344,False,up
WBGene00007431,1,0.9333333333333333,PFBS,-0.239121152667195,0.329816850811344,False,down
WBGene00022848,1,1.0,PFBS,0.185931959479716,0.330070213525342,False,up
WBGene00006780,1,0.9666666666666667,PFBS,-0.138854850164109,0.330070213525342,False,down
WBGene00000789,1,0.7666666666666667,PFBS,-0.171752405767237,0.330652011974691,False,down
WBGene00012295,1,0.9666666666666667,PFBS,0.36895092457931,0.330672755022764,False,up
WBGene00004890,1,1.0,PFBS,-0.164573899825294,0.330774501881028,False,down
WBGene00008644,1,0.6,PFBS,-0.289783469634458,0.330884760028758,False,down
WBGene00018839,1,1.0,PFBS,0.566595764414624,0.332629745464588,False,up
WBGene00045048,1,1.0,PFBS,0.606617620603165,0.332702121028491,False,up
WBGene00016763,1,1.0,PFBS,0.210737372688615,0.332702121028491,False,up
WBGene00009782,1,0.6333333333333333,PFBS,0.465523627363054,0.33362899110312,False,up
WBGene00011821,1,1.0,PFBS,-0.258780586401615,0.33375905690924,False,down
WBGene00045416,1,0.9666666666666667,PFBS,0.676319494258039,0.334513485990436,False,up
WBGene00022260,1,1.0,PFBS,0.215174045821977,0.334805050741195,False,up
WBGene00003771,1,1.0,PFBS,-0.45628658489857,0.334980202709075,False,down
WBGene00018591,1,0.9666666666666667,PFBS,-0.557118925718903,0.334980202709075,False,down
WBGene00011952,1,0.6333333333333333,PFBS,-0.63237324622364,0.334980202709075,False,down
WBGene00005648,1,0.9333333333333333,PFBS,0.135864288409718,0.335186164004736,False,up
WBGene00021895,1,1.0,PFBS,-0.163667150657347,0.336310728662373,False,down
WBGene00044708,1,0.9666666666666667,PFBS,-1.49800391752034,0.336440737533961,False,down
WBGene00015388,1,0.9666666666666667,PFBS,0.701405189893173,0.336514478062583,False,up
WBGene00007465,1,0.9666666666666667,PFBS,0.335189964226434,0.337258270587071,False,up
WBGene00019908,1,0.7333333333333333,PFBS,0.176726235665177,0.337258270587071,False,up
WBGene00010508,1,0.9,PFBS,-1.18264750635485,0.340174468220904,False,down
WBGene00001480,1,1.0,PFBS,-0.259725231466559,0.341220211480646,False,down
WBGene00016323,1,1.0,PFBS,-0.170723858168385,0.341868653628679,False,down
WBGene00004781,1,0.7666666666666667,PFBS,-0.201635647050896,0.34214258922535,False,down
WBGene00003758,1,0.9666666666666667,PFBS,0.243873098955302,0.344843540299445,False,up
WBGene00016987,1,0.9333333333333333,PFBS,-0.235768812458528,0.344853322704027,False,down
WBGene00045297,1,0.9333333333333333,PFBS,-0.438307615404313,0.3449268926431,False,down
WBGene00017703,1,0.6333333333333333,PFBS,-0.935162266834552,0.347373031949099,False,down
WBGene00195045,1,0.7,PFBS,-0.619290413412661,0.347784820640241,False,down
WBGene00009394,1,1.0,PFBS,0.131992821977214,0.348564527145112,False,up
WBGene00013261,1,0.9333333333333333,PFBS,0.193292811784499,0.349303071055953,False,up
WBGene00044207,1,0.9666666666666667,PFBS,-1.38787112997327,0.349303071055953,False,down
WBGene00012042,1,0.8666666666666667,PFBS,0.40364945568604,0.349578766590715,False,up
WBGene00003397,1,0.9,PFBS,-0.128679497212472,0.34975823981702,False,down
WBGene00008168,1,0.8666666666666667,PFBS,0.266371351620776,0.349855943302669,False,up
WBGene00022329,1,0.8,PFBS,0.367390188714501,0.350662378395843,False,up
WBGene00016201,1,0.9666666666666667,PFBS,0.321051622519151,0.350662378395843,False,up
WBGene00005670,1,0.9,PFBS,0.518162674554093,0.354719118217475,False,up
WBGene00000150,1,0.6666666666666666,PFBS,0.0923792611523527,0.354817746112688,False,up
WBGene00020884,1,1.0,PFBS,-0.12763639016632,0.354817746112688,False,down
WBGene00018144,1,0.8666666666666667,PFBS,-0.323422720966684,0.355067237070594,False,down
WBGene00010566,1,0.6333333333333333,PFBS,-0.332562886824072,0.356210682680757,False,down
WBGene00007617,1,0.9333333333333333,PFBS,-0.182863058656441,0.359420623387193,False,down
WBGene00005009,1,0.5666666666666667,PFBS,0.0891992101419036,0.359744011107201,False,up
WBGene00015324,1,0.6,PFBS,0.180620996310576,0.360738902075081,False,up
WBGene00016817,1,1.0,PFBS,-0.281581868517424,0.360925856325556,False,down
WBGene00044898,1,1.0,PFBS,-0.377167002108964,0.36330419148276,False,down
WBGene00007153,1,1.0,PFBS,0.17771863509399,0.365796675392864,False,up
WBGene00013935,1,1.0,PFBS,-0.922251504893934,0.36607682257185,False,down
WBGene00010649,1,0.6,PFBS,-0.264458785268375,0.367772008173736,False,down
WBGene00000968,1,0.9333333333333333,PFBS,-0.282645650068449,0.367772008173736,False,down
WBGene00022606,1,1.0,PFBS,-0.439157510900773,0.367978565195843,False,down
WBGene00012781,1,0.5,PFBS,-0.626912419171925,0.367978565195843,False,down
WBGene00014052,1,0.6,PFBS,-0.33927969854724,0.369277317675955,False,down
WBGene00009692,1,0.6,PFBS,-0.487228752202804,0.369277317675955,False,down
WBGene00001794,1,0.9,PFBS,0.130536878812882,0.370824337546103,False,up
WBGene00015277,1,0.9,PFBS,0.547162741692404,0.371279941036614,False,up
WBGene00000786,1,1.0,PFBS,-0.213480305378496,0.371279941036614,False,down
WBGene00020972,1,0.6333333333333333,PFBS,-0.221316568822254,0.371279941036614,False,down
WBGene00006504,1,1.0,PFBS,0.120440547596851,0.373521787056102,False,up
WBGene00019552,1,1.0,PFBS,-0.476315717274419,0.373521787056102,False,down
WBGene00021028,1,1.0,PFBS,-0.519985758069609,0.374466456459072,False,down
WBGene00003934,1,1.0,PFBS,-0.113182025960823,0.37802137959754,False,down
WBGene00001491,1,1.0,PFBS,-0.126835402440801,0.379274172467452,False,down
WBGene00007682,1,0.9333333333333333,PFBS,0.926285992302953,0.379635240582562,False,up
WBGene00017438,1,0.9,PFBS,0.596651752908439,0.380389561004212,False,up
WBGene00013917,1,1.0,PFBS,0.15125383396184,0.381534841890875,False,up
WBGene00195093,1,0.6333333333333333,PFBS,-0.144634480856904,0.381534841890875,False,down
WBGene00004790,1,1.0,PFBS,-0.209337488321414,0.381534841890875,False,down
WBGene00001942,1,1.0,PFBS,-0.451295914954367,0.385831698774231,False,down
WBGene00005893,1,1.0,PFBS,-0.486083776726627,0.386187505441824,False,down
WBGene00007591,1,1.0,PFBS,0.176958919493564,0.389062511994744,False,up
WBGene00006633,1,0.9666666666666667,PFBS,0.179306558082885,0.390283506622316,False,up
WBGene00017537,1,1.0,PFBS,0.32356881466773,0.391967880151924,False,up
WBGene00019846,1,1.0,PFBS,-0.338595473017408,0.391967880151924,False,down
WBGene00010148,1,1.0,PFBS,0.718241627785451,0.39250638561625,False,up
WBGene00008452,1,1.0,PFBS,-0.102739905516668,0.39250638561625,False,down
WBGene00001854,1,1.0,PFBS,0.235374763360638,0.39447125396526,False,up
WBGene00022365,1,1.0,PFBS,0.147354468601442,0.395190188400746,False,up
WBGene00007010,1,0.9666666666666667,PFBS,0.114700259905349,0.395807757562473,False,up
WBGene00011708,1,0.9666666666666667,PFBS,-0.188250097130576,0.397225991381025,False,down
WBGene00002717,1,0.9666666666666667,PFBS,0.0922308616437371,0.397346575803625,False,up
WBGene00009900,1,1.0,PFBS,0.343092460544804,0.397495155246552,False,up
WBGene00014914,1,1.0,PFBS,-0.314855616277508,0.397994866566289,False,down
WBGene00019315,1,0.9,PFBS,0.618411743901065,0.39877347181139,False,up
WBGene00001939,1,0.9666666666666667,PFBS,-0.569669461739735,0.39904318164613,False,down
WBGene00007909,1,0.9666666666666667,PFBS,0.644954848301411,0.402228664268327,False,up
WBGene00001740,1,0.5666666666666667,PFBS,-0.143460785178722,0.402228664268327,False,down
WBGene00022200,1,0.6,PFBS,-0.153248599421608,0.402947515884504,False,down
WBGene00008005,1,0.6333333333333333,PFBS,-0.274917486564835,0.403815102611158,False,down
WBGene00017777,1,1.0,PFBS,-0.138301981016914,0.404528838955512,False,down
WBGene00021897,1,0.9666666666666667,PFBS,0.215884085525672,0.407249878757342,False,up
WBGene00007303,1,0.9,PFBS,-0.398954127740765,0.408111711242178,False,down
WBGene00008553,1,0.9,PFBS,-0.480369030042393,0.409239024495562,False,down
WBGene00007907,1,0.6333333333333333,PFBS,0.232015009136434,0.409831842274028,False,up
WBGene00000279,1,0.9666666666666667,PFBS,0.205751320857061,0.410266730458244,False,up
WBGene00017645,1,1.0,PFBS,-0.551607030956336,0.410522495325977,False,down
WBGene00004149,1,0.9666666666666667,PFBS,-1.51763784849826,0.412351165502489,False,down
WBGene00006947,1,0.7333333333333333,PFBS,-0.618398734354886,0.412434098492116,False,down
WBGene00019604,1,1.0,PFBS,0.403083237155467,0.415780034041072,False,up
WBGene00019109,1,0.9,PFBS,0.35996695585517,0.416528142107378,False,up
WBGene00013593,1,0.7333333333333333,PFBS,-0.0846128440430323,0.419353892237277,False,down
WBGene00014206,1,1.0,PFBS,0.528694013269423,0.420399995032532,False,up
WBGene00013634,1,0.9666666666666667,PFBS,-0.918098884646635,0.420634390697522,False,down
WBGene00005649,1,0.9666666666666667,PFBS,0.398831707728059,0.423524401371091,False,up
WBGene00018715,1,1.0,PFBS,0.2479852771505,0.423739062981818,False,up
WBGene00012456,1,1.0,PFBS,-0.551200792410619,0.425156081796657,False,down
WBGene00016106,1,1.0,PFBS,-0.446957785209578,0.426066231282747,False,down
WBGene00010605,1,1.0,PFBS,0.120751310340138,0.426485183498124,False,up
WBGene00007324,1,1.0,PFBS,-0.210341379942016,0.426830554084158,False,down
WBGene00007358,1,0.9,PFBS,-0.516251041972013,0.426861388228309,False,down
WBGene00017443,1,0.9666666666666667,PFBS,0.226173000999294,0.427138107752728,False,up
WBGene00003172,1,1.0,PFBS,0.108017446718015,0.427638599224314,False,up
WBGene00012112,1,0.9333333333333333,PFBS,-0.20800322666566,0.427638599224314,False,down
WBGene00012168,1,1.0,PFBS,0.396579901087265,0.431101182346582,False,up
WBGene00011841,1,1.0,PFBS,0.809354405750056,0.431984006492055,False,up
WBGene00008858,1,0.9666666666666667,PFBS,-0.723537130342441,0.436461188153452,False,down
WBGene00002978,1,1.0,PFBS,-0.104704354946824,0.43743293377385,False,down
WBGene00015080,1,0.9,PFBS,-0.386737939833707,0.43743293377385,False,down
WBGene00016409,1,0.9666666666666667,PFBS,0.126029021854881,0.437841482106131,False,up
WBGene00008985,1,0.9666666666666667,PFBS,0.837409670606043,0.438212167682161,False,up
WBGene00018313,1,0.7,PFBS,0.539447414837289,0.438441305522358,False,up
WBGene00010514,1,0.8666666666666667,PFBS,-0.379534541284438,0.438441305522358,False,down
WBGene00007674,1,0.8666666666666667,PFBS,-1.3796578400286,0.438588450391206,False,down
WBGene00010988,1,0.5333333333333333,PFBS,-0.248148566020931,0.440584445835343,False,down
WBGene00001719,1,0.5666666666666667,PFBS,0.256014444599987,0.440966729833586,False,up
WBGene00013541,1,0.9666666666666667,PFBS,0.184927393630221,0.442169599206627,False,up
WBGene00008390,1,0.6,PFBS,-0.488061965258978,0.443340573088823,False,down
WBGene00012279,1,0.9666666666666667,PFBS,0.361114979512398,0.445560566828332,False,up
WBGene00019060,1,0.9,PFBS,0.223313231535634,0.446395002862295,False,up
WBGene00017024,1,0.9666666666666667,PFBS,1.20153078972763,0.448259755104509,False,up
WBGene00021860,1,0.8666666666666667,PFBS,0.748207253806614,0.448335732257991,False,up
WBGene00001931,1,0.9666666666666667,PFBS,-0.56373638566833,0.44838321266531,False,down
WBGene00000840,1,0.8666666666666667,PFBS,-0.0888992868231852,0.448728908487391,False,down
WBGene00011967,1,1.0,PFBS,-0.116716145673895,0.449783300201967,False,down
WBGene00010597,1,0.9666666666666667,PFBS,0.169205655399326,0.453656596875779,False,up
WBGene00011762,1,0.9,PFBS,-0.23237422547079,0.457054934251251,False,down
WBGene00001767,1,1.0,PFBS,-0.320047178739934,0.45770566868427,False,down
WBGene00000212,1,0.9,PFBS,-0.255257306909117,0.458273017941239,False,down
WBGene00005293,1,0.9,PFBS,-0.867382124789517,0.45904700130953,False,down
WBGene00001932,1,1.0,PFBS,-0.364481036361077,0.459414762320137,False,down
WBGene00016571,1,0.9666666666666667,PFBS,0.374004567744557,0.460164721300638,False,up
WBGene00022346,1,0.9666666666666667,PFBS,0.223371178615885,0.460349893516321,False,up
WBGene00008486,1,0.9666666666666667,PFBS,0.377067885411579,0.460412122723546,False,up
WBGene00020797,1,0.9666666666666667,PFBS,0.609883291471753,0.461508052468992,False,up
WBGene00007068,1,0.9666666666666667,PFBS,0.146015580635902,0.46528012993582,False,up
WBGene00018806,1,1.0,PFBS,-0.293919804221647,0.465836562102044,False,down
WBGene00194646,1,0.9666666666666667,PFBS,-1.13228461250458,0.465836562102044,False,down
WBGene00001926,1,0.9333333333333333,PFBS,-0.388484879285876,0.469058808578002,False,down
WBGene00086558,1,0.6333333333333333,PFBS,0.734776973186313,0.47256485346209,False,up
WBGene00003868,1,0.9666666666666667,PFBS,0.135596249529059,0.474208148568278,False,up
WBGene00045253,1,1.0,PFBS,0.358287537238876,0.474828889552387,False,up
WBGene00007978,1,1.0,PFBS,-0.216820628387826,0.477188911389736,False,down
WBGene00001960,1,0.9,PFBS,0.419208195443313,0.477437230376548,False,up
WBGene00011044,1,0.6333333333333333,PFBS,0.16154438733498,0.478509573882354,False,up
WBGene00011451,1,0.9,PFBS,-0.171381472896785,0.479648088167099,False,down
WBGene00010625,1,0.7,PFBS,0.1368927994736,0.480801049258757,False,up
WBGene00006369,1,0.9666666666666667,PFBS,0.0910060618029015,0.486428877167381,False,up
WBGene00001937,1,0.9333333333333333,PFBS,-0.717373086264029,0.48853298809493,False,down
WBGene00006918,1,0.7666666666666667,PFBS,0.095338364736285,0.488701673092428,False,up
WBGene00021526,1,0.6333333333333333,PFBS,-0.980015843598174,0.490178774128921,False,down
WBGene00019367,1,1.0,PFBS,0.329658825594856,0.490757360233375,False,up
WBGene00019268,1,1.0,PFBS,-0.237582103861375,0.491505586898053,False,down
WBGene00044457,1,0.6,PFBS,0.407407502117385,0.492707981105732,False,up
WBGene00001896,1,0.7666666666666667,PFBS,0.33647151072652,0.492707981105732,False,up
WBGene00018067,1,1.0,PFBS,-0.177550967488004,0.492707981105732,False,down
WBGene00007240,1,0.9333333333333333,PFBS,-0.220381153313426,0.492707981105732,False,down
WBGene00001903,1,0.9666666666666667,PFBS,-0.814726825807082,0.492707981105732,False,down
WBGene00000418,1,0.6666666666666666,PFBS,-0.132621895955542,0.494070409344567,False,down
WBGene00195165,1,0.9666666666666667,PFBS,-0.961559841072241,0.495759631666937,False,down
WBGene00016061,1,1.0,PFBS,-0.160412265028429,0.49579452941365,False,down
WBGene00015373,1,0.8666666666666667,PFBS,0.478061252070257,0.497045867911406,False,up
WBGene00022469,1,1.0,PFBS,0.163204891771834,0.497295726833935,False,up
WBGene00004390,1,0.7,PFBS,-0.136301436804519,0.498223432144031,False,down
WBGene00003371,1,0.9666666666666667,PFBS,-0.10126803611937,0.499070032579922,False,down
WBGene00008797,1,0.9,PFBS,-0.486693501132262,0.499158019436307,False,down
WBGene00022062,1,0.9666666666666667,PFBS,0.320764639987182,0.502511174517491,False,up
WBGene00015426,1,0.7,PFBS,0.574620130620298,0.503287533601568,False,up
WBGene00016089,1,0.9666666666666667,PFBS,-0.26047302713518,0.503766395656652,False,down
WBGene00009480,1,0.5,PFBS,-0.525943415620018,0.506635005186504,False,down
WBGene00001927,1,0.9333333333333333,PFBS,-0.367589474250677,0.507097696074912,False,down
WBGene00012101,1,0.9666666666666667,PFBS,0.427385202257522,0.507384000909735,False,up
WBGene00013281,1,1.0,PFBS,0.608855556894318,0.507687778140661,False,up
WBGene00001536,1,1.0,PFBS,0.217267029987761,0.509089584022211,False,up
WBGene00017467,1,0.5666666666666667,PFBS,0.402782414994932,0.509245566831673,False,up
WBGene00206373,1,0.9666666666666667,PFBS,0.300346975903059,0.510151813258738,False,up
WBGene00016499,1,0.9666666666666667,PFBS,0.174438833283575,0.510682022209569,False,up
WBGene00019288,1,0.9,PFBS,0.632089301590515,0.512201130379775,False,up
WBGene00001694,1,0.9,PFBS,0.642677513194951,0.512221607751393,False,up
WBGene00022375,1,0.9666666666666667,PFBS,-0.717827732580947,0.512221607751393,False,down
WBGene00017867,1,0.9,PFBS,-0.350873395774546,0.517917568380441,False,down
WBGene00022497,1,0.6333333333333333,PFBS,-0.35207070948569,0.518047270086251,False,down
WBGene00000929,1,0.9666666666666667,PFBS,-0.097176451407698,0.518501462019679,False,down
WBGene00020726,1,0.9666666666666667,PFBS,0.137885978469978,0.519297836360104,False,up
WBGene00011101,1,0.9666666666666667,PFBS,0.246208035495233,0.52083013489528,False,up
WBGene00019029,1,0.9666666666666667,PFBS,-0.455717618401006,0.522244224398088,False,down
WBGene00044772,1,1.0,PFBS,-0.409711301182579,0.522371795284608,False,down
WBGene00002063,1,0.8666666666666667,PFBS,0.235196730831817,0.52411779514037,False,up
WBGene00020732,1,0.9666666666666667,PFBS,0.105917299901666,0.524153439481577,False,up
WBGene00011886,1,1.0,PFBS,-0.273830883445636,0.524892834303107,False,down
WBGene00022169,1,0.9,PFBS,-0.0820579858194763,0.524956845467498,False,down
WBGene00008214,1,0.9666666666666667,PFBS,0.162236638236059,0.528277749131161,False,up
WBGene00000964,1,1.0,PFBS,-0.191854029061304,0.528452196580956,False,down
WBGene00044435,1,0.6333333333333333,PFBS,-0.218037569118317,0.528452196580956,False,down
WBGene00007015,1,1.0,PFBS,-0.187246178794862,0.529077419360792,False,down
WBGene00010902,1,0.9,PFBS,-0.185765421805742,0.529091723737999,False,down
WBGene00016048,1,0.7666666666666667,PFBS,-0.352313459285152,0.530684728916283,False,down
WBGene00021213,1,1.0,PFBS,-0.3539361587128,0.531329528567773,False,down
WBGene00009902,1,1.0,PFBS,-0.42534750557455,0.531329528567773,False,down
WBGene00004421,1,0.5666666666666667,PFBS,-0.0914978967646653,0.531528133897946,False,down
WBGene00011880,1,1.0,PFBS,-0.161085021121975,0.532363822138916,False,down
WBGene00011774,1,0.9666666666666667,PFBS,-0.180427090431114,0.533171776189295,False,down
WBGene00044260,1,0.6333333333333333,PFBS,-0.14615387433203,0.534794032089325,False,down
WBGene00009499,1,0.7,PFBS,0.125597102474221,0.534859149187697,False,up
WBGene00011936,1,1.0,PFBS,-0.0859138088834187,0.534859149187697,False,down
WBGene00015185,1,1.0,PFBS,-0.101496726328847,0.539133455172347,False,down
WBGene00006975,1,1.0,PFBS,0.0644132746421586,0.543351279515609,False,up
WBGene00007866,1,0.5333333333333333,PFBS,-0.56167997650045,0.543603573938594,False,down
WBGene00007956,1,0.9666666666666667,PFBS,0.0837045367113483,0.544907299851686,False,up
WBGene00044416,1,1.0,PFBS,-1.3817874100265,0.544993208721163,False,down
WBGene00194746,1,0.9666666666666667,PFBS,0.492836143297114,0.545104785854352,False,up
WBGene00000472,1,1.0,PFBS,-0.0599520441836455,0.545352326602201,False,down
WBGene00021000,1,0.6333333333333333,PFBS,-0.282030547568146,0.545352326602201,False,down
WBGene00006876,1,0.9666666666666667,PFBS,0.126501965746741,0.546075930027678,False,up
WBGene00006434,1,0.9666666666666667,PFBS,0.106023571617651,0.548266822875176,False,up
WBGene00016360,1,0.8,PFBS,0.322214324264008,0.548567328173659,False,up
WBGene00019917,1,0.9,PFBS,-0.344440580165912,0.549189912639417,False,down
WBGene00012670,1,0.6,PFBS,-0.654657827963273,0.549189912639417,False,down
WBGene00017775,1,1.0,PFBS,-0.108748703268523,0.550081859514636,False,down
WBGene00007657,1,0.9666666666666667,PFBS,-0.908296791354117,0.550128978883598,False,down
WBGene00010563,1,0.5333333333333333,PFBS,-0.502946008807117,0.551939869404493,False,down
WBGene00022518,1,0.9666666666666667,PFBS,0.0728274689443634,0.55384018925516,False,up
WBGene00044666,1,0.5,PFBS,-0.166139142530829,0.554103502870994,False,down
WBGene00008167,1,1.0,PFBS,-0.139251031051187,0.554397077198562,False,down
WBGene00007726,1,0.5333333333333333,PFBS,-0.304372158036906,0.556771110271531,False,down
WBGene00007841,1,1.0,PFBS,0.256473196391204,0.558159754529573,False,up
WBGene00001984,1,1.0,PFBS,0.176603869761989,0.558495869495796,False,up
WBGene00011238,1,1.0,PFBS,-0.331117763574154,0.558923810909053,False,down
WBGene00002097,1,0.9666666666666667,PFBS,0.269104246639753,0.55999069803067,False,up
WBGene00006718,1,0.9666666666666667,PFBS,0.209636771202774,0.559997075833544,False,up
WBGene00001602,1,1.0,PFBS,0.110940523545213,0.561792562569748,False,up
WBGene00011539,1,0.8666666666666667,PFBS,0.437638985150499,0.565472645160745,False,up
WBGene00006493,1,0.9666666666666667,PFBS,-0.0780569939868719,0.568106339821088,False,down
WBGene00022457,1,0.9,PFBS,0.136667122694801,0.569882961975059,False,up
WBGene00018038,1,1.0,PFBS,-0.468717079939791,0.57060425043774,False,down
WBGene00013289,1,1.0,PFBS,-0.131883933595411,0.571730044035934,False,down
WBGene00006735,1,1.0,PFBS,-0.0782826898359527,0.573218195784775,False,down
WBGene00018137,1,0.9,PFBS,-0.172040140340214,0.574394251649708,False,down
WBGene00012552,1,0.9666666666666667,PFBS,0.169316947362598,0.575030347869277,False,up
WBGene00206359,1,0.9333333333333333,PFBS,-0.809846745622317,0.580138509047333,False,down
WBGene00011832,1,1.0,PFBS,-0.114879646753553,0.581128354061433,False,down
WBGene00004346,1,0.9333333333333333,PFBS,0.131801441552288,0.582416122000448,False,up
WBGene00044759,1,0.9666666666666667,PFBS,0.252870534881033,0.583216034646473,False,up
WBGene00011530,1,1.0,PFBS,-0.419026092848304,0.583216034646473,False,down
WBGene00021814,1,1.0,PFBS,0.172627146674379,0.58501402492841,False,up
WBGene00044201,1,0.9666666666666667,PFBS,-1.79710796387547,0.586148985880986,False,down
WBGene00006309,1,0.9666666666666667,PFBS,-0.109307744256019,0.586497047618157,False,down
WBGene00007661,1,0.9666666666666667,PFBS,-0.952546232172517,0.586497047618157,False,down
WBGene00019961,1,0.9,PFBS,-0.508560481468753,0.58698400718968,False,down
WBGene00021683,1,1.0,PFBS,0.0832454615554765,0.587519339793485,False,up
WBGene00011437,1,1.0,PFBS,-0.145329769893513,0.587519339793485,False,down
WBGene00018412,1,0.9666666666666667,PFBS,0.548596578752117,0.591230409022284,False,up
WBGene00044588,1,0.6,PFBS,0.271555773011019,0.591230409022284,False,up
WBGene00008810,1,0.9666666666666667,PFBS,0.414538822485774,0.591859950401403,False,up
WBGene00016781,1,1.0,PFBS,-0.125991525669322,0.593403362890285,False,down
WBGene00017441,1,0.9666666666666667,PFBS,0.406505000397317,0.593991359573592,False,up
WBGene00009789,1,1.0,PFBS,-0.147370162440148,0.594416435151975,False,down
WBGene00009947,1,1.0,PFBS,0.136124112363699,0.59972696954722,False,up
WBGene00194742,1,0.9,PFBS,-0.454589025521906,0.603049090431322,False,down
WBGene00015167,1,0.8666666666666667,PFBS,-0.25036284092136,0.603292307230883,False,down
WBGene00019393,1,1.0,PFBS,-0.409191461037007,0.603497556590966,False,down
WBGene00014172,1,0.9666666666666667,PFBS,0.0915045895170751,0.604129693899218,False,up
WBGene00009554,1,0.9,PFBS,0.279976569883849,0.604165849865814,False,up
WBGene00017121,1,1.0,PFBS,-0.0909794152623092,0.604583633923794,False,down
WBGene00022801,1,1.0,PFBS,-0.112075461829441,0.604583633923794,False,down
WBGene00016892,1,1.0,PFBS,0.297552124027069,0.605421898035069,False,up
WBGene00044316,1,0.9666666666666667,PFBS,-0.272521067793927,0.606526675679417,False,down
WBGene00016073,1,1.0,PFBS,-0.0959125864345701,0.607338609663764,False,down
WBGene00016517,1,1.0,PFBS,-0.248557982264645,0.607808190324959,False,down
WBGene00012030,1,0.9666666666666667,PFBS,0.0797939866871292,0.608006061990199,False,up
WBGene00009157,1,1.0,PFBS,-0.209036051949495,0.611308844751355,False,down
WBGene00044403,1,1.0,PFBS,-0.203352193022819,0.61268206206796,False,down
WBGene00001771,1,1.0,PFBS,-0.229919713386193,0.613362998069577,False,down
WBGene00009504,1,1.0,PFBS,0.130724370275789,0.613441117957736,False,up
WBGene00008152,1,1.0,PFBS,0.235550806757793,0.614683497219581,False,up
WBGene00045419,1,1.0,PFBS,0.0631352882313224,0.614949693480946,False,up
WBGene00020626,1,1.0,PFBS,-0.262696076908438,0.615119057225849,False,down
WBGene00007574,1,0.6,PFBS,-0.151780457752539,0.615627649950233,False,down
WBGene00077757,1,0.8666666666666667,PFBS,0.420227453580357,0.616376744817146,False,up
WBGene00016686,1,0.9333333333333333,PFBS,0.621073436040821,0.616538708615159,False,up
WBGene00044028,1,1.0,PFBS,-0.236567290886662,0.61854458250958,False,down
WBGene00012324,1,0.9,PFBS,-0.247314794799318,0.619519194466513,False,down
WBGene00010504,1,1.0,PFBS,-0.118996873546946,0.619903696994176,False,down
WBGene00016657,1,1.0,PFBS,-0.242150764941352,0.620201512390826,False,down
WBGene00000409,1,0.6333333333333333,PFBS,-0.086816896132019,0.620980440769918,False,down
WBGene00001882,1,0.9666666666666667,PFBS,-0.454366426888293,0.621095995002982,False,down
WBGene00020472,1,0.9666666666666667,PFBS,-0.777721946789982,0.621131338992121,False,down
WBGene00014091,1,0.9666666666666667,PFBS,0.0876735950610777,0.621851511004053,False,up
WBGene00015378,1,1.0,PFBS,0.11653342287781,0.622323746526469,False,up
WBGene00164973,1,1.0,PFBS,-0.244844656248107,0.622323746526469,False,down
WBGene00001880,1,0.9666666666666667,PFBS,-0.335920255249086,0.623816907260784,False,down
WBGene00018174,1,0.9666666666666667,PFBS,-0.11484965232798,0.624241089272559,False,down
WBGene00011852,1,0.9,PFBS,0.168948872903269,0.624462485797797,False,up
WBGene00019314,1,0.9333333333333333,PFBS,-0.256906067331637,0.62779714408299,False,down
WBGene00000991,1,1.0,PFBS,0.131770811309791,0.627924059009224,False,up
WBGene00016648,1,1.0,PFBS,-0.170949231487975,0.628002996370105,False,down
WBGene00010844,1,0.9,PFBS,-0.0694523859990068,0.628199287579141,False,down
WBGene00009453,1,0.6666666666666666,PFBS,0.115989993458368,0.629231422108525,False,up
WBGene00021066,1,0.9666666666666667,PFBS,0.542700562662356,0.631094832780859,False,up
WBGene00021564,1,0.9333333333333333,PFBS,0.0835708781973244,0.631094832780859,False,up
WBGene00018402,1,0.9,PFBS,0.136398501626428,0.631166684570457,False,up
WBGene00022691,1,0.9666666666666667,PFBS,-0.317737034786816,0.631368209296849,False,down
WBGene00000522,1,0.6666666666666666,PFBS,0.189105929794186,0.631372679765454,False,up
WBGene00044807,1,0.9333333333333333,PFBS,-0.414659751650036,0.631496700618472,False,down
WBGene00022661,1,0.9666666666666667,PFBS,0.40252107317796,0.632692149898956,False,up
WBGene00018353,1,0.9666666666666667,PFBS,0.380986741239166,0.633659681768988,False,up
WBGene00009813,1,0.9666666666666667,PFBS,0.137011055096537,0.633659681768988,False,up
WBGene00006944,1,1.0,PFBS,0.0777366154298978,0.634157514691149,False,up
WBGene00006566,1,0.9,PFBS,-0.0965172788875321,0.634492875219437,False,down
WBGene00011476,1,1.0,PFBS,-0.117734843784067,0.634494212130543,False,down
WBGene00043279,1,0.9,PFBS,0.240284701722333,0.634711981415666,False,up
WBGene00017755,1,0.9333333333333333,PFBS,-0.152529498685296,0.638574367732831,False,down
WBGene00008507,1,0.9666666666666667,PFBS,-0.814157056762364,0.639605883203911,False,down
WBGene00015089,1,0.9666666666666667,PFBS,0.535777626232575,0.640589815247858,False,up
WBGene00016034,1,0.9666666666666667,PFBS,0.128046626524612,0.64059178905361,False,up
WBGene00020360,1,1.0,PFBS,0.108639028695401,0.641099095335344,False,up
WBGene00138721,1,0.9666666666666667,PFBS,-0.631925384169358,0.643063101796676,False,down
WBGene00003413,1,1.0,PFBS,0.156205957219814,0.643218862290022,False,up
WBGene00008301,1,0.9666666666666667,PFBS,-0.577680338068128,0.644523088094093,False,down
WBGene00019496,1,0.9666666666666667,PFBS,0.20932077771366,0.644583642766523,False,up
WBGene00015828,1,0.9666666666666667,PFBS,-0.655070093192464,0.645597177668274,False,down
WBGene00007835,1,0.7,PFBS,0.220148017901293,0.646009173514987,False,up
WBGene00013564,1,0.9666666666666667,PFBS,0.381508641491604,0.648546162017821,False,up
WBGene00007906,1,0.9666666666666667,PFBS,0.101370341863019,0.649064660711129,False,up
WBGene00045365,1,1.0,PFBS,-0.175628015097621,0.654357401449222,False,down
WBGene00006587,1,0.6333333333333333,PFBS,-0.10412904690711,0.654421325311871,False,down
WBGene00013611,1,0.9333333333333333,PFBS,0.42314081607611,0.65522447348741,False,up
WBGene00008632,1,0.9666666666666667,PFBS,0.301191328749111,0.655533289298346,False,up
WBGene00001876,1,0.9666666666666667,PFBS,-0.442832223560163,0.657876719088561,False,down
WBGene00003495,1,0.5666666666666667,PFBS,-0.0672914962713244,0.658249962423577,False,down
WBGene00012505,1,0.9666666666666667,PFBS,-0.506581183858341,0.660593402723419,False,down
WBGene00006483,1,0.9666666666666667,PFBS,-0.0492830667994298,0.660850570665113,False,down
WBGene00219420,1,1.0,PFBS,-0.34901741995155,0.661679716879458,False,down
WBGene00011311,1,1.0,PFBS,-0.0782211266871216,0.662638937020735,False,down
WBGene00019355,1,1.0,PFBS,0.110715381003887,0.663646079378401,False,up
WBGene00008477,1,0.9333333333333333,PFBS,0.194903082242642,0.664092380794898,False,up
WBGene00007751,1,0.5666666666666667,PFBS,-0.161665256739786,0.664339805127474,False,down
WBGene00009475,1,0.9666666666666667,PFBS,0.132365240187622,0.665604454670833,False,up
WBGene00017650,1,0.6,PFBS,0.227046202177464,0.669321331893335,False,up
WBGene00001929,1,0.9,PFBS,0.351338300756711,0.669397047538327,False,up
WBGene00013959,1,0.6,PFBS,0.087637295710272,0.669676330704657,False,up
WBGene00009876,1,1.0,PFBS,-0.167678471952144,0.669676330704657,False,down
WBGene00022870,1,0.9666666666666667,PFBS,-0.367304196007212,0.669676330704657,False,down
WBGene00007659,1,0.9666666666666667,PFBS,-0.670235478982361,0.669676330704657,False,down
WBGene00019677,1,0.7,PFBS,-0.138786763812591,0.669760953518062,False,down
WBGene00004285,1,1.0,PFBS,0.0945501214879764,0.669922813068378,False,up
WBGene00012252,1,0.9666666666666667,PFBS,0.138762827781302,0.671835167648034,False,up
WBGene00009943,1,0.9,PFBS,0.105514017772975,0.671835167648034,False,up
WBGene00021131,1,1.0,PFBS,-0.12092403287385,0.672980175078805,False,down
WBGene00020359,1,0.7,PFBS,-0.179926437788465,0.674784317224199,False,down
WBGene00015823,1,1.0,PFBS,-0.0817895701366482,0.674963376933994,False,down
WBGene00001921,1,1.0,PFBS,-0.339102302899492,0.676112407099813,False,down
WBGene00009413,1,1.0,PFBS,-0.310143569657146,0.678294153971925,False,down
WBGene00012323,1,1.0,PFBS,0.330559034093652,0.680110362601461,False,up
WBGene00009433,1,0.9666666666666667,PFBS,0.12985430914015,0.680257762069777,False,up
WBGene00009552,1,0.9666666666666667,PFBS,0.0680712698210586,0.681862058708341,False,up
WBGene00009200,1,0.6,PFBS,-0.0829413506066399,0.682586148099336,False,down
WBGene00003253,1,0.6333333333333333,PFBS,-0.044817422891449,0.683481587950288,False,down
WBGene00005063,1,0.5,PFBS,0.206533163320226,0.683830195334161,False,up
WBGene00015125,1,1.0,PFBS,0.0720712616481275,0.684879915757051,False,up
WBGene00012400,1,0.9666666666666667,PFBS,-0.575523049581454,0.690187090069701,False,down
WBGene00012152,1,0.9333333333333333,PFBS,-0.144559042905165,0.690617014658813,False,down
WBGene00022067,1,0.8666666666666667,PFBS,-0.0821718513289497,0.691037174108475,False,down
WBGene00006533,1,0.5666666666666667,PFBS,0.0569310975600867,0.693341284973338,False,up
WBGene00000959,1,1.0,PFBS,-0.0577627769407151,0.693918007105103,False,down
WBGene00011255,1,1.0,PFBS,-0.443849120174046,0.693918007105103,False,down
WBGene00015514,1,0.7333333333333333,PFBS,-0.0785651175931075,0.693958826084783,False,down
WBGene00015834,1,0.9666666666666667,PFBS,-0.857634730650706,0.695202146730689,False,down
WBGene00009031,1,1.0,PFBS,-0.373730344401302,0.695534748436094,False,down
WBGene00004275,1,0.6,PFBS,-0.238851757053819,0.695885412210861,False,down
WBGene00019550,1,0.8666666666666667,PFBS,0.221092044227337,0.69736620303947,False,up
WBGene00005110,1,1.0,PFBS,0.1911703011418,0.698223923029454,False,up
WBGene00004152,1,0.9333333333333333,PFBS,0.0465827295575435,0.700047791476265,False,up
WBGene00015382,1,0.9666666666666667,PFBS,0.176951817655505,0.70225281079233,False,up
WBGene00020047,1,0.9666666666666667,PFBS,0.176742425954236,0.70225281079233,False,up
WBGene00077684,1,0.9666666666666667,PFBS,0.687748659709426,0.702342604896059,False,up
WBGene00007134,1,0.9666666666666667,PFBS,-0.67457435434769,0.702342604896059,False,down
WBGene00018117,1,0.7333333333333333,PFBS,0.0828645284782799,0.702678599074746,False,up
WBGene00000564,1,0.9666666666666667,PFBS,0.0457566143710795,0.702792212995202,False,up
WBGene00020220,1,1.0,PFBS,0.354889568396579,0.702835131988158,False,up
WBGene00271605,1,0.9666666666666667,PFBS,-0.30617466653423,0.702835131988158,False,down
WBGene00001204,1,0.9,PFBS,0.112525490808271,0.704873644895259,False,up
WBGene00001946,1,0.7666666666666667,PFBS,-0.0805429109248271,0.706004907065851,False,down
WBGene00018189,1,0.8,PFBS,0.440496554218965,0.706270220975664,False,up
WBGene00021043,1,1.0,PFBS,0.123522844596812,0.706619609986291,False,up
WBGene00012583,1,0.9333333333333333,PFBS,-0.242560076472831,0.709081915484622,False,down
WBGene00016319,1,0.8666666666666667,PFBS,-0.25256037168941,0.709118328986855,False,down
WBGene00009866,1,0.9,PFBS,0.405522970404283,0.710029222614681,False,up
WBGene00044067,1,0.9666666666666667,PFBS,0.169606169551061,0.71155146519723,False,up
WBGene00044401,1,1.0,PFBS,0.0936655670765411,0.71155146519723,False,up
WBGene00021901,1,0.7,PFBS,-0.0581638098833844,0.71155146519723,False,down
WBGene00014108,1,1.0,PFBS,-0.0669800956325392,0.71155146519723,False,down
WBGene00000049,1,1.0,PFBS,-0.196056511025982,0.71249214398445,False,down
WBGene00018354,1,0.9666666666666667,PFBS,-0.248606717704368,0.71249214398445,False,down
WBGene00019457,1,0.6,PFBS,-0.0551899687904113,0.713199212662684,False,down
WBGene00003097,1,1.0,PFBS,-0.0692029998533722,0.713199212662684,False,down
WBGene00015309,1,1.0,PFBS,-0.296782677458638,0.713199212662684,False,down
WBGene00022194,1,0.8666666666666667,PFBS,0.133369974360921,0.713391146881225,False,up
WBGene00019370,1,0.9,PFBS,0.120167573932038,0.713959691257309,False,up
WBGene00020003,1,1.0,PFBS,-0.231101381684789,0.713959691257309,False,down
WBGene00010450,1,1.0,PFBS,-0.085794814127367,0.714477022406033,False,down
WBGene00003992,1,0.5666666666666667,PFBS,-0.0998876460636685,0.716836004380941,False,down
WBGene00020151,1,0.9666666666666667,PFBS,0.267224448499416,0.719090804597581,False,up
WBGene00018910,1,0.7666666666666667,PFBS,0.317071896662215,0.720121302370464,False,up
WBGene00001451,1,0.9666666666666667,PFBS,0.0958310275483393,0.722298063023488,False,up
WBGene00009686,1,0.6333333333333333,PFBS,-0.238455002243028,0.722796418698904,False,down
WBGene00012822,1,0.9666666666666667,PFBS,-0.470558419372008,0.722796418698904,False,down
WBGene00044375,1,0.5333333333333333,PFBS,-0.342339241532338,0.72446807684689,False,down
WBGene00017032,1,0.9333333333333333,PFBS,-0.202136653419585,0.726312589047476,False,down
WBGene00006423,1,0.8333333333333334,PFBS,0.059890156174961,0.72661428619679,False,up
WBGene00194928,1,1.0,PFBS,-0.532724148636928,0.72752882768198,False,down
WBGene00014252,1,0.9666666666666667,PFBS,-0.0796738679212045,0.728794119364465,False,down
WBGene00001647,1,1.0,PFBS,0.159333631475668,0.729914903299872,False,up
WBGene00007599,1,0.9666666666666667,PFBS,-0.153932635240186,0.730609593244592,False,down
WBGene00001760,1,0.9666666666666667,PFBS,0.495947929138285,0.731000978404907,False,up
WBGene00000712,1,0.9666666666666667,PFBS,0.208474648419519,0.73130447378085,False,up
WBGene00007353,1,0.9333333333333333,PFBS,0.0983579463038407,0.732397032617247,False,up
WBGene00006764,1,0.9666666666666667,PFBS,-0.0505770949133277,0.732397032617247,False,down
WBGene00001917,1,0.9,PFBS,-0.297412272960378,0.732397032617247,False,down
WBGene00206371,1,1.0,PFBS,-0.216723919579962,0.732646436655431,False,down
WBGene00001644,1,1.0,PFBS,-0.100774733608317,0.732982297807588,False,down
WBGene00194998,1,1.0,PFBS,0.249955619166892,0.733413499654488,False,up
WBGene00008794,1,1.0,PFBS,-0.237122566286249,0.733413499654488,False,down
WBGene00044237,1,0.9666666666666667,PFBS,-0.584571752843983,0.733413499654488,False,down
WBGene00016045,1,0.7,PFBS,-0.0644270902695634,0.734485978764362,False,down
WBGene00000283,1,0.7,PFBS,-0.0677963002604038,0.734701774014333,False,down
WBGene00195177,1,0.9333333333333333,PFBS,-0.465528850038051,0.734909665306474,False,down
WBGene00016717,1,0.9666666666666667,PFBS,0.131871208895163,0.735662398001614,False,up
WBGene00006712,1,0.6,PFBS,0.0990892647066073,0.735976537172842,False,up
WBGene00015162,1,0.9333333333333333,PFBS,0.0620473030275093,0.735976537172842,False,up
WBGene00013587,1,1.0,PFBS,-0.12652101678797,0.735976537172842,False,down
WBGene00086560,1,0.9333333333333333,PFBS,-0.558657469358548,0.736153780124257,False,down
WBGene00015225,1,0.9666666666666667,PFBS,-0.496828074678692,0.736354206191846,False,down
WBGene00021224,1,0.7666666666666667,PFBS,0.304442174168742,0.737651753399676,False,up
WBGene00009369,1,1.0,PFBS,-0.0547898710324983,0.737651753399676,False,down
WBGene00004886,1,0.7,PFBS,-0.083382993306564,0.737651753399676,False,down
WBGene00016646,1,1.0,PFBS,-0.113192297666438,0.737651753399676,False,down
WBGene00012753,1,1.0,PFBS,-0.135285950565998,0.737651753399676,False,down
WBGene00013875,1,0.9333333333333333,PFBS,-0.212766415771019,0.737651753399676,False,down
WBGene00015224,1,0.9666666666666667,PFBS,-0.458128166905077,0.737651753399676,False,down
WBGene00012308,1,0.9,PFBS,-0.494197619708461,0.737651753399676,False,down
WBGene00022406,1,0.5333333333333333,PFBS,0.332914272150523,0.737720870671324,False,up
WBGene00017945,1,1.0,PFBS,0.133796269452672,0.740089980822858,False,up
WBGene00015790,1,0.9666666666666667,PFBS,0.06437397088566,0.740089980822858,False,up
WBGene00011926,1,0.9666666666666667,PFBS,0.191248222742575,0.740161484155605,False,up
WBGene00001780,1,0.8666666666666667,PFBS,-0.427672635895066,0.740993210606686,False,down
WBGene00001572,1,0.9,PFBS,0.0751891138262313,0.741961115839045,False,up
WBGene00022286,1,0.5666666666666667,PFBS,-0.0478652127600364,0.744678382637528,False,down
WBGene00020862,1,0.5,PFBS,-0.0841653615792556,0.745372450532573,False,down
WBGene00000970,1,0.9666666666666667,PFBS,0.0573652085798078,0.747223426350491,False,up
WBGene00001764,1,1.0,PFBS,0.289271847836714,0.748421994808841,False,up
WBGene00000396,1,0.9666666666666667,PFBS,0.0707937982691732,0.748433984202279,False,up
WBGene00017012,1,1.0,PFBS,-0.104376549843017,0.748433984202279,False,down
WBGene00010326,1,1.0,PFBS,-0.0432414051616194,0.750146784493523,False,down
WBGene00006513,1,0.9666666666666667,PFBS,-0.0541875555647717,0.750146784493523,False,down
WBGene00008996,1,0.8,PFBS,-0.121188250167958,0.750146784493523,False,down
WBGene00013215,1,1.0,PFBS,0.0886883909930364,0.750236747920602,False,up
WBGene00018400,1,0.9333333333333333,PFBS,0.241455439211776,0.750584525505759,False,up
WBGene00010006,1,1.0,PFBS,0.0643140865271109,0.751266931356792,False,up
WBGene00001925,1,0.9333333333333333,PFBS,-0.205214873498282,0.751266931356792,False,down
WBGene00001881,1,0.9666666666666667,PFBS,-0.250588654006599,0.751266931356792,False,down
WBGene00004002,1,0.7,PFBS,0.192264526231105,0.753795087843429,False,up
WBGene00045357,1,0.6333333333333333,PFBS,-0.139134880307034,0.754871640536409,False,down
WBGene00009825,1,1.0,PFBS,0.0612241685487449,0.756208418949517,False,up
WBGene00016063,1,0.9666666666666667,PFBS,-0.995366618778059,0.757798231442411,False,down
WBGene00006928,1,0.6333333333333333,PFBS,0.301364569868772,0.75791459806688,False,up
WBGene00002019,1,1.0,PFBS,-0.284407428080185,0.759365478390672,False,down
WBGene00045488,1,0.9666666666666667,PFBS,0.396133930308439,0.760788422416913,False,up
WBGene00020364,1,0.9,PFBS,-0.41885278390925,0.760788422416913,False,down
WBGene00022240,1,1.0,PFBS,0.0830577228558266,0.761191699044188,False,up
WBGene00011265,1,0.9,PFBS,0.153615616265056,0.762386245619534,False,up
WBGene00021983,1,0.5666666666666667,PFBS,-0.0676074100915394,0.763305867284472,False,down
WBGene00017957,1,1.0,PFBS,-0.124152405449392,0.763535310150459,False,down
WBGene00018594,1,0.9666666666666667,PFBS,-0.123897338159959,0.764116252223086,False,down
WBGene00017599,1,0.9666666666666667,PFBS,-0.192575219206116,0.764116252223086,False,down
WBGene00012149,1,0.9,PFBS,-0.0961727695005188,0.764639480611024,False,down
WBGene00001618,1,0.9333333333333333,PFBS,-0.164846684768164,0.764807031122831,False,down
WBGene00015227,1,0.9666666666666667,PFBS,-0.432082134198388,0.766054923956008,False,down
WBGene00009358,1,0.9666666666666667,PFBS,0.123167806573833,0.766322908631074,False,up
WBGene00022267,1,0.8,PFBS,0.427176855328606,0.768308299995496,False,up
WBGene00009983,1,1.0,PFBS,-0.287787367988381,0.768580730562088,False,down
WBGene00077573,1,0.9333333333333333,PFBS,0.323055295550475,0.76959291744955,False,up
WBGene00011945,1,1.0,PFBS,-0.135930750374881,0.771288437351301,False,down
WBGene00004000,1,1.0,PFBS,0.11073056964014,0.772796895970538,False,up
WBGene00007924,1,0.9,PFBS,-0.0483322477515514,0.773701025364594,False,down
WBGene00194645,1,0.9666666666666667,PFBS,-0.421448243150539,0.774380852696285,False,down
WBGene00020402,1,0.9666666666666667,PFBS,0.0700941271233053,0.774530194869695,False,up
WBGene00020566,1,0.9,PFBS,0.127820103734887,0.774919024939875,False,up
WBGene00017214,1,0.8666666666666667,PFBS,0.435884051635025,0.775804194323135,False,up
WBGene00008170,1,0.9666666666666667,PFBS,-0.148843380141033,0.775961446524082,False,down
WBGene00016144,1,1.0,PFBS,0.0578043027937177,0.77717097871287,False,up
WBGene00000467,1,0.6,PFBS,-0.107586824117995,0.77717097871287,False,down
WBGene00020908,1,1.0,PFBS,-0.0632712182909413,0.778028627667751,False,down
WBGene00010821,1,0.9666666666666667,PFBS,0.543675343180288,0.778110381768676,False,up
WBGene00004414,1,1.0,PFBS,-0.0472055662109731,0.778415779970575,False,down
WBGene00008102,1,1.0,PFBS,-0.295113887461713,0.778415779970575,False,down
WBGene00016782,1,0.9,PFBS,0.0998399555110361,0.779417577501533,False,up
WBGene00019214,1,0.9666666666666667,PFBS,0.382432131543765,0.780506729297504,False,up
WBGene00015336,1,0.9333333333333333,PFBS,-0.066142123398991,0.780506729297504,False,down
WBGene00011207,1,0.9333333333333333,PFBS,0.118537163678716,0.780740210362645,False,up
WBGene00008948,1,1.0,PFBS,-0.0374405170964631,0.782054272618306,False,down
WBGene00044707,1,0.9666666666666667,PFBS,-0.441673332161296,0.782906124226718,False,down
WBGene00086568,1,0.9666666666666667,PFBS,-0.391180779722497,0.783168152347526,False,down
WBGene00001687,1,1.0,PFBS,-0.11444897304372,0.78353772051046,False,down
WBGene00013752,1,1.0,PFBS,0.0816158501667792,0.783938910991846,False,up
WBGene00011235,1,1.0,PFBS,-0.225133946606797,0.783938910991846,False,down
WBGene00012593,1,0.8333333333333334,PFBS,0.466256586705005,0.785542441560547,False,up
WBGene00019588,1,0.7,PFBS,0.214389234943298,0.785778932086522,False,up
WBGene00001150,1,0.7333333333333333,PFBS,0.259335880524999,0.787323327424155,False,up
WBGene00020029,1,0.9666666666666667,PFBS,0.0654091927400063,0.787323327424155,False,up
WBGene00017806,1,0.9,PFBS,0.28505198977956,0.787424461749039,False,up
WBGene00018153,1,0.9,PFBS,0.164668986280834,0.787521053960926,False,up
WBGene00007163,1,1.0,PFBS,-0.233999645088748,0.78830986407087,False,down
WBGene00019207,1,1.0,PFBS,-0.0618813535273183,0.788460763166975,False,down
WBGene00001922,1,1.0,PFBS,-0.162990274259152,0.788460763166975,False,down
WBGene00012067,1,0.6,PFBS,-0.48862986892547,0.788460763166975,False,down
WBGene00018955,1,1.0,PFBS,0.13348411430575,0.789407384137709,False,up
WBGene00008395,1,0.6666666666666666,PFBS,0.0882648826848572,0.789407384137709,False,up
WBGene00000074,1,0.8666666666666667,PFBS,0.0576916015069994,0.790879802803944,False,up
WBGene00017717,1,0.5,PFBS,0.0993443662988924,0.790901893023623,False,up
WBGene00018802,1,0.5666666666666667,PFBS,0.0503946063906703,0.792274326636797,False,up
WBGene00000521,1,1.0,PFBS,-0.297746475623212,0.792274326636797,False,down
WBGene00010503,1,1.0,PFBS,-0.0814044031608324,0.793424940464187,False,down
WBGene00016649,1,1.0,PFBS,-0.102226938600077,0.79511181426772,False,down
WBGene00004681,1,0.9666666666666667,PFBS,0.0351399677167335,0.796338930858646,False,up
WBGene00013266,1,1.0,PFBS,-0.0576246080537696,0.797080888890507,False,down
WBGene00010830,1,0.9666666666666667,PFBS,0.2022960130532,0.797447454652417,False,up
WBGene00003111,1,0.6333333333333333,PFBS,0.0626678001579416,0.798534086806276,False,up
WBGene00016190,1,1.0,PFBS,0.0793344489844273,0.798775353721963,False,up
WBGene00020955,1,1.0,PFBS,-0.0604856346243227,0.798775353721963,False,down
WBGene00010998,1,1.0,PFBS,0.143177424215742,0.798798718109769,False,up
WBGene00003385,1,1.0,PFBS,0.0862394462565857,0.798798718109769,False,up
WBGene00020280,1,0.6666666666666666,PFBS,0.0946398950140389,0.798919642877602,False,up
WBGene00012439,1,1.0,PFBS,0.09828105870549,0.798933458895604,False,up
WBGene00013602,1,0.6666666666666666,PFBS,-0.163891581131311,0.800563262376371,False,down
WBGene00003642,1,1.0,PFBS,-0.177939583579954,0.800563262376371,False,down
WBGene00004197,1,1.0,PFBS,0.0844406001913279,0.801107157552141,False,up
WBGene00011129,1,0.6,PFBS,-0.252505445442853,0.804936488871586,False,down
WBGene00044469,1,0.7,PFBS,0.0947157058045576,0.804997567837523,False,up
WBGene00017936,1,0.6333333333333333,PFBS,-0.0915307990304192,0.804997567837523,False,down
WBGene00021582,1,1.0,PFBS,0.320795388149699,0.805163726438657,False,up
WBGene00001878,1,0.9666666666666667,PFBS,0.23738740071148,0.805586966887019,False,up
WBGene00007103,1,0.6333333333333333,PFBS,-0.0721427612168534,0.806336452602925,False,down
WBGene00013604,1,1.0,PFBS,0.0734487647386813,0.806791238859223,False,up
WBGene00018310,1,0.8666666666666667,PFBS,0.121419770767397,0.807859810217209,False,up
WBGene00001877,1,1.0,PFBS,-0.148662310912051,0.807859810217209,False,down
WBGene00012726,1,0.9666666666666667,PFBS,-0.426900528456244,0.807859810217209,False,down
WBGene00005925,1,1.0,PFBS,-0.231976687711006,0.809429343004767,False,down
WBGene00017093,1,0.9666666666666667,PFBS,0.225410682706249,0.809987251873508,False,up
WBGene00045393,1,0.9666666666666667,PFBS,-0.430454760216218,0.810213074003836,False,down
WBGene00019504,1,1.0,PFBS,0.031855424352296,0.811919593289411,False,up
WBGene00010004,1,0.5666666666666667,PFBS,-0.323898122638731,0.811985620897492,False,down
WBGene00022766,1,1.0,PFBS,-0.108228917871129,0.8136037525174,False,down
WBGene00015327,1,0.6,PFBS,-0.0716427418811457,0.815688922089476,False,down
WBGene00001538,1,1.0,PFBS,-0.0656213965626685,0.817366060175152,False,down
WBGene00013876,1,0.6,PFBS,0.0827305355233385,0.817378116970627,False,up
WBGene00009096,1,0.7,PFBS,-0.0731741053663684,0.817691943913345,False,down
WBGene00017397,1,0.7,PFBS,-0.0810817773538674,0.817728526524668,False,down
WBGene00010206,1,0.9666666666666667,PFBS,-0.650453880570288,0.818524630998408,False,down
WBGene00022283,1,0.6333333333333333,PFBS,-0.180784555068616,0.818756578872575,False,down
WBGene00017080,1,1.0,PFBS,0.0463984206654947,0.819336591523649,False,up
WBGene00044291,1,0.9,PFBS,-0.0910424916389532,0.819596471420458,False,down
WBGene00001918,1,0.5666666666666667,PFBS,-0.229166634749632,0.82167788438453,False,down
WBGene00020820,1,0.8,PFBS,-0.045336945487482,0.826424359497485,False,down
WBGene00015557,1,0.9333333333333333,PFBS,-0.081764810610237,0.826424359497485,False,down
WBGene00018675,1,1.0,PFBS,-0.218140879007543,0.827052773197976,False,down
WBGene00010411,1,1.0,PFBS,0.295826552853288,0.828028418093524,False,up
WBGene00021008,1,0.9666666666666667,PFBS,0.135223335166705,0.828028418093524,False,up
WBGene00001046,1,0.9666666666666667,PFBS,0.100599537187783,0.828028418093524,False,up
WBGene00000420,1,0.8666666666666667,PFBS,-0.0501739660308716,0.828028418093524,False,down
WBGene00015284,1,1.0,PFBS,-0.0846361339675637,0.828028418093524,False,down
WBGene00001906,1,0.9666666666666667,PFBS,-0.120373280076871,0.828028418093524,False,down
WBGene00012592,1,0.6333333333333333,PFBS,0.308384996514146,0.828565741095281,False,up
WBGene00002223,1,1.0,PFBS,-0.033355884148381,0.828565741095281,False,down
WBGene00001090,1,1.0,PFBS,-0.0429083696450386,0.829013043044436,False,down
WBGene00008542,1,0.6,PFBS,0.0650294483670958,0.829090145363841,False,up
WBGene00013540,1,0.9666666666666667,PFBS,-0.0729234844499779,0.829811424504885,False,down
WBGene00019080,1,0.9333333333333333,PFBS,0.239984271287334,0.830864441584739,False,up
WBGene00003933,1,0.9666666666666667,PFBS,0.0574778143624207,0.830864441584739,False,up
WBGene00019057,1,0.9666666666666667,PFBS,0.075206193602035,0.831328783880997,False,up
WBGene00004402,1,1.0,PFBS,-0.165171916211512,0.831328783880997,False,down
WBGene00016647,1,1.0,PFBS,-0.0835956584406101,0.832005483859263,False,down
WBGene00005004,1,0.9,PFBS,-0.12650196706564,0.832688368967377,False,down
WBGene00002694,1,1.0,PFBS,-0.0350150713820325,0.834170841477003,False,down
WBGene00001895,1,0.9,PFBS,-0.168494134894459,0.834377205269531,False,down
WBGene00019580,1,1.0,PFBS,0.157092639171145,0.836597606615305,False,up
WBGene00000799,1,1.0,PFBS,-0.0883045602377365,0.837217512546586,False,down
WBGene00017023,1,0.9666666666666667,PFBS,0.0455328287747735,0.838457792981853,False,up
WBGene00194955,1,0.6,PFBS,-0.186101340110223,0.838729520452581,False,down
WBGene00012391,1,1.0,PFBS,-0.114076701127883,0.839043677335333,False,down
WBGene00004093,1,1.0,PFBS,0.113421161961643,0.83933946027629,False,up
WBGene00003633,1,1.0,PFBS,0.0856454431550592,0.839503974480613,False,up
WBGene00012910,1,0.9666666666666667,PFBS,0.216733010924177,0.839703066214743,False,up
WBGene00001488,1,0.9666666666666667,PFBS,0.0535033544900443,0.840301674387877,False,up
WBGene00007384,1,1.0,PFBS,-0.0590242409052536,0.840592556491739,False,down
WBGene00015454,1,1.0,PFBS,-0.0344063612868014,0.840842531827978,False,down
WBGene00014243,1,0.9666666666666667,PFBS,0.0478737252380756,0.840996853849913,False,up
WBGene00010111,1,0.7666666666666667,PFBS,0.0492145483040963,0.841300029112668,False,up
WBGene00006638,1,0.5666666666666667,PFBS,-0.0433811699131929,0.841762713044965,False,down
WBGene00013746,1,1.0,PFBS,0.0651551902289444,0.844280920617691,False,up
WBGene00013294,1,0.9666666666666667,PFBS,0.274216501846449,0.84463898918922,False,up
WBGene00012748,1,0.8,PFBS,0.225933463950003,0.844850300436557,False,up
WBGene00001901,1,0.7333333333333333,PFBS,-0.128192611853445,0.845054918656306,False,down
WBGene00016811,1,0.9,PFBS,0.0480923793339467,0.84595108160988,False,up
WBGene00015100,1,0.9666666666666667,PFBS,-0.166784239755037,0.846111385816169,False,down
WBGene00020048,1,0.9666666666666667,PFBS,0.143565200153256,0.846125333725536,False,up
WBGene00022247,1,0.8666666666666667,PFBS,-0.107115640829547,0.847189787170498,False,down
WBGene00004988,1,0.6,PFBS,0.0653143199905425,0.847676038910682,False,up
WBGene00003624,1,1.0,PFBS,0.0490694445936976,0.849016852007625,False,up
WBGene00019225,1,1.0,PFBS,-0.0593597237569503,0.849016852007625,False,down
WBGene00015553,1,1.0,PFBS,-0.0275348641124197,0.850655355943595,False,down
WBGene00008099,1,0.9333333333333333,PFBS,-0.114076475064273,0.851420844182179,False,down
WBGene00007942,1,1.0,PFBS,0.0334576134249004,0.851978719990155,False,up
WBGene00018543,1,1.0,PFBS,0.224913509011282,0.852316340288383,False,up
WBGene00006407,1,1.0,PFBS,-0.0285714110263568,0.854524806063999,False,down
WBGene00007132,1,0.9666666666666667,PFBS,0.239913893804839,0.854554069025137,False,up
WBGene00022093,1,0.9,PFBS,-0.0560191598279923,0.854554069025137,False,down
WBGene00008427,1,0.7,PFBS,-0.149648562589544,0.854554069025137,False,down
WBGene00005342,1,0.9666666666666667,PFBS,-0.238267178779821,0.854719923635569,False,down
WBGene00001609,1,0.6,PFBS,-0.10108297661735,0.85486760317823,False,down
WBGene00022019,1,0.9,PFBS,-0.0252739920055232,0.854889117217754,False,down
WBGene00007317,1,1.0,PFBS,0.0376927446548848,0.854983888723215,False,up
WBGene00022644,1,0.7666666666666667,PFBS,0.134395788513778,0.85515075839657,False,up
WBGene00219493,1,0.9333333333333333,PFBS,-0.45427685147862,0.856031454018104,False,down
WBGene00015291,1,1.0,PFBS,-0.119489382844413,0.857429856612844,False,down
WBGene00004048,1,0.9666666666666667,PFBS,0.0398211388634607,0.858131701913885,False,up
WBGene00011236,1,0.6,PFBS,-0.0940978165989775,0.858141517320659,False,down
WBGene00000442,1,0.9666666666666667,PFBS,0.13162747032195,0.859404859667733,False,up
WBGene00012023,1,0.9666666666666667,PFBS,-0.12936670848172,0.860304762662887,False,down
WBGene00006064,1,0.9666666666666667,PFBS,0.0899474730011649,0.861323627133584,False,up
WBGene00011436,1,0.9666666666666667,PFBS,-0.0467528200408833,0.861323627133584,False,down
WBGene00006952,1,1.0,PFBS,-0.151039071818967,0.861782713851157,False,down
WBGene00016033,1,0.9,PFBS,-0.0392021906780833,0.862216653960627,False,down
WBGene00017947,1,0.9,PFBS,-0.0727895529644113,0.862805001271225,False,down
WBGene00004809,1,0.9666666666666667,PFBS,0.0414209818970471,0.863235090406555,False,up
WBGene00001905,1,0.9333333333333333,PFBS,-0.145948838917983,0.863386051811398,False,down
WBGene00012594,1,1.0,PFBS,0.266778402841331,0.864008272342114,False,up
WBGene00016087,1,0.7,PFBS,0.050382485340515,0.86588368398596,False,up
WBGene00023483,1,1.0,PFBS,-0.279083704878705,0.866832794640163,False,down
WBGene00012744,1,1.0,PFBS,0.153697302391462,0.867530074288292,False,up
WBGene00014210,1,0.8666666666666667,PFBS,-0.0672683953476678,0.867534730679659,False,down
WBGene00044014,1,0.9666666666666667,PFBS,-0.322152219878415,0.868748253800966,False,down
WBGene00016635,1,0.8,PFBS,0.0623130539152031,0.868956817799685,False,up
WBGene00009124,1,1.0,PFBS,0.0507617879824915,0.868956817799685,False,up
WBGene00007660,1,0.9666666666666667,PFBS,-0.255960960413518,0.868956817799685,False,down
WBGene00008267,1,0.9666666666666667,PFBS,-0.287695297970114,0.868956817799685,False,down
WBGene00000528,1,0.9333333333333333,PFBS,0.0533029483856211,0.870972658663222,False,up
WBGene00020637,1,0.9,PFBS,-0.418073193337428,0.870972658663222,False,down
WBGene00001893,1,0.9333333333333333,PFBS,-0.126905551310438,0.871520262921013,False,down
WBGene00010965,1,0.5,PFBS,0.0397675541099535,0.87245842264576,False,up
WBGene00001886,1,0.5,PFBS,-0.133968478240156,0.872780083596464,False,down
WBGene00000008,1,0.9333333333333333,PFBS,-0.267283272826404,0.873557200152403,False,down
WBGene00007130,1,0.8666666666666667,PFBS,0.0686671259241878,0.875245707747343,False,up
WBGene00007013,1,0.6,PFBS,-0.0378470700933318,0.875811705884475,False,down
WBGene00001705,1,0.5,PFBS,0.136622465492007,0.875998263932444,False,up
WBGene00013019,1,0.9666666666666667,PFBS,-0.0614942893277117,0.876914165160384,False,down
WBGene00012855,1,0.7666666666666667,PFBS,0.122205310622965,0.878016293027833,False,up
WBGene00012471,1,0.7333333333333333,PFBS,-0.0263977910981,0.879367355810554,False,down
WBGene00015226,1,0.9666666666666667,PFBS,-0.272700210073905,0.881013214872255,False,down
WBGene00021179,1,0.9666666666666667,PFBS,-0.446658416503576,0.881013214872255,False,down
WBGene00009061,1,0.9666666666666667,PFBS,-0.245661853855783,0.881501395932349,False,down
WBGene00003511,1,0.8333333333333334,PFBS,0.115608323567648,0.881601870196759,False,up
WBGene00010353,1,0.6333333333333333,PFBS,-0.161348465566184,0.881885462828093,False,down
WBGene00018738,1,0.9,PFBS,-0.081026223087264,0.882488801394608,False,down
WBGene00017379,1,0.8333333333333334,PFBS,0.0833355007785101,0.885499801924824,False,up
WBGene00020457,1,0.9666666666666667,PFBS,0.0471875894621223,0.886032844650238,False,up
WBGene00007056,1,1.0,PFBS,-0.0519895506322322,0.886032844650238,False,down
WBGene00000543,1,1.0,PFBS,0.0303827469261053,0.886334634299254,False,up
WBGene00019073,1,1.0,PFBS,-0.0623147867689941,0.887758120326033,False,down
WBGene00016555,1,0.8666666666666667,PFBS,-0.0677320165440885,0.888305332635498,False,down
WBGene00016013,1,0.9666666666666667,PFBS,-0.132382388284733,0.889488853127421,False,down
WBGene00001490,1,1.0,PFBS,-0.0245422614382677,0.890768824444822,False,down
WBGene00003773,1,0.9,PFBS,-0.0316101744977182,0.891053914542397,False,down
WBGene00004896,1,0.8333333333333334,PFBS,-0.0302653159974617,0.893852431484532,False,down
WBGene00017103,1,1.0,PFBS,-0.150594821334721,0.893986021821541,False,down
WBGene00019806,1,0.9,PFBS,0.0396598582155462,0.89561227709798,False,up
WBGene00022881,1,0.6,PFBS,-0.0326405949086478,0.898699733810613,False,down
WBGene00004358,1,1.0,PFBS,-0.0409143939921862,0.899095508711842,False,down
WBGene00006667,1,0.9666666666666667,PFBS,0.0655499473325278,0.900209099048838,False,up
WBGene00004311,1,1.0,PFBS,-0.028202433974261,0.900209099048838,False,down
WBGene00017568,1,0.9,PFBS,-0.0600230076590357,0.900358814788508,False,down
WBGene00009898,1,0.9666666666666667,PFBS,0.314529096390559,0.900508207403189,False,up
WBGene00011122,1,0.6666666666666666,PFBS,0.0217452606535305,0.904044048880917,False,up
WBGene00008993,1,1.0,PFBS,0.0642112918629853,0.904250168030209,False,up
WBGene00020709,1,1.0,PFBS,-0.0240709422918098,0.904683077865699,False,down
WBGene00020509,1,0.5666666666666667,PFBS,-0.0346814084587768,0.904683077865699,False,down
WBGene00001392,1,0.8666666666666667,PFBS,-0.0458080122508936,0.90493607202568,False,down
WBGene00270320,1,1.0,PFBS,-0.116456205490534,0.907158738754567,False,down
WBGene00015509,1,1.0,PFBS,0.0254260368734744,0.908165734855392,False,up
WBGene00008342,1,1.0,PFBS,-0.04293769406595,0.90891191146968,False,down
WBGene00304806,1,0.9333333333333333,PFBS,-0.0676323672929919,0.909459727783056,False,down
WBGene00000822,1,0.9666666666666667,PFBS,-0.0260775999580215,0.911797829225332,False,down
WBGene00015143,1,0.9333333333333333,PFBS,0.0197454138966864,0.912267977477334,False,up
WBGene00007267,1,0.6333333333333333,PFBS,0.0190627323329907,0.912423517117234,False,up
WBGene00007991,1,1.0,PFBS,-0.0520774629958475,0.912743663345522,False,down
WBGene00007656,1,0.9666666666666667,PFBS,-0.237416200645951,0.91377310591435,False,down
WBGene00009617,1,1.0,PFBS,-0.0377021395983573,0.914134363635271,False,down
WBGene00022549,1,0.8666666666666667,PFBS,-0.0453982816564928,0.91464060438046,False,down
WBGene00012788,1,0.9333333333333333,PFBS,-0.105805915601904,0.915217537912863,False,down
WBGene00012035,1,0.9666666666666667,PFBS,0.0518016783491231,0.917038240789986,False,up
WBGene00009400,1,0.8666666666666667,PFBS,-0.0948081416975289,0.918549299879338,False,down
WBGene00005931,1,0.6666666666666666,PFBS,0.0699079393503807,0.918812772507273,False,up
WBGene00019058,1,1.0,PFBS,0.0634093984739708,0.919071830159032,False,up
WBGene00012857,1,1.0,PFBS,-0.0352214411924765,0.919071830159032,False,down
WBGene00010970,1,0.9,PFBS,0.0483634714863998,0.92118751879572,False,up
WBGene00009334,1,1.0,PFBS,0.0293008996827492,0.921455885261647,False,up
WBGene00021749,1,0.9666666666666667,PFBS,-0.0254362025395702,0.92276181593262,False,down
WBGene00021081,1,0.9666666666666667,PFBS,0.160597384286468,0.923837339412994,False,up
WBGene00021403,1,0.7333333333333333,PFBS,-0.0512943587992215,0.923879872332906,False,down
WBGene00001793,1,0.9666666666666667,PFBS,-0.0270966758663684,0.923979078045342,False,down
WBGene00007778,1,0.9666666666666667,PFBS,-0.116297342365964,0.923979078045342,False,down
WBGene00021580,1,0.5,PFBS,-0.323418140473557,0.924333821160991,False,down
WBGene00008819,1,0.8,PFBS,0.0254369044104172,0.924605819191931,False,up
WBGene00044767,1,0.9,PFBS,-0.042930655097725,0.924605819191931,False,down
WBGene00002017,1,1.0,PFBS,-0.101399802142517,0.925198641378594,False,down
WBGene00009824,1,1.0,PFBS,0.0736245169435983,0.926371765771825,False,up
WBGene00005652,1,0.5666666666666667,PFBS,0.0631193567522032,0.926371765771825,False,up
WBGene00304787,1,0.6333333333333333,PFBS,-0.0846464479097369,0.926371765771825,False,down
WBGene00044034,1,0.9666666666666667,PFBS,-0.0942192153689349,0.926371765771825,False,down
WBGene00000373,1,1.0,PFBS,0.103837775410843,0.926703603787658,False,up
WBGene00009389,1,0.8,PFBS,-0.023228768104132,0.927066860130618,False,down
WBGene00004810,1,0.9,PFBS,0.0848094823684687,0.927168783897155,False,up
WBGene00019008,1,1.0,PFBS,0.0484885763328571,0.927168783897155,False,up
WBGene00001168,1,1.0,PFBS,-0.014174527665332,0.928276458986943,False,down
WBGene00008484,1,0.9666666666666667,PFBS,0.0539818400424179,0.928568624356239,False,up
WBGene00003688,1,0.9666666666666667,PFBS,0.0415642600061748,0.928568624356239,False,up
WBGene00010962,1,1.0,PFBS,0.0252151699768302,0.928568624356239,False,up
WBGene00017751,1,1.0,PFBS,-0.121473576687025,0.930446870839632,False,down
WBGene00012239,1,1.0,PFBS,-0.0567022984020542,0.930499300345782,False,down
WBGene00022642,1,1.0,PFBS,-0.0710758593118083,0.931979599510738,False,down
WBGene00044132,1,1.0,PFBS,-0.075661578811364,0.931979599510738,False,down
WBGene00019579,1,0.9666666666666667,PFBS,0.0636044842880775,0.93325635073693,False,up
WBGene00001914,1,0.9333333333333333,PFBS,-0.125364296378056,0.93373628359007,False,down
WBGene00020556,1,0.9333333333333333,PFBS,-0.0293324464742575,0.933754871057454,False,down
WBGene00010659,1,0.8,PFBS,0.0577462465215272,0.934854494657242,False,up
WBGene00020227,1,0.9,PFBS,-0.239839217780608,0.934854494657242,False,down
WBGene00018678,1,0.9333333333333333,PFBS,0.0235232982964229,0.936726549973153,False,up
WBGene00007367,1,0.9,PFBS,-0.0509703508746756,0.936726549973153,False,down
WBGene00011062,1,0.9,PFBS,0.109715898845166,0.937474645844246,False,up
WBGene00004860,1,0.9666666666666667,PFBS,0.0237476531849008,0.937474645844246,False,up
WBGene00016435,1,1.0,PFBS,0.0337239842363417,0.938389087850236,False,up
WBGene00007297,1,0.9666666666666667,PFBS,0.0544757091309313,0.940202034665548,False,up
WBGene00020357,1,0.9666666666666667,PFBS,-0.131689421694016,0.941246716878454,False,down
WBGene00020307,1,0.6333333333333333,PFBS,0.0256849669408885,0.941260972420571,False,up
WBGene00003396,1,0.9666666666666667,PFBS,-0.0233562006857793,0.94139739835045,False,down
WBGene00010354,1,0.9,PFBS,0.0585928423769633,0.942751067218237,False,up
WBGene00010620,1,0.6666666666666666,PFBS,0.0157590743719776,0.942910394161336,False,up
WBGene00007756,1,0.9333333333333333,PFBS,0.0185375816315591,0.942921360864073,False,up
WBGene00011282,1,0.7333333333333333,PFBS,-0.015311953866055,0.942921360864073,False,down
WBGene00000069,1,0.9666666666666667,PFBS,-0.024402740310268,0.943254550146005,False,down
WBGene00020346,1,0.5666666666666667,PFBS,-0.020144256251068,0.943633965945176,False,down
WBGene00003530,1,0.9666666666666667,PFBS,-0.0288156592087793,0.943633965945176,False,down
WBGene00006999,1,0.9333333333333333,PFBS,-0.0133005559010432,0.944027840975668,False,down
WBGene00008922,1,1.0,PFBS,0.0359453267998344,0.944306619303243,False,up
WBGene00010058,1,0.9,PFBS,0.122606796991494,0.944417210281772,False,up
WBGene00012091,1,0.9666666666666667,PFBS,-0.144473012842508,0.944817623366801,False,down
WBGene00044663,1,0.9666666666666667,PFBS,0.0759124381597015,0.94512957715878,False,up
WBGene00019299,1,0.6,PFBS,-0.0512106066308185,0.94512957715878,False,down
WBGene00045475,1,1.0,PFBS,-0.138010646848195,0.94512957715878,False,down
WBGene00007094,1,1.0,PFBS,0.0234562454919981,0.945172564585524,False,up
WBGene00016226,1,0.6,PFBS,0.126485287920419,0.945555647466464,False,up
WBGene00003919,1,1.0,PFBS,0.0147424923889665,0.945555647466464,False,up
WBGene00011611,1,0.9666666666666667,PFBS,-0.0325546463124335,0.945555647466464,False,down
WBGene00003879,1,0.7,PFBS,-0.129109304925647,0.945555647466464,False,down
WBGene00022572,1,0.9666666666666667,PFBS,0.0713783277071647,0.945735456920868,False,up
WBGene00023492,1,1.0,PFBS,0.160241546478673,0.946463636532497,False,up
WBGene00008826,1,0.9666666666666667,PFBS,0.0834749571083828,0.946793027592753,False,up
WBGene00011528,1,1.0,PFBS,0.0182462466348188,0.946793027592753,False,up
WBGene00001940,1,1.0,PFBS,-0.0672723416019232,0.947896494394195,False,down
WBGene00001889,1,0.5333333333333333,PFBS,0.0786024632409196,0.948330175809425,False,up
WBGene00018345,1,0.9666666666666667,PFBS,0.130403282285391,0.948500626488922,False,up
WBGene00008302,1,0.9333333333333333,PFBS,-0.116297848113433,0.948561551174779,False,down
WBGene00002974,1,0.6,PFBS,-0.0139997778876743,0.948628044967933,False,down
WBGene00004823,1,1.0,PFBS,0.032527215241276,0.948662251341533,False,up
WBGene00013650,1,0.9666666666666667,PFBS,-0.0232547552204856,0.95015343912667,False,down
WBGene00018921,1,1.0,PFBS,0.0411794752252399,0.950403791584515,False,up
WBGene00008227,1,0.9333333333333333,PFBS,0.0258306940422339,0.950403791584515,False,up
WBGene00006754,1,1.0,PFBS,-0.0146895288123732,0.950631615862016,False,down
WBGene00010515,1,1.0,PFBS,-0.0298119817700324,0.950631615862016,False,down
WBGene00010666,1,0.5,PFBS,-0.0332648043965409,0.950632045923618,False,down
WBGene00018702,1,0.5,PFBS,-0.021765074480589,0.950908357513344,False,down
WBGene00018229,1,1.0,PFBS,0.05650380932278,0.954030490279549,False,up
WBGene00001933,1,0.9666666666666667,PFBS,0.0509060434117107,0.954030490279549,False,up
WBGene00006514,1,0.6333333333333333,PFBS,0.0156812175219648,0.954030490279549,False,up
WBGene00007558,1,1.0,PFBS,-0.0336380167394882,0.954030490279549,False,down
WBGene00015794,1,0.9666666666666667,PFBS,0.0693914360064848,0.954247649259764,False,up
WBGene00020612,1,1.0,PFBS,-0.0240189037524863,0.954247649259764,False,down
WBGene00013446,1,0.8333333333333334,PFBS,-0.0202982411688527,0.957080099179546,False,down
WBGene00008577,1,0.6,PFBS,-0.0370124488585797,0.957080099179546,False,down
WBGene00022413,1,1.0,PFBS,-0.0185347104854463,0.957095665574557,False,down
WBGene00015046,1,0.9666666666666667,PFBS,-0.11259359361903,0.957594942811218,False,down
WBGene00021936,1,0.9,PFBS,0.015291332309009,0.957649242492202,False,up
WBGene00003565,1,0.9666666666666667,PFBS,-0.0211549202932063,0.959757986758461,False,down
WBGene00014214,1,0.8666666666666667,PFBS,0.014233701450206,0.960506260652789,False,up
WBGene00001879,1,0.9666666666666667,PFBS,-0.0609415134202548,0.960506260652789,False,down
WBGene00017530,1,1.0,PFBS,0.0241136953686645,0.961039555062445,False,up
WBGene00000795,1,1.0,PFBS,-0.014670421558374,0.961039555062445,False,down
WBGene00009077,1,0.6,PFBS,-0.100551664919378,0.961039555062445,False,down
WBGene00015646,1,0.5666666666666667,PFBS,0.0188515755347946,0.961986914543481,False,up
WBGene00022505,1,0.9,PFBS,-0.022984533469277,0.962403816084813,False,down
WBGene00015711,1,0.9333333333333333,PFBS,0.0593377748292488,0.962798851155672,False,up
WBGene00045415,1,0.6,PFBS,0.0936211648161333,0.962822021833165,False,up
WBGene00013585,1,1.0,PFBS,0.0251361822859423,0.962822021833165,False,up
WBGene00013358,1,1.0,PFBS,-0.0109150606841797,0.962822021833165,False,down
WBGene00009994,1,0.7,PFBS,-0.0141182188644008,0.962822021833165,False,down
WBGene00006845,1,0.9,PFBS,-0.0231341074978212,0.962822021833165,False,down
WBGene00021865,1,1.0,PFBS,-0.0462756299559715,0.962822021833165,False,down
WBGene00010773,1,0.9,PFBS,0.018732669490823,0.963266142677743,False,up
WBGene00020358,1,0.8666666666666667,PFBS,-0.0361733557894466,0.963266142677743,False,down
WBGene00045401,1,0.9666666666666667,PFBS,0.0758618168685227,0.964142285201538,False,up
WBGene00194902,1,0.9666666666666667,PFBS,-0.0915633727565503,0.965848079906654,False,down
WBGene00013160,1,0.8333333333333334,PFBS,-0.0082380554182863,0.965933161363086,False,down
WBGene00014207,1,1.0,PFBS,0.0122160234378181,0.967319404550696,False,up
WBGene00001116,1,1.0,PFBS,-0.0110872203312403,0.967319404550696,False,down
WBGene00005585,1,0.9333333333333333,PFBS,0.047666892477608,0.967377928392812,False,up
WBGene00008269,1,0.9666666666666667,PFBS,-0.115867299784278,0.96782606038477,False,down
WBGene00009146,1,0.6333333333333333,PFBS,-0.0247295932735209,0.968490397269167,False,down
WBGene00007131,1,0.8666666666666667,PFBS,-0.0654040565597497,0.968574765895004,False,down
WBGene00014254,1,0.9666666666666667,PFBS,-0.0240200563671667,0.968744985346899,False,down
WBGene00011765,1,0.6333333333333333,PFBS,0.0124030561998454,0.969090575213253,False,up
WBGene00000779,1,1.0,PFBS,-0.0123293737028345,0.969095592721269,False,down
WBGene00009137,1,0.9666666666666667,PFBS,-0.0153741345594001,0.969458304462624,False,down
WBGene00001892,1,0.9,PFBS,-0.0531809732876166,0.969458304462624,False,down
WBGene00013078,1,0.7666666666666667,PFBS,-0.013892767867336,0.970235257854592,False,down
WBGene00011258,1,0.9,PFBS,0.0161149454999395,0.970325851272618,False,up
WBGene00011668,1,0.9333333333333333,PFBS,-0.0567182788997495,0.97079658327935,False,down
WBGene00010053,1,0.5666666666666667,PFBS,-0.0216812398329385,0.971431135256561,False,down
WBGene00022548,1,0.9666666666666667,PFBS,-0.053794985853192,0.971656121242591,False,down
WBGene00019240,1,0.9333333333333333,PFBS,-0.0094839006283515,0.972501370326295,False,down
WBGene00004963,1,0.9666666666666667,PFBS,-0.0471400205224208,0.972501370326295,False,down
WBGene00003711,1,1.0,PFBS,0.0158450314173831,0.973052456237623,False,up
WBGene00010637,1,1.0,PFBS,-0.0231493651399093,0.974457088310683,False,down
WBGene00003369,1,0.5333333333333333,PFBS,0.0074453283047683,0.974782547773443,False,up
WBGene00008809,1,0.8666666666666667,PFBS,0.0477607020789297,0.977573311054852,False,up
WBGene00002021,1,1.0,PFBS,0.0123681154959552,0.977573311054852,False,up
WBGene00006649,1,1.0,PFBS,0.0106848329829538,0.977573311054852,False,up
WBGene00017257,1,0.9,PFBS,-0.0137196147240615,0.977573311054852,False,down
WBGene00005484,1,0.9666666666666667,PFBS,-0.0405919509790264,0.977573311054852,False,down
WBGene00007891,1,1.0,PFBS,-0.0735339076928041,0.978109663492401,False,down
WBGene00235133,1,0.9333333333333333,PFBS,0.0534218190142904,0.979290018381956,False,up
WBGene00018692,1,1.0,PFBS,0.0099159822383647,0.97960618452941,False,up
WBGene00011330,1,0.9,PFBS,0.0082658889158518,0.97960618452941,False,up
WBGene00012973,1,1.0,PFBS,0.0050332149861657,0.97960618452941,False,up
WBGene00015259,1,1.0,PFBS,-0.0316077543265596,0.97960618452941,False,down
WBGene00012967,1,0.9666666666666667,PFBS,-0.0147245072351984,0.981213191322533,False,down
WBGene00015807,1,1.0,PFBS,-0.0112607180292752,0.982620525453239,False,down
WBGene00011474,1,0.9666666666666667,PFBS,0.0069515542585301,0.983480007546076,False,up
WBGene00011997,1,0.9,PFBS,-0.0080570539616752,0.983480007546076,False,down
WBGene00011868,1,0.7666666666666667,PFBS,0.0081833538481657,0.984164857256549,False,up
WBGene00020834,1,0.9,PFBS,-0.0272499019264194,0.984164857256549,False,down
WBGene00007221,1,0.9666666666666667,PFBS,0.005902445928968,0.984576191729592,False,up
WBGene00000451,1,0.9666666666666667,PFBS,0.0163037234233019,0.98472577801532,False,up
WBGene00009114,1,0.9,PFBS,-0.0756774707701846,0.98472577801532,False,down
WBGene00007322,1,0.9333333333333333,PFBS,-0.0147107544835137,0.985160926429725,False,down
WBGene00001894,1,0.9,PFBS,-0.0208296599819187,0.985291338801531,False,down
WBGene00004323,1,0.9666666666666667,PFBS,-0.0045880937093577,0.985377339632705,False,down
WBGene00005582,1,1.0,PFBS,-0.0268682568289828,0.985637005137058,False,down
WBGene00015223,1,0.8666666666666667,PFBS,0.0294835557974053,0.987195219637365,False,up
WBGene00016721,1,1.0,PFBS,0.0060235633424881,0.987233637166085,False,up
WBGene00001923,1,0.9,PFBS,0.0131477740278883,0.987512248491634,False,up
WBGene00013292,1,0.9666666666666667,PFBS,0.0047198059636341,0.987991272369637,False,up
WBGene00023497,1,0.9333333333333333,PFBS,0.0030169353170548,0.987991272369637,False,up
WBGene00002191,1,1.0,PFBS,-0.0022727993902113,0.987991272369637,False,down
WBGene00010559,1,0.8,PFBS,0.0079516442438176,0.988072103614996,False,up
WBGene00003687,1,0.9,PFBS,0.0024955155899715,0.988426538718438,False,up
WBGene00000217,1,0.9,PFBS,-0.0049801628339864,0.988426538718438,False,down
WBGene00012969,1,0.9,PFBS,0.0119071002997373,0.988732277098637,False,up
WBGene00004005,1,0.9666666666666667,PFBS,-0.0073980116412584,0.988746407054268,False,down
WBGene00016246,1,0.5333333333333333,PFBS,0.0050529948730588,0.989021118686858,False,up
WBGene00007655,1,0.9666666666666667,PFBS,-0.0246003009860323,0.989614632718438,False,down
WBGene00021915,1,1.0,PFBS,0.0037231328212783,0.99051847091555,False,up
WBGene00015829,1,0.9666666666666667,PFBS,-0.0127391360086949,0.99088237970664,False,down
WBGene00016559,1,0.9333333333333333,PFBS,0.0053980530806418,0.991558537260517,False,up
WBGene00007944,1,1.0,PFBS,0.0020163238644876,0.991815401658849,False,up
WBGene00018986,1,1.0,PFBS,-0.0040703197270797,0.991815401658849,False,down
WBGene00002344,1,1.0,PFBS,0.0014748568972302,0.99240646417762,False,up
WBGene00006615,1,0.9,PFBS,-0.00181061680858,0.992639601449705,False,down
WBGene00012921,1,1.0,PFBS,0.0062539749419403,0.992681319061317,False,up
WBGene00022546,1,0.8,PFBS,0.0112873977939466,0.992970403011329,False,up
WBGene00021193,1,0.8,PFBS,0.0102080028191986,0.992979204559902,False,up
WBGene00009886,1,0.9,PFBS,-0.0012586859341024,0.994158096226329,False,down
WBGene00003170,1,0.9666666666666667,PFBS,-0.0028361581593085,0.994759850808177,False,down
WBGene00020166,1,1.0,PFBS,0.0024451435206682,0.995023403242169,False,up
WBGene00011094,1,0.5666666666666667,PFBS,0.0017962658934141,0.995360229805496,False,up
WBGene00009518,1,1.0,PFBS,0.003335508397716,0.995493303956444,False,up
WBGene00011776,1,0.5666666666666667,PFBS,-0.0011562462134084,0.995493303956444,False,down
WBGene00009511,1,0.6,PFBS,0.0015321669876072,0.996510028874455,False,up
WBGene00012280,1,0.6,PFBS,0.0018156499578321,0.996623625902076,False,up
WBGene00010784,1,1.0,PFBS,0.0014575288427794,0.996623625902076,False,up
WBGene00012125,1,0.9666666666666667,PFBS,0.0010959254056118,0.996623625902076,False,up
WBGene00010280,1,0.9666666666666667,PFBS,-0.0006830317247216,0.996623625902076,False,down
WBGene00003714,1,0.9666666666666667,PFBS,-0.0022004454403719,0.997383077487134,False,down
WBGene00008521,1,0.9333333333333333,PFBS,-0.0005747582091938,0.997394659390955,False,down
WBGene00015741,1,0.7,PFBS,0.0012225269110631,0.997877676900372,False,up
WBGene00012589,1,1.0,PFBS,-0.001286294011068,0.998139651260952,False,down
WBGene00001928,1,0.9,PFBS,0.001274187546047,0.998831494315887,False,up
WBGene00012591,1,0.9,PFBS,-0.0014594128736708,0.998949511216903,False,down
WBGene00235158,1,1.0,PFBS,-0.0003704942434647,0.999425886302317,False,down
WBGene00001137,1,1.0,PFBS,5.87052221651325e-05,0.99969793746185,False,up
