WB_id,consensus_module,consensus_strength,chemical,logFC,FDR,is_detected,direction
WBGene00004020,2,1.0,PFEESA,-1.35352622111114,1.78682100554987e-10,True,down
WBGene00011222,2,1.0,PFEESA,-0.658028954691203,8.03119364451746e-10,True,down
WBGene00018398,2,0.9666666666666667,PFEESA,0.615242518727793,5.35338277298736e-08,True,up
WBGene00019495,2,1.0,PFEESA,-0.919716513315966,7.93417408143681e-08,True,down
WBGene00022382,2,1.0,PFEESA,0.698025290900761,1.451895061685e-07,True,up
WBGene00013874,2,1.0,PFEESA,-0.709406075174698,1.93972844379865e-07,True,down
WBGene00008607,2,1.0,PFEESA,-0.616993442010672,3.0179700176443e-07,True,down
WBGene00007875,2,0.8333333333333334,PFEESA,-1.34399616263076,4.93122005644773e-07,True,down
WBGene00007787,2,0.9666666666666667,PFEESA,0.414001339390558,4.93881991599347e-07,True,up
WBGene00009052,2,1.0,PFEESA,0.43798908168535,6.42968261949996e-07,True,up
WBGene00001775,2,1.0,PFEESA,-0.649070737933787,7.97610091836317e-07,True,down
WBGene00013946,2,1.0,PFEESA,-1.10104324557954,1.2556955270429e-06,True,down
WBGene00001243,2,1.0,PFEESA,0.521562961387121,1.69625202758003e-06,True,up
WBGene00000136,2,0.9333333333333333,PFEESA,-1.10971355237957,1.78071942734167e-06,True,down
WBGene00019547,2,1.0,PFEESA,-1.24481422979027,3.33371429724346e-06,True,down
WBGene00018146,2,1.0,PFEESA,-0.535301594105774,6.21848560248355e-06,True,down
WBGene00008594,2,0.9666666666666667,PFEESA,0.529554900232793,7.51004518764932e-06,True,up
WBGene00013007,2,1.0,PFEESA,-2.36380844920255,9.43986602058225e-06,True,down
WBGene00000215,2,1.0,PFEESA,-0.489318866950918,1.92615473798051e-05,True,down
WBGene00011291,2,0.9333333333333333,PFEESA,-0.496832456621917,2.38204644738112e-05,True,down
WBGene00017691,2,0.6666666666666666,PFEESA,-1.23450820015678,2.45473755715119e-05,True,down
WBGene00011102,2,1.0,PFEESA,-0.350927118895501,2.75413055170154e-05,True,down
WBGene00014244,2,1.0,PFEESA,-0.801126269477256,2.96904494275666e-05,True,down
WBGene00044488,2,0.9666666666666667,PFEESA,1.24633848951723,3.03804806735944e-05,True,up
WBGene00015695,2,1.0,PFEESA,-0.796891701606147,3.27893051736308e-05,True,down
WBGene00020256,2,1.0,PFEESA,-0.87003293006971,3.51890177294979e-05,True,down
WBGene00010116,2,1.0,PFEESA,-0.579160690692186,6.16515875787128e-05,True,down
WBGene00001156,2,0.9666666666666667,PFEESA,0.53766374084755,0.0001035737858531,True,up
WBGene00001239,2,0.9333333333333333,PFEESA,-0.357500108562824,0.0001149363472133,True,down
WBGene00010214,2,0.9666666666666667,PFEESA,-0.711782237003528,0.0001350675851918,True,down
WBGene00000967,2,1.0,PFEESA,-0.524909767090253,0.0001421012687195,True,down
WBGene00008408,2,1.0,PFEESA,-0.579219204469111,0.0001422034855411,True,down
WBGene00008483,2,1.0,PFEESA,-0.914813052162543,0.0001490380158697,True,down
WBGene00021852,2,1.0,PFEESA,-0.333868108936223,0.0001506898039559,True,down
WBGene00016667,2,1.0,PFEESA,1.42454243123383,0.0001512783151214,True,up
WBGene00013101,2,0.9333333333333333,PFEESA,1.94949453977277,0.0001642469504936,True,up
WBGene00001819,2,1.0,PFEESA,-0.422719310314812,0.0001659314610419,True,down
WBGene00007108,2,1.0,PFEESA,0.346439310465258,0.0001796306610834,True,up
WBGene00019673,2,1.0,PFEESA,-0.428454846700271,0.0002059756707402,True,down
WBGene00020258,2,1.0,PFEESA,-0.675385319024153,0.0002492066789642,True,down
WBGene00020268,2,1.0,PFEESA,0.305633964632153,0.0002812622547206,True,up
WBGene00020191,2,1.0,PFEESA,-0.656090077479271,0.0002820365312839,True,down
WBGene00008621,2,0.9666666666666667,PFEESA,1.12859360405526,0.0002849387491546,True,up
WBGene00013947,2,1.0,PFEESA,-1.25275400586225,0.0002985802577704,True,down
WBGene00000218,2,0.7666666666666667,PFEESA,-0.399394103040471,0.0003439572823105,True,down
WBGene00015965,2,0.7333333333333333,PFEESA,-0.585434178560745,0.0004783548868954,True,down
WBGene00001768,2,1.0,PFEESA,0.846987891937987,0.0005593894498618,True,up
WBGene00014132,2,0.9,PFEESA,1.58182586208454,0.0005757064444945,True,up
WBGene00010924,2,1.0,PFEESA,-0.835022033847077,0.000588221903701,True,down
WBGene00009515,2,1.0,PFEESA,-0.859748858313759,0.0005897064136596,True,down
WBGene00002138,2,0.8,PFEESA,-0.395373244465196,0.0008339413066671,True,down
WBGene00011938,2,1.0,PFEESA,-0.658950270391733,0.0009403167438101,True,down
WBGene00011580,2,1.0,PFEESA,0.265711302065231,0.0010445029816501,True,up
WBGene00006351,2,0.9666666666666667,PFEESA,0.499752653417194,0.0010603089568534,True,up
WBGene00003959,2,0.5333333333333333,PFEESA,0.622206676398549,0.0011124678478188,True,up
WBGene00008923,2,0.9333333333333333,PFEESA,-0.344931281623683,0.0012092766787072,True,down
WBGene00000118,2,0.9333333333333333,PFEESA,-0.435246378317502,0.0012962915482988,True,down
WBGene00010925,2,1.0,PFEESA,-0.510562529069634,0.0014137073746418,True,down
WBGene00020703,2,0.9333333333333333,PFEESA,-0.292116056379497,0.00141466218292,True,down
WBGene00008194,2,1.0,PFEESA,0.328095380531462,0.0016232070097395,True,up
WBGene00004089,2,0.9333333333333333,PFEESA,0.245695277443123,0.0017290047998921,True,up
WBGene00019005,2,1.0,PFEESA,-0.399403304432272,0.0017453959451208,True,down
WBGene00016714,2,1.0,PFEESA,-0.768976056390305,0.0017978160113369,True,down
WBGene00008583,2,1.0,PFEESA,-0.782369568878308,0.0019479445811165,True,down
WBGene00019464,2,0.9333333333333333,PFEESA,-0.52243782547014,0.0019977862024013,True,down
WBGene00008336,2,0.9666666666666667,PFEESA,-0.645582928969809,0.0021008642202323,True,down
WBGene00012858,2,1.0,PFEESA,-0.471298223167274,0.0021605614240049,True,down
WBGene00013654,2,0.9333333333333333,PFEESA,0.458784940419697,0.0022410086809603,True,up
WBGene00008749,2,1.0,PFEESA,0.370709315933392,0.0023532712764534,True,up
WBGene00018823,2,1.0,PFEESA,0.535153240650323,0.0025238547773689,True,up
WBGene00020662,2,1.0,PFEESA,-0.304458434538825,0.0028786026320641,True,down
WBGene00019120,2,1.0,PFEESA,0.235362638605358,0.0028999892473622,True,up
WBGene00000785,2,1.0,PFEESA,-0.502429623947461,0.0031294624425717,True,down
WBGene00008042,2,1.0,PFEESA,-0.830576477034309,0.0031319405907561,True,down
WBGene00001099,2,1.0,PFEESA,0.33636321578899,0.0032243500289839,True,up
WBGene00020557,2,1.0,PFEESA,-0.42303790213911,0.0041033347656829,True,down
WBGene00008053,2,1.0,PFEESA,0.369584276879215,0.0041285744934267,True,up
WBGene00018984,2,1.0,PFEESA,-0.369926720210502,0.0046776634893636,True,down
WBGene00020549,2,1.0,PFEESA,0.365256110687299,0.0047210595031454,True,up
WBGene00009993,2,0.6,PFEESA,-0.268278055238386,0.0047296690032238,True,down
WBGene00008560,2,1.0,PFEESA,-1.45253258065664,0.0051800032694936,True,down
WBGene00003903,2,1.0,PFEESA,0.202577853014948,0.0054706513989864,True,up
WBGene00008494,2,1.0,PFEESA,-0.819337968789208,0.0056394561723143,True,down
WBGene00017075,2,0.9333333333333333,PFEESA,-0.282165124046925,0.0056700840390251,True,down
WBGene00012608,2,1.0,PFEESA,-0.72395024807335,0.0060646419469552,True,down
WBGene00016920,2,0.5333333333333333,PFEESA,0.484431663228365,0.0065676580781613,True,up
WBGene00017482,2,0.9666666666666667,PFEESA,-0.251726076173173,0.0067423996794637,True,down
WBGene00015116,2,1.0,PFEESA,-0.51601077743208,0.0068528475228255,True,down
WBGene00008451,2,0.9666666666666667,PFEESA,-0.509047951541432,0.0077888568578327,True,down
WBGene00003053,2,0.9333333333333333,PFEESA,-0.186040166962049,0.0078581427463692,True,down
WBGene00002043,2,1.0,PFEESA,0.322348839372293,0.0085020240481971,True,up
WBGene00013575,2,1.0,PFEESA,-0.271273650992309,0.0085900333046245,True,down
WBGene00044797,2,1.0,PFEESA,-0.525570899004025,0.0087608533230725,True,down
WBGene00003956,2,1.0,PFEESA,-0.277320398080204,0.0089018331413903,True,down
WBGene00013872,2,1.0,PFEESA,-0.528773774528015,0.0097773721952098,True,down
WBGene00017449,2,0.9333333333333333,PFEESA,0.448243944920901,0.0098697062697358,True,up
WBGene00004875,2,1.0,PFEESA,-0.272279806684932,0.009964168831188,True,down
WBGene00020471,2,1.0,PFEESA,0.380995241217343,0.0104167538060183,True,up
WBGene00000539,2,1.0,PFEESA,-0.625401381139053,0.0107716209954201,True,down
WBGene00013606,2,1.0,PFEESA,0.178131957871174,0.0108303328534585,True,up
WBGene00003958,2,1.0,PFEESA,-0.541983944005154,0.0110956885941922,True,down
WBGene00011006,2,1.0,PFEESA,0.305138249250757,0.0115635082561292,True,up
WBGene00018045,2,1.0,PFEESA,-0.56134440572689,0.0121965531313163,True,down
WBGene00018911,2,1.0,PFEESA,-0.710099487025932,0.0123728036976591,True,down
WBGene00011353,2,1.0,PFEESA,-0.291182851967646,0.0138704848297269,True,down
WBGene00008097,2,1.0,PFEESA,-0.484401464012587,0.0138740379398637,True,down
WBGene00016631,2,1.0,PFEESA,-0.222229560655343,0.01424688553214,True,down
WBGene00013755,2,1.0,PFEESA,0.46028013710278,0.0143053852902597,True,up
WBGene00007413,2,1.0,PFEESA,-0.249983225884947,0.0153637112011136,True,down
WBGene00006896,2,0.9333333333333333,PFEESA,0.261643971077712,0.0155002177434794,True,up
WBGene00017765,2,0.9666666666666667,PFEESA,-0.17848782859726,0.0177688330239854,True,down
WBGene00000240,2,0.9333333333333333,PFEESA,0.321387582696312,0.0178739151766828,True,up
WBGene00021359,2,1.0,PFEESA,-0.38505955689175,0.0180497392012766,True,down
WBGene00007536,2,1.0,PFEESA,0.41060219653535,0.0193007191288304,True,up
WBGene00006897,2,1.0,PFEESA,-0.538211720223238,0.0193672361415458,True,down
WBGene00020576,2,1.0,PFEESA,-0.312867154918225,0.0198655167075265,True,down
WBGene00007220,2,1.0,PFEESA,-0.386635679694617,0.0223643591912576,True,down
WBGene00002139,2,0.8,PFEESA,-0.257486238805771,0.0237780050268894,True,down
WBGene00019345,2,1.0,PFEESA,0.254267040793638,0.0244180180816389,True,up
WBGene00002089,2,1.0,PFEESA,0.522657006892847,0.0254042282002224,True,up
WBGene00000172,2,1.0,PFEESA,0.287034023889962,0.0267230570137974,True,up
WBGene00013073,2,0.9666666666666667,PFEESA,-0.791455481049971,0.027222724871295,True,down
WBGene00007255,2,0.9666666666666667,PFEESA,-0.403370821492718,0.0284371718325554,True,down
WBGene00015009,2,0.9666666666666667,PFEESA,0.20284433740701,0.0292815390374993,True,up
WBGene00019432,2,1.0,PFEESA,-0.292009073313322,0.0296093476635921,True,down
WBGene00019273,2,1.0,PFEESA,0.528792860380703,0.029863472320211,True,up
WBGene00015117,2,1.0,PFEESA,-0.355532403597134,0.029863472320211,True,down
WBGene00001909,2,1.0,PFEESA,-0.188901183009731,0.0298910878433313,True,down
WBGene00002023,2,1.0,PFEESA,0.205640611865128,0.0329428988702702,True,up
WBGene00001244,2,1.0,PFEESA,0.264664973774642,0.0331805144116446,True,up
WBGene00001830,2,1.0,PFEESA,-0.452665225523229,0.034462635785757,True,down
WBGene00019146,2,1.0,PFEESA,0.581579005832052,0.0347039182371839,True,up
WBGene00000843,2,1.0,PFEESA,0.215841076579477,0.0350915224821148,True,up
WBGene00019121,2,1.0,PFEESA,0.18671731435079,0.0369557675250703,True,up
WBGene00000176,2,0.9333333333333333,PFEESA,0.494012695335968,0.037133784625097,True,up
WBGene00007750,2,1.0,PFEESA,-0.224180417172032,0.039390654122268,True,down
WBGene00018343,2,1.0,PFEESA,-0.946110168280781,0.039571577299766,True,down
WBGene00015932,2,0.9666666666666667,PFEESA,1.18662434274079,0.0399571287425614,True,up
WBGene00010083,2,1.0,PFEESA,-0.308459649752889,0.0401087501876928,True,down
WBGene00002045,2,1.0,PFEESA,-0.155829138668176,0.0404900612030743,True,down
WBGene00022794,2,1.0,PFEESA,-0.230078542986439,0.040550824801236,True,down
WBGene00015313,2,0.9666666666666667,PFEESA,-0.406515174004773,0.0420457205404924,True,down
WBGene00009385,2,1.0,PFEESA,-0.344749268795512,0.0437149102498224,True,down
WBGene00044924,2,0.9666666666666667,PFEESA,-0.391727148589689,0.0439140267086402,True,down
WBGene00044094,2,1.0,PFEESA,0.230958451452924,0.0446479310377043,True,up
WBGene00000391,2,0.6666666666666666,PFEESA,0.281102369569672,0.0449055516048592,True,up
WBGene00008548,2,0.9666666666666667,PFEESA,-0.279702445942841,0.0458572189532248,True,down
WBGene00014209,2,1.0,PFEESA,-0.268764525038917,0.0461009147716657,True,down
WBGene00021938,2,1.0,PFEESA,0.172226783929344,0.0463958754008668,True,up
WBGene00016755,2,0.7666666666666667,PFEESA,-0.573243952564556,0.0465693825299417,True,down
WBGene00022357,2,1.0,PFEESA,-0.59323612926717,0.0466593439639539,True,down
WBGene00012344,2,1.0,PFEESA,-0.137146685811285,0.0467610261729459,True,down
WBGene00009179,2,0.9666666666666667,PFEESA,-0.43772574076189,0.046940963198718,True,down
WBGene00018998,2,1.0,PFEESA,-0.245637305853494,0.0471343855913562,True,down
WBGene00010638,2,0.9,PFEESA,-0.335022199555103,0.0471343855913562,True,down
WBGene00015064,2,1.0,PFEESA,-0.414450500967015,0.0471343855913562,True,down
WBGene00018624,2,0.9666666666666667,PFEESA,0.597139978278802,0.0471388512029901,True,up
WBGene00003837,2,1.0,PFEESA,0.313354289122549,0.049648651737214,True,up
WBGene00003952,2,1.0,PFEESA,0.259779540374019,0.049648651737214,True,up
WBGene00021487,2,0.9666666666666667,PFEESA,0.476534683734179,0.0498696440941366,True,up
WBGene00012698,2,0.9333333333333333,PFEESA,-0.774162010139086,0.050536605135453,False,down
WBGene00020911,2,0.9666666666666667,PFEESA,-0.584241366533833,0.0508333677921993,False,down
WBGene00019767,2,1.0,PFEESA,-0.190728156245805,0.051403885268628,False,down
WBGene00022682,2,0.9666666666666667,PFEESA,-0.329798655555421,0.0515614164968766,False,down
WBGene00011083,2,1.0,PFEESA,-0.393489261699303,0.053573774030155,False,down
WBGene00022613,2,1.0,PFEESA,0.190422009556101,0.0537384794853867,False,up
WBGene00004493,2,1.0,PFEESA,-0.188942001119642,0.0551642299699687,False,down
WBGene00014137,2,0.9333333333333333,PFEESA,0.35308661530771,0.0555715941327026,False,up
WBGene00022864,2,1.0,PFEESA,-0.233816987987306,0.0570782895433036,False,down
WBGene00022694,2,1.0,PFEESA,-0.304574622078639,0.0580178472738118,False,down
WBGene00022042,2,1.0,PFEESA,-0.134815078429853,0.0590701341937188,False,down
WBGene00020977,2,0.9666666666666667,PFEESA,-0.972084359300475,0.0600574842357999,False,down
WBGene00009952,2,0.7,PFEESA,0.272028019435267,0.0608452053605833,False,up
WBGene00017241,2,1.0,PFEESA,0.358250475406047,0.0617354621999545,False,up
WBGene00022021,2,1.0,PFEESA,-0.25869270690432,0.0628791547562889,False,down
WBGene00018088,2,1.0,PFEESA,-0.267289404843185,0.0638100724339615,False,down
WBGene00008344,2,1.0,PFEESA,-0.165615744830035,0.0639685177592942,False,down
WBGene00020006,2,1.0,PFEESA,-0.230442897511383,0.064589688928991,False,down
WBGene00003768,2,1.0,PFEESA,-0.721982591248253,0.0648262311115294,False,down
WBGene00013716,2,1.0,PFEESA,-0.239012763833313,0.0652535395555692,False,down
WBGene00010505,2,1.0,PFEESA,-0.537865438217703,0.0668921497820955,False,down
WBGene00009918,2,1.0,PFEESA,-0.324849387314563,0.0674098114227897,False,down
WBGene00012683,2,0.9666666666666667,PFEESA,-1.14234490364081,0.0675873584040118,False,down
WBGene00008151,2,0.5666666666666667,PFEESA,-0.228847941035143,0.0710647543601378,False,down
WBGene00004503,2,1.0,PFEESA,0.218357146665147,0.0713303175274625,False,up
WBGene00004060,2,1.0,PFEESA,-0.222314224700635,0.0732905442184515,False,down
WBGene00012522,2,1.0,PFEESA,-0.24973090700858,0.0732905442184515,False,down
WBGene00007588,2,1.0,PFEESA,0.149092065476126,0.0732980347051165,False,up
WBGene00004314,2,0.9666666666666667,PFEESA,0.170613798482451,0.0736667335661762,False,up
WBGene00007145,2,1.0,PFEESA,-0.264589515926752,0.0741839807691239,False,down
WBGene00008688,2,1.0,PFEESA,-0.306702140667133,0.0751910003245738,False,down
WBGene00009119,2,1.0,PFEESA,-0.173804243906998,0.0754353273214036,False,down
WBGene00014078,2,0.9666666666666667,PFEESA,-0.231180592337388,0.0757589378995141,False,down
WBGene00011687,2,1.0,PFEESA,-0.190701409425388,0.0763877570147317,False,down
WBGene00022742,2,1.0,PFEESA,-0.158830726743131,0.0770044441854899,False,down
WBGene00014106,2,0.9666666666666667,PFEESA,0.388260362920943,0.0780363070241138,False,up
WBGene00010197,2,1.0,PFEESA,-0.187793046023803,0.0781175892464054,False,down
WBGene00007703,2,1.0,PFEESA,0.160400858039878,0.0782761454305064,False,up
WBGene00018154,2,1.0,PFEESA,-0.181338003591484,0.0786910651418017,False,down
WBGene00016134,2,1.0,PFEESA,-0.201623114717979,0.0786910651418017,False,down
WBGene00017347,2,1.0,PFEESA,-0.248767044963253,0.0786910651418017,False,down
WBGene00020451,2,0.9666666666666667,PFEESA,0.277989180786902,0.0804613855911811,False,up
WBGene00006567,2,1.0,PFEESA,-0.24724491602245,0.081058143487338,False,down
WBGene00022610,2,0.9666666666666667,PFEESA,-0.250085906836978,0.0812047298935772,False,down
WBGene00003161,2,1.0,PFEESA,-0.433906751581585,0.0841106511560439,False,down
WBGene00009069,2,1.0,PFEESA,-0.63528182578458,0.0858725471257857,False,down
WBGene00007918,2,1.0,PFEESA,-0.202445482252164,0.085946244198391,False,down
WBGene00007129,2,0.5666666666666667,PFEESA,-0.190467933328331,0.0870590564757378,False,down
WBGene00011559,2,0.9666666666666667,PFEESA,-0.309623499627476,0.0877132538387959,False,down
WBGene00012768,2,0.9666666666666667,PFEESA,-0.177171224062829,0.0890249477590657,False,down
WBGene00045383,2,1.0,PFEESA,-0.156418068645267,0.0898908322213651,False,down
WBGene00003074,2,1.0,PFEESA,-0.190107527154731,0.0900867298372858,False,down
WBGene00045272,2,0.9666666666666667,PFEESA,-0.440424282011979,0.0916178483422623,False,down
WBGene00001805,2,0.9333333333333333,PFEESA,-0.612623662770855,0.092037827431233,False,down
WBGene00011162,2,1.0,PFEESA,0.472993521925989,0.0931598945844493,False,up
WBGene00010070,2,1.0,PFEESA,-0.234692280794607,0.0969421176250786,False,down
WBGene00004061,2,1.0,PFEESA,0.29831019149068,0.0970052085145029,False,up
WBGene00017101,2,1.0,PFEESA,0.309218668910426,0.100411239564532,False,up
WBGene00000239,2,1.0,PFEESA,-0.249915384876664,0.103899639260343,False,down
WBGene00015487,2,1.0,PFEESA,-0.254482465234279,0.104408465744243,False,down
WBGene00014204,2,1.0,PFEESA,-0.113753247163376,0.104844286373872,False,down
WBGene00022166,2,1.0,PFEESA,-0.166462611298352,0.106390129456817,False,down
WBGene00014003,2,0.9666666666666667,PFEESA,-0.613424079860122,0.106895119123987,False,down
WBGene00008506,2,1.0,PFEESA,0.222287932305379,0.106927679597439,False,up
WBGene00016511,2,0.9333333333333333,PFEESA,0.256380723184395,0.107289826795478,False,up
WBGene00003927,2,1.0,PFEESA,0.228719398194669,0.107289826795478,False,up
WBGene00020633,2,1.0,PFEESA,0.209441785260345,0.108321001441725,False,up
WBGene00008934,2,0.8666666666666667,PFEESA,-0.257556370439418,0.10836677936021,False,down
WBGene00015189,2,0.9666666666666667,PFEESA,-0.374910614559175,0.109502484779013,False,down
WBGene00009246,2,1.0,PFEESA,-0.156935571918623,0.110511480329134,False,down
WBGene00014165,2,0.9,PFEESA,-0.203831222453031,0.1126066680425,False,down
WBGene00006440,2,1.0,PFEESA,-0.437219390700105,0.114972837051943,False,down
WBGene00013265,2,1.0,PFEESA,-0.227616839255604,0.115915619977333,False,down
WBGene00004297,2,1.0,PFEESA,-0.347380413289914,0.115915619977333,False,down
WBGene00009883,2,1.0,PFEESA,-0.292352164782375,0.116873578406875,False,down
WBGene00016797,2,0.9666666666666667,PFEESA,-0.797051172076525,0.118386354148869,False,down
WBGene00003422,2,1.0,PFEESA,-0.307728032263986,0.120371575007919,False,down
WBGene00000802,2,1.0,PFEESA,-0.130699928278308,0.120606388297828,False,down
WBGene00017487,2,0.9666666666666667,PFEESA,-0.27821627564831,0.120784171623778,False,down
WBGene00021074,2,0.9666666666666667,PFEESA,-0.205452648560427,0.121173562112708,False,down
WBGene00008173,2,0.9333333333333333,PFEESA,-0.426485313798781,0.121332486931633,False,down
WBGene00022773,2,1.0,PFEESA,-0.411662996994585,0.121924694389479,False,down
WBGene00015405,2,1.0,PFEESA,-0.177327857455602,0.12225987587399,False,down
WBGene00011743,2,0.6666666666666666,PFEESA,-0.264956959066449,0.12225987587399,False,down
WBGene00022276,2,0.8666666666666667,PFEESA,0.15792897052793,0.122422004761749,False,up
WBGene00009159,2,1.0,PFEESA,-0.197483563446016,0.122422004761749,False,down
WBGene00000213,2,0.8333333333333334,PFEESA,-1.19996116662546,0.122422004761749,False,down
WBGene00020625,2,1.0,PFEESA,-0.24190330331181,0.12707874349042,False,down
WBGene00007236,2,1.0,PFEESA,-0.251117521314716,0.128378525311259,False,down
WBGene00007339,2,0.9666666666666667,PFEESA,-0.363770700962613,0.128378525311259,False,down
WBGene00020579,2,1.0,PFEESA,0.268696561666574,0.128915685344361,False,up
WBGene00018779,2,1.0,PFEESA,-0.269055652286726,0.128915685344361,False,down
WBGene00006571,2,0.9666666666666667,PFEESA,-0.339217355363647,0.128915685344361,False,down
WBGene00017362,2,1.0,PFEESA,-0.21066970052183,0.131429309751653,False,down
WBGene00017092,2,1.0,PFEESA,0.930256296623071,0.131903612990474,False,up
WBGene00000265,2,1.0,PFEESA,-0.339917187009089,0.131923929193359,False,down
WBGene00007136,2,0.9333333333333333,PFEESA,-0.405184981288618,0.132180669379138,False,down
WBGene00016995,2,1.0,PFEESA,0.376637496718412,0.132281017696731,False,up
WBGene00004508,2,1.0,PFEESA,0.151540699047959,0.132286033259773,False,up
WBGene00008565,2,1.0,PFEESA,-0.776721213145986,0.132578659171704,False,down
WBGene00012460,2,1.0,PFEESA,-0.269310511309716,0.134410769964915,False,down
WBGene00011524,2,0.9666666666666667,PFEESA,-0.367310922816777,0.13495538113969,False,down
WBGene00015092,2,1.0,PFEESA,-0.176220656082139,0.136210663011232,False,down
WBGene00004910,2,1.0,PFEESA,-0.187936449639919,0.136210663011232,False,down
WBGene00018831,2,1.0,PFEESA,-0.22785369650898,0.136210663011232,False,down
WBGene00012883,2,0.9666666666666667,PFEESA,-0.677218293151136,0.136210663011232,False,down
WBGene00016020,2,0.9333333333333333,PFEESA,0.196307352838635,0.136931019918938,False,up
WBGene00008380,2,1.0,PFEESA,-0.177473637558879,0.136931019918938,False,down
WBGene00018541,2,0.8666666666666667,PFEESA,-0.43947703006537,0.137292053665425,False,down
WBGene00007412,2,0.9333333333333333,PFEESA,-0.152507506565957,0.138731474979747,False,down
WBGene00012951,2,1.0,PFEESA,-0.191881714911276,0.139727915626323,False,down
WBGene00012888,2,1.0,PFEESA,-0.303596951472889,0.139727915626323,False,down
WBGene00016758,2,1.0,PFEESA,-0.285633010100911,0.140133401587353,False,down
WBGene00006937,2,1.0,PFEESA,-0.187342374569785,0.140993390635956,False,down
WBGene00017535,2,1.0,PFEESA,-1.11713893988683,0.141526282932487,False,down
WBGene00012835,2,1.0,PFEESA,-0.326953805183727,0.142655648098807,False,down
WBGene00010044,2,1.0,PFEESA,-0.223033107117349,0.143153082716107,False,down
WBGene00008101,2,1.0,PFEESA,0.2380457540303,0.143928822967017,False,up
WBGene00004887,2,0.9666666666666667,PFEESA,-0.208482316561773,0.143928822967017,False,down
WBGene00022378,2,1.0,PFEESA,-0.264563200647218,0.143952808495772,False,down
WBGene00003059,2,1.0,PFEESA,-0.258811646340325,0.144460948470096,False,down
WBGene00012291,2,1.0,PFEESA,-0.249278624144974,0.146620245037279,False,down
WBGene00004506,2,1.0,PFEESA,0.168558560872491,0.14757058147626,False,up
WBGene00016981,2,1.0,PFEESA,0.177101512162299,0.148701720875557,False,up
WBGene00022459,2,1.0,PFEESA,0.120579214024825,0.148758889148853,False,up
WBGene00016027,2,0.9666666666666667,PFEESA,-0.432127005406743,0.148758889148853,False,down
WBGene00000858,2,0.9333333333333333,PFEESA,0.187497541341005,0.149067986054049,False,up
WBGene00022025,2,1.0,PFEESA,-0.203204902748643,0.153177463573031,False,down
WBGene00001590,2,1.0,PFEESA,-0.31121845213272,0.153745525946853,False,down
WBGene00020837,2,1.0,PFEESA,-0.179794810112724,0.153973975474066,False,down
WBGene00000557,2,1.0,PFEESA,-0.29642490407118,0.156540052718111,False,down
WBGene00007692,2,1.0,PFEESA,-0.292122438487436,0.157153814186672,False,down
WBGene00004958,2,0.9,PFEESA,-0.388492712349263,0.157572845733418,False,down
WBGene00044107,2,1.0,PFEESA,-0.460014071800245,0.157802059422403,False,down
WBGene00000227,2,1.0,PFEESA,0.131878090667934,0.158873567346419,False,up
WBGene00011576,2,1.0,PFEESA,-0.355799460408968,0.159006412461052,False,down
WBGene00016423,2,1.0,PFEESA,-0.311823171992234,0.159153199931003,False,down
WBGene00009218,2,0.9333333333333333,PFEESA,-0.220776835597923,0.160710937397268,False,down
WBGene00015135,2,0.9333333333333333,PFEESA,-0.951178897218739,0.161567528790136,False,down
WBGene00011045,2,0.8666666666666667,PFEESA,0.16547365338243,0.163543859681411,False,up
WBGene00010657,2,0.9666666666666667,PFEESA,-0.51031835323764,0.16423980941947,False,down
WBGene00002257,2,1.0,PFEESA,-0.24403716545487,0.164948073652941,False,down
WBGene00000198,2,1.0,PFEESA,0.215410200431554,0.165280976975222,False,up
WBGene00012420,2,1.0,PFEESA,-0.356468019847105,0.165853423331513,False,down
WBGene00011081,2,0.8666666666666667,PFEESA,-0.354779622594048,0.167000829703354,False,down
WBGene00013210,2,1.0,PFEESA,-0.146898152655189,0.167489748395782,False,down
WBGene00004859,2,1.0,PFEESA,0.221659150519622,0.167807226985528,False,up
WBGene00015011,2,1.0,PFEESA,-0.221144689774712,0.167807226985528,False,down
WBGene00004436,2,1.0,PFEESA,-0.142391070345065,0.168178763141177,False,down
WBGene00008683,2,0.9666666666666667,PFEESA,-0.181813481744107,0.169045326639245,False,down
WBGene00011522,2,0.9666666666666667,PFEESA,0.211030554167091,0.169358587669577,False,up
WBGene00015124,2,0.9666666666666667,PFEESA,-0.269904335028253,0.169444684264936,False,down
WBGene00001516,2,0.9333333333333333,PFEESA,0.109697363544366,0.171862200173245,False,up
WBGene00004487,2,1.0,PFEESA,-0.116487122714372,0.171862200173245,False,down
WBGene00004499,2,1.0,PFEESA,-0.161452372032637,0.171862200173245,False,down
WBGene00015403,2,0.9666666666666667,PFEESA,0.296185023751142,0.172028576354082,False,up
WBGene00044318,2,1.0,PFEESA,-0.272416736681516,0.172028576354082,False,down
WBGene00004408,2,1.0,PFEESA,-0.102058834964646,0.172697350691701,False,down
WBGene00008385,2,1.0,PFEESA,-0.237897536784867,0.17461366184814,False,down
WBGene00001155,2,1.0,PFEESA,-0.495317280188479,0.175120225534777,False,down
WBGene00009575,2,1.0,PFEESA,-0.162851630878649,0.175435653661505,False,down
WBGene00021024,2,1.0,PFEESA,-0.170350623964582,0.175435653661505,False,down
WBGene00004481,2,1.0,PFEESA,-0.189495256594135,0.175947428671872,False,down
WBGene00000040,2,1.0,PFEESA,0.155019776525606,0.177090694290778,False,up
WBGene00007653,2,1.0,PFEESA,-0.153087029924813,0.178087580818195,False,down
WBGene00013347,2,1.0,PFEESA,-0.183078497346662,0.178087580818195,False,down
WBGene00007185,2,1.0,PFEESA,-0.208661373742013,0.179016742785436,False,down
WBGene00000302,2,0.5333333333333333,PFEESA,-0.277559450699074,0.181574774370342,False,down
WBGene00013690,2,0.9666666666666667,PFEESA,-0.310499212098146,0.181574774370342,False,down
WBGene00017687,2,1.0,PFEESA,0.231764275423012,0.182930705688866,False,up
WBGene00013544,2,1.0,PFEESA,-0.277460737481862,0.182930705688866,False,down
WBGene00011155,2,1.0,PFEESA,-0.395420872839163,0.182930705688866,False,down
WBGene00000772,2,0.9333333333333333,PFEESA,-0.48600553621746,0.18337429905629,False,down
WBGene00012407,2,1.0,PFEESA,-0.210219640825891,0.186185196513562,False,down
WBGene00008110,2,1.0,PFEESA,0.168647644131076,0.186880031109243,False,up
WBGene00019509,2,0.9666666666666667,PFEESA,-0.354354714401346,0.186880031109243,False,down
WBGene00012025,2,1.0,PFEESA,-0.583960427089796,0.187208627277282,False,down
WBGene00004900,2,0.9333333333333333,PFEESA,0.148557398435238,0.187601372712332,False,up
WBGene00008084,2,0.5333333333333333,PFEESA,-0.523313780002162,0.187601372712332,False,down
WBGene00013011,2,1.0,PFEESA,0.101476009520618,0.188300683327224,False,up
WBGene00018009,2,1.0,PFEESA,-0.174721488616587,0.193497367499357,False,down
WBGene00020628,2,0.9333333333333333,PFEESA,0.107519318755619,0.194011496981683,False,up
WBGene00022336,2,1.0,PFEESA,-0.142775945361385,0.19489301675061,False,down
WBGene00001998,2,0.9666666666666667,PFEESA,-0.421521103260963,0.195133974138352,False,down
WBGene00017916,2,1.0,PFEESA,-0.278097457185842,0.195802848941441,False,down
WBGene00019914,2,0.9333333333333333,PFEESA,-0.234760220730227,0.196498730232539,False,down
WBGene00021020,2,1.0,PFEESA,0.244847491561416,0.197021633394875,False,up
WBGene00016868,2,1.0,PFEESA,-0.405205101166793,0.197021633394875,False,down
WBGene00013387,2,0.9333333333333333,PFEESA,-0.42848543841683,0.197630507491491,False,down
WBGene00022269,2,1.0,PFEESA,-0.220012491271492,0.198525572506923,False,down
WBGene00001823,2,0.9666666666666667,PFEESA,-0.195675641048387,0.199927506428792,False,down
WBGene00012923,2,0.9666666666666667,PFEESA,-0.366374446926527,0.200781869275244,False,down
WBGene00003041,2,1.0,PFEESA,-0.161444075290831,0.202918799521514,False,down
WBGene00020399,2,0.9,PFEESA,-0.214027098577196,0.205952333332256,False,down
WBGene00022583,2,1.0,PFEESA,-0.214889702312274,0.206300787911803,False,down
WBGene00013768,2,1.0,PFEESA,-0.197182247106988,0.206419561979598,False,down
WBGene00013109,2,0.5333333333333333,PFEESA,-0.210977924121932,0.206928232561439,False,down
WBGene00019959,2,1.0,PFEESA,-0.162851112149748,0.20904498623109,False,down
WBGene00013804,2,1.0,PFEESA,-0.166926753158966,0.209230548905827,False,down
WBGene00011164,2,1.0,PFEESA,0.443579979535288,0.210889016556192,False,up
WBGene00015196,2,1.0,PFEESA,-0.607186854457462,0.211020683865735,False,down
WBGene00013819,2,0.9666666666666667,PFEESA,-0.377576251786204,0.211728234866599,False,down
WBGene00001653,2,1.0,PFEESA,-0.136458229869282,0.212363738814941,False,down
WBGene00000837,2,0.9666666666666667,PFEESA,0.0947467742170921,0.214478622119847,False,up
WBGene00004409,2,1.0,PFEESA,-0.162915377907563,0.215009814121006,False,down
WBGene00011035,2,1.0,PFEESA,-0.247314715510317,0.215183298742125,False,down
WBGene00011634,2,1.0,PFEESA,-0.173880984501792,0.215459193041871,False,down
WBGene00000633,2,0.9333333333333333,PFEESA,-0.710521368883741,0.216428446518885,False,down
WBGene00012176,2,0.9333333333333333,PFEESA,-0.765871100808069,0.21674381536068,False,down
WBGene00007695,2,1.0,PFEESA,-0.20845971516595,0.216972230399641,False,down
WBGene00004428,2,1.0,PFEESA,-0.101480118927827,0.217270199216507,False,down
WBGene00017742,2,0.9,PFEESA,-0.264501425034284,0.218245991712892,False,down
WBGene00011747,2,0.9666666666666667,PFEESA,-0.137415645629279,0.218382477842943,False,down
WBGene00003210,2,1.0,PFEESA,-0.133278484218099,0.21931376973399,False,down
WBGene00015206,2,1.0,PFEESA,0.14455234537278,0.219584084307637,False,up
WBGene00007698,2,1.0,PFEESA,-0.15645392407054,0.219584084307637,False,down
WBGene00012201,2,0.9666666666666667,PFEESA,-0.439385727905199,0.220934185243688,False,down
WBGene00015684,2,1.0,PFEESA,-0.207583507140971,0.221464872405991,False,down
WBGene00010339,2,1.0,PFEESA,0.175222580219767,0.221710242820903,False,up
WBGene00001580,2,1.0,PFEESA,0.13474032333643,0.222895372235155,False,up
WBGene00020375,2,1.0,PFEESA,-0.210624784152192,0.222895372235155,False,down
WBGene00001948,2,1.0,PFEESA,-0.300334597221789,0.223415694289044,False,down
WBGene00022158,2,0.9333333333333333,PFEESA,-0.203006105078168,0.223771637886627,False,down
WBGene00022737,2,0.5333333333333333,PFEESA,-0.299492117939454,0.22389481670219,False,down
WBGene00016202,2,1.0,PFEESA,-0.119831386260425,0.224807325865368,False,down
WBGene00011707,2,1.0,PFEESA,-0.222572997877975,0.225550506582628,False,down
WBGene00020275,2,1.0,PFEESA,-0.122494158350085,0.225632822396443,False,down
WBGene00013211,2,1.0,PFEESA,-0.413561810661043,0.226804507563273,False,down
WBGene00008595,2,1.0,PFEESA,0.174976139518928,0.228340126164148,False,up
WBGene00016643,2,1.0,PFEESA,0.121934881028289,0.228432164245813,False,up
WBGene00015450,2,1.0,PFEESA,-0.172545226011888,0.228432164245813,False,down
WBGene00015793,2,1.0,PFEESA,0.151540783053045,0.231087403670942,False,up
WBGene00007018,2,1.0,PFEESA,-0.236646565486551,0.232516072077528,False,down
WBGene00022092,2,1.0,PFEESA,-0.239849681968322,0.234282714768001,False,down
WBGene00011648,2,1.0,PFEESA,-0.157696610505551,0.235390834887786,False,down
WBGene00003924,2,0.6666666666666666,PFEESA,0.158191982377795,0.236441369579249,False,up
WBGene00004485,2,1.0,PFEESA,-0.18237260861786,0.236441369579249,False,down
WBGene00302998,2,0.9666666666666667,PFEESA,-0.448914268870036,0.237224986710964,False,down
WBGene00001425,2,1.0,PFEESA,0.216543889454421,0.238135672114293,False,up
WBGene00003407,2,1.0,PFEESA,0.115091614429145,0.238359669900379,False,up
WBGene00016944,2,1.0,PFEESA,-0.190475857124855,0.239020325176607,False,down
WBGene00011275,2,1.0,PFEESA,-0.375091623542465,0.241038397748722,False,down
WBGene00016166,2,0.9666666666666667,PFEESA,-0.16588517228034,0.242144485950596,False,down
WBGene00017301,2,0.7,PFEESA,-0.396749138988987,0.242144485950596,False,down
WBGene00004435,2,1.0,PFEESA,-0.224718093316697,0.242377723401109,False,down
WBGene00013553,2,1.0,PFEESA,-0.430955249923843,0.242377723401109,False,down
WBGene00018793,2,1.0,PFEESA,-0.16488707872703,0.243000037726068,False,down
WBGene00022486,2,0.6333333333333333,PFEESA,-0.35067813742765,0.243065748498878,False,down
WBGene00004442,2,1.0,PFEESA,-0.185400960774141,0.243315820727047,False,down
WBGene00004472,2,1.0,PFEESA,-0.130161016634658,0.244019950825053,False,down
WBGene00001595,2,0.9666666666666667,PFEESA,-0.364329464899344,0.24537121558627,False,down
WBGene00016173,2,1.0,PFEESA,-0.189307821239656,0.248527826587099,False,down
WBGene00002065,2,1.0,PFEESA,-0.107576110090168,0.248624750138757,False,down
WBGene00000257,2,0.8,PFEESA,-0.259591896984654,0.250115871453036,False,down
WBGene00018282,2,1.0,PFEESA,0.266635463837853,0.251621251514189,False,up
WBGene00012867,2,1.0,PFEESA,0.155545174135326,0.251750696621943,False,up
WBGene00018885,2,1.0,PFEESA,-0.243289118603201,0.252588046839316,False,down
WBGene00001855,2,1.0,PFEESA,-0.220462899972719,0.253602378050147,False,down
WBGene00019935,2,1.0,PFEESA,-0.303244082618645,0.254779290350657,False,down
WBGene00007728,2,1.0,PFEESA,-0.389647267626549,0.25597284757187,False,down
WBGene00018237,2,1.0,PFEESA,0.260253961858859,0.25626557312489,False,up
WBGene00012037,2,1.0,PFEESA,-0.165273439957468,0.25626557312489,False,down
WBGene00001039,2,0.6,PFEESA,-0.258695423549844,0.25665290963754,False,down
WBGene00004341,2,0.9333333333333333,PFEESA,0.159213118718024,0.257269525551766,False,up
WBGene00021735,2,0.9333333333333333,PFEESA,-0.151454857770238,0.257269525551766,False,down
WBGene00019963,2,0.9666666666666667,PFEESA,-1.04661651326798,0.257348937395522,False,down
WBGene00011156,2,1.0,PFEESA,-0.262494628915674,0.260365043848365,False,down
WBGene00009443,2,1.0,PFEESA,-0.382312462178395,0.261087107384429,False,down
WBGene00017934,2,1.0,PFEESA,0.301881946662831,0.264845445996057,False,up
WBGene00010476,2,0.9666666666666667,PFEESA,-0.163249074572442,0.264964906592571,False,down
WBGene00021856,2,1.0,PFEESA,-0.140011735154871,0.265877944693984,False,down
WBGene00012029,2,0.9333333333333333,PFEESA,-0.236141047478301,0.267182946073058,False,down
WBGene00021321,2,0.9666666666666667,PFEESA,-0.313557910349601,0.267182946073058,False,down
WBGene00003077,2,0.5666666666666667,PFEESA,-0.206236067048802,0.267918643272406,False,down
WBGene00013406,2,1.0,PFEESA,-0.238188362712239,0.270158847440281,False,down
WBGene00010077,2,1.0,PFEESA,-0.256129054287134,0.270158847440281,False,down
WBGene00017719,2,1.0,PFEESA,0.210633749404481,0.27128137869358,False,up
WBGene00008920,2,0.9333333333333333,PFEESA,-0.0867035693530188,0.272228928728743,False,down
WBGene00021514,2,1.0,PFEESA,-0.267181946410482,0.273607945092729,False,down
WBGene00021350,2,1.0,PFEESA,-0.123425686705869,0.275873559469349,False,down
WBGene00002162,2,0.9666666666666667,PFEESA,-0.0938105791808432,0.277756851940184,False,down
WBGene00010263,2,1.0,PFEESA,-0.318818466365563,0.277756851940184,False,down
WBGene00013667,2,1.0,PFEESA,0.114895191093095,0.278810091766385,False,up
WBGene00022369,2,1.0,PFEESA,0.0968951477190133,0.279905590304246,False,up
WBGene00004495,2,1.0,PFEESA,-0.150991979793421,0.280669004185353,False,down
WBGene00007184,2,1.0,PFEESA,-0.10843235575709,0.282073376871737,False,down
WBGene00004125,2,1.0,PFEESA,-0.146666791011687,0.282122173069775,False,down
WBGene00012645,2,1.0,PFEESA,-0.140488103385142,0.282321034919691,False,down
WBGene00004454,2,1.0,PFEESA,-0.190425070396251,0.283015837149405,False,down
WBGene00011374,2,1.0,PFEESA,-0.214440508252545,0.283165071899626,False,down
WBGene00003953,2,1.0,PFEESA,0.183241362950345,0.284420736141681,False,up
WBGene00013441,2,1.0,PFEESA,0.12609936987871,0.284775679955238,False,up
WBGene00002068,2,0.8,PFEESA,-0.351225874977865,0.284877906856364,False,down
WBGene00016970,2,0.9666666666666667,PFEESA,-0.292728941224437,0.28563030964882,False,down
WBGene00017363,2,1.0,PFEESA,-0.364741083449154,0.286242836812068,False,down
WBGene00001585,2,1.0,PFEESA,-0.192426543061484,0.286286355016564,False,down
WBGene00011071,2,1.0,PFEESA,0.107788292557128,0.290243613229486,False,up
WBGene00009469,2,1.0,PFEESA,-0.229314643446688,0.290610179029585,False,down
WBGene00018293,2,1.0,PFEESA,-0.308710123095878,0.290610179029585,False,down
WBGene00003949,2,1.0,PFEESA,0.163250843922056,0.29109351407456,False,up
WBGene00019460,2,0.9666666666666667,PFEESA,-0.20054651338623,0.29109351407456,False,down
WBGene00003902,2,1.0,PFEESA,-0.0800008736233296,0.292704766589939,False,down
WBGene00004494,2,1.0,PFEESA,-0.191591537817167,0.292802585311704,False,down
WBGene00012015,2,1.0,PFEESA,0.182767696348253,0.293432933064316,False,up
WBGene00020139,2,1.0,PFEESA,-0.490914231497486,0.293481803068254,False,down
WBGene00004016,2,1.0,PFEESA,-0.154609604978441,0.294208130522517,False,down
WBGene00022089,2,1.0,PFEESA,-0.0789770318475995,0.29516040036903,False,down
WBGene00000889,2,1.0,PFEESA,-0.111697148080339,0.296145312017951,False,down
WBGene00006381,2,1.0,PFEESA,-0.187264480549981,0.298371351387384,False,down
WBGene00009431,2,1.0,PFEESA,0.482347311362175,0.300387199653163,False,up
WBGene00004482,2,1.0,PFEESA,-0.135683507668431,0.300387199653163,False,down
WBGene00001334,2,1.0,PFEESA,0.11415109050559,0.301027138774176,False,up
WBGene00021973,2,1.0,PFEESA,-0.117864322495209,0.30138633606058,False,down
WBGene00004470,2,1.0,PFEESA,-0.119353878110119,0.303002387221138,False,down
WBGene00012376,2,1.0,PFEESA,-0.125976530995431,0.304654505837246,False,down
WBGene00004953,2,1.0,PFEESA,-0.181816187095095,0.304896955782059,False,down
WBGene00002271,2,1.0,PFEESA,-0.180775330804923,0.305292033436394,False,down
WBGene00004044,2,1.0,PFEESA,-0.234924075008611,0.305441862745775,False,down
WBGene00004929,2,1.0,PFEESA,0.109957338367387,0.305719002141899,False,up
WBGene00004492,2,1.0,PFEESA,-0.176873416047098,0.306216315372707,False,down
WBGene00006804,2,1.0,PFEESA,-0.17386703685003,0.306504294195481,False,down
WBGene00011807,2,1.0,PFEESA,0.118476078289646,0.306576221137495,False,up
WBGene00011490,2,1.0,PFEESA,-0.191951014378439,0.306576221137495,False,down
WBGene00001856,2,1.0,PFEESA,-0.299184618324415,0.308352964603061,False,down
WBGene00206487,2,0.9666666666666667,PFEESA,-0.165678127019164,0.308918850000382,False,down
WBGene00004417,2,1.0,PFEESA,-0.0910924979144439,0.310136152564346,False,down
WBGene00021295,2,1.0,PFEESA,-0.203236890390709,0.310325614856804,False,down
WBGene00011538,2,1.0,PFEESA,-0.282397426156642,0.311922387646764,False,down
WBGene00016123,2,1.0,PFEESA,-0.26590701491207,0.312065307536283,False,down
WBGene00014203,2,1.0,PFEESA,0.204672858383215,0.313002926512768,False,up
WBGene00008148,2,1.0,PFEESA,0.165450001892005,0.313002926512768,False,up
WBGene00015922,2,0.9666666666666667,PFEESA,0.137154713830833,0.313002926512768,False,up
WBGene00004412,2,1.0,PFEESA,-0.0889093913501665,0.313002926512768,False,down
WBGene00021132,2,1.0,PFEESA,-0.179619230574425,0.313002926512768,False,down
WBGene00006734,2,1.0,PFEESA,0.113802252386534,0.316038732673526,False,up
WBGene00000532,2,1.0,PFEESA,0.105214988545494,0.316499872194845,False,up
WBGene00044894,2,1.0,PFEESA,-0.313630023957396,0.318291977279844,False,down
WBGene00012433,2,1.0,PFEESA,-0.551748401001772,0.319762161531748,False,down
WBGene00003572,2,1.0,PFEESA,0.205989789687723,0.320936714191929,False,up
WBGene00022770,2,1.0,PFEESA,-0.276553236052744,0.320936714191929,False,down
WBGene00194680,2,1.0,PFEESA,-0.352341315222736,0.320936714191929,False,down
WBGene00005002,2,1.0,PFEESA,-0.497786902786504,0.320936714191929,False,down
WBGene00011040,2,1.0,PFEESA,0.175052374174267,0.32140941865762,False,up
WBGene00004413,2,1.0,PFEESA,-0.0963607575999253,0.32140941865762,False,down
WBGene00004424,2,1.0,PFEESA,-0.108310481049968,0.323958047828502,False,down
WBGene00013550,2,0.9333333333333333,PFEESA,-0.132594703265838,0.324296083930781,False,down
WBGene00004420,2,1.0,PFEESA,-0.0989214631084246,0.324472251103827,False,down
WBGene00017608,2,0.9666666666666667,PFEESA,-0.120736747301993,0.324472251103827,False,down
WBGene00044638,2,1.0,PFEESA,-0.46888514430591,0.324472251103827,False,down
WBGene00015025,2,1.0,PFEESA,0.107690321559127,0.325127056781236,False,up
WBGene00004422,2,1.0,PFEESA,-0.143374434708322,0.325383630055204,False,down
WBGene00018071,2,1.0,PFEESA,-0.204308055436604,0.325383630055204,False,down
WBGene00018674,2,1.0,PFEESA,-0.127192168660222,0.326339391367497,False,down
WBGene00004058,2,1.0,PFEESA,-0.165832286309266,0.326428743676658,False,down
WBGene00004339,2,1.0,PFEESA,-0.232299746048851,0.327129030100757,False,down
WBGene00012359,2,1.0,PFEESA,0.0984594627782443,0.327398792280031,False,up
WBGene00010814,2,0.8333333333333334,PFEESA,-0.194291670642925,0.329836958037246,False,down
WBGene00004501,2,1.0,PFEESA,0.131311442000409,0.330033376883484,False,up
WBGene00008944,2,1.0,PFEESA,0.29600016892193,0.330097364284037,False,up
WBGene00007449,2,1.0,PFEESA,-0.606346216340345,0.330861956275473,False,down
WBGene00002059,2,0.9333333333333333,PFEESA,-0.144264860975393,0.331003646529959,False,down
WBGene00022499,2,1.0,PFEESA,-0.119336376594558,0.331191969163567,False,down
WBGene00001813,2,1.0,PFEESA,0.115763352265028,0.331618217847051,False,up
WBGene00003982,2,1.0,PFEESA,0.19641105540425,0.332684657497806,False,up
WBGene00018928,2,1.0,PFEESA,-0.50152425227088,0.332884530969399,False,down
WBGene00004486,2,1.0,PFEESA,-0.130520900790621,0.333660359789328,False,down
WBGene00021097,2,0.7,PFEESA,0.135552816814816,0.333682563958827,False,up
WBGene00011973,2,0.9333333333333333,PFEESA,-0.655524094869125,0.33511278072141,False,down
WBGene00006707,2,0.9333333333333333,PFEESA,0.144558851181805,0.335329141675414,False,up
WBGene00006698,2,1.0,PFEESA,-0.1573571540575,0.335329141675414,False,down
WBGene00010397,2,1.0,PFEESA,-0.178627144716712,0.336999455779159,False,down
WBGene00017757,2,1.0,PFEESA,-0.157950945156494,0.337347101171182,False,down
WBGene00016182,2,1.0,PFEESA,-0.196567259834125,0.337998672949738,False,down
WBGene00003735,2,1.0,PFEESA,0.0991817928147081,0.339594792679954,False,up
WBGene00019977,2,1.0,PFEESA,-0.427240624818105,0.339672575272752,False,down
WBGene00016393,2,0.9666666666666667,PFEESA,-0.0996375517933963,0.339742980054227,False,down
WBGene00000976,2,0.5333333333333333,PFEESA,-0.195382606755329,0.340465025860588,False,down
WBGene00011376,2,1.0,PFEESA,-0.228821815071485,0.340465025860588,False,down
WBGene00001336,2,1.0,PFEESA,0.0894273247578916,0.3405630446503,False,up
WBGene00004477,2,1.0,PFEESA,-0.108006581278819,0.340733524425148,False,down
WBGene00015975,2,1.0,PFEESA,0.198220751887809,0.341858159439101,False,up
WBGene00006725,2,1.0,PFEESA,-0.109285993772579,0.341858159439101,False,down
WBGene00004303,2,1.0,PFEESA,-0.0987357380094255,0.343300806920264,False,down
WBGene00000010,2,1.0,PFEESA,-0.17296284810369,0.344041239356425,False,down
WBGene00000762,2,1.0,PFEESA,-0.168617724239614,0.344230805535458,False,down
WBGene00011529,2,0.9333333333333333,PFEESA,0.11213063226502,0.346409566886009,False,up
WBGene00001038,2,1.0,PFEESA,0.106775208318512,0.346423892420013,False,up
WBGene00011110,2,1.0,PFEESA,-0.101807026789425,0.346423892420013,False,down
WBGene00015297,2,0.8666666666666667,PFEESA,-0.138172593504502,0.346553707325443,False,down
WBGene00000753,2,1.0,PFEESA,0.268807178205445,0.347628649979364,False,up
WBGene00010055,2,1.0,PFEESA,-0.191966645702582,0.347900899517462,False,down
WBGene00005020,2,1.0,PFEESA,-0.176732654493733,0.348355348555434,False,down
WBGene00023067,2,1.0,PFEESA,-0.316242936681635,0.349664084548851,False,down
WBGene00004062,2,1.0,PFEESA,-0.838893349650318,0.349764990118274,False,down
WBGene00004447,2,1.0,PFEESA,-0.124169416277493,0.349879094577237,False,down
WBGene00014020,2,1.0,PFEESA,-0.165543686604618,0.350210581199841,False,down
WBGene00011180,2,1.0,PFEESA,-0.276406908119591,0.352574320819301,False,down
WBGene00016655,2,1.0,PFEESA,0.193206449977682,0.353488077770101,False,up
WBGene00001043,2,1.0,PFEESA,0.0978044804577137,0.354680175292758,False,up
WBGene00001975,2,1.0,PFEESA,-0.130391794008442,0.354680175292758,False,down
WBGene00004491,2,1.0,PFEESA,-0.120549107249233,0.354781699938331,False,down
WBGene00019940,2,1.0,PFEESA,-0.108426409246594,0.35710477447367,False,down
WBGene00007500,2,1.0,PFEESA,-0.188558856042242,0.357267547920817,False,down
WBGene00006728,2,1.0,PFEESA,-0.12314593527734,0.357858910386934,False,down
WBGene00045305,2,1.0,PFEESA,0.555996797611347,0.35842478679886,False,up
WBGene00015105,2,1.0,PFEESA,-0.224531150992751,0.35842478679886,False,down
WBGene00010319,2,0.9666666666666667,PFEESA,-0.303404315028892,0.35842478679886,False,down
WBGene00020993,2,0.9666666666666667,PFEESA,-0.157993199714353,0.359468429305642,False,down
WBGene00002183,2,0.8,PFEESA,-0.124643346892185,0.360886056851146,False,down
WBGene00009688,2,1.0,PFEESA,-0.125210767115173,0.36091905848703,False,down
WBGene00013727,2,0.9333333333333333,PFEESA,-0.437380709310917,0.36091905848703,False,down
WBGene00004410,2,1.0,PFEESA,-0.228940677057341,0.36166684418997,False,down
WBGene00008957,2,1.0,PFEESA,-0.206691620953185,0.362155298893574,False,down
WBGene00011273,2,1.0,PFEESA,-0.0958310823348898,0.362275346694026,False,down
WBGene00013004,2,1.0,PFEESA,-0.12470081167765,0.364797214705555,False,down
WBGene00004434,2,1.0,PFEESA,-0.132488691596006,0.365159707247133,False,down
WBGene00019631,2,1.0,PFEESA,-0.248381624248648,0.366380721528077,False,down
WBGene00004361,2,0.7666666666666667,PFEESA,0.149380465319155,0.366446177206155,False,up
WBGene00019493,2,1.0,PFEESA,0.119034043930322,0.367476262329511,False,up
WBGene00022434,2,0.9333333333333333,PFEESA,-0.17177090170011,0.367476262329511,False,down
WBGene00018016,2,0.9666666666666667,PFEESA,-0.20260905472568,0.367476262329511,False,down
WBGene00001082,2,1.0,PFEESA,0.0980054990375949,0.367655721524331,False,up
WBGene00020933,2,1.0,PFEESA,-0.122095376374645,0.367936458176578,False,down
WBGene00016273,2,1.0,PFEESA,-0.59464956717174,0.367965840824649,False,down
WBGene00010229,2,0.9666666666666667,PFEESA,-0.197750287807452,0.36813783749843,False,down
WBGene00022787,2,1.0,PFEESA,0.156510988705035,0.369021416666977,False,up
WBGene00000462,2,1.0,PFEESA,-0.181969962845845,0.369326002822601,False,down
WBGene00003081,2,1.0,PFEESA,-0.201382935262648,0.369326002822601,False,down
WBGene00021644,2,1.0,PFEESA,0.104782817548244,0.370758258131334,False,up
WBGene00004488,2,1.0,PFEESA,-0.128819391740845,0.370823764094739,False,down
WBGene00012276,2,1.0,PFEESA,-0.292339768162242,0.370823764094739,False,down
WBGene00003922,2,1.0,PFEESA,0.138192125388789,0.372033473656937,False,up
WBGene00004418,2,1.0,PFEESA,-0.0801738806668641,0.372178925801682,False,down
WBGene00001993,2,0.9666666666666667,PFEESA,0.215230009419172,0.37218841183778,False,up
WBGene00010749,2,0.7,PFEESA,0.177439581354987,0.372972384818589,False,up
WBGene00007385,2,1.0,PFEESA,-0.102954456849172,0.373852242526836,False,down
WBGene00007434,2,1.0,PFEESA,-0.147823621754319,0.375061657765852,False,down
WBGene00007894,2,1.0,PFEESA,-0.481375641058095,0.375061657765852,False,down
WBGene00004432,2,1.0,PFEESA,-0.0930246584480191,0.375133601940261,False,down
WBGene00003375,2,0.5666666666666667,PFEESA,-0.142430404272086,0.375352273274343,False,down
WBGene00004891,2,1.0,PFEESA,-0.115871756365203,0.375565230195092,False,down
WBGene00004450,2,1.0,PFEESA,-0.145922219216986,0.378188377398934,False,down
WBGene00011502,2,0.9,PFEESA,0.109047644214834,0.378355223484675,False,up
WBGene00018849,2,1.0,PFEESA,-0.104938724344774,0.378355223484675,False,down
WBGene00020847,2,1.0,PFEESA,-0.117865582690839,0.379696268473164,False,down
WBGene00014139,2,1.0,PFEESA,-0.116457422147764,0.380223182134391,False,down
WBGene00021209,2,1.0,PFEESA,0.0900411553879391,0.383421556874147,False,up
WBGene00002205,2,1.0,PFEESA,0.278899830181878,0.383724028993683,False,up
WBGene00015573,2,0.9333333333333333,PFEESA,-0.462180584436277,0.383724028993683,False,down
WBGene00010231,2,1.0,PFEESA,-0.222663546980134,0.384128650126557,False,down
WBGene00001095,2,0.9666666666666667,PFEESA,-0.149081696799226,0.385523171731033,False,down
WBGene00017733,2,1.0,PFEESA,0.15253864244723,0.386345305143729,False,up
WBGene00004484,2,1.0,PFEESA,-0.109736455808083,0.386446164848834,False,down
WBGene00021935,2,0.7,PFEESA,-0.14156945063576,0.387114701124658,False,down
WBGene00018576,2,1.0,PFEESA,0.178706248074661,0.387575397319115,False,up
WBGene00009884,2,0.9333333333333333,PFEESA,-0.316557601872696,0.387575397319115,False,down
WBGene00004178,2,1.0,PFEESA,-0.196842534791665,0.387814178859928,False,down
WBGene00011334,2,0.8666666666666667,PFEESA,-0.133231988389417,0.388205097809889,False,down
WBGene00003948,2,0.9666666666666667,PFEESA,0.151079427621269,0.389104229552637,False,up
WBGene00001996,2,0.9333333333333333,PFEESA,-0.0994993861112278,0.389393477323388,False,down
WBGene00015205,2,0.7,PFEESA,-0.20860112883479,0.389929614034848,False,down
WBGene00001997,2,0.9333333333333333,PFEESA,-0.247317683599509,0.39120832000759,False,down
WBGene00006573,2,0.6666666666666666,PFEESA,-0.252835828462671,0.391890521981101,False,down
WBGene00015177,2,0.9666666666666667,PFEESA,0.131234201072466,0.393112054375941,False,up
WBGene00016395,2,0.9666666666666667,PFEESA,0.148470545518074,0.39339242653856,False,up
WBGene00021377,2,1.0,PFEESA,-0.115338119685124,0.39339242653856,False,down
WBGene00011016,2,1.0,PFEESA,-0.0960165987209304,0.393683677993447,False,down
WBGene00015022,2,1.0,PFEESA,-0.173287778120286,0.393683677993447,False,down
WBGene00003239,2,0.9,PFEESA,0.116330043865472,0.393765239706644,False,up
WBGene00018408,2,1.0,PFEESA,-0.133180013405565,0.393765239706644,False,down
WBGene00009113,2,1.0,PFEESA,-0.200527124201024,0.395070551094424,False,down
WBGene00002058,2,0.9666666666666667,PFEESA,-0.223828336046382,0.395070551094424,False,down
WBGene00004427,2,1.0,PFEESA,-0.0841550008486422,0.395440792096243,False,down
WBGene00019973,2,1.0,PFEESA,-0.182121000637448,0.395440792096243,False,down
WBGene00019368,2,1.0,PFEESA,-0.559570121102879,0.395440792096243,False,down
WBGene00020765,2,1.0,PFEESA,-0.165846391291467,0.396178003086836,False,down
WBGene00004460,2,1.0,PFEESA,0.1466311725292,0.396344917702943,False,up
WBGene00006810,2,0.9333333333333333,PFEESA,0.135846494912819,0.396462820721379,False,up
WBGene00021367,2,1.0,PFEESA,0.161198251513039,0.398869646447085,False,up
WBGene00013447,2,1.0,PFEESA,-0.129985923052193,0.399302197453917,False,down
WBGene00022803,2,1.0,PFEESA,-0.196549553083263,0.402547123975204,False,down
WBGene00020038,2,1.0,PFEESA,0.0998516099858755,0.404011302428072,False,up
WBGene00004389,2,1.0,PFEESA,-0.0945967922645859,0.404011302428072,False,down
WBGene00021923,2,0.9333333333333333,PFEESA,-0.135233550231742,0.404160077840347,False,down
WBGene00021325,2,1.0,PFEESA,0.144553861414303,0.404725374414341,False,up
WBGene00004320,2,1.0,PFEESA,0.126566972518816,0.404854527932011,False,up
WBGene00015322,2,1.0,PFEESA,0.216683132404631,0.40513520326956,False,up
WBGene00004769,2,1.0,PFEESA,0.139670188485042,0.40513520326956,False,up
WBGene00011487,2,1.0,PFEESA,-0.955911191040534,0.40549888550227,False,down
WBGene00044360,2,0.9666666666666667,PFEESA,-0.372561413441704,0.40617486841524,False,down
WBGene00016154,2,0.9666666666666667,PFEESA,-0.120046446728157,0.40895054761335,False,down
WBGene00004423,2,1.0,PFEESA,-0.0929220165534198,0.409989486563666,False,down
WBGene00016960,2,1.0,PFEESA,-0.124417807980288,0.410123822567885,False,down
WBGene00022374,2,1.0,PFEESA,-0.387318157830733,0.410658584207094,False,down
WBGene00000200,2,1.0,PFEESA,0.0746658375349659,0.41067511012863,False,up
WBGene00004479,2,1.0,PFEESA,-0.101766340507849,0.41067511012863,False,down
WBGene00021917,2,1.0,PFEESA,-0.172180015895432,0.410895483678123,False,down
WBGene00004444,2,1.0,PFEESA,-0.142996836475655,0.41124448073227,False,down
WBGene00007390,2,0.9666666666666667,PFEESA,-0.11708866661384,0.413842344247071,False,down
WBGene00018811,2,1.0,PFEESA,-0.345571432720219,0.41401883532669,False,down
WBGene00013088,2,0.9666666666666667,PFEESA,0.632644178045581,0.4155110976934,False,up
WBGene00017161,2,1.0,PFEESA,0.0993675319706105,0.416292912299328,False,up
WBGene00012553,2,1.0,PFEESA,-0.0834021374710699,0.416292912299328,False,down
WBGene00011181,2,1.0,PFEESA,-0.167137051170004,0.416386319431856,False,down
WBGene00017420,2,0.9666666666666667,PFEESA,-0.407293720160638,0.416921029180886,False,down
WBGene00007223,2,1.0,PFEESA,-0.144442529153748,0.417832389628528,False,down
WBGene00006709,2,1.0,PFEESA,0.133336794459273,0.418729895143487,False,up
WBGene00022053,2,1.0,PFEESA,-0.104237269696984,0.418729895143487,False,down
WBGene00015332,2,1.0,PFEESA,-0.400295228720288,0.418729895143487,False,down
WBGene00004480,2,1.0,PFEESA,-0.10829855498696,0.420606350544395,False,down
WBGene00009768,2,0.9333333333333333,PFEESA,-0.409437302984852,0.420663229429517,False,down
WBGene00000594,2,1.0,PFEESA,0.209205343572413,0.422057073884049,False,up
WBGene00012875,2,1.0,PFEESA,-0.120860237907638,0.422678742784866,False,down
WBGene00011335,2,1.0,PFEESA,0.228509351386486,0.423098081577594,False,up
WBGene00018565,2,0.9333333333333333,PFEESA,-0.490443449014868,0.423867436794654,False,down
WBGene00000691,2,1.0,PFEESA,0.204076285826712,0.424146258199536,False,up
WBGene00004451,2,1.0,PFEESA,-0.139981084213027,0.424146258199536,False,down
WBGene00003015,2,1.0,PFEESA,-0.205476493094701,0.424146258199536,False,down
WBGene00004452,2,1.0,PFEESA,-0.210126964917412,0.424146258199536,False,down
WBGene00020419,2,0.9333333333333333,PFEESA,-0.343267095879117,0.424203486741778,False,down
WBGene00001974,2,0.9,PFEESA,-0.112846292501913,0.424629952332596,False,down
WBGene00011194,2,0.9666666666666667,PFEESA,-0.208432648325596,0.425975674119033,False,down
WBGene00019838,2,1.0,PFEESA,-0.1697128989791,0.426250438334468,False,down
WBGene00000187,2,1.0,PFEESA,-0.119647768633678,0.426599678528295,False,down
WBGene00013270,2,1.0,PFEESA,0.139270782576597,0.426624577008606,False,up
WBGene00017284,2,1.0,PFEESA,0.0960423842742414,0.427004072049791,False,up
WBGene00017269,2,0.9,PFEESA,-0.22617908282977,0.427004072049791,False,down
WBGene00022786,2,0.9,PFEESA,-0.166793401722119,0.428723991226595,False,down
WBGene00000548,2,1.0,PFEESA,0.0749634821900141,0.429110990868153,False,up
WBGene00004051,2,1.0,PFEESA,-0.102605618416726,0.430506656746011,False,down
WBGene00017159,2,0.9666666666666667,PFEESA,-0.15749407849162,0.430506656746011,False,down
WBGene00009090,2,0.9666666666666667,PFEESA,0.584233066182007,0.430662541464719,False,up
WBGene00008852,2,1.0,PFEESA,0.111492253901893,0.432437936270578,False,up
WBGene00000798,2,0.9666666666666667,PFEESA,-0.154169069900795,0.433207459122224,False,down
WBGene00010647,2,1.0,PFEESA,-0.302256244041744,0.433767106040497,False,down
WBGene00001372,2,1.0,PFEESA,-0.207867140568325,0.434926660431825,False,down
WBGene00007021,2,1.0,PFEESA,-0.148844175028076,0.435196148582972,False,down
WBGene00000371,2,1.0,PFEESA,-0.0978287476820741,0.435667877976611,False,down
WBGene00004446,2,1.0,PFEESA,-0.1428531679914,0.435667877976611,False,down
WBGene00015708,2,1.0,PFEESA,-0.436557040580013,0.435667877976611,False,down
WBGene00004490,2,1.0,PFEESA,-0.165759962022588,0.437370381752754,False,down
WBGene00004416,2,1.0,PFEESA,-0.0748180264037823,0.439411927542494,False,down
WBGene00004456,2,1.0,PFEESA,-0.202536200885848,0.439660019261914,False,down
WBGene00012208,2,1.0,PFEESA,0.140565871612638,0.441538361093484,False,up
WBGene00000115,2,1.0,PFEESA,0.158654536376038,0.441883885635604,False,up
WBGene00004705,2,1.0,PFEESA,-0.165592182661326,0.442092930564826,False,down
WBGene00010562,2,0.9666666666666667,PFEESA,-0.107058059994452,0.446273298786903,False,down
WBGene00004296,2,1.0,PFEESA,-0.114579883698562,0.446338217267131,False,down
WBGene00019157,2,1.0,PFEESA,0.114156154993189,0.44772339576338,False,up
WBGene00004478,2,1.0,PFEESA,-0.105263623241196,0.449319207612722,False,down
WBGene00006442,2,1.0,PFEESA,-0.111097565328082,0.449448598806429,False,down
WBGene00020049,2,0.9333333333333333,PFEESA,0.173366977429365,0.450273033948536,False,up
WBGene00003019,2,1.0,PFEESA,0.103984773719471,0.450273033948536,False,up
WBGene00004431,2,1.0,PFEESA,-0.097027672814516,0.450273033948536,False,down
WBGene00019061,2,1.0,PFEESA,-0.0925663897061173,0.450453599944976,False,down
WBGene00021913,2,1.0,PFEESA,-0.203889610375353,0.450453599944976,False,down
WBGene00004445,2,1.0,PFEESA,-0.104102882610767,0.450582097872491,False,down
WBGene00021190,2,0.9666666666666667,PFEESA,-0.249395872937419,0.450582097872491,False,down
WBGene00007624,2,1.0,PFEESA,-0.1328930110856,0.450731980635771,False,down
WBGene00000869,2,1.0,PFEESA,-0.0659140670541282,0.451221873229122,False,down
WBGene00004440,2,1.0,PFEESA,-0.108756851052342,0.451535086535774,False,down
WBGene00021714,2,1.0,PFEESA,-0.15034496845313,0.451535086535774,False,down
WBGene00020500,2,1.0,PFEESA,0.123610698252383,0.451877995038568,False,up
WBGene00050937,2,0.9666666666666667,PFEESA,-0.178855167014558,0.451877995038568,False,down
WBGene00010325,2,1.0,PFEESA,-0.14519363922935,0.451988570730459,False,down
WBGene00000884,2,1.0,PFEESA,-0.110100408275522,0.452288812635238,False,down
WBGene00012370,2,1.0,PFEESA,-0.156373371823849,0.452288812635238,False,down
WBGene00010899,2,0.9666666666666667,PFEESA,0.253356409918494,0.452322710949792,False,up
WBGene00021800,2,0.6666666666666666,PFEESA,-0.0720394178737675,0.45270988903698,False,down
WBGene00002044,2,1.0,PFEESA,0.13086179622314,0.453637417457303,False,up
WBGene00016973,2,0.9666666666666667,PFEESA,-0.42531732170106,0.454120676656543,False,down
WBGene00010433,2,1.0,PFEESA,0.128274712535995,0.454290598972804,False,up
WBGene00017037,2,1.0,PFEESA,0.0924623531498879,0.454290598972804,False,up
WBGene00007993,2,1.0,PFEESA,0.0810501280805859,0.454290598972804,False,up
WBGene00006516,2,1.0,PFEESA,0.0738318599813206,0.454290598972804,False,up
WBGene00004429,2,1.0,PFEESA,-0.0864856937699648,0.454290598972804,False,down
WBGene00018157,2,0.9666666666666667,PFEESA,-0.330939715437014,0.454290598972804,False,down
WBGene00017759,2,1.0,PFEESA,-0.150082055469567,0.456725896397991,False,down
WBGene00002032,2,1.0,PFEESA,-0.270271762953757,0.456922968255288,False,down
WBGene00019822,2,0.8333333333333334,PFEESA,-0.0931568995125142,0.457310501467196,False,down
WBGene00004439,2,1.0,PFEESA,-0.110207502202193,0.45803968632097,False,down
WBGene00003831,2,1.0,PFEESA,-0.0792747843323019,0.458211834927037,False,down
WBGene00000920,2,1.0,PFEESA,-0.163727795613806,0.459540059580494,False,down
WBGene00006585,2,0.7,PFEESA,-0.143035495019275,0.460763429527142,False,down
WBGene00017605,2,1.0,PFEESA,-0.136787061084242,0.462051547366176,False,down
WBGene00021661,2,1.0,PFEESA,-0.264578518345885,0.46470035806794,False,down
WBGene00017741,2,0.9666666666666667,PFEESA,-0.161717581801044,0.465486129664724,False,down
WBGene00004425,2,1.0,PFEESA,-0.0726191058308992,0.465513292718573,False,down
WBGene00012228,2,0.9666666666666667,PFEESA,-0.237803565244069,0.466985700305064,False,down
WBGene00021507,2,1.0,PFEESA,0.0916854794713383,0.467205836675856,False,up
WBGene00009372,2,1.0,PFEESA,-0.160293732188968,0.467419581935379,False,down
WBGene00013857,2,1.0,PFEESA,-0.222972650910558,0.468110427218389,False,down
WBGene00017246,2,1.0,PFEESA,0.242237416919172,0.469205534772262,False,up
WBGene00004880,2,0.9666666666666667,PFEESA,0.0921652736657393,0.469386799428382,False,up
WBGene00194642,2,1.0,PFEESA,-0.239170876008812,0.470615866480398,False,down
WBGene00011556,2,0.9666666666666667,PFEESA,0.201237902313039,0.471280596305329,False,up
WBGene00006349,2,0.9666666666666667,PFEESA,0.114940577369107,0.471280596305329,False,up
WBGene00017011,2,1.0,PFEESA,-0.131192029681069,0.471440009831175,False,down
WBGene00009148,2,1.0,PFEESA,-0.335932351472978,0.471957803379596,False,down
WBGene00011195,2,1.0,PFEESA,-0.100458531313115,0.472571704049851,False,down
WBGene00010356,2,1.0,PFEESA,-0.131707147403758,0.47295245914427,False,down
WBGene00001620,2,1.0,PFEESA,0.145007676316479,0.474161190838837,False,up
WBGene00013925,2,0.9333333333333333,PFEESA,-0.18137135564282,0.474161190838837,False,down
WBGene00018339,2,0.7666666666666667,PFEESA,-0.0779872152756172,0.475332354059064,False,down
WBGene00016060,2,0.8666666666666667,PFEESA,-0.0857470138243353,0.4755584013171,False,down
WBGene00008509,2,0.9666666666666667,PFEESA,-0.224192925113488,0.476337579870877,False,down
WBGene00020396,2,1.0,PFEESA,-0.258995528133544,0.477099021765263,False,down
WBGene00010204,2,1.0,PFEESA,-0.211966663674127,0.478112993421528,False,down
WBGene00004498,2,0.9,PFEESA,-0.215842666352469,0.479012753581763,False,down
WBGene00012543,2,1.0,PFEESA,-0.0705303138408916,0.479627276478356,False,down
WBGene00004489,2,1.0,PFEESA,-0.0837900502000563,0.480090928768521,False,down
WBGene00002324,2,1.0,PFEESA,-0.141326950673327,0.480546242277675,False,down
WBGene00017837,2,1.0,PFEESA,0.110934442948917,0.481217555062144,False,up
WBGene00008386,2,1.0,PFEESA,-0.0863541573531031,0.481217555062144,False,down
WBGene00013103,2,0.9333333333333333,PFEESA,0.220289955079858,0.481900517479007,False,up
WBGene00009787,2,0.8,PFEESA,-0.244270857188922,0.481900517479007,False,down
WBGene00003947,2,0.5333333333333333,PFEESA,0.133320667938875,0.482228779900271,False,up
WBGene00009461,2,0.9666666666666667,PFEESA,-0.142529769941792,0.482730448969603,False,down
WBGene00004476,2,1.0,PFEESA,-0.08173985741745,0.486041171276576,False,down
WBGene00007144,2,0.9666666666666667,PFEESA,-0.117472131614848,0.486580855455021,False,down
WBGene00011717,2,1.0,PFEESA,0.100289456898004,0.487361719500884,False,up
WBGene00020150,2,0.9666666666666667,PFEESA,-0.59782722340981,0.487959105186905,False,down
WBGene00018786,2,1.0,PFEESA,-0.252434254255003,0.488357869080182,False,down
WBGene00002915,2,1.0,PFEESA,0.123675897391767,0.488425296750291,False,up
WBGene00004449,2,1.0,PFEESA,-0.0935193942350042,0.488425296750291,False,down
WBGene00011338,2,1.0,PFEESA,0.0937282123236784,0.488635164065881,False,up
WBGene00020550,2,1.0,PFEESA,-0.343576651075484,0.489033332168228,False,down
WBGene00044043,2,0.9666666666666667,PFEESA,-0.740248385373981,0.489033332168228,False,down
WBGene00017285,2,1.0,PFEESA,0.0766028228889332,0.48986150446935,False,up
WBGene00019832,2,1.0,PFEESA,-0.136251843459384,0.48986150446935,False,down
WBGene00001776,2,0.9333333333333333,PFEESA,-0.279517232181204,0.48986150446935,False,down
WBGene00016971,2,1.0,PFEESA,-0.182608210540427,0.490812504664316,False,down
WBGene00021442,2,1.0,PFEESA,-0.109825898656099,0.491529220707969,False,down
WBGene00016601,2,1.0,PFEESA,-0.0907464548500833,0.492155741674076,False,down
WBGene00044499,2,1.0,PFEESA,-0.421502503641733,0.494094887004715,False,down
WBGene00001772,2,0.6,PFEESA,0.173686723757669,0.495623599202236,False,up
WBGene00006674,2,1.0,PFEESA,-0.219239304087924,0.495623599202236,False,down
WBGene00017591,2,1.0,PFEESA,0.12600622616343,0.495936977510285,False,up
WBGene00000230,2,0.9666666666666667,PFEESA,-0.0751899741401804,0.495936977510285,False,down
WBGene00019321,2,1.0,PFEESA,-0.201549239227399,0.495936977510285,False,down
WBGene00004474,2,1.0,PFEESA,-0.0930351155488741,0.496576020935586,False,down
WBGene00044074,2,1.0,PFEESA,-0.527626307291688,0.498243738759954,False,down
WBGene00009117,2,0.6,PFEESA,-0.552179451346117,0.499353532021831,False,down
WBGene00021319,2,0.9666666666666667,PFEESA,-0.140571908969783,0.499991054219087,False,down
WBGene00015035,2,1.0,PFEESA,0.202658524095231,0.500007945539294,False,up
WBGene00011828,2,1.0,PFEESA,-0.0934347124984562,0.500830131437592,False,down
WBGene00013676,2,1.0,PFEESA,-0.0931797847932411,0.501609015726314,False,down
WBGene00020553,2,0.7666666666666667,PFEESA,-0.0934320587074123,0.501609015726314,False,down
WBGene00022703,2,1.0,PFEESA,0.100466720006212,0.502457409517839,False,up
WBGene00001241,2,0.9333333333333333,PFEESA,0.191493896426266,0.502980929966179,False,up
WBGene00015706,2,1.0,PFEESA,-0.230137777211657,0.503992385512998,False,down
WBGene00015248,2,1.0,PFEESA,-0.119564462107669,0.504125489734938,False,down
WBGene00016152,2,0.9666666666666667,PFEESA,-0.426972868027829,0.504125489734938,False,down
WBGene00021061,2,1.0,PFEESA,-0.113022978783493,0.504411618017135,False,down
WBGene00004471,2,1.0,PFEESA,-0.087856830281399,0.504438776158116,False,down
WBGene00020264,2,1.0,PFEESA,0.0760452214231671,0.504747174661912,False,up
WBGene00007600,2,1.0,PFEESA,-0.36380942680598,0.505293112468803,False,down
WBGene00009224,2,1.0,PFEESA,-0.165462081408919,0.505303014326801,False,down
WBGene00007286,2,0.9666666666666667,PFEESA,-0.297353906278073,0.505993142706726,False,down
WBGene00004453,2,1.0,PFEESA,-0.199669463763227,0.506709109434175,False,down
WBGene00004377,2,0.7,PFEESA,0.0946811937203611,0.509271527842123,False,up
WBGene00015238,2,1.0,PFEESA,-0.124654558897275,0.509271527842123,False,down
WBGene00006510,2,0.7,PFEESA,-0.513030309265698,0.509374532526151,False,down
WBGene00009145,2,0.9,PFEESA,-0.1437179805799,0.509404427418417,False,down
WBGene00007955,2,1.0,PFEESA,0.0877853596305359,0.509736307092167,False,up
WBGene00001070,2,0.9333333333333333,PFEESA,-0.76265764177013,0.509736307092167,False,down
WBGene00000835,2,0.9666666666666667,PFEESA,-0.193715423578356,0.510774162121823,False,down
WBGene00001240,2,1.0,PFEESA,0.144389690231366,0.511120731143784,False,up
WBGene00010338,2,0.8333333333333334,PFEESA,-0.119392395276857,0.512747132995672,False,down
WBGene00003994,2,0.9666666666666667,PFEESA,-0.179069524073952,0.513101857685527,False,down
WBGene00020413,2,0.9666666666666667,PFEESA,0.158606018939487,0.513640683957433,False,up
WBGene00008882,2,1.0,PFEESA,-0.0866771599616602,0.513640683957433,False,down
WBGene00044117,2,1.0,PFEESA,0.531440459993647,0.514128353430044,False,up
WBGene00020181,2,1.0,PFEESA,-0.0900396681134215,0.514859545222707,False,down
WBGene00000294,2,1.0,PFEESA,0.0758466645561078,0.5173379116199,False,up
WBGene00004441,2,1.0,PFEESA,-0.112107136144778,0.5173379116199,False,down
WBGene00002125,2,1.0,PFEESA,-0.163366184780075,0.518409978584966,False,down
WBGene00008799,2,0.9666666666666667,PFEESA,0.430510865692878,0.518881768898091,False,up
WBGene00007704,2,0.9666666666666667,PFEESA,-0.130060787295245,0.518881768898091,False,down
WBGene00012330,2,1.0,PFEESA,-0.163072321677581,0.519290553487912,False,down
WBGene00001713,2,0.9666666666666667,PFEESA,0.177402145808618,0.519659723699684,False,up
WBGene00022230,2,0.8666666666666667,PFEESA,0.204325396244126,0.520386056698223,False,up
WBGene00007880,2,1.0,PFEESA,-0.0981965918402431,0.520386056698223,False,down
WBGene00000511,2,1.0,PFEESA,0.120566619340065,0.520723975324493,False,up
WBGene00219322,2,1.0,PFEESA,-0.429881262625334,0.521709066611812,False,down
WBGene00007237,2,0.9333333333333333,PFEESA,-0.13345374421841,0.521733587536094,False,down
WBGene00021146,2,1.0,PFEESA,0.107639393227445,0.524718261662071,False,up
WBGene00001332,2,0.9666666666666667,PFEESA,-0.122402879471111,0.524718261662071,False,down
WBGene00008262,2,1.0,PFEESA,-0.0861475155767618,0.524947611277503,False,down
WBGene00020517,2,0.9666666666666667,PFEESA,0.0884981477231542,0.525066473553545,False,up
WBGene00001651,2,0.9333333333333333,PFEESA,-0.0782982518419204,0.525066473553545,False,down
WBGene00000880,2,0.9666666666666667,PFEESA,-0.0742389847486933,0.52508978837801,False,down
WBGene00007266,2,0.6666666666666666,PFEESA,-0.13411279052129,0.52508978837801,False,down
WBGene00012640,2,1.0,PFEESA,-0.219079008307435,0.525295380087987,False,down
WBGene00016188,2,0.8333333333333334,PFEESA,-0.108830588906725,0.525773481187118,False,down
WBGene00022865,2,1.0,PFEESA,-0.134000560794432,0.525773481187118,False,down
WBGene00018599,2,1.0,PFEESA,-0.0873991045634103,0.525918004057725,False,down
WBGene00004469,2,1.0,PFEESA,-0.0650902911218031,0.526972937969513,False,down
WBGene00016632,2,1.0,PFEESA,-0.135774460237069,0.530294817803973,False,down
WBGene00000002,2,1.0,PFEESA,-0.159771514042316,0.530324225393997,False,down
WBGene00013669,2,1.0,PFEESA,-0.141949929685216,0.53115356926684,False,down
WBGene00008379,2,0.9,PFEESA,-0.159408758601013,0.532192286237493,False,down
WBGene00012657,2,1.0,PFEESA,-0.184292784918939,0.532818210887134,False,down
WBGene00009977,2,1.0,PFEESA,-0.0980626785858432,0.532998283315764,False,down
WBGene00000264,2,1.0,PFEESA,-0.210245078367886,0.533132044389887,False,down
WBGene00004443,2,1.0,PFEESA,-0.176320202025481,0.535939000474314,False,down
WBGene00018638,2,1.0,PFEESA,-0.0773609724669912,0.536365484182493,False,down
WBGene00018741,2,1.0,PFEESA,-0.520861364311955,0.536439271730429,False,down
WBGene00010027,2,1.0,PFEESA,-0.367369928172643,0.536875130138483,False,down
WBGene00012187,2,1.0,PFEESA,-0.135039425961727,0.537878992609227,False,down
WBGene00017286,2,1.0,PFEESA,0.099290206332939,0.538051008315902,False,up
WBGene00004205,2,0.6,PFEESA,-0.09616449017213,0.538676974247716,False,down
WBGene00000777,2,1.0,PFEESA,0.125259658884339,0.538963524150473,False,up
WBGene00004426,2,1.0,PFEESA,-0.0818024288285625,0.539240928600772,False,down
WBGene00007947,2,1.0,PFEESA,0.475158223120041,0.539383715328221,False,up
WBGene00020300,2,1.0,PFEESA,-0.20618400177253,0.540077720607656,False,down
WBGene00021603,2,0.9666666666666667,PFEESA,-0.332641580457854,0.540607908752358,False,down
WBGene00004419,2,1.0,PFEESA,-0.0671040600241349,0.540822303055956,False,down
WBGene00004448,2,1.0,PFEESA,-0.0949206293203008,0.540822303055956,False,down
WBGene00012716,2,0.9666666666666667,PFEESA,-0.206444597312081,0.540822303055956,False,down
WBGene00009223,2,0.9333333333333333,PFEESA,-0.120842719963024,0.541058408271203,False,down
WBGene00016493,2,1.0,PFEESA,-0.126743715181218,0.541058408271203,False,down
WBGene00001102,2,1.0,PFEESA,-0.158108874266022,0.541058408271203,False,down
WBGene00003129,2,1.0,PFEESA,-0.116841713601314,0.541881292243236,False,down
WBGene00020099,2,0.6,PFEESA,-0.136546521593097,0.542780999195273,False,down
WBGene00001579,2,1.0,PFEESA,0.09440203667099,0.543294221730871,False,up
WBGene00019215,2,0.9333333333333333,PFEESA,-0.340199017253476,0.543817433894848,False,down
WBGene00001583,2,1.0,PFEESA,-0.109128318450213,0.543990603026267,False,down
WBGene00001867,2,0.9666666666666667,PFEESA,-0.139535074313316,0.54451800818375,False,down
WBGene00017262,2,0.8666666666666667,PFEESA,0.120923974018761,0.545413474602814,False,up
WBGene00011637,2,1.0,PFEESA,0.101321544298941,0.546116705264091,False,up
WBGene00010472,2,1.0,PFEESA,0.246653495121023,0.546193275544626,False,up
WBGene00004743,2,0.9666666666666667,PFEESA,0.0949115628586154,0.547387420491026,False,up
WBGene00007192,2,1.0,PFEESA,-0.0632719523275321,0.54774833508405,False,down
WBGene00016626,2,0.7666666666666667,PFEESA,0.186990411962282,0.548297591580932,False,up
WBGene00045455,2,0.9333333333333333,PFEESA,-0.193538029083301,0.548297591580932,False,down
WBGene00018142,2,0.9666666666666667,PFEESA,-0.32432830705567,0.548798095056983,False,down
WBGene00015755,2,1.0,PFEESA,-0.117175846783913,0.548903556165059,False,down
WBGene00020701,2,1.0,PFEESA,-0.140804141069551,0.548903556165059,False,down
WBGene00012241,2,1.0,PFEESA,-0.12781609176819,0.549642751939478,False,down
WBGene00021465,2,1.0,PFEESA,-0.311736389322008,0.54994043764162,False,down
WBGene00015308,2,1.0,PFEESA,0.112002741885182,0.550143421532739,False,up
WBGene00011271,2,0.9666666666666667,PFEESA,0.0778900156905138,0.550143421532739,False,up
WBGene00021421,2,1.0,PFEESA,-0.0961117661449901,0.550143421532739,False,down
WBGene00017982,2,1.0,PFEESA,-0.17095973900936,0.550861498608039,False,down
WBGene00008606,2,1.0,PFEESA,0.14937645226835,0.5519239311307,False,up
WBGene00012635,2,1.0,PFEESA,-0.638306352648574,0.5519239311307,False,down
WBGene00008089,2,0.9666666666666667,PFEESA,0.139533787122142,0.552078130495369,False,up
WBGene00019771,2,1.0,PFEESA,0.10040276725021,0.55228924339576,False,up
WBGene00004473,2,1.0,PFEESA,-0.0668772195234205,0.552438683267719,False,down
WBGene00009343,2,1.0,PFEESA,-0.134860323020938,0.552438683267719,False,down
WBGene00017194,2,1.0,PFEESA,-0.254031950673412,0.552438683267719,False,down
WBGene00000817,2,0.9333333333333333,PFEESA,0.0920859152050219,0.552545103012698,False,up
WBGene00016108,2,1.0,PFEESA,0.164099753888861,0.553259820879582,False,up
WBGene00008785,2,0.8,PFEESA,-0.425077591625618,0.553259820879582,False,down
WBGene00014086,2,0.9333333333333333,PFEESA,-0.0633759220315896,0.553888664906805,False,down
WBGene00007679,2,1.0,PFEESA,0.128547257391674,0.554646785290582,False,up
WBGene00019682,2,1.0,PFEESA,-0.123326691357514,0.554646785290582,False,down
WBGene00018640,2,1.0,PFEESA,-0.549855928511384,0.554646785290582,False,down
WBGene00013679,2,1.0,PFEESA,-0.0963421063316315,0.55522421134941,False,down
WBGene00019360,2,0.9333333333333333,PFEESA,-0.197176879794176,0.5554034746542,False,down
WBGene00009307,2,1.0,PFEESA,-0.0641661468101788,0.55581695407992,False,down
WBGene00008547,2,0.8666666666666667,PFEESA,0.130354479031593,0.555903226264217,False,up
WBGene00013201,2,0.9333333333333333,PFEESA,-0.109377430102254,0.555903226264217,False,down
WBGene00015810,2,1.0,PFEESA,-0.0851985550392111,0.555955410107577,False,down
WBGene00016871,2,1.0,PFEESA,-0.085117388995892,0.556758084728013,False,down
WBGene00006875,2,0.8,PFEESA,-0.0863991496618569,0.556758084728013,False,down
WBGene00007687,2,1.0,PFEESA,-0.182138580813169,0.556758084728013,False,down
WBGene00006414,2,1.0,PFEESA,-0.0744391254301742,0.556779991971625,False,down
WBGene00013551,2,1.0,PFEESA,0.156417742475709,0.556845841604958,False,up
WBGene00007008,2,1.0,PFEESA,-0.0663991784528876,0.556845841604958,False,down
WBGene00013678,2,1.0,PFEESA,-0.114548222350339,0.556845841604958,False,down
WBGene00010459,2,1.0,PFEESA,-0.140018349002884,0.556845841604958,False,down
WBGene00017349,2,1.0,PFEESA,-0.21612969035344,0.556845841604958,False,down
WBGene00001468,2,1.0,PFEESA,0.225217297587106,0.557226935627784,False,up
WBGene00019937,2,1.0,PFEESA,-0.114291416815564,0.557226935627784,False,down
WBGene00007137,2,0.8333333333333334,PFEESA,-0.0868705732187378,0.557910008501184,False,down
WBGene00013838,2,1.0,PFEESA,0.16865509938867,0.558423356422994,False,up
WBGene00012943,2,1.0,PFEESA,0.126727538097082,0.558442687566128,False,up
WBGene00004256,2,1.0,PFEESA,0.125172593097153,0.558442687566128,False,up
WBGene00006919,2,1.0,PFEESA,-0.0807713533711763,0.558442687566128,False,down
WBGene00006062,2,1.0,PFEESA,-0.110724967989644,0.558442687566128,False,down
WBGene00008533,2,1.0,PFEESA,-0.115589325248615,0.558442687566128,False,down
WBGene00012806,2,0.9333333333333333,PFEESA,-0.157597562994013,0.558442687566128,False,down
WBGene00020094,2,1.0,PFEESA,0.102237597552156,0.558449089703439,False,up
WBGene00001132,2,1.0,PFEESA,0.0883693075655652,0.558677410974231,False,up
WBGene00014123,2,0.9666666666666667,PFEESA,-0.0982194531674535,0.55908420186885,False,down
WBGene00009987,2,1.0,PFEESA,-0.0928970795011882,0.55944948811146,False,down
WBGene00020347,2,1.0,PFEESA,0.0822735588535829,0.559462470942929,False,up
WBGene00022192,2,1.0,PFEESA,-0.0845261558575793,0.56025757029673,False,down
WBGene00014234,2,1.0,PFEESA,0.106688132148909,0.560304409377775,False,up
WBGene00003576,2,0.9666666666666667,PFEESA,-0.130982431902876,0.561929081945025,False,down
WBGene00022800,2,1.0,PFEESA,0.0781091406222529,0.562332604047089,False,up
WBGene00021444,2,1.0,PFEESA,0.0750196913065375,0.562343852709259,False,up
WBGene00007583,2,1.0,PFEESA,0.0942624466236857,0.563945080777248,False,up
WBGene00012675,2,1.0,PFEESA,-0.152205065769124,0.564024148848766,False,down
WBGene00019868,2,0.9,PFEESA,-0.20415805836832,0.564024148848766,False,down
WBGene00018138,2,1.0,PFEESA,-0.365207344137714,0.564197886789897,False,down
WBGene00014095,2,1.0,PFEESA,-0.0802807081904907,0.566837722259523,False,down
WBGene00019941,2,0.6666666666666666,PFEESA,0.0671485539997339,0.567208886468306,False,up
WBGene00009294,2,1.0,PFEESA,-0.114463753582275,0.567208886468306,False,down
WBGene00008687,2,0.9666666666666667,PFEESA,0.114091111494616,0.567425701655763,False,up
WBGene00000417,2,1.0,PFEESA,-0.193024576153248,0.567425701655763,False,down
WBGene00019572,2,0.9666666666666667,PFEESA,-0.122922134850744,0.568092645867324,False,down
WBGene00009650,2,1.0,PFEESA,-0.101601826738656,0.569774347603188,False,down
WBGene00001214,2,1.0,PFEESA,-0.141641287113113,0.569774347603188,False,down
WBGene00008998,2,0.9333333333333333,PFEESA,-0.213709041674145,0.569774347603188,False,down
WBGene00002064,2,1.0,PFEESA,-0.193984479314977,0.569945187798437,False,down
WBGene00006887,2,0.9333333333333333,PFEESA,0.103211354784937,0.570719658113587,False,up
WBGene00009951,2,0.9666666666666667,PFEESA,-0.235673495996242,0.571564737814749,False,down
WBGene00015347,2,1.0,PFEESA,-0.0942914633086935,0.571745724359674,False,down
WBGene00021785,2,0.5666666666666667,PFEESA,-0.143380204152603,0.571745724359674,False,down
WBGene00011119,2,0.9333333333333333,PFEESA,0.182382413339406,0.571984517095796,False,up
WBGene00007561,2,1.0,PFEESA,-0.0939083781992918,0.571984517095796,False,down
WBGene00022251,2,0.6666666666666666,PFEESA,-0.100227663765459,0.572763088013968,False,down
WBGene00006595,2,1.0,PFEESA,-0.0931106307748518,0.572885411706645,False,down
WBGene00000745,2,0.9,PFEESA,-0.290962409006269,0.572885411706645,False,down
WBGene00011111,2,0.7,PFEESA,-0.0898684052214545,0.572997676637132,False,down
WBGene00005007,2,1.0,PFEESA,-0.0861292395412779,0.57412153047338,False,down
WBGene00013561,2,1.0,PFEESA,-0.117790817632216,0.57412153047338,False,down
WBGene00009940,2,0.9666666666666667,PFEESA,0.0796018423716914,0.574465184546729,False,up
WBGene00000228,2,1.0,PFEESA,0.0710897766957792,0.576660828940246,False,up
WBGene00008511,2,0.9666666666666667,PFEESA,-0.394608159818069,0.57706108191711,False,down
WBGene00000719,2,1.0,PFEESA,0.237334836989284,0.577150745773474,False,up
WBGene00011979,2,0.9666666666666667,PFEESA,-0.923429883635959,0.578232244649429,False,down
WBGene00011980,2,1.0,PFEESA,0.0603688281748606,0.579961530988666,False,up
WBGene00022517,2,1.0,PFEESA,-0.286325958223687,0.580222230624649,False,down
WBGene00000743,2,0.9,PFEESA,0.191609058211602,0.580840487962558,False,up
WBGene00008546,2,1.0,PFEESA,0.133037987160549,0.581710250242967,False,up
WBGene00014965,2,1.0,PFEESA,0.0967505115284134,0.581710250242967,False,up
WBGene00006508,2,1.0,PFEESA,0.0634742521735037,0.581710250242967,False,up
WBGene00010481,2,1.0,PFEESA,-0.140522728173907,0.581710250242967,False,down
WBGene00010556,2,1.0,PFEESA,-0.0631648457988321,0.581779667904094,False,down
WBGene00015767,2,0.9666666666666667,PFEESA,-0.0794995369155256,0.581923764344208,False,down
WBGene00007139,2,0.9666666666666667,PFEESA,-0.0796111524666955,0.582775922802422,False,down
WBGene00017782,2,1.0,PFEESA,0.089024911566218,0.583122591774707,False,up
WBGene00016654,2,0.9666666666666667,PFEESA,-0.0989022046253769,0.584141477091808,False,down
WBGene00016495,2,0.5666666666666667,PFEESA,-0.11041092203733,0.584141477091808,False,down
WBGene00012891,2,1.0,PFEESA,-0.0790923831293219,0.584516099769657,False,down
WBGene00001385,2,1.0,PFEESA,-0.0864765984831083,0.585288531594071,False,down
WBGene00000881,2,0.6,PFEESA,-0.120487756600266,0.585288531594071,False,down
WBGene00015582,2,0.9666666666666667,PFEESA,-0.430691697294703,0.586171409730042,False,down
WBGene00004483,2,1.0,PFEESA,-0.0855662201842012,0.586251189306148,False,down
WBGene00010629,2,1.0,PFEESA,-0.107521878740199,0.586251189306148,False,down
WBGene00000164,2,1.0,PFEESA,0.0912983743260082,0.586938053320887,False,up
WBGene00020237,2,1.0,PFEESA,0.26473049890804,0.588204655910484,False,up
WBGene00008370,2,1.0,PFEESA,0.147498916997222,0.588204655910484,False,up
WBGene00012559,2,1.0,PFEESA,0.0988082965625181,0.588219139884321,False,up
WBGene00022854,2,1.0,PFEESA,-0.130830676601475,0.588227481799723,False,down
WBGene00012927,2,0.9333333333333333,PFEESA,-0.136608179006395,0.588846157339313,False,down
WBGene00011870,2,1.0,PFEESA,-0.197043621233776,0.589932929598014,False,down
WBGene00008868,2,0.9666666666666667,PFEESA,-0.116462122481527,0.590580521771815,False,down
WBGene00003825,2,0.9666666666666667,PFEESA,-0.0572804391059439,0.590856763582536,False,down
WBGene00017313,2,1.0,PFEESA,-0.080702065669992,0.590987148210154,False,down
WBGene00011300,2,0.9666666666666667,PFEESA,-0.185576707571193,0.590987148210154,False,down
WBGene00077679,2,0.9666666666666667,PFEESA,0.320644614503404,0.591677144886476,False,up
WBGene00017711,2,1.0,PFEESA,0.151367658643358,0.591763367610046,False,up
WBGene00000552,2,1.0,PFEESA,0.0493538460005268,0.591763367610046,False,up
WBGene00003932,2,0.9666666666666667,PFEESA,0.0837490611094954,0.592020186855457,False,up
WBGene00018812,2,0.9666666666666667,PFEESA,0.0610946696174178,0.59257230442424,False,up
WBGene00000269,2,0.9333333333333333,PFEESA,0.0734034608603963,0.592629676058257,False,up
WBGene00021362,2,0.9666666666666667,PFEESA,0.102108825603754,0.5929326876562,False,up
WBGene00020189,2,1.0,PFEESA,-0.120444688944517,0.5929326876562,False,down
WBGene00010383,2,0.9666666666666667,PFEESA,-0.101552394314536,0.594342724536539,False,down
WBGene00019655,2,1.0,PFEESA,-0.27087175735999,0.594342724536539,False,down
WBGene00011864,2,1.0,PFEESA,-0.0719394687995254,0.595814643531148,False,down
WBGene00007994,2,0.9666666666666667,PFEESA,-0.182478929348039,0.596358072142569,False,down
WBGene00007652,2,1.0,PFEESA,-0.11274809096671,0.59677701718135,False,down
WBGene00011193,2,1.0,PFEESA,-0.12749014087664,0.597242229724991,False,down
WBGene00009783,2,0.8666666666666667,PFEESA,0.0716725599849526,0.598323257752241,False,up
WBGene00020376,2,1.0,PFEESA,-0.114698544688174,0.598323257752241,False,down
WBGene00016282,2,1.0,PFEESA,0.147591631882122,0.598728679543659,False,up
WBGene00009668,2,0.9333333333333333,PFEESA,-0.112382555132723,0.598888716800899,False,down
WBGene00012452,2,0.8,PFEESA,-0.0986833559187881,0.599082736449263,False,down
WBGene00015019,2,0.6333333333333333,PFEESA,-0.415451874765209,0.599082736449263,False,down
WBGene00019188,2,1.0,PFEESA,-0.0739796299410863,0.600028043934434,False,down
WBGene00021628,2,1.0,PFEESA,0.11968361948759,0.600036877477837,False,up
WBGene00016759,2,1.0,PFEESA,0.108890884949702,0.600036877477837,False,up
WBGene00007428,2,1.0,PFEESA,0.0564189261026063,0.60046548382139,False,up
WBGene00008488,2,1.0,PFEESA,-0.191106866246198,0.6008103665265,False,down
WBGene00003917,2,0.9666666666666667,PFEESA,-0.115678918818887,0.602364216011245,False,down
WBGene00007746,2,1.0,PFEESA,-0.0918162449922649,0.602533468034022,False,down
WBGene00007109,2,1.0,PFEESA,0.151409004095187,0.603404920662162,False,up
WBGene00006391,2,0.9,PFEESA,-0.139734702122254,0.603404920662162,False,down
WBGene00019101,2,1.0,PFEESA,0.189054002264767,0.603460231433473,False,up
WBGene00007557,2,0.9333333333333333,PFEESA,-0.114427745799789,0.603841681358172,False,down
WBGene00000229,2,1.0,PFEESA,-0.0534920531836217,0.604183316433693,False,down
WBGene00016151,2,0.7,PFEESA,-0.0962742242296428,0.604183316433693,False,down
WBGene00021322,2,1.0,PFEESA,0.119532872791912,0.605046054450025,False,up
WBGene00006433,2,1.0,PFEESA,0.0611015133740366,0.605371011538739,False,up
WBGene00021286,2,1.0,PFEESA,0.0846615274878661,0.605528522249179,False,up
WBGene00011885,2,0.9333333333333333,PFEESA,0.0567922149207161,0.606621252855908,False,up
WBGene00021765,2,1.0,PFEESA,-0.0626675844885797,0.60677862034288,False,down
WBGene00012188,2,1.0,PFEESA,-0.102017538376758,0.60677862034288,False,down
WBGene00023477,2,1.0,PFEESA,0.297081672156075,0.607456549543694,False,up
WBGene00003818,2,1.0,PFEESA,0.0570189274233785,0.607456549543694,False,up
WBGene00011087,2,1.0,PFEESA,-0.226154945103907,0.607456549543694,False,down
WBGene00006429,2,0.9666666666666667,PFEESA,0.4121509702248,0.607646013003247,False,up
WBGene00012258,2,0.9666666666666667,PFEESA,-0.0627221743061468,0.607907156625998,False,down
WBGene00000038,2,1.0,PFEESA,-0.133444449813986,0.607947117810868,False,down
WBGene00005131,2,1.0,PFEESA,-0.247321375687932,0.609015203475093,False,down
WBGene00004855,2,0.9666666666666667,PFEESA,0.0815900542275392,0.609650837161349,False,up
WBGene00000237,2,1.0,PFEESA,-0.0623934489617652,0.609714046095338,False,down
WBGene00022569,2,1.0,PFEESA,0.110449542573792,0.609753412034999,False,up
WBGene00018723,2,1.0,PFEESA,-0.194662937682217,0.609753412034999,False,down
WBGene00016659,2,1.0,PFEESA,-0.264858161393683,0.609753412034999,False,down
WBGene00004404,2,0.9666666666666667,PFEESA,-0.098233928872373,0.60980670667823,False,down
WBGene00010626,2,0.9333333333333333,PFEESA,-0.0742728578348876,0.610640515064119,False,down
WBGene00022389,2,1.0,PFEESA,0.0656440523783902,0.610782344696305,False,up
WBGene00000935,2,0.9666666666666667,PFEESA,-0.216169578962665,0.611441315322876,False,down
WBGene00021365,2,1.0,PFEESA,-0.070114194491236,0.611587628320005,False,down
WBGene00015928,2,1.0,PFEESA,0.0675041436384368,0.611752345909422,False,up
WBGene00009507,2,1.0,PFEESA,-0.0815629722790464,0.611752345909422,False,down
WBGene00009744,2,1.0,PFEESA,-0.0908660758724107,0.611752345909422,False,down
WBGene00006365,2,0.9666666666666667,PFEESA,-0.101494761029034,0.611752345909422,False,down
WBGene00015010,2,1.0,PFEESA,-0.167399012566968,0.611752345909422,False,down
WBGene00013968,2,0.9666666666666667,PFEESA,-0.276937476541104,0.611752345909422,False,down
WBGene00016131,2,0.9333333333333333,PFEESA,0.101542320939104,0.61193893251417,False,up
WBGene00001865,2,0.9666666666666667,PFEESA,-0.0942925792704136,0.612026679970194,False,down
WBGene00022491,2,1.0,PFEESA,0.0818588451122194,0.612250823125085,False,up
WBGene00017594,2,1.0,PFEESA,0.274788799263529,0.612523114508684,False,up
WBGene00019971,2,1.0,PFEESA,-0.0927608778233334,0.612523114508684,False,down
WBGene00018215,2,0.8666666666666667,PFEESA,-0.148500248073449,0.612523114508684,False,down
WBGene00012271,2,1.0,PFEESA,-0.352283204290689,0.612523114508684,False,down
WBGene00020839,2,0.7,PFEESA,0.090279604967536,0.614020770381729,False,up
WBGene00010089,2,1.0,PFEESA,-0.0896067429309864,0.614020770381729,False,down
WBGene00003546,2,1.0,PFEESA,-0.270423959097826,0.614020770381729,False,down
WBGene00016750,2,0.9333333333333333,PFEESA,-0.0902604652607326,0.615176025240494,False,down
WBGene00011768,2,0.9666666666666667,PFEESA,-0.170906566146532,0.616070892976963,False,down
WBGene00015029,2,1.0,PFEESA,-0.105558616026157,0.61697510469378,False,down
WBGene00021985,2,1.0,PFEESA,0.123127204553227,0.617418523682881,False,up
WBGene00000204,2,0.8666666666666667,PFEESA,-0.067689991202149,0.617418523682881,False,down
WBGene00004721,2,0.5666666666666667,PFEESA,-0.198167951071268,0.617418523682881,False,down
WBGene00015565,2,1.0,PFEESA,-0.098746977903598,0.617631194279882,False,down
WBGene00007702,2,0.9666666666666667,PFEESA,-0.162899019707648,0.620271131731051,False,down
WBGene00009925,2,1.0,PFEESA,0.110022994053843,0.620764218301578,False,up
WBGene00013001,2,1.0,PFEESA,-0.113344438286611,0.620764218301578,False,down
WBGene00016836,2,1.0,PFEESA,-0.0803206606676113,0.621657711764655,False,down
WBGene00015713,2,0.8666666666666667,PFEESA,0.13920507498117,0.621726426733938,False,up
WBGene00000937,2,1.0,PFEESA,-0.0912027547259656,0.622670873760572,False,down
WBGene00013275,2,1.0,PFEESA,0.131489737569783,0.623692855119933,False,up
WBGene00006635,2,0.9666666666666667,PFEESA,-0.0748162498530461,0.623692855119933,False,down
WBGene00016544,2,1.0,PFEESA,-0.193749055716071,0.624128887579977,False,down
WBGene00022460,2,1.0,PFEESA,-0.129656611498036,0.624403572277107,False,down
WBGene00004047,2,1.0,PFEESA,0.0587423559258479,0.624537013517436,False,up
WBGene00006364,2,1.0,PFEESA,-0.079184165742698,0.625821490323341,False,down
WBGene00010497,2,0.9666666666666667,PFEESA,0.114150605677068,0.626591317381467,False,up
WBGene00013235,2,0.9666666666666667,PFEESA,-0.0766473223011199,0.626804932121284,False,down
WBGene00013352,2,0.9666666666666667,PFEESA,-0.0967535412106226,0.627287049433901,False,down
WBGene00011015,2,1.0,PFEESA,-0.0809572392425364,0.627519455638483,False,down
WBGene00015150,2,1.0,PFEESA,-0.144884656642193,0.627857553497151,False,down
WBGene00006468,2,1.0,PFEESA,-0.088460775956363,0.628043601109892,False,down
WBGene00017926,2,1.0,PFEESA,-0.097750390467414,0.629163919707701,False,down
WBGene00010542,2,1.0,PFEESA,-0.302454270515801,0.629334524757196,False,down
WBGene00018488,2,1.0,PFEESA,0.124722831626188,0.631481919377476,False,up
WBGene00020779,2,0.9,PFEESA,-0.0669475256839733,0.631887001192818,False,down
WBGene00022279,2,1.0,PFEESA,-0.0754887060802745,0.631887001192818,False,down
WBGene00044784,2,1.0,PFEESA,-0.111359590323651,0.632286759464618,False,down
WBGene00020294,2,0.9666666666666667,PFEESA,-0.0867213001110432,0.632367915049367,False,down
WBGene00021191,2,1.0,PFEESA,-0.0919139144735868,0.632496638794814,False,down
WBGene00010579,2,1.0,PFEESA,0.08829818656804,0.633650209198276,False,up
WBGene00004433,2,1.0,PFEESA,-0.0724175962548427,0.633675082895719,False,down
WBGene00000263,2,1.0,PFEESA,-0.0764487797417909,0.63372663749666,False,down
WBGene00010759,2,1.0,PFEESA,0.380425047979813,0.633797573279073,False,up
WBGene00011367,2,0.9666666666666667,PFEESA,-0.118751373953284,0.635337111876384,False,down
WBGene00012170,2,1.0,PFEESA,-0.250326389472971,0.636481653511461,False,down
WBGene00013463,2,0.9666666666666667,PFEESA,-0.059001736157689,0.63701814672197,False,down
WBGene00022704,2,0.9,PFEESA,-0.11918028300722,0.637224659799131,False,down
WBGene00019962,2,1.0,PFEESA,-0.157837706842441,0.637909157688466,False,down
WBGene00014054,2,1.0,PFEESA,-0.0723422751939707,0.638838055270907,False,down
WBGene00022193,2,1.0,PFEESA,0.0745045196842089,0.639591310000205,False,up
WBGene00008118,2,1.0,PFEESA,-0.135713241098086,0.639591310000205,False,down
WBGene00000513,2,1.0,PFEESA,-0.18924393188359,0.63972330268332,False,down
WBGene00012694,2,1.0,PFEESA,-0.0734465732594642,0.640087350091912,False,down
WBGene00010403,2,1.0,PFEESA,-0.373195713367294,0.640138773421942,False,down
WBGene00006933,2,1.0,PFEESA,0.0598593520898458,0.640541985650709,False,up
WBGene00255600,2,1.0,PFEESA,-0.161573328472768,0.640541985650709,False,down
WBGene00002251,2,0.9666666666666667,PFEESA,0.0714647874622884,0.640637446320776,False,up
WBGene00001503,2,1.0,PFEESA,0.0689049215090451,0.640637446320776,False,up
WBGene00000410,2,0.9333333333333333,PFEESA,0.0708011319611474,0.641713247527158,False,up
WBGene00000865,2,0.9666666666666667,PFEESA,-0.242900466848403,0.641713247527158,False,down
WBGene00006760,2,1.0,PFEESA,-0.129359088949467,0.642067024453217,False,down
WBGene00016011,2,0.8333333333333334,PFEESA,-0.109722210480652,0.642412607179595,False,down
WBGene00004767,2,1.0,PFEESA,-0.0578550650326668,0.642431619679882,False,down
WBGene00007959,2,1.0,PFEESA,-0.109258903932529,0.643898023005039,False,down
WBGene00008418,2,1.0,PFEESA,-0.120675004904809,0.644039687226645,False,down
WBGene00004400,2,0.9666666666666667,PFEESA,0.101594971861404,0.644063586864988,False,up
WBGene00185079,2,1.0,PFEESA,-0.119504402433983,0.644451481737331,False,down
WBGene00000699,2,1.0,PFEESA,0.129963114188052,0.644587053833753,False,up
WBGene00021109,2,0.9666666666666667,PFEESA,-0.195654679503249,0.644587053833753,False,down
WBGene00015392,2,0.9,PFEESA,-0.299998014065335,0.644587053833753,False,down
WBGene00022213,2,1.0,PFEESA,0.275845106414579,0.644789704227019,False,up
WBGene00016442,2,1.0,PFEESA,-0.110647136294969,0.644789704227019,False,down
WBGene00044026,2,0.9666666666666667,PFEESA,-0.103451357217398,0.645687093578321,False,down
WBGene00023450,2,1.0,PFEESA,-0.136813204378785,0.645820186191887,False,down
WBGene00017514,2,1.0,PFEESA,0.112003476237364,0.646618798673952,False,up
WBGene00022150,2,1.0,PFEESA,-0.0636613629364473,0.646897593981538,False,down
WBGene00018383,2,0.9666666666666667,PFEESA,-0.201717096844838,0.646897593981538,False,down
WBGene00007023,2,0.9666666666666667,PFEESA,-0.0653150029505121,0.647131051363859,False,down
WBGene00003412,2,1.0,PFEESA,-0.0904545416746584,0.648722703528411,False,down
WBGene00004760,2,1.0,PFEESA,0.0481302664683731,0.648917363221501,False,up
WBGene00012489,2,0.9666666666666667,PFEESA,-0.252984965246258,0.649900613037215,False,down
WBGene00015865,2,1.0,PFEESA,0.189678881158391,0.650729315737079,False,up
WBGene00014119,2,1.0,PFEESA,0.0983401847218674,0.650729315737079,False,up
WBGene00022573,2,0.9666666666666667,PFEESA,-0.192121258631567,0.650729315737079,False,down
WBGene00013096,2,1.0,PFEESA,-0.0807901352235984,0.650766617642027,False,down
WBGene00013167,2,0.9333333333333333,PFEESA,0.0783185153210948,0.652563826466842,False,up
WBGene00009672,2,0.9,PFEESA,0.0674590169943488,0.65296068552191,False,up
WBGene00003914,2,1.0,PFEESA,0.107783797236301,0.653328489798746,False,up
WBGene00013259,2,0.9333333333333333,PFEESA,-0.0900838429857695,0.653442549478097,False,down
WBGene00014230,2,1.0,PFEESA,-0.0844158864981361,0.653477748570332,False,down
WBGene00007234,2,0.9333333333333333,PFEESA,-0.0893912652025111,0.653561542226761,False,down
WBGene00185102,2,0.9666666666666667,PFEESA,-0.236654771844423,0.653561542226761,False,down
WBGene00009267,2,1.0,PFEESA,-0.0782081513803508,0.654024645636434,False,down
WBGene00007022,2,1.0,PFEESA,-0.116325024541773,0.654194642977178,False,down
WBGene00018092,2,1.0,PFEESA,0.356648098434336,0.654517303768807,False,up
WBGene00017344,2,0.9666666666666667,PFEESA,-0.104915343182858,0.654646767737536,False,down
WBGene00003559,2,0.9666666666666667,PFEESA,0.0826523599963545,0.65493329903025,False,up
WBGene00002985,2,0.9666666666666667,PFEESA,-0.105075762200051,0.65493329903025,False,down
WBGene00004203,2,0.8666666666666667,PFEESA,0.087956615406278,0.655787295599879,False,up
WBGene00008369,2,1.0,PFEESA,-0.128219223301307,0.655787295599879,False,down
WBGene00021355,2,0.9333333333333333,PFEESA,-0.0638505787686638,0.655823989329403,False,down
WBGene00011047,2,1.0,PFEESA,-0.0934963112116899,0.656004929507226,False,down
WBGene00017891,2,1.0,PFEESA,0.0575196583954738,0.656518877916711,False,up
WBGene00000674,2,1.0,PFEESA,-0.077924793554299,0.656518877916711,False,down
WBGene00019435,2,0.9666666666666667,PFEESA,-0.104747619941065,0.656656071846309,False,down
WBGene00004927,2,1.0,PFEESA,0.0768365655147039,0.656727857376522,False,up
WBGene00006968,2,1.0,PFEESA,-0.0663400641662125,0.656891093920138,False,down
WBGene00018964,2,1.0,PFEESA,-0.129263675381493,0.657198150105462,False,down
WBGene00003777,2,1.0,PFEESA,-0.0555297157884156,0.657739546812574,False,down
WBGene00019643,2,1.0,PFEESA,-0.116727971389069,0.658211929630994,False,down
WBGene00012179,2,1.0,PFEESA,-0.138803086220873,0.658513362516134,False,down
WBGene00008165,2,1.0,PFEESA,0.0604975043261077,0.659011027709039,False,up
WBGene00008480,2,1.0,PFEESA,-0.0547498449564103,0.659011027709039,False,down
WBGene00044431,2,1.0,PFEESA,-0.125657620720638,0.65926873773189,False,down
WBGene00007917,2,0.9333333333333333,PFEESA,-0.059117753501902,0.660219544966631,False,down
WBGene00015937,2,1.0,PFEESA,-0.315092583464181,0.660472300541678,False,down
WBGene00001185,2,1.0,PFEESA,0.165619598264036,0.661551337392679,False,up
WBGene00006699,2,0.9,PFEESA,0.0889198585436166,0.661551337392679,False,up
WBGene00006713,2,1.0,PFEESA,0.0867888180127971,0.661621203073104,False,up
WBGene00008664,2,1.0,PFEESA,-0.0710787669868037,0.661621203073104,False,down
WBGene00304812,2,0.9666666666666667,PFEESA,-0.290428106394398,0.662212727930983,False,down
WBGene00010491,2,0.9666666666666667,PFEESA,-0.113997440531709,0.662340085603423,False,down
WBGene00002363,2,0.7,PFEESA,-0.0477897792921841,0.662491852817341,False,down
WBGene00008979,2,0.6,PFEESA,-0.0753337963114338,0.662491852817341,False,down
WBGene00006771,2,1.0,PFEESA,0.0540727459950503,0.663653379207079,False,up
WBGene00021063,2,1.0,PFEESA,-0.0729284126444346,0.663697519121768,False,down
WBGene00018487,2,1.0,PFEESA,0.185383133746604,0.663933960238841,False,up
WBGene00020464,2,1.0,PFEESA,-0.094718555563201,0.664498527945892,False,down
WBGene00004931,2,1.0,PFEESA,-0.0753987824570328,0.664913873424366,False,down
WBGene00016582,2,1.0,PFEESA,0.0604633155698066,0.665188619542903,False,up
WBGene00007113,2,1.0,PFEESA,0.105235676218406,0.666844286448382,False,up
WBGene00016325,2,0.9,PFEESA,0.11382040762523,0.668062852040066,False,up
WBGene00020942,2,1.0,PFEESA,-0.0870567062596932,0.668062852040066,False,down
WBGene00019486,2,1.0,PFEESA,-0.303504133258458,0.669108795086417,False,down
WBGene00000732,2,0.9666666666666667,PFEESA,0.32305013749,0.669852943502474,False,up
WBGene00009456,2,1.0,PFEESA,-0.0567478990784403,0.669852943502474,False,down
WBGene00012134,2,1.0,PFEESA,-0.06126740814437,0.670745169210274,False,down
WBGene00007766,2,1.0,PFEESA,-0.173889607077407,0.670745169210274,False,down
WBGene00007774,2,0.9666666666666667,PFEESA,0.105449465484826,0.671183413936597,False,up
WBGene00008456,2,0.9666666666666667,PFEESA,0.107829638263061,0.67134186444279,False,up
WBGene00018283,2,1.0,PFEESA,0.250517393601493,0.672589259307454,False,up
WBGene00017925,2,0.9333333333333333,PFEESA,-0.0699911934874802,0.672589259307454,False,down
WBGene00012479,2,0.8333333333333334,PFEESA,-0.107291487448523,0.672769573448593,False,down
WBGene00003957,2,0.7666666666666667,PFEESA,-0.208401364523779,0.673312073577648,False,down
WBGene00004397,2,0.5333333333333333,PFEESA,-0.632078396569095,0.673312073577648,False,down
WBGene00007233,2,0.9666666666666667,PFEESA,0.127329061773849,0.673599448461661,False,up
WBGene00001429,2,0.9333333333333333,PFEESA,0.125427603272523,0.673723793943598,False,up
WBGene00008331,2,1.0,PFEESA,-0.0614196060853198,0.673723793943598,False,down
WBGene00008848,2,0.9666666666666667,PFEESA,-0.103000036428573,0.673723793943598,False,down
WBGene00012935,2,1.0,PFEESA,-0.144316479175811,0.673740163459243,False,down
WBGene00018854,2,1.0,PFEESA,-0.0742719345685514,0.673983333586786,False,down
WBGene00018350,2,1.0,PFEESA,-0.0828186888460404,0.675275196883412,False,down
WBGene00004729,2,1.0,PFEESA,0.0538770087253629,0.675287269233311,False,up
WBGene00004269,2,1.0,PFEESA,0.10930285197764,0.67681840083918,False,up
WBGene00017976,2,0.9666666666666667,PFEESA,-0.120065543070017,0.67681840083918,False,down
WBGene00045276,2,1.0,PFEESA,-0.41519698098549,0.67681840083918,False,down
WBGene00012007,2,1.0,PFEESA,0.107269417913605,0.677530597309078,False,up
WBGene00013529,2,1.0,PFEESA,-0.0847496637910296,0.677530597309078,False,down
WBGene00004744,2,1.0,PFEESA,-0.0591103868301726,0.678204045407833,False,down
WBGene00000886,2,1.0,PFEESA,-0.135649436655963,0.679199289433436,False,down
WBGene00013015,2,0.9666666666666667,PFEESA,0.0795432334600931,0.679895105190251,False,up
WBGene00004438,2,0.9333333333333333,PFEESA,-0.0750701275153088,0.680250208661018,False,down
WBGene00000214,2,1.0,PFEESA,-0.119271932860558,0.680250208661018,False,down
WBGene00001112,2,1.0,PFEESA,0.0599109180355786,0.680391728625274,False,up
WBGene00020131,2,1.0,PFEESA,-0.0710183266497642,0.681164994250302,False,down
WBGene00000969,2,0.9333333333333333,PFEESA,-0.199370165000848,0.681164994250302,False,down
WBGene00015984,2,1.0,PFEESA,0.135897229849841,0.681840266610079,False,up
WBGene00044296,2,0.9,PFEESA,-0.152552021258436,0.682429088642579,False,down
WBGene00001853,2,1.0,PFEESA,-0.108772247728706,0.682940705792596,False,down
WBGene00009188,2,1.0,PFEESA,-0.0596166539066873,0.683068244589867,False,down
WBGene00013123,2,1.0,PFEESA,0.0705843942468031,0.683502121825051,False,up
WBGene00019400,2,0.9666666666666667,PFEESA,-0.0774593789956713,0.684060605071739,False,down
WBGene00020183,2,0.5666666666666667,PFEESA,-0.0978279394338016,0.684576536316954,False,down
WBGene00010317,2,1.0,PFEESA,0.0986949973203171,0.685469916779948,False,up
WBGene00021870,2,1.0,PFEESA,0.151419894028214,0.686928560799533,False,up
WBGene00016387,2,1.0,PFEESA,-0.182747936016733,0.687363992245436,False,down
WBGene00013232,2,1.0,PFEESA,0.0553803862795409,0.688386952835069,False,up
WBGene00008279,2,0.9333333333333333,PFEESA,-0.353043433341238,0.688386952835069,False,down
WBGene00010396,2,1.0,PFEESA,0.289754820572618,0.688448683281349,False,up
WBGene00011109,2,1.0,PFEESA,-0.0941115163608675,0.688866493346259,False,down
WBGene00013094,2,0.9666666666666667,PFEESA,-0.053867225796342,0.688946258896667,False,down
WBGene00021396,2,0.9666666666666667,PFEESA,-0.133767482449503,0.68903744246525,False,down
WBGene00000741,2,0.9666666666666667,PFEESA,0.156772570176458,0.68905784633512,False,up
WBGene00001817,2,0.7,PFEESA,-0.056198226875917,0.68982720359257,False,down
WBGene00018361,2,1.0,PFEESA,-0.069927829930959,0.690582950740293,False,down
WBGene00017831,2,1.0,PFEESA,-0.0988198963951175,0.690830025375178,False,down
WBGene00044310,2,1.0,PFEESA,-0.112309452937384,0.690830025375178,False,down
WBGene00000739,2,1.0,PFEESA,0.150402791209997,0.690842788015626,False,up
WBGene00017734,2,0.7,PFEESA,-0.0883371486922257,0.691431368891019,False,down
WBGene00013680,2,1.0,PFEESA,-0.0860344180962348,0.692494663883244,False,down
WBGene00020403,2,0.9666666666666667,PFEESA,0.064515628655666,0.692647892637133,False,up
WBGene00008219,2,0.9666666666666667,PFEESA,-0.0668570861163155,0.693479518699451,False,down
WBGene00023421,2,1.0,PFEESA,-0.072693887943707,0.693611019470544,False,down
WBGene00000720,2,0.9666666666666667,PFEESA,0.175178015252996,0.693799692816125,False,up
WBGene00000647,2,0.9,PFEESA,-0.127721945525538,0.694268695192217,False,down
WBGene00006910,2,1.0,PFEESA,0.0623179238997676,0.694804376219265,False,up
WBGene00003085,2,1.0,PFEESA,-0.0475817168066801,0.694804376219265,False,down
WBGene00006869,2,1.0,PFEESA,-0.0958436666021039,0.694804376219265,False,down
WBGene00044338,2,1.0,PFEESA,-0.190293295812843,0.694804376219265,False,down
WBGene00010279,2,0.9666666666666667,PFEESA,0.0574598097900219,0.694831217057532,False,up
WBGene00013354,2,1.0,PFEESA,0.0591557533482928,0.698375803844722,False,up
WBGene00011339,2,0.5333333333333333,PFEESA,-0.297875762010693,0.699105865055053,False,down
WBGene00009329,2,1.0,PFEESA,-0.099596629821494,0.69916902668312,False,down
WBGene00008986,2,1.0,PFEESA,0.124514327931074,0.699443726407375,False,up
WBGene00009793,2,1.0,PFEESA,0.0660091412908722,0.699704577574683,False,up
WBGene00012165,2,1.0,PFEESA,-0.405913440489478,0.699730666122144,False,down
WBGene00009287,2,1.0,PFEESA,-0.203370761442246,0.699822795355362,False,down
WBGene00003941,2,1.0,PFEESA,0.0705159787494558,0.699976576300094,False,up
WBGene00011308,2,0.9666666666666667,PFEESA,-0.0697989904970343,0.699976576300094,False,down
WBGene00019609,2,1.0,PFEESA,-0.090297299227651,0.699976576300094,False,down
WBGene00011670,2,1.0,PFEESA,-0.172999202538235,0.699976576300094,False,down
WBGene00012464,2,1.0,PFEESA,0.114407023400796,0.700802500258478,False,up
WBGene00015885,2,1.0,PFEESA,0.106468456952796,0.700802500258478,False,up
WBGene00011932,2,1.0,PFEESA,0.0680463030123302,0.700802500258478,False,up
WBGene00004475,2,1.0,PFEESA,-0.0470476321539578,0.700802500258478,False,down
WBGene00022580,2,0.9333333333333333,PFEESA,-0.0521586468804302,0.70108010834157,False,down
WBGene00018857,2,1.0,PFEESA,0.0553249170238939,0.701689543355313,False,up
WBGene00018985,2,0.9666666666666667,PFEESA,0.111622422224251,0.702870394751728,False,up
WBGene00044483,2,0.9666666666666667,PFEESA,-0.105173333225463,0.702870394751728,False,down
WBGene00010416,2,1.0,PFEESA,-0.0487826177127908,0.703133603014564,False,down
WBGene00010442,2,0.8666666666666667,PFEESA,-0.272224025717735,0.703133603014564,False,down
WBGene00007941,2,0.9666666666666667,PFEESA,0.0788090890047542,0.703407851905995,False,up
WBGene00008316,2,1.0,PFEESA,0.154629498740452,0.703666122053363,False,up
WBGene00009432,2,1.0,PFEESA,0.11657739906606,0.704921859062989,False,up
WBGene00013938,2,1.0,PFEESA,-0.268774783486454,0.704921859062989,False,down
WBGene00004120,2,1.0,PFEESA,-0.204312669860414,0.705977949467522,False,down
WBGene00015806,2,0.9666666666666667,PFEESA,-0.0749893438047434,0.706090989165939,False,down
WBGene00000189,2,1.0,PFEESA,-0.135173684898232,0.706090989165939,False,down
WBGene00019849,2,0.9,PFEESA,-0.333474456979279,0.706090989165939,False,down
WBGene00013137,2,0.6333333333333333,PFEESA,-0.1197287424361,0.707172836430905,False,down
WBGene00022501,2,0.9666666666666667,PFEESA,0.062865411913018,0.707995139538495,False,up
WBGene00001007,2,1.0,PFEESA,0.0577225260027381,0.70803020893625,False,up
WBGene00003579,2,1.0,PFEESA,-0.107209265964347,0.708813820801173,False,down
WBGene00017084,2,1.0,PFEESA,-0.0849895310061603,0.709097760470051,False,down
WBGene00017416,2,1.0,PFEESA,-0.179770740050338,0.710496005824437,False,down
WBGene00006917,2,0.8666666666666667,PFEESA,-0.05367743869352,0.711050046970346,False,down
WBGene00000210,2,1.0,PFEESA,-0.0653106623148725,0.711850878442875,False,down
WBGene00008132,2,1.0,PFEESA,0.140031925148182,0.711859077703071,False,up
WBGene00021269,2,0.9333333333333333,PFEESA,-0.11014006473832,0.712324214370006,False,down
WBGene00016942,2,1.0,PFEESA,-0.382138717496228,0.712440402307497,False,down
WBGene00020491,2,1.0,PFEESA,-0.105973154781905,0.714000558093858,False,down
WBGene00012807,2,0.9,PFEESA,-0.0935893168199518,0.714317614164836,False,down
WBGene00043064,2,1.0,PFEESA,0.0910088642837722,0.71462779036908,False,up
WBGene00001501,2,1.0,PFEESA,-0.0807599863295077,0.71462779036908,False,down
WBGene00011418,2,0.9666666666666667,PFEESA,0.0842801677846501,0.715162431372335,False,up
WBGene00006704,2,1.0,PFEESA,-0.0639325183771167,0.715162431372335,False,down
WBGene00001812,2,1.0,PFEESA,-0.0714665619476795,0.715625462626426,False,down
WBGene00044745,2,1.0,PFEESA,-0.119172149376522,0.715804980722426,False,down
WBGene00018152,2,1.0,PFEESA,-0.0983042575330593,0.715922669444795,False,down
WBGene00015118,2,0.7,PFEESA,-0.279980295046771,0.715922669444795,False,down
WBGene00019250,2,0.9666666666666667,PFEESA,0.0636050680791371,0.716328662833591,False,up
WBGene00000122,2,0.6333333333333333,PFEESA,0.0426815592956921,0.717417848473081,False,up
WBGene00003246,2,1.0,PFEESA,-0.0795958940279024,0.717417848473081,False,down
WBGene00003614,2,0.9666666666666667,PFEESA,-0.0886519054829286,0.717417848473081,False,down
WBGene00019600,2,1.0,PFEESA,-0.12539063768326,0.717417848473081,False,down
WBGene00022043,2,0.9666666666666667,PFEESA,-0.18153458512909,0.717417848473081,False,down
WBGene00022300,2,1.0,PFEESA,0.0630107973232793,0.717542491480695,False,up
WBGene00010595,2,1.0,PFEESA,0.139415395116289,0.718981501081002,False,up
WBGene00005010,2,0.8333333333333334,PFEESA,0.0573317062076367,0.718981501081002,False,up
WBGene00016934,2,0.9,PFEESA,0.0863450403365794,0.719618883983976,False,up
WBGene00013893,2,1.0,PFEESA,-0.0711850035124554,0.719668458585885,False,down
WBGene00020197,2,1.0,PFEESA,0.0545176860001919,0.719774904438803,False,up
WBGene00017900,2,0.9,PFEESA,-0.0589355579403711,0.719793557531448,False,down
WBGene00006443,2,0.9666666666666667,PFEESA,0.0578542816437438,0.719984081980854,False,up
WBGene00020130,2,1.0,PFEESA,-0.117617588065764,0.719984081980854,False,down
WBGene00001838,2,0.9666666666666667,PFEESA,-0.0720948474684342,0.721035233309976,False,down
WBGene00012365,2,1.0,PFEESA,-0.0841563168164421,0.721035233309976,False,down
WBGene00018963,2,1.0,PFEESA,-0.0427589742947501,0.722366804885935,False,down
WBGene00021884,2,1.0,PFEESA,0.144095005954849,0.722724627743635,False,up
WBGene00009103,2,1.0,PFEESA,-0.0470892586707019,0.722724627743635,False,down
WBGene00020831,2,1.0,PFEESA,-0.0584078504198291,0.722883604290703,False,down
WBGene00012325,2,1.0,PFEESA,-0.226692535175006,0.722883604290703,False,down
WBGene00018878,2,1.0,PFEESA,-0.0782021533369782,0.723630402121203,False,down
WBGene00004282,2,1.0,PFEESA,-0.110064650782313,0.723890072966874,False,down
WBGene00012167,2,1.0,PFEESA,-0.0862356400349661,0.724166379918213,False,down
WBGene00018480,2,1.0,PFEESA,0.46907326368217,0.724485568127878,False,up
WBGene00006368,2,0.9,PFEESA,-0.0798883386376174,0.724485568127878,False,down
WBGene00001404,2,1.0,PFEESA,-0.0762829674072512,0.724920520369591,False,down
WBGene00015512,2,0.9333333333333333,PFEESA,-0.131476658046076,0.724920520369591,False,down
WBGene00011892,2,0.9,PFEESA,-0.100108567998227,0.725774757542587,False,down
WBGene00007214,2,0.7,PFEESA,-0.111317501986816,0.725774757542587,False,down
WBGene00015789,2,1.0,PFEESA,0.0899810810060584,0.726241489061047,False,up
WBGene00014141,2,0.9333333333333333,PFEESA,0.0858843995398039,0.726241489061047,False,up
WBGene00004348,2,0.9666666666666667,PFEESA,0.0746333724432833,0.726241489061047,False,up
WBGene00001236,2,1.0,PFEESA,0.0493354831517567,0.726241489061047,False,up
WBGene00001589,2,0.9333333333333333,PFEESA,-0.0460209521394277,0.726241489061047,False,down
WBGene00001874,2,1.0,PFEESA,-0.046779913675025,0.726241489061047,False,down
WBGene00016489,2,1.0,PFEESA,-0.0521294648678107,0.726241489061047,False,down
WBGene00009284,2,1.0,PFEESA,-0.0585233735867438,0.726241489061047,False,down
WBGene00001682,2,1.0,PFEESA,-0.0599529032808846,0.726241489061047,False,down
WBGene00018374,2,0.9666666666666667,PFEESA,-0.0613527746718585,0.726241489061047,False,down
WBGene00010726,2,0.9333333333333333,PFEESA,-0.0616137512306859,0.726241489061047,False,down
WBGene00007493,2,0.7,PFEESA,-0.0647841651283342,0.726241489061047,False,down
WBGene00004775,2,1.0,PFEESA,-0.0801664866038341,0.726241489061047,False,down
WBGene00019007,2,1.0,PFEESA,-0.105430099836057,0.726241489061047,False,down
WBGene00007014,2,0.9666666666666667,PFEESA,-0.114540434165489,0.726241489061047,False,down
WBGene00012941,2,0.9666666666666667,PFEESA,-0.146396184549111,0.726241489061047,False,down
WBGene00012225,2,1.0,PFEESA,-0.159457148274955,0.726241489061047,False,down
WBGene00022195,2,1.0,PFEESA,0.0569003868037606,0.726336925494541,False,up
WBGene00002050,2,1.0,PFEESA,-0.077826540969032,0.726915029824709,False,down
WBGene00012651,2,0.6,PFEESA,-0.0864043677979313,0.726915029824709,False,down
WBGene00000070,2,1.0,PFEESA,-0.0676613259170885,0.728406442138046,False,down
WBGene00009187,2,1.0,PFEESA,-0.0660174119899731,0.728906688089417,False,down
WBGene00022309,2,1.0,PFEESA,-0.0986902746401026,0.729044143133159,False,down
WBGene00021867,2,0.9666666666666667,PFEESA,-0.126639998797921,0.729795524507593,False,down
WBGene00020756,2,0.9666666666666667,PFEESA,0.0648984526715563,0.730744141985883,False,up
WBGene00000778,2,1.0,PFEESA,0.153050558435132,0.731027367143062,False,up
WBGene00002088,2,0.7333333333333333,PFEESA,0.124613695800316,0.732077707952682,False,up
WBGene00020484,2,0.9,PFEESA,-0.372769751835188,0.73228722820761,False,down
WBGene00019396,2,1.0,PFEESA,0.0728847852408514,0.732856139002089,False,up
WBGene00006610,2,1.0,PFEESA,-0.0866301528652952,0.734075229216392,False,down
WBGene00021332,2,1.0,PFEESA,-0.0911111577729592,0.735324493727131,False,down
WBGene00044151,2,1.0,PFEESA,-0.294018444683953,0.735666639325751,False,down
WBGene00017358,2,1.0,PFEESA,-0.154301688562125,0.735813100603038,False,down
WBGene00022856,2,1.0,PFEESA,0.0883267579087101,0.735864909808649,False,up
WBGene00005001,2,0.7333333333333333,PFEESA,-0.115583133851129,0.73691306438658,False,down
WBGene00019769,2,0.9666666666666667,PFEESA,-0.0942252614177653,0.737823227880581,False,down
WBGene00007836,2,1.0,PFEESA,-0.124399047993388,0.738460895314597,False,down
WBGene00007256,2,0.9333333333333333,PFEESA,-0.0488770634936556,0.738539880972118,False,down
WBGene00017909,2,1.0,PFEESA,-0.150965193728532,0.739813392843642,False,down
WBGene00022534,2,1.0,PFEESA,-0.0920276002645802,0.740087543741438,False,down
WBGene00020824,2,1.0,PFEESA,0.0613095952791528,0.740543278100702,False,up
WBGene00017708,2,1.0,PFEESA,-0.133764850367247,0.740880247917597,False,down
WBGene00020692,2,1.0,PFEESA,0.104854641124158,0.741107924409571,False,up
WBGene00017567,2,1.0,PFEESA,-0.38967286041991,0.741107924409571,False,down
WBGene00008493,2,1.0,PFEESA,-0.255524472048324,0.741155782091348,False,down
WBGene00021676,2,0.9666666666666667,PFEESA,-0.0951985762821949,0.741614817374492,False,down
WBGene00022054,2,1.0,PFEESA,0.0996449084610604,0.74216675373107,False,up
WBGene00001743,2,1.0,PFEESA,-0.0565749015935883,0.742897869988996,False,down
WBGene00006726,2,1.0,PFEESA,-0.103893214072726,0.742897869988996,False,down
WBGene00004497,2,1.0,PFEESA,-0.107362456288317,0.743212352475153,False,down
WBGene00020957,2,1.0,PFEESA,0.0575045034695728,0.743529279181826,False,up
WBGene00004800,2,1.0,PFEESA,-0.0411883246301249,0.743529279181826,False,down
WBGene00022665,2,1.0,PFEESA,-0.126287081226159,0.743946113683695,False,down
WBGene00009644,2,0.9666666666666667,PFEESA,-0.217899155411692,0.743948691524776,False,down
WBGene00007242,2,1.0,PFEESA,-0.0829633120626554,0.744056986782417,False,down
WBGene00010732,2,0.8666666666666667,PFEESA,-0.0548703723065027,0.744161100419792,False,down
WBGene00010525,2,1.0,PFEESA,0.130817496005967,0.744674415203932,False,up
WBGene00010130,2,1.0,PFEESA,0.0457430862586917,0.745322816522902,False,up
WBGene00003007,2,0.9666666666666667,PFEESA,-0.0714823292436996,0.745322816522902,False,down
WBGene00001784,2,0.7,PFEESA,-0.0791347131214939,0.745322816522902,False,down
WBGene00009712,2,1.0,PFEESA,-0.0397796625202732,0.74555698680961,False,down
WBGene00013552,2,1.0,PFEESA,-0.143430875112062,0.74693284914229,False,down
WBGene00015038,2,1.0,PFEESA,-0.107738157483716,0.747188173425703,False,down
WBGene00000742,2,1.0,PFEESA,0.125125735732126,0.747243231412333,False,up
WBGene00021467,2,0.9666666666666667,PFEESA,-0.0614768462628713,0.747243231412333,False,down
WBGene00013443,2,1.0,PFEESA,-0.100203821151659,0.747243231412333,False,down
WBGene00008964,2,0.9666666666666667,PFEESA,-0.343163240647041,0.747243231412333,False,down
WBGene00004121,2,1.0,PFEESA,-0.0484548845303395,0.74743973834432,False,down
WBGene00003078,2,1.0,PFEESA,-0.0932418848301498,0.74743973834432,False,down
WBGene00009483,2,1.0,PFEESA,-0.0861922449002987,0.748090009942122,False,down
WBGene00003996,2,0.8,PFEESA,0.0484524371203198,0.748346144599093,False,up
WBGene00195063,2,1.0,PFEESA,-0.0926290650190167,0.749019700128866,False,down
WBGene00017070,2,0.9666666666666667,PFEESA,-0.0638029640293404,0.749227966821791,False,down
WBGene00018785,2,1.0,PFEESA,0.0717978165041727,0.749392420721012,False,up
WBGene00008281,2,1.0,PFEESA,0.0830310629879909,0.749722622902552,False,up
WBGene00021346,2,1.0,PFEESA,-0.0663424554479252,0.750137238073119,False,down
WBGene00007027,2,0.9333333333333333,PFEESA,0.0400247737446394,0.75034236456141,False,up
WBGene00016542,2,0.8,PFEESA,-0.0658268828950043,0.750438448029427,False,down
WBGene00020064,2,0.5666666666666667,PFEESA,-0.201802994666119,0.750990473544301,False,down
WBGene00008339,2,1.0,PFEESA,-0.0531569476191398,0.751230296700888,False,down
WBGene00006988,2,1.0,PFEESA,-0.0721666728898758,0.751230296700888,False,down
WBGene00001690,2,1.0,PFEESA,-0.174877385398488,0.751230296700888,False,down
WBGene00015138,2,0.9333333333333333,PFEESA,0.0785232045238914,0.751233709906151,False,up
WBGene00002783,2,1.0,PFEESA,0.0860792212582645,0.752194565195091,False,up
WBGene00007606,2,0.8,PFEESA,-0.0610626429162616,0.752633948066913,False,down
WBGene00000207,2,1.0,PFEESA,-0.0336301719444851,0.752986101815713,False,down
WBGene00008091,2,1.0,PFEESA,0.119323117096617,0.753616779295187,False,up
WBGene00003961,2,1.0,PFEESA,0.0500967280084783,0.753616779295187,False,up
WBGene00012712,2,0.9666666666666667,PFEESA,-0.0736254530981625,0.753616779295187,False,down
WBGene00012253,2,1.0,PFEESA,-0.127442140069083,0.754069460060094,False,down
WBGene00009745,2,0.8666666666666667,PFEESA,-0.0866375628603619,0.755270020931246,False,down
WBGene00017707,2,1.0,PFEESA,-0.228502196263238,0.75586874528343,False,down
WBGene00013332,2,1.0,PFEESA,-0.060958255134987,0.756775436911939,False,down
WBGene00023487,2,1.0,PFEESA,-0.0797390194601853,0.756775436911939,False,down
WBGene00012758,2,0.6,PFEESA,-0.0778384236377673,0.756884739736685,False,down
WBGene00011722,2,1.0,PFEESA,-0.054235445614462,0.757186751321762,False,down
WBGene00019221,2,1.0,PFEESA,-0.0663171312980108,0.757186751321762,False,down
WBGene00021626,2,0.9666666666666667,PFEESA,-0.0721320981240202,0.757186751321762,False,down
WBGene00020281,2,0.9666666666666667,PFEESA,-0.143509260539354,0.757186751321762,False,down
WBGene00016735,2,1.0,PFEESA,0.0540559850727535,0.75731667965392,False,up
WBGene00020588,2,1.0,PFEESA,-0.167988654964733,0.75731667965392,False,down
WBGene00010702,2,1.0,PFEESA,0.06023030137145,0.757374129267519,False,up
WBGene00022170,2,1.0,PFEESA,-0.0481425830401315,0.757374129267519,False,down
WBGene00012270,2,1.0,PFEESA,-0.140592377320401,0.757729192014028,False,down
WBGene00001980,2,1.0,PFEESA,-0.0447227010144219,0.758737190874582,False,down
WBGene00010002,2,1.0,PFEESA,-0.0627729522976612,0.759265981752046,False,down
WBGene00012719,2,0.9666666666666667,PFEESA,-0.0815342424965247,0.759265981752046,False,down
WBGene00020052,2,1.0,PFEESA,0.0966877779563133,0.759604244045342,False,up
WBGene00012408,2,1.0,PFEESA,0.137659391362904,0.760862397591465,False,up
WBGene00001412,2,1.0,PFEESA,0.0515151318375318,0.760862397591465,False,up
WBGene00007275,2,1.0,PFEESA,0.11464249302136,0.763032618809486,False,up
WBGene00009739,2,1.0,PFEESA,-0.0537291091150616,0.763032618809486,False,down
WBGene00043057,2,1.0,PFEESA,-0.0678758484816488,0.763032618809486,False,down
WBGene00008375,2,1.0,PFEESA,0.131911810167938,0.763113280791147,False,up
WBGene00004335,2,1.0,PFEESA,0.0910400886561845,0.763113280791147,False,up
WBGene00018935,2,0.9666666666666667,PFEESA,0.0518799422566223,0.763113280791147,False,up
WBGene00018794,2,1.0,PFEESA,-0.0570656840935475,0.763223813451031,False,down
WBGene00010521,2,1.0,PFEESA,0.171281259197316,0.763308487734125,False,up
WBGene00004167,2,1.0,PFEESA,-0.0362189314049852,0.763399355649098,False,down
WBGene00021758,2,0.9666666666666667,PFEESA,-0.0773336991330058,0.763399355649098,False,down
WBGene00303030,2,1.0,PFEESA,-0.124878031738949,0.763399355649098,False,down
WBGene00012600,2,1.0,PFEESA,0.0734848281770529,0.763489044202632,False,up
WBGene00010306,2,1.0,PFEESA,-0.0589372407822521,0.763794855724234,False,down
WBGene00000818,2,1.0,PFEESA,0.0470943750039912,0.763839988867643,False,up
WBGene00006524,2,0.9333333333333333,PFEESA,-0.053274424920237,0.764193030524462,False,down
WBGene00000231,2,1.0,PFEESA,0.0607778243548431,0.766208645610311,False,up
WBGene00022850,2,1.0,PFEESA,-0.0577164631695674,0.766420042828543,False,down
WBGene00016375,2,1.0,PFEESA,-0.07018654888485,0.767535116914368,False,down
WBGene00008404,2,0.9666666666666667,PFEESA,0.0541107786275799,0.768031819054396,False,up
WBGene00018877,2,1.0,PFEESA,-0.179230615915266,0.768031819054396,False,down
WBGene00008164,2,0.9,PFEESA,-0.075542014979487,0.76814349416617,False,down
WBGene00001085,2,1.0,PFEESA,-0.0409391131914069,0.76819607568791,False,down
WBGene00018427,2,1.0,PFEESA,-0.170389770549659,0.768732893217663,False,down
WBGene00016623,2,0.7,PFEESA,-0.0863893981127537,0.768852926673208,False,down
WBGene00009710,2,1.0,PFEESA,-0.176150616244455,0.769635998302153,False,down
WBGene00000203,2,1.0,PFEESA,-0.0475189183030956,0.769958863181343,False,down
WBGene00003968,2,0.5666666666666667,PFEESA,-0.232497562986302,0.769958863181343,False,down
WBGene00003186,2,1.0,PFEESA,0.0483690520568547,0.771089605992722,False,up
WBGene00021849,2,0.8666666666666667,PFEESA,-0.0493005141094664,0.771317812415407,False,down
WBGene00020379,2,1.0,PFEESA,0.0682198368340347,0.774277173194655,False,up
WBGene00003523,2,0.9666666666666667,PFEESA,-0.244967318158127,0.774277173194655,False,down
WBGene00018187,2,1.0,PFEESA,-0.040172195753564,0.774574811606895,False,down
WBGene00014138,2,0.9666666666666667,PFEESA,0.0871445253815423,0.774689562752803,False,up
WBGene00016145,2,1.0,PFEESA,-0.0645879999441617,0.775991035348419,False,down
WBGene00021847,2,1.0,PFEESA,-0.0551108310236174,0.776113404283216,False,down
WBGene00014208,2,0.9666666666666667,PFEESA,0.050297725363865,0.778084078219823,False,up
WBGene00012226,2,1.0,PFEESA,-0.051510405405094,0.77833610876094,False,down
WBGene00020417,2,1.0,PFEESA,-0.0425913235235679,0.77834725297571,False,down
WBGene00018342,2,1.0,PFEESA,-0.107864787020005,0.780110712431973,False,down
WBGene00023491,2,0.9666666666666667,PFEESA,0.0616778124519371,0.780301705270338,False,up
WBGene00004337,2,1.0,PFEESA,-0.0633565917451989,0.780301705270338,False,down
WBGene00013725,2,0.9666666666666667,PFEESA,-0.0775408529276027,0.780707783458539,False,down
WBGene00009563,2,0.9666666666666667,PFEESA,0.0629171718578986,0.781995620938539,False,up
WBGene00006519,2,0.9666666666666667,PFEESA,-0.0498945754514906,0.782296037805124,False,down
WBGene00013365,2,1.0,PFEESA,0.0535666831923215,0.782537025560806,False,up
WBGene00001978,2,0.9666666666666667,PFEESA,0.0530084022021429,0.783136749212279,False,up
WBGene00003022,2,1.0,PFEESA,-0.067381038051096,0.783235159515307,False,down
WBGene00044720,2,1.0,PFEESA,-0.0546473232363728,0.784774400705866,False,down
WBGene00007261,2,1.0,PFEESA,0.0462557940597954,0.785548504540544,False,up
WBGene00000523,2,0.9666666666666667,PFEESA,-0.0841644838182208,0.785674761129768,False,down
WBGene00003242,2,0.9,PFEESA,-0.0489730377516045,0.785862139061908,False,down
WBGene00022791,2,0.9666666666666667,PFEESA,-0.0781346388851762,0.785862139061908,False,down
WBGene00010362,2,1.0,PFEESA,-0.0921948682249984,0.785862139061908,False,down
WBGene00013188,2,0.7,PFEESA,0.072637611757248,0.786026192220465,False,up
WBGene00001485,2,1.0,PFEESA,-0.0537440535051122,0.786045747253103,False,down
WBGene00018006,2,1.0,PFEESA,-0.0581754490033113,0.786770430812083,False,down
WBGene00002297,2,1.0,PFEESA,-0.0774029468292605,0.786953087879954,False,down
WBGene00007826,2,1.0,PFEESA,-0.0754216844340981,0.788391594746633,False,down
WBGene00016278,2,1.0,PFEESA,0.0353381634424075,0.788943073556436,False,up
WBGene00002845,2,1.0,PFEESA,0.0376070382892893,0.789101697898745,False,up
WBGene00007100,2,1.0,PFEESA,0.0538456945953413,0.789107817172232,False,up
WBGene00021282,2,1.0,PFEESA,-0.107667656836724,0.789107817172232,False,down
WBGene00020893,2,1.0,PFEESA,-0.205414735469079,0.789107817172232,False,down
WBGene00022246,2,1.0,PFEESA,0.0929827648693148,0.789777765087385,False,up
WBGene00000520,2,0.9,PFEESA,-0.0462267510529061,0.789777765087385,False,down
WBGene00012032,2,0.9,PFEESA,-0.335018439086105,0.789905431552787,False,down
WBGene00011867,2,1.0,PFEESA,0.0465996469403431,0.790563769685222,False,up
WBGene00021391,2,0.9666666666666667,PFEESA,-0.0654864665541712,0.791090509605575,False,down
WBGene00007112,2,1.0,PFEESA,-0.114785034853784,0.791572210369842,False,down
WBGene00001362,2,0.6,PFEESA,0.105378642472907,0.791782483803615,False,up
WBGene00020823,2,1.0,PFEESA,0.0773922193206791,0.793034769812975,False,up
WBGene00008763,2,0.9333333333333333,PFEESA,0.183898639310419,0.793734805199657,False,up
WBGene00011589,2,1.0,PFEESA,-0.058497734717702,0.793734805199657,False,down
WBGene00015203,2,1.0,PFEESA,-0.0388957392290198,0.794178972109761,False,down
WBGene00013122,2,0.8,PFEESA,-0.0728544754167757,0.794551767275079,False,down
WBGene00044648,2,1.0,PFEESA,0.0797187739690324,0.795850271778091,False,up
WBGene00009556,2,1.0,PFEESA,-0.0758496135752868,0.79661182433182,False,down
WBGene00010993,2,1.0,PFEESA,-0.034631212584233,0.796754224455989,False,down
WBGene00007167,2,1.0,PFEESA,0.0463774675248645,0.797283075564827,False,up
WBGene00001752,2,0.9666666666666667,PFEESA,-0.213980940041255,0.797386162762955,False,down
WBGene00011641,2,1.0,PFEESA,0.0889988271007366,0.797510124129182,False,up
WBGene00001040,2,1.0,PFEESA,-0.0683945323418187,0.797718443909103,False,down
WBGene00003993,2,0.9,PFEESA,-0.0896631273451125,0.798258658165986,False,down
WBGene00015326,2,0.9333333333333333,PFEESA,-0.0691308585507103,0.799058523098418,False,down
WBGene00002994,2,0.9666666666666667,PFEESA,-0.0391665322262982,0.799232795912468,False,down
WBGene00015389,2,1.0,PFEESA,-0.0502483168109923,0.799232795912468,False,down
WBGene00007287,2,1.0,PFEESA,0.0399475444676004,0.799457830737907,False,up
WBGene00001208,2,0.6,PFEESA,0.0376885271688393,0.799457830737907,False,up
WBGene00005019,2,0.9666666666666667,PFEESA,-0.0454899575272053,0.799457830737907,False,down
WBGene00206418,2,1.0,PFEESA,-0.101699343896874,0.799457830737907,False,down
WBGene00010351,2,1.0,PFEESA,-0.136003526427246,0.799457830737907,False,down
WBGene00195084,2,1.0,PFEESA,-0.146680192133152,0.799457830737907,False,down
WBGene00007710,2,1.0,PFEESA,-0.119048492587133,0.799478378771253,False,down
WBGene00021401,2,1.0,PFEESA,0.0513863663765631,0.800134683515636,False,up
WBGene00009777,2,1.0,PFEESA,0.150687134928336,0.800647132509793,False,up
WBGene00016590,2,1.0,PFEESA,-0.135255115712958,0.800718303653099,False,down
WBGene00020270,2,1.0,PFEESA,-0.216408097318981,0.800722972894472,False,down
WBGene00017866,2,1.0,PFEESA,-0.0643257494848748,0.80145642401859,False,down
WBGene00009878,2,1.0,PFEESA,0.0576482585068194,0.801515211541462,False,up
WBGene00007743,2,1.0,PFEESA,-0.0719539404797727,0.801515211541462,False,down
WBGene00017490,2,1.0,PFEESA,-0.212497113448522,0.80197636413197,False,down
WBGene00006605,2,0.9666666666666667,PFEESA,-0.031668928505519,0.802508986373307,False,down
WBGene00000270,2,1.0,PFEESA,-0.0749513804243788,0.802775160931259,False,down
WBGene00003220,2,1.0,PFEESA,-0.0433483136841208,0.802916035371162,False,down
WBGene00018070,2,0.9333333333333333,PFEESA,-0.103678425292603,0.803418272629186,False,down
WBGene00019729,2,0.9,PFEESA,-0.0597456147415889,0.803433358202789,False,down
WBGene00009353,2,1.0,PFEESA,0.0556083328898141,0.804231277115375,False,up
WBGene00014251,2,1.0,PFEESA,0.131308225951958,0.80495160726944,False,up
WBGene00000717,2,1.0,PFEESA,0.269474574407654,0.805550529003347,False,up
WBGene00004679,2,1.0,PFEESA,-0.0404770366921437,0.805550529003347,False,down
WBGene00011635,2,1.0,PFEESA,-0.0689189834958153,0.805550529003347,False,down
WBGene00011604,2,1.0,PFEESA,-0.0466347430793386,0.805953282105362,False,down
WBGene00002280,2,1.0,PFEESA,-0.0518805260525524,0.805953282105362,False,down
WBGene00004087,2,1.0,PFEESA,-0.0347733195089897,0.806320500513148,False,down
WBGene00003967,2,1.0,PFEESA,-0.0376621782907583,0.806320500513148,False,down
WBGene00017929,2,0.9666666666666667,PFEESA,-0.0478197872932484,0.806320500513148,False,down
WBGene00008622,2,0.8666666666666667,PFEESA,0.0366783609232702,0.807165306452463,False,up
WBGene00018307,2,0.8666666666666667,PFEESA,0.128282553554538,0.809926525539548,False,up
WBGene00000496,2,1.0,PFEESA,-0.103391093910794,0.810024592693685,False,down
WBGene00004415,2,1.0,PFEESA,-0.0284711591118182,0.810316898837041,False,down
WBGene00017500,2,0.9666666666666667,PFEESA,-0.206727623859056,0.810327015684804,False,down
WBGene00013998,2,0.9666666666666667,PFEESA,-0.0576320822772942,0.810413942447912,False,down
WBGene00013506,2,1.0,PFEESA,0.0747712318049347,0.811736906399116,False,up
WBGene00008776,2,0.9666666666666667,PFEESA,-0.0832826672171638,0.812948519624322,False,down
WBGene00019122,2,0.9666666666666667,PFEESA,0.086690690515387,0.8129634381852,False,up
WBGene00015236,2,1.0,PFEESA,-0.150502502647094,0.8129634381852,False,down
WBGene00020025,2,1.0,PFEESA,0.0316050849871367,0.814804401735466,False,up
WBGene00001995,2,1.0,PFEESA,-0.0692111648489627,0.814804401735466,False,down
WBGene00015407,2,1.0,PFEESA,0.0608444073090686,0.814808396081831,False,up
WBGene00010500,2,1.0,PFEESA,0.0373342892016881,0.814808396081831,False,up
WBGene00004332,2,0.9666666666666667,PFEESA,-0.0627347276877907,0.814808396081831,False,down
WBGene00010878,2,1.0,PFEESA,-0.0696826083100728,0.8161317608786,False,down
WBGene00004496,2,1.0,PFEESA,-0.0467869589058027,0.816892281269601,False,down
WBGene00020967,2,0.9666666666666667,PFEESA,0.102100747883209,0.817192207414446,False,up
WBGene00011410,2,0.9333333333333333,PFEESA,0.0437286274835524,0.817192207414446,False,up
WBGene00018782,2,0.9666666666666667,PFEESA,-0.0336579683873665,0.817192207414446,False,down
WBGene00018527,2,0.9666666666666667,PFEESA,0.13386238740757,0.81726924105386,False,up
WBGene00013847,2,0.9666666666666667,PFEESA,-0.0335100205796747,0.81726924105386,False,down
WBGene00018397,2,0.9,PFEESA,-0.166833100217509,0.817465971404553,False,down
WBGene00011965,2,0.9666666666666667,PFEESA,0.0568693692724538,0.817519238825566,False,up
WBGene00011115,2,0.8333333333333334,PFEESA,0.0482131556540805,0.817519238825566,False,up
WBGene00012206,2,0.9666666666666667,PFEESA,0.0439794201864261,0.817519238825566,False,up
WBGene00015413,2,1.0,PFEESA,-0.0415539987390251,0.817519238825566,False,down
WBGene00010305,2,0.9666666666666667,PFEESA,-0.0612092478369956,0.817519238825566,False,down
WBGene00003090,2,1.0,PFEESA,-0.0673938182618775,0.817519238825566,False,down
WBGene00004086,2,1.0,PFEESA,-0.0683061196076758,0.817519238825566,False,down
WBGene00019227,2,1.0,PFEESA,-0.0786567721216982,0.817519238825566,False,down
WBGene00006721,2,1.0,PFEESA,-0.0865615475377368,0.817519238825566,False,down
WBGene00008929,2,0.9666666666666667,PFEESA,-0.0954467914067524,0.817519238825566,False,down
WBGene00018999,2,1.0,PFEESA,-0.103264795410916,0.817519238825566,False,down
WBGene00013037,2,0.9,PFEESA,-0.0990597003692016,0.817532528168852,False,down
WBGene00015769,2,1.0,PFEESA,-0.0725363784567905,0.817842468937507,False,down
WBGene00001253,2,0.9666666666666667,PFEESA,-0.0437961796089852,0.818521950000263,False,down
WBGene00001263,2,0.9333333333333333,PFEESA,-0.0572213047635291,0.818630267071109,False,down
WBGene00009531,2,1.0,PFEESA,0.0532936512764547,0.819848398348352,False,up
WBGene00004207,2,0.9666666666666667,PFEESA,-0.0433552578784832,0.820105202630718,False,down
WBGene00010875,2,1.0,PFEESA,0.0409470308995827,0.820321286098398,False,up
WBGene00017975,2,1.0,PFEESA,0.0589575443387984,0.820473950195158,False,up
WBGene00001386,2,0.9666666666666667,PFEESA,-0.092192026041836,0.820473950195158,False,down
WBGene00016337,2,1.0,PFEESA,-0.170906960549643,0.820869794260472,False,down
WBGene00020222,2,0.9333333333333333,PFEESA,0.0641962957309745,0.820882496833393,False,up
WBGene00013021,2,1.0,PFEESA,0.0508493098101953,0.820882496833393,False,up
WBGene00016676,2,1.0,PFEESA,0.0434884998072102,0.820882496833393,False,up
WBGene00019295,2,1.0,PFEESA,0.0519349416816596,0.820915149091456,False,up
WBGene00011268,2,1.0,PFEESA,0.0428929967449438,0.821406888838222,False,up
WBGene00006067,2,1.0,PFEESA,-0.0458992420260138,0.821853757053798,False,down
WBGene00015330,2,1.0,PFEESA,0.0573169499597042,0.822540068153013,False,up
WBGene00016250,2,1.0,PFEESA,0.0512118616748473,0.822540068153013,False,up
WBGene00006353,2,0.9333333333333333,PFEESA,-0.0486435372533177,0.822540068153013,False,down
WBGene00013729,2,1.0,PFEESA,-0.0722902831449561,0.822540068153013,False,down
WBGene00002011,2,1.0,PFEESA,0.0639566220749587,0.822548077058913,False,up
WBGene00022453,2,1.0,PFEESA,-0.0637714671689516,0.822583355228957,False,down
WBGene00000292,2,0.9,PFEESA,0.0307911066901473,0.822652499627441,False,up
WBGene00001060,2,1.0,PFEESA,-0.035410595493169,0.823055893267614,False,down
WBGene00011368,2,1.0,PFEESA,-0.0582139129959032,0.823055893267614,False,down
WBGene00004298,2,1.0,PFEESA,-0.0793144988919317,0.82348766023403,False,down
WBGene00006911,2,1.0,PFEESA,-0.0328000825468424,0.823492839033487,False,down
WBGene00013558,2,0.8666666666666667,PFEESA,-0.0420872017168506,0.823692631912456,False,down
WBGene00018328,2,1.0,PFEESA,0.0602981557655959,0.823804306297131,False,up
WBGene00021363,2,1.0,PFEESA,-0.0436897332630056,0.824106281617951,False,down
WBGene00020245,2,0.9666666666666667,PFEESA,-0.0797656677812702,0.824997523816141,False,down
WBGene00004274,2,1.0,PFEESA,0.0292538476093023,0.825085437685356,False,up
WBGene00018221,2,0.9666666666666667,PFEESA,0.0491968635750747,0.825707965746068,False,up
WBGene00015137,2,1.0,PFEESA,0.0465165317603894,0.825707965746068,False,up
WBGene00016421,2,1.0,PFEESA,-0.117021533688794,0.825707965746068,False,down
WBGene00020320,2,0.9333333333333333,PFEESA,-0.043685578443189,0.825744291043908,False,down
WBGene00006974,2,1.0,PFEESA,-0.0641950792481166,0.826352313409769,False,down
WBGene00003006,2,1.0,PFEESA,-0.0518692102586283,0.826794991893022,False,down
WBGene00012756,2,0.9333333333333333,PFEESA,-0.0473277669027829,0.827194366931329,False,down
WBGene00000375,2,0.6333333333333333,PFEESA,-0.062372625114896,0.827758995100563,False,down
WBGene00010631,2,1.0,PFEESA,0.023637818659381,0.827935329246168,False,up
WBGene00003594,2,1.0,PFEESA,-0.0366197485638034,0.827935329246168,False,down
WBGene00016674,2,0.9666666666666667,PFEESA,-0.0899627116844217,0.827935329246168,False,down
WBGene00006540,2,1.0,PFEESA,-0.0375888068290547,0.828291541249109,False,down
WBGene00007873,2,1.0,PFEESA,-0.315005097578215,0.828768058173745,False,down
WBGene00022883,2,1.0,PFEESA,0.0652520961876183,0.829082228901664,False,up
WBGene00020441,2,1.0,PFEESA,-0.0537018213497551,0.829086062041018,False,down
WBGene00019075,2,1.0,PFEESA,-0.0510046383434906,0.830171381183177,False,down
WBGene00004112,2,1.0,PFEESA,0.0536995672593851,0.830803345423905,False,up
WBGene00006589,2,1.0,PFEESA,-0.0832201578925432,0.83087654547701,False,down
WBGene00008140,2,0.9333333333333333,PFEESA,-0.0425648694742961,0.831835548510967,False,down
WBGene00015707,2,1.0,PFEESA,-0.144657789229918,0.83185608299499,False,down
WBGene00001338,2,0.9666666666666667,PFEESA,-0.0435417594836423,0.832284622316935,False,down
WBGene00011092,2,1.0,PFEESA,-0.060823679992101,0.832717503994942,False,down
WBGene00020970,2,0.9666666666666667,PFEESA,-0.0359386577539557,0.832809822601698,False,down
WBGene00044413,2,1.0,PFEESA,-0.110494457800531,0.832809822601698,False,down
WBGene00000915,2,0.9,PFEESA,-0.038090967116346,0.832965717456181,False,down
WBGene00017962,2,1.0,PFEESA,-0.204664268134035,0.832965717456181,False,down
WBGene00016400,2,1.0,PFEESA,0.0437856775365313,0.833143052590575,False,up
WBGene00012269,2,1.0,PFEESA,0.1227145813487,0.833649595293218,False,up
WBGene00019111,2,1.0,PFEESA,0.0868501759276486,0.833649595293218,False,up
WBGene00006383,2,1.0,PFEESA,0.0366209167119502,0.833649595293218,False,up
WBGene00022152,2,1.0,PFEESA,0.0364726081364221,0.833649595293218,False,up
WBGene00015176,2,0.9666666666666667,PFEESA,-0.0428516942918426,0.833649595293218,False,down
WBGene00009915,2,0.9666666666666667,PFEESA,-0.044381567737678,0.833649595293218,False,down
WBGene00020516,2,1.0,PFEESA,-0.0620998516944669,0.833649595293218,False,down
WBGene00044637,2,1.0,PFEESA,0.073571584233393,0.833664114701457,False,up
WBGene00018077,2,0.9666666666666667,PFEESA,0.0767389310137436,0.833973137230809,False,up
WBGene00011916,2,1.0,PFEESA,0.0530815561123563,0.833973137230809,False,up
WBGene00012358,2,0.9666666666666667,PFEESA,0.0462222962353803,0.834097951441244,False,up
WBGene00022033,2,1.0,PFEESA,0.0877100481575681,0.83482578768831,False,up
WBGene00006946,2,1.0,PFEESA,0.0550243736596593,0.83482578768831,False,up
WBGene00008685,2,1.0,PFEESA,0.0282879996681702,0.83482578768831,False,up
WBGene00002105,2,0.9666666666666667,PFEESA,0.111203779073635,0.835533492518543,False,up
WBGene00003225,2,1.0,PFEESA,0.0385262235799003,0.835554322253489,False,up
WBGene00004806,2,1.0,PFEESA,-0.0350749775282258,0.835554322253489,False,down
WBGene00006788,2,1.0,PFEESA,0.0436046959829704,0.835732978622298,False,up
WBGene00022281,2,1.0,PFEESA,-0.065274068404925,0.835811932806127,False,down
WBGene00022100,2,1.0,PFEESA,0.040700639513906,0.83614761315013,False,up
WBGene00011454,2,1.0,PFEESA,0.0572722763537104,0.836220651820963,False,up
WBGene00022073,2,1.0,PFEESA,0.0395911297558511,0.836494513315844,False,up
WBGene00022629,2,1.0,PFEESA,0.0528979296116099,0.837673867678594,False,up
WBGene00020246,2,0.9666666666666667,PFEESA,0.0262167739430204,0.837673867678594,False,up
WBGene00022376,2,1.0,PFEESA,-0.0742326853481645,0.838038227305513,False,down
WBGene00012175,2,0.9333333333333333,PFEESA,-0.198804077579948,0.838038227305513,False,down
WBGene00009340,2,1.0,PFEESA,0.0486997579707606,0.838337865934086,False,up
WBGene00003479,2,1.0,PFEESA,0.0397908146182073,0.838337865934086,False,up
WBGene00022029,2,1.0,PFEESA,-0.0919779258112547,0.839076010133201,False,down
WBGene00012952,2,1.0,PFEESA,-0.126951331515864,0.839819910205829,False,down
WBGene00003017,2,0.9666666666666667,PFEESA,0.123232085165814,0.839900285419528,False,up
WBGene00013967,2,0.9333333333333333,PFEESA,0.0657329870831248,0.840079934868135,False,up
WBGene00003025,2,1.0,PFEESA,-0.0344996621539257,0.840079934868135,False,down
WBGene00009565,2,1.0,PFEESA,-0.0479511516276289,0.840079934868135,False,down
WBGene00021378,2,1.0,PFEESA,0.0711137989746079,0.840802561836564,False,up
WBGene00012434,2,1.0,PFEESA,0.0569359555910895,0.840802561836564,False,up
WBGene00020507,2,1.0,PFEESA,0.0277462489539313,0.840802561836564,False,up
WBGene00020838,2,1.0,PFEESA,-0.0383794579502934,0.840802561836564,False,down
WBGene00018330,2,1.0,PFEESA,-0.0485173424539343,0.840802561836564,False,down
WBGene00019869,2,1.0,PFEESA,-0.0574382680036878,0.840802561836564,False,down
WBGene00013404,2,0.8666666666666667,PFEESA,-0.147393945950347,0.841116000767777,False,down
WBGene00016192,2,1.0,PFEESA,-0.0624508916340207,0.841784776320853,False,down
WBGene00013140,2,1.0,PFEESA,0.0396821681990758,0.842023971483724,False,up
WBGene00011143,2,0.9666666666666667,PFEESA,0.0443207809288989,0.842252888241301,False,up
WBGene00009126,2,0.9666666666666667,PFEESA,-0.0242779649901453,0.842741803369881,False,down
WBGene00011422,2,1.0,PFEESA,0.0858092773424034,0.843547617635561,False,up
WBGene00020397,2,1.0,PFEESA,0.0544857459242244,0.843547617635561,False,up
WBGene00000936,2,1.0,PFEESA,0.037730127838032,0.843558653899683,False,up
WBGene00010340,2,1.0,PFEESA,0.05823223586701,0.843607814694941,False,up
WBGene00013436,2,1.0,PFEESA,-0.0503891535336492,0.844325511983235,False,down
WBGene00001749,2,1.0,PFEESA,0.096588518007581,0.844399632475593,False,up
WBGene00022887,2,0.9,PFEESA,-0.0815653331185765,0.84445808324767,False,down
WBGene00017289,2,0.7666666666666667,PFEESA,0.0503208892891263,0.844477125064764,False,up
WBGene00012073,2,1.0,PFEESA,-0.0513482451895222,0.844693873386755,False,down
WBGene00007922,2,1.0,PFEESA,0.0404541381014385,0.844805581700796,False,up
WBGene00001679,2,0.9666666666666667,PFEESA,0.030085412794826,0.844805581700796,False,up
WBGene00006840,2,1.0,PFEESA,0.025544215321776,0.844805581700796,False,up
WBGene00000813,2,1.0,PFEESA,0.0319375303241207,0.844831383522288,False,up
WBGene00010286,2,1.0,PFEESA,-0.0459445382246348,0.844962716928425,False,down
WBGene00000205,2,0.9666666666666667,PFEESA,-0.0432931586899033,0.845010962709549,False,down
WBGene00020104,2,0.4666666666666667,PFEESA,-0.130715427382746,0.845721327620211,False,down
WBGene00009440,2,1.0,PFEESA,-0.0249247415640522,0.845879334946636,False,down
WBGene00022031,2,1.0,PFEESA,-0.044901678476897,0.845879334946636,False,down
WBGene00010699,2,1.0,PFEESA,-0.0604021816069915,0.845879334946636,False,down
WBGene00020259,2,1.0,PFEESA,-0.0336592970912483,0.846526213056264,False,down
WBGene00013147,2,0.5333333333333333,PFEESA,-0.128576317420603,0.846526213056264,False,down
WBGene00015396,2,1.0,PFEESA,-0.0888165392140295,0.84672014496647,False,down
WBGene00010565,2,1.0,PFEESA,0.0427918391462392,0.847170131870743,False,up
WBGene00000829,2,1.0,PFEESA,0.042264034988805,0.847312164546719,False,up
WBGene00004105,2,1.0,PFEESA,0.0320240748715709,0.847326664971507,False,up
WBGene00011029,2,1.0,PFEESA,-0.0340514255759775,0.847479556548693,False,down
WBGene00022702,2,1.0,PFEESA,0.050092494344719,0.847540738891782,False,up
WBGene00016381,2,1.0,PFEESA,-0.0725694285975568,0.847558944152877,False,down
WBGene00016418,2,1.0,PFEESA,0.0428506364066304,0.849177314823797,False,up
WBGene00021657,2,0.9666666666666667,PFEESA,-0.0501116230881873,0.849177314823797,False,down
WBGene00043066,2,1.0,PFEESA,-0.0575728001991957,0.849177314823797,False,down
WBGene00007729,2,0.5666666666666667,PFEESA,-0.101180711591353,0.849177314823797,False,down
WBGene00018714,2,0.9666666666666667,PFEESA,0.0388608784588139,0.849236824972226,False,up
WBGene00022363,2,1.0,PFEESA,-0.0448212396602888,0.849236824972226,False,down
WBGene00006722,2,1.0,PFEESA,-0.0564950870769516,0.849236824972226,False,down
WBGene00022683,2,0.9666666666666667,PFEESA,0.0616881130753392,0.849804682163464,False,up
WBGene00012105,2,1.0,PFEESA,0.0336214095323499,0.849804682163464,False,up
WBGene00006692,2,1.0,PFEESA,0.068662714888133,0.849893259401265,False,up
WBGene00011333,2,1.0,PFEESA,0.024585323031796,0.849960642763271,False,up
WBGene00044989,2,1.0,PFEESA,0.0280002129973034,0.850745882580686,False,up
WBGene00018908,2,1.0,PFEESA,-0.0750786400394492,0.850792224282914,False,down
WBGene00020894,2,1.0,PFEESA,-0.0961389183143345,0.851262224656326,False,down
WBGene00007386,2,0.9333333333333333,PFEESA,-0.0404493190576098,0.851961601396616,False,down
WBGene00008400,2,1.0,PFEESA,0.0380658760308863,0.85340033660216,False,up
WBGene00044651,2,1.0,PFEESA,0.0441433747209096,0.853441099537774,False,up
WBGene00002252,2,1.0,PFEESA,-0.0448633403528088,0.853441099537774,False,down
WBGene00001088,2,0.8666666666666667,PFEESA,-0.0381791749478819,0.853518360933256,False,down
WBGene00006961,2,1.0,PFEESA,-0.0435425900453347,0.8537190834965,False,down
WBGene00011507,2,1.0,PFEESA,0.0204209717208503,0.853724650072439,False,up
WBGene00000733,2,0.9333333333333333,PFEESA,0.163222616706744,0.85442512585632,False,up
WBGene00000249,2,1.0,PFEESA,-0.0395497221721146,0.85442512585632,False,down
WBGene00011742,2,1.0,PFEESA,0.0360969817445153,0.854491542545465,False,up
WBGene00007254,2,1.0,PFEESA,-0.0546129672729711,0.854491542545465,False,down
WBGene00010013,2,1.0,PFEESA,0.0326890333402409,0.855068197283631,False,up
WBGene00001820,2,0.9666666666666667,PFEESA,-0.0901554529801513,0.855068197283631,False,down
WBGene00019754,2,1.0,PFEESA,-0.16508953870545,0.855068197283631,False,down
WBGene00009451,2,0.9666666666666667,PFEESA,-0.0365236400203579,0.855224560019361,False,down
WBGene00010539,2,0.9333333333333333,PFEESA,0.0726568664063643,0.85576205787853,False,up
WBGene00015207,2,1.0,PFEESA,-0.0339496933196334,0.855805347683485,False,down
WBGene00009161,2,0.9666666666666667,PFEESA,-0.0360685710273764,0.855805347683485,False,down
WBGene00008318,2,1.0,PFEESA,0.0674280610816171,0.855967433601857,False,up
WBGene00012976,2,1.0,PFEESA,-0.0660428949058516,0.856496795588906,False,down
WBGene00009608,2,0.8666666666666667,PFEESA,0.206584990119443,0.85668411433049,False,up
WBGene00012354,2,1.0,PFEESA,-0.0225122269371348,0.857053643191402,False,down
WBGene00021519,2,0.9666666666666667,PFEESA,0.101402843958976,0.857124581566078,False,up
WBGene00009661,2,0.9,PFEESA,0.0257840200505195,0.857162845719527,False,up
WBGene00007474,2,0.9666666666666667,PFEESA,-0.0610776709145036,0.857162845719527,False,down
WBGene00001791,2,1.0,PFEESA,-0.045563768282161,0.858093804503128,False,down
WBGene00044329,2,1.0,PFEESA,-0.0429045137911485,0.858099010692767,False,down
WBGene00015507,2,0.9666666666666667,PFEESA,-0.0414108447742451,0.858584728037764,False,down
WBGene00011051,2,1.0,PFEESA,-0.0320546896102105,0.858646343394588,False,down
WBGene00007975,2,1.0,PFEESA,0.0387439566168651,0.858922386341339,False,up
WBGene00016333,2,0.9666666666666667,PFEESA,0.0283424528875077,0.858922386341339,False,up
WBGene00012234,2,0.9,PFEESA,-0.0340514255839374,0.858922386341339,False,down
WBGene00006993,2,1.0,PFEESA,-0.0277895136249784,0.859760818800661,False,down
WBGene00001860,2,1.0,PFEESA,-0.0266995136245152,0.859820076521502,False,down
WBGene00001843,2,1.0,PFEESA,0.0548672205852786,0.859872604116494,False,up
WBGene00010959,2,0.9,PFEESA,0.0351249350963353,0.859872604116494,False,up
WBGene00004357,2,1.0,PFEESA,0.021874307812327,0.859872604116494,False,up
WBGene00000839,2,0.9666666666666667,PFEESA,-0.0256148161526013,0.859872604116494,False,down
WBGene00001443,2,0.9666666666666667,PFEESA,-0.0258772454449103,0.859872604116494,False,down
WBGene00004206,2,1.0,PFEESA,-0.0424488083254976,0.859872604116494,False,down
WBGene00001328,2,1.0,PFEESA,-0.0394224020423327,0.860032522486154,False,down
WBGene00175035,2,1.0,PFEESA,-0.0943388971024426,0.860032522486154,False,down
WBGene00009007,2,1.0,PFEESA,-0.0395796367790398,0.86023748866718,False,down
WBGene00012767,2,1.0,PFEESA,-0.0424536100594344,0.86023748866718,False,down
WBGene00011887,2,1.0,PFEESA,-0.031629876582756,0.860319830212189,False,down
WBGene00000507,2,0.9666666666666667,PFEESA,-0.0458415246369529,0.86041125215778,False,down
WBGene00011833,2,1.0,PFEESA,-0.0694580668801882,0.860690368432155,False,down
WBGene00015492,2,1.0,PFEESA,-0.0360797966938632,0.860743875287628,False,down
WBGene00011930,2,0.9333333333333333,PFEESA,-0.0434863052082427,0.860797602438536,False,down
WBGene00003001,2,0.9,PFEESA,-0.0522197785604733,0.860797602438536,False,down
WBGene00018719,2,1.0,PFEESA,0.0477201727065402,0.861866160518175,False,up
WBGene00004201,2,1.0,PFEESA,0.0280676036337111,0.861866160518175,False,up
WBGene00017261,2,1.0,PFEESA,-0.0403550197371229,0.861977916261926,False,down
WBGene00011163,2,1.0,PFEESA,0.13129480915583,0.862232573072404,False,up
WBGene00016838,2,1.0,PFEESA,-0.0438521836258935,0.862329097499368,False,down
WBGene00004902,2,1.0,PFEESA,0.0414349901205475,0.862350468187948,False,up
WBGene00015519,2,1.0,PFEESA,0.0521320213097472,0.862580353603587,False,up
WBGene00045275,2,0.9666666666666667,PFEESA,-0.258040598070692,0.862580353603587,False,down
WBGene00010793,2,0.8666666666666667,PFEESA,-0.0405068722947832,0.863294474982594,False,down
WBGene00015581,2,1.0,PFEESA,-0.028783528765891,0.863612627459918,False,down
WBGene00018013,2,1.0,PFEESA,-0.0422020402458154,0.865035604623257,False,down
WBGene00001520,2,1.0,PFEESA,-0.02266617188563,0.865702528590348,False,down
WBGene00020964,2,1.0,PFEESA,-0.0425741132316191,0.865702528590348,False,down
WBGene00015310,2,1.0,PFEESA,-0.0409472592966296,0.86608717646342,False,down
WBGene00013507,2,0.9666666666666667,PFEESA,0.084850096793126,0.867345139984138,False,up
WBGene00019074,2,0.9333333333333333,PFEESA,-0.0291656967797067,0.867678286787993,False,down
WBGene00007949,2,0.8,PFEESA,-0.175662252785772,0.869777813401412,False,down
WBGene00000071,2,1.0,PFEESA,0.0485038793515329,0.87075601918756,False,up
WBGene00014075,2,1.0,PFEESA,0.0298941297543473,0.870765791715798,False,up
WBGene00005663,2,0.8666666666666667,PFEESA,-0.0309050132681841,0.870765791715798,False,down
WBGene00015466,2,1.0,PFEESA,-0.0435713870650238,0.872225107942553,False,down
WBGene00017895,2,1.0,PFEESA,0.0281696960404054,0.873085124159654,False,up
WBGene00017761,2,1.0,PFEESA,-0.0928892418967014,0.873446420439386,False,down
WBGene00018974,2,1.0,PFEESA,0.0277316493143769,0.873571181182907,False,up
WBGene00006913,2,1.0,PFEESA,-0.0311265970659125,0.873571181182907,False,down
WBGene00016336,2,1.0,PFEESA,-0.156561936312124,0.873571181182907,False,down
WBGene00016294,2,0.6,PFEESA,0.0519177759093409,0.873713901019629,False,up
WBGene00021914,2,1.0,PFEESA,0.0347608404764736,0.873713901019629,False,up
WBGene00023405,2,0.9666666666666667,PFEESA,-0.0315519136582451,0.873713901019629,False,down
WBGene00019503,2,1.0,PFEESA,-0.0383880853368097,0.873713901019629,False,down
WBGene00019361,2,0.9666666666666667,PFEESA,-0.0369867478465644,0.874966471484844,False,down
WBGene00000079,2,0.8666666666666667,PFEESA,-0.033039230757579,0.875573358636654,False,down
WBGene00010333,2,1.0,PFEESA,-0.0304992271321747,0.876856261435639,False,down
WBGene00021331,2,1.0,PFEESA,0.0476474530272322,0.877615666032473,False,up
WBGene00011444,2,1.0,PFEESA,-0.0370981839060544,0.878307914387917,False,down
WBGene00012602,2,1.0,PFEESA,-0.0390869872996518,0.87927589346177,False,down
WBGene00015632,2,1.0,PFEESA,-0.0486240020087982,0.880158829948089,False,down
WBGene00000994,2,1.0,PFEESA,-0.0446847590882297,0.88139914565693,False,down
WBGene00009320,2,1.0,PFEESA,-0.0418591941832048,0.881560931426925,False,down
WBGene00012734,2,0.9666666666666667,PFEESA,0.038098669344098,0.88162841775413,False,up
WBGene00086566,2,1.0,PFEESA,-0.0428496163758864,0.88162841775413,False,down
WBGene00012803,2,0.9666666666666667,PFEESA,-0.0420830720594674,0.88170194248968,False,down
WBGene00007549,2,1.0,PFEESA,-0.0591000404997404,0.882380555963643,False,down
WBGene00002262,2,1.0,PFEESA,0.0465666840568631,0.882569298730765,False,up
WBGene00002225,2,0.9666666666666667,PFEESA,0.0373896415249998,0.882569298730765,False,up
WBGene00020230,2,1.0,PFEESA,0.0330205454866503,0.882569298730765,False,up
WBGene00007921,2,0.9666666666666667,PFEESA,-0.0348326204399759,0.882569298730765,False,down
WBGene00015477,2,0.6666666666666666,PFEESA,0.0283166688087109,0.883270373492607,False,up
WBGene00001584,2,1.0,PFEESA,-0.0325560885392195,0.883960663459969,False,down
WBGene00022845,2,0.9,PFEESA,0.094666252258532,0.884555313071064,False,up
WBGene00021128,2,0.9666666666666667,PFEESA,0.0392912101164089,0.884555313071064,False,up
WBGene00017974,2,1.0,PFEESA,0.0243537815287068,0.884555313071064,False,up
WBGene00019715,2,1.0,PFEESA,-0.0259850934711763,0.884555313071064,False,down
WBGene00009441,2,1.0,PFEESA,-0.0368886159946597,0.884636292448158,False,down
WBGene00019943,2,0.9666666666666667,PFEESA,0.0342662034264139,0.884974184476694,False,up
WBGene00010419,2,1.0,PFEESA,-0.0224189587320985,0.885396280376999,False,down
WBGene00006729,2,1.0,PFEESA,-0.0457883185159458,0.885396280376999,False,down
WBGene00003417,2,1.0,PFEESA,-0.0467115329348296,0.885396280376999,False,down
WBGene00017239,2,0.9666666666666667,PFEESA,-0.0710663074524992,0.885497091452956,False,down
WBGene00007690,2,1.0,PFEESA,-0.0350659293227769,0.885673920193795,False,down
WBGene00007059,2,1.0,PFEESA,-0.0329084359627723,0.885931165294191,False,down
WBGene00004403,2,1.0,PFEESA,0.0231936372540089,0.886303909359654,False,up
WBGene00004245,2,1.0,PFEESA,0.031327929415355,0.886658002285446,False,up
WBGene00006568,2,0.9666666666666667,PFEESA,-0.0810037066137014,0.88709503438319,False,down
WBGene00007966,2,1.0,PFEESA,-0.0425513659571508,0.887256520655814,False,down
WBGene00044617,2,0.9666666666666667,PFEESA,-0.15033598013859,0.88802183214868,False,down
WBGene00044789,2,0.8666666666666667,PFEESA,-0.0377223708747305,0.888066989643064,False,down
WBGene00018957,2,0.6,PFEESA,0.0747617944644404,0.889210161737594,False,up
WBGene00017842,2,1.0,PFEESA,0.0580910805682643,0.889359914719431,False,up
WBGene00020026,2,1.0,PFEESA,0.034504052334695,0.889359914719431,False,up
WBGene00010975,2,0.8666666666666667,PFEESA,0.0298655941256911,0.889359914719431,False,up
WBGene00022836,2,1.0,PFEESA,-0.0278112639814557,0.889359914719431,False,down
WBGene00011884,2,0.8666666666666667,PFEESA,-0.0292975636666415,0.889359914719431,False,down
WBGene00004789,2,0.5333333333333333,PFEESA,-0.0294170842447404,0.889359914719431,False,down
WBGene00016710,2,0.9333333333333333,PFEESA,-0.0314333068298879,0.889359914719431,False,down
WBGene00019647,2,1.0,PFEESA,-0.0380370904780648,0.889359914719431,False,down
WBGene00011269,2,1.0,PFEESA,0.050443637623939,0.889741297513694,False,up
WBGene00006792,2,1.0,PFEESA,0.0354598409999693,0.889741297513694,False,up
WBGene00010867,2,0.9666666666666667,PFEESA,0.0311730189720829,0.889741297513694,False,up
WBGene00021529,2,0.6666666666666666,PFEESA,-0.10188336475165,0.88989413247697,False,down
WBGene00020843,2,1.0,PFEESA,0.035199531350753,0.89022875362555,False,up
WBGene00009058,2,1.0,PFEESA,0.0351013792364556,0.89022875362555,False,up
WBGene00018704,2,0.9,PFEESA,0.0420119594613547,0.890282453691856,False,up
WBGene00021534,2,1.0,PFEESA,0.0152832669651335,0.890282453691856,False,up
WBGene00013074,2,0.9666666666666667,PFEESA,0.11994504832748,0.890694376143967,False,up
WBGene00008078,2,1.0,PFEESA,-0.0257168189289647,0.890778060709821,False,down
WBGene00010742,2,0.9,PFEESA,0.0327350754754903,0.891295572700895,False,up
WBGene00022663,2,1.0,PFEESA,-0.0456617802164059,0.891295572700895,False,down
WBGene00006671,2,1.0,PFEESA,-0.0305601919381404,0.891855498612797,False,down
WBGene00018073,2,0.9666666666666667,PFEESA,0.0519746490867528,0.892126972924473,False,up
WBGene00012121,2,1.0,PFEESA,0.0295456488126082,0.892126972924473,False,up
WBGene00022348,2,1.0,PFEESA,-0.02822259118901,0.892126972924473,False,down
WBGene00019346,2,1.0,PFEESA,-0.0537351330430531,0.892126972924473,False,down
WBGene00003578,2,1.0,PFEESA,-0.0303774430339036,0.892487787461169,False,down
WBGene00010828,2,1.0,PFEESA,-0.0443147393035853,0.893418733007047,False,down
WBGene00014182,2,1.0,PFEESA,0.130970604258319,0.893443301696217,False,up
WBGene00017131,2,1.0,PFEESA,-0.0683862896831121,0.893531986911333,False,down
WBGene00017355,2,0.9666666666666667,PFEESA,-0.0260855531655063,0.894187708712564,False,down
WBGene00020480,2,1.0,PFEESA,-0.0480628281566015,0.89459685482506,False,down
WBGene00008528,2,1.0,PFEESA,0.034222409514136,0.895085539582457,False,up
WBGene00002196,2,1.0,PFEESA,0.0157122896801813,0.895085539582457,False,up
WBGene00003002,2,1.0,PFEESA,-0.0188199763496159,0.895085539582457,False,down
WBGene00009011,2,1.0,PFEESA,-0.0311331853932097,0.895085539582457,False,down
WBGene00021743,2,0.9666666666666667,PFEESA,-0.0665228250230077,0.895085539582457,False,down
WBGene00007019,2,1.0,PFEESA,-0.0370546375322041,0.895121253066451,False,down
WBGene00015283,2,0.9666666666666667,PFEESA,-0.0225064313436709,0.895374406206378,False,down
WBGene00017282,2,1.0,PFEESA,-0.0258850515340052,0.895479927954815,False,down
WBGene00001808,2,1.0,PFEESA,-0.0545318900250904,0.895799189501027,False,down
WBGene00004175,2,0.7333333333333333,PFEESA,0.0388507693077761,0.89626140511588,False,up
WBGene00011067,2,1.0,PFEESA,0.0215621793484333,0.896737551443197,False,up
WBGene00000075,2,1.0,PFEESA,-0.0414549394147338,0.896737551443197,False,down
WBGene00019328,2,1.0,PFEESA,-0.0348164957626245,0.89676364561579,False,down
WBGene00009237,2,0.7,PFEESA,-0.0560108747091795,0.89676364561579,False,down
WBGene00006522,2,1.0,PFEESA,-0.0547964329074614,0.897015267075426,False,down
WBGene00008729,2,1.0,PFEESA,0.0204087010333843,0.897175542030094,False,up
WBGene00017795,2,0.6333333333333333,PFEESA,-0.0258248620856519,0.897175542030094,False,down
WBGene00302986,2,0.9666666666666667,PFEESA,0.0876571989916855,0.897192478997771,False,up
WBGene00001558,2,1.0,PFEESA,0.0240926685345672,0.897192478997771,False,up
WBGene00022690,2,1.0,PFEESA,0.121356591446615,0.899033125920879,False,up
WBGene00011205,2,0.5666666666666667,PFEESA,0.0398544724735752,0.899033125920879,False,up
WBGene00018193,2,0.9666666666666667,PFEESA,0.0313516833323871,0.899054365357249,False,up
WBGene00006839,2,1.0,PFEESA,0.0183744604284814,0.899054365357249,False,up
WBGene00004824,2,0.9333333333333333,PFEESA,-0.0283687183515635,0.899054365357249,False,down
WBGene00003592,2,1.0,PFEESA,0.0254372904156611,0.899270828939629,False,up
WBGene00006802,2,0.9666666666666667,PFEESA,-0.025984413128214,0.899307670931291,False,down
WBGene00012802,2,1.0,PFEESA,0.0464371053261803,0.899452496019812,False,up
WBGene00006503,2,0.9666666666666667,PFEESA,-0.0259617605255649,0.899844986512813,False,down
WBGene00007913,2,0.7333333333333333,PFEESA,0.0481964684252098,0.900023123518519,False,up
WBGene00009064,2,1.0,PFEESA,0.0207199249835622,0.900758132814462,False,up
WBGene00003218,2,1.0,PFEESA,-0.0207627735998626,0.900758132814462,False,down
WBGene00017149,2,0.8666666666666667,PFEESA,-0.0545816145849192,0.900758132814462,False,down
WBGene00013591,2,0.6666666666666666,PFEESA,0.0398126609018167,0.900836814454916,False,up
WBGene00010652,2,0.9,PFEESA,0.0855121585335215,0.901570616939765,False,up
WBGene00003729,2,0.9666666666666667,PFEESA,0.052013981892397,0.901618219585453,False,up
WBGene00002067,2,1.0,PFEESA,0.0358771536645438,0.901618219585453,False,up
WBGene00022128,2,1.0,PFEESA,-0.0206824232744749,0.901618219585453,False,down
WBGene00010879,2,0.9333333333333333,PFEESA,-0.0426916810895472,0.901618219585453,False,down
WBGene00012529,2,1.0,PFEESA,0.0293974917456712,0.901892900771513,False,up
WBGene00017767,2,1.0,PFEESA,-0.075707814842603,0.902922781139693,False,down
WBGene00020146,2,0.9666666666666667,PFEESA,-0.025393627521741,0.9029658309068,False,down
WBGene00016380,2,1.0,PFEESA,0.0358347592193459,0.903037226331401,False,up
WBGene00271715,2,1.0,PFEESA,0.0644377846951164,0.903734907993104,False,up
WBGene00018337,2,0.9333333333333333,PFEESA,0.0498656358515343,0.903734907993104,False,up
WBGene00011503,2,0.9666666666666667,PFEESA,0.0263525333669267,0.903734907993104,False,up
WBGene00001662,2,1.0,PFEESA,0.0165837575053845,0.903734907993104,False,up
WBGene00018395,2,1.0,PFEESA,-0.0144195299654447,0.903734907993104,False,down
WBGene00006465,2,0.9,PFEESA,-0.0244659535190224,0.903734907993104,False,down
WBGene00044204,2,0.9,PFEESA,-0.0487430450207158,0.903734907993104,False,down
WBGene00010750,2,0.9333333333333333,PFEESA,-0.0443257719489639,0.903872572285639,False,down
WBGene00009059,2,1.0,PFEESA,-0.0374510930663798,0.903879963786442,False,down
WBGene00021311,2,1.0,PFEESA,0.0296829922639972,0.905029955147858,False,up
WBGene00016143,2,1.0,PFEESA,0.0259821976408452,0.905667053310993,False,up
WBGene00022231,2,1.0,PFEESA,0.026906963532787,0.905847894568713,False,up
WBGene00011123,2,1.0,PFEESA,0.0385263397871336,0.905955324817267,False,up
WBGene00016210,2,1.0,PFEESA,0.0326757636593659,0.906416078193017,False,up
WBGene00000815,2,0.9333333333333333,PFEESA,-0.0224140458363674,0.906987072659802,False,down
WBGene00021685,2,1.0,PFEESA,0.0242202941844836,0.907096129333973,False,up
WBGene00017000,2,1.0,PFEESA,-0.0610478648106735,0.907690192938933,False,down
WBGene00012558,2,1.0,PFEESA,-0.0293637461159063,0.908961472502675,False,down
WBGene00008891,2,0.9,PFEESA,-0.0479782431374247,0.909588036187909,False,down
WBGene00021148,2,1.0,PFEESA,-0.0215685637311518,0.910200029071318,False,down
WBGene00009138,2,1.0,PFEESA,0.0397209766589618,0.910622483946656,False,up
WBGene00001836,2,1.0,PFEESA,-0.0184626298244092,0.910743794508192,False,down
WBGene00017763,2,1.0,PFEESA,-0.0236435226213272,0.910743794508192,False,down
WBGene00020782,2,1.0,PFEESA,-0.0277394711498302,0.910743794508192,False,down
WBGene00004969,2,1.0,PFEESA,0.0295956974425432,0.910761499141759,False,up
WBGene00007110,2,0.7,PFEESA,-0.0228532655468223,0.910761499141759,False,down
WBGene00016373,2,0.9666666666666667,PFEESA,-0.0386884930769767,0.910761499141759,False,down
WBGene00012393,2,1.0,PFEESA,-0.0294797494291765,0.910877866797049,False,down
WBGene00009008,2,1.0,PFEESA,-0.0353253528950067,0.911010647255,False,down
WBGene00013207,2,1.0,PFEESA,-0.116333882788538,0.911010647255,False,down
WBGene00020408,2,0.9333333333333333,PFEESA,0.0268513250652301,0.911337363078298,False,up
WBGene00007042,2,1.0,PFEESA,0.0184047316712135,0.911337363078298,False,up
WBGene00007528,2,1.0,PFEESA,-0.0278501110859517,0.911337363078298,False,down
WBGene00000952,2,0.9666666666666667,PFEESA,-0.0662918808848829,0.911516975011295,False,down
WBGene00002148,2,1.0,PFEESA,0.0173747210373614,0.911874977757514,False,up
WBGene00013866,2,0.9666666666666667,PFEESA,-0.0725545413175405,0.911874977757514,False,down
WBGene00008442,2,0.9666666666666667,PFEESA,-0.0369635030724614,0.912523502665754,False,down
WBGene00021687,2,1.0,PFEESA,-0.0438787909742897,0.912523502665754,False,down
WBGene00001056,2,1.0,PFEESA,-0.0227153660791193,0.912827201703336,False,down
WBGene00000917,2,0.8,PFEESA,0.0242554454749434,0.913607308306268,False,up
WBGene00004830,2,1.0,PFEESA,0.0211276535904291,0.914541780146018,False,up
WBGene00009919,2,0.9333333333333333,PFEESA,0.0187819620943306,0.914541780146018,False,up
WBGene00008973,2,1.0,PFEESA,0.0206814752826373,0.914699588839925,False,up
WBGene00018718,2,1.0,PFEESA,0.0283437005454281,0.914994835709513,False,up
WBGene00000407,2,0.9666666666666667,PFEESA,0.0337818405817437,0.915148833521051,False,up
WBGene00019373,2,0.9333333333333333,PFEESA,0.0328818669915255,0.915148833521051,False,up
WBGene00017825,2,0.9666666666666667,PFEESA,0.0275883750083776,0.915148833521051,False,up
WBGene00003901,2,1.0,PFEESA,0.0212233528079266,0.915148833521051,False,up
WBGene00044322,2,1.0,PFEESA,0.0343358218485034,0.915559367719861,False,up
WBGene00001249,2,1.0,PFEESA,-0.0280696573623978,0.915656276203757,False,down
WBGene00015949,2,1.0,PFEESA,0.0335153097782485,0.915679172550684,False,up
WBGene00017087,2,1.0,PFEESA,-0.0362079584600891,0.915747326151572,False,down
WBGene00010678,2,0.9666666666666667,PFEESA,-0.0545816024580842,0.916431232807419,False,down
WBGene00018925,2,1.0,PFEESA,-0.0231332248891435,0.916729184424246,False,down
WBGene00022645,2,1.0,PFEESA,-0.133154018588951,0.916852758133818,False,down
WBGene00017046,2,0.9,PFEESA,-0.020426435778219,0.917075554660803,False,down
WBGene00020383,2,0.8666666666666667,PFEESA,-0.0310696088967152,0.917075554660803,False,down
WBGene00016564,2,1.0,PFEESA,-0.0404874279002364,0.91723136094024,False,down
WBGene00219275,2,0.9666666666666667,PFEESA,-0.0444513875929328,0.91723136094024,False,down
WBGene00012715,2,1.0,PFEESA,-0.0442914104081302,0.917601175493307,False,down
WBGene00022297,2,1.0,PFEESA,0.0276656734549292,0.917621501150741,False,up
WBGene00014035,2,0.9666666666666667,PFEESA,0.0388554057015078,0.917701845639305,False,up
WBGene00014938,2,0.5333333333333333,PFEESA,0.0371086515464991,0.917885137807559,False,up
WBGene00000120,2,0.9666666666666667,PFEESA,-0.0193399427132215,0.918293487233151,False,down
WBGene00016989,2,1.0,PFEESA,-0.0216027537059698,0.918293487233151,False,down
WBGene00003183,2,1.0,PFEESA,0.0219340090775018,0.918775263412814,False,up
WBGene00001247,2,1.0,PFEESA,0.0306442789688038,0.919731705661555,False,up
WBGene00022277,2,1.0,PFEESA,0.0219711790068475,0.919731705661555,False,up
WBGene00000266,2,0.9666666666666667,PFEESA,0.0161655930129555,0.919731705661555,False,up
WBGene00019021,2,1.0,PFEESA,-0.106837554816264,0.920015210683476,False,down
WBGene00008081,2,0.9666666666666667,PFEESA,-0.0202056940574493,0.920549424949533,False,down
WBGene00008765,2,1.0,PFEESA,-0.0212276970584613,0.920549424949533,False,down
WBGene00003664,2,0.9,PFEESA,-0.0648392326976032,0.920549424949533,False,down
WBGene00006474,2,1.0,PFEESA,0.0266672638994476,0.920700253145163,False,up
WBGene00008598,2,1.0,PFEESA,-0.0690025763320524,0.920778411004105,False,down
WBGene00009958,2,1.0,PFEESA,0.0235169894482846,0.920780001904955,False,up
WBGene00005662,2,1.0,PFEESA,0.0215002980520038,0.92221698967705,False,up
WBGene00018025,2,0.9666666666666667,PFEESA,-0.0268315022842051,0.922824235839189,False,down
WBGene00006520,2,1.0,PFEESA,-0.0294464209089249,0.923221182063257,False,down
WBGene00019199,2,1.0,PFEESA,-0.0321505824918696,0.923221182063257,False,down
WBGene00018407,2,1.0,PFEESA,0.0242605320630466,0.923344553094025,False,up
WBGene00010288,2,1.0,PFEESA,-0.0430931051793752,0.923344553094025,False,down
WBGene00001646,2,1.0,PFEESA,-0.0384735680697555,0.923572130496047,False,down
WBGene00045050,2,1.0,PFEESA,-0.0495063432884032,0.923678496377653,False,down
WBGene00003010,2,1.0,PFEESA,-0.0217441841887522,0.924126271254795,False,down
WBGene00045403,2,1.0,PFEESA,-0.043222970931696,0.924126271254795,False,down
WBGene00009482,2,1.0,PFEESA,0.0209100858559432,0.924153875999615,False,up
WBGene00012615,2,1.0,PFEESA,-0.0504558954460341,0.924387074718672,False,down
WBGene00011095,2,1.0,PFEESA,0.0384038930639727,0.925549346088232,False,up
WBGene00010842,2,0.9333333333333333,PFEESA,-0.0154712950703807,0.925549346088232,False,down
WBGene00003052,2,1.0,PFEESA,0.0145636453793662,0.925797598768126,False,up
WBGene00000536,2,1.0,PFEESA,0.0224636270375682,0.92582670722518,False,up
WBGene00008740,2,1.0,PFEESA,-0.0443189706658006,0.92582670722518,False,down
WBGene00010436,2,1.0,PFEESA,-0.0456957427813551,0.926213419704977,False,down
WBGene00010851,2,1.0,PFEESA,-0.0286805853282548,0.926321351020494,False,down
WBGene00007106,2,0.6,PFEESA,-0.0252953551230453,0.926616426041975,False,down
WBGene00017240,2,0.9,PFEESA,-0.021603594588454,0.926960829969149,False,down
WBGene00001596,2,1.0,PFEESA,-0.0168013685952446,0.926991665652061,False,down
WBGene00000161,2,1.0,PFEESA,0.018113031494828,0.927011295890064,False,up
WBGene00011034,2,1.0,PFEESA,-0.0227851906438724,0.927302543541304,False,down
WBGene00001633,2,0.9666666666666667,PFEESA,0.0484291202623164,0.927649223241296,False,up
WBGene00018814,2,1.0,PFEESA,0.0326799616225437,0.927649223241296,False,up
WBGene00022776,2,1.0,PFEESA,-0.0206105373951288,0.927649223241296,False,down
WBGene00010676,2,1.0,PFEESA,-0.0156323114478714,0.92794229770238,False,down
WBGene00010370,2,0.9666666666666667,PFEESA,0.0324152729923983,0.927942332560672,False,up
WBGene00021811,2,1.0,PFEESA,0.0198893850664156,0.928321621599226,False,up
WBGene00008767,2,1.0,PFEESA,0.0195921379208258,0.929571959553881,False,up
WBGene00007116,2,1.0,PFEESA,-0.0246158880916461,0.929571959553881,False,down
WBGene00010304,2,0.9666666666666667,PFEESA,-0.0301212873928504,0.929571959553881,False,down
WBGene00016258,2,1.0,PFEESA,0.0143245801494453,0.930034529038626,False,up
WBGene00014060,2,1.0,PFEESA,0.0371527678252061,0.930063066281247,False,up
WBGene00014188,2,1.0,PFEESA,0.0865410173627398,0.931183219599081,False,up
WBGene00021539,2,1.0,PFEESA,-0.0160195356456055,0.931307096487209,False,down
WBGene00004306,2,1.0,PFEESA,-0.0162726942057337,0.931307096487209,False,down
WBGene00005021,2,0.8333333333333334,PFEESA,0.0281109825168244,0.931573079591331,False,up
WBGene00001910,2,0.5333333333333333,PFEESA,0.0303347345538379,0.931715943376443,False,up
WBGene00017796,2,1.0,PFEESA,-0.030216832352179,0.932424428560627,False,down
WBGene00020889,2,1.0,PFEESA,-0.0452572906442016,0.932544206263532,False,down
WBGene00014111,2,1.0,PFEESA,-0.024214835096798,0.932923161488038,False,down
WBGene00002991,2,0.9666666666666667,PFEESA,-0.0206462095767999,0.933131657828425,False,down
WBGene00016021,2,1.0,PFEESA,-0.0182276787372887,0.934277315473226,False,down
WBGene00007683,2,0.9,PFEESA,-0.018495667340364,0.934568452994889,False,down
WBGene00003164,2,1.0,PFEESA,0.0222149456643802,0.934851613601422,False,up
WBGene00018635,2,0.6666666666666666,PFEESA,0.0225124162596938,0.93502525337195,False,up
WBGene00044072,2,0.9666666666666667,PFEESA,0.019617529611026,0.93502525337195,False,up
WBGene00009219,2,1.0,PFEESA,-0.0311519081034783,0.935541025737077,False,down
WBGene00019778,2,1.0,PFEESA,0.0191822829736852,0.935542477702217,False,up
WBGene00012369,2,1.0,PFEESA,0.015262337147314,0.935542477702217,False,up
WBGene00012478,2,0.9333333333333333,PFEESA,0.0202269391434533,0.935612293390632,False,up
WBGene00021736,2,1.0,PFEESA,0.02506988231816,0.935674335538311,False,up
WBGene00001745,2,0.9666666666666667,PFEESA,-0.0198798414520395,0.935743304783054,False,down
WBGene00013379,2,0.5333333333333333,PFEESA,-0.0236512889065408,0.935756961413802,False,down
WBGene00002220,2,1.0,PFEESA,-0.0186177940842558,0.936594355044835,False,down
WBGene00000812,2,1.0,PFEESA,-0.014051031397003,0.936917405532495,False,down
WBGene00000173,2,1.0,PFEESA,0.0630183778804233,0.937197323731694,False,up
WBGene00003056,2,0.9666666666666667,PFEESA,-0.0222484840080966,0.937197323731694,False,down
WBGene00015555,2,0.7,PFEESA,0.0133885193031001,0.937293820669784,False,up
WBGene00017073,2,1.0,PFEESA,-0.0493543045569768,0.93775760552232,False,down
WBGene00016639,2,0.7,PFEESA,0.0803608264141123,0.937771485456252,False,up
WBGene00012786,2,1.0,PFEESA,0.0460970529970437,0.937771485456252,False,up
WBGene00044723,2,1.0,PFEESA,-0.0500387552634273,0.937771485456252,False,down
WBGene00008147,2,0.9666666666666667,PFEESA,0.0251157220494802,0.939078534501003,False,up
WBGene00004732,2,0.6666666666666666,PFEESA,-0.0119327611359663,0.939161809107565,False,down
WBGene00021562,2,1.0,PFEESA,-0.0136203727743896,0.939652212959564,False,down
WBGene00008930,2,1.0,PFEESA,-0.0333206817700392,0.939820143869114,False,down
WBGene00013269,2,1.0,PFEESA,0.0215876925904201,0.939831086971939,False,up
WBGene00017758,2,1.0,PFEESA,-0.0219426848610628,0.939831086971939,False,down
WBGene00007348,2,0.9666666666666667,PFEESA,0.0215859984693923,0.940229017112535,False,up
WBGene00004776,2,0.9666666666666667,PFEESA,0.0212025789264819,0.940274844505271,False,up
WBGene00013273,2,1.0,PFEESA,0.0223327605535155,0.940656251154283,False,up
WBGene00004831,2,0.9333333333333333,PFEESA,-0.0176926858730686,0.941501299322033,False,down
WBGene00006773,2,1.0,PFEESA,0.018087119706895,0.941951327886983,False,up
WBGene00012647,2,0.9666666666666667,PFEESA,0.0411350016449797,0.94202875230854,False,up
WBGene00020012,2,1.0,PFEESA,-0.0192866321265516,0.942186830638098,False,down
WBGene00006681,2,0.9666666666666667,PFEESA,-0.0218793900063438,0.942708132849271,False,down
WBGene00018426,2,1.0,PFEESA,0.0150613368787568,0.943260414612091,False,up
WBGene00021423,2,0.8333333333333334,PFEESA,-0.0151392194365083,0.943296336992719,False,down
WBGene00012337,2,0.9666666666666667,PFEESA,0.0214033740519598,0.94387271117686,False,up
WBGene00012762,2,1.0,PFEESA,-0.0128094436181511,0.943947449587458,False,down
WBGene00014186,2,0.9333333333333333,PFEESA,0.0440206668658396,0.944489199620667,False,up
WBGene00009455,2,0.9666666666666667,PFEESA,0.023053700308589,0.944718543954181,False,up
WBGene00022618,2,1.0,PFEESA,-0.0149478835519216,0.944974295809205,False,down
WBGene00010698,2,0.9666666666666667,PFEESA,-0.111556919777264,0.945139420739968,False,down
WBGene00000768,2,1.0,PFEESA,0.0153853537749446,0.945656734838529,False,up
WBGene00015141,2,0.9333333333333333,PFEESA,-0.0658738515578574,0.946428416899661,False,down
WBGene00006769,2,1.0,PFEESA,-0.0115444195503723,0.946547054835426,False,down
WBGene00006634,2,1.0,PFEESA,0.0174753144262737,0.947010899160302,False,up
WBGene00016069,2,1.0,PFEESA,-0.0382678296288303,0.947129404151643,False,down
WBGene00009798,2,1.0,PFEESA,0.0297555272069319,0.947409018436452,False,up
WBGene00002128,2,0.9666666666666667,PFEESA,0.0230891367552933,0.947409018436452,False,up
WBGene00019813,2,1.0,PFEESA,-0.0164482674252352,0.947409018436452,False,down
WBGene00020284,2,1.0,PFEESA,-0.018757993011054,0.947615501035807,False,down
WBGene00010283,2,0.9666666666666667,PFEESA,0.0171543702167379,0.948977479926519,False,up
WBGene00000514,2,0.5333333333333333,PFEESA,0.0218461461857038,0.949182355637584,False,up
WBGene00004430,2,1.0,PFEESA,-0.0138173949950689,0.950308359386233,False,down
WBGene00009454,2,0.9666666666666667,PFEESA,0.0125376054517517,0.950364122853426,False,up
WBGene00019490,2,1.0,PFEESA,-0.0147669553046155,0.950395381167774,False,down
WBGene00009370,2,0.9666666666666667,PFEESA,-0.029451474585875,0.950464972368471,False,down
WBGene00015540,2,1.0,PFEESA,0.0194453199117076,0.950932574716581,False,up
WBGene00009736,2,0.9666666666666667,PFEESA,-0.0201745624895099,0.951066808490509,False,down
WBGene00016990,2,0.9,PFEESA,0.0152375600050605,0.951358564438174,False,up
WBGene00018423,2,1.0,PFEESA,-0.0329101503716255,0.951358564438174,False,down
WBGene00020921,2,1.0,PFEESA,-0.0164712812658925,0.951397902075898,False,down
WBGene00045249,2,1.0,PFEESA,0.0307606195508202,0.951567402337349,False,up
WBGene00014189,2,1.0,PFEESA,-0.0429010663574286,0.951567402337349,False,down
WBGene00016492,2,1.0,PFEESA,0.0401476840238918,0.95199257946681,False,up
WBGene00021354,2,1.0,PFEESA,-0.0269769779392553,0.952187325778933,False,down
WBGene00044294,2,0.9666666666666667,PFEESA,-0.0215519908378857,0.952632128675767,False,down
WBGene00000537,2,1.0,PFEESA,-0.0155520766266649,0.952800847221275,False,down
WBGene00017372,2,1.0,PFEESA,-0.0149545898580123,0.95310019245873,False,down
WBGene00018472,2,0.6666666666666666,PFEESA,-0.0381676490675981,0.953525497828252,False,down
WBGene00010964,2,0.5333333333333333,PFEESA,-0.0145648169888588,0.953557072010649,False,down
WBGene00044345,2,1.0,PFEESA,-0.0163835598395155,0.953659841249015,False,down
WBGene00021764,2,1.0,PFEESA,0.0117341067352822,0.954052599925303,False,up
WBGene00000143,2,1.0,PFEESA,-0.0143020004669217,0.954052599925303,False,down
WBGene00019213,2,0.8666666666666667,PFEESA,0.0272616807629168,0.95429947790235,False,up
WBGene00011661,2,1.0,PFEESA,0.0146976939687731,0.95429947790235,False,up
WBGene00002243,2,1.0,PFEESA,-0.0146462604275258,0.955081310999131,False,down
WBGene00018218,2,1.0,PFEESA,-0.0131258102457751,0.955217641361022,False,down
WBGene00008457,2,1.0,PFEESA,-0.0235267158133555,0.955217641361022,False,down
WBGene00022670,2,0.9666666666666667,PFEESA,-0.0191640762215408,0.955400132626432,False,down
WBGene00004046,2,1.0,PFEESA,0.0101680864924974,0.955855932436692,False,up
WBGene00011804,2,1.0,PFEESA,-0.0267895600238931,0.956266572918162,False,down
WBGene00012730,2,1.0,PFEESA,0.0100006154511072,0.956319668228519,False,up
WBGene00018939,2,0.9333333333333333,PFEESA,-0.0270390644285403,0.956319668228519,False,down
WBGene00021452,2,1.0,PFEESA,-0.0354414948180225,0.956835574108092,False,down
WBGene00000846,2,1.0,PFEESA,0.0143349078056488,0.957005781893173,False,up
WBGene00012811,2,1.0,PFEESA,-0.0200381200370448,0.957005781893173,False,down
WBGene00020101,2,1.0,PFEESA,0.0149635245029193,0.957338160580303,False,up
WBGene00011226,2,0.9333333333333333,PFEESA,-0.0159802568015731,0.957363582059043,False,down
WBGene00019163,2,0.7666666666666667,PFEESA,0.0119412071517393,0.957497804620498,False,up
WBGene00004130,2,1.0,PFEESA,-0.0136180898845913,0.957681512734163,False,down
WBGene00011280,2,1.0,PFEESA,0.0145884559106868,0.957768985600585,False,up
WBGene00010564,2,0.7,PFEESA,0.0133764775983417,0.957768985600585,False,up
WBGene00006690,2,1.0,PFEESA,0.0238858489039056,0.957884533451103,False,up
WBGene00000145,2,1.0,PFEESA,-0.0195895801793155,0.958635599830332,False,down
WBGene00235102,2,1.0,PFEESA,-0.0140040735216604,0.960474445865398,False,down
WBGene00011323,2,1.0,PFEESA,-0.0124129796903367,0.961339389633027,False,down
WBGene00022633,2,1.0,PFEESA,-0.0174869368202446,0.961556510685565,False,down
WBGene00001470,2,1.0,PFEESA,0.0130341365534285,0.961979528412117,False,up
WBGene00011735,2,1.0,PFEESA,0.010754595553006,0.96198227317568,False,up
WBGene00006477,2,1.0,PFEESA,0.0191080059105001,0.96209586754741,False,up
WBGene00006324,2,1.0,PFEESA,-0.0118738183656513,0.962483475354287,False,down
WBGene00045192,2,1.0,PFEESA,0.0100807102255545,0.963212530561437,False,up
WBGene00006679,2,0.9666666666666667,PFEESA,-0.0350866107812333,0.963212530561437,False,down
WBGene00013204,2,1.0,PFEESA,-0.0097498945215936,0.963254477560219,False,down
WBGene00000105,2,0.6,PFEESA,0.0144837327978779,0.96372096852747,False,up
WBGene00015377,2,1.0,PFEESA,-0.0369700986460516,0.96372096852747,False,down
WBGene00021415,2,1.0,PFEESA,-0.0115348928518384,0.963869932627944,False,down
WBGene00016124,2,1.0,PFEESA,-0.0127209735012471,0.963869932627944,False,down
WBGene00011636,2,1.0,PFEESA,-0.0109923592116063,0.963873475841574,False,down
WBGene00019972,2,0.9,PFEESA,-0.0420400256698293,0.964495948031459,False,down
WBGene00004367,2,1.0,PFEESA,-0.0099859490029538,0.964977685390123,False,down
WBGene00021104,2,1.0,PFEESA,-0.0158076764362034,0.964977685390123,False,down
WBGene00007135,2,1.0,PFEESA,-0.0115351352667722,0.965431257171316,False,down
WBGene00011729,2,1.0,PFEESA,-0.0086103019827521,0.965564498909045,False,down
WBGene00002010,2,1.0,PFEESA,0.0106311922274354,0.965643545897448,False,up
WBGene00018975,2,1.0,PFEESA,-0.0114990391658719,0.966698983396779,False,down
WBGene00007974,2,1.0,PFEESA,0.0142313181321578,0.966953931221621,False,up
WBGene00015485,2,0.9333333333333333,PFEESA,-0.0089554890788756,0.966953931221621,False,down
WBGene00022649,2,0.9666666666666667,PFEESA,-0.0220599143205653,0.966953931221621,False,down
WBGene00269433,2,0.6333333333333333,PFEESA,0.0298576795271916,0.967217636744688,False,up
WBGene00014228,2,0.9666666666666667,PFEESA,0.0151331896002757,0.967217636744688,False,up
WBGene00022351,2,1.0,PFEESA,0.0142494099153957,0.967217636744688,False,up
WBGene00004905,2,0.9666666666666667,PFEESA,0.0092078675020841,0.967217636744688,False,up
WBGene00015173,2,1.0,PFEESA,0.0074874531053856,0.967217636744688,False,up
WBGene00016030,2,0.9666666666666667,PFEESA,-0.0093740593041305,0.967217636744688,False,down
WBGene00019017,2,1.0,PFEESA,-0.0163498923554438,0.967217636744688,False,down
WBGene00022273,2,1.0,PFEESA,-0.017613563781658,0.967217636744688,False,down
WBGene00017002,2,1.0,PFEESA,-0.0202693383635147,0.967217636744688,False,down
WBGene00001581,2,1.0,PFEESA,0.0175962591180471,0.96744322737216,False,up
WBGene00019823,2,0.9,PFEESA,0.01750354384785,0.96744322737216,False,up
WBGene00009665,2,1.0,PFEESA,-0.0126104559355106,0.96744322737216,False,down
WBGene00018520,2,0.9666666666666667,PFEESA,-0.0080578315271711,0.967443236601978,False,down
WBGene00017082,2,0.9666666666666667,PFEESA,-0.0142246204351758,0.968049460093751,False,down
WBGene00017293,2,1.0,PFEESA,0.0132798359814948,0.968499530895456,False,up
WBGene00004745,2,0.8,PFEESA,0.0088138626077791,0.968499530895456,False,up
WBGene00021058,2,0.7,PFEESA,-0.0083475805689705,0.968499530895456,False,down
WBGene00016624,2,1.0,PFEESA,-0.0117389839082345,0.968499530895456,False,down
WBGene00000246,2,1.0,PFEESA,-0.016758009530037,0.968580198103448,False,down
WBGene00009177,2,0.9666666666666667,PFEESA,0.0150593721949221,0.968707230209452,False,up
WBGene00003826,2,1.0,PFEESA,0.0069158218592089,0.968707230209452,False,up
WBGene00004854,2,1.0,PFEESA,-0.0096657387997788,0.968707230209452,False,down
WBGene00007388,2,1.0,PFEESA,-0.0137688439819421,0.968707230209452,False,down
WBGene00016018,2,0.9666666666666667,PFEESA,-0.0159712320668922,0.968808022262556,False,down
WBGene00004257,2,1.0,PFEESA,0.019912598402893,0.969159046318693,False,up
WBGene00020322,2,1.0,PFEESA,0.012293639795622,0.969159046318693,False,up
WBGene00006593,2,1.0,PFEESA,0.0067491758747865,0.969159046318693,False,up
WBGene00009992,2,1.0,PFEESA,-0.0068900520241686,0.969159046318693,False,down
WBGene00011375,2,1.0,PFEESA,-0.009102033284903,0.969159046318693,False,down
WBGene00006824,2,1.0,PFEESA,-0.010546691947485,0.969159046318693,False,down
WBGene00013029,2,1.0,PFEESA,-0.0136004303169856,0.969159046318693,False,down
WBGene00022783,2,1.0,PFEESA,-0.0308071639265627,0.969159046318693,False,down
WBGene00004223,2,1.0,PFEESA,-0.0321648486935415,0.969159046318693,False,down
WBGene00021160,2,1.0,PFEESA,-0.0441615454436779,0.969159046318693,False,down
WBGene00013884,2,0.5666666666666667,PFEESA,-0.0242403431723344,0.969366482776324,False,down
WBGene00004510,2,1.0,PFEESA,-0.0090477002422236,0.969608835223147,False,down
WBGene00000162,2,1.0,PFEESA,0.0094146564607711,0.971716201751248,False,up
WBGene00004204,2,0.9666666666666667,PFEESA,-0.0070057825956869,0.972797237541997,False,down
WBGene00021419,2,1.0,PFEESA,-0.0154866729927308,0.973255857717739,False,down
WBGene00016722,2,0.9666666666666667,PFEESA,0.0094115223848376,0.973966964612296,False,up
WBGene00004753,2,1.0,PFEESA,-0.0071653534645554,0.973966964612296,False,down
WBGene00016391,2,1.0,PFEESA,-0.0091885038390312,0.973966964612296,False,down
WBGene00016551,2,1.0,PFEESA,-0.0207302527003694,0.973966964612296,False,down
WBGene00010780,2,1.0,PFEESA,0.010836818883209,0.974129490924971,False,up
WBGene00011224,2,1.0,PFEESA,-0.0170174097188729,0.974473294544336,False,down
WBGene00001898,2,0.8666666666666667,PFEESA,-0.0097013051133679,0.975330262683019,False,down
WBGene00010140,2,1.0,PFEESA,0.0149421179147303,0.975561176273142,False,up
WBGene00022675,2,1.0,PFEESA,-0.0076696186710302,0.975561176273142,False,down
WBGene00012496,2,1.0,PFEESA,-0.0096463817336164,0.975561176273142,False,down
WBGene00010109,2,1.0,PFEESA,-0.0134231016950047,0.975561176273142,False,down
WBGene00001631,2,1.0,PFEESA,0.0082356550105522,0.975668815951778,False,up
WBGene00017642,2,1.0,PFEESA,0.0058819762640504,0.97668909979756,False,up
WBGene00022448,2,1.0,PFEESA,-0.0116980949261204,0.976806302752702,False,down
WBGene00015609,2,1.0,PFEESA,0.0096333593099977,0.977258320743327,False,up
WBGene00018364,2,0.9666666666666667,PFEESA,0.0063007640972194,0.977258320743327,False,up
WBGene00010199,2,1.0,PFEESA,0.0059869455071527,0.977279498915045,False,up
WBGene00008764,2,1.0,PFEESA,-0.0071783432787147,0.977279498915045,False,down
WBGene00013350,2,1.0,PFEESA,0.0116116476266647,0.977285379962499,False,up
WBGene00006389,2,1.0,PFEESA,0.0100844226602461,0.977285379962499,False,up
WBGene00003898,2,1.0,PFEESA,-0.0057765037357867,0.977285379962499,False,down
WBGene00019554,2,1.0,PFEESA,-0.0082144480428941,0.977285379962499,False,down
WBGene00001028,2,1.0,PFEESA,-0.0074945163841633,0.977668252563047,False,down
WBGene00018544,2,0.9,PFEESA,0.028359707889816,0.978718888853738,False,up
WBGene00018634,2,1.0,PFEESA,0.0097872145257254,0.978718888853738,False,up
WBGene00012994,2,1.0,PFEESA,0.0064950191623434,0.978718888853738,False,up
WBGene00004010,2,1.0,PFEESA,-0.005948016713874,0.978718888853738,False,down
WBGene00013920,2,1.0,PFEESA,-0.0077697728439366,0.978718888853738,False,down
WBGene00001093,2,1.0,PFEESA,0.0048280180457218,0.979057703465358,False,up
WBGene00019620,2,1.0,PFEESA,-0.0091558948346097,0.979057703465358,False,down
WBGene00009082,2,1.0,PFEESA,-0.0054154488804644,0.979108610750595,False,down
WBGene00008254,2,1.0,PFEESA,-0.0085847509004102,0.979169479824389,False,down
WBGene00008566,2,1.0,PFEESA,0.0129154587447051,0.979634499437186,False,up
WBGene00010266,2,0.6666666666666666,PFEESA,0.0110485990763394,0.979634499437186,False,up
WBGene00006963,2,0.9666666666666667,PFEESA,0.007285736861246,0.979634499437186,False,up
WBGene00000142,2,1.0,PFEESA,0.0066087801088338,0.979634499437186,False,up
WBGene00003389,2,1.0,PFEESA,-0.0051254739319644,0.979634499437186,False,down
WBGene00018735,2,1.0,PFEESA,-0.008335650996751,0.979634499437186,False,down
WBGene00021502,2,1.0,PFEESA,-0.0097860377649384,0.979634499437186,False,down
WBGene00013433,2,1.0,PFEESA,-0.0124156804013741,0.979634499437186,False,down
WBGene00001147,2,1.0,PFEESA,-0.0178247963000459,0.979634499437186,False,down
WBGene00010501,2,1.0,PFEESA,-0.0196530058690922,0.979634499437186,False,down
WBGene00021236,2,0.9333333333333333,PFEESA,-0.0325398666692711,0.979634499437186,False,down
WBGene00021226,2,1.0,PFEESA,-0.0259156629868723,0.979770769801073,False,down
WBGene00194906,2,1.0,PFEESA,0.0233237812952069,0.979939965766919,False,up
WBGene00004094,2,1.0,PFEESA,0.0075460751886537,0.979939965766919,False,up
WBGene00017499,2,0.9333333333333333,PFEESA,-0.0305125899032004,0.979939965766919,False,down
WBGene00004893,2,1.0,PFEESA,-0.0079404015706598,0.980061772317429,False,down
WBGene00022379,2,1.0,PFEESA,0.0105928427723893,0.98008547806744,False,up
WBGene00002074,2,0.9666666666666667,PFEESA,-0.0052827900966082,0.980344660895309,False,down
WBGene00015017,2,0.9666666666666667,PFEESA,0.0064492806163979,0.980668104749749,False,up
WBGene00016171,2,0.9666666666666667,PFEESA,-0.0067444469682552,0.980957708726868,False,down
WBGene00001648,2,1.0,PFEESA,0.0038094753012308,0.98121116170835,False,up
WBGene00011994,2,1.0,PFEESA,0.0046459537251868,0.981318824667863,False,up
WBGene00008978,2,0.9,PFEESA,-0.011730989669136,0.981441007967068,False,down
WBGene00009220,2,0.9666666666666667,PFEESA,0.0164032936722167,0.98218557033824,False,up
WBGene00006796,2,1.0,PFEESA,-0.004600546090475,0.98237854695531,False,down
WBGene00013139,2,0.5333333333333333,PFEESA,-0.0065181030079978,0.98237854695531,False,down
WBGene00016592,2,0.9333333333333333,PFEESA,-0.00814905781581,0.98237854695531,False,down
WBGene00016996,2,0.6,PFEESA,-0.0152426978606092,0.98237854695531,False,down
WBGene00017007,2,1.0,PFEESA,-0.0084885433052515,0.982863984687591,False,down
WBGene00013808,2,1.0,PFEESA,0.0038312194022363,0.983300992957363,False,up
WBGene00015146,2,1.0,PFEESA,-0.0049600598134999,0.983446877907371,False,down
WBGene00006863,2,1.0,PFEESA,-0.0045205364238993,0.983698604568647,False,down
WBGene00007988,2,0.9333333333333333,PFEESA,0.0107685812131847,0.984260270880542,False,up
WBGene00018710,2,1.0,PFEESA,0.0041571713012488,0.985152909993004,False,up
WBGene00011719,2,1.0,PFEESA,-0.0050644661786052,0.985152909993004,False,down
WBGene00022236,2,1.0,PFEESA,-0.0167243548889122,0.985152909993004,False,down
WBGene00011890,2,1.0,PFEESA,0.0051335159083068,0.985490142444997,False,up
WBGene00004143,2,0.9666666666666667,PFEESA,-0.0048301289835055,0.985490142444997,False,down
WBGene00009087,2,1.0,PFEESA,0.0142402937303098,0.985613122144112,False,up
WBGene00009306,2,0.6333333333333333,PFEESA,0.0041020885755029,0.985613122144112,False,up
WBGene00003793,2,1.0,PFEESA,-0.0034991168799499,0.985613122144112,False,down
WBGene00008670,2,1.0,PFEESA,-0.0040630115636905,0.985613122144112,False,down
WBGene00077643,2,0.9666666666666667,PFEESA,-0.0044840072288154,0.985613122144112,False,down
WBGene00019630,2,0.9333333333333333,PFEESA,-0.0118322245688541,0.985613122144112,False,down
WBGene00013514,2,1.0,PFEESA,0.0085022662088816,0.985698365956541,False,up
WBGene00018703,2,1.0,PFEESA,0.0032844099699086,0.985698365956541,False,up
WBGene00012765,2,1.0,PFEESA,-0.0026262366465617,0.985698365956541,False,down
WBGene00044008,2,0.7,PFEESA,0.0048447393292663,0.985995446723956,False,up
WBGene00017184,2,1.0,PFEESA,0.0048336452277135,0.986699764261154,False,up
WBGene00011068,2,1.0,PFEESA,0.0045091567418685,0.986699764261154,False,up
WBGene00007089,2,1.0,PFEESA,-0.003114375642233,0.986855007053759,False,down
WBGene00003813,2,1.0,PFEESA,-0.0050927944170758,0.986855007053759,False,down
WBGene00011108,2,0.9333333333333333,PFEESA,-0.0068258807804603,0.986855007053759,False,down
WBGene00016725,2,1.0,PFEESA,-0.0050104522422764,0.987128729002019,False,down
WBGene00003663,2,1.0,PFEESA,0.0144727371889789,0.987217650890674,False,up
WBGene00006747,2,1.0,PFEESA,0.0030002541158744,0.987432526560876,False,up
WBGene00000067,2,1.0,PFEESA,0.0060193342568187,0.987590291882596,False,up
WBGene00006951,2,1.0,PFEESA,0.0051724649334176,0.987590291882596,False,up
WBGene00001365,2,0.9666666666666667,PFEESA,0.0040644069953091,0.987599762715487,False,up
WBGene00003169,2,1.0,PFEESA,-0.004821072928014,0.988022300903328,False,down
WBGene00009346,2,1.0,PFEESA,-0.0065702478937646,0.988302208170332,False,down
WBGene00010960,2,0.9666666666666667,PFEESA,0.0044800801832036,0.988981708653839,False,up
WBGene00044326,2,1.0,PFEESA,-0.0034221855124524,0.988981708653839,False,down
WBGene00020054,2,1.0,PFEESA,0.0050770451124729,0.989168325480956,False,up
WBGene00002269,2,1.0,PFEESA,-0.0048092166074053,0.989168325480956,False,down
WBGene00010205,2,1.0,PFEESA,0.0114837513864803,0.98935817220748,False,up
WBGene00006498,2,1.0,PFEESA,0.0026016160649335,0.990065345420029,False,up
WBGene00016979,2,1.0,PFEESA,-0.0047822233041179,0.990092070530301,False,down
WBGene00020125,2,0.9666666666666667,PFEESA,-0.0047398435643801,0.990546668812093,False,down
WBGene00013217,2,1.0,PFEESA,-0.0037154594559582,0.991116149373155,False,down
WBGene00010583,2,1.0,PFEESA,0.0030275575545601,0.991714413984074,False,up
WBGene00021827,2,1.0,PFEESA,-0.003170234545712,0.991714413984074,False,down
WBGene00010908,2,0.8666666666666667,PFEESA,-0.0020819587327101,0.992399812629744,False,down
WBGene00001018,2,1.0,PFEESA,0.0023903302410981,0.992412703898973,False,up
WBGene00015235,2,1.0,PFEESA,0.0032124475167497,0.994214961206148,False,up
WBGene00007483,2,1.0,PFEESA,0.0058313199208327,0.994503025603952,False,up
WBGene00018742,2,0.8666666666666667,PFEESA,0.0043883581846832,0.994503025603952,False,up
WBGene00011055,2,0.9666666666666667,PFEESA,0.0031336681813935,0.994572904740471,False,up
WBGene00010068,2,1.0,PFEESA,-0.0077848207113751,0.994572904740471,False,down
WBGene00302991,2,0.9333333333333333,PFEESA,-0.007330750349677,0.994614756544495,False,down
WBGene00014227,2,1.0,PFEESA,-0.0025507527057649,0.994756315632527,False,down
WBGene00008212,2,1.0,PFEESA,0.0063029100323659,0.995158204480271,False,up
WBGene00004802,2,0.9333333333333333,PFEESA,0.0055387657040988,0.995437948221879,False,up
WBGene00006994,2,1.0,PFEESA,-0.0015624320520521,0.996358510043749,False,down
WBGene00014666,2,1.0,PFEESA,0.0023124284578287,0.996903848446451,False,up
WBGene00008398,2,1.0,PFEESA,0.0019217653517792,0.996903848446451,False,up
WBGene00011891,2,0.9666666666666667,PFEESA,-0.0016716354097691,0.996903848446451,False,down
WBGene00019957,2,1.0,PFEESA,-0.0017367594548218,0.996903848446451,False,down
WBGene00010758,2,0.9333333333333333,PFEESA,-0.0020952385519508,0.996903848446451,False,down
WBGene00018491,2,0.9333333333333333,PFEESA,-0.0013142767522662,0.997150720565742,False,down
WBGene00007140,2,1.0,PFEESA,0.0037151571475073,0.99730070209074,False,up
WBGene00020883,2,1.0,PFEESA,0.0019644122148971,0.99730070209074,False,up
WBGene00021103,2,1.0,PFEESA,0.0016184891290203,0.99730070209074,False,up
WBGene00022360,2,1.0,PFEESA,0.0008472156792803,0.99730070209074,False,up
WBGene00009027,2,1.0,PFEESA,0.0008251001584982,0.99730070209074,False,up
WBGene00007520,2,0.9666666666666667,PFEESA,-0.0008541056589448,0.99730070209074,False,down
WBGene00015356,2,1.0,PFEESA,-0.0012141492246465,0.99730070209074,False,down
WBGene00022368,2,1.0,PFEESA,-0.0012528366511756,0.99730070209074,False,down
WBGene00022104,2,1.0,PFEESA,-0.0016181531994961,0.99730070209074,False,down
WBGene00020022,2,1.0,PFEESA,0.0009648815262066,0.997521692641459,False,up
WBGene00009514,2,1.0,PFEESA,0.0009619867007879,0.997521692641459,False,up
WBGene00011498,2,0.9666666666666667,PFEESA,0.0007996818906497,0.997521692641459,False,up
WBGene00004684,2,1.0,PFEESA,0.0004364016337585,0.997521692641459,False,up
WBGene00011914,2,0.9666666666666667,PFEESA,-0.0009603141437537,0.997521692641459,False,down
WBGene00006714,2,0.9666666666666667,PFEESA,-0.0010841954299794,0.997521692641459,False,down
WBGene00015099,2,1.0,PFEESA,-0.0006344649421614,0.997547651875612,False,down
WBGene00013677,2,1.0,PFEESA,0.0005640235497212,0.997576357716321,False,up
WBGene00010776,2,1.0,PFEESA,0.0005326829044746,0.997576357716321,False,up
WBGene00015328,2,1.0,PFEESA,-0.0005216470820094,0.997576357716321,False,down
WBGene00020193,2,1.0,PFEESA,0.0009430858042818,0.99815771029596,False,up
WBGene00015171,2,1.0,PFEESA,-0.0007027837591307,0.99815771029596,False,down
WBGene00006620,2,0.6,PFEESA,-0.0008078197220471,0.998573286615693,False,down
WBGene00045507,2,1.0,PFEESA,-0.0002932024193824,0.998581968151283,False,down
WBGene00018061,2,1.0,PFEESA,-0.0001746464600106,0.999101110659801,False,down
WBGene00012371,2,0.9666666666666667,PFEESA,0.0002136544157346,0.999183249862259,False,up
