WB_id,consensus_module,consensus_strength,chemical,logFC,FDR,is_detected,direction
WBGene00010277,0,1.0,PFEESA,-0.997180023833668,3.27893051736308e-05,True,down
WBGene00020788,0,1.0,PFEESA,-0.457408216849609,0.0001395702573329,True,down
WBGene00001814,0,1.0,PFEESA,-0.362510505664887,0.0001634003940926,True,down
WBGene00003410,0,1.0,PFEESA,-0.358452033483553,0.001044340045674,True,down
WBGene00010274,0,1.0,PFEESA,-0.984804426274573,0.0013989356652073,True,down
WBGene00014083,0,1.0,PFEESA,-0.341173553387116,0.0019479445811165,True,down
WBGene00011440,0,0.5333333333333333,PFEESA,-0.307849862253153,0.0021666548061292,True,down
WBGene00004233,0,1.0,PFEESA,-0.732792523852186,0.0021926979768176,True,down
WBGene00019510,0,1.0,PFEESA,-0.479540814173818,0.0022961650848833,True,down
WBGene00013435,0,1.0,PFEESA,-0.319560181393378,0.0033730670492146,True,down
WBGene00010478,0,1.0,PFEESA,-0.382079089343012,0.0050035569989804,True,down
WBGene00022851,0,1.0,PFEESA,-0.399745648078462,0.0050887751675437,True,down
WBGene00015941,0,1.0,PFEESA,-0.438439557920697,0.0051010166068017,True,down
WBGene00011408,0,1.0,PFEESA,-0.373920817963199,0.0068232052438601,True,down
WBGene00022046,0,1.0,PFEESA,-0.51076108804604,0.0068528475228255,True,down
WBGene00015461,0,1.0,PFEESA,-0.306622699823929,0.0073237197779969,True,down
WBGene00044620,0,1.0,PFEESA,-0.767551302699785,0.0081957447727931,True,down
WBGene00008123,0,1.0,PFEESA,-0.341463287929863,0.0095524323559199,True,down
WBGene00012909,0,1.0,PFEESA,-0.38959969465501,0.0103311208427046,True,down
WBGene00010330,0,1.0,PFEESA,-0.525525065615149,0.0105639427362107,True,down
WBGene00007623,0,1.0,PFEESA,-0.289613379041381,0.0131372717306896,True,down
WBGene00000155,0,1.0,PFEESA,-0.285770818282345,0.0137040022836644,True,down
WBGene00020107,0,1.0,PFEESA,-0.361734289809125,0.0137471544063344,True,down
WBGene00020601,0,1.0,PFEESA,-0.28700877704194,0.0162701646264483,True,down
WBGene00010627,0,1.0,PFEESA,-0.330418116549648,0.0190653306886149,True,down
WBGene00001758,0,1.0,PFEESA,-0.716927620738944,0.0202883244055763,True,down
WBGene00016607,0,1.0,PFEESA,-0.397536306565137,0.0234892577948267,True,down
WBGene00002231,0,1.0,PFEESA,-0.471776530382306,0.0240959357294774,True,down
WBGene00016103,0,1.0,PFEESA,-0.362723982028196,0.024717719170763,True,down
WBGene00007394,0,1.0,PFEESA,-0.318758950062411,0.0247539428970122,True,down
WBGene00017832,0,1.0,PFEESA,-0.509854260021098,0.0248944366133983,True,down
WBGene00021335,0,0.9,PFEESA,-0.727780867340792,0.0263654391207457,True,down
WBGene00020915,0,1.0,PFEESA,-0.342866446389193,0.0278869796979755,True,down
WBGene00018866,0,1.0,PFEESA,-0.260674376891826,0.0280200835310104,True,down
WBGene00002229,0,1.0,PFEESA,-0.388227624127829,0.0292815390374993,True,down
WBGene00017283,0,1.0,PFEESA,-0.240029704159819,0.0296093476635921,True,down
WBGene00003119,0,1.0,PFEESA,-0.295417323587926,0.031348131751438,True,down
WBGene00001423,0,1.0,PFEESA,-0.450983343913841,0.0319940813842918,True,down
WBGene00002850,0,1.0,PFEESA,-0.250328241372046,0.0325397005227566,True,down
WBGene00018893,0,1.0,PFEESA,-0.286325403476639,0.0329428988702702,True,down
WBGene00011043,0,1.0,PFEESA,-0.289463238547151,0.0347039182371839,True,down
WBGene00013150,0,0.5,PFEESA,-0.473573994582374,0.0360664352704774,True,down
WBGene00012834,0,1.0,PFEESA,-0.333644957906263,0.0384923219113119,True,down
WBGene00008741,0,0.6333333333333333,PFEESA,0.293269174321812,0.0404790686908206,True,up
WBGene00012936,0,1.0,PFEESA,-0.433186988924289,0.0416800804008986,True,down
WBGene00010896,0,1.0,PFEESA,-0.402353865615235,0.0425516459735028,True,down
WBGene00021327,0,1.0,PFEESA,-0.152648150603821,0.0426083061194506,True,down
WBGene00015515,0,1.0,PFEESA,-0.421990523576146,0.0432837628751706,True,down
WBGene00016844,0,1.0,PFEESA,-0.286153556642593,0.0433530471380365,True,down
WBGene00012445,0,1.0,PFEESA,-0.501672845861015,0.0448919861897659,True,down
WBGene00021073,0,1.0,PFEESA,-0.281182762524107,0.045633105441442,True,down
WBGene00002073,0,1.0,PFEESA,-0.590011114269256,0.045633105441442,True,down
WBGene00019275,0,1.0,PFEESA,-0.206646134343221,0.0463958754008668,True,down
WBGene00001309,0,1.0,PFEESA,-0.267498663411263,0.0463958754008668,True,down
WBGene00001999,0,1.0,PFEESA,-0.228768268313752,0.049648651737214,True,down
WBGene00000877,0,1.0,PFEESA,-0.25744949164176,0.0502595992680696,False,down
WBGene00020171,0,1.0,PFEESA,-0.28928152996285,0.0509496426259109,False,down
WBGene00001774,0,1.0,PFEESA,-0.430083973999448,0.0527618691816095,False,down
WBGene00019836,0,1.0,PFEESA,-0.266939878369848,0.0535475271436896,False,down
WBGene00012497,0,1.0,PFEESA,-0.152730922972104,0.0539217116896264,False,down
WBGene00019678,0,1.0,PFEESA,-0.261631470605127,0.054307669114177,False,down
WBGene00022852,0,1.0,PFEESA,-0.271158388536127,0.0544536661657759,False,down
WBGene00008458,0,1.0,PFEESA,-0.282696220062708,0.0605692746915423,False,down
WBGene00021830,0,1.0,PFEESA,-0.292744563990843,0.0605692746915423,False,down
WBGene00020902,0,1.0,PFEESA,-0.28026227142268,0.0606455659282406,False,down
WBGene00012978,0,1.0,PFEESA,-0.233615192654482,0.0613482934890612,False,down
WBGene00001232,0,1.0,PFEESA,-0.163563797364178,0.06138736668433,False,down
WBGene00016653,0,1.0,PFEESA,-0.296282509734691,0.0617354621999545,False,down
WBGene00013267,0,1.0,PFEESA,-0.307835607298925,0.0620677392511548,False,down
WBGene00011112,0,1.0,PFEESA,-0.5267761120026,0.0624340789685272,False,down
WBGene00008354,0,1.0,PFEESA,-0.554761974352121,0.0625418952578837,False,down
WBGene00021715,0,1.0,PFEESA,-0.28874534228524,0.0628791547562889,False,down
WBGene00022792,0,1.0,PFEESA,-0.27706938304235,0.064014426589886,False,down
WBGene00010766,0,1.0,PFEESA,-0.164236578163087,0.0642551104208103,False,down
WBGene00018762,0,1.0,PFEESA,-0.314185000783835,0.0642551104208103,False,down
WBGene00017360,0,1.0,PFEESA,-0.432381336384289,0.064989827081584,False,down
WBGene00021899,0,1.0,PFEESA,-0.223942163143502,0.0652535395555692,False,down
WBGene00004180,0,0.8333333333333334,PFEESA,-0.562288183156453,0.0660724199003111,False,down
WBGene00023489,0,1.0,PFEESA,-0.414904381194907,0.0670259901595981,False,down
WBGene00014120,0,1.0,PFEESA,-0.267680979785568,0.0682571533154175,False,down
WBGene00017044,0,1.0,PFEESA,-0.259815846805619,0.0696174843388788,False,down
WBGene00011182,0,1.0,PFEESA,-0.280118772397115,0.0719629021123451,False,down
WBGene00012964,0,1.0,PFEESA,-0.340087234731895,0.0729481020508337,False,down
WBGene00012342,0,1.0,PFEESA,-0.189248189444022,0.0730588698761921,False,down
WBGene00013983,0,1.0,PFEESA,-0.23070565895141,0.0731775952582474,False,down
WBGene00021276,0,1.0,PFEESA,-0.262456136696858,0.0731793281017487,False,down
WBGene00011247,0,1.0,PFEESA,-0.234791244975293,0.0765510119077042,False,down
WBGene00022141,0,1.0,PFEESA,-0.442863443941401,0.0765510119077042,False,down
WBGene00016129,0,1.0,PFEESA,-0.31038180406349,0.0786604366549724,False,down
WBGene00008921,0,1.0,PFEESA,-0.438597103425939,0.0794711964050141,False,down
WBGene00009211,0,1.0,PFEESA,-0.202920725452422,0.0796696686117179,False,down
WBGene00009084,0,1.0,PFEESA,-0.294602701207228,0.0807489110393683,False,down
WBGene00017738,0,1.0,PFEESA,-0.415937926356239,0.0809472811567967,False,down
WBGene00010616,0,1.0,PFEESA,-0.236400361803215,0.0835556500120393,False,down
WBGene00004338,0,0.8666666666666667,PFEESA,-0.302102227018802,0.0880882288626453,False,down
WBGene00019380,0,1.0,PFEESA,-0.285145686681137,0.0890249477590657,False,down
WBGene00012992,0,1.0,PFEESA,-0.240611404519717,0.0900867298372858,False,down
WBGene00021112,0,1.0,PFEESA,-0.207796122581846,0.0943096635943576,False,down
WBGene00003390,0,1.0,PFEESA,-0.223877097128928,0.0964195608476736,False,down
WBGene00004326,0,1.0,PFEESA,-0.225690998148744,0.0996397969468077,False,down
WBGene00001049,0,0.8,PFEESA,-0.295772782781846,0.100572779370327,False,down
WBGene00011883,0,0.5333333333333333,PFEESA,-0.137128417269048,0.100864095961099,False,down
WBGene00019246,0,1.0,PFEESA,-0.201972529714672,0.101804786481013,False,down
WBGene00016837,0,1.0,PFEESA,-0.189410639283031,0.102922037058337,False,down
WBGene00003062,0,1.0,PFEESA,-0.357723473206104,0.102967271016406,False,down
WBGene00015676,0,1.0,PFEESA,-0.257689759511893,0.103899639260343,False,down
WBGene00018362,0,1.0,PFEESA,-0.253872009509239,0.104371902883137,False,down
WBGene00303021,0,1.0,PFEESA,-0.157430350630164,0.106269494588482,False,down
WBGene00020499,0,1.0,PFEESA,-0.269881143663935,0.109419953549511,False,down
WBGene00000003,0,0.8333333333333334,PFEESA,-0.241452436464943,0.109502484779013,False,down
WBGene00050939,0,1.0,PFEESA,-0.796512504940405,0.109600303120614,False,down
WBGene00012997,0,1.0,PFEESA,-0.208186084975177,0.111583974118256,False,down
WBGene00012316,0,1.0,PFEESA,-0.266097094451213,0.111583974118256,False,down
WBGene00004874,0,1.0,PFEESA,-0.185804780315691,0.114704635679871,False,down
WBGene00004981,0,1.0,PFEESA,-0.292507322725895,0.114704635679871,False,down
WBGene00020110,0,1.0,PFEESA,-0.156118915250081,0.114734903611837,False,down
WBGene00021789,0,1.0,PFEESA,-0.209249419880829,0.116589327353882,False,down
WBGene00005014,0,0.9333333333333333,PFEESA,-0.212474458733518,0.116873578406875,False,down
WBGene00016790,0,1.0,PFEESA,-0.321859660085727,0.117488131620776,False,down
WBGene00012887,0,1.0,PFEESA,-0.188507267871349,0.118302010275667,False,down
WBGene00006924,0,1.0,PFEESA,-0.177978053390787,0.119234882420125,False,down
WBGene00022455,0,1.0,PFEESA,-0.384179417557182,0.120551364399239,False,down
WBGene00021648,0,1.0,PFEESA,-0.445310932592494,0.120563929839405,False,down
WBGene00003893,0,1.0,PFEESA,-0.14703230698052,0.12225987587399,False,down
WBGene00008936,0,1.0,PFEESA,-0.402677302166971,0.12225987587399,False,down
WBGene00012465,0,1.0,PFEESA,-0.267249467363915,0.123884909865062,False,down
WBGene00022765,0,1.0,PFEESA,-0.366691862924125,0.12517057070734,False,down
WBGene00010303,0,1.0,PFEESA,-0.291353153468721,0.125385275299337,False,down
WBGene00016508,0,1.0,PFEESA,-0.161762057825673,0.126096722391382,False,down
WBGene00019800,0,1.0,PFEESA,-0.222020314763566,0.127002914425154,False,down
WBGene00020687,0,1.0,PFEESA,-0.211794350502986,0.130010241901446,False,down
WBGene00021026,0,1.0,PFEESA,-0.334584235362906,0.130328114464562,False,down
WBGene00022072,0,1.0,PFEESA,-0.439043247544446,0.130476952014103,False,down
WBGene00006447,0,1.0,PFEESA,-0.196567246113637,0.130562586693755,False,down
WBGene00000794,0,1.0,PFEESA,-0.319075561206901,0.131314026702835,False,down
WBGene00022107,0,1.0,PFEESA,-0.172651900180958,0.131673095906937,False,down
WBGene00016142,0,1.0,PFEESA,-0.177496547168275,0.131673095906937,False,down
WBGene00013151,0,1.0,PFEESA,-0.310017288554654,0.131673095906937,False,down
WBGene00012650,0,1.0,PFEESA,-0.373361598922051,0.132180669379138,False,down
WBGene00013958,0,1.0,PFEESA,-0.314064739071266,0.132578659171704,False,down
WBGene00022148,0,1.0,PFEESA,-0.213982243040559,0.132618148347712,False,down
WBGene00018898,0,1.0,PFEESA,-0.242848736246725,0.134713746846312,False,down
WBGene00021277,0,1.0,PFEESA,-0.217916664101523,0.135949092428573,False,down
WBGene00006473,0,1.0,PFEESA,-0.217645428264084,0.139396403691342,False,down
WBGene00008781,0,1.0,PFEESA,-0.254773949946745,0.140133401587353,False,down
WBGene00001320,0,1.0,PFEESA,-0.173925744715407,0.142766246054041,False,down
WBGene00001688,0,1.0,PFEESA,-0.311363934940479,0.144731821582181,False,down
WBGene00001427,0,1.0,PFEESA,-0.223491080796022,0.144763291278139,False,down
WBGene00015282,0,1.0,PFEESA,-0.145151333812336,0.146695864879288,False,down
WBGene00015916,0,1.0,PFEESA,-0.207259608484909,0.146894779694959,False,down
WBGene00010582,0,1.0,PFEESA,-0.199972283925027,0.152745388272492,False,down
WBGene00044394,0,1.0,PFEESA,-0.532045873654963,0.152745388272492,False,down
WBGene00020273,0,1.0,PFEESA,-0.179434934466583,0.152796855453476,False,down
WBGene00007533,0,1.0,PFEESA,-0.594352435164503,0.153745525946853,False,down
WBGene00012059,0,1.0,PFEESA,-0.190993557724561,0.153923562528786,False,down
WBGene00003730,0,1.0,PFEESA,-0.229739797948916,0.155577966022313,False,down
WBGene00017749,0,1.0,PFEESA,-0.14728043637368,0.156540052718111,False,down
WBGene00022463,0,1.0,PFEESA,-0.136514335599982,0.157572845733418,False,down
WBGene00000931,0,1.0,PFEESA,-0.162350984466558,0.158973514111175,False,down
WBGene00008409,0,1.0,PFEESA,-0.256296228402439,0.16388574449924,False,down
WBGene00000098,0,1.0,PFEESA,-0.375993281945438,0.165784985564335,False,down
WBGene00020160,0,1.0,PFEESA,-0.192737015522923,0.166066077514697,False,down
WBGene00000933,0,1.0,PFEESA,-0.171231550806695,0.169242912604791,False,down
WBGene00012658,0,1.0,PFEESA,-0.243585031559788,0.169802867334173,False,down
WBGene00004017,0,1.0,PFEESA,-0.443440806427692,0.170904678914323,False,down
WBGene00006489,0,1.0,PFEESA,-0.183303531563505,0.172713278857756,False,down
WBGene00021133,0,1.0,PFEESA,-0.223193514292177,0.17461366184814,False,down
WBGene00016906,0,1.0,PFEESA,-0.169252001179839,0.175037145438497,False,down
WBGene00008641,0,1.0,PFEESA,-0.334991677484027,0.181151004097009,False,down
WBGene00003392,0,1.0,PFEESA,-0.165802881163944,0.18172633617836,False,down
WBGene00003157,0,1.0,PFEESA,-0.340860379369634,0.182174968246966,False,down
WBGene00020382,0,1.0,PFEESA,-0.235199511262686,0.185918271056192,False,down
WBGene00022188,0,1.0,PFEESA,-0.242148279062316,0.186880031109243,False,down
WBGene00013892,0,1.0,PFEESA,-0.189334731395705,0.188115348908334,False,down
WBGene00021829,0,1.0,PFEESA,-0.224674438908846,0.19082450123086,False,down
WBGene00000411,0,1.0,PFEESA,-0.317363776019566,0.191952338342835,False,down
WBGene00001831,0,1.0,PFEESA,-0.276940381373591,0.193024859627903,False,down
WBGene00007312,0,1.0,PFEESA,-0.23908848875957,0.193229304716692,False,down
WBGene00016148,0,1.0,PFEESA,-0.292724605473098,0.194180385566837,False,down
WBGene00018778,0,1.0,PFEESA,-0.199010304926604,0.194258208489893,False,down
WBGene00018961,0,1.0,PFEESA,-0.200340593602203,0.195172661979113,False,down
WBGene00019537,0,1.0,PFEESA,-0.22546586163375,0.197960152197668,False,down
WBGene00021850,0,1.0,PFEESA,-0.453762372718926,0.198081656599393,False,down
WBGene00017830,0,1.0,PFEESA,-0.204934120305431,0.198144039020924,False,down
WBGene00016209,0,0.8,PFEESA,-0.185239443348415,0.199901330210318,False,down
WBGene00018890,0,1.0,PFEESA,-0.182475028310118,0.200164581390746,False,down
WBGene00004916,0,1.0,PFEESA,-0.219975937451277,0.200862467364952,False,down
WBGene00021757,0,1.0,PFEESA,-0.217920700505321,0.201442975530025,False,down
WBGene00015915,0,1.0,PFEESA,-0.208806482702598,0.202437045701294,False,down
WBGene00013268,0,1.0,PFEESA,-0.200263570900854,0.203280852338837,False,down
WBGene00007050,0,1.0,PFEESA,-0.211171607330382,0.20347161779396,False,down
WBGene00015814,0,1.0,PFEESA,-0.414636040385418,0.205247261805877,False,down
WBGene00001228,0,1.0,PFEESA,-0.130674295217306,0.205689463797946,False,down
WBGene00017984,0,1.0,PFEESA,-0.16418943903942,0.206300787911803,False,down
WBGene00007194,0,1.0,PFEESA,-0.238622923569239,0.206300787911803,False,down
WBGene00012361,0,1.0,PFEESA,-0.241601004402249,0.206300787911803,False,down
WBGene00022458,0,1.0,PFEESA,-0.164106024149838,0.206419561979598,False,down
WBGene00022739,0,1.0,PFEESA,-0.133923158795289,0.207584835125253,False,down
WBGene00000275,0,1.0,PFEESA,-0.286087352473365,0.208450902393816,False,down
WBGene00013997,0,1.0,PFEESA,-0.122077098382685,0.210824030994978,False,down
WBGene00001829,0,1.0,PFEESA,-0.296792175941465,0.21276746675978,False,down
WBGene00020348,0,1.0,PFEESA,-0.21369045561863,0.213953210321767,False,down
WBGene00000475,0,1.0,PFEESA,-0.123065441209665,0.214478622119847,False,down
WBGene00003801,0,1.0,PFEESA,-0.182887290381655,0.214478622119847,False,down
WBGene00017501,0,1.0,PFEESA,-0.810791025094449,0.215199224277465,False,down
WBGene00021466,0,1.0,PFEESA,-0.138359620378942,0.216389546228498,False,down
WBGene00009980,0,1.0,PFEESA,-0.467939305005541,0.216428446518885,False,down
WBGene00008143,0,1.0,PFEESA,-0.154146075053505,0.217553601052468,False,down
WBGene00003133,0,1.0,PFEESA,-0.157290792622214,0.217553601052468,False,down
WBGene00007118,0,1.0,PFEESA,-0.211509056650868,0.217752249968916,False,down
WBGene00013209,0,1.0,PFEESA,-0.238753016430542,0.217883231916647,False,down
WBGene00012556,0,1.0,PFEESA,-0.214431826478748,0.219584084307637,False,down
WBGene00011759,0,1.0,PFEESA,-0.159458183156126,0.219900119921969,False,down
WBGene00015620,0,1.0,PFEESA,-0.464484726665887,0.221464872405991,False,down
WBGene00007552,0,1.0,PFEESA,-0.945477696942313,0.225031591521902,False,down
WBGene00017317,0,1.0,PFEESA,-0.147259174588223,0.225258616911165,False,down
WBGene00020813,0,1.0,PFEESA,-0.281239986462989,0.226383803024094,False,down
WBGene00012205,0,1.0,PFEESA,-0.170321567858102,0.226573081796973,False,down
WBGene00019595,0,1.0,PFEESA,-0.373478407819802,0.226882960721535,False,down
WBGene00016249,0,1.0,PFEESA,-0.213673201104385,0.227270134721271,False,down
WBGene00001042,0,1.0,PFEESA,-0.153529617598801,0.230305961951536,False,down
WBGene00010056,0,1.0,PFEESA,-0.14228866417916,0.231087403670942,False,down
WBGene00022099,0,1.0,PFEESA,-0.319254452310715,0.231651181815898,False,down
WBGene00006935,0,0.9333333333333333,PFEESA,-0.122603692830598,0.231748642335788,False,down
WBGene00002153,0,0.9333333333333333,PFEESA,-0.14138096449006,0.232516072077528,False,down
WBGene00008000,0,1.0,PFEESA,-0.159565156076428,0.235286028124098,False,down
WBGene00018891,0,1.0,PFEESA,-0.172870474127664,0.235286028124098,False,down
WBGene00009731,0,1.0,PFEESA,-0.306490686883038,0.235952779848601,False,down
WBGene00019710,0,0.9666666666666667,PFEESA,-0.197828378357718,0.238103115171772,False,down
WBGene00009368,0,1.0,PFEESA,-0.278717965909741,0.238103115171772,False,down
WBGene00016740,0,1.0,PFEESA,-0.248022276500244,0.238359669900379,False,down
WBGene00011730,0,1.0,PFEESA,-0.140634848899804,0.239020325176607,False,down
WBGene00004042,0,1.0,PFEESA,-0.291390365317858,0.241228185569159,False,down
WBGene00002005,0,0.9,PFEESA,0.170094718446821,0.242023780291014,False,up
WBGene00003951,0,0.9666666666666667,PFEESA,0.168795817261123,0.242023780291014,False,up
WBGene00002047,0,1.0,PFEESA,-0.252667871984111,0.242023780291014,False,down
WBGene00000804,0,1.0,PFEESA,-0.350282941618123,0.242377723401109,False,down
WBGene00003870,0,1.0,PFEESA,-0.160652621354915,0.244019950825053,False,down
WBGene00017686,0,1.0,PFEESA,0.0994544788852463,0.24503593791912,False,up
WBGene00018295,0,1.0,PFEESA,-0.692014933869145,0.248306546056084,False,down
WBGene00022235,0,1.0,PFEESA,-0.107229241535514,0.248837111332729,False,down
WBGene00012652,0,1.0,PFEESA,-0.227608999587111,0.251443690893698,False,down
WBGene00008774,0,1.0,PFEESA,-0.176260463428322,0.2515959931889,False,down
WBGene00018046,0,1.0,PFEESA,-0.200161385200629,0.252725971261615,False,down
WBGene00008563,0,1.0,PFEESA,-0.419919800013672,0.253893694301121,False,down
WBGene00018613,0,1.0,PFEESA,-0.373037319559899,0.256516267696721,False,down
WBGene00004920,0,1.0,PFEESA,-0.236298720953725,0.25672995886606,False,down
WBGene00000515,0,1.0,PFEESA,-0.167785410152291,0.257196386458782,False,down
WBGene00004392,0,1.0,PFEESA,-0.296268408097496,0.258149905346901,False,down
WBGene00018830,0,1.0,PFEESA,-0.279443420085724,0.258371484140968,False,down
WBGene00007938,0,1.0,PFEESA,-0.860832979683427,0.259638978314625,False,down
WBGene00022415,0,1.0,PFEESA,-0.881448066605391,0.260365043848365,False,down
WBGene00018836,0,1.0,PFEESA,-0.137106280239718,0.26168810742297,False,down
WBGene00003418,0,1.0,PFEESA,-0.218215615348149,0.264379909638835,False,down
WBGene00020742,0,1.0,PFEESA,-0.18429870466748,0.264964906592571,False,down
WBGene00004467,0,0.9666666666666667,PFEESA,0.165071746480063,0.265868248591023,False,up
WBGene00015703,0,1.0,PFEESA,-0.161973840717636,0.266148610735075,False,down
WBGene00004302,0,1.0,PFEESA,-0.196253494179737,0.266148610735075,False,down
WBGene00003158,0,1.0,PFEESA,-0.257852334099153,0.266466101391993,False,down
WBGene00020717,0,1.0,PFEESA,-0.162208627808299,0.267065075282853,False,down
WBGene00000099,0,1.0,PFEESA,-0.321880648143091,0.269617599532346,False,down
WBGene00017997,0,1.0,PFEESA,-0.12061173617634,0.270279252838905,False,down
WBGene00002077,0,1.0,PFEESA,-0.170415768184746,0.270364107379773,False,down
WBGene00020704,0,1.0,PFEESA,-0.690463877537559,0.271835364371232,False,down
WBGene00015133,0,1.0,PFEESA,-0.171103333221529,0.272669716093006,False,down
WBGene00001689,0,1.0,PFEESA,-0.299517088859296,0.272669716093006,False,down
WBGene00019318,0,1.0,PFEESA,-0.760390048270469,0.272669716093006,False,down
WBGene00004181,0,1.0,PFEESA,-0.314257539633307,0.274579515972527,False,down
WBGene00004466,0,1.0,PFEESA,0.138013736575375,0.277888884186403,False,up
WBGene00004387,0,1.0,PFEESA,-0.153811096934388,0.279905590304246,False,down
WBGene00017435,0,1.0,PFEESA,-0.165829576664597,0.279905590304246,False,down
WBGene00009444,0,1.0,PFEESA,-0.277585051409332,0.281684918484671,False,down
WBGene00015920,0,1.0,PFEESA,-0.152078616039094,0.281821897937045,False,down
WBGene00002000,0,1.0,PFEESA,-0.158498880754715,0.283060200400352,False,down
WBGene00012999,0,1.0,PFEESA,-0.165335165614281,0.283060200400352,False,down
WBGene00007215,0,1.0,PFEESA,-0.140706777833248,0.283165071899626,False,down
WBGene00004188,0,1.0,PFEESA,-0.15655254875339,0.284107654351393,False,down
WBGene00012966,0,1.0,PFEESA,-0.166650496596396,0.284107654351393,False,down
WBGene00013339,0,1.0,PFEESA,-0.13350020463689,0.284917809323621,False,down
WBGene00000888,0,1.0,PFEESA,-0.204981067913704,0.287289360058015,False,down
WBGene00015687,0,0.9666666666666667,PFEESA,-0.176858466480582,0.287665710078021,False,down
WBGene00010230,0,1.0,PFEESA,-0.223801476513224,0.287665710078021,False,down
WBGene00012984,0,1.0,PFEESA,-0.243751249133616,0.288412179470346,False,down
WBGene00020932,0,1.0,PFEESA,-0.119329623563565,0.289419419352999,False,down
WBGene00003405,0,1.0,PFEESA,-0.216790186856225,0.290245253500665,False,down
WBGene00003154,0,1.0,PFEESA,-0.337517143601227,0.290245253500665,False,down
WBGene00003156,0,1.0,PFEESA,-0.267566415873938,0.291512496530637,False,down
WBGene00018341,0,1.0,PFEESA,-0.171923456944499,0.292704766589939,False,down
WBGene00013605,0,1.0,PFEESA,-0.175992396056541,0.292802585311704,False,down
WBGene00003795,0,1.0,PFEESA,-0.170962618791565,0.293265209823051,False,down
WBGene00017855,0,1.0,PFEESA,-0.204874905460279,0.293481803068254,False,down
WBGene00010437,0,1.0,PFEESA,-0.192299996408858,0.296474517945771,False,down
WBGene00004185,0,1.0,PFEESA,-0.164394248862834,0.296654693253218,False,down
WBGene00003836,0,1.0,PFEESA,-0.192791478868195,0.297364912441994,False,down
WBGene00008107,0,1.0,PFEESA,-0.274939958058563,0.298371351387384,False,down
WBGene00013260,0,1.0,PFEESA,-0.150659875643608,0.299600897823336,False,down
WBGene00009889,0,1.0,PFEESA,-0.58045989121853,0.299600897823336,False,down
WBGene00016057,0,1.0,PFEESA,-0.217138653918125,0.301027138774176,False,down
WBGene00018510,0,1.0,PFEESA,-0.543388332123252,0.301366763637896,False,down
WBGene00017991,0,1.0,PFEESA,-0.907940703513629,0.301366763637896,False,down
WBGene00003792,0,1.0,PFEESA,-0.104727642439268,0.30251083683991,False,down
WBGene00012996,0,1.0,PFEESA,-0.187687665209394,0.303073029684454,False,down
WBGene00022253,0,1.0,PFEESA,-0.129596188588383,0.304896955782059,False,down
WBGene00302978,0,1.0,PFEESA,-0.183906052651327,0.306065979494211,False,down
WBGene00019323,0,1.0,PFEESA,-0.121475484859046,0.306576221137495,False,down
WBGene00000941,0,1.0,PFEESA,-0.218748766031788,0.309454986102104,False,down
WBGene00044466,0,0.9666666666666667,PFEESA,-0.249358595316255,0.310643015398966,False,down
WBGene00003130,0,1.0,PFEESA,-0.114066180963568,0.311922387646764,False,down
WBGene00004304,0,1.0,PFEESA,-0.116904900492182,0.311922387646764,False,down
WBGene00000722,0,1.0,PFEESA,-0.764084128101908,0.311922387646764,False,down
WBGene00000066,0,1.0,PFEESA,0.098327704762386,0.313002926512768,False,up
WBGene00009352,0,1.0,PFEESA,-0.149846825016964,0.313002926512768,False,down
WBGene00004955,0,1.0,PFEESA,-0.176396916063778,0.313002926512768,False,down
WBGene00016392,0,0.8666666666666667,PFEESA,-0.232162155950351,0.313002926512768,False,down
WBGene00014224,0,1.0,PFEESA,-0.237460984707123,0.313002926512768,False,down
WBGene00009966,0,1.0,PFEESA,-0.175158374557076,0.314758323449158,False,down
WBGene00020465,0,1.0,PFEESA,-0.841824033366124,0.31499542540214,False,down
WBGene00004918,0,1.0,PFEESA,-0.202617002427608,0.315425616331796,False,down
WBGene00002998,0,1.0,PFEESA,-0.142929479322149,0.316125480163934,False,down
WBGene00017989,0,1.0,PFEESA,-0.159195644527826,0.320936714191929,False,down
WBGene00006613,0,1.0,PFEESA,-0.161907363870673,0.320936714191929,False,down
WBGene00017993,0,1.0,PFEESA,-0.121906788218696,0.322259825217712,False,down
WBGene00018679,0,1.0,PFEESA,-0.162503181784576,0.323958047828502,False,down
WBGene00012738,0,1.0,PFEESA,-0.161162879278694,0.324296083930781,False,down
WBGene00012469,0,1.0,PFEESA,-0.163104928896126,0.324296083930781,False,down
WBGene00021660,0,1.0,PFEESA,-0.165578177561461,0.324380218218937,False,down
WBGene00013343,0,1.0,PFEESA,-0.0919983353409939,0.326339391367497,False,down
WBGene00009141,0,1.0,PFEESA,-0.106404433079766,0.327859338220834,False,down
WBGene00017892,0,0.5333333333333333,PFEESA,0.246354270385901,0.329157440738293,False,up
WBGene00019498,0,1.0,PFEESA,-0.195537251267959,0.329388001133122,False,down
WBGene00000202,0,1.0,PFEESA,-0.216713424601893,0.331003646529959,False,down
WBGene00017546,0,1.0,PFEESA,-0.191044140024849,0.332684657497806,False,down
WBGene00013460,0,1.0,PFEESA,-0.113445101471468,0.333338664367324,False,down
WBGene00001029,0,1.0,PFEESA,-0.2014646872806,0.333660359789328,False,down
WBGene00012472,0,1.0,PFEESA,-0.149180861006005,0.333682563958827,False,down
WBGene00003107,0,0.9666666666666667,PFEESA,-0.613427213954404,0.33473458072984,False,down
WBGene00000502,0,1.0,PFEESA,-0.121329063749969,0.334951153096011,False,down
WBGene00001840,0,1.0,PFEESA,-0.149028385917218,0.336152774990095,False,down
WBGene00009367,0,1.0,PFEESA,-0.191482572457696,0.336567844286422,False,down
WBGene00045078,0,1.0,PFEESA,-0.278069773522567,0.337347101171182,False,down
WBGene00008413,0,1.0,PFEESA,-0.140274370697804,0.337518840999051,False,down
WBGene00007101,0,1.0,PFEESA,-0.171769734337274,0.337990832609804,False,down
WBGene00009620,0,1.0,PFEESA,-0.295456796503488,0.337998672949738,False,down
WBGene00016664,0,1.0,PFEESA,-0.315377233656808,0.338159058828765,False,down
WBGene00016235,0,1.0,PFEESA,-0.220491787772946,0.339103272747608,False,down
WBGene00010845,0,1.0,PFEESA,-0.120591764653247,0.339672575272752,False,down
WBGene00009045,0,1.0,PFEESA,-0.111728672381282,0.339693795494324,False,down
WBGene00001077,0,1.0,PFEESA,-0.333781714570048,0.339693795494324,False,down
WBGene00018512,0,1.0,PFEESA,0.094870996221324,0.340360802317604,False,up
WBGene00009740,0,1.0,PFEESA,-0.131289604565391,0.340360802317604,False,down
WBGene00008459,0,1.0,PFEESA,-0.161750393084405,0.341982464870568,False,down
WBGene00008035,0,1.0,PFEESA,-0.271153868471125,0.342165126164853,False,down
WBGene00004459,0,1.0,PFEESA,0.130562179851367,0.343679883119564,False,up
WBGene00003989,0,1.0,PFEESA,-0.130788331691653,0.344230805535458,False,down
WBGene00020953,0,1.0,PFEESA,-0.174081388065749,0.345116667002487,False,down
WBGene00007000,0,1.0,PFEESA,-0.162007924022732,0.345316754527086,False,down
WBGene00001002,0,1.0,PFEESA,-0.246341096347939,0.346423892420013,False,down
WBGene00003134,0,1.0,PFEESA,-0.135178906244722,0.347628649979364,False,down
WBGene00004914,0,1.0,PFEESA,-0.160691199515682,0.347628649979364,False,down
WBGene00007972,0,1.0,PFEESA,-0.143931616180424,0.348355348555434,False,down
WBGene00019168,0,1.0,PFEESA,-0.24468272859287,0.348355348555434,False,down
WBGene00018271,0,1.0,PFEESA,-0.252697847152279,0.348355348555434,False,down
WBGene00010912,0,1.0,PFEESA,-0.0862927041185406,0.348750046336523,False,down
WBGene00017098,0,1.0,PFEESA,-0.176422164168527,0.349664084548851,False,down
WBGene00018008,0,1.0,PFEESA,-0.092964826630225,0.35197753068367,False,down
WBGene00023422,0,1.0,PFEESA,-0.174001120984966,0.353488077770101,False,down
WBGene00017721,0,1.0,PFEESA,-0.517435782056265,0.353488077770101,False,down
WBGene00189958,0,1.0,PFEESA,-0.285217331704518,0.353909916187507,False,down
WBGene00004888,0,1.0,PFEESA,-0.200312954603845,0.354680175292758,False,down
WBGene00006794,0,1.0,PFEESA,-0.110728620466584,0.354781699938331,False,down
WBGene00007784,0,1.0,PFEESA,-0.131323212328874,0.355078868081908,False,down
WBGene00004315,0,1.0,PFEESA,-0.172969878905992,0.355197860304877,False,down
WBGene00009818,0,1.0,PFEESA,-0.31962655110503,0.35842478679886,False,down
WBGene00003504,0,1.0,PFEESA,-0.138211573605815,0.360790649797095,False,down
WBGene00019162,0,1.0,PFEESA,-0.170969922868677,0.362994928344352,False,down
WBGene00022037,0,0.5333333333333333,PFEESA,0.133893037086935,0.363527464031316,False,up
WBGene00018366,0,1.0,PFEESA,-0.21225578425962,0.363662625456398,False,down
WBGene00003415,0,1.0,PFEESA,0.105386173755624,0.363798728789721,False,up
WBGene00001566,0,1.0,PFEESA,-0.183702257208981,0.363998835291826,False,down
WBGene00017238,0,1.0,PFEESA,-0.151882727121455,0.364859520373272,False,down
WBGene00010785,0,1.0,PFEESA,-0.177766260393014,0.365159707247133,False,down
WBGene00022612,0,1.0,PFEESA,-0.409571223292554,0.366086512797019,False,down
WBGene00014249,0,1.0,PFEESA,-0.099654530784615,0.367381522256711,False,down
WBGene00006617,0,1.0,PFEESA,-0.11316174214356,0.367936458176578,False,down
WBGene00017988,0,1.0,PFEESA,-0.12424769955777,0.36813783749843,False,down
WBGene00011272,0,1.0,PFEESA,-0.186193188532479,0.369326002822601,False,down
WBGene00003794,0,1.0,PFEESA,-0.120927900523041,0.369551193282787,False,down
WBGene00002637,0,1.0,PFEESA,-0.116986652635837,0.370823764094739,False,down
WBGene00004264,0,1.0,PFEESA,-0.650754883437357,0.371407977080597,False,down
WBGene00020600,0,1.0,PFEESA,-0.147018582352097,0.371755148797503,False,down
WBGene00006574,0,1.0,PFEESA,-0.194949789083847,0.37218841183778,False,down
WBGene00006700,0,1.0,PFEESA,-0.144360435179476,0.372878925529874,False,down
WBGene00007564,0,1.0,PFEESA,-0.209457192825967,0.372878925529874,False,down
WBGene00002497,0,1.0,PFEESA,-0.200481567870125,0.372957112152426,False,down
WBGene00014205,0,1.0,PFEESA,-0.215582742665699,0.37509208102909,False,down
WBGene00004700,0,1.0,PFEESA,-0.138729086295767,0.375133601940261,False,down
WBGene00004391,0,1.0,PFEESA,-0.33701455405554,0.3753294913292,False,down
WBGene00016496,0,1.0,PFEESA,-0.105120958652507,0.379696268473164,False,down
WBGene00007488,0,1.0,PFEESA,-0.195322303074519,0.380223182134391,False,down
WBGene00020682,0,1.0,PFEESA,-0.0900522153181569,0.38091832938418,False,down
WBGene00021930,0,1.0,PFEESA,-0.0971727381867215,0.383365356950469,False,down
WBGene00015104,0,1.0,PFEESA,-0.143821299267173,0.383421556874147,False,down
WBGene00021347,0,1.0,PFEESA,-0.215163020863969,0.383724028993683,False,down
WBGene00002238,0,1.0,PFEESA,-0.143797561629442,0.384128650126557,False,down
WBGene00000413,0,1.0,PFEESA,-0.258680050294341,0.384177690354761,False,down
WBGene00000405,0,1.0,PFEESA,-0.307577382336401,0.385381397183689,False,down
WBGene00007731,0,0.9333333333333333,PFEESA,-0.238998538110654,0.385859142536286,False,down
WBGene00021088,0,1.0,PFEESA,-0.174245042669517,0.386662891791054,False,down
WBGene00001833,0,1.0,PFEESA,-0.215819189146611,0.388295841603746,False,down
WBGene00016411,0,1.0,PFEESA,-0.202145365294146,0.38858441030095,False,down
WBGene00015267,0,1.0,PFEESA,-0.159787315835631,0.389843778524263,False,down
WBGene00011836,0,0.6666666666666666,PFEESA,-0.575627396272262,0.389843778524263,False,down
WBGene00012230,0,0.9666666666666667,PFEESA,-0.136697336036788,0.390055567914963,False,down
WBGene00017300,0,1.0,PFEESA,-0.185666475519534,0.390689795649568,False,down
WBGene00011744,0,0.8,PFEESA,-0.329233446184387,0.390881847187978,False,down
WBGene00000406,0,0.9666666666666667,PFEESA,0.166136556657717,0.393201715168999,False,up
WBGene00002258,0,1.0,PFEESA,-0.232302613906147,0.393683677993447,False,down
WBGene00015181,0,1.0,PFEESA,-0.104150987742392,0.394347616200976,False,down
WBGene00016877,0,1.0,PFEESA,-0.397831088412517,0.395440792096243,False,down
WBGene00017085,0,1.0,PFEESA,-0.120432533233986,0.396462820721379,False,down
WBGene00008769,0,1.0,PFEESA,-0.176474877388387,0.396462820721379,False,down
WBGene00012972,0,1.0,PFEESA,-0.207727335332093,0.396462820721379,False,down
WBGene00011128,0,1.0,PFEESA,-0.23404741060359,0.396462820721379,False,down
WBGene00020027,0,1.0,PFEESA,-0.144246020476316,0.399940162652099,False,down
WBGene00009319,0,1.0,PFEESA,-0.0790096045687746,0.401633903386116,False,down
WBGene00022173,0,1.0,PFEESA,-0.131415847661849,0.402801742893488,False,down
WBGene00235268,0,1.0,PFEESA,-0.849210695564268,0.403487163459545,False,down
WBGene00003829,0,1.0,PFEESA,-0.144538777280899,0.403572089928904,False,down
WBGene00015464,0,1.0,PFEESA,-0.274780950220762,0.40513520326956,False,down
WBGene00003214,0,1.0,PFEESA,-0.338185042292805,0.40513520326956,False,down
WBGene00014176,0,1.0,PFEESA,-0.160984697221525,0.405435472724259,False,down
WBGene00021686,0,1.0,PFEESA,-0.110533289602113,0.40549888550227,False,down
WBGene00000871,0,1.0,PFEESA,-0.221055544869895,0.405915881076752,False,down
WBGene00006512,0,1.0,PFEESA,-0.129053242192166,0.40617486841524,False,down
WBGene00001005,0,1.0,PFEESA,-0.131250621656075,0.40617486841524,False,down
WBGene00001209,0,1.0,PFEESA,-0.112586984515236,0.406494448970937,False,down
WBGene00017356,0,1.0,PFEESA,-0.178188057874217,0.406662299969214,False,down
WBGene00007128,0,0.9,PFEESA,0.229274710741234,0.406825322523548,False,up
WBGene00004504,0,0.9666666666666667,PFEESA,0.126862714445949,0.40895054761335,False,up
WBGene00009624,0,1.0,PFEESA,-0.228483066960793,0.409716820029546,False,down
WBGene00003799,0,1.0,PFEESA,-0.128598437144129,0.409989486563666,False,down
WBGene00007168,0,1.0,PFEESA,-0.274662974596747,0.411835160544926,False,down
WBGene00011038,0,1.0,PFEESA,-0.264342749579932,0.413721621310604,False,down
WBGene00018721,0,1.0,PFEESA,-0.17173075479642,0.41401883532669,False,down
WBGene00016644,0,1.0,PFEESA,-0.279213689703263,0.414419487790124,False,down
WBGene00009108,0,1.0,PFEESA,-0.74399798936358,0.414419487790124,False,down
WBGene00018340,0,1.0,PFEESA,-0.165740723645713,0.41442234863397,False,down
WBGene00019154,0,1.0,PFEESA,-0.833148070663315,0.415406223219746,False,down
WBGene00003955,0,1.0,PFEESA,-0.280234661850911,0.416069322550853,False,down
WBGene00044163,0,0.9,PFEESA,-0.525541433011575,0.416921029180886,False,down
WBGene00022347,0,1.0,PFEESA,-0.101075863361911,0.418081515346508,False,down
WBGene00004462,0,1.0,PFEESA,0.12640881996356,0.418729895143487,False,up
WBGene00017319,0,1.0,PFEESA,-0.131767891845023,0.418729895143487,False,down
WBGene00006724,0,1.0,PFEESA,-0.133942464750718,0.418729895143487,False,down
WBGene00007258,0,1.0,PFEESA,-0.226819165327427,0.418729895143487,False,down
WBGene00004411,0,1.0,PFEESA,-0.0913503682615565,0.420893046734105,False,down
WBGene00016014,0,1.0,PFEESA,-0.108886268497237,0.422057073884049,False,down
WBGene00009013,0,1.0,PFEESA,-0.135621420817452,0.423098081577594,False,down
WBGene00021813,0,1.0,PFEESA,-0.153038386937263,0.423098081577594,False,down
WBGene00004915,0,1.0,PFEESA,-0.153112148333951,0.423098081577594,False,down
WBGene00006945,0,1.0,PFEESA,-0.114547402032205,0.425516999515814,False,down
WBGene00003123,0,1.0,PFEESA,-0.153322076437202,0.426967430239039,False,down
WBGene00007350,0,1.0,PFEESA,-0.0863449540213773,0.427004072049791,False,down
WBGene00017816,0,1.0,PFEESA,-0.108594165270641,0.427004072049791,False,down
WBGene00005078,0,1.0,PFEESA,-0.160045487994655,0.427004072049791,False,down
WBGene00001079,0,1.0,PFEESA,-0.565353893624401,0.427774415687616,False,down
WBGene00021348,0,1.0,PFEESA,-0.16957905964636,0.427966475622665,False,down
WBGene00009771,0,0.8666666666666667,PFEESA,-0.115124976440944,0.428317524705057,False,down
WBGene00045433,0,1.0,PFEESA,-0.145649965145184,0.428950503425322,False,down
WBGene00012257,0,1.0,PFEESA,-1.00598337644687,0.429216709614703,False,down
WBGene00012740,0,1.0,PFEESA,-0.12496289322047,0.430506656746011,False,down
WBGene00003155,0,1.0,PFEESA,-0.267352413175275,0.430506656746011,False,down
WBGene00008605,0,1.0,PFEESA,-0.530024602070504,0.430506656746011,False,down
WBGene00009330,0,1.0,PFEESA,-0.185856324759771,0.431058995713925,False,down
WBGene00022056,0,0.9666666666666667,PFEESA,-0.129188276142076,0.43253334739802,False,down
WBGene00004312,0,0.5,PFEESA,-0.127856160267132,0.43330934300829,False,down
WBGene00020089,0,1.0,PFEESA,-0.202022071471221,0.435196148582972,False,down
WBGene00007999,0,1.0,PFEESA,-0.62512236039274,0.435365528433232,False,down
WBGene00001001,0,1.0,PFEESA,-0.114675043627588,0.435667877976611,False,down
WBGene00010909,0,1.0,PFEESA,-0.153408892226985,0.435733558590657,False,down
WBGene00007400,0,1.0,PFEESA,-0.13755231183972,0.437383437574173,False,down
WBGene00001233,0,1.0,PFEESA,-0.138088284481907,0.438756236871711,False,down
WBGene00004458,0,0.9333333333333333,PFEESA,0.14618389161382,0.438998488933013,False,up
WBGene00004340,0,1.0,PFEESA,-0.203996400613773,0.439660019261914,False,down
WBGene00020392,0,1.0,PFEESA,-0.187919545890359,0.439767080725604,False,down
WBGene00018900,0,0.9666666666666667,PFEESA,-0.19152092250628,0.440396382889439,False,down
WBGene00001230,0,1.0,PFEESA,-0.0879111739712392,0.442193453140929,False,down
WBGene00006889,0,1.0,PFEESA,-0.108860161883031,0.442193453140929,False,down
WBGene00002275,0,1.0,PFEESA,-0.144483401098715,0.443304831551415,False,down
WBGene00004704,0,1.0,PFEESA,-0.106265174759637,0.444603416590965,False,down
WBGene00022381,0,1.0,PFEESA,0.113095701732139,0.445141700135256,False,up
WBGene00003393,0,1.0,PFEESA,-0.0843459359553247,0.446338217267131,False,down
WBGene00002046,0,1.0,PFEESA,-0.138903647010967,0.44909500352114,False,down
WBGene00011318,0,1.0,PFEESA,-0.231732425531534,0.449448598806429,False,down
WBGene00001225,0,1.0,PFEESA,-0.0691979824769004,0.449565313397603,False,down
WBGene00019762,0,1.0,PFEESA,-0.104121395591152,0.450273033948536,False,down
WBGene00011032,0,1.0,PFEESA,-0.123082806709906,0.450273033948536,False,down
WBGene00021004,0,1.0,PFEESA,-0.106411203158429,0.45044083330237,False,down
WBGene00019587,0,1.0,PFEESA,0.271381222455991,0.450453599944976,False,up
WBGene00007443,0,1.0,PFEESA,-0.114167183068437,0.450453599944976,False,down
WBGene00016808,0,1.0,PFEESA,-0.13393492049787,0.450453599944976,False,down
WBGene00008330,0,0.5666666666666667,PFEESA,-0.153752745309674,0.450453599944976,False,down
WBGene00044323,0,1.0,PFEESA,-0.21279178355875,0.450453599944976,False,down
WBGene00004873,0,1.0,PFEESA,-0.140606555721006,0.451535086535774,False,down
WBGene00017201,0,1.0,PFEESA,-0.283869161213154,0.451535086535774,False,down
WBGene00020702,0,1.0,PFEESA,-0.595551514790831,0.451535086535774,False,down
WBGene00001258,0,1.0,PFEESA,-0.0949054498405983,0.452001598607843,False,down
WBGene00004248,0,1.0,PFEESA,-0.106498770342108,0.452288812635238,False,down
WBGene00001661,0,1.0,PFEESA,-0.144575131954004,0.452288812635238,False,down
WBGene00015425,0,1.0,PFEESA,-0.15300503319228,0.452288812635238,False,down
WBGene00011441,0,1.0,PFEESA,-0.10897781588239,0.452321666848342,False,down
WBGene00012697,0,1.0,PFEESA,-0.120584020549814,0.454124080061981,False,down
WBGene00020796,0,0.9333333333333333,PFEESA,-0.112851155409564,0.454290598972804,False,down
WBGene00001281,0,0.9666666666666667,PFEESA,-0.120686636370313,0.454290598972804,False,down
WBGene00008428,0,1.0,PFEESA,-0.0951160053331951,0.456879569817511,False,down
WBGene00011605,0,1.0,PFEESA,-0.0828440699640773,0.457522224280251,False,down
WBGene00206361,0,0.5,PFEESA,-0.366698875464235,0.457866427155903,False,down
WBGene00007724,0,1.0,PFEESA,-0.19454325705699,0.459198321394186,False,down
WBGene00004706,0,1.0,PFEESA,-0.111919761242301,0.459700804779255,False,down
WBGene00019148,0,1.0,PFEESA,-0.362714117083133,0.461459815198344,False,down
WBGene00020466,0,1.0,PFEESA,-0.236156192925155,0.462280298345096,False,down
WBGene00044069,0,1.0,PFEESA,-0.171588563690477,0.46371211409028,False,down
WBGene00001977,0,1.0,PFEESA,-0.136692519270875,0.464601098943897,False,down
WBGene00011734,0,0.8333333333333334,PFEESA,-0.132688502855642,0.467419581935379,False,down
WBGene00021323,0,1.0,PFEESA,-0.121874218897602,0.468690714524826,False,down
WBGene00022599,0,1.0,PFEESA,-0.123090174182984,0.46904526029978,False,down
WBGene00015463,0,1.0,PFEESA,-0.0973998406190226,0.469119618675377,False,down
WBGene00003738,0,1.0,PFEESA,-0.16438950307371,0.469205534772262,False,down
WBGene00021470,0,1.0,PFEESA,-0.209155734663531,0.469497430958712,False,down
WBGene00015795,0,1.0,PFEESA,-0.73111263030144,0.469497430958712,False,down
WBGene00004698,0,1.0,PFEESA,-0.109041654166065,0.469515473377593,False,down
WBGene00003222,0,1.0,PFEESA,-0.179240504777045,0.470030283917398,False,down
WBGene00002273,0,0.9333333333333333,PFEESA,0.158694777080771,0.470729258719073,False,up
WBGene00017447,0,0.9666666666666667,PFEESA,-0.0942082660455869,0.472571704049851,False,down
WBGene00003986,0,1.0,PFEESA,-0.0847791237942179,0.472579117090207,False,down
WBGene00013219,0,1.0,PFEESA,-0.128715835656813,0.473231307545493,False,down
WBGene00044344,0,1.0,PFEESA,-0.138482537574551,0.473231307545493,False,down
WBGene00018409,0,1.0,PFEESA,-0.101692226997988,0.474161190838837,False,down
WBGene00018275,0,1.0,PFEESA,-0.201711719885383,0.474337160527518,False,down
WBGene00004468,0,1.0,PFEESA,0.135964757122765,0.474449006326143,False,up
WBGene00000623,0,1.0,PFEESA,-0.830764448712797,0.474449006326143,False,down
WBGene00013852,0,1.0,PFEESA,-0.555948974915464,0.47471268889514,False,down
WBGene00020868,0,1.0,PFEESA,-0.111034187984398,0.476330687553389,False,down
WBGene00022373,0,1.0,PFEESA,-0.140984830619943,0.47832919815254,False,down
WBGene00012156,0,1.0,PFEESA,-0.192027351253172,0.478953844963911,False,down
WBGene00019076,0,1.0,PFEESA,-0.114291189803302,0.480395259429112,False,down
WBGene00011820,0,1.0,PFEESA,-0.149949758881189,0.480395259429112,False,down
WBGene00011694,0,1.0,PFEESA,-0.250474964720006,0.481217555062144,False,down
WBGene00011281,0,1.0,PFEESA,-0.103043107425629,0.481900517479007,False,down
WBGene00013213,0,1.0,PFEESA,-0.103501876921136,0.482686309731488,False,down
WBGene00009131,0,1.0,PFEESA,-0.13910313892072,0.482730448969603,False,down
WBGene00003904,0,1.0,PFEESA,-0.130080748880277,0.484227843585973,False,down
WBGene00017436,0,0.9666666666666667,PFEESA,0.19790631781858,0.488066341043953,False,up
WBGene00016074,0,1.0,PFEESA,-0.247532112755069,0.488066341043953,False,down
WBGene00000882,0,1.0,PFEESA,-0.445793602274407,0.488066341043953,False,down
WBGene00010720,0,1.0,PFEESA,-0.0911752178719962,0.48812769657961,False,down
WBGene00001869,0,1.0,PFEESA,-0.200620588219888,0.488425296750291,False,down
WBGene00022075,0,1.0,PFEESA,-0.159757727853444,0.489033332168228,False,down
WBGene00009128,0,1.0,PFEESA,-0.18048068354178,0.489033332168228,False,down
WBGene00012932,0,1.0,PFEESA,-0.116166876309033,0.48986150446935,False,down
WBGene00008624,0,1.0,PFEESA,-0.128505490168093,0.48986150446935,False,down
WBGene00000870,0,1.0,PFEESA,-0.282702107639806,0.48986150446935,False,down
WBGene00012256,0,1.0,PFEESA,-0.708278384911968,0.490336490121759,False,down
WBGene00022274,0,1.0,PFEESA,-0.522654687666668,0.490742104246975,False,down
WBGene00001064,0,1.0,PFEESA,-0.709113868134186,0.490803082945384,False,down
WBGene00010621,0,1.0,PFEESA,-0.519151238341461,0.490812504664316,False,down
WBGene00016943,0,0.5333333333333333,PFEESA,-0.533427740553721,0.492384679630255,False,down
WBGene00019947,0,1.0,PFEESA,-0.145708019619834,0.492531188438524,False,down
WBGene00003798,0,1.0,PFEESA,-0.114016389861159,0.493005004965692,False,down
WBGene00008692,0,1.0,PFEESA,-0.179906118521134,0.494094887004715,False,down
WBGene00002879,0,1.0,PFEESA,-0.145333017891591,0.494138714210718,False,down
WBGene00010405,0,1.0,PFEESA,-0.120134145463096,0.496211593861679,False,down
WBGene00010061,0,1.0,PFEESA,-0.174218060711515,0.496211593861679,False,down
WBGene00018156,0,1.0,PFEESA,-0.0898083229918991,0.496965813998698,False,down
WBGene00009207,0,1.0,PFEESA,-0.117792121624544,0.498147190602542,False,down
WBGene00004505,0,0.9333333333333333,PFEESA,0.135553373698617,0.498590799651321,False,up
WBGene00007681,0,1.0,PFEESA,-0.145636001155965,0.499015933694803,False,down
WBGene00009342,0,1.0,PFEESA,-0.245124570166155,0.499015933694803,False,down
WBGene00044321,0,1.0,PFEESA,-0.0914117035071963,0.499991054219087,False,down
WBGene00000939,0,0.8666666666666667,PFEESA,-0.0824677660850989,0.500007945539294,False,down
WBGene00006308,0,0.8333333333333334,PFEESA,-0.290400767798058,0.500007945539294,False,down
WBGene00007001,0,1.0,PFEESA,-0.139579418922995,0.500885200653311,False,down
WBGene00004703,0,1.0,PFEESA,-0.11861653878567,0.504125489734938,False,down
WBGene00003036,0,1.0,PFEESA,-0.141809890730403,0.504125489734938,False,down
WBGene00009982,0,1.0,PFEESA,-0.453346992778697,0.504125489734938,False,down
WBGene00008646,0,1.0,PFEESA,-0.0981562926148274,0.504143777506263,False,down
WBGene00002039,0,1.0,PFEESA,-0.216084197717047,0.504143777506263,False,down
WBGene00004502,0,0.9666666666666667,PFEESA,0.118898733142395,0.504438776158116,False,up
WBGene00004464,0,1.0,PFEESA,0.101682514173585,0.504440329389204,False,up
WBGene00004025,0,1.0,PFEESA,-0.279087529399291,0.504890331682981,False,down
WBGene00006915,0,1.0,PFEESA,-0.111561514516221,0.505102431515088,False,down
WBGene00010622,0,0.9333333333333333,PFEESA,-0.0834160294083238,0.50709362985059,False,down
WBGene00004701,0,1.0,PFEESA,-0.125926777479082,0.507145333620284,False,down
WBGene00000875,0,1.0,PFEESA,-0.155651572988181,0.508423518762451,False,down
WBGene00000928,0,1.0,PFEESA,-0.868708079958861,0.508425652836086,False,down
WBGene00007375,0,1.0,PFEESA,-0.343085985377586,0.509374532526151,False,down
WBGene00001016,0,1.0,PFEESA,-0.174195909073888,0.510483733948561,False,down
WBGene00001227,0,1.0,PFEESA,-0.111083296407688,0.511086878571581,False,down
WBGene00044746,0,1.0,PFEESA,-0.199610108048616,0.512129524055799,False,down
WBGene00002169,0,1.0,PFEESA,-0.112785881259126,0.513261520798438,False,down
WBGene00019220,0,1.0,PFEESA,-0.0986112491303635,0.51359827584159,False,down
WBGene00000740,0,0.5333333333333333,PFEESA,0.212955724644064,0.513640683957433,False,up
WBGene00001069,0,1.0,PFEESA,-0.592158630655719,0.514128353430044,False,down
WBGene00011977,0,1.0,PFEESA,-0.0940633436160959,0.514438809132945,False,down
WBGene00018159,0,1.0,PFEESA,-0.145597168020715,0.514438809132945,False,down
WBGene00019520,0,0.9666666666666667,PFEESA,-0.700929774403117,0.514859545222707,False,down
WBGene00012995,0,1.0,PFEESA,-0.0813065234961011,0.518881768898091,False,down
WBGene00003162,0,1.0,PFEESA,-0.0970891955973387,0.520386056698223,False,down
WBGene00013674,0,1.0,PFEESA,-0.145140787751746,0.520386056698223,False,down
WBGene00010942,0,1.0,PFEESA,-0.105147747746983,0.520457216822572,False,down
WBGene00011412,0,1.0,PFEESA,-0.107164419963437,0.520723975324493,False,down
WBGene00015245,0,1.0,PFEESA,-0.151359370947988,0.520723975324493,False,down
WBGene00002061,0,1.0,PFEESA,-0.0925796083585403,0.520946869390015,False,down
WBGene00015233,0,1.0,PFEESA,-0.121033646440851,0.521709066611812,False,down
WBGene00005036,0,0.5333333333333333,PFEESA,-0.249488903935645,0.521879487857046,False,down
WBGene00016015,0,1.0,PFEESA,-0.0592767752017218,0.523438604587466,False,down
WBGene00003762,0,0.9666666666666667,PFEESA,-0.203272123080711,0.52358110107952,False,down
WBGene00000209,0,1.0,PFEESA,-0.143213952220658,0.524835564211216,False,down
WBGene00023419,0,1.0,PFEESA,-0.160520351243564,0.525773481187118,False,down
WBGene00003950,0,0.9666666666666667,PFEESA,0.126232492229579,0.526972937969513,False,up
WBGene00021170,0,1.0,PFEESA,-0.0785550024851059,0.527676350310411,False,down
WBGene00009163,0,1.0,PFEESA,-0.136674615950698,0.527691540802516,False,down
WBGene00000498,0,1.0,PFEESA,-0.158173780723773,0.527691540802516,False,down
WBGene00012676,0,1.0,PFEESA,-0.136569224882428,0.527941843619122,False,down
WBGene00010609,0,1.0,PFEESA,-0.214591213259263,0.527941843619122,False,down
WBGene00001790,0,1.0,PFEESA,-0.190083599897443,0.530282337587079,False,down
WBGene00009627,0,1.0,PFEESA,-0.150932526848893,0.530401118718724,False,down
WBGene00013738,0,1.0,PFEESA,-0.0913371012457401,0.53115356926684,False,down
WBGene00019241,0,1.0,PFEESA,-0.103367476736607,0.532124054108746,False,down
WBGene00003577,0,1.0,PFEESA,-0.156544833524503,0.532124054108746,False,down
WBGene00001065,0,1.0,PFEESA,-0.777026627961443,0.532124054108746,False,down
WBGene00004014,0,1.0,PFEESA,-0.121776522816168,0.532192286237493,False,down
WBGene00022180,0,1.0,PFEESA,-0.110022248452411,0.532787680253635,False,down
WBGene00019212,0,1.0,PFEESA,-0.281834526958827,0.532787680253635,False,down
WBGene00018421,0,1.0,PFEESA,-0.0876143601052062,0.533618979237282,False,down
WBGene00003080,0,1.0,PFEESA,-0.145033229284307,0.533618979237282,False,down
WBGene00003159,0,1.0,PFEESA,-0.240971536809652,0.53425115554358,False,down
WBGene00001983,0,1.0,PFEESA,-0.15036789892664,0.534335627726913,False,down
WBGene00013263,0,1.0,PFEESA,-0.258734412124413,0.535280739635163,False,down
WBGene00020296,0,1.0,PFEESA,-0.132044491159201,0.535761129987443,False,down
WBGene00011064,0,1.0,PFEESA,-0.084740921084583,0.536365484182493,False,down
WBGene00015472,0,1.0,PFEESA,-0.120541948647328,0.536365484182493,False,down
WBGene00019760,0,1.0,PFEESA,-0.193828629880467,0.536875130138483,False,down
WBGene00012722,0,1.0,PFEESA,-0.121575071480661,0.537383217177869,False,down
WBGene00003930,0,1.0,PFEESA,-0.0920007866727918,0.538072838233076,False,down
WBGene00013189,0,0.9333333333333333,PFEESA,0.100030454466833,0.539240928600772,False,up
WBGene00002228,0,1.0,PFEESA,-0.161223062745814,0.539240928600772,False,down
WBGene00008806,0,1.0,PFEESA,-0.110340203876615,0.540822303055956,False,down
WBGene00018656,0,1.0,PFEESA,-0.22760594075352,0.541058408271203,False,down
WBGene00012198,0,1.0,PFEESA,-0.169984003082056,0.541106546635253,False,down
WBGene00010015,0,1.0,PFEESA,-0.151312140703929,0.541275726641686,False,down
WBGene00009621,0,1.0,PFEESA,-0.235249066491089,0.54143428247429,False,down
WBGene00011059,0,1.0,PFEESA,-0.154847369431993,0.541566630887178,False,down
WBGene00003815,0,1.0,PFEESA,-0.130663781321889,0.543990603026267,False,down
WBGene00011740,0,1.0,PFEESA,-0.0973748446295108,0.544284077600966,False,down
WBGene00018422,0,1.0,PFEESA,-0.178097370700839,0.546177055605138,False,down
WBGene00000063,0,1.0,PFEESA,0.0958610998547553,0.547370214463189,False,up
WBGene00003789,0,1.0,PFEESA,-0.0900542070519711,0.548798095056983,False,down
WBGene00012126,0,1.0,PFEESA,-0.116673720325003,0.548903556165059,False,down
WBGene00004461,0,1.0,PFEESA,0.105754892552954,0.549642751939478,False,up
WBGene00000992,0,1.0,PFEESA,-0.185164959615884,0.549642751939478,False,down
WBGene00013673,0,1.0,PFEESA,-0.541189517141628,0.549642751939478,False,down
WBGene00007616,0,1.0,PFEESA,-0.145619654593602,0.549986024159722,False,down
WBGene00006438,0,0.7,PFEESA,0.0697362250340444,0.550143421532739,False,up
WBGene00004085,0,1.0,PFEESA,-0.0978285530515759,0.550143421532739,False,down
WBGene00003400,0,1.0,PFEESA,-0.0792589417267013,0.5519239311307,False,down
WBGene00018373,0,1.0,PFEESA,-0.091644588269165,0.5519239311307,False,down
WBGene00018932,0,1.0,PFEESA,-0.0932061471769862,0.5519239311307,False,down
WBGene00021279,0,1.0,PFEESA,-0.694437091962044,0.5519239311307,False,down
WBGene00012953,0,1.0,PFEESA,-0.185941068949512,0.55228924339576,False,down
WBGene00001497,0,1.0,PFEESA,-0.112899520101518,0.552438683267719,False,down
WBGene00011309,0,1.0,PFEESA,-0.207112239766978,0.552438683267719,False,down
WBGene00000731,0,1.0,PFEESA,-0.290352062116965,0.552438683267719,False,down
WBGene00006956,0,1.0,PFEESA,-0.791953408827516,0.552438683267719,False,down
WBGene00000380,0,1.0,PFEESA,-0.0787750209368303,0.553259820879582,False,down
WBGene00004737,0,1.0,PFEESA,-0.175109919397185,0.553259820879582,False,down
WBGene00003553,0,1.0,PFEESA,-0.432763322851237,0.553352716971728,False,down
WBGene00010093,0,1.0,PFEESA,-0.165628759380067,0.554646785290582,False,down
WBGene00003704,0,0.9,PFEESA,-0.379662294343508,0.554646785290582,False,down
WBGene00021351,0,1.0,PFEESA,-0.123199751061326,0.555294468854276,False,down
WBGene00007587,0,1.0,PFEESA,-0.0811099340219836,0.555841076239231,False,down
WBGene00001231,0,1.0,PFEESA,-0.10490733867036,0.555903226264217,False,down
WBGene00020172,0,1.0,PFEESA,-0.11688015713164,0.556845841604958,False,down
WBGene00003797,0,1.0,PFEESA,-0.125467073256978,0.556845841604958,False,down
WBGene00001832,0,1.0,PFEESA,-0.151765782478162,0.557226935627784,False,down
WBGene00001071,0,1.0,PFEESA,-0.5824228035351,0.557226935627784,False,down
WBGene00001107,0,1.0,PFEESA,-0.384801019207974,0.557307784251082,False,down
WBGene00007444,0,1.0,PFEESA,-0.097781758178857,0.558442687566128,False,down
WBGene00010139,0,1.0,PFEESA,-0.132463818685506,0.558442687566128,False,down
WBGene00001242,0,1.0,PFEESA,-0.323910666706392,0.558914148682175,False,down
WBGene00004723,0,1.0,PFEESA,-0.1069587377346,0.55908420186885,False,down
WBGene00004465,0,1.0,PFEESA,0.110514729814559,0.55944948811146,False,up
WBGene00000387,0,1.0,PFEESA,-0.13670784788782,0.55944948811146,False,down
WBGene00077690,0,1.0,PFEESA,0.185189071442974,0.560790817319402,False,up
WBGene00012977,0,1.0,PFEESA,-0.0855305880560992,0.560790817319402,False,down
WBGene00009132,0,1.0,PFEESA,-0.138674451737413,0.560790817319402,False,down
WBGene00001827,0,1.0,PFEESA,-0.0951576166606157,0.560918685089803,False,down
WBGene00020340,0,1.0,PFEESA,-0.114977389119696,0.561095774278251,False,down
WBGene00013143,0,1.0,PFEESA,-0.129933071140225,0.563945080777248,False,down
WBGene00020718,0,1.0,PFEESA,-0.0853775057204205,0.564024148848766,False,down
WBGene00022672,0,1.0,PFEESA,-0.0880980117399188,0.564024148848766,False,down
WBGene00020263,0,1.0,PFEESA,-0.0910226270137076,0.564197886789897,False,down
WBGene00001030,0,1.0,PFEESA,-0.0926098286823699,0.565110665722368,False,down
WBGene00010812,0,1.0,PFEESA,-0.138991035819663,0.56543207854758,False,down
WBGene00017643,0,1.0,PFEESA,-0.146742221767593,0.56543207854758,False,down
WBGene00021460,0,1.0,PFEESA,-0.20814140388442,0.56543207854758,False,down
WBGene00003787,0,1.0,PFEESA,-0.0807537752865615,0.566334890964074,False,down
WBGene00018934,0,1.0,PFEESA,-0.118138286451664,0.566334890964074,False,down
WBGene00015554,0,1.0,PFEESA,-0.153167319399977,0.566334890964074,False,down
WBGene00003804,0,1.0,PFEESA,-0.0904867326830402,0.567208886468306,False,down
WBGene00023500,0,1.0,PFEESA,-0.170725299166875,0.567425701655763,False,down
WBGene00008205,0,1.0,PFEESA,-0.183661700274374,0.568468528397974,False,down
WBGene00012255,0,1.0,PFEESA,-0.649083339667938,0.568991152999312,False,down
WBGene00013321,0,1.0,PFEESA,-0.193125390812367,0.569598861877901,False,down
WBGene00021595,0,1.0,PFEESA,-0.13279999300195,0.569774347603188,False,down
WBGene00013324,0,1.0,PFEESA,-0.118516794921618,0.570098019134247,False,down
WBGene00015160,0,1.0,PFEESA,-0.126349783754183,0.571538464403657,False,down
WBGene00021270,0,1.0,PFEESA,-0.16824209710593,0.571538464403657,False,down
WBGene00007646,0,1.0,PFEESA,-0.0672084524596615,0.571984517095796,False,down
WBGene00016588,0,1.0,PFEESA,-0.0828875066769656,0.571984517095796,False,down
WBGene00021475,0,1.0,PFEESA,-0.100116371808327,0.571984517095796,False,down
WBGene00009722,0,1.0,PFEESA,-0.110925737688076,0.571984517095796,False,down
WBGene00011908,0,1.0,PFEESA,-0.157155478042711,0.571984517095796,False,down
WBGene00006737,0,1.0,PFEESA,-0.0817559258984664,0.572326226600807,False,down
WBGene00000121,0,1.0,PFEESA,-0.135390403768756,0.572343600077938,False,down
WBGene00022738,0,1.0,PFEESA,-0.0868141103469791,0.57286843875847,False,down
WBGene00021427,0,1.0,PFEESA,-0.213153499797371,0.572885411706645,False,down
WBGene00002027,0,1.0,PFEESA,-0.0761266624872455,0.573004591868907,False,down
WBGene00015486,0,1.0,PFEESA,-0.117243850582391,0.573307097811872,False,down
WBGene00006604,0,1.0,PFEESA,-0.0740053592984493,0.57412153047338,False,down
WBGene00017924,0,1.0,PFEESA,-0.156204521046046,0.57412153047338,False,down
WBGene00021675,0,1.0,PFEESA,-0.2763593477378,0.57412153047338,False,down
WBGene00006319,0,0.9333333333333333,PFEESA,-0.209875219810977,0.574926817267836,False,down
WBGene00018625,0,1.0,PFEESA,-0.0824841411956323,0.57496382347962,False,down
WBGene00017948,0,1.0,PFEESA,0.131334833019368,0.579430498482821,False,up
WBGene00008762,0,1.0,PFEESA,-0.216139797550001,0.580116656708606,False,down
WBGene00005011,0,1.0,PFEESA,-0.23914543655222,0.580218111417898,False,down
WBGene00019259,0,1.0,PFEESA,-0.0787849844400368,0.580840487962558,False,down
WBGene00006572,0,1.0,PFEESA,-0.128717930865696,0.581710250242967,False,down
WBGene00000800,0,1.0,PFEESA,-0.068272497444629,0.582775922802422,False,down
WBGene00020037,0,1.0,PFEESA,-0.110046321607606,0.583342990644798,False,down
WBGene00003367,0,1.0,PFEESA,-0.0877660386317397,0.584141477091808,False,down
WBGene00004919,0,1.0,PFEESA,-0.132590368900965,0.584141477091808,False,down
WBGene00011482,0,0.9,PFEESA,-0.10599848370196,0.584516099769657,False,down
WBGene00006964,0,1.0,PFEESA,-0.118748860991914,0.584516099769657,False,down
WBGene00009254,0,1.0,PFEESA,-0.0682909324803294,0.585784961938131,False,down
WBGene00011391,0,1.0,PFEESA,-0.106272551605195,0.586163670003515,False,down
WBGene00015752,0,1.0,PFEESA,-0.129693452917371,0.586171409730042,False,down
WBGene00017328,0,1.0,PFEESA,-0.114174355724558,0.587128103061908,False,down
WBGene00006817,0,1.0,PFEESA,-0.141327245222282,0.588846157339313,False,down
WBGene00011758,0,1.0,PFEESA,-0.0752401533437249,0.589154101905286,False,down
WBGene00004917,0,1.0,PFEESA,-0.120362714870226,0.589932929598014,False,down
WBGene00010560,0,1.0,PFEESA,-0.0949282975705214,0.591663607260638,False,down
WBGene00001430,0,1.0,PFEESA,-0.272482257376524,0.591729014037109,False,down
WBGene00018230,0,1.0,PFEESA,-0.11399421164451,0.591875299019348,False,down
WBGene00002060,0,1.0,PFEESA,-0.101471121891107,0.592020186855457,False,down
WBGene00012830,0,1.0,PFEESA,-0.167996130283437,0.592020186855457,False,down
WBGene00007107,0,1.0,PFEESA,-0.104334289330475,0.594342724536539,False,down
WBGene00013156,0,1.0,PFEESA,-0.138775095967651,0.595960863195427,False,down
WBGene00018475,0,1.0,PFEESA,-0.0965109729697526,0.596268021490229,False,down
WBGene00010439,0,1.0,PFEESA,-0.109332982508333,0.5963843143025,False,down
WBGene00009726,0,1.0,PFEESA,-0.094574666428991,0.596486710499067,False,down
WBGene00000225,0,0.9666666666666667,PFEESA,-0.105676869359098,0.598728679543659,False,down
WBGene00011017,0,1.0,PFEESA,-0.137330678355169,0.599492314266924,False,down
WBGene00044631,0,1.0,PFEESA,-0.326612910202549,0.601832113850645,False,down
WBGene00021976,0,1.0,PFEESA,-0.436286172860856,0.603503176015152,False,down
WBGene00002827,0,1.0,PFEESA,-0.325606526579251,0.604694840665214,False,down
WBGene00077526,0,1.0,PFEESA,-0.150064999378664,0.604809584608125,False,down
WBGene00015021,0,0.9666666666666667,PFEESA,-0.0914593971609378,0.605528522249179,False,down
WBGene00001072,0,1.0,PFEESA,-0.507277336939176,0.606666453074287,False,down
WBGene00022301,0,1.0,PFEESA,-0.0662785083933555,0.60677862034288,False,down
WBGene00002079,0,1.0,PFEESA,-0.116043308710462,0.60677862034288,False,down
WBGene00022103,0,1.0,PFEESA,-0.257801980147811,0.606779543515526,False,down
WBGene00012713,0,1.0,PFEESA,-0.0709808661152429,0.607129939717195,False,down
WBGene00018572,0,1.0,PFEESA,-0.349684742085887,0.607129939717195,False,down
WBGene00006936,0,1.0,PFEESA,-0.111050416265562,0.607456549543694,False,down
WBGene00002003,0,1.0,PFEESA,-0.0909043546989653,0.607907156625998,False,down
WBGene00020269,0,1.0,PFEESA,-0.107872116418106,0.608253422504003,False,down
WBGene00010721,0,1.0,PFEESA,-0.123084255834728,0.609603364361183,False,down
WBGene00020919,0,1.0,PFEESA,-0.11251575910898,0.609714046095338,False,down
WBGene00008422,0,1.0,PFEESA,0.0737705497634524,0.610640515064119,False,up
WBGene00011306,0,1.0,PFEESA,-0.0889659550472399,0.610640515064119,False,down
WBGene00303009,0,1.0,PFEESA,-0.12434869290954,0.610640515064119,False,down
WBGene00013407,0,1.0,PFEESA,-0.0893738027874037,0.611441315322876,False,down
WBGene00004952,0,1.0,PFEESA,-0.113532619196881,0.611441315322876,False,down
WBGene00000541,0,1.0,PFEESA,-0.143750823825859,0.611587628320005,False,down
WBGene00011679,0,1.0,PFEESA,-0.0725411497042349,0.611752345909422,False,down
WBGene00006723,0,1.0,PFEESA,-0.0959157133891968,0.611900749165959,False,down
WBGene00016611,0,1.0,PFEESA,-0.0959295479173766,0.611900749165959,False,down
WBGene00004343,0,1.0,PFEESA,0.0746389964193396,0.611929470032285,False,up
WBGene00019543,0,1.0,PFEESA,-0.0702644623337404,0.612523114508684,False,down
WBGene00007971,0,1.0,PFEESA,-0.0850229611504586,0.612523114508684,False,down
WBGene00019994,0,1.0,PFEESA,-0.0960646943079803,0.612523114508684,False,down
WBGene00012628,0,1.0,PFEESA,-0.278581472402743,0.612523114508684,False,down
WBGene00009092,0,1.0,PFEESA,-0.106504746582053,0.614020770381729,False,down
WBGene00010738,0,1.0,PFEESA,-0.280212901849826,0.616070892976963,False,down
WBGene00001020,0,1.0,PFEESA,-0.129668357647408,0.616352883530442,False,down
WBGene00022425,0,1.0,PFEESA,0.0603569445806298,0.617086288620659,False,up
WBGene00019219,0,1.0,PFEESA,-0.101321776004753,0.617418523682881,False,down
WBGene00002393,0,1.0,PFEESA,-0.431065276440741,0.618100427974426,False,down
WBGene00016313,0,1.0,PFEESA,-0.0817917928856466,0.618747409323928,False,down
WBGene00015635,0,1.0,PFEESA,-0.0784161740473786,0.619190868151513,False,down
WBGene00001226,0,1.0,PFEESA,-0.109543617307693,0.61922823901543,False,down
WBGene00001041,0,1.0,PFEESA,-0.0780100151379067,0.621657711764655,False,down
WBGene00004388,0,1.0,PFEESA,-0.11808563193105,0.621657711764655,False,down
WBGene00012659,0,1.0,PFEESA,-0.0681561216180452,0.622670873760572,False,down
WBGene00001229,0,1.0,PFEESA,-0.0689983286356294,0.622886384635874,False,down
WBGene00007352,0,1.0,PFEESA,0.0955959097503739,0.623244583177089,False,up
WBGene00013426,0,0.9666666666666667,PFEESA,-0.164359426307572,0.623471648204155,False,down
WBGene00009118,0,1.0,PFEESA,-0.0968063473881848,0.625821490323341,False,down
WBGene00001151,0,1.0,PFEESA,0.102556949877152,0.627287049433901,False,up
WBGene00001048,0,1.0,PFEESA,-0.0904212892860621,0.627857553497151,False,down
WBGene00015273,0,1.0,PFEESA,-0.127009437227932,0.628043601109892,False,down
WBGene00000236,0,1.0,PFEESA,-0.095427746639129,0.628143473320318,False,down
WBGene00002080,0,1.0,PFEESA,-0.0907156351226774,0.628752688180046,False,down
WBGene00195248,0,1.0,PFEESA,-0.186111161052166,0.629104262193959,False,down
WBGene00007712,0,1.0,PFEESA,-0.106839119193162,0.629163919707701,False,down
WBGene00013075,0,1.0,PFEESA,0.0903425316826924,0.630139591213582,False,up
WBGene00001433,0,1.0,PFEESA,-0.134221684568612,0.630323668200272,False,down
WBGene00015075,0,1.0,PFEESA,-0.0871623165133927,0.631456801212932,False,down
WBGene00008571,0,1.0,PFEESA,-0.159388006929857,0.632083347296478,False,down
WBGene00001570,0,1.0,PFEESA,-0.200507228272049,0.632083347296478,False,down
WBGene00015538,0,1.0,PFEESA,-0.217652024275647,0.632286759464618,False,down
WBGene00021959,0,0.9666666666666667,PFEESA,0.132251143238864,0.632628260726224,False,up
WBGene00016978,0,1.0,PFEESA,-0.0996792682533999,0.632628260726224,False,down
WBGene00019617,0,1.0,PFEESA,-0.105734850753967,0.632628260726224,False,down
WBGene00016746,0,1.0,PFEESA,-0.14925261561566,0.632628260726224,False,down
WBGene00016422,0,1.0,PFEESA,-0.432521837616324,0.632654034286501,False,down
WBGene00022270,0,1.0,PFEESA,-0.168306639959513,0.633636061676756,False,down
WBGene00003796,0,1.0,PFEESA,-0.062635773681443,0.633675082895719,False,down
WBGene00004015,0,1.0,PFEESA,-0.0999532900588093,0.633675082895719,False,down
WBGene00009274,0,1.0,PFEESA,-0.113548035511704,0.633675082895719,False,down
WBGene00019426,0,1.0,PFEESA,-0.184315937000566,0.633675082895719,False,down
WBGene00012261,0,1.0,PFEESA,-0.606706529565026,0.633702339275494,False,down
WBGene00009051,0,1.0,PFEESA,-0.0839323701452883,0.633797573279073,False,down
WBGene00013340,0,1.0,PFEESA,-0.104178482446045,0.633797573279073,False,down
WBGene00000382,0,0.9666666666666667,PFEESA,0.0977175505506176,0.634158444322555,False,up
WBGene00013241,0,1.0,PFEESA,-0.201272968235335,0.634972659447469,False,down
WBGene00021095,0,1.0,PFEESA,-0.402186865768466,0.634972659447469,False,down
WBGene00002957,0,1.0,PFEESA,-0.0726947515443949,0.636424066070042,False,down
WBGene00006481,0,1.0,PFEESA,-0.0793426909508555,0.637800080919473,False,down
WBGene00008361,0,1.0,PFEESA,-0.0963929912836963,0.638362958629095,False,down
WBGene00020423,0,1.0,PFEESA,-0.0832109738216679,0.639655801870523,False,down
WBGene00009123,0,1.0,PFEESA,-0.128551289284722,0.640138773421942,False,down
WBGene00013849,0,1.0,PFEESA,-0.279389276002444,0.640138773421942,False,down
WBGene00000773,0,1.0,PFEESA,-0.0887831497185174,0.640637446320776,False,down
WBGene00010409,0,1.0,PFEESA,-0.101734729094233,0.640637446320776,False,down
WBGene00008708,0,1.0,PFEESA,-0.286676971218559,0.640637446320776,False,down
WBGene00001259,0,0.9666666666666667,PFEESA,-0.0576756175742493,0.641713247527158,False,down
WBGene00004702,0,1.0,PFEESA,-0.0792573979337942,0.641713247527158,False,down
WBGene00017132,0,1.0,PFEESA,-0.182859753374101,0.641891221745108,False,down
WBGene00018015,0,1.0,PFEESA,-0.128635339256389,0.642139596251887,False,down
WBGene00001234,0,1.0,PFEESA,-0.0931587074329902,0.642635523701428,False,down
WBGene00002282,0,1.0,PFEESA,-0.548641163659328,0.644451481737331,False,down
WBGene00002804,0,1.0,PFEESA,-0.0800416577663599,0.644587053833753,False,down
WBGene00018064,0,0.9,PFEESA,-0.10085619617995,0.644587053833753,False,down
WBGene00007464,0,1.0,PFEESA,-0.121783319909141,0.644587053833753,False,down
WBGene00020184,0,1.0,PFEESA,-0.0867825804338535,0.644789704227019,False,down
WBGene00018305,0,1.0,PFEESA,-0.0922629751805651,0.645173884541431,False,down
WBGene00008502,0,1.0,PFEESA,-0.0767157084252835,0.645496632298158,False,down
WBGene00007686,0,1.0,PFEESA,-0.111837660651336,0.645611751894892,False,down
WBGene00003681,0,1.0,PFEESA,-0.183491421922709,0.645687093578321,False,down
WBGene00001163,0,1.0,PFEESA,-0.0947261424472892,0.646073124891988,False,down
WBGene00006373,0,1.0,PFEESA,0.0650162799480856,0.646897593981538,False,up
WBGene00007207,0,1.0,PFEESA,-0.0788762534154282,0.648722703528411,False,down
WBGene00013422,0,1.0,PFEESA,-0.115271839163725,0.648757949547005,False,down
WBGene00010783,0,1.0,PFEESA,-0.134516416045506,0.648917363221501,False,down
WBGene00010032,0,1.0,PFEESA,-0.168483921190218,0.648917363221501,False,down
WBGene00019264,0,1.0,PFEESA,-0.107934509901586,0.649317359979613,False,down
WBGene00006430,0,1.0,PFEESA,-0.108131068890672,0.649867535781448,False,down
WBGene00044641,0,1.0,PFEESA,-0.284741178593429,0.650073657867817,False,down
WBGene00219208,0,1.0,PFEESA,-0.378529399378037,0.650304832350029,False,down
WBGene00007333,0,0.5333333333333333,PFEESA,0.0812312467582944,0.650729315737079,False,up
WBGene00043985,0,1.0,PFEESA,-0.0972918287390696,0.652431729839205,False,down
WBGene00012186,0,1.0,PFEESA,-0.644327463634502,0.652563826466842,False,down
WBGene00006515,0,1.0,PFEESA,-0.0797320539379243,0.653561542226761,False,down
WBGene00016062,0,1.0,PFEESA,-0.0906534980324493,0.653561542226761,False,down
WBGene00006408,0,1.0,PFEESA,0.119449217007037,0.654024645636434,False,up
WBGene00022159,0,1.0,PFEESA,-0.105396973504976,0.654024645636434,False,down
WBGene00015777,0,1.0,PFEESA,-0.0944817766939577,0.65493329903025,False,down
WBGene00018240,0,1.0,PFEESA,-0.200322830260915,0.65493329903025,False,down
WBGene00009078,0,0.9666666666666667,PFEESA,-0.130125764384503,0.655787295599879,False,down
WBGene00019087,0,1.0,PFEESA,-0.157052887204726,0.655787295599879,False,down
WBGene00016449,0,1.0,PFEESA,-0.185516803943291,0.655787295599879,False,down
WBGene00016203,0,0.9666666666666667,PFEESA,0.0782533546629966,0.655858730249408,False,up
WBGene00022394,0,1.0,PFEESA,-0.120332813175739,0.656891093920138,False,down
WBGene00010709,0,0.6333333333333333,PFEESA,-0.0716367499575556,0.659831612777235,False,down
WBGene00007684,0,0.8666666666666667,PFEESA,-0.0830411292806726,0.659831612777235,False,down
WBGene00002256,0,1.0,PFEESA,-0.108629746531021,0.659831612777235,False,down
WBGene00007429,0,1.0,PFEESA,-0.103099158549944,0.66242917671294,False,down
WBGene00000039,0,1.0,PFEESA,-0.334083878881827,0.66246676784065,False,down
WBGene00006708,0,1.0,PFEESA,-0.0678176120043034,0.662491852817341,False,down
WBGene00020083,0,1.0,PFEESA,-0.315752899077072,0.663132626460779,False,down
WBGene00001089,0,1.0,PFEESA,-0.0803989740453953,0.663675150821886,False,down
WBGene00006706,0,1.0,PFEESA,-0.0683361438248542,0.665188619542903,False,down
WBGene00010670,0,1.0,PFEESA,-0.0956071652510137,0.665188619542903,False,down
WBGene00003066,0,1.0,PFEESA,-0.102794372595838,0.66660003468288,False,down
WBGene00022591,0,1.0,PFEESA,-0.377243344711473,0.668062852040066,False,down
WBGene00012723,0,1.0,PFEESA,-0.126651990173817,0.668182434493731,False,down
WBGene00020194,0,1.0,PFEESA,-0.513925826318084,0.669104058035551,False,down
WBGene00004386,0,1.0,PFEESA,-0.08160605623998,0.669852943502474,False,down
WBGene00019819,0,0.9333333333333333,PFEESA,0.146808010031388,0.670113519154082,False,up
WBGene00003079,0,1.0,PFEESA,-0.101137446277887,0.670144218749679,False,down
WBGene00013038,0,1.0,PFEESA,-0.072014883351016,0.672451394827019,False,down
WBGene00011761,0,1.0,PFEESA,-0.0661783445860132,0.672536210832649,False,down
WBGene00008131,0,1.0,PFEESA,-0.0841659263174697,0.673077637365507,False,down
WBGene00022232,0,1.0,PFEESA,-0.119542873440601,0.673312073577648,False,down
WBGene00022146,0,1.0,PFEESA,-0.2330649646734,0.673599448461661,False,down
WBGene00001340,0,0.9333333333333333,PFEESA,-0.0574567236307934,0.673723793943598,False,down
WBGene00016412,0,1.0,PFEESA,-0.0754421930715823,0.673723793943598,False,down
WBGene00015943,0,1.0,PFEESA,-0.0467799011364651,0.675275196883412,False,down
WBGene00015781,0,1.0,PFEESA,-0.40202934583147,0.676622040132305,False,down
WBGene00302974,0,1.0,PFEESA,0.147771148324925,0.677683888809223,False,up
WBGene00009004,0,1.0,PFEESA,-0.0821284102463673,0.677841262411817,False,down
WBGene00009926,0,1.0,PFEESA,-0.444995525952045,0.678626468244833,False,down
WBGene00022160,0,1.0,PFEESA,-0.169336591506681,0.679895105190251,False,down
WBGene00022201,0,1.0,PFEESA,-0.0659817312920234,0.680697646083142,False,down
WBGene00006491,0,1.0,PFEESA,-0.111355645452971,0.680697646083142,False,down
WBGene00004768,0,0.9333333333333333,PFEESA,0.0728582644394008,0.681087229568679,False,up
WBGene00006530,0,1.0,PFEESA,0.0986310749578498,0.682790477392164,False,up
WBGene00011142,0,0.9666666666666667,PFEESA,-0.103391222455494,0.682790477392164,False,down
WBGene00019820,0,1.0,PFEESA,0.0677072652477284,0.682940705792596,False,up
WBGene00009395,0,1.0,PFEESA,-0.21348381360902,0.682940705792596,False,down
WBGene00000879,0,1.0,PFEESA,-0.0709599976717256,0.683502121825051,False,down
WBGene00012094,0,1.0,PFEESA,-0.116251870126184,0.683502121825051,False,down
WBGene00012192,0,1.0,PFEESA,-0.104644265419899,0.683510497233876,False,down
WBGene00004219,0,1.0,PFEESA,-0.4152497250332,0.684060605071739,False,down
WBGene00012197,0,1.0,PFEESA,-0.108247847182874,0.684702082570569,False,down
WBGene00022816,0,1.0,PFEESA,-0.421452294398069,0.684702082570569,False,down
WBGene00010557,0,0.9333333333333333,PFEESA,-0.102576072359692,0.685069472177831,False,down
WBGene00008722,0,1.0,PFEESA,-0.119194397216112,0.685097896369227,False,down
WBGene00003258,0,1.0,PFEESA,0.0693802605814116,0.685469916779948,False,up
WBGene00001352,0,1.0,PFEESA,-0.0498692255983557,0.685469916779948,False,down
WBGene00000123,0,1.0,PFEESA,-0.0566313316085984,0.685469916779948,False,down
WBGene00007186,0,1.0,PFEESA,-0.0806462978863142,0.687055428770778,False,down
WBGene00001045,0,1.0,PFEESA,-0.107623252002468,0.687055428770778,False,down
WBGene00021815,0,1.0,PFEESA,-0.0910468808985709,0.687466664952635,False,down
WBGene00019898,0,1.0,PFEESA,-0.0828709045898537,0.688386952835069,False,down
WBGene00008237,0,0.9666666666666667,PFEESA,0.0698279387239028,0.688448683281349,False,up
WBGene00004463,0,1.0,PFEESA,0.0952867906613731,0.688866493346259,False,up
WBGene00008414,0,0.5333333333333333,PFEESA,-0.0684388314968128,0.688866493346259,False,down
WBGene00022470,0,1.0,PFEESA,-0.0800723918919693,0.688866493346259,False,down
WBGene00006366,0,1.0,PFEESA,-0.410314540644595,0.68905784633512,False,down
WBGene00002075,0,1.0,PFEESA,-0.0728869343317267,0.690582950740293,False,down
WBGene00010161,0,0.9666666666666667,PFEESA,-0.0802322026909505,0.690671367061126,False,down
WBGene00009922,0,0.9333333333333333,PFEESA,-0.0683806611987225,0.690830025375178,False,down
WBGene00001431,0,1.0,PFEESA,-0.0800871785990344,0.692425308123054,False,down
WBGene00003522,0,1.0,PFEESA,-0.269683269780212,0.692425308123054,False,down
WBGene00020199,0,0.9333333333333333,PFEESA,-0.100153008657824,0.693199640822479,False,down
WBGene00001636,0,1.0,PFEESA,-0.126939679462415,0.69321541994537,False,down
WBGene00016913,0,1.0,PFEESA,-0.0637601672176591,0.693713243004297,False,down
WBGene00021816,0,1.0,PFEESA,-0.0781930745099037,0.693713243004297,False,down
WBGene00021854,0,1.0,PFEESA,-0.0579727602127546,0.694804376219265,False,down
WBGene00001073,0,1.0,PFEESA,-0.159212796461356,0.694804376219265,False,down
WBGene00008218,0,1.0,PFEESA,-0.204227048448364,0.694804376219265,False,down
WBGene00007170,0,1.0,PFEESA,-0.248184923165464,0.694804376219265,False,down
WBGene00000887,0,1.0,PFEESA,0.0909428260242595,0.694831217057532,False,up
WBGene00010701,0,1.0,PFEESA,-0.0620905384978079,0.694897042338919,False,down
WBGene00011239,0,1.0,PFEESA,-0.0882080086749286,0.694961347747726,False,down
WBGene00010834,0,1.0,PFEESA,-0.149069155943387,0.696764771634609,False,down
WBGene00004216,0,1.0,PFEESA,-0.197808356908459,0.696764771634609,False,down
WBGene00020693,0,1.0,PFEESA,-0.0880764631426976,0.697324318459344,False,down
WBGene00000158,0,1.0,PFEESA,0.0520052244770563,0.69759962971021,False,up
WBGene00003923,0,0.9666666666666667,PFEESA,0.0868858951164182,0.6980795073134,False,up
WBGene00003785,0,0.9666666666666667,PFEESA,-0.0732564450449323,0.699479289169626,False,down
WBGene00003238,0,0.9333333333333333,PFEESA,-0.0698247226087188,0.699587114517157,False,down
WBGene00050885,0,1.0,PFEESA,-0.135260187401517,0.699822795355362,False,down
WBGene00001958,0,1.0,PFEESA,-0.232423702737576,0.699822795355362,False,down
WBGene00006061,0,1.0,PFEESA,-0.0669960959090406,0.699976576300094,False,down
WBGene00017119,0,0.9333333333333333,PFEESA,-0.0912769566699269,0.699976576300094,False,down
WBGene00022858,0,1.0,PFEESA,-0.094306415633857,0.700805490526167,False,down
WBGene00016918,0,1.0,PFEESA,-0.0832248154967871,0.70108010834157,False,down
WBGene00015702,0,1.0,PFEESA,-0.0973039654213772,0.701573181836793,False,down
WBGene00019893,0,0.9666666666666667,PFEESA,0.0703627464379795,0.703133603014564,False,up
WBGene00017746,0,1.0,PFEESA,-0.0767586261217697,0.703133603014564,False,down
WBGene00009559,0,1.0,PFEESA,-0.0742068337648244,0.703407851905995,False,down
WBGene00010496,0,1.0,PFEESA,0.0888650927407826,0.703666122053363,False,up
WBGene00021919,0,1.0,PFEESA,-0.2848449007842,0.704151989331003,False,down
WBGene00010458,0,1.0,PFEESA,-0.0766624655019878,0.70427208731127,False,down
WBGene00003791,0,1.0,PFEESA,-0.0700205589016513,0.704585214395198,False,down
WBGene00008710,0,1.0,PFEESA,-0.101435829714724,0.704921859062989,False,down
WBGene00018967,0,1.0,PFEESA,-0.0710654935781576,0.704983983358145,False,down
WBGene00022013,0,0.8333333333333334,PFEESA,0.17638275135135,0.705313002546366,False,up
WBGene00000047,0,0.8333333333333334,PFEESA,-0.0996615412805777,0.705666864916748,False,down
WBGene00001166,0,1.0,PFEESA,-0.0832365060550175,0.705864997180361,False,down
WBGene00001284,0,1.0,PFEESA,-0.0645150127000798,0.706090989165939,False,down
WBGene00017003,0,1.0,PFEESA,-0.105381525213013,0.706090989165939,False,down
WBGene00004224,0,1.0,PFEESA,-0.336775573280508,0.706148325194725,False,down
WBGene00014153,0,1.0,PFEESA,-0.149590248458987,0.706874050358892,False,down
WBGene00021828,0,1.0,PFEESA,-0.0839135542724627,0.707635050966538,False,down
WBGene00017534,0,1.0,PFEESA,-0.0757131933408628,0.708027206806906,False,down
WBGene00010624,0,1.0,PFEESA,-0.0845427149298643,0.708885824968032,False,down
WBGene00006393,0,1.0,PFEESA,-0.0981692849489377,0.710432874373949,False,down
WBGene00020498,0,1.0,PFEESA,-0.060053236194516,0.711504794061325,False,down
WBGene00008215,0,0.9,PFEESA,0.0832495063853442,0.711625811817783,False,up
WBGene00004752,0,0.9333333333333333,PFEESA,0.056308682583357,0.711850878442875,False,up
WBGene00004034,0,1.0,PFEESA,0.0534304777951117,0.711859077703071,False,up
WBGene00018612,0,1.0,PFEESA,0.0474221467916016,0.711859077703071,False,up
WBGene00003877,0,1.0,PFEESA,-0.0967155674490303,0.711859077703071,False,down
WBGene00013531,0,1.0,PFEESA,-0.120549940766046,0.711859077703071,False,down
WBGene00007615,0,1.0,PFEESA,-0.125246860268898,0.711859077703071,False,down
WBGene00017154,0,1.0,PFEESA,-0.148628673480113,0.711859077703071,False,down
WBGene00004305,0,1.0,PFEESA,-0.0995712082287271,0.712324214370006,False,down
WBGene00003018,0,1.0,PFEESA,-0.300447524979788,0.712324214370006,False,down
WBGene00015525,0,1.0,PFEESA,-0.0657660285512622,0.712972916333573,False,down
WBGene00009057,0,1.0,PFEESA,-0.124757135882732,0.712972916333573,False,down
WBGene00021392,0,1.0,PFEESA,-0.116302989920175,0.713072451955029,False,down
WBGene00164968,0,1.0,PFEESA,-0.196627539941163,0.713578497347928,False,down
WBGene00004895,0,1.0,PFEESA,-0.0757437691871779,0.714000558093858,False,down
WBGene00000159,0,1.0,PFEESA,0.0805531264083797,0.715162431372335,False,up
WBGene00022832,0,1.0,PFEESA,-0.0630698125935557,0.715922669444795,False,down
WBGene00003964,0,1.0,PFEESA,-0.0586175015794217,0.716328662833591,False,down
WBGene00000923,0,1.0,PFEESA,-0.0708308572795866,0.71704101484656,False,down
WBGene00000990,0,1.0,PFEESA,-0.158384106825225,0.717417848473081,False,down
WBGene00020216,0,1.0,PFEESA,-0.110795833380331,0.717554877300753,False,down
WBGene00006601,0,1.0,PFEESA,-0.0584268803887395,0.717639777992564,False,down
WBGene00000908,0,1.0,PFEESA,-0.0741095455037396,0.717639777992564,False,down
WBGene00302964,0,1.0,PFEESA,-0.126073115897331,0.717639777992564,False,down
WBGene00000896,0,1.0,PFEESA,-0.0968642256667535,0.719984081980854,False,down
WBGene00015510,0,1.0,PFEESA,-0.101071350939296,0.720035090967011,False,down
WBGene00003962,0,1.0,PFEESA,-0.130787356759141,0.720242461269181,False,down
WBGene00001037,0,1.0,PFEESA,-0.0557266667588401,0.721460113845524,False,down
WBGene00000940,0,1.0,PFEESA,-0.079808558150942,0.721745582500043,False,down
WBGene00005024,0,1.0,PFEESA,-0.0678443247862254,0.722597983474069,False,down
WBGene00010923,0,1.0,PFEESA,0.0453332227419753,0.722724627743635,False,up
WBGene00019627,0,0.9666666666666667,PFEESA,-0.0580607534161268,0.722724627743635,False,down
WBGene00006640,0,1.0,PFEESA,-0.127251798484427,0.722724627743635,False,down
WBGene00020855,0,1.0,PFEESA,-0.227858705719846,0.722724627743635,False,down
WBGene00008338,0,1.0,PFEESA,-0.0491571807668281,0.723591627293021,False,down
WBGene00021754,0,1.0,PFEESA,-0.0650954098087896,0.723630402121203,False,down
WBGene00003882,0,1.0,PFEESA,0.0692280148558072,0.723819683228883,False,up
WBGene00000702,0,1.0,PFEESA,-0.485249489030831,0.723819683228883,False,down
WBGene00002083,0,1.0,PFEESA,-0.103636620858998,0.723890072966874,False,down
WBGene00003061,0,1.0,PFEESA,-0.0651491399118685,0.724062212488448,False,down
WBGene00016608,0,1.0,PFEESA,0.0749127847349561,0.724067509842238,False,up
WBGene00006785,0,0.9666666666666667,PFEESA,0.0790437812354774,0.724093168695767,False,up
WBGene00011526,0,1.0,PFEESA,-0.0599963196842385,0.724166684764597,False,down
WBGene00017162,0,1.0,PFEESA,-0.0625066050328629,0.724485568127878,False,down
WBGene00043156,0,1.0,PFEESA,-0.0621522108705358,0.724920520369591,False,down
WBGene00001154,0,1.0,PFEESA,-0.0627732010806455,0.724920520369591,False,down
WBGene00019629,0,1.0,PFEESA,-0.0568604468014235,0.725774757542587,False,down
WBGene00016139,0,1.0,PFEESA,0.0547662203130464,0.726241489061047,False,up
WBGene00012166,0,1.0,PFEESA,-0.0543357300447535,0.726241489061047,False,down
WBGene00019679,0,1.0,PFEESA,-0.062313374675465,0.726241489061047,False,down
WBGene00003803,0,1.0,PFEESA,-0.0633326228247256,0.726241489061047,False,down
WBGene00002247,0,1.0,PFEESA,-0.0674907958609451,0.726241489061047,False,down
WBGene00012998,0,1.0,PFEESA,-0.0712776246213453,0.726241489061047,False,down
WBGene00007934,0,1.0,PFEESA,-0.0786971156694643,0.726241489061047,False,down
WBGene00008401,0,0.9666666666666667,PFEESA,-0.0819754328184372,0.726241489061047,False,down
WBGene00009921,0,1.0,PFEESA,-0.11119961135873,0.726241489061047,False,down
WBGene00000399,0,1.0,PFEESA,-0.417730797421422,0.726241489061047,False,down
WBGene00004756,0,1.0,PFEESA,0.0590372775100443,0.726336925494541,False,up
WBGene00000834,0,1.0,PFEESA,-0.0473569249905116,0.726723620876939,False,down
WBGene00011806,0,0.9333333333333333,PFEESA,0.0600137735715016,0.726915029824709,False,up
WBGene00005022,0,1.0,PFEESA,-0.107402227801973,0.727476964833015,False,down
WBGene00001650,0,1.0,PFEESA,-0.0628065446948406,0.727663242599018,False,down
WBGene00003037,0,1.0,PFEESA,-0.086264361893018,0.727670228830157,False,down
WBGene00007111,0,1.0,PFEESA,-0.0575016838947313,0.728632680985286,False,down
WBGene00019481,0,1.0,PFEESA,-0.0788568244412079,0.728695200701814,False,down
WBGene00011307,0,1.0,PFEESA,-0.167060907527109,0.728695200701814,False,down
WBGene00018743,0,1.0,PFEESA,-0.101098861365135,0.729447871370352,False,down
WBGene00010984,0,1.0,PFEESA,-0.0572088874718194,0.730066775924122,False,down
WBGene00004043,0,1.0,PFEESA,-0.163097461768773,0.730939594246049,False,down
WBGene00022138,0,0.7333333333333333,PFEESA,0.0603989929421256,0.732591805235078,False,up
WBGene00000168,0,1.0,PFEESA,-0.227727841213205,0.732591805235078,False,down
WBGene00003911,0,1.0,PFEESA,-0.0501312058697775,0.732856139002089,False,down
WBGene00009812,0,1.0,PFEESA,-0.055558772768782,0.733519257013511,False,down
WBGene00022069,0,1.0,PFEESA,0.057327400280088,0.735777132776942,False,up
WBGene00009553,0,1.0,PFEESA,-0.0772985777764294,0.735813100603038,False,down
WBGene00006432,0,1.0,PFEESA,0.064109716318381,0.735864909808649,False,up
WBGene00022862,0,1.0,PFEESA,-0.0680558205586719,0.735864909808649,False,down
WBGene00013006,0,1.0,PFEESA,-0.061044620650595,0.736159075899783,False,down
WBGene00012000,0,1.0,PFEESA,-0.0598523620514183,0.736534247650991,False,down
WBGene00000479,0,1.0,PFEESA,-0.0626714125307079,0.736534247650991,False,down
WBGene00011713,0,0.8666666666666667,PFEESA,-0.0750652140470319,0.737537485485044,False,down
WBGene00009336,0,1.0,PFEESA,-0.0923740927979797,0.737728605419,False,down
WBGene00013984,0,1.0,PFEESA,-0.0925489914895068,0.737973307550319,False,down
WBGene00004385,0,1.0,PFEESA,-0.0829412090033819,0.739144567320204,False,down
WBGene00001134,0,0.9,PFEESA,0.0493840455905115,0.739812298583061,False,up
WBGene00003485,0,0.9666666666666667,PFEESA,0.106639951671775,0.739813392843642,False,up
WBGene00016140,0,1.0,PFEESA,-0.0441553563812541,0.739853701270313,False,down
WBGene00003482,0,1.0,PFEESA,-0.216130054800808,0.740087543741438,False,down
WBGene00021920,0,1.0,PFEESA,-0.0591527397417568,0.740574920927206,False,down
WBGene00015268,0,1.0,PFEESA,-0.203532569163216,0.741052592475149,False,down
WBGene00020274,0,1.0,PFEESA,-0.0733961275222161,0.741107924409571,False,down
WBGene00012714,0,1.0,PFEESA,-0.0748451778721825,0.741601458148147,False,down
WBGene00185001,0,1.0,PFEESA,-0.110094276727035,0.741614817374492,False,down
WBGene00010364,0,0.9666666666666667,PFEESA,0.0760004168987138,0.742856442349154,False,up
WBGene00017348,0,1.0,PFEESA,-0.0936738485399418,0.743212352475153,False,down
WBGene00012375,0,1.0,PFEESA,-0.0575606784995777,0.743529279181826,False,down
WBGene00004398,0,1.0,PFEESA,-0.263452371959229,0.743529279181826,False,down
WBGene00000838,0,1.0,PFEESA,0.0420289485971511,0.743946113683695,False,up
WBGene00007593,0,1.0,PFEESA,-0.0464525269274763,0.743946113683695,False,down
WBGene00003802,0,1.0,PFEESA,-0.0697300292337126,0.743946113683695,False,down
WBGene00013238,0,1.0,PFEESA,-0.0954127260190317,0.743946113683695,False,down
WBGene00000401,0,1.0,PFEESA,-0.0999865855065167,0.743946113683695,False,down
WBGene00019658,0,1.0,PFEESA,-0.101271172157649,0.743946113683695,False,down
WBGene00010771,0,1.0,PFEESA,-0.113102808696726,0.743948691524776,False,down
WBGene00014177,0,1.0,PFEESA,-0.0601426227655032,0.746637131960479,False,down
WBGene00003928,0,1.0,PFEESA,0.0685497656334512,0.74693284914229,False,up
WBGene00017062,0,1.0,PFEESA,-0.0586408327676358,0.74743973834432,False,down
WBGene00003020,0,1.0,PFEESA,-0.0760454910201102,0.74832208132637,False,down
WBGene00013790,0,1.0,PFEESA,-0.0575821785651898,0.748346144599093,False,down
WBGene00008714,0,1.0,PFEESA,-0.0848826226789858,0.748346144599093,False,down
WBGene00003991,0,1.0,PFEESA,-0.0965656861438424,0.748346144599093,False,down
WBGene00012545,0,1.0,PFEESA,-0.243084048106117,0.748346144599093,False,down
WBGene00005153,0,0.9333333333333333,PFEESA,0.0841926184010381,0.749243925373493,False,up
WBGene00007387,0,1.0,PFEESA,-0.094915852234331,0.749243925373493,False,down
WBGene00008041,0,1.0,PFEESA,-0.0923644002469566,0.749722622902552,False,down
WBGene00044063,0,1.0,PFEESA,-0.0664540648164307,0.750137238073119,False,down
WBGene00001025,0,1.0,PFEESA,-0.0423322629085358,0.750177653804859,False,down
WBGene00020558,0,0.5333333333333333,PFEESA,0.0574555745196827,0.750552774177676,False,up
WBGene00010225,0,1.0,PFEESA,0.0826089688167374,0.750653800789866,False,up
WBGene00001047,0,1.0,PFEESA,-0.0584757784568037,0.750823157707727,False,down
WBGene00010052,0,0.9333333333333333,PFEESA,0.0502470837198954,0.751230296700888,False,up
WBGene00003788,0,1.0,PFEESA,-0.0634631208426353,0.751230296700888,False,down
WBGene00019987,0,1.0,PFEESA,-0.0852568284320132,0.751230296700888,False,down
WBGene00175030,0,0.9,PFEESA,0.0669173120681137,0.751423160794409,False,up
WBGene00008642,0,1.0,PFEESA,-0.0752487041182129,0.751423160794409,False,down
WBGene00021247,0,1.0,PFEESA,-0.128472113788783,0.751704888056515,False,down
WBGene00000402,0,1.0,PFEESA,-0.409940609396628,0.752194565195091,False,down
WBGene00007668,0,1.0,PFEESA,0.0630731456238072,0.752283478494912,False,up
WBGene00014221,0,1.0,PFEESA,-0.069028907578661,0.753616779295187,False,down
WBGene00001113,0,1.0,PFEESA,-0.0693838959955022,0.753616779295187,False,down
WBGene00020511,0,1.0,PFEESA,-0.0356188903548651,0.754588673915769,False,down
WBGene00006490,0,1.0,PFEESA,-0.0506180445110369,0.75586874528343,False,down
WBGene00013168,0,1.0,PFEESA,0.0519388284300868,0.756092666206657,False,up
WBGene00001161,0,1.0,PFEESA,-0.082824147532188,0.756775436911939,False,down
WBGene00019334,0,1.0,PFEESA,-0.0586352099378988,0.757186751321762,False,down
WBGene00002092,0,1.0,PFEESA,0.248460622824012,0.75731667965392,False,up
WBGene00008963,0,1.0,PFEESA,-0.187889638145489,0.757729192014028,False,down
WBGene00001159,0,1.0,PFEESA,-0.0641026537353185,0.757905524878198,False,down
WBGene00004371,0,1.0,PFEESA,0.0508058572416503,0.757913509175642,False,up
WBGene00007235,0,1.0,PFEESA,-0.0513642257696763,0.758031475323854,False,down
WBGene00045483,0,1.0,PFEESA,-0.0591257495796725,0.758803369835461,False,down
WBGene00003406,0,1.0,PFEESA,-0.0618615250809284,0.75906328168367,False,down
WBGene00002066,0,1.0,PFEESA,-0.050675072061718,0.759265981752046,False,down
WBGene00004738,0,1.0,PFEESA,-0.0544187776594911,0.76040909174992,False,down
WBGene00010893,0,1.0,PFEESA,-0.15724848741863,0.76040909174992,False,down
WBGene00011688,0,1.0,PFEESA,-0.0558400242510378,0.760862397591465,False,down
WBGene00015803,0,1.0,PFEESA,-0.0666489158704809,0.762054810590703,False,down
WBGene00007195,0,1.0,PFEESA,-0.0782016621880982,0.762937735057024,False,down
WBGene00013532,0,1.0,PFEESA,-0.0938697159318823,0.762957749777023,False,down
WBGene00006829,0,1.0,PFEESA,-0.0695643628426176,0.763113280791147,False,down
WBGene00003963,0,1.0,PFEESA,-0.09796224669694,0.763113280791147,False,down
WBGene00005015,0,1.0,PFEESA,-0.0449830513321345,0.763399355649098,False,down
WBGene00013361,0,1.0,PFEESA,-0.0487666815302521,0.764075660749664,False,down
WBGene00001498,0,1.0,PFEESA,-0.0508203458601356,0.764345696247443,False,down
WBGene00003076,0,1.0,PFEESA,-0.0709384255880756,0.764345696247443,False,down
WBGene00009094,0,1.0,PFEESA,-0.184030651701159,0.764378432065332,False,down
WBGene00013549,0,0.5666666666666667,PFEESA,0.0416922658976085,0.766420042828543,False,up
WBGene00004156,0,1.0,PFEESA,0.140197330454735,0.767483545840633,False,up
WBGene00004726,0,0.9666666666666667,PFEESA,-0.0503580243932895,0.769152130018952,False,down
WBGene00015791,0,0.5333333333333333,PFEESA,0.0773407689333243,0.769283613242342,False,up
WBGene00021857,0,1.0,PFEESA,-0.0660149808483678,0.769720385397361,False,down
WBGene00011033,0,1.0,PFEESA,-0.0634512238083261,0.771309508885739,False,down
WBGene00018474,0,1.0,PFEESA,-0.0633494219989807,0.771317812415407,False,down
WBGene00010284,0,1.0,PFEESA,0.0358170165305414,0.772098025013832,False,up
WBGene00006715,0,0.8666666666666667,PFEESA,0.0482312619293791,0.77326268280371,False,up
WBGene00021548,0,0.9333333333333333,PFEESA,-0.0724911342235188,0.774259082639574,False,down
WBGene00008987,0,1.0,PFEESA,-0.15877682180734,0.774268722107328,False,down
WBGene00022774,0,1.0,PFEESA,-0.0556119828058113,0.775139340151239,False,down
WBGene00017774,0,1.0,PFEESA,-0.103212826100258,0.776340270922148,False,down
WBGene00017939,0,0.9666666666666667,PFEESA,-0.0636229539767468,0.77673660733124,False,down
WBGene00017798,0,1.0,PFEESA,-0.128738861036649,0.777177594158865,False,down
WBGene00010524,0,1.0,PFEESA,-0.0574797750291944,0.777248671009995,False,down
WBGene00020195,0,0.5,PFEESA,-0.0614153904370596,0.777259169645369,False,down
WBGene00012317,0,1.0,PFEESA,0.0485306225877207,0.778435647336767,False,up
WBGene00002216,0,1.0,PFEESA,0.0502604523539257,0.780301705270338,False,up
WBGene00019759,0,1.0,PFEESA,-0.18952376607118,0.780301705270338,False,down
WBGene00012343,0,1.0,PFEESA,-0.0466345107266725,0.783467044360645,False,down
WBGene00001303,0,1.0,PFEESA,-0.088172466155428,0.784650889426993,False,down
WBGene00011731,0,0.8666666666666667,PFEESA,-0.0629570159014154,0.78508415875143,False,down
WBGene00020501,0,1.0,PFEESA,-0.183748401663846,0.785447185886154,False,down
WBGene00001492,0,1.0,PFEESA,-0.0657768045061647,0.785862139061908,False,down
WBGene00016133,0,1.0,PFEESA,-0.152902111165183,0.785943769510466,False,down
WBGene00012484,0,1.0,PFEESA,-0.047732624471208,0.786020514938678,False,down
WBGene00015329,0,1.0,PFEESA,-0.0662917515322325,0.786026192220465,False,down
WBGene00000369,0,1.0,PFEESA,-0.0447247321627959,0.786479477424843,False,down
WBGene00008410,0,1.0,PFEESA,-0.0574942036024176,0.786686175596416,False,down
WBGene00022598,0,0.9333333333333333,PFEESA,-0.0612604322270157,0.787984757169843,False,down
WBGene00012423,0,0.8333333333333334,PFEESA,0.0518725104198787,0.788146667890418,False,up
WBGene00007943,0,1.0,PFEESA,-0.0511268621867584,0.788146667890418,False,down
WBGene00013405,0,1.0,PFEESA,-0.119687185259203,0.788146667890418,False,down
WBGene00018737,0,0.5,PFEESA,-0.166401277765781,0.788146667890418,False,down
WBGene00000206,0,1.0,PFEESA,-0.0606289337986552,0.788939268580888,False,down
WBGene00016446,0,0.9333333333333333,PFEESA,0.0577389271049466,0.789107817172232,False,up
WBGene00012896,0,1.0,PFEESA,-0.0425287965893299,0.789107817172232,False,down
WBGene00302993,0,1.0,PFEESA,-0.331680566401357,0.789107817172232,False,down
WBGene00022697,0,1.0,PFEESA,-0.0450256441600746,0.789548442075808,False,down
WBGene00011803,0,1.0,PFEESA,0.125849155062678,0.789718398936521,False,up
WBGene00013237,0,1.0,PFEESA,-0.07351912889841,0.789777765087385,False,down
WBGene00000065,0,1.0,PFEESA,0.0672256119560704,0.789905431552787,False,up
WBGene00013362,0,1.0,PFEESA,0.0631368671767407,0.790222447209164,False,up
WBGene00019953,0,1.0,PFEESA,-0.0542419823525935,0.790563769685222,False,down
WBGene00022734,0,1.0,PFEESA,-0.0540217002486489,0.791090509605575,False,down
WBGene00006940,0,0.8,PFEESA,-0.0937815140496245,0.791283364117914,False,down
WBGene00009408,0,1.0,PFEESA,-0.0841867850401585,0.791929202797234,False,down
WBGene00020215,0,1.0,PFEESA,-0.0715683726268029,0.792029054234378,False,down
WBGene00000550,0,1.0,PFEESA,-0.0599963630171912,0.794011102413759,False,down
WBGene00009006,0,1.0,PFEESA,-0.0526548006574364,0.794178972109761,False,down
WBGene00006494,0,1.0,PFEESA,0.0571204633082582,0.794443783006577,False,up
WBGene00007463,0,1.0,PFEESA,-0.0524555784822948,0.794874507991424,False,down
WBGene00010847,0,1.0,PFEESA,-0.046664422376325,0.79494069722159,False,down
WBGene00006672,0,1.0,PFEESA,-0.0547737748233857,0.795506587947303,False,down
WBGene00021441,0,1.0,PFEESA,-0.126891047899144,0.796446475393466,False,down
WBGene00007696,0,1.0,PFEESA,-0.0836828637502113,0.797386162762955,False,down
WBGene00021934,0,1.0,PFEESA,-0.056567020075156,0.797473901309503,False,down
WBGene00019663,0,1.0,PFEESA,-0.0599593049380369,0.797473901309503,False,down
WBGene00015298,0,1.0,PFEESA,-0.170087741139367,0.797473901309503,False,down
WBGene00022420,0,1.0,PFEESA,-0.0485213135214009,0.797510124129182,False,down
WBGene00020097,0,1.0,PFEESA,-0.0382106846024793,0.797636610342517,False,down
WBGene00013557,0,0.8333333333333334,PFEESA,0.0368833068161738,0.798024610701347,False,up
WBGene00008405,0,0.9333333333333333,PFEESA,-0.0389910672137876,0.798456298005099,False,down
WBGene00003675,0,1.0,PFEESA,-0.104696663151989,0.799232795912468,False,down
WBGene00021840,0,0.9333333333333333,PFEESA,0.0652889561695762,0.799457830737907,False,up
WBGene00010685,0,1.0,PFEESA,-0.062342303387705,0.799457830737907,False,down
WBGene00017990,0,1.0,PFEESA,-0.0690188175936599,0.799457830737907,False,down
WBGene00004228,0,1.0,PFEESA,-0.0857335991876268,0.799457830737907,False,down
WBGene00045379,0,1.0,PFEESA,-0.0765483979815611,0.799688733810025,False,down
WBGene00012046,0,1.0,PFEESA,-0.313502277969926,0.799828921929686,False,down
WBGene00007573,0,1.0,PFEESA,-0.125757100867765,0.800529558705757,False,down
WBGene00006496,0,1.0,PFEESA,-0.0519497055369638,0.800722972894472,False,down
WBGene00020115,0,1.0,PFEESA,-0.0541739883131444,0.80145642401859,False,down
WBGene00020250,0,1.0,PFEESA,-0.319423782502342,0.80145642401859,False,down
WBGene00008292,0,1.0,PFEESA,-0.341985257290613,0.801622709885521,False,down
WBGene00017773,0,1.0,PFEESA,0.0385286437330941,0.802735743147039,False,up
WBGene00000197,0,1.0,PFEESA,-0.0446091980141328,0.803418272629186,False,down
WBGene00010075,0,1.0,PFEESA,-0.0604781953566009,0.803991028932281,False,down
WBGene00006882,0,0.9,PFEESA,0.0543220597091012,0.8040948255684,False,up
WBGene00013740,0,1.0,PFEESA,-0.0510875452642333,0.8040948255684,False,down
WBGene00019401,0,1.0,PFEESA,-0.030842050636835,0.805550529003347,False,down
WBGene00001031,0,1.0,PFEESA,-0.0487153130802058,0.805550529003347,False,down
WBGene00004270,0,1.0,PFEESA,-0.0593999883193462,0.805953282105362,False,down
WBGene00015157,0,1.0,PFEESA,-0.055922911376332,0.806027692831348,False,down
WBGene00000961,0,0.9333333333333333,PFEESA,-0.0692754491122798,0.806234688184876,False,down
WBGene00019333,0,0.9333333333333333,PFEESA,-0.035057110732246,0.806320500513148,False,down
WBGene00016113,0,1.0,PFEESA,0.0462715433948616,0.806561953710742,False,up
WBGene00021248,0,1.0,PFEESA,-0.100562775811499,0.806561953710742,False,down
WBGene00009542,0,1.0,PFEESA,0.0541045977202214,0.809060499160621,False,up
WBGene00006795,0,1.0,PFEESA,-0.0968896254021749,0.810413942447912,False,down
WBGene00021420,0,1.0,PFEESA,-0.097380988597679,0.810413942447912,False,down
WBGene00002025,0,1.0,PFEESA,-0.104095416262163,0.810413942447912,False,down
WBGene00010725,0,1.0,PFEESA,-0.0479357357072382,0.811864581753031,False,down
WBGene00020719,0,1.0,PFEESA,-0.0359715448316227,0.812646000059074,False,down
WBGene00006920,0,1.0,PFEESA,0.0429644087939344,0.812948519624322,False,up
WBGene00010922,0,1.0,PFEESA,-0.053237299190294,0.812948519624322,False,down
WBGene00011480,0,1.0,PFEESA,-0.0582106410759686,0.812948519624322,False,down
WBGene00019003,0,1.0,PFEESA,0.0557787101889655,0.813293536326943,False,up
WBGene00016898,0,1.0,PFEESA,-0.064173550879938,0.814804401735466,False,down
WBGene00011831,0,1.0,PFEESA,-0.148952158677302,0.814804401735466,False,down
WBGene00006934,0,1.0,PFEESA,-0.0342330376645567,0.814808396081831,False,down
WBGene00012124,0,1.0,PFEESA,-0.0545612710639333,0.814808396081831,False,down
WBGene00003790,0,1.0,PFEESA,-0.0475893810438697,0.815086647814891,False,down
WBGene00022564,0,0.9666666666666667,PFEESA,0.129548700607316,0.815442790718743,False,up
WBGene00019276,0,0.9666666666666667,PFEESA,-0.0447492577012456,0.816892281269601,False,down
WBGene00010094,0,0.9333333333333333,PFEESA,-0.0573261356539941,0.817192207414446,False,down
WBGene00015940,0,1.0,PFEESA,0.0509273647244221,0.81726924105386,False,up
WBGene00015956,0,1.0,PFEESA,-0.0357432382964103,0.81726924105386,False,down
WBGene00009404,0,1.0,PFEESA,0.102953214592247,0.817519238825566,False,up
WBGene00021406,0,1.0,PFEESA,0.0482078066456502,0.817519238825566,False,up
WBGene00016793,0,1.0,PFEESA,0.0478971413069897,0.817519238825566,False,up
WBGene00017280,0,1.0,PFEESA,-0.0445959914791548,0.817519238825566,False,down
WBGene00002213,0,1.0,PFEESA,-0.0468489902573826,0.817519238825566,False,down
WBGene00015344,0,1.0,PFEESA,-0.0521977189604137,0.817519238825566,False,down
WBGene00000883,0,1.0,PFEESA,-0.0611717187475659,0.817519238825566,False,down
WBGene00018418,0,1.0,PFEESA,-0.244629976645559,0.817519238825566,False,down
WBGene00012386,0,1.0,PFEESA,0.0324843215789251,0.817532528168852,False,up
WBGene00001331,0,1.0,PFEESA,-0.0608400967546263,0.817532528168852,False,down
WBGene00003047,0,0.9666666666666667,PFEESA,0.0316482931546313,0.817842468937507,False,up
WBGene00012236,0,0.9,PFEESA,-0.0839594811945814,0.820882496833393,False,down
WBGene00002244,0,1.0,PFEESA,-0.0571537091085799,0.820924868831312,False,down
WBGene00000891,0,1.0,PFEESA,-0.0480790700368112,0.820991605194162,False,down
WBGene00022416,0,1.0,PFEESA,0.0670867235174241,0.821816950821897,False,up
WBGene00000222,0,1.0,PFEESA,0.0532992545747978,0.821816950821897,False,up
WBGene00015096,0,1.0,PFEESA,-0.0696455674761986,0.821816950821897,False,down
WBGene00021931,0,1.0,PFEESA,-0.219525377277642,0.821816950821897,False,down
WBGene00001816,0,1.0,PFEESA,-0.0622283249049445,0.822095318906559,False,down
WBGene00016812,0,1.0,PFEESA,0.0485352191846109,0.822540068153013,False,up
WBGene00006826,0,1.0,PFEESA,-0.0389628683663878,0.822540068153013,False,down
WBGene00022492,0,1.0,PFEESA,-0.0539848534435041,0.822540068153013,False,down
WBGene00004134,0,1.0,PFEESA,-0.122006169441093,0.822548077058913,False,down
WBGene00000995,0,1.0,PFEESA,-0.0792089809169766,0.823414145592786,False,down
WBGene00009371,0,1.0,PFEESA,-0.209084370552548,0.823414145592786,False,down
WBGene00003160,0,1.0,PFEESA,-0.0338725215553916,0.823492839033487,False,down
WBGene00007514,0,1.0,PFEESA,0.0536382255618829,0.823549536171664,False,up
WBGene00000196,0,1.0,PFEESA,-0.0488485324847736,0.823549536171664,False,down
WBGene00013344,0,1.0,PFEESA,-0.0585158500206357,0.823692631912456,False,down
WBGene00007479,0,1.0,PFEESA,-0.200527522613284,0.824613005037891,False,down
WBGene00021784,0,1.0,PFEESA,-0.0446974743347685,0.825085437685356,False,down
WBGene00019855,0,1.0,PFEESA,-0.0656487146995668,0.825603451967083,False,down
WBGene00001061,0,1.0,PFEESA,-0.0499930527724649,0.825744291043908,False,down
WBGene00021831,0,1.0,PFEESA,-0.0292613956690017,0.825764297188897,False,down
WBGene00004774,0,1.0,PFEESA,-0.0355963796957318,0.82619579243539,False,down
WBGene00004214,0,1.0,PFEESA,-0.0382687740510411,0.826841048811832,False,down
WBGene00011488,0,1.0,PFEESA,-0.0564948274227448,0.827194366931329,False,down
WBGene00001638,0,0.9333333333333333,PFEESA,0.0461959976311342,0.827536553459215,False,up
WBGene00003805,0,1.0,PFEESA,-0.0676053157273234,0.827717260502672,False,down
WBGene00009880,0,1.0,PFEESA,-0.0677130968052788,0.827717260502672,False,down
WBGene00012829,0,0.9333333333333333,PFEESA,-0.0382932711449547,0.828291541249109,False,down
WBGene00022182,0,1.0,PFEESA,-0.0544177166352849,0.828291541249109,False,down
WBGene00012513,0,1.0,PFEESA,-0.070439060558856,0.828291541249109,False,down
WBGene00007859,0,1.0,PFEESA,-0.05722506332813,0.828456776349427,False,down
WBGene00009133,0,1.0,PFEESA,-0.155514533508511,0.830141204230678,False,down
WBGene00022202,0,1.0,PFEESA,-0.049015278574957,0.830376682665553,False,down
WBGene00006958,0,1.0,PFEESA,-0.0374593629960458,0.830634598592991,False,down
WBGene00004189,0,1.0,PFEESA,-0.0479953828080448,0.830634598592991,False,down
WBGene00020999,0,1.0,PFEESA,-0.0668535035981337,0.830634598592991,False,down
WBGene00003144,0,0.9666666666666667,PFEESA,-0.038641306993164,0.830765509362164,False,down
WBGene00018682,0,1.0,PFEESA,-0.166435436441318,0.830803345423905,False,down
WBGene00003926,0,0.9666666666666667,PFEESA,0.0459533545430393,0.831069243908852,False,up
WBGene00018781,0,1.0,PFEESA,-0.0553060603868894,0.831432895700053,False,down
WBGene00004383,0,1.0,PFEESA,-0.0667167113922313,0.831541676628189,False,down
WBGene00004978,0,1.0,PFEESA,-0.0503536714393628,0.831888022380993,False,down
WBGene00302980,0,1.0,PFEESA,-0.0425857530084484,0.832284622316935,False,down
WBGene00001169,0,1.0,PFEESA,-0.0599530490062362,0.832506183336787,False,down
WBGene00004764,0,0.9666666666666667,PFEESA,-0.0686665528418011,0.832618409950119,False,down
WBGene00003703,0,1.0,PFEESA,-0.13099607350673,0.832618409950119,False,down
WBGene00011139,0,0.9333333333333333,PFEESA,0.0932398194655493,0.832717503994942,False,up
WBGene00044061,0,1.0,PFEESA,-0.0589908013852025,0.832717503994942,False,down
WBGene00011443,0,1.0,PFEESA,-0.138797705106996,0.832717503994942,False,down
WBGene00008431,0,0.7666666666666667,PFEESA,0.0463207866684585,0.832965717456181,False,up
WBGene00013530,0,1.0,PFEESA,0.0368467580469521,0.832965717456181,False,up
WBGene00000379,0,1.0,PFEESA,-0.0382846277721087,0.832965717456181,False,down
WBGene00007504,0,0.9666666666666667,PFEESA,-0.0553669558659978,0.832965717456181,False,down
WBGene00001337,0,1.0,PFEESA,-0.0336755920440806,0.833649595293218,False,down
WBGene00012341,0,1.0,PFEESA,-0.0376672809369927,0.833649595293218,False,down
WBGene00022153,0,1.0,PFEESA,-0.0410021402370152,0.833649595293218,False,down
WBGene00009189,0,1.0,PFEESA,-0.0490843215436245,0.833649595293218,False,down
WBGene00002007,0,1.0,PFEESA,-0.0506102782625576,0.833649595293218,False,down
WBGene00006793,0,1.0,PFEESA,-0.0723825866841739,0.833649595293218,False,down
WBGene00006359,0,1.0,PFEESA,-0.0547397030054372,0.833673678667594,False,down
WBGene00010097,0,1.0,PFEESA,-0.0369145424377283,0.833907653564175,False,down
WBGene00013668,0,1.0,PFEESA,0.0554978512848672,0.83482578768831,False,up
WBGene00000585,0,1.0,PFEESA,0.0481996042175162,0.83482578768831,False,up
WBGene00007529,0,1.0,PFEESA,0.0394568065014741,0.83482578768831,False,up
WBGene00000080,0,0.5333333333333333,PFEESA,-0.0396720397904371,0.83482578768831,False,down
WBGene00009322,0,1.0,PFEESA,-0.0513574348974467,0.83482578768831,False,down
WBGene00007625,0,1.0,PFEESA,-0.0508206166958335,0.835554322253489,False,down
WBGene00020691,0,1.0,PFEESA,0.103022681313906,0.835801247980292,False,up
WBGene00015145,0,0.5333333333333333,PFEESA,-0.0483911819067762,0.835811932806127,False,down
WBGene00002062,0,0.5,PFEESA,-0.0541921439539194,0.835811932806127,False,down
WBGene00003939,0,0.8666666666666667,PFEESA,0.0687369842756955,0.836604234497472,False,up
WBGene00006921,0,0.9666666666666667,PFEESA,0.0417909993477749,0.836604234497472,False,up
WBGene00022380,0,1.0,PFEESA,0.0383016915442227,0.836604234497472,False,up
WBGene00022134,0,1.0,PFEESA,-0.0348184732912846,0.836604234497472,False,down
WBGene00001815,0,1.0,PFEESA,-0.0436523390949065,0.837500296122909,False,down
WBGene00020068,0,1.0,PFEESA,-0.0395500305573836,0.837673867678594,False,down
WBGene00021681,0,1.0,PFEESA,-0.0367751186029938,0.838208529829981,False,down
WBGene00002028,0,1.0,PFEESA,0.0404868847419255,0.838337865934086,False,up
WBGene00022121,0,0.7,PFEESA,0.0389899603584428,0.838337865934086,False,up
WBGene00013803,0,0.9666666666666667,PFEESA,-0.0264717572376237,0.838337865934086,False,down
WBGene00022044,0,1.0,PFEESA,-0.0341022665040388,0.838337865934086,False,down
WBGene00000248,0,1.0,PFEESA,-0.0455758359139697,0.838337865934086,False,down
WBGene00022129,0,0.9666666666666667,PFEESA,-0.0794131316078556,0.838337865934086,False,down
WBGene00010833,0,0.9666666666666667,PFEESA,-0.109349812307263,0.838337865934086,False,down
WBGene00019030,0,0.9666666666666667,PFEESA,-0.118158228526985,0.839133862450781,False,down
WBGene00003925,0,1.0,PFEESA,0.0473421623721118,0.83973990211418,False,up
WBGene00006836,0,1.0,PFEESA,0.0342558851773721,0.839900285419528,False,up
WBGene00015481,0,1.0,PFEESA,-0.0300048510099119,0.840802561836564,False,down
WBGene00019077,0,1.0,PFEESA,-0.050581788143134,0.840802561836564,False,down
WBGene00018239,0,1.0,PFEESA,-0.0575308587204455,0.840802561836564,False,down
WBGene00022117,0,1.0,PFEESA,-0.0603750587574848,0.840802561836564,False,down
WBGene00021963,0,1.0,PFEESA,-0.156986168072135,0.840802561836564,False,down
WBGene00003048,0,1.0,PFEESA,0.0457346170912838,0.841409940634198,False,up
WBGene00003065,0,1.0,PFEESA,-0.03254597291419,0.841409940634198,False,down
WBGene00002152,0,1.0,PFEESA,-0.0324771018765648,0.842967191819962,False,down
WBGene00011846,0,0.9333333333333333,PFEESA,-0.0980691430435146,0.842967191819962,False,down
WBGene00006856,0,1.0,PFEESA,0.0390994715885449,0.843143318836103,False,up
WBGene00018431,0,1.0,PFEESA,-0.0525949023578852,0.843331515365825,False,down
WBGene00021305,0,0.7666666666666667,PFEESA,0.0285624448323783,0.843547617635561,False,up
WBGene00017169,0,1.0,PFEESA,-0.0444104921854064,0.844082767182813,False,down
WBGene00044630,0,0.9666666666666667,PFEESA,0.0535756534437779,0.844477125064764,False,up
WBGene00006565,0,1.0,PFEESA,0.0773618214113339,0.844604127321114,False,up
WBGene00001186,0,0.9333333333333333,PFEESA,0.0616392695249761,0.844805581700796,False,up
WBGene00012950,0,1.0,PFEESA,0.0489868440382149,0.844831383522288,False,up
WBGene00002071,0,1.0,PFEESA,-0.0502241849201038,0.844831383522288,False,down
WBGene00008514,0,1.0,PFEESA,-0.0320921123645396,0.84485175808147,False,down
WBGene00000987,0,1.0,PFEESA,-0.0416345083198476,0.844915100748817,False,down
WBGene00001000,0,1.0,PFEESA,0.0291458402992986,0.844961555508527,False,up
WBGene00007169,0,1.0,PFEESA,-0.182971753107219,0.844962716928425,False,down
WBGene00016629,0,1.0,PFEESA,-0.074928043885689,0.845596298237925,False,down
WBGene00009204,0,1.0,PFEESA,-0.0503224722940419,0.845879334946636,False,down
WBGene00006626,0,1.0,PFEESA,-0.070367577959872,0.845916812761992,False,down
WBGene00018987,0,1.0,PFEESA,-0.0535467469476313,0.846526213056264,False,down
WBGene00020798,0,1.0,PFEESA,-0.0451468540918042,0.846886373982847,False,down
WBGene00021636,0,1.0,PFEESA,0.0431459174575709,0.847326664971507,False,up
WBGene00017065,0,1.0,PFEESA,-0.0376009225122737,0.847326664971507,False,down
WBGene00018151,0,1.0,PFEESA,-0.0395125002962481,0.847479556548693,False,down
WBGene00017426,0,1.0,PFEESA,-0.0466113165954212,0.847479556548693,False,down
WBGene00020487,0,1.0,PFEESA,-0.205448438790849,0.847479556548693,False,down
WBGene00010815,0,0.9333333333333333,PFEESA,0.0475084730000338,0.847558944152877,False,up
WBGene00009290,0,0.9666666666666667,PFEESA,0.0264633266465363,0.847558944152877,False,up
WBGene00000157,0,1.0,PFEESA,0.046429415005252,0.848995675447967,False,up
WBGene00003229,0,1.0,PFEESA,-0.0541133023169457,0.849177314823797,False,down
WBGene00021613,0,1.0,PFEESA,-0.0301620486066469,0.849778926647808,False,down
WBGene00009944,0,1.0,PFEESA,-0.0457278965022419,0.849804682163464,False,down
WBGene00001057,0,0.9666666666666667,PFEESA,-0.0254913683391785,0.850170567965289,False,down
WBGene00020636,0,1.0,PFEESA,-0.0315030420370217,0.85053605017131,False,down
WBGene00000238,0,1.0,PFEESA,0.0465415366175239,0.850792224282914,False,up
WBGene00001511,0,1.0,PFEESA,-0.0759499234937669,0.85082447094979,False,down
WBGene00013924,0,1.0,PFEESA,0.0419324691258549,0.850933013693357,False,up
WBGene00010941,0,0.9666666666666667,PFEESA,0.0363898713307454,0.850933013693357,False,up
WBGene00010677,0,1.0,PFEESA,-0.0376309450296012,0.851785484480756,False,down
WBGene00022516,0,1.0,PFEESA,-0.0394732219198417,0.851961601396616,False,down
WBGene00016374,0,1.0,PFEESA,-0.0394589933797301,0.85400138797997,False,down
WBGene00022122,0,1.0,PFEESA,-0.0602683342189,0.855210240897515,False,down
WBGene00007626,0,1.0,PFEESA,0.0363784512013597,0.855224560019361,False,up
WBGene00007402,0,1.0,PFEESA,-0.0850757628831999,0.855224560019361,False,down
WBGene00008397,0,1.0,PFEESA,-0.0331787766995229,0.855967433601857,False,down
WBGene00003082,0,1.0,PFEESA,-0.0465335537780928,0.85668411433049,False,down
WBGene00008411,0,1.0,PFEESA,-0.0414714349270212,0.857162845719527,False,down
WBGene00012804,0,1.0,PFEESA,-0.0420716342803293,0.857162845719527,False,down
WBGene00001406,0,0.8666666666666667,PFEESA,-0.0507931782591809,0.8584415678359,False,down
WBGene00013862,0,1.0,PFEESA,-0.065969046107787,0.858640788218059,False,down
WBGene00009981,0,1.0,PFEESA,0.0705912245152204,0.858816810543153,False,up
WBGene00016355,0,0.8,PFEESA,-0.0553138011113633,0.858872281663311,False,down
WBGene00002110,0,1.0,PFEESA,-0.0779430615861397,0.858922386341339,False,down
WBGene00003622,0,1.0,PFEESA,-0.0918516405015028,0.858922386341339,False,down
WBGene00016408,0,1.0,PFEESA,-0.0271987243423993,0.859872604116494,False,down
WBGene00019245,0,0.9333333333333333,PFEESA,-0.0375276116738278,0.859872604116494,False,down
WBGene00005194,0,0.5666666666666667,PFEESA,-0.139331942403476,0.859872604116494,False,down
WBGene00010033,0,1.0,PFEESA,-0.160472040708807,0.860032522486154,False,down
WBGene00011857,0,1.0,PFEESA,-0.0535053886099245,0.86023748866718,False,down
WBGene00022488,0,1.0,PFEESA,-0.0997578749395466,0.86023748866718,False,down
WBGene00017768,0,1.0,PFEESA,0.0297700864040968,0.860402930872553,False,up
WBGene00003920,0,1.0,PFEESA,-0.0228752779775081,0.86158557658471,False,down
WBGene00002219,0,1.0,PFEESA,-0.0335314198981741,0.862277411657378,False,down
WBGene00011527,0,0.9333333333333333,PFEESA,-0.0336841351647625,0.862580353603587,False,down
WBGene00010858,0,0.9,PFEESA,-0.0580185071433845,0.862580353603587,False,down
WBGene00003567,0,1.0,PFEESA,-0.0343592735913722,0.863902404074549,False,down
WBGene00019277,0,0.9666666666666667,PFEESA,-0.0636500012509026,0.864006280476717,False,down
WBGene00009002,0,0.9666666666666667,PFEESA,-0.0379069333599571,0.865011610118245,False,down
WBGene00004283,0,1.0,PFEESA,-0.0394006061549535,0.865369650481045,False,down
WBGene00013724,0,1.0,PFEESA,0.0410806549599575,0.865587043686907,False,up
WBGene00011638,0,1.0,PFEESA,-0.0408817196722867,0.865587043686907,False,down
WBGene00006675,0,1.0,PFEESA,-0.0552529315799455,0.865702528590348,False,down
WBGene00013360,0,1.0,PFEESA,0.028110945919755,0.865841752788176,False,up
WBGene00018960,0,1.0,PFEESA,-0.0443030299988825,0.866842102165925,False,down
WBGene00020437,0,1.0,PFEESA,-0.0376331099261983,0.867506574504247,False,down
WBGene00008860,0,1.0,PFEESA,-0.0615242341746038,0.867715901942836,False,down
WBGene00007043,0,1.0,PFEESA,-0.0475705823870782,0.869048303447269,False,down
WBGene00008503,0,1.0,PFEESA,-0.0685972193887196,0.8698476879766,False,down
WBGene00020561,0,1.0,PFEESA,-0.119486945207156,0.8698476879766,False,down
WBGene00001035,0,1.0,PFEESA,-0.0393251111938262,0.870596735365222,False,down
WBGene00017570,0,1.0,PFEESA,0.143097451743582,0.871173381493773,False,up
WBGene00016888,0,1.0,PFEESA,-0.0364236013710147,0.871415072182362,False,down
WBGene00006307,0,1.0,PFEESA,-0.0319893591768786,0.87167364487098,False,down
WBGene00004989,0,1.0,PFEESA,0.110657065447542,0.872866788967747,False,up
WBGene00001630,0,1.0,PFEESA,0.0285086138353955,0.873304189926016,False,up
WBGene00021227,0,1.0,PFEESA,0.0540324562183422,0.873529462690012,False,up
WBGene00007770,0,1.0,PFEESA,0.104351601315247,0.873571181182907,False,up
WBGene00000549,0,1.0,PFEESA,-0.0289661747062211,0.873571181182907,False,down
WBGene00018181,0,1.0,PFEESA,-0.0365661374535985,0.873571181182907,False,down
WBGene00021329,0,1.0,PFEESA,-0.0456283109289752,0.873571181182907,False,down
WBGene00022022,0,1.0,PFEESA,-0.053773042547627,0.873571181182907,False,down
WBGene00010118,0,0.9666666666666667,PFEESA,0.12419239535871,0.873713901019629,False,up
WBGene00020442,0,0.9666666666666667,PFEESA,-0.0323052191234479,0.873713901019629,False,down
WBGene00018391,0,1.0,PFEESA,-0.0415053909513935,0.873713901019629,False,down
WBGene00017028,0,1.0,PFEESA,-0.0475596344153276,0.873713901019629,False,down
WBGene00008578,0,1.0,PFEESA,0.0464871991136067,0.874966471484844,False,up
WBGene00000774,0,1.0,PFEESA,0.0363467119120677,0.874966471484844,False,up
WBGene00006868,0,1.0,PFEESA,0.0369825071971698,0.875573358636654,False,up
WBGene00021933,0,1.0,PFEESA,0.0390744160837022,0.877564195553715,False,up
WBGene00006815,0,1.0,PFEESA,-0.0216213607040779,0.877564195553715,False,down
WBGene00015404,0,1.0,PFEESA,-0.0366983959383641,0.878307914387917,False,down
WBGene00007197,0,1.0,PFEESA,-0.0475892064993489,0.878379978448526,False,down
WBGene00007622,0,1.0,PFEESA,-0.0606038185223639,0.878379978448526,False,down
WBGene00021783,0,1.0,PFEESA,0.0244320405961489,0.878478988662396,False,up
WBGene00003514,0,1.0,PFEESA,-0.0483982699771047,0.878735405208103,False,down
WBGene00019717,0,0.7666666666666667,PFEESA,-0.0498723650122997,0.878735405208103,False,down
WBGene00000274,0,1.0,PFEESA,-0.0328078333739368,0.878875977150338,False,down
WBGene00016055,0,1.0,PFEESA,-0.0424041640143754,0.878875977150338,False,down
WBGene00009784,0,1.0,PFEESA,0.0342942065788897,0.880034250276899,False,up
WBGene00000765,0,1.0,PFEESA,-0.039941330264957,0.880158829948089,False,down
WBGene00021021,0,1.0,PFEESA,-0.0479390281930095,0.88020204468769,False,down
WBGene00004307,0,1.0,PFEESA,-0.0257455855912647,0.880586836339623,False,down
WBGene00004395,0,1.0,PFEESA,-0.0497938813593296,0.880892319320728,False,down
WBGene00012665,0,1.0,PFEESA,-0.0274267359813874,0.881544196421561,False,down
WBGene00015523,0,1.0,PFEESA,-0.117406244439765,0.881544196421561,False,down
WBGene00021932,0,1.0,PFEESA,0.0417222837271646,0.881560931426925,False,up
WBGene00001747,0,1.0,PFEESA,-0.0195464599737791,0.881560931426925,False,down
WBGene00020950,0,0.9333333333333333,PFEESA,0.0181587750978717,0.882155250466961,False,up
WBGene00012983,0,1.0,PFEESA,-0.0248610021595863,0.882569298730765,False,down
WBGene00185048,0,0.9666666666666667,PFEESA,-0.046525939048863,0.882618371012815,False,down
WBGene00013737,0,1.0,PFEESA,-0.0274554821093313,0.882647845156545,False,down
WBGene00008258,0,0.5333333333333333,PFEESA,-0.0276050373919669,0.884974184476694,False,down
WBGene00015802,0,1.0,PFEESA,0.0396454012715042,0.885396280376999,False,up
WBGene00014156,0,1.0,PFEESA,-0.0745342414608783,0.885396280376999,False,down
WBGene00021888,0,1.0,PFEESA,-0.0397075921360103,0.885403935849097,False,down
WBGene00007028,0,1.0,PFEESA,0.0302461240791399,0.886303909359654,False,up
WBGene00001637,0,1.0,PFEESA,-0.0463619764331391,0.886303909359654,False,down
WBGene00000381,0,1.0,PFEESA,-0.0291944609595421,0.886324900100177,False,down
WBGene00011481,0,1.0,PFEESA,-0.037571313481347,0.886376207336427,False,down
WBGene00012018,0,1.0,PFEESA,0.046473466655238,0.886658002285446,False,up
WBGene00013765,0,1.0,PFEESA,-0.0384168738970054,0.886928746761032,False,down
WBGene00011037,0,1.0,PFEESA,-0.0385784656729908,0.88709503438319,False,down
WBGene00000836,0,1.0,PFEESA,0.0300949987732336,0.887100011194711,False,up
WBGene00000424,0,0.9333333333333333,PFEESA,-0.0273042297392053,0.887597819477085,False,down
WBGene00013311,0,1.0,PFEESA,-0.053852636679567,0.887597819477085,False,down
WBGene00006059,0,1.0,PFEESA,0.0284258082943114,0.888682753678299,False,up
WBGene00011144,0,1.0,PFEESA,-0.0217643783526349,0.888682753678299,False,down
WBGene00000962,0,1.0,PFEESA,-0.024213789716775,0.888682753678299,False,down
WBGene00011796,0,1.0,PFEESA,-0.151841300118877,0.888682753678299,False,down
WBGene00011447,0,1.0,PFEESA,0.108985074875004,0.889359914719431,False,up
WBGene00000378,0,1.0,PFEESA,-0.0253132355066558,0.889359914719431,False,down
WBGene00016170,0,0.9666666666666667,PFEESA,-0.0259079600544817,0.889359914719431,False,down
WBGene00022615,0,1.0,PFEESA,-0.037531923196999,0.889359914719431,False,down
WBGene00018744,0,1.0,PFEESA,-0.0560104046092411,0.889359914719431,False,down
WBGene00044138,0,1.0,PFEESA,-0.106766262310059,0.889359914719431,False,down
WBGene00004229,0,1.0,PFEESA,-0.110455496181046,0.889359914719431,False,down
WBGene00012934,0,1.0,PFEESA,-0.0246694444287344,0.889445742462313,False,down
WBGene00000182,0,1.0,PFEESA,-0.0248134302053093,0.889466878431596,False,down
WBGene00008645,0,0.8666666666666667,PFEESA,-0.0261097822907375,0.889741297513694,False,down
WBGene00006537,0,1.0,PFEESA,-0.0408125694539275,0.88989413247697,False,down
WBGene00006590,0,1.0,PFEESA,0.0352321060752127,0.88993920686177,False,up
WBGene00002127,0,1.0,PFEESA,-0.0352507925641328,0.890282453691856,False,down
WBGene00007062,0,1.0,PFEESA,-0.0402241327621681,0.890711832540721,False,down
WBGene00000377,0,1.0,PFEESA,-0.0282562287617403,0.891295572700895,False,down
WBGene00017999,0,1.0,PFEESA,-0.044634814935982,0.891295572700895,False,down
WBGene00016104,0,1.0,PFEESA,-0.056224356761481,0.891295572700895,False,down
WBGene00019209,0,1.0,PFEESA,0.0264754368859344,0.891855498612797,False,up
WBGene00022361,0,1.0,PFEESA,0.0218243112396461,0.892126972924473,False,up
WBGene00006437,0,1.0,PFEESA,-0.0207200001665753,0.892126972924473,False,down
WBGene00006529,0,1.0,PFEESA,-0.0365042906745495,0.892126972924473,False,down
WBGene00004755,0,1.0,PFEESA,0.0360508540896413,0.892581319234406,False,up
WBGene00011971,0,1.0,PFEESA,0.0335974886050051,0.893418733007047,False,up
WBGene00020479,0,1.0,PFEESA,-0.0446137117868715,0.893418733007047,False,down
WBGene00001235,0,1.0,PFEESA,-0.0343947532462955,0.893443301696217,False,down
WBGene00044608,0,1.0,PFEESA,-0.0380463093928076,0.893657014234095,False,down
WBGene00013312,0,1.0,PFEESA,0.0453683496747845,0.893761993979673,False,up
WBGene00014219,0,1.0,PFEESA,0.0292072138508103,0.894224660349118,False,up
WBGene00018951,0,0.9333333333333333,PFEESA,-0.0389543677457652,0.894691092936959,False,down
WBGene00012429,0,0.9,PFEESA,0.118745158945886,0.895085539582457,False,up
WBGene00018210,0,1.0,PFEESA,0.0395186769867518,0.895085539582457,False,up
WBGene00007017,0,1.0,PFEESA,-0.0283398682260106,0.895085539582457,False,down
WBGene00019322,0,1.0,PFEESA,-0.0711109212782413,0.895085539582457,False,down
WBGene00012396,0,1.0,PFEESA,-0.055277148431184,0.895797539538733,False,down
WBGene00012123,0,0.9,PFEESA,0.048618258364888,0.89676364561579,False,up
WBGene00008924,0,1.0,PFEESA,-0.0317139172529825,0.89676364561579,False,down
WBGene00044032,0,1.0,PFEESA,-0.118332701721457,0.89676364561579,False,down
WBGene00008122,0,1.0,PFEESA,-0.0510606260634637,0.897015267075426,False,down
WBGene00022759,0,0.9,PFEESA,-0.0182031164886527,0.897192478997771,False,down
WBGene00008166,0,1.0,PFEESA,-0.02365324960376,0.897192478997771,False,down
WBGene00022154,0,1.0,PFEESA,0.0423023510028782,0.897267400008697,False,up
WBGene00022793,0,1.0,PFEESA,-0.0287924164266925,0.897807005208744,False,down
WBGene00000183,0,1.0,PFEESA,0.030635720860741,0.898013885734013,False,up
WBGene00008426,0,1.0,PFEESA,-0.0280746900061928,0.899054365357249,False,down
WBGene00011398,0,1.0,PFEESA,0.0417313856099096,0.899307670931291,False,up
WBGene00016439,0,1.0,PFEESA,0.0256973549224976,0.900758132814462,False,up
WBGene00003026,0,1.0,PFEESA,-0.019495436939068,0.900758132814462,False,down
WBGene00020867,0,1.0,PFEESA,0.0457478222953354,0.900795158361201,False,up
WBGene00021506,0,1.0,PFEESA,0.0289659322344098,0.900836814454916,False,up
WBGene00004050,0,0.7,PFEESA,0.0276233144228349,0.901258454562166,False,up
WBGene00020185,0,1.0,PFEESA,-0.0256838884398739,0.901618219585453,False,down
WBGene00021950,0,0.9333333333333333,PFEESA,-0.030730528817653,0.901618219585453,False,down
WBGene00020836,0,1.0,PFEESA,-0.0523112908305004,0.901840417505825,False,down
WBGene00020920,0,1.0,PFEESA,-0.0479564788939628,0.902066636909745,False,down
WBGene00011302,0,1.0,PFEESA,-0.0207443329536938,0.903063051035722,False,down
WBGene00003477,0,1.0,PFEESA,-0.0254425977674712,0.903063051035722,False,down
WBGene00006647,0,1.0,PFEESA,-0.02428472689112,0.903734907993104,False,down
WBGene00004190,0,1.0,PFEESA,-0.0361421770969199,0.903879963786442,False,down
WBGene00004090,0,1.0,PFEESA,0.0276002962931226,0.904348229914831,False,up
WBGene00001333,0,1.0,PFEESA,-0.0220935586190535,0.904749198526179,False,down
WBGene00019882,0,1.0,PFEESA,-0.0519246518631024,0.905087418786153,False,down
WBGene00022576,0,1.0,PFEESA,0.0381519257193837,0.905667053310993,False,up
WBGene00000766,0,1.0,PFEESA,-0.0265991443731997,0.905667053310993,False,down
WBGene00013458,0,1.0,PFEESA,0.0274975789352232,0.90582027085774,False,up
WBGene00021655,0,1.0,PFEESA,0.0321303847335373,0.90591911234354,False,up
WBGene00003055,0,1.0,PFEESA,-0.0641346109458249,0.90650841745343,False,down
WBGene00008877,0,0.5333333333333333,PFEESA,-0.0311919987886759,0.906987072659802,False,down
WBGene00019983,0,1.0,PFEESA,0.0310630759616994,0.907096129333973,False,up
WBGene00003806,0,1.0,PFEESA,-0.0252359680278025,0.907327099042585,False,down
WBGene00001628,0,1.0,PFEESA,-0.0233009225099334,0.907690192938933,False,down
WBGene00001834,0,1.0,PFEESA,0.0245588587972656,0.907731804273281,False,up
WBGene00009305,0,1.0,PFEESA,-0.0260548984201316,0.908735074754309,False,down
WBGene00017237,0,1.0,PFEESA,0.0292245853067083,0.908768342775045,False,up
WBGene00010042,0,1.0,PFEESA,0.0375472605074355,0.908869053657856,False,up
WBGene00001559,0,1.0,PFEESA,-0.0270262680729031,0.909458324339545,False,down
WBGene00012555,0,1.0,PFEESA,-0.022396061864756,0.909588036187909,False,down
WBGene00017981,0,1.0,PFEESA,0.0234629169781036,0.910705704494784,False,up
WBGene00003241,0,1.0,PFEESA,-0.0259137264123261,0.910705704494784,False,down
WBGene00006584,0,1.0,PFEESA,-0.0259703967656448,0.910705704494784,False,down
WBGene00004370,0,1.0,PFEESA,-0.026134715667997,0.910743794508192,False,down
WBGene00022114,0,1.0,PFEESA,-0.0265528193540527,0.911010647255,False,down
WBGene00001508,0,1.0,PFEESA,-0.0323624175071265,0.911274957285123,False,down
WBGene00016469,0,1.0,PFEESA,0.025964353276857,0.911874977757514,False,up
WBGene00009276,0,1.0,PFEESA,0.0246371111499823,0.911874977757514,False,up
WBGene00016067,0,1.0,PFEESA,-0.0367892525229201,0.911874977757514,False,down
WBGene00021883,0,1.0,PFEESA,-0.038416398728931,0.912117188357621,False,down
WBGene00003851,0,1.0,PFEESA,0.0224136958970135,0.912513069824378,False,up
WBGene00016583,0,1.0,PFEESA,-0.0222743004221447,0.912523502665754,False,down
WBGene00006942,0,1.0,PFEESA,-0.0224855088396584,0.912714837260209,False,down
WBGene00007435,0,1.0,PFEESA,-0.0342661885993594,0.912714837260209,False,down
WBGene00019711,0,1.0,PFEESA,-0.0240322187185232,0.912784280117877,False,down
WBGene00009939,0,1.0,PFEESA,-0.0746568380897381,0.913664693648953,False,down
WBGene00017794,0,0.9666666666666667,PFEESA,-0.0685384418183124,0.914578684268168,False,down
WBGene00016002,0,1.0,PFEESA,0.0229937211927813,0.915227006775559,False,up
WBGene00016195,0,1.0,PFEESA,-0.0282525217773816,0.915559367719861,False,down
WBGene00001949,0,1.0,PFEESA,0.0318062208890462,0.915747326151572,False,up
WBGene00006781,0,1.0,PFEESA,0.019851890302603,0.915747326151572,False,up
WBGene00017381,0,1.0,PFEESA,-0.027767233545958,0.916352754723394,False,down
WBGene00018769,0,1.0,PFEESA,-0.0346915986861766,0.916423632291889,False,down
WBGene00022149,0,0.5333333333333333,PFEESA,0.0260282647923415,0.916431232807419,False,up
WBGene00008775,0,1.0,PFEESA,0.0211642805886356,0.916431232807419,False,up
WBGene00013482,0,1.0,PFEESA,-0.030618343577194,0.916852758133818,False,down
WBGene00009843,0,1.0,PFEESA,0.0347831217695645,0.91693494563487,False,up
WBGene00009732,0,1.0,PFEESA,0.0289484056953787,0.91723136094024,False,up
WBGene00011875,0,1.0,PFEESA,-0.039309256763001,0.91723136094024,False,down
WBGene00004116,0,1.0,PFEESA,-0.0204378843594343,0.917937934693626,False,down
WBGene00022493,0,1.0,PFEESA,0.0327667341254138,0.918217088229221,False,up
WBGene00045246,0,1.0,PFEESA,-0.0713577558561603,0.918991429431433,False,down
WBGene00020113,0,1.0,PFEESA,0.0246094611173297,0.919731705661555,False,up
WBGene00001645,0,0.5333333333333333,PFEESA,0.0165868549234193,0.919731705661555,False,up
WBGene00020481,0,1.0,PFEESA,-0.0195972378700493,0.919731705661555,False,down
WBGene00020808,0,1.0,PFEESA,-0.021493304636437,0.919731705661555,False,down
WBGene00010703,0,1.0,PFEESA,-0.0255566486610739,0.919731705661555,False,down
WBGene00021536,0,1.0,PFEESA,0.0371816578832694,0.919975432764891,False,up
WBGene00000235,0,1.0,PFEESA,0.0258268753397213,0.921931909099704,False,up
WBGene00001027,0,1.0,PFEESA,-0.0250663799934322,0.922163772621475,False,down
WBGene00019607,0,0.9,PFEESA,-0.024871147225889,0.922932266355741,False,down
WBGene00007257,0,0.9666666666666667,PFEESA,0.0353830814204185,0.923344553094025,False,up
WBGene00020422,0,0.9,PFEESA,0.029528760998737,0.923344553094025,False,up
WBGene00020112,0,1.0,PFEESA,0.0156937882806163,0.923344553094025,False,up
WBGene00012483,0,1.0,PFEESA,-0.0306722958158563,0.923344553094025,False,down
WBGene00022577,0,0.9,PFEESA,-0.138999744331362,0.923344553094025,False,down
WBGene00000272,0,1.0,PFEESA,-0.0602295052124491,0.924126271254795,False,down
WBGene00019118,0,1.0,PFEESA,-0.0198771355167594,0.924387074718672,False,down
WBGene00004187,0,1.0,PFEESA,-0.0177128458885376,0.92537143560706,False,down
WBGene00013415,0,0.9,PFEESA,-0.0175640241117389,0.925507446474843,False,down
WBGene00001330,0,1.0,PFEESA,-0.0175588934667727,0.92582670722518,False,down
WBGene00021546,0,0.9666666666666667,PFEESA,0.0198163122070214,0.926213419704977,False,up
WBGene00021841,0,1.0,PFEESA,0.0273518363617096,0.926960829969149,False,up
WBGene00000179,0,1.0,PFEESA,-0.0221035698428346,0.926960829969149,False,down
WBGene00015927,0,1.0,PFEESA,0.0127988078923032,0.927019056605539,False,up
WBGene00006536,0,1.0,PFEESA,-0.0255132980952616,0.92709882683304,False,down
WBGene00016614,0,1.0,PFEESA,0.0231955071808695,0.927649223241296,False,up
WBGene00017004,0,0.9666666666666667,PFEESA,-0.0176518147582427,0.928296868032759,False,down
WBGene00010160,0,1.0,PFEESA,0.0192509740341832,0.928734550855579,False,up
WBGene00017314,0,1.0,PFEESA,-0.0179489607971084,0.929301905416025,False,down
WBGene00009366,0,0.9666666666666667,PFEESA,-0.018174247841203,0.929301905416025,False,down
WBGene00012904,0,0.8333333333333334,PFEESA,-0.0239707328283462,0.929571959553881,False,down
WBGene00303026,0,0.9666666666666667,PFEESA,-0.0671808956041326,0.929571959553881,False,down
WBGene00004889,0,1.0,PFEESA,-0.0246829259822471,0.929724542398772,False,down
WBGene00007152,0,1.0,PFEESA,0.0573256185955083,0.930034529038626,False,up
WBGene00000395,0,1.0,PFEESA,0.0459278021887038,0.930063066281247,False,up
WBGene00010905,0,1.0,PFEESA,-0.0259002254064748,0.930063066281247,False,down
WBGene00018542,0,1.0,PFEESA,0.0605371408380398,0.931183219599081,False,up
WBGene00000767,0,1.0,PFEESA,-0.0205431615732668,0.931248004254996,False,down
WBGene00007284,0,1.0,PFEESA,-0.0211162763909026,0.931250640670151,False,down
WBGene00006776,0,1.0,PFEESA,0.0183113458978079,0.931715943376443,False,up
WBGene00017571,0,1.0,PFEESA,0.0150317420612118,0.932757749628003,False,up
WBGene00013239,0,1.0,PFEESA,-0.0238675048862962,0.933356190768971,False,down
WBGene00002348,0,1.0,PFEESA,0.0276217150349631,0.934060902182586,False,up
WBGene00000863,0,1.0,PFEESA,-0.0212544953155214,0.93486428089518,False,down
WBGene00022531,0,1.0,PFEESA,-0.0182642792402877,0.935034607597397,False,down
WBGene00017960,0,1.0,PFEESA,-0.117266097514202,0.935542477702217,False,down
WBGene00017769,0,1.0,PFEESA,0.0208369236383685,0.935743304783054,False,up
WBGene00021486,0,1.0,PFEESA,-0.0292260208745085,0.935743304783054,False,down
WBGene00006472,0,1.0,PFEESA,-0.0165765248520782,0.937197323731694,False,down
WBGene00016964,0,0.8333333333333334,PFEESA,-0.0167081060885452,0.937197323731694,False,down
WBGene00004782,0,0.9333333333333333,PFEESA,-0.0188406768605027,0.937197323731694,False,down
WBGene00008639,0,1.0,PFEESA,-0.0237486259144717,0.937486621877235,False,down
WBGene00000816,0,1.0,PFEESA,0.0151583996906852,0.937528015643529,False,up
WBGene00001094,0,1.0,PFEESA,0.022651809992101,0.93752901174602,False,up
WBGene00015266,0,1.0,PFEESA,0.0254726190286326,0.937771485456252,False,up
WBGene00019727,0,1.0,PFEESA,-0.0221813134973271,0.937771485456252,False,down
WBGene00006528,0,1.0,PFEESA,-0.0236904334022306,0.938252435349606,False,down
WBGene00000112,0,1.0,PFEESA,0.0158893420211083,0.939390161844412,False,up
WBGene00002001,0,1.0,PFEESA,-0.0145849946299072,0.939820143869114,False,down
WBGene00021921,0,0.9666666666666667,PFEESA,0.0177612284728719,0.940569078365631,False,up
WBGene00001389,0,1.0,PFEESA,-0.0425888082783369,0.940569078365631,False,down
WBGene00008800,0,1.0,PFEESA,0.016360611559775,0.940656251154283,False,up
WBGene00013543,0,1.0,PFEESA,-0.0213820752091582,0.942383760584935,False,down
WBGene00018160,0,0.9666666666666667,PFEESA,0.0138862684261201,0.94251673544435,False,up
WBGene00021044,0,1.0,PFEESA,-0.0292128095520174,0.942708132849271,False,down
WBGene00022057,0,1.0,PFEESA,-0.0182826389508582,0.942741577675338,False,down
WBGene00010502,0,0.9333333333333333,PFEESA,0.0118127123235172,0.943006688462898,False,up
WBGene00007501,0,1.0,PFEESA,-0.0303245138533668,0.943256399080268,False,down
WBGene00003372,0,0.9333333333333333,PFEESA,-0.0184298818306027,0.943260414612091,False,down
WBGene00012939,0,1.0,PFEESA,-0.0472420197756891,0.944395393143062,False,down
WBGene00007952,0,1.0,PFEESA,0.0125086783126863,0.944489199620667,False,up
WBGene00008586,0,0.9333333333333333,PFEESA,0.0162855703443711,0.944974295809205,False,up
WBGene00021425,0,1.0,PFEESA,0.022810212446841,0.946547054835426,False,up
WBGene00014222,0,0.9666666666666667,PFEESA,0.023969526363951,0.946676561675036,False,up
WBGene00003254,0,0.8333333333333334,PFEESA,0.016123967182575,0.946676561675036,False,up
WBGene00000482,0,1.0,PFEESA,0.0138067414868084,0.947203177284657,False,up
WBGene00002037,0,1.0,PFEESA,-0.0189866379229471,0.947203177284657,False,down
WBGene00004975,0,1.0,PFEESA,0.0218562085251598,0.947409018436452,False,up
WBGene00002123,0,0.9,PFEESA,-0.0129804584755592,0.947409018436452,False,down
WBGene00012562,0,0.9333333333333333,PFEESA,-0.0175882531794469,0.947409018436452,False,down
WBGene00044324,0,1.0,PFEESA,-0.0297829208914394,0.947409018436452,False,down
WBGene00006518,0,1.0,PFEESA,-0.0142897366164264,0.947459999893631,False,down
WBGene00013225,0,1.0,PFEESA,-0.0123533399570805,0.947500433494567,False,down
WBGene00012649,0,1.0,PFEESA,0.0781207930036992,0.948304281019043,False,up
WBGene00021476,0,0.8666666666666667,PFEESA,-0.0255156497230647,0.948304281019043,False,down
WBGene00011393,0,1.0,PFEESA,-0.0385644770200712,0.949446340894332,False,down
WBGene00021994,0,1.0,PFEESA,-0.0403195857001591,0.949596598571846,False,down
WBGene00021093,0,1.0,PFEESA,-0.0175134625055368,0.950308359386233,False,down
WBGene00022087,0,1.0,PFEESA,-0.0132050749509685,0.950988357988782,False,down
WBGene00000890,0,1.0,PFEESA,-0.018657637971776,0.950988357988782,False,down
WBGene00021845,0,1.0,PFEESA,-0.0155615039472408,0.95099831616738,False,down
WBGene00011558,0,1.0,PFEESA,0.0242942047471381,0.951358564438174,False,up
WBGene00002081,0,0.9333333333333333,PFEESA,0.0111009547660552,0.951397902075898,False,up
WBGene00018604,0,1.0,PFEESA,-0.0131653916675256,0.951397902075898,False,down
WBGene00019693,0,1.0,PFEESA,-0.0190060955154906,0.951397902075898,False,down
WBGene00011939,0,1.0,PFEESA,-0.0143753520919474,0.95199257946681,False,down
WBGene00002076,0,1.0,PFEESA,0.0141831924122994,0.952632128675767,False,up
WBGene00017969,0,1.0,PFEESA,-0.023573725252066,0.952800847221275,False,down
WBGene00006736,0,1.0,PFEESA,0.0120505879313358,0.952850131867507,False,up
WBGene00021563,0,1.0,PFEESA,-0.0148727851483199,0.954087672463592,False,down
WBGene00019654,0,0.9666666666666667,PFEESA,-0.0352441795238596,0.954884539902567,False,down
WBGene00011760,0,1.0,PFEESA,0.0147900765681187,0.954919702169614,False,up
WBGene00001582,0,0.5333333333333333,PFEESA,-0.008194235328135,0.955217641361022,False,down
WBGene00000064,0,1.0,PFEESA,-0.0198002294951299,0.955217641361022,False,down
WBGene00003148,0,1.0,PFEESA,0.016918166170244,0.955400132626432,False,up
WBGene00022176,0,1.0,PFEESA,0.0216407624935904,0.955855932436692,False,up
WBGene00001068,0,1.0,PFEESA,-0.0477455233449567,0.957338160580303,False,down
WBGene00022119,0,1.0,PFEESA,0.0161099349350492,0.957508261730681,False,up
WBGene00006396,0,1.0,PFEESA,0.0168166238654593,0.95768088818624,False,up
WBGene00012648,0,1.0,PFEESA,-0.0312837415073856,0.957921536903132,False,down
WBGene00006379,0,1.0,PFEESA,-0.0264825974548226,0.958280579088599,False,down
WBGene00008990,0,1.0,PFEESA,0.0099138851724915,0.959554893836045,False,up
WBGene00044916,0,1.0,PFEESA,0.01453045993176,0.960110567279286,False,up
WBGene00002246,0,1.0,PFEESA,-0.0947953592035744,0.960110567279286,False,down
WBGene00007925,0,1.0,PFEESA,0.0261130832840383,0.960124638345473,False,up
WBGene00004766,0,0.9666666666666667,PFEESA,0.0107478268548229,0.96049926188563,False,up
WBGene00010727,0,1.0,PFEESA,0.0181442470289532,0.960560764171718,False,up
WBGene00017419,0,1.0,PFEESA,0.0118388563048062,0.961339389633027,False,up
WBGene00018593,0,1.0,PFEESA,-0.0145423366908729,0.961339389633027,False,down
WBGene00006970,0,1.0,PFEESA,-0.0192628971704037,0.961339389633027,False,down
WBGene00009734,0,1.0,PFEESA,-0.0217661981637381,0.96198227317568,False,down
WBGene00004699,0,1.0,PFEESA,-0.0121189113381413,0.963254477560219,False,down
WBGene00021752,0,1.0,PFEESA,-0.010755272356505,0.963399739280471,False,down
WBGene00012990,0,1.0,PFEESA,-0.0109470902477025,0.96372096852747,False,down
WBGene00020109,0,0.9666666666666667,PFEESA,-0.0116509186110928,0.963869932627944,False,down
WBGene00018904,0,1.0,PFEESA,-0.0158307587040241,0.963869932627944,False,down
WBGene00020102,0,1.0,PFEESA,0.0123082127611703,0.963873475841574,False,up
WBGene00009521,0,1.0,PFEESA,0.0110992476306023,0.963873475841574,False,up
WBGene00017245,0,1.0,PFEESA,-0.0126761371270025,0.963873475841574,False,down
WBGene00014114,0,0.8666666666666667,PFEESA,-0.0115418101476077,0.963910009455517,False,down
WBGene00007556,0,1.0,PFEESA,-0.0104657163023368,0.965915570607853,False,down
WBGene00022388,0,1.0,PFEESA,-0.008103938585799,0.966685813097216,False,down
WBGene00018515,0,1.0,PFEESA,-0.0528679491573176,0.966685813097216,False,down
WBGene00001092,0,0.6666666666666666,PFEESA,-0.0137240136221308,0.966804963248043,False,down
WBGene00021753,0,1.0,PFEESA,0.01050077297317,0.966953931221621,False,up
WBGene00004787,0,0.9666666666666667,PFEESA,-0.0188978868094659,0.967050671263266,False,down
WBGene00000093,0,1.0,PFEESA,0.0184186871797783,0.967217636744688,False,up
WBGene00009158,0,1.0,PFEESA,0.0133345651271285,0.967217636744688,False,up
WBGene00003931,0,1.0,PFEESA,0.0126768467508284,0.967217636744688,False,up
WBGene00008134,0,1.0,PFEESA,0.0125692152623527,0.967217636744688,False,up
WBGene00013601,0,1.0,PFEESA,0.0096052077070216,0.967217636744688,False,up
WBGene00000165,0,1.0,PFEESA,-0.0103664210104279,0.967217636744688,False,down
WBGene00016606,0,1.0,PFEESA,-0.0110246258064637,0.967217636744688,False,down
WBGene00003587,0,1.0,PFEESA,-0.0115615602159408,0.967217636744688,False,down
WBGene00019544,0,1.0,PFEESA,-0.011655644087377,0.967217636744688,False,down
WBGene00018357,0,1.0,PFEESA,-0.0138027133693756,0.967217636744688,False,down
WBGene00006367,0,1.0,PFEESA,-0.0293689039902515,0.967217636744688,False,down
WBGene00000874,0,0.9666666666666667,PFEESA,-0.007562644472509,0.9673500509958,False,down
WBGene00003915,0,1.0,PFEESA,-0.0185582470406924,0.968499530895456,False,down
WBGene00022052,0,1.0,PFEESA,0.0099946322572027,0.968610854065978,False,up
WBGene00017064,0,1.0,PFEESA,0.0092766459183443,0.968707230209452,False,up
WBGene00010645,0,1.0,PFEESA,-0.0096932299159293,0.968707230209452,False,down
WBGene00007188,0,0.7333333333333333,PFEESA,-0.0138446814334367,0.968707230209452,False,down
WBGene00012322,0,1.0,PFEESA,-0.0255361363639824,0.968792746013639,False,down
WBGene00004355,0,1.0,PFEESA,-0.0090970248622851,0.968808022262556,False,down
WBGene00022830,0,1.0,PFEESA,-0.0107853497855036,0.968808022262556,False,down
WBGene00004754,0,1.0,PFEESA,-0.0155702492518278,0.968808022262556,False,down
WBGene00019508,0,1.0,PFEESA,0.065199742700799,0.969159046318693,False,up
WBGene00007630,0,1.0,PFEESA,0.0118045847931376,0.969159046318693,False,up
WBGene00001426,0,1.0,PFEESA,0.009514047968082,0.969159046318693,False,up
WBGene00009829,0,1.0,PFEESA,0.0093833494716741,0.969159046318693,False,up
WBGene00021844,0,1.0,PFEESA,-0.0105998795659132,0.969159046318693,False,down
WBGene00015734,0,1.0,PFEESA,-0.0113973715059723,0.969159046318693,False,down
WBGene00022835,0,0.7,PFEESA,-0.0128619190002514,0.969159046318693,False,down
WBGene00001950,0,1.0,PFEESA,-0.0305395306983513,0.969159046318693,False,down
WBGene00021512,0,1.0,PFEESA,-0.0108692230118785,0.969366482776324,False,down
WBGene00007105,0,1.0,PFEESA,-0.0093002568170136,0.969479838713677,False,down
WBGene00006787,0,1.0,PFEESA,0.0109504140044815,0.97002387108519,False,up
WBGene00017800,0,1.0,PFEESA,-0.007367113154675,0.97079674068152,False,down
WBGene00018270,0,1.0,PFEESA,0.0110403937801674,0.972386777774997,False,up
WBGene00001744,0,1.0,PFEESA,-0.0087673470595,0.972797237541997,False,down
WBGene00015545,0,0.9666666666666667,PFEESA,-0.0191007296641459,0.973299479821877,False,down
WBGene00009653,0,1.0,PFEESA,-0.0263307703683676,0.973764994384877,False,down
WBGene00018370,0,1.0,PFEESA,0.0215943206464834,0.973966964612296,False,up
WBGene00009498,0,1.0,PFEESA,-0.0060848966463005,0.973966964612296,False,down
WBGene00018853,0,1.0,PFEESA,-0.0134614211590054,0.973966964612296,False,down
WBGene00013083,0,1.0,PFEESA,0.0155947726642325,0.974316084707847,False,up
WBGene00017217,0,1.0,PFEESA,0.0081256987015408,0.974316084707847,False,up
WBGene00011771,0,1.0,PFEESA,-0.0100982577405353,0.974316084707847,False,down
WBGene00023409,0,1.0,PFEESA,0.0132674624593789,0.975330262683019,False,up
WBGene00002135,0,0.5333333333333333,PFEESA,0.0104332144932281,0.975561176273142,False,up
WBGene00001632,0,1.0,PFEESA,0.0102344109755825,0.975561176273142,False,up
WBGene00013301,0,1.0,PFEESA,0.0069169702126837,0.975561176273142,False,up
WBGene00008567,0,1.0,PFEESA,-0.0163393869283949,0.975561176273142,False,down
WBGene00021697,0,1.0,PFEESA,0.007154537674847,0.975668815951778,False,up
WBGene00003800,0,1.0,PFEESA,-0.0059710145287188,0.97589818746671,False,down
WBGene00013018,0,1.0,PFEESA,0.0076198160296998,0.977228417699716,False,up
WBGene00022350,0,1.0,PFEESA,0.0077395565479315,0.977258320743327,False,up
WBGene00013985,0,1.0,PFEESA,0.0077615822686037,0.977279498915045,False,up
WBGene00010307,0,1.0,PFEESA,-0.006673488276488,0.977279498915045,False,down
WBGene00022371,0,1.0,PFEESA,-0.0100313010711065,0.977279498915045,False,down
WBGene00013880,0,1.0,PFEESA,0.0069023754211552,0.977285379962499,False,up
WBGene00006931,0,0.9666666666666667,PFEESA,-0.0055198724725159,0.977285379962499,False,down
WBGene00021929,0,1.0,PFEESA,-0.0071782746948447,0.977285379962499,False,down
WBGene00019900,0,1.0,PFEESA,-0.0076630707210238,0.977285379962499,False,down
WBGene00012550,0,1.0,PFEESA,-0.0094973547395215,0.977285379962499,False,down
WBGene00001824,0,1.0,PFEESA,-0.011779156342142,0.977285379962499,False,down
WBGene00016431,0,1.0,PFEESA,-0.0167150093769784,0.977285379962499,False,down
WBGene00013835,0,1.0,PFEESA,0.0134769504733444,0.97807516433508,False,up
WBGene00009713,0,0.8666666666666667,PFEESA,0.0146254747378692,0.978100655615538,False,up
WBGene00013025,0,1.0,PFEESA,0.0062429412564552,0.979108610750595,False,up
WBGene00015971,0,1.0,PFEESA,-0.00787093288908,0.979108610750595,False,down
WBGene00018828,0,0.7666666666666667,PFEESA,-0.0532852456475917,0.979108610750595,False,down
WBGene00011058,0,1.0,PFEESA,0.0067808157496169,0.979634499437186,False,up
WBGene00018482,0,1.0,PFEESA,0.005302050838333,0.979634499437186,False,up
WBGene00018161,0,1.0,PFEESA,0.005241616326317,0.979634499437186,False,up
WBGene00010713,0,1.0,PFEESA,-0.0049299799807525,0.979634499437186,False,down
WBGene00007045,0,0.9333333333333333,PFEESA,-0.0086300873930854,0.979634499437186,False,down
WBGene00006666,0,1.0,PFEESA,-0.011097715848315,0.979634499437186,False,down
WBGene00011928,0,1.0,PFEESA,-0.0206587773790757,0.979634499437186,False,down
WBGene00005544,0,1.0,PFEESA,-0.0280410646318544,0.979939965766919,False,down
WBGene00010537,0,0.9333333333333333,PFEESA,0.0068588343969476,0.98008547806744,False,up
WBGene00020391,0,1.0,PFEESA,-0.0052438876834878,0.98008547806744,False,down
WBGene00018007,0,1.0,PFEESA,-0.0053114566765847,0.980281917481671,False,down
WBGene00011856,0,0.5666666666666667,PFEESA,-0.0076175137980902,0.980957708726868,False,down
WBGene00000160,0,0.5333333333333333,PFEESA,0.0068198549507584,0.98121116170835,False,up
WBGene00022174,0,1.0,PFEESA,-0.005458660395619,0.981318824667863,False,down
WBGene00008918,0,1.0,PFEESA,0.0066811655395144,0.981441007967068,False,up
WBGene00003247,0,1.0,PFEESA,0.0042168164654123,0.982047564207389,False,up
WBGene00007720,0,1.0,PFEESA,0.0061330771433041,0.98237854695531,False,up
WBGene00019433,0,0.9666666666666667,PFEESA,0.0060282453690996,0.9826451622871,False,up
WBGene00009012,0,1.0,PFEESA,-0.0038955715147213,0.983385185844397,False,down
WBGene00012474,0,1.0,PFEESA,-0.0043449249241327,0.983385185844397,False,down
WBGene00016641,0,1.0,PFEESA,0.0113836022614181,0.983499648586276,False,up
WBGene00009654,0,1.0,PFEESA,-0.005222648281481,0.983526986988907,False,down
WBGene00007150,0,1.0,PFEESA,-0.0130557496906959,0.983733444637397,False,down
WBGene00020683,0,1.0,PFEESA,-0.0056418023909819,0.983806090866399,False,down
WBGene00004111,0,1.0,PFEESA,-0.0053750440745651,0.985016524012668,False,down
WBGene00003143,0,1.0,PFEESA,-0.0052699573238842,0.985152909993004,False,down
WBGene00001428,0,1.0,PFEESA,-0.0121254570912608,0.985152909993004,False,down
WBGene00003921,0,1.0,PFEESA,-0.0039015135648946,0.985486354421814,False,down
WBGene00000083,0,1.0,PFEESA,0.0054173159979045,0.985490142444997,False,up
WBGene00018017,0,1.0,PFEESA,0.0039140662402214,0.985613122144112,False,up
WBGene00006888,0,1.0,PFEESA,-0.0034913916570901,0.985613122144112,False,down
WBGene00011897,0,1.0,PFEESA,-0.0039254424747374,0.985613122144112,False,down
WBGene00009293,0,1.0,PFEESA,-0.0113673096792803,0.985613122144112,False,down
WBGene00017797,0,1.0,PFEESA,-0.0045330302570223,0.985698365956541,False,down
WBGene00006424,0,1.0,PFEESA,-0.00420304758028,0.986589396761179,False,down
WBGene00016749,0,1.0,PFEESA,-0.0069793769995941,0.986589396761179,False,down
WBGene00017329,0,1.0,PFEESA,0.0066623425670474,0.986699764261154,False,up
WBGene00003990,0,1.0,PFEESA,0.004814797757501,0.986699764261154,False,up
WBGene00013919,0,1.0,PFEESA,0.0030887908543523,0.986699764261154,False,up
WBGene00015391,0,0.5333333333333333,PFEESA,-0.0039234062602097,0.986855007053759,False,down
WBGene00015954,0,1.0,PFEESA,-0.0051141739555006,0.986855007053759,False,down
WBGene00020207,0,1.0,PFEESA,-0.0052409277455666,0.986855007053759,False,down
WBGene00185067,0,1.0,PFEESA,-0.0061006691315024,0.986855007053759,False,down
WBGene00007685,0,0.9333333333333333,PFEESA,-0.0056320662317035,0.987058438792823,False,down
WBGene00000148,0,1.0,PFEESA,-0.004050295108991,0.987105483630209,False,down
WBGene00006749,0,0.8333333333333334,PFEESA,-0.0039695914372183,0.987408705149506,False,down
WBGene00018133,0,1.0,PFEESA,-0.0244675870046272,0.987507853584427,False,down
WBGene00044618,0,1.0,PFEESA,0.0103940483834304,0.987590291882596,False,up
WBGene00021012,0,1.0,PFEESA,0.0051115097104075,0.987590291882596,False,up
WBGene00015168,0,1.0,PFEESA,-0.0046928971862403,0.988022300903328,False,down
WBGene00007436,0,1.0,PFEESA,0.0053923262761324,0.988203279900607,False,up
WBGene00000106,0,1.0,PFEESA,0.0036489636622935,0.988981708653839,False,up
WBGene00001513,0,0.9333333333333333,PFEESA,0.0033255779218329,0.989034029691353,False,up
WBGene00016118,0,1.0,PFEESA,-0.0030907202147615,0.989266172984691,False,down
WBGene00003012,0,1.0,PFEESA,0.0055848056179666,0.98935817220748,False,up
WBGene00008805,0,0.5333333333333333,PFEESA,-0.0037966543170613,0.98935817220748,False,down
WBGene00008690,0,1.0,PFEESA,0.0057317605743827,0.989482649852548,False,up
WBGene00021149,0,1.0,PFEESA,0.0052755124294716,0.989715872113533,False,up
WBGene00000567,0,1.0,PFEESA,-0.0025569525015127,0.990092070530301,False,down
WBGene00003847,0,1.0,PFEESA,-0.0054362084212296,0.990092070530301,False,down
WBGene00008768,0,1.0,PFEESA,-0.0037025749511881,0.991169525080457,False,down
WBGene00008532,0,1.0,PFEESA,0.002602097481545,0.992375309171584,False,up
WBGene00018863,0,1.0,PFEESA,0.0040592696903832,0.992533928186507,False,up
WBGene00018827,0,1.0,PFEESA,-0.0038558468262477,0.992627191016231,False,down
WBGene00021952,0,1.0,PFEESA,-0.0018057322231319,0.992765316951557,False,down
WBGene00012184,0,1.0,PFEESA,0.0042093991565718,0.993498511312582,False,up
WBGene00011802,0,1.0,PFEESA,0.0024307078586479,0.993645368884845,False,up
WBGene00019680,0,1.0,PFEESA,0.002977561672761,0.994214961206148,False,up
WBGene00002053,0,1.0,PFEESA,0.0026629275238732,0.994503025603952,False,up
WBGene00017163,0,0.9666666666666667,PFEESA,-0.0038034620793444,0.994572904740471,False,down
WBGene00003776,0,1.0,PFEESA,-0.0020438911574182,0.994756315632527,False,down
WBGene00013376,0,1.0,PFEESA,0.0027590016210119,0.995158204480271,False,up
WBGene00021960,0,1.0,PFEESA,-0.0016058582679165,0.995977519664293,False,down
WBGene00009674,0,1.0,PFEESA,-0.0020435739742049,0.995977519664293,False,down
WBGene00004140,0,1.0,PFEESA,0.0030531193005963,0.996345948889906,False,up
WBGene00012363,0,0.8333333333333334,PFEESA,0.0029098553844855,0.996647159172998,False,up
WBGene00007927,0,1.0,PFEESA,0.0024298816721211,0.996903848446451,False,up
WBGene00020936,0,1.0,PFEESA,0.001581554246261,0.996903848446451,False,up
WBGene00005077,0,1.0,PFEESA,0.000987080917064,0.996903848446451,False,up
WBGene00011349,0,1.0,PFEESA,-0.0014184044441549,0.996903848446451,False,down
WBGene00004788,0,1.0,PFEESA,-0.0014508379396808,0.996903848446451,False,down
WBGene00017799,0,1.0,PFEESA,-0.0017304743312371,0.996903848446451,False,down
WBGene00011253,0,1.0,PFEESA,-0.0019900810648922,0.996903848446451,False,down
WBGene00006534,0,1.0,PFEESA,-0.0046080288496833,0.996903848446451,False,down
WBGene00021638,0,1.0,PFEESA,0.002034260685464,0.99730070209074,False,up
WBGene00016264,0,1.0,PFEESA,0.0017967463385672,0.99730070209074,False,up
WBGene00022722,0,0.5333333333333333,PFEESA,0.0013264948135186,0.99730070209074,False,up
WBGene00011775,0,1.0,PFEESA,0.0012474972382019,0.99730070209074,False,up
WBGene00002070,0,1.0,PFEESA,0.0012015958999825,0.99730070209074,False,up
WBGene00010178,0,1.0,PFEESA,0.0011856770710894,0.99730070209074,False,up
WBGene00001635,0,1.0,PFEESA,0.0009916699430657,0.99730070209074,False,up
WBGene00021826,0,1.0,PFEESA,-0.0014176005555191,0.99730070209074,False,down
WBGene00002134,0,0.9,PFEESA,0.000985674236726,0.997521692641459,False,up
WBGene00011904,0,1.0,PFEESA,0.0005882038473288,0.997521692641459,False,up
WBGene00018533,0,1.0,PFEESA,-0.0007586715923906,0.997521692641459,False,down
WBGene00021292,0,1.0,PFEESA,-0.000885400228675,0.997521692641459,False,down
WBGene00018897,0,1.0,PFEESA,-0.0009484489994631,0.997521692641459,False,down
WBGene00009583,0,1.0,PFEESA,-0.0002798301489939,0.997698599424961,False,down
WBGene00021082,0,0.9666666666666667,PFEESA,0.0014679809991776,0.99815771029596,False,up
WBGene00013131,0,1.0,PFEESA,-0.0004578266267449,0.998199812196464,False,down
WBGene00000005,0,1.0,PFEESA,-0.0007636586723794,0.998886333292329,False,down
