WB_id,consensus_module,consensus_strength,chemical,logFC,FDR,is_detected,direction
WBGene00011671,3,0.9,PFEESA,8.92241939918114,1.4877577916309802e-23,True,up
WBGene00022813,3,0.9333333333333333,PFEESA,4.62343157763903,1.10184610082909e-21,True,up
WBGene00008273,3,0.8666666666666667,PFEESA,2.16486670889281,4.2840865414588102e-19,True,up
WBGene00001756,3,1.0,PFEESA,6.75782319670787,4.83339451689937e-19,True,up
WBGene00011672,3,0.9,PFEESA,3.91719123231785,7.25850901086082e-19,True,up
WBGene00019516,3,1.0,PFEESA,3.26854814290339,1.4129582026774e-17,True,up
WBGene00007072,3,0.9,PFEESA,3.53043088865241,1.3999074553086799e-16,True,up
WBGene00017480,3,1.0,PFEESA,1.33344275410689,1.85421722484846e-16,True,up
WBGene00011190,3,1.0,PFEESA,3.50346852020978,1.38415219356543e-14,True,up
WBGene00007810,3,1.0,PFEESA,1.99928130964812,4.33486326101818e-14,True,up
WBGene00015930,3,0.8333333333333334,PFEESA,1.36891289830735,1.97665804686121e-13,True,up
WBGene00012531,3,1.0,PFEESA,1.68185133035847,3.78566160065141e-13,True,up
WBGene00006890,3,1.0,PFEESA,1.19961282178784,3.8198817894772697e-13,True,up
WBGene00019645,3,0.5333333333333333,PFEESA,2.37964011306156,3.83161349481698e-13,True,up
WBGene00018226,3,0.9666666666666667,PFEESA,0.676385762454455,3.83807897550921e-13,True,up
WBGene00004236,3,1.0,PFEESA,3.75797381538761,2.63027886611e-12,True,up
WBGene00007605,3,0.9666666666666667,PFEESA,2.21727360731902,3.3388435513328097e-12,True,up
WBGene00020587,3,1.0,PFEESA,1.29306045095734,1.1196322498516e-11,True,up
WBGene00020895,3,1.0,PFEESA,1.07796160325412,3.097509978428e-11,True,up
WBGene00017515,3,1.0,PFEESA,1.64913887616167,5.23071547718501e-11,True,up
WBGene00044206,3,1.0,PFEESA,3.43573584443806,1.01527433414025e-10,True,up
WBGene00001781,3,0.9333333333333333,PFEESA,2.97932344752987,1.32223743642724e-10,True,up
WBGene00010665,3,1.0,PFEESA,1.39077906788179,1.32223743642724e-10,True,up
WBGene00001668,3,0.6,PFEESA,1.87736331103952,1.74179789001666e-10,True,up
WBGene00015600,3,0.6333333333333333,PFEESA,3.83170699023447,5.32058241316559e-10,True,up
WBGene00018430,3,1.0,PFEESA,1.44812415597387,6.92718928264488e-10,True,up
WBGene00009839,3,0.7,PFEESA,2.5256288221015,8.486417046855671e-10,True,up
WBGene00015593,3,1.0,PFEESA,1.93982779812911,1.4983859102394e-09,True,up
WBGene00044481,3,1.0,PFEESA,1.51978772566037,1.8917719675168e-09,True,up
WBGene00008602,3,1.0,PFEESA,2.29096175848505,3.1817591370763904e-09,True,up
WBGene00018334,3,1.0,PFEESA,1.39158057544645,3.54172243760168e-09,True,up
WBGene00015400,3,1.0,PFEESA,-2.45970404057944,4.0538343233201905e-09,True,down
WBGene00010545,3,1.0,PFEESA,2.01833373506067,5.089004862119251e-09,True,up
WBGene00020774,3,0.6,PFEESA,2.73963144020494,6.16493904390997e-09,True,up
WBGene00013637,3,1.0,PFEESA,1.44756114141853,1.0232456171893e-08,True,up
WBGene00016281,3,0.5333333333333333,PFEESA,3.51082976501603,1.19945081348458e-08,True,up
WBGene00003696,3,1.0,PFEESA,1.4129848832853,2.00172839698371e-08,True,up
WBGene00015605,3,0.6,PFEESA,1.44970208720595,2.96812293498965e-08,True,up
WBGene00044527,3,0.9,PFEESA,1.48192669516794,3.98479196715136e-08,True,up
WBGene00009840,3,0.9666666666666667,PFEESA,1.77199051599641,4.97203220154948e-08,True,up
WBGene00050957,3,0.5333333333333333,PFEESA,1.9847136862573,5.17184845617379e-08,True,up
WBGene00019105,3,1.0,PFEESA,-1.54262203082083,5.35338277298736e-08,True,down
WBGene00019589,3,1.0,PFEESA,1.58631454808848,6.6221185116413e-08,True,up
WBGene00018614,3,1.0,PFEESA,2.46740566398611,7.35616027171732e-08,True,up
WBGene00045411,3,0.9666666666666667,PFEESA,1.52980759605036,8.22015864898554e-08,True,up
WBGene00017681,3,1.0,PFEESA,0.84808812494439,1.0525446575196e-07,True,up
WBGene00019830,3,1.0,PFEESA,1.9150113220773,1.65801712283685e-07,True,up
WBGene00017336,3,1.0,PFEESA,1.89822643730225,1.9188656719166e-07,True,up
WBGene00016174,3,0.9,PFEESA,1.44035642687278,2.29223955237792e-07,True,up
WBGene00015601,3,1.0,PFEESA,2.89452793668511,3.01814605249721e-07,True,up
WBGene00013636,3,1.0,PFEESA,1.31314944764101,3.30860748974204e-07,True,up
WBGene00012399,3,0.7,PFEESA,1.86741529599947,4.46508737519896e-07,True,up
WBGene00018102,3,1.0,PFEESA,3.05852779226648,4.94564811444789e-07,True,up
WBGene00010897,3,1.0,PFEESA,0.512201435657377,4.94564811444789e-07,True,up
WBGene00012381,3,0.9,PFEESA,1.49670888856685,5.06121773317976e-07,True,up
WBGene00006986,3,1.0,PFEESA,0.840730310326589,5.36164387040041e-07,True,up
WBGene00011288,3,0.9333333333333333,PFEESA,1.93579246875536,6.01518804619058e-07,True,up
WBGene00019965,3,1.0,PFEESA,0.711108769190562,7.35763063879622e-07,True,up
WBGene00007362,3,0.6333333333333333,PFEESA,-1.3582315510285,8.99239111501698e-07,True,down
WBGene00008678,3,1.0,PFEESA,1.87821878557533,9.36756795149296e-07,True,up
WBGene00008032,3,0.9,PFEESA,0.740989066314034,1.01864463518591e-06,True,up
WBGene00000088,3,0.9666666666666667,PFEESA,0.634464818301302,1.07040428257928e-06,True,up
WBGene00011684,3,0.9333333333333333,PFEESA,0.774001690767242,1.16872173131349e-06,True,up
WBGene00019675,3,0.6,PFEESA,5.67505561368375,1.2556955270429e-06,True,up
WBGene00011009,3,0.9666666666666667,PFEESA,2.7583979337576,1.61548937238957e-06,True,up
WBGene00022713,3,1.0,PFEESA,3.29961389618822,1.64078895768021e-06,True,up
WBGene00015044,3,0.8,PFEESA,2.47039357222585,1.82573343521399e-06,True,up
WBGene00015602,3,1.0,PFEESA,2.82270709800405,2.00633506548132e-06,True,up
WBGene00003652,3,1.0,PFEESA,0.689942567240745,2.57004345288027e-06,True,up
WBGene00021587,3,1.0,PFEESA,1.31650955305556,2.73120888786786e-06,True,up
WBGene00021256,3,1.0,PFEESA,1.54273847706871,3.02722275349558e-06,True,up
WBGene00022131,3,1.0,PFEESA,0.959913862527197,3.21056467476502e-06,True,up
WBGene00008335,3,0.7,PFEESA,1.23477768072336,3.50265521402237e-06,True,up
WBGene00011106,3,0.5666666666666667,PFEESA,-0.38229080618822,3.69937400309069e-06,True,down
WBGene00050906,3,0.6,PFEESA,2.57450499232149,4.63666630034354e-06,True,up
WBGene00271744,3,0.7,PFEESA,1.28857324072031,5.04420741702307e-06,True,up
WBGene00019473,3,0.6,PFEESA,-1.47198331379189,5.21044892729135e-06,True,down
WBGene00017431,3,0.9666666666666667,PFEESA,0.75769856098181,6.81439586653856e-06,True,up
WBGene00022673,3,1.0,PFEESA,1.1757855045186,7.26842841842288e-06,True,up
WBGene00008352,3,0.7,PFEESA,1.08334513413709,7.29758098101192e-06,True,up
WBGene00022550,3,0.9,PFEESA,3.02982184693749,8.23506129672567e-06,True,up
WBGene00018645,3,1.0,PFEESA,2.53846275533128,8.95179865358896e-06,True,up
WBGene00009595,3,1.0,PFEESA,0.988022417117678,9.13043487139844e-06,True,up
WBGene00000977,3,0.5666666666666667,PFEESA,1.34498674161057,1.02334360446442e-05,True,up
WBGene00004811,3,1.0,PFEESA,2.04716401342308,1.09527495808103e-05,True,up
WBGene00012494,3,1.0,PFEESA,0.702873874237437,1.33612542499921e-05,True,up
WBGene00019699,3,1.0,PFEESA,2.01236715075549,1.45590353070185e-05,True,up
WBGene00043097,3,1.0,PFEESA,0.977634405387172,1.58829587031963e-05,True,up
WBGene00009895,3,0.9333333333333333,PFEESA,1.85888240746722,1.89728403653012e-05,True,up
WBGene00022515,3,0.6333333333333333,PFEESA,-0.604102154323059,2.25757901248054e-05,True,down
WBGene00021404,3,0.7666666666666667,PFEESA,1.03005759936823,2.33363443970549e-05,True,up
WBGene00003409,3,1.0,PFEESA,0.657718966257687,3.40678593294313e-05,True,up
WBGene00021408,3,0.9,PFEESA,1.04672720360141,3.51096065522859e-05,True,up
WBGene00021370,3,1.0,PFEESA,0.711048979322657,5.41954950610462e-05,True,up
WBGene00019605,3,0.9666666666666667,PFEESA,0.688571007799005,5.66644144977589e-05,True,up
WBGene00009110,3,0.9,PFEESA,1.4786717480151,5.89690154541801e-05,True,up
WBGene00045338,3,1.0,PFEESA,2.34599075600025,6.81294612240812e-05,True,up
WBGene00011674,3,0.9666666666666667,PFEESA,4.08729019865785,7.10819811454574e-05,True,up
WBGene00011571,3,0.9,PFEESA,-0.498478836894926,8.13018366511147e-05,True,down
WBGene00015537,3,0.6,PFEESA,1.84700806222107,8.20907348990979e-05,True,up
WBGene00007513,3,1.0,PFEESA,-0.544751606940732,8.87121756455841e-05,True,down
WBGene00017126,3,0.6333333333333333,PFEESA,0.466648417949801,9.17814430703888e-05,True,up
WBGene00007392,3,0.5333333333333333,PFEESA,0.975060970815472,9.74049446458414e-05,True,up
WBGene00007811,3,1.0,PFEESA,0.67823261603533,0.0001035233937202,True,up
WBGene00007890,3,1.0,PFEESA,1.05383302957393,0.0001042420888425,True,up
WBGene00019022,3,0.8333333333333334,PFEESA,0.662208187864755,0.0001043714764236,True,up
WBGene00021339,3,1.0,PFEESA,1.30064274453497,0.000104802281868,True,up
WBGene00019404,3,0.5333333333333333,PFEESA,1.24234254013509,0.0001083679613106,True,up
WBGene00019471,3,0.9666666666666667,PFEESA,-2.44326077922686,0.0001097881438895,True,down
WBGene00013119,3,1.0,PFEESA,0.749500773809317,0.0001141985395829,True,up
WBGene00020741,3,1.0,PFEESA,-1.28755257592154,0.0001177640622402,True,down
WBGene00007964,3,0.6333333333333333,PFEESA,-0.824667991304232,0.000122501919378,True,down
WBGene00013569,3,0.9,PFEESA,0.925623117436011,0.0001292294251825,True,up
WBGene00016438,3,1.0,PFEESA,0.469368717207726,0.0001296113973683,True,up
WBGene00007694,3,1.0,PFEESA,1.20075822752771,0.0001481243070588,True,up
WBGene00000111,3,0.9333333333333333,PFEESA,0.826538864409929,0.0001624521273228,True,up
WBGene00003411,3,1.0,PFEESA,0.483549465023726,0.0001642469504936,True,up
WBGene00020326,3,0.9666666666666667,PFEESA,1.55735585078502,0.0001851087333314,True,up
WBGene00001755,3,0.5333333333333333,PFEESA,1.85462464427654,0.0001857374649458,True,up
WBGene00013439,3,0.5333333333333333,PFEESA,-0.777896292731814,0.0001924728669442,True,down
WBGene00004147,3,0.9,PFEESA,0.292971847026057,0.0001996127806063,True,up
WBGene00001262,3,0.9333333333333333,PFEESA,0.474205902986384,0.0002074369240236,True,up
WBGene00021635,3,1.0,PFEESA,0.435199154629716,0.0002332749357741,True,up
WBGene00009493,3,1.0,PFEESA,1.20356108447254,0.0002505669239103,True,up
WBGene00017510,3,1.0,PFEESA,1.18753049831293,0.0002653374699416,True,up
WBGene00001506,3,1.0,PFEESA,0.903567346278083,0.0002910264002701,True,up
WBGene00010943,3,1.0,PFEESA,-0.84069017232576,0.0003261763209932,True,down
WBGene00004068,3,0.9666666666666667,PFEESA,0.57685378690847,0.0003372120096398,True,up
WBGene00010019,3,0.8333333333333334,PFEESA,1.34100821227323,0.0003810516595786,True,up
WBGene00271812,3,1.0,PFEESA,1.01629072702327,0.0003976520857692,True,up
WBGene00008274,3,0.9,PFEESA,0.254116590631815,0.000429487942829,True,up
WBGene00015577,3,0.8333333333333334,PFEESA,0.484743973155174,0.000448411801697,True,up
WBGene00007336,3,0.9666666666666667,PFEESA,0.459363467283272,0.0004622823411087,True,up
WBGene00013515,3,0.9,PFEESA,0.746780347556097,0.0004631189798884,True,up
WBGene00017048,3,0.8333333333333334,PFEESA,0.56668654845465,0.0005375803898163,True,up
WBGene00002107,3,1.0,PFEESA,0.764417710042603,0.0005757064444945,True,up
WBGene00017374,3,1.0,PFEESA,-0.340376810298575,0.0006013905883629,True,down
WBGene00017613,3,1.0,PFEESA,0.414473966331727,0.0006054880537827,True,up
WBGene00016728,3,0.9666666666666667,PFEESA,0.503114067394205,0.0006107120125973,True,up
WBGene00022547,3,0.7,PFEESA,2.2162153143179,0.0006361519980968,True,up
WBGene00013197,3,0.9666666666666667,PFEESA,0.496663619891239,0.000682630934949,True,up
WBGene00008334,3,1.0,PFEESA,2.03927315916122,0.0008433357758795,True,up
WBGene00001762,3,0.8333333333333334,PFEESA,2.1514780264323,0.0008933481905325,True,up
WBGene00008341,3,1.0,PFEESA,-1.1551849192915,0.00091635201857,True,down
WBGene00003720,3,1.0,PFEESA,0.497038113122111,0.0009313673651775,True,up
WBGene00015337,3,0.9666666666666667,PFEESA,2.09506340790705,0.0009317064954635,True,up
WBGene00018346,3,1.0,PFEESA,0.872756763593449,0.000947829769069,True,up
WBGene00020058,3,0.5333333333333333,PFEESA,0.521798648335812,0.000949857734841,True,up
WBGene00009835,3,1.0,PFEESA,1.13372908037347,0.0010269491197076,True,up
WBGene00044611,3,1.0,PFEESA,2.50248416494955,0.0011626116393391,True,up
WBGene00017574,3,0.5333333333333333,PFEESA,0.374395309348526,0.0011811419490211,True,up
WBGene00010752,3,1.0,PFEESA,0.967147849013208,0.0011920481260634,True,up
WBGene00016506,3,1.0,PFEESA,0.724906396771028,0.0011920481260634,True,up
WBGene00011798,3,1.0,PFEESA,1.09136266274915,0.0014475827153866,True,up
WBGene00008988,3,1.0,PFEESA,1.33292087719843,0.0014891039875701,True,up
WBGene00004356,3,1.0,PFEESA,0.305071489908552,0.001515814391221,True,up
WBGene00019978,3,1.0,PFEESA,0.645808376134343,0.0015857975225808,True,up
WBGene00019590,3,1.0,PFEESA,1.01566031881802,0.0016225068947164,True,up
WBGene00013950,3,0.9333333333333333,PFEESA,0.667688746348706,0.0018184763023397,True,up
WBGene00001157,3,1.0,PFEESA,0.614392127107457,0.0018251332136859,True,up
WBGene00022641,3,0.9333333333333333,PFEESA,-1.36066995503349,0.0020601881285798,True,down
WBGene00003408,3,1.0,PFEESA,0.305279386565011,0.0021504363708287,True,up
WBGene00002113,3,0.9,PFEESA,0.306141892732769,0.0021605614240049,True,up
WBGene00021503,3,0.9,PFEESA,0.417391362543749,0.0023398383886538,True,up
WBGene00016719,3,0.9,PFEESA,0.736703158419751,0.0023971968363491,True,up
WBGene00011002,3,1.0,PFEESA,0.92005332107568,0.0026414207936159,True,up
WBGene00010850,3,1.0,PFEESA,0.601925745331942,0.0026786646554367,True,up
WBGene00235271,3,1.0,PFEESA,1.17540033547841,0.0026817398283506,True,up
WBGene00001649,3,1.0,PFEESA,0.273967129485325,0.0026817398283506,True,up
WBGene00022476,3,1.0,PFEESA,2.98164983682802,0.0027401677809625,True,up
WBGene00011799,3,0.9666666666666667,PFEESA,0.898354403451803,0.0029496403882578,True,up
WBGene00007393,3,0.7,PFEESA,0.89568313144426,0.0031319405907561,True,up
WBGene00194651,3,1.0,PFEESA,0.382335530030894,0.0031319405907561,True,up
WBGene00000009,3,1.0,PFEESA,-1.14005966486755,0.0031961055788754,True,down
WBGene00009908,3,1.0,PFEESA,2.1280732816276,0.0032218377610549,True,up
WBGene00008850,3,1.0,PFEESA,1.24298578252943,0.0032218377610549,True,up
WBGene00023485,3,1.0,PFEESA,-0.91246379869165,0.0033026925290938,True,down
WBGene00022712,3,1.0,PFEESA,0.496785539447071,0.0033173683467582,True,up
WBGene00012398,3,1.0,PFEESA,1.32716160622761,0.0033375527973712,True,up
WBGene00008499,3,1.0,PFEESA,-0.597497328950552,0.0033708840247685,True,down
WBGene00006916,3,0.9,PFEESA,0.366699771779042,0.0035348611724011,True,up
WBGene00004509,3,1.0,PFEESA,0.696970460344602,0.003873538608791,True,up
WBGene00007509,3,1.0,PFEESA,1.29416664225301,0.0041387371332283,True,up
WBGene00009844,3,1.0,PFEESA,0.506624802732868,0.0041408516758595,True,up
WBGene00012914,3,0.8666666666666667,PFEESA,1.79207937011544,0.004186821697116,True,up
WBGene00007779,3,1.0,PFEESA,0.338266032771709,0.0042136324257497,True,up
WBGene00050899,3,1.0,PFEESA,1.2122699924695,0.0042399507884226,True,up
WBGene00010985,3,0.9666666666666667,PFEESA,0.914338140793979,0.0044591250781242,True,up
WBGene00002188,3,1.0,PFEESA,1.12224915851757,0.0047318589755978,True,up
WBGene00004196,3,1.0,PFEESA,0.351916975536406,0.0050343619535358,True,up
WBGene00012492,3,1.0,PFEESA,-1.13398950277961,0.0051010166068017,True,down
WBGene00017095,3,1.0,PFEESA,2.83430477980426,0.0051074756529636,True,up
WBGene00044696,3,0.8666666666666667,PFEESA,0.614914370526943,0.0051152548715151,True,up
WBGene00016093,3,0.9666666666666667,PFEESA,0.491517639220474,0.0051153313091775,True,up
WBGene00000540,3,1.0,PFEESA,0.299838811287939,0.0051153313091775,True,up
WBGene00021340,3,1.0,PFEESA,0.577038277901745,0.0051244878059423,True,up
WBGene00000973,3,0.5333333333333333,PFEESA,0.550396816411898,0.0052078835795802,True,up
WBGene00007453,3,1.0,PFEESA,0.896044500537422,0.0052927820267062,True,up
WBGene00007963,3,0.9333333333333333,PFEESA,-1.0578471159981,0.0056394561723143,True,down
WBGene00006727,3,0.9333333333333333,PFEESA,0.268283146950303,0.005675729125938,True,up
WBGene00019734,3,0.9666666666666667,PFEESA,0.389062976312729,0.0056928231455619,True,up
WBGene00007932,3,1.0,PFEESA,0.531037915332432,0.0057687176497766,True,up
WBGene00015839,3,0.6,PFEESA,1.81365351430144,0.0060552860179108,True,up
WBGene00007885,3,0.7666666666666667,PFEESA,0.578892476360872,0.0062091202984268,True,up
WBGene00004221,3,1.0,PFEESA,0.647744115950848,0.0062953045690764,True,up
WBGene00018403,3,1.0,PFEESA,0.633551510371147,0.006471493089093,True,up
WBGene00019472,3,1.0,PFEESA,-2.34742194498469,0.0065218719798194,True,down
WBGene00008485,3,0.9333333333333333,PFEESA,0.975070386852998,0.0067697692107938,True,up
WBGene00013906,3,1.0,PFEESA,-0.501555901600447,0.006811053710835,True,down
WBGene00010706,3,0.5333333333333333,PFEESA,-1.40358328880695,0.0068988887921514,True,down
WBGene00007133,3,0.6333333333333333,PFEESA,0.588497080648617,0.0069869206685358,True,up
WBGene00013695,3,1.0,PFEESA,0.277820677604947,0.0070053281048027,True,up
WBGene00007928,3,0.9666666666666667,PFEESA,0.73140295356314,0.0071955684903518,True,up
WBGene00015352,3,0.9,PFEESA,0.326560521830056,0.0075167759598279,True,up
WBGene00021820,3,1.0,PFEESA,0.241071690882237,0.0077184930203932,True,up
WBGene00019127,3,0.9,PFEESA,0.231969103162603,0.0078571475375175,True,up
WBGene00006757,3,1.0,PFEESA,0.228379554802015,0.0078581427463692,True,up
WBGene00019970,3,1.0,PFEESA,-1.40058543912439,0.0078872781064519,True,down
WBGene00017041,3,0.9,PFEESA,0.812790531683181,0.0080000565295807,True,up
WBGene00043983,3,1.0,PFEESA,0.40533852685187,0.0085020240481971,True,up
WBGene00002267,3,1.0,PFEESA,0.297428763396367,0.0085020240481971,True,up
WBGene00021262,3,0.9333333333333333,PFEESA,0.507701063616132,0.008678254071077,True,up
WBGene00014151,3,0.8333333333333334,PFEESA,0.199822163263731,0.008678254071077,True,up
WBGene00004210,3,0.9666666666666667,PFEESA,0.309962078153713,0.0097081046506715,True,up
WBGene00001008,3,1.0,PFEESA,0.187605909249531,0.0100473905878801,True,up
WBGene00003856,3,0.9,PFEESA,0.920520971761451,0.0101203016717945,True,up
WBGene00015399,3,1.0,PFEESA,-2.69068981358393,0.0108303328534585,True,down
WBGene00000282,3,1.0,PFEESA,0.399436160618103,0.0110956885941922,True,up
WBGene00271821,3,1.0,PFEESA,1.57603833619413,0.0123970447663707,True,up
WBGene00006959,3,1.0,PFEESA,0.248404966749384,0.0131158403481066,True,up
WBGene00022745,3,1.0,PFEESA,0.246840257642122,0.0131158403481066,True,up
WBGene00000776,3,0.5666666666666667,PFEESA,-0.393175890228369,0.0131158403481066,True,down
WBGene00018352,3,1.0,PFEESA,1.52279625140562,0.0132166660010553,True,up
WBGene00010972,3,1.0,PFEESA,0.525455937563255,0.0133266498483998,True,up
WBGene00009512,3,1.0,PFEESA,0.527355149338361,0.0134470190744348,True,up
WBGene00017565,3,1.0,PFEESA,-0.506564722811722,0.0149973457921188,True,down
WBGene00010150,3,0.6333333333333333,PFEESA,-0.350500122237257,0.0152182206860997,True,down
WBGene00013359,3,1.0,PFEESA,0.35782372854631,0.015275846847023,True,up
WBGene00020313,3,0.9666666666666667,PFEESA,1.29304369696285,0.0154795095851738,True,up
WBGene00015599,3,1.0,PFEESA,3.23870704946153,0.0160128810084462,True,up
WBGene00007203,3,0.6333333333333333,PFEESA,0.748419423295773,0.0160128810084462,True,up
WBGene00008298,3,0.9,PFEESA,0.261292036296771,0.0160128810084462,True,up
WBGene00018602,3,1.0,PFEESA,0.996990811874753,0.0162067002961049,True,up
WBGene00015671,3,0.9666666666666667,PFEESA,0.355070180707576,0.0162701646264483,True,up
WBGene00016704,3,1.0,PFEESA,-0.254783687517138,0.0172741812585903,True,down
WBGene00044605,3,0.9333333333333333,PFEESA,-0.477253256556515,0.0174781572877688,True,down
WBGene00010256,3,1.0,PFEESA,2.41724989264171,0.017580920266787,True,up
WBGene00009903,3,1.0,PFEESA,-2.34470435544146,0.0176302252470569,True,down
WBGene00016004,3,0.9666666666666667,PFEESA,-0.584468152078792,0.0177688330239854,True,down
WBGene00015859,3,1.0,PFEESA,0.502317429819266,0.0178040477240464,True,up
WBGene00014098,3,1.0,PFEESA,0.165073353095498,0.0179043159297051,True,up
WBGene00009877,3,0.9,PFEESA,-0.862319892825207,0.0185091030248477,True,down
WBGene00022592,3,1.0,PFEESA,0.281643150254899,0.0185322170010736,True,up
WBGene00194815,3,0.9666666666666667,PFEESA,1.05449430932271,0.0186334604842881,True,up
WBGene00005719,3,1.0,PFEESA,1.93127071190374,0.0186501347580919,True,up
WBGene00010628,3,1.0,PFEESA,0.493700367573852,0.0198588650312576,True,up
WBGene00022562,3,0.7,PFEESA,0.477726728787766,0.0201547893033152,True,up
WBGene00014000,3,0.9666666666666667,PFEESA,0.593236548941792,0.0212373553104101,True,up
WBGene00019492,3,0.6333333333333333,PFEESA,-0.425388115341941,0.021417260919815,True,down
WBGene00045387,3,0.9666666666666667,PFEESA,0.478944983794217,0.0218385469593662,True,up
WBGene00011299,3,1.0,PFEESA,0.408082071688673,0.0220570893003154,True,up
WBGene00020080,3,1.0,PFEESA,1.2765061266002,0.0230541604968958,True,up
WBGene00002187,3,1.0,PFEESA,0.180876206058559,0.0234892577948267,True,up
WBGene00006603,3,0.7333333333333333,PFEESA,0.233035568056117,0.0244002984589288,True,up
WBGene00014001,3,1.0,PFEESA,0.329146910991683,0.0247335777412482,True,up
WBGene00000219,3,1.0,PFEESA,-0.271245828416283,0.0247539428970122,True,down
WBGene00002173,3,1.0,PFEESA,0.303608079707167,0.0248197424046953,True,up
WBGene00019265,3,0.9,PFEESA,-0.555042139384362,0.0251107577360928,True,down
WBGene00020188,3,1.0,PFEESA,0.675629673617323,0.0254042282002224,True,up
WBGene00006932,3,0.9666666666666667,PFEESA,0.171442927048756,0.0266220337728487,True,up
WBGene00020559,3,1.0,PFEESA,0.410287067380575,0.0277287194296671,True,up
WBGene00015569,3,0.9666666666666667,PFEESA,0.360352471156228,0.0281722773484424,True,up
WBGene00011850,3,0.9666666666666667,PFEESA,0.463265894113172,0.0282635891173331,True,up
WBGene00003603,3,1.0,PFEESA,0.290145403186562,0.0282635891173331,True,up
WBGene00017226,3,0.9666666666666667,PFEESA,0.54509964105161,0.028512575002586,True,up
WBGene00008044,3,1.0,PFEESA,-1.00640980769007,0.0286023509966939,True,down
WBGene00016219,3,1.0,PFEESA,0.533434542166732,0.0287785059982453,True,up
WBGene00019967,3,1.0,PFEESA,0.426940085151804,0.0287785059982453,True,up
WBGene00016879,3,1.0,PFEESA,-0.239198889132268,0.029256498011958,True,down
WBGene00050941,3,0.9,PFEESA,0.252266738471163,0.0293371971726678,True,up
WBGene00005703,3,1.0,PFEESA,0.670998457255911,0.0297860005726995,True,up
WBGene00002268,3,0.7666666666666667,PFEESA,0.244022773674727,0.029815947194962,True,up
WBGene00019911,3,1.0,PFEESA,0.35216021089532,0.029863472320211,True,up
WBGene00015660,3,0.9,PFEESA,-0.768104846584831,0.0298910878433313,True,down
WBGene00019344,3,1.0,PFEESA,0.360878658882878,0.0299865603555636,True,up
WBGene00013493,3,0.9333333333333333,PFEESA,3.11461659551652,0.0303787623766036,True,up
WBGene00016507,3,1.0,PFEESA,0.429496934895229,0.0312315208675132,True,up
WBGene00018338,3,1.0,PFEESA,-0.713155607909516,0.0314864517580585,True,down
WBGene00022496,3,0.6333333333333333,PFEESA,-0.929166789036769,0.031848101506414,True,down
WBGene00022593,3,0.9,PFEESA,0.394563507152479,0.0319436931801641,True,up
WBGene00009120,3,0.9666666666666667,PFEESA,0.207432265771594,0.0319940813842918,True,up
WBGene00019234,3,1.0,PFEESA,0.492702978751933,0.0329428988702702,True,up
WBGene00001489,3,0.6333333333333333,PFEESA,0.282762238744865,0.0329428988702702,True,up
WBGene00015897,3,1.0,PFEESA,-0.443974077959601,0.0335586009035131,True,down
WBGene00015783,3,0.9333333333333333,PFEESA,-0.455102992015353,0.0338820768378988,True,down
WBGene00001792,3,1.0,PFEESA,1.31933104848268,0.0340891654952482,True,up
WBGene00235164,3,1.0,PFEESA,0.709488002812348,0.0352105185778263,True,up
WBGene00021372,3,1.0,PFEESA,0.578315406282806,0.0376856054679093,True,up
WBGene00044525,3,1.0,PFEESA,0.943512636498132,0.0380891868074312,True,up
WBGene00011364,3,1.0,PFEESA,-0.638359582980979,0.0383956165752127,True,down
WBGene00018874,3,1.0,PFEESA,-0.743124667989042,0.0385009982097895,True,down
WBGene00009097,3,1.0,PFEESA,0.467186017986283,0.0391114017419874,True,up
WBGene00011801,3,1.0,PFEESA,-0.448514915144091,0.0397191798560772,True,down
WBGene00005643,3,1.0,PFEESA,0.702568945286026,0.0397590809664278,True,up
WBGene00002255,3,1.0,PFEESA,0.261855135507923,0.0401501302922632,True,up
WBGene00010453,3,0.5333333333333333,PFEESA,0.57611173824617,0.0410352343396552,True,up
WBGene00023414,3,1.0,PFEESA,0.2824528214568,0.0411700958132256,True,up
WBGene00020393,3,1.0,PFEESA,-0.336853559955226,0.0427863300457897,True,down
WBGene00002109,3,1.0,PFEESA,0.381941507750786,0.043536286127987,True,up
WBGene00007347,3,1.0,PFEESA,0.487482805350526,0.0437649701497343,True,up
WBGene00006688,3,1.0,PFEESA,0.982846099226473,0.0438407336209869,True,up
WBGene00005833,3,1.0,PFEESA,0.964559527113543,0.0440436050661223,True,up
WBGene00010473,3,0.8333333333333334,PFEESA,1.31059816878117,0.0442893799602885,True,up
WBGene00020725,3,1.0,PFEESA,0.356986127461972,0.047661202855068,True,up
WBGene00019885,3,1.0,PFEESA,0.78262435492452,0.0500133963586708,False,up
WBGene00001478,3,0.9666666666666667,PFEESA,0.497312900755121,0.05188251377142,False,up
WBGene00011289,3,0.9666666666666667,PFEESA,0.287821000387516,0.0525285134058917,False,up
WBGene00011756,3,1.0,PFEESA,0.246077118669768,0.0525285134058917,False,up
WBGene00000966,3,1.0,PFEESA,-0.623209075557322,0.0527618691816095,False,down
WBGene00022337,3,1.0,PFEESA,0.776162456702954,0.0529233403379395,False,up
WBGene00017427,3,1.0,PFEESA,0.373026770559015,0.0530801384657036,False,up
WBGene00005552,3,0.7666666666666667,PFEESA,0.809306716526033,0.0538552660291542,False,up
WBGene00015728,3,1.0,PFEESA,0.405899346116328,0.054307669114177,False,up
WBGene00008419,3,1.0,PFEESA,0.375289085067648,0.0564703100999397,False,up
WBGene00012699,3,1.0,PFEESA,-1.45614671805731,0.0590701341937188,False,down
WBGene00013608,3,0.7,PFEESA,0.811607503638722,0.0606455659282406,False,up
WBGene00016912,3,0.6666666666666666,PFEESA,0.991162772259674,0.0614810124358193,False,up
WBGene00050904,3,1.0,PFEESA,-0.51560178020594,0.0616499385788423,False,down
WBGene00009213,3,1.0,PFEESA,-2.39623123418642,0.0628791547562889,False,down
WBGene00002189,3,1.0,PFEESA,0.147090457781653,0.063021141215887,False,up
WBGene00003747,3,1.0,PFEESA,0.299194179739087,0.0633998266567205,False,up
WBGene00007969,3,1.0,PFEESA,0.358336146720038,0.0635658591901807,False,up
WBGene00020016,3,1.0,PFEESA,-1.38757932234438,0.0638056973240954,False,down
WBGene00018696,3,1.0,PFEESA,0.534441077800755,0.0641092813425157,False,up
WBGene00006075,3,1.0,PFEESA,-1.09169574733926,0.0647577668915541,False,down
WBGene00012582,3,1.0,PFEESA,-0.481307115444528,0.0659931320125325,False,down
WBGene00005008,3,0.9,PFEESA,0.424583467602196,0.0663598055232926,False,up
WBGene00007216,3,1.0,PFEESA,0.279171116880795,0.066463678207319,False,up
WBGene00000138,3,0.9666666666666667,PFEESA,0.272085913204276,0.0665960817342417,False,up
WBGene00004316,3,0.9333333333333333,PFEESA,0.181429417249083,0.0680673827475125,False,up
WBGene00003677,3,0.9,PFEESA,0.2419393142371,0.0724564897481999,False,up
WBGene00006914,3,1.0,PFEESA,0.263605726392212,0.0725955973681404,False,up
WBGene00194921,3,1.0,PFEESA,0.505348778000245,0.0731086587414989,False,up
WBGene00012462,3,1.0,PFEESA,0.341384642504329,0.0732980347051165,False,up
WBGene00006853,3,1.0,PFEESA,0.242652467649823,0.0735601315322025,False,up
WBGene00007440,3,0.9,PFEESA,0.836680422474958,0.0736667335661762,False,up
WBGene00003112,3,1.0,PFEESA,0.262079555044729,0.0745972239864957,False,up
WBGene00000782,3,1.0,PFEESA,-1.92904733070438,0.0747634353049246,False,down
WBGene00012764,3,0.9666666666666667,PFEESA,0.520297040575368,0.0752159417849072,False,up
WBGene00009778,3,0.9,PFEESA,0.891208913049393,0.0753270771768902,False,up
WBGene00011305,3,1.0,PFEESA,0.575819109710261,0.0755460608562074,False,up
WBGene00000655,3,0.6333333333333333,PFEESA,1.06067247661142,0.0776478708615164,False,up
WBGene00007817,3,1.0,PFEESA,0.369734472355837,0.0780363070241138,False,up
WBGene00021352,3,1.0,PFEESA,0.213158770619734,0.0781175892464054,False,up
WBGene00010426,3,1.0,PFEESA,2.36835118966355,0.0786910651418017,False,up
WBGene00015279,3,1.0,PFEESA,-0.559396309909302,0.0788791777332357,False,down
WBGene00019329,3,0.8,PFEESA,0.393244801555836,0.0796696686117179,False,up
WBGene00003602,3,1.0,PFEESA,0.37560041878315,0.0799294910741913,False,up
WBGene00004126,3,0.9,PFEESA,0.16482384385648,0.0799294910741913,False,up
WBGene00018262,3,0.9,PFEESA,-0.542787029663607,0.0804613855911811,False,down
WBGene00008555,3,0.9333333333333333,PFEESA,0.157671099163745,0.0805108268567055,False,up
WBGene00020869,3,0.6333333333333333,PFEESA,0.887641314061739,0.0822558730449975,False,up
WBGene00017390,3,1.0,PFEESA,1.56836795745709,0.082631965027498,False,up
WBGene00000558,3,1.0,PFEESA,-0.804891482667697,0.0829016795141319,False,down
WBGene00003585,3,1.0,PFEESA,0.476287819781377,0.0833076366254872,False,up
WBGene00044743,3,0.9666666666666667,PFEESA,0.278819712612024,0.0833384159885119,False,up
WBGene00003759,3,0.9,PFEESA,0.279110228289249,0.083389657764773,False,up
WBGene00011678,3,0.7,PFEESA,0.581981259120396,0.0835854957227633,False,up
WBGene00019226,3,1.0,PFEESA,0.422095766203146,0.0836423570670696,False,up
WBGene00011030,3,0.9666666666666667,PFEESA,0.294925709088938,0.0836423570670696,False,up
WBGene00013693,3,1.0,PFEESA,0.455338449850577,0.0861768471856523,False,up
WBGene00019108,3,1.0,PFEESA,0.427485822030055,0.0873533530188872,False,up
WBGene00015680,3,1.0,PFEESA,0.145204943480668,0.0884151628871429,False,up
WBGene00021875,3,1.0,PFEESA,0.357951268969829,0.0900867298372858,False,up
WBGene00016862,3,0.7666666666666667,PFEESA,0.322469516340768,0.0900867298372858,False,up
WBGene00004947,3,1.0,PFEESA,0.180029269484663,0.0900867298372858,False,up
WBGene00016429,3,1.0,PFEESA,-1.01806107252471,0.0917108192450716,False,down
WBGene00015483,3,0.9,PFEESA,-0.407347389171014,0.0917142301245837,False,down
WBGene00011070,3,1.0,PFEESA,0.228842298795166,0.0931269130882404,False,up
WBGene00000841,3,0.9333333333333333,PFEESA,0.46776172240013,0.0934453295211101,False,up
WBGene00012739,3,1.0,PFEESA,-0.320230540839662,0.093825496279925,False,down
WBGene00219216,3,0.9333333333333333,PFEESA,-0.73975322019326,0.0956862485266899,False,down
WBGene00010731,3,0.9,PFEESA,0.151939637053053,0.0968099923882184,False,up
WBGene00009429,3,0.7666666666666667,PFEESA,-1.20481680452137,0.096991294969373,False,down
WBGene00020903,3,1.0,PFEESA,0.398895132508011,0.0981044647924483,False,up
WBGene00017744,3,1.0,PFEESA,0.367121024523762,0.0996397969468077,False,up
WBGene00003786,3,0.9,PFEESA,0.259984225685113,0.102161531943916,False,up
WBGene00000645,3,0.7666666666666667,PFEESA,0.654604672924233,0.103899639260343,False,up
WBGene00017315,3,1.0,PFEESA,1.61068858789728,0.104761321176814,False,up
WBGene00003089,3,1.0,PFEESA,0.15898009830267,0.107164311044925,False,up
WBGene00206485,3,0.9,PFEESA,0.935131254063465,0.107359994605277,False,up
WBGene00045386,3,0.9333333333333333,PFEESA,0.425054071465432,0.110707353498429,False,up
WBGene00003249,3,1.0,PFEESA,-0.329768115989231,0.110883205754042,False,down
WBGene00015710,3,1.0,PFEESA,0.338059850554044,0.111322768165437,False,up
WBGene00017907,3,1.0,PFEESA,0.430720132964728,0.112445176276923,False,up
WBGene00010747,3,1.0,PFEESA,0.659608094055631,0.1126066680425,False,up
WBGene00022456,3,0.7666666666666667,PFEESA,-0.155548077990033,0.1126066680425,False,down
WBGene00016645,3,1.0,PFEESA,0.47781663529994,0.114737985159106,False,up
WBGene00021842,3,1.0,PFEESA,0.198961695328312,0.114978808703433,False,up
WBGene00019772,3,0.9333333333333333,PFEESA,0.251649292087712,0.115915619977333,False,up
WBGene00016335,3,1.0,PFEESA,0.287328014204269,0.116692540421568,False,up
WBGene00007507,3,0.9666666666666667,PFEESA,1.02594538301648,0.116778720967761,False,up
WBGene00017302,3,0.7,PFEESA,0.227377599324964,0.116873578406875,False,up
WBGene00007753,3,1.0,PFEESA,0.223653200256469,0.116873578406875,False,up
WBGene00022471,3,1.0,PFEESA,-0.352909087188243,0.116873578406875,False,down
WBGene00013169,3,1.0,PFEESA,0.747321510447809,0.117015565934558,False,up
WBGene00008900,3,0.7,PFEESA,0.20634622064052,0.118386354148869,False,up
WBGene00016365,3,1.0,PFEESA,0.417791843336527,0.119003359094333,False,up
WBGene00007357,3,1.0,PFEESA,0.314572129964769,0.119339483100935,False,up
WBGene00020697,3,0.9666666666666667,PFEESA,0.445987858965783,0.121763381587637,False,up
WBGene00010740,3,0.9,PFEESA,0.886255282525597,0.12183727424543,False,up
WBGene00008284,3,1.0,PFEESA,0.366539421586058,0.122214463107444,False,up
WBGene00011404,3,1.0,PFEESA,0.572859806907818,0.122422004761749,False,up
WBGene00008969,3,0.9,PFEESA,0.334611011931518,0.122422004761749,False,up
WBGene00017373,3,1.0,PFEESA,0.158728603430936,0.123178527064382,False,up
WBGene00004194,3,1.0,PFEESA,0.168338942362726,0.123917111179852,False,up
WBGene00019351,3,0.9666666666666667,PFEESA,-0.192711351946717,0.124755287752312,False,down
WBGene00008663,3,0.9666666666666667,PFEESA,0.397093334383828,0.12519038347614,False,up
WBGene00019376,3,1.0,PFEESA,-1.67494840955811,0.12519038347614,False,down
WBGene00010827,3,0.9666666666666667,PFEESA,0.204921977397979,0.125289744260438,False,up
WBGene00010589,3,1.0,PFEESA,0.823488326918022,0.125303527092612,False,up
WBGene00009600,3,0.9333333333333333,PFEESA,1.11576110389262,0.125385275299337,False,up
WBGene00012382,3,0.9,PFEESA,0.246262135938142,0.125967941452231,False,up
WBGene00017861,3,1.0,PFEESA,-0.320228424908761,0.126029118697385,False,down
WBGene00010632,3,0.8666666666666667,PFEESA,0.297656690045677,0.126692814316686,False,up
WBGene00004801,3,0.9,PFEESA,0.203785111685589,0.12707874349042,False,up
WBGene00001578,3,1.0,PFEESA,0.502159239739292,0.127425602853592,False,up
WBGene00013949,3,0.9666666666666667,PFEESA,0.452528398134475,0.128094405227476,False,up
WBGene00015978,3,0.5333333333333333,PFEESA,0.168416068935495,0.12968613784896,False,up
WBGene00012970,3,0.9666666666666667,PFEESA,0.453287203538353,0.130352035877688,False,up
WBGene00016191,3,0.5333333333333333,PFEESA,0.483976984726719,0.131005179672632,False,up
WBGene00010202,3,0.9666666666666667,PFEESA,0.754474773923401,0.131094475382866,False,up
WBGene00007162,3,1.0,PFEESA,0.398316849119315,0.131314026702835,False,up
WBGene00007812,3,0.9,PFEESA,0.198612619591166,0.131435005164863,False,up
WBGene00023515,3,1.0,PFEESA,0.99502834289095,0.132180669379138,False,up
WBGene00021600,3,0.9333333333333333,PFEESA,0.711133768096463,0.132180669379138,False,up
WBGene00007541,3,0.9666666666666667,PFEESA,0.974001844507853,0.132281017696731,False,up
WBGene00020909,3,0.6666666666666666,PFEESA,0.585228996984012,0.132286033259773,False,up
WBGene00020532,3,1.0,PFEESA,-0.5705279204657,0.132286033259773,False,down
WBGene00001397,3,0.7,PFEESA,-0.995092317167434,0.132355781544687,False,down
WBGene00013647,3,1.0,PFEESA,0.579467742255523,0.132578659171704,False,up
WBGene00003705,3,1.0,PFEESA,0.558906241060824,0.132578659171704,False,up
WBGene00020436,3,0.7,PFEESA,0.322626023490313,0.132578659171704,False,up
WBGene00001058,3,1.0,PFEESA,0.146675518968246,0.132698426636313,False,up
WBGene00006109,3,1.0,PFEESA,1.54466841946887,0.133625138763383,False,up
WBGene00022040,3,1.0,PFEESA,0.583961200555518,0.133723202568355,False,up
WBGene00018523,3,1.0,PFEESA,0.298280329769607,0.134005105312528,False,up
WBGene00018036,3,1.0,PFEESA,0.238947816094141,0.134189293915946,False,up
WBGene00013425,3,1.0,PFEESA,0.280050204344559,0.134713746846312,False,up
WBGene00018257,3,0.9666666666666667,PFEESA,0.248362589273004,0.13499972738237,False,up
WBGene00000211,3,1.0,PFEESA,0.441672111552996,0.13729968945808,False,up
WBGene00011763,3,0.8666666666666667,PFEESA,0.213756842811137,0.13729968945808,False,up
WBGene00008490,3,1.0,PFEESA,0.719484551749371,0.137467746123133,False,up
WBGene00018405,3,1.0,PFEESA,0.211200179069405,0.137467746123133,False,up
WBGene00021581,3,0.9,PFEESA,-1.39700096527082,0.138731474979747,False,down
WBGene00015864,3,1.0,PFEESA,0.773664333314765,0.139692557403978,False,up
WBGene00008601,3,1.0,PFEESA,0.146722680506367,0.139851364238867,False,up
WBGene00004266,3,1.0,PFEESA,0.12253608426783,0.13996192579112,False,up
WBGene00011616,3,0.7,PFEESA,0.827569277011553,0.140133401587353,False,up
WBGene00017422,3,0.9666666666666667,PFEESA,0.53109453551502,0.140133401587353,False,up
WBGene00006710,3,1.0,PFEESA,0.179361907008799,0.140133401587353,False,up
WBGene00011959,3,0.5666666666666667,PFEESA,0.381217744201599,0.14159628549353,False,up
WBGene00012525,3,0.9,PFEESA,0.539859074518534,0.142224044014212,False,up
WBGene00011590,3,1.0,PFEESA,0.313609110700768,0.14273208735087,False,up
WBGene00009201,3,0.9,PFEESA,0.125179525013379,0.143928822967017,False,up
WBGene00015999,3,1.0,PFEESA,0.678843910746636,0.144300906837528,False,up
WBGene00000983,3,0.9666666666666667,PFEESA,-0.510213533826045,0.144460948470096,False,down
WBGene00044349,3,1.0,PFEESA,0.70154785555656,0.146620245037279,False,up
WBGene00015756,3,1.0,PFEESA,-0.250290682103179,0.146695864879288,False,down
WBGene00004053,3,1.0,PFEESA,0.176199843229637,0.147440054131517,False,up
WBGene00003550,3,1.0,PFEESA,0.362944689507035,0.148758889148853,False,up
WBGene00005671,3,0.9,PFEESA,-0.834044389918455,0.148781498686022,False,down
WBGene00001466,3,0.5666666666666667,PFEESA,0.290634795567385,0.151102543073073,False,up
WBGene00021409,3,0.9,PFEESA,0.664512354262133,0.155466174074923,False,up
WBGene00021168,3,1.0,PFEESA,0.809056766405577,0.156540052718111,False,up
WBGene00021405,3,0.6,PFEESA,0.671714571461786,0.156540052718111,False,up
WBGene00022258,3,1.0,PFEESA,0.411507465051836,0.157153814186672,False,up
WBGene00013832,3,0.9,PFEESA,1.10112743565842,0.157896112498898,False,up
WBGene00000986,3,1.0,PFEESA,0.880300499594627,0.15789875329591,False,up
WBGene00010736,3,0.9,PFEESA,0.173860936044354,0.159999612502097,False,up
WBGene00011167,3,0.9666666666666667,PFEESA,-0.902128801245885,0.160263827767807,False,down
WBGene00008233,3,0.9666666666666667,PFEESA,0.687449041462875,0.160482801124613,False,up
WBGene00045412,3,1.0,PFEESA,0.51581380526951,0.160710937397268,False,up
WBGene00006656,3,1.0,PFEESA,0.289259658116627,0.160902887685692,False,up
WBGene00007175,3,1.0,PFEESA,0.211701978642763,0.161024359207631,False,up
WBGene00015622,3,1.0,PFEESA,0.873970673842796,0.161511909074395,False,up
WBGene00001447,3,0.9666666666666667,PFEESA,0.225482688238539,0.162289263484564,False,up
WBGene00016052,3,1.0,PFEESA,-1.41893134829361,0.162934479101142,False,down
WBGene00019615,3,1.0,PFEESA,0.1601225537894,0.163006463267299,False,up
WBGene00020426,3,0.9666666666666667,PFEESA,0.350117773038587,0.165853423331513,False,up
WBGene00019092,3,1.0,PFEESA,0.258391668202841,0.168581211521526,False,up
WBGene00010086,3,0.9,PFEESA,0.416155577362216,0.169444684264936,False,up
WBGene00014022,3,0.9,PFEESA,-0.157379322768466,0.172697350691701,False,down
WBGene00000110,3,1.0,PFEESA,-0.220196699669863,0.173781963702517,False,down
WBGene00023432,3,1.0,PFEESA,-0.336165052456385,0.173807914696976,False,down
WBGene00007609,3,0.8333333333333334,PFEESA,0.197245004179971,0.17400214715562,False,up
WBGene00045397,3,1.0,PFEESA,0.437030525636133,0.174171477505992,False,up
WBGene00013243,3,1.0,PFEESA,0.18894224442672,0.174295002252146,False,up
WBGene00011088,3,1.0,PFEESA,0.396869909603785,0.174718165765282,False,up
WBGene00000814,3,1.0,PFEESA,0.153075695887056,0.175143409238658,False,up
WBGene00007669,3,1.0,PFEESA,0.728662534272678,0.175435653661505,False,up
WBGene00008443,3,1.0,PFEESA,0.171409843799331,0.175947428671872,False,up
WBGene00010408,3,1.0,PFEESA,-0.194039877997716,0.175947428671872,False,down
WBGene00015532,3,1.0,PFEESA,1.10562601402448,0.177173725986229,False,up
WBGene00006467,3,0.9666666666666667,PFEESA,0.228345582428427,0.177320960445299,False,up
WBGene00019047,3,1.0,PFEESA,0.365480779449759,0.177699643242708,False,up
WBGene00003676,3,1.0,PFEESA,0.16325684920281,0.180528496829378,False,up
WBGene00014036,3,0.9666666666666667,PFEESA,-0.157931684680701,0.180528496829378,False,down
WBGene00189987,3,1.0,PFEESA,0.717058983242015,0.180598073057827,False,up
WBGene00016218,3,1.0,PFEESA,0.366555578418041,0.180598073057827,False,up
WBGene00003943,3,1.0,PFEESA,0.228967643129981,0.180598073057827,False,up
WBGene00017398,3,1.0,PFEESA,0.307324819547984,0.181574774370342,False,up
WBGene00011428,3,1.0,PFEESA,0.142256518601135,0.181574774370342,False,up
WBGene00003515,3,0.6,PFEESA,0.1923815746205,0.183336758359573,False,up
WBGene00019525,3,1.0,PFEESA,0.71404965383004,0.183496362840822,False,up
WBGene00007717,3,0.6,PFEESA,0.438785085740462,0.184720674860921,False,up
WBGene00001250,3,0.5333333333333333,PFEESA,0.198449147676376,0.18483955779793,False,up
WBGene00017879,3,1.0,PFEESA,-0.776194040921813,0.185737374575297,False,down
WBGene00004878,3,1.0,PFEESA,-0.833142009024543,0.186081728811585,False,down
WBGene00012028,3,0.9,PFEESA,0.805847469585075,0.186303980734891,False,up
WBGene00001765,3,1.0,PFEESA,1.5490171990736,0.187601372712332,False,up
WBGene00007071,3,1.0,PFEESA,0.308865123734199,0.187737637957463,False,up
WBGene00022873,3,1.0,PFEESA,0.420370086618132,0.188806290401771,False,up
WBGene00021178,3,0.9333333333333333,PFEESA,0.308513539029306,0.189523125620213,False,up
WBGene00018988,3,0.9666666666666667,PFEESA,0.866533501414348,0.190152156985503,False,up
WBGene00012404,3,1.0,PFEESA,-0.478774019249805,0.19082450123086,False,down
WBGene00005655,3,1.0,PFEESA,0.255502901212806,0.190961215845436,False,up
WBGene00001592,3,1.0,PFEESA,0.218012476061428,0.192868560502042,False,up
WBGene00022605,3,1.0,PFEESA,-1.08640428100752,0.192868560502042,False,down
WBGene00012930,3,1.0,PFEESA,-0.2339523467147,0.193105499383358,False,down
WBGene00020946,3,0.9666666666666667,PFEESA,-2.03719268043764,0.194258208489893,False,down
WBGene00012961,3,1.0,PFEESA,0.684433321675633,0.19489301675061,False,up
WBGene00016927,3,1.0,PFEESA,-0.776197565939076,0.19489301675061,False,down
WBGene00004198,3,0.9,PFEESA,0.219546923417638,0.195617554218966,False,up
WBGene00016403,3,0.7666666666666667,PFEESA,-0.64775971684556,0.197960152197668,False,down
WBGene00003639,3,0.9666666666666667,PFEESA,0.143610692163511,0.199927506428792,False,up
WBGene00045396,3,1.0,PFEESA,-1.28114280480632,0.199927506428792,False,down
WBGene00019324,3,0.9666666666666667,PFEESA,0.115710026437318,0.200164581390746,False,up
WBGene00003621,3,0.9666666666666667,PFEESA,0.350594958818934,0.200781869275244,False,up
WBGene00003475,3,1.0,PFEESA,0.153766389004532,0.201894704183038,False,up
WBGene00003480,3,1.0,PFEESA,0.313701821938427,0.205407064139023,False,up
WBGene00019233,3,1.0,PFEESA,0.781475247083268,0.209335166817898,False,up
WBGene00014300,3,0.9666666666666667,PFEESA,0.340207077644341,0.209335166817898,False,up
WBGene00008730,3,1.0,PFEESA,0.309228205495474,0.210889016556192,False,up
WBGene00022003,3,1.0,PFEESA,-0.942332202808955,0.213148698968765,False,down
WBGene00015578,3,1.0,PFEESA,0.39150528502965,0.215199224277465,False,up
WBGene00006543,3,0.9333333333333333,PFEESA,0.189516639713974,0.215199224277465,False,up
WBGene00001396,3,0.9,PFEESA,-0.151675277813062,0.216305460985449,False,down
WBGene00004892,3,0.9666666666666667,PFEESA,-0.120295937448538,0.216389546228498,False,down
WBGene00017331,3,0.9,PFEESA,-0.407871803340839,0.216982247714193,False,down
WBGene00016863,3,1.0,PFEESA,1.0073908568848,0.218558514254985,False,up
WBGene00194895,3,1.0,PFEESA,0.694113443205388,0.218947426556391,False,up
WBGene00018363,3,1.0,PFEESA,0.40915238660386,0.218990191428282,False,up
WBGene00018672,3,1.0,PFEESA,0.172061244520855,0.219311709872877,False,up
WBGene00007070,3,1.0,PFEESA,-0.257229265741626,0.219584084307637,False,down
WBGene00003731,3,0.8333333333333334,PFEESA,-0.344106176864962,0.219584084307637,False,down
WBGene00013539,3,1.0,PFEESA,0.477705691086922,0.22053716682825,False,up
WBGene00019048,3,1.0,PFEESA,0.219015867671552,0.220595549718188,False,up
WBGene00007562,3,0.9,PFEESA,0.161716959463348,0.220934185243688,False,up
WBGene00015535,3,1.0,PFEESA,1.21944872530437,0.221175401485958,False,up
WBGene00019479,3,0.9666666666666667,PFEESA,0.175196121776524,0.221710242820903,False,up
WBGene00002207,3,0.9,PFEESA,0.14533356384525,0.222895372235155,False,up
WBGene00019339,3,1.0,PFEESA,0.495286250507264,0.22389481670219,False,up
WBGene00007761,3,1.0,PFEESA,0.159774208809944,0.225393928655655,False,up
WBGene00016326,3,1.0,PFEESA,0.119991991888332,0.225550506582628,False,up
WBGene00010661,3,0.9,PFEESA,0.302834569372263,0.225632822396443,False,up
WBGene00016314,3,1.0,PFEESA,0.278222612353878,0.225632822396443,False,up
WBGene00000517,3,1.0,PFEESA,0.183808179260304,0.226882960721535,False,up
WBGene00011116,3,1.0,PFEESA,-0.205937234107833,0.229617653681102,False,down
WBGene00016156,3,1.0,PFEESA,0.177901994237818,0.229888997265826,False,up
WBGene00011647,3,0.9666666666666667,PFEESA,0.121237800616413,0.230173289519579,False,up
WBGene00003683,3,1.0,PFEESA,0.636720760022806,0.230965341005462,False,up
WBGene00003593,3,0.9333333333333333,PFEESA,0.172860061213715,0.231171044396652,False,up
WBGene00001778,3,0.9666666666666667,PFEESA,0.762385605194041,0.231651181815898,False,up
WBGene00010001,3,0.5333333333333333,PFEESA,0.395497699616215,0.231651181815898,False,up
WBGene00021654,3,1.0,PFEESA,0.596054370192654,0.231825156088065,False,up
WBGene00022313,3,1.0,PFEESA,0.323392889369906,0.232704311130323,False,up
WBGene00022647,3,1.0,PFEESA,0.18031988604307,0.234604928137343,False,up
WBGene00001450,3,0.9666666666666667,PFEESA,0.199969732491046,0.235303073345615,False,up
WBGene00006310,3,1.0,PFEESA,0.346297154171648,0.237134790309446,False,up
WBGene00012750,3,1.0,PFEESA,0.427446695863014,0.237833802451768,False,up
WBGene00010063,3,1.0,PFEESA,0.292824803634621,0.238103115171772,False,up
WBGene00008861,3,1.0,PFEESA,0.248834609387584,0.238103115171772,False,up
WBGene00008270,3,1.0,PFEESA,0.175148964035051,0.239020325176607,False,up
WBGene00185005,3,1.0,PFEESA,0.598970063443612,0.240183423199628,False,up
WBGene00011213,3,1.0,PFEESA,0.337057674444453,0.242023780291014,False,up
WBGene00009973,3,1.0,PFEESA,0.252230458846353,0.242159642899502,False,up
WBGene00008239,3,1.0,PFEESA,-0.246483249439501,0.244896790046023,False,down
WBGene00005437,3,0.6666666666666666,PFEESA,0.915288051230779,0.246155655495098,False,up
WBGene00017667,3,0.9333333333333333,PFEESA,0.586353536063257,0.246155655495098,False,up
WBGene00018562,3,1.0,PFEESA,0.277743665154394,0.246155655495098,False,up
WBGene00003384,3,1.0,PFEESA,0.188463412883956,0.246155655495098,False,up
WBGene00000535,3,1.0,PFEESA,0.239985072279663,0.249022016175954,False,up
WBGene00015186,3,1.0,PFEESA,-0.139447531289062,0.249436636490096,False,down
WBGene00014145,3,0.9666666666666667,PFEESA,0.448404684974822,0.251621251514189,False,up
WBGene00011198,3,1.0,PFEESA,0.132292018038415,0.251750696621943,False,up
WBGene00008739,3,1.0,PFEESA,0.342448426596455,0.252588046839316,False,up
WBGene00009888,3,1.0,PFEESA,0.166064547356258,0.252833081736098,False,up
WBGene00017513,3,1.0,PFEESA,0.207235851799327,0.254060844939784,False,up
WBGene00008348,3,1.0,PFEESA,0.223957328725668,0.2551227295621,False,up
WBGene00012808,3,0.9333333333333333,PFEESA,0.804215312648895,0.256301702404704,False,up
WBGene00022245,3,1.0,PFEESA,0.318460133188822,0.256516267696721,False,up
WBGene00016697,3,0.9333333333333333,PFEESA,1.00081585938671,0.258034463868768,False,up
WBGene00077490,3,0.8333333333333334,PFEESA,0.341076785279478,0.259116718516252,False,up
WBGene00009711,3,1.0,PFEESA,-0.159230616209042,0.259638978314625,False,down
WBGene00007351,3,0.9,PFEESA,0.55451256630256,0.260246021099096,False,up
WBGene00013643,3,1.0,PFEESA,-0.274409723983982,0.260365043848365,False,down
WBGene00003590,3,0.9666666666666667,PFEESA,-0.423446277601398,0.260872060712305,False,down
WBGene00020444,3,1.0,PFEESA,0.396296421984978,0.260993861596372,False,up
WBGene00016283,3,1.0,PFEESA,0.256838678025777,0.260993861596372,False,up
WBGene00015295,3,0.9666666666666667,PFEESA,-0.229500492028926,0.26168810742297,False,down
WBGene00009390,3,1.0,PFEESA,0.779265890413061,0.262464298148836,False,up
WBGene00003612,3,1.0,PFEESA,0.228545398343387,0.263710935347176,False,up
WBGene00020700,3,0.5333333333333333,PFEESA,1.45332116651693,0.264379909638835,False,up
WBGene00022498,3,1.0,PFEESA,0.589582518138944,0.2644243270724,False,up
WBGene00001672,3,0.9666666666666667,PFEESA,0.506127685026439,0.2644243270724,False,up
WBGene00018509,3,0.5,PFEESA,0.111785645242851,0.267975381413122,False,up
WBGene00021926,3,1.0,PFEESA,0.149224203253377,0.269578234481725,False,up
WBGene00007391,3,1.0,PFEESA,0.360301991467333,0.270158847440281,False,up
WBGene00020705,3,0.6666666666666666,PFEESA,-0.236854838884433,0.270158847440281,False,down
WBGene00003651,3,0.9,PFEESA,0.158911359284414,0.272746783996182,False,up
WBGene00019408,3,0.9333333333333333,PFEESA,0.184801828894401,0.273944661575304,False,up
WBGene00010722,3,1.0,PFEESA,0.31314399959247,0.276049341650263,False,up
WBGene00015401,3,1.0,PFEESA,0.752391058024961,0.277446744065128,False,up
WBGene00013399,3,0.9,PFEESA,1.09251800139009,0.278466994368946,False,up
WBGene00015437,3,1.0,PFEESA,0.646070528339457,0.279671475119123,False,up
WBGene00020912,3,1.0,PFEESA,0.266225675510162,0.280830840477861,False,up
WBGene00006412,3,0.7333333333333333,PFEESA,0.137204071659874,0.281684918484671,False,up
WBGene00004829,3,1.0,PFEESA,0.109636508444777,0.281821897937045,False,up
WBGene00008481,3,1.0,PFEESA,0.302958447832157,0.28258120195223,False,up
WBGene00012624,3,1.0,PFEESA,0.249220173368774,0.283060200400352,False,up
WBGene00009741,3,0.9666666666666667,PFEESA,-0.187807838372784,0.283733049920052,False,down
WBGene00005716,3,1.0,PFEESA,-0.798140002207361,0.284363192183006,False,down
WBGene00017016,3,1.0,PFEESA,0.129959177885845,0.284877906856364,False,up
WBGene00011388,3,1.0,PFEESA,-1.0702855052802,0.285247267065677,False,down
WBGene00014047,3,1.0,PFEESA,0.6843365873225,0.285917461213084,False,up
WBGene00020672,3,0.9333333333333333,PFEESA,-0.776391901174016,0.286614884816533,False,down
WBGene00001152,3,1.0,PFEESA,0.218628072541769,0.286734439334788,False,up
WBGene00007818,3,0.9666666666666667,PFEESA,0.535031310155099,0.287289360058015,False,up
WBGene00014006,3,0.5333333333333333,PFEESA,0.391674407461152,0.288412179470346,False,up
WBGene00001666,3,0.8333333333333334,PFEESA,0.211939629181506,0.288552073676477,False,up
WBGene00008265,3,0.6,PFEESA,0.221751054556637,0.289167639658922,False,up
WBGene00194674,3,1.0,PFEESA,-0.645010265127635,0.290472696543363,False,down
WBGene00008031,3,0.9666666666666667,PFEESA,0.373387063824975,0.291512496530637,False,up
WBGene00013216,3,1.0,PFEESA,0.175270317490198,0.291512496530637,False,up
WBGene00004076,3,1.0,PFEESA,0.175938990749127,0.291789437521871,False,up
WBGene00015188,3,0.6333333333333333,PFEESA,-0.208687837039624,0.292214842465759,False,down
WBGene00006622,3,0.9,PFEESA,0.563888937406654,0.292907477975314,False,up
WBGene00007716,3,0.9666666666666667,PFEESA,0.606997395961506,0.293498002780236,False,up
WBGene00044210,3,1.0,PFEESA,0.277599276773951,0.294757048127379,False,up
WBGene00044949,3,0.7,PFEESA,0.214887016783205,0.29538461705567,False,up
WBGene00007546,3,0.9333333333333333,PFEESA,-0.2901966295121,0.296145312017951,False,down
WBGene00013923,3,1.0,PFEESA,0.341579115603956,0.296474517945771,False,up
WBGene00000421,3,1.0,PFEESA,0.0988118667306297,0.296481713670168,False,up
WBGene00003844,3,1.0,PFEESA,-0.236950517392603,0.297367659599802,False,down
WBGene00010799,3,0.9,PFEESA,0.460140955437302,0.298296125747325,False,up
WBGene00018694,3,0.7333333333333333,PFEESA,1.09148584760635,0.299118321284262,False,up
WBGene00001973,3,1.0,PFEESA,-0.238092260892609,0.299616675069817,False,down
WBGene00000963,3,0.9666666666666667,PFEESA,0.310281450755771,0.30091527145732,False,up
WBGene00007651,3,1.0,PFEESA,0.172356213452177,0.30251083683991,False,up
WBGene00003726,3,1.0,PFEESA,-0.232368772708777,0.302526939111108,False,down
WBGene00219455,3,1.0,PFEESA,0.803916271560637,0.303393897437025,False,up
WBGene00284867,3,1.0,PFEESA,0.801241028372303,0.306304715208335,False,up
WBGene00022588,3,0.9,PFEESA,0.412433438134269,0.306576221137495,False,up
WBGene00021075,3,0.5333333333333333,PFEESA,0.348436778916811,0.306624665497404,False,up
WBGene00015293,3,1.0,PFEESA,0.172652291958217,0.306624665497404,False,up
WBGene00010023,3,0.9666666666666667,PFEESA,0.866720911557457,0.309454986102104,False,up
WBGene00011725,3,1.0,PFEESA,0.315118097698066,0.309454986102104,False,up
WBGene00044757,3,1.0,PFEESA,0.430964498292695,0.309631917166244,False,up
WBGene00015720,3,1.0,PFEESA,0.797391565752196,0.311180956657569,False,up
WBGene00019913,3,0.7666666666666667,PFEESA,1.05347424258953,0.311922387646764,False,up
WBGene00010667,3,1.0,PFEESA,0.217875016593904,0.311922387646764,False,up
WBGene00004932,3,1.0,PFEESA,-0.763655557219377,0.312065307536283,False,down
WBGene00015849,3,1.0,PFEESA,0.551309467576008,0.313002926512768,False,up
WBGene00003715,3,0.8333333333333334,PFEESA,0.219308794927961,0.313002926512768,False,up
WBGene00020015,3,0.6333333333333333,PFEESA,0.330553366129758,0.3138602667883,False,up
WBGene00007522,3,0.9,PFEESA,0.307624839576185,0.314222045433232,False,up
WBGene00004209,3,0.9,PFEESA,0.211381580073699,0.315047145675653,False,up
WBGene00020720,3,0.9,PFEESA,0.8045936697134,0.315088588253422,False,up
WBGene00017060,3,1.0,PFEESA,0.379832837761974,0.315932834414952,False,up
WBGene00019955,3,1.0,PFEESA,0.175238303008684,0.316038732673526,False,up
WBGene00019116,3,1.0,PFEESA,-0.194955875725373,0.322621524104131,False,down
WBGene00003722,3,0.5333333333333333,PFEESA,0.227151462438384,0.323321323922509,False,up
WBGene00001769,3,0.9666666666666667,PFEESA,0.413382689822031,0.323958047828502,False,up
WBGene00010868,3,1.0,PFEESA,0.130139047783012,0.323958047828502,False,up
WBGene00015948,3,0.5,PFEESA,0.380813958472122,0.324296083930781,False,up
WBGene00015981,3,0.9666666666666667,PFEESA,-0.298745122587268,0.324296083930781,False,down
WBGene00004310,3,1.0,PFEESA,0.121155139554961,0.324345545164563,False,up
WBGene00021080,3,0.9666666666666667,PFEESA,0.141220634667045,0.324380218218937,False,up
WBGene00019623,3,0.9666666666666667,PFEESA,0.48500523575831,0.324472251103827,False,up
WBGene00000830,3,1.0,PFEESA,0.294683975705799,0.324472251103827,False,up
WBGene00010575,3,0.7,PFEESA,0.215839451596963,0.324472251103827,False,up
WBGene00004024,3,0.8333333333333334,PFEESA,0.151075834490202,0.324472251103827,False,up
WBGene00019652,3,1.0,PFEESA,0.308217944070502,0.324973147798065,False,up
WBGene00022474,3,0.9666666666666667,PFEESA,-0.201364681907059,0.324973147798065,False,down
WBGene00008234,3,0.9,PFEESA,0.509325865794128,0.325127056781236,False,up
WBGene00013562,3,1.0,PFEESA,0.350691152191804,0.325127056781236,False,up
WBGene00016503,3,0.6,PFEESA,0.28916577243552,0.325383630055204,False,up
WBGene00017178,3,0.9333333333333333,PFEESA,0.172375767387122,0.325383630055204,False,up
WBGene00005647,3,1.0,PFEESA,0.2040779900466,0.326350582289548,False,up
WBGene00001676,3,1.0,PFEESA,0.298172202699932,0.327082112437486,False,up
WBGene00007316,3,0.9666666666666667,PFEESA,0.277093248174977,0.327859338220834,False,up
WBGene00001526,3,1.0,PFEESA,0.137865726273187,0.327859338220834,False,up
WBGene00012491,3,1.0,PFEESA,-0.306128739240578,0.328708054852535,False,down
WBGene00003600,3,0.9666666666666667,PFEESA,0.113786470399528,0.328835179978317,False,up
WBGene00013334,3,1.0,PFEESA,0.200916722382173,0.329872197342244,False,up
WBGene00016535,3,1.0,PFEESA,0.163951936165445,0.330207108527246,False,up
WBGene00010795,3,1.0,PFEESA,-0.295700171488195,0.332606241795346,False,down
WBGene00017180,3,0.9,PFEESA,0.330507676836362,0.332684657497806,False,up
WBGene00003821,3,1.0,PFEESA,-0.123245164691238,0.332684657497806,False,down
WBGene00020449,3,1.0,PFEESA,0.357134475265164,0.332884530969399,False,up
WBGene00019648,3,1.0,PFEESA,0.43703353404115,0.333660359789328,False,up
WBGene00003378,3,0.9666666666666667,PFEESA,0.248382017446248,0.333660359789328,False,up
WBGene00018298,3,1.0,PFEESA,0.178446571428349,0.333660359789328,False,up
WBGene00235352,3,0.9666666666666667,PFEESA,-0.297056442939128,0.333660359789328,False,down
WBGene00020390,3,1.0,PFEESA,-0.139848875412223,0.33473458072984,False,down
WBGene00020941,3,1.0,PFEESA,-0.618432077798751,0.33473458072984,False,down
WBGene00010321,3,0.9333333333333333,PFEESA,0.274453145675635,0.335501506825137,False,up
WBGene00012307,3,1.0,PFEESA,-0.558863983325645,0.336486599675134,False,down
WBGene00011417,3,1.0,PFEESA,0.278110416056321,0.337347101171182,False,up
WBGene00018595,3,0.8666666666666667,PFEESA,0.60914597842937,0.339672575272752,False,up
WBGene00007984,3,0.9,PFEESA,0.144063236255688,0.339672575272752,False,up
WBGene00006462,3,0.9,PFEESA,0.126178572074658,0.339725173257137,False,up
WBGene00020564,3,0.6,PFEESA,0.417414361708628,0.340360802317604,False,up
WBGene00015419,3,0.9333333333333333,PFEESA,0.685432396112483,0.342328166247698,False,up
WBGene00006685,3,0.9333333333333333,PFEESA,0.229826083197599,0.345748232571949,False,up
WBGene00017776,3,0.9,PFEESA,-0.144591927033206,0.345852142442335,False,down
WBGene00015301,3,1.0,PFEESA,0.114031277946232,0.345930404905968,False,up
WBGene00007405,3,0.9,PFEESA,0.199152930546827,0.346423892420013,False,up
WBGene00014202,3,0.5333333333333333,PFEESA,0.116900103165909,0.347163720107898,False,up
WBGene00021755,3,0.9333333333333333,PFEESA,0.413890349753851,0.347187611736289,False,up
WBGene00022677,3,1.0,PFEESA,0.150112750737979,0.347257101924729,False,up
WBGene00004321,3,0.7,PFEESA,0.180837307918538,0.350210581199841,False,up
WBGene00000186,3,0.9333333333333333,PFEESA,0.097845824123294,0.352531891425702,False,up
WBGene00021219,3,1.0,PFEESA,0.377208058795369,0.353488077770101,False,up
WBGene00007833,3,1.0,PFEESA,-0.660922262343597,0.353495226063029,False,down
WBGene00010454,3,0.9666666666666667,PFEESA,0.212202324074296,0.353527326252985,False,up
WBGene00012728,3,0.9,PFEESA,0.325361017189385,0.354781699938331,False,up
WBGene00077771,3,0.9333333333333333,PFEESA,0.111878673377944,0.354781699938331,False,up
WBGene00004375,3,1.0,PFEESA,0.115789475293032,0.355078868081908,False,up
WBGene00020023,3,1.0,PFEESA,0.270053276671564,0.358784456793517,False,up
WBGene00012721,3,0.5333333333333333,PFEESA,0.501965747962302,0.359235273511008,False,up
WBGene00004739,3,0.9333333333333333,PFEESA,0.125132688465032,0.359235273511008,False,up
WBGene00003566,3,0.9,PFEESA,0.221440928554644,0.360214428743281,False,up
WBGene00014136,3,0.9666666666666667,PFEESA,0.384958105878168,0.360755557571404,False,up
WBGene00008366,3,0.9333333333333333,PFEESA,0.154615684358819,0.360833473858767,False,up
WBGene00005271,3,0.9,PFEESA,0.485767802328315,0.36166684418997,False,up
WBGene00019871,3,0.9666666666666667,PFEESA,0.100671044954457,0.362339589543218,False,up
WBGene00019656,3,1.0,PFEESA,-0.0947554063136987,0.362964338381237,False,down
WBGene00022485,3,1.0,PFEESA,0.223233497910449,0.363998835291826,False,up
WBGene00001368,3,1.0,PFEESA,0.113450877876121,0.364280770725547,False,up
WBGene00017771,3,1.0,PFEESA,-0.197560889177151,0.365410687479813,False,down
WBGene00015397,3,0.9666666666666667,PFEESA,0.843385702817346,0.367936458176578,False,up
WBGene00020011,3,0.9666666666666667,PFEESA,0.350206309245334,0.367936458176578,False,up
WBGene00022796,3,0.9333333333333333,PFEESA,0.376259859146324,0.36813783749843,False,up
WBGene00008127,3,1.0,PFEESA,-0.266352144510089,0.369326002822601,False,down
WBGene00012463,3,1.0,PFEESA,0.147495159737834,0.37053240411771,False,up
WBGene00004006,3,1.0,PFEESA,-0.195795054900806,0.371755148797503,False,down
WBGene00012692,3,1.0,PFEESA,-0.195373941390593,0.37218841183778,False,down
WBGene00009638,3,0.9,PFEESA,0.277430850577326,0.373130423935544,False,up
WBGene00016806,3,0.9666666666666667,PFEESA,0.198371822810858,0.374640702325195,False,up
WBGene00015484,3,1.0,PFEESA,0.247075086731116,0.3753294913292,False,up
WBGene00021645,3,0.9666666666666667,PFEESA,0.236491209158067,0.375352273274343,False,up
WBGene00017699,3,1.0,PFEESA,0.0813193402360458,0.375352273274343,False,up
WBGene00008742,3,1.0,PFEESA,0.207743755550057,0.376796163393485,False,up
WBGene00001770,3,0.9666666666666667,PFEESA,0.281760020626315,0.376981640159609,False,up
WBGene00012810,3,1.0,PFEESA,-0.660129156652288,0.378355223484675,False,down
WBGene00019153,3,0.9666666666666667,PFEESA,0.398797797815076,0.379696268473164,False,up
WBGene00017015,3,1.0,PFEESA,0.46329282946681,0.379952855608647,False,up
WBGene00008890,3,1.0,PFEESA,0.240411406024482,0.380157274804359,False,up
WBGene00008007,3,1.0,PFEESA,0.606969115606009,0.380837695528519,False,up
WBGene00010641,3,1.0,PFEESA,0.0990649718106698,0.384269447548702,False,up
WBGene00007864,3,0.6666666666666666,PFEESA,-2.08672703022362,0.384752966370089,False,down
WBGene00003885,3,1.0,PFEESA,0.250438041070087,0.384935406910368,False,up
WBGene00003064,3,0.9333333333333333,PFEESA,-0.158873357014829,0.385381397183689,False,down
WBGene00009831,3,1.0,PFEESA,0.194618501504468,0.385859142536286,False,up
WBGene00018380,3,0.6333333333333333,PFEESA,1.22833912171465,0.386029210515298,False,up
WBGene00018657,3,0.9,PFEESA,0.122190002468446,0.386029210515298,False,up
WBGene00019946,3,0.7333333333333333,PFEESA,0.110304729702642,0.387575397319115,False,up
WBGene00018031,3,0.9666666666666667,PFEESA,-0.979878011480053,0.387684347785782,False,down
WBGene00007288,3,0.8666666666666667,PFEESA,0.79916086724835,0.389312747837962,False,up
WBGene00000082,3,1.0,PFEESA,-0.467383493154101,0.389843778524263,False,down
WBGene00010399,3,1.0,PFEESA,-0.538395896625334,0.389843778524263,False,down
WBGene00202512,3,1.0,PFEESA,0.553815768654379,0.391157278837941,False,up
WBGene00013336,3,1.0,PFEESA,0.460876461899412,0.392402100399131,False,up
WBGene00013236,3,0.9666666666666667,PFEESA,-0.196508405976015,0.39339242653856,False,down
WBGene00007752,3,0.9,PFEESA,0.102147513319042,0.393472695079893,False,up
WBGene00021494,3,1.0,PFEESA,1.20716656408175,0.393683677993447,False,up
WBGene00008885,3,0.9,PFEESA,0.227710483194136,0.393816486554671,False,up
WBGene00007180,3,1.0,PFEESA,-0.197659140814306,0.393816486554671,False,down
WBGene00011738,3,0.9666666666666667,PFEESA,0.105799768478363,0.393980780288555,False,up
WBGene00015303,3,1.0,PFEESA,0.128630830607875,0.394931262489229,False,up
WBGene00011321,3,0.9666666666666667,PFEESA,0.674019190855164,0.395229124481201,False,up
WBGene00003610,3,0.9,PFEESA,0.246914285030845,0.396462820721379,False,up
WBGene00020051,3,1.0,PFEESA,-0.158597383424784,0.396462820721379,False,down
WBGene00003570,3,0.9333333333333333,PFEESA,-0.297104890033424,0.396893437644486,False,down
WBGene00022412,3,1.0,PFEESA,0.165248298186395,0.397639171839834,False,up
WBGene00017985,3,1.0,PFEESA,-0.498076648305203,0.398869646447085,False,down
WBGene00005640,3,1.0,PFEESA,-0.824077239567329,0.398869646447085,False,down
WBGene00011923,3,0.9333333333333333,PFEESA,0.198449090994417,0.401038820715436,False,up
WBGene00138711,3,1.0,PFEESA,0.836936104711789,0.401083489612469,False,up
WBGene00001899,3,1.0,PFEESA,-0.398663018196536,0.401633903386116,False,down
WBGene00019069,3,1.0,PFEESA,0.230749565675922,0.403572089928904,False,up
WBGene00009060,3,0.8333333333333334,PFEESA,0.385715185829046,0.40513520326956,False,up
WBGene00009634,3,1.0,PFEESA,0.186345350178045,0.40513520326956,False,up
WBGene00018184,3,0.9333333333333333,PFEESA,-0.157019267411679,0.40513520326956,False,down
WBGene00007476,3,0.6333333333333333,PFEESA,-0.198879521156346,0.406736728586903,False,down
WBGene00008744,3,1.0,PFEESA,0.249487671592681,0.407236538833392,False,up
WBGene00007542,3,1.0,PFEESA,0.508566621638209,0.407729428046747,False,up
WBGene00009677,3,1.0,PFEESA,-0.429508759962552,0.408805540868941,False,down
WBGene00018797,3,0.9,PFEESA,0.116788700339607,0.41067511012863,False,up
WBGene00019025,3,0.9666666666666667,PFEESA,0.419271033626004,0.413802407567666,False,up
WBGene00013957,3,0.6333333333333333,PFEESA,0.441180080303199,0.413842344247071,False,up
WBGene00195166,3,1.0,PFEESA,0.538893087493713,0.41401883532669,False,up
WBGene00019691,3,0.9,PFEESA,0.228187809155973,0.41401883532669,False,up
WBGene00003517,3,1.0,PFEESA,0.160582995410121,0.41401883532669,False,up
WBGene00006870,3,0.6333333333333333,PFEESA,0.132033565483373,0.41401883532669,False,up
WBGene00000455,3,1.0,PFEESA,0.189996410116216,0.416182956982764,False,up
WBGene00003030,3,1.0,PFEESA,0.123828398035226,0.416548407444429,False,up
WBGene00003040,3,1.0,PFEESA,0.0943697619963785,0.417656294281654,False,up
WBGene00011773,3,1.0,PFEESA,0.122120315727532,0.418395196707847,False,up
WBGene00009490,3,1.0,PFEESA,-0.514039265656381,0.420893046734105,False,down
WBGene00017091,3,1.0,PFEESA,-0.466397678704976,0.42117189709706,False,down
WBGene00013736,3,0.9333333333333333,PFEESA,0.117966084123858,0.422295466982633,False,up
WBGene00011584,3,1.0,PFEESA,-0.55117842767513,0.422295466982633,False,down
WBGene00019549,3,0.9,PFEESA,-0.713255832694861,0.423405137803214,False,down
WBGene00020504,3,0.9,PFEESA,0.0878363052415395,0.423862629509472,False,up
WBGene00019455,3,1.0,PFEESA,0.505166335645491,0.423867436794654,False,up
WBGene00044643,3,0.9666666666666667,PFEESA,0.200481918061955,0.424146258199536,False,up
WBGene00021986,3,1.0,PFEESA,-0.148575649885971,0.424629952332596,False,down
WBGene00010594,3,1.0,PFEESA,0.665214233547529,0.425312851166432,False,up
WBGene00013896,3,1.0,PFEESA,0.325973460842303,0.425456007353822,False,up
WBGene00271414,3,0.9666666666666667,PFEESA,-0.372245904873209,0.425534144086158,False,down
WBGene00003702,3,0.9333333333333333,PFEESA,0.250843884158153,0.426250438334468,False,up
WBGene00020544,3,1.0,PFEESA,-0.924159940127113,0.426250438334468,False,down
WBGene00010737,3,0.9666666666666667,PFEESA,0.350843705357054,0.427004072049791,False,up
WBGene00021394,3,1.0,PFEESA,0.0852133988391888,0.427004072049791,False,up
WBGene00001546,3,0.8,PFEESA,-0.191177556433928,0.427004072049791,False,down
WBGene00020851,3,0.9666666666666667,PFEESA,0.459476884843527,0.428763040788173,False,up
WBGene00016574,3,1.0,PFEESA,-0.187930507244447,0.428763040788173,False,down
WBGene00007241,3,1.0,PFEESA,-0.308420328760647,0.430506656746011,False,down
WBGene00018931,3,0.9,PFEESA,-0.454155907442986,0.430506656746011,False,down
WBGene00019909,3,1.0,PFEESA,0.830353691167557,0.430662541464719,False,up
WBGene00020954,3,1.0,PFEESA,0.196556191123728,0.432437936270578,False,up
WBGene00000664,3,0.9,PFEESA,0.370622099143912,0.43253334739802,False,up
WBGene00007849,3,1.0,PFEESA,-0.213233651929585,0.434308821900748,False,down
WBGene00012634,3,0.9666666666666667,PFEESA,-0.791723621694875,0.435733558590657,False,down
WBGene00010979,3,1.0,PFEESA,-0.310606390180213,0.435932847401117,False,down
WBGene00015423,3,0.9666666666666667,PFEESA,0.180674880741897,0.437351589583728,False,up
WBGene00005205,3,1.0,PFEESA,0.703768484074847,0.437413636587085,False,up
WBGene00008927,3,1.0,PFEESA,0.126799144406791,0.437968278848266,False,up
WBGene00016095,3,0.9666666666666667,PFEESA,0.263209096870325,0.438756236871711,False,up
WBGene00003892,3,1.0,PFEESA,0.21614096847702,0.43878125673677,False,up
WBGene00019203,3,1.0,PFEESA,0.184935871599082,0.43878125673677,False,up
WBGene00004457,3,1.0,PFEESA,0.123221681170104,0.43878125673677,False,up
WBGene00017908,3,1.0,PFEESA,0.213950522057022,0.439003994673313,False,up
WBGene00020321,3,1.0,PFEESA,0.152357344331347,0.439003994673313,False,up
WBGene00021002,3,1.0,PFEESA,-0.29169973377644,0.440574617295668,False,down
WBGene00018233,3,1.0,PFEESA,0.619691318622642,0.441612072103747,False,up
WBGene00012352,3,0.6333333333333333,PFEESA,0.106013491004181,0.442092930564826,False,up
WBGene00013836,3,1.0,PFEESA,-0.358565701298851,0.442498760489092,False,down
WBGene00020825,3,0.8,PFEESA,0.360117181760137,0.445830618837297,False,up
WBGene00000910,3,1.0,PFEESA,0.176401901546187,0.445830618837297,False,up
WBGene00011442,3,0.6333333333333333,PFEESA,-0.517575536256262,0.445830618837297,False,down
WBGene00004114,3,0.9,PFEESA,0.173983155108161,0.446338217267131,False,up
WBGene00011141,3,1.0,PFEESA,0.238654344632938,0.446740992432564,False,up
WBGene00003699,3,0.9666666666666667,PFEESA,0.160247732550285,0.446959820846379,False,up
WBGene00044006,3,1.0,PFEESA,0.219833493165345,0.447373661698182,False,up
WBGene00018241,3,0.9333333333333333,PFEESA,0.253601661182615,0.448882734109268,False,up
WBGene00045208,3,0.9,PFEESA,0.174721934707695,0.449319207612722,False,up
WBGene00018886,3,0.9666666666666667,PFEESA,0.15059115661652,0.449319207612722,False,up
WBGene00011960,3,0.7,PFEESA,0.357455734050934,0.449448598806429,False,up
WBGene00000085,3,0.9666666666666667,PFEESA,0.22714930716334,0.449448598806429,False,up
WBGene00019877,3,0.9,PFEESA,0.121184805510099,0.449565313397603,False,up
WBGene00269434,3,0.5333333333333333,PFEESA,-0.229113738608347,0.449842405240143,False,down
WBGene00008248,3,1.0,PFEESA,0.439323661013045,0.450157473707659,False,up
WBGene00004759,3,0.9,PFEESA,0.0672962102030234,0.450273033948536,False,up
WBGene00005132,3,0.6,PFEESA,0.552075522582701,0.450276641789823,False,up
WBGene00016100,3,1.0,PFEESA,0.365294921610815,0.450453599944976,False,up
WBGene00017838,3,0.9,PFEESA,0.327344056410549,0.450453599944976,False,up
WBGene00020456,3,0.9333333333333333,PFEESA,0.25135647023691,0.450453599944976,False,up
WBGene00003887,3,0.9666666666666667,PFEESA,0.179760017529709,0.450453599944976,False,up
WBGene00006711,3,1.0,PFEESA,0.108727189838505,0.450453599944976,False,up
WBGene00001129,3,1.0,PFEESA,0.234351849808027,0.450582097872491,False,up
WBGene00012989,3,1.0,PFEESA,0.116993355517188,0.450731980635771,False,up
WBGene00013586,3,0.9666666666666667,PFEESA,1.34897415536693,0.451535086535774,False,up
WBGene00004359,3,1.0,PFEESA,0.238162298154995,0.451535086535774,False,up
WBGene00017445,3,1.0,PFEESA,0.167841179719634,0.452288812635238,False,up
WBGene00022727,3,0.7333333333333333,PFEESA,0.154960392736439,0.45270988903698,False,up
WBGene00013220,3,1.0,PFEESA,0.221389785967937,0.452731198590434,False,up
WBGene00004064,3,0.5666666666666667,PFEESA,0.161014728529406,0.454000871128564,False,up
WBGene00016364,3,0.9666666666666667,PFEESA,-0.182079710078723,0.454000871128564,False,down
WBGene00013043,3,1.0,PFEESA,0.453977177628878,0.454120676656543,False,up
WBGene00019187,3,0.9,PFEESA,0.286885793424044,0.454120676656543,False,up
WBGene00014079,3,1.0,PFEESA,0.188736310496951,0.454120676656543,False,up
WBGene00006404,3,0.8666666666666667,PFEESA,0.139845410387937,0.454120676656543,False,up
WBGene00015045,3,0.6333333333333333,PFEESA,1.43285203777497,0.454153784252552,False,up
WBGene00044557,3,1.0,PFEESA,0.474653384211601,0.454290598972804,False,up
WBGene00000862,3,1.0,PFEESA,0.2085583381696,0.454290598972804,False,up
WBGene00010755,3,1.0,PFEESA,0.194360999468662,0.454290598972804,False,up
WBGene00003668,3,1.0,PFEESA,-0.229975188781461,0.454290598972804,False,down
WBGene00013041,3,1.0,PFEESA,-0.360333725981731,0.454595581839197,False,down
WBGene00003630,3,0.8666666666666667,PFEESA,0.101370717799256,0.457310501467196,False,up
WBGene00011244,3,0.9,PFEESA,0.367613740684912,0.457828421022782,False,up
WBGene00013298,3,0.9666666666666667,PFEESA,0.520236279840987,0.45803968632097,False,up
WBGene00008712,3,0.8666666666666667,PFEESA,-0.765774226592992,0.45803968632097,False,down
WBGene00008711,3,1.0,PFEESA,0.255272496374632,0.458136137110472,False,up
WBGene00013845,3,1.0,PFEESA,0.266020749095009,0.458211834927037,False,up
WBGene00022168,3,0.5,PFEESA,0.146661946093155,0.458211834927037,False,up
WBGene00020158,3,0.9,PFEESA,-0.135507146558138,0.459950124199069,False,down
WBGene00008323,3,0.6333333333333333,PFEESA,0.81774632276833,0.460058372504871,False,up
WBGene00009904,3,1.0,PFEESA,0.435593734996289,0.463191489867977,False,up
WBGene00010334,3,0.9666666666666667,PFEESA,-0.233041571477305,0.463270407401382,False,down
WBGene00020929,3,1.0,PFEESA,-0.147558852898706,0.464049853496906,False,down
WBGene00016417,3,0.5333333333333333,PFEESA,0.23126994314676,0.464103876369058,False,up
WBGene00013034,3,0.9666666666666667,PFEESA,0.061665841874395,0.465138594766775,False,up
WBGene00014080,3,1.0,PFEESA,0.154051617346926,0.46724071619141,False,up
WBGene00012548,3,0.7333333333333333,PFEESA,0.159989178378921,0.467419581935379,False,up
WBGene00001173,3,1.0,PFEESA,-0.0732211934388076,0.467419581935379,False,down
WBGene00000512,3,1.0,PFEESA,0.222146345976518,0.468110427218389,False,up
WBGene00304808,3,0.9333333333333333,PFEESA,0.393725606042232,0.468706909547937,False,up
WBGene00010136,3,1.0,PFEESA,-0.714681125246857,0.468706909547937,False,down
WBGene00018958,3,1.0,PFEESA,0.165538778688774,0.46883692850085,False,up
WBGene00003647,3,1.0,PFEESA,-0.264133947720223,0.46904526029978,False,down
WBGene00021511,3,1.0,PFEESA,0.334763538709031,0.469205534772262,False,up
WBGene00020746,3,0.9333333333333333,PFEESA,0.575832599843832,0.471931724530869,False,up
WBGene00019019,3,0.9333333333333333,PFEESA,0.259976992752612,0.472344397946439,False,up
WBGene00007741,3,1.0,PFEESA,0.248871487509154,0.47295245914427,False,up
WBGene00010520,3,0.5666666666666667,PFEESA,0.154106833409496,0.473231307545493,False,up
WBGene00006686,3,0.9,PFEESA,-0.254506041143133,0.473841703432547,False,down
WBGene00077775,3,1.0,PFEESA,0.215388873479955,0.473907556270172,False,up
WBGene00003916,3,0.9333333333333333,PFEESA,0.0779265451435118,0.473907556270172,False,up
WBGene00008256,3,1.0,PFEESA,-0.30134454734922,0.474093483660709,False,down
WBGene00010887,3,1.0,PFEESA,-0.223801871519735,0.474449006326143,False,down
WBGene00017576,3,1.0,PFEESA,0.202452576760317,0.47526074118878,False,up
WBGene00022106,3,1.0,PFEESA,0.13483245972359,0.475784842924371,False,up
WBGene00002210,3,0.9666666666666667,PFEESA,0.110450113304113,0.476009004807804,False,up
WBGene00000726,3,1.0,PFEESA,0.324630205921578,0.476330687553389,False,up
WBGene00044144,3,1.0,PFEESA,-0.179362920248079,0.476907176655994,False,down
WBGene00015159,3,1.0,PFEESA,0.0909541558431961,0.478075173207613,False,up
WBGene00016040,3,0.9,PFEESA,1.07489112202921,0.478606053669263,False,up
WBGene00019290,3,0.7666666666666667,PFEESA,0.2376538804904,0.479019547508317,False,up
WBGene00015113,3,1.0,PFEESA,0.70292053613656,0.479627276478356,False,up
WBGene00044077,3,1.0,PFEESA,0.0729767387314271,0.480797952748501,False,up
WBGene00003620,3,0.9333333333333333,PFEESA,0.367841853408893,0.481217555062144,False,up
WBGene00016169,3,0.9666666666666667,PFEESA,0.27174235014449,0.481217555062144,False,up
WBGene00016260,3,1.0,PFEESA,0.146944361941282,0.481217555062144,False,up
WBGene00013934,3,1.0,PFEESA,0.127453219916277,0.481217555062144,False,up
WBGene00020917,3,0.8666666666666667,PFEESA,-0.344083957475446,0.482727629516599,False,down
WBGene00022503,3,1.0,PFEESA,-0.214347283869025,0.485021853130734,False,down
WBGene00022571,3,0.5333333333333333,PFEESA,0.402947351899714,0.485297176743577,False,up
WBGene00018847,3,1.0,PFEESA,0.0846690625517998,0.486041171276576,False,up
WBGene00044661,3,1.0,PFEESA,0.371704917211018,0.488066341043953,False,up
WBGene00009183,3,1.0,PFEESA,0.300610202951736,0.48812769657961,False,up
WBGene00022325,3,1.0,PFEESA,0.38484443813438,0.489033332168228,False,up
WBGene00017054,3,0.9,PFEESA,0.259233138225214,0.489033332168228,False,up
WBGene00002239,3,1.0,PFEESA,0.1067827201151,0.489033332168228,False,up
WBGene00016378,3,1.0,PFEESA,0.100801049020012,0.489033332168228,False,up
WBGene00008455,3,0.9666666666666667,PFEESA,-0.109512156550731,0.489033332168228,False,down
WBGene00017858,3,1.0,PFEESA,-0.17545268429448,0.489033332168228,False,down
WBGene00003743,3,0.6666666666666666,PFEESA,0.190577124379301,0.489201139386811,False,up
WBGene00021254,3,1.0,PFEESA,-0.16553985443455,0.48986150446935,False,down
WBGene00018261,3,0.9666666666666667,PFEESA,-0.32716574494578,0.490131930413004,False,down
WBGene00007933,3,1.0,PFEESA,0.332901965529769,0.490140944512847,False,up
WBGene00020985,3,1.0,PFEESA,0.439905355035307,0.490182336918816,False,up
WBGene00010043,3,0.9,PFEESA,0.20005757358837,0.490715677471212,False,up
WBGene00010741,3,1.0,PFEESA,0.251950287512516,0.490742104246975,False,up
WBGene00003850,3,0.6333333333333333,PFEESA,0.191480744127308,0.490742104246975,False,up
WBGene00009500,3,0.6333333333333333,PFEESA,0.155807699656712,0.490742104246975,False,up
WBGene00010131,3,1.0,PFEESA,0.111260694235998,0.490742104246975,False,up
WBGene00011430,3,1.0,PFEESA,0.423711024149725,0.49144429610473,False,up
WBGene00007191,3,0.7666666666666667,PFEESA,0.252162115816748,0.49199974925962,False,up
WBGene00009917,3,1.0,PFEESA,-0.140699426644548,0.494963574563968,False,down
WBGene00004911,3,1.0,PFEESA,0.14006912522978,0.495075245498088,False,up
WBGene00017310,3,1.0,PFEESA,0.140894120470594,0.495270297400221,False,up
WBGene00012929,3,0.7,PFEESA,0.0695382595428796,0.495560216124422,False,up
WBGene00001891,3,0.6333333333333333,PFEESA,-0.291494522434741,0.495623599202236,False,down
WBGene00018492,3,1.0,PFEESA,0.240024007129721,0.495936977510285,False,up
WBGene00006819,3,1.0,PFEESA,0.0843563997944963,0.496332380340903,False,up
WBGene00003719,3,0.9666666666666667,PFEESA,-0.173403849269049,0.497481188154723,False,down
WBGene00017826,3,0.9,PFEESA,-0.112607113957834,0.498202713044405,False,down
WBGene00009234,3,0.7333333333333333,PFEESA,0.125269244798953,0.499015933694803,False,up
WBGene00270303,3,0.9666666666666667,PFEESA,0.610643820405593,0.499164204310508,False,up
WBGene00012535,3,1.0,PFEESA,-0.693650212157833,0.49935910843465,False,down
WBGene00010805,3,1.0,PFEESA,0.125040850329826,0.499982714944364,False,up
WBGene00004827,3,1.0,PFEESA,0.270763062279187,0.500821187794732,False,up
WBGene00050915,3,0.9,PFEESA,0.556464369042509,0.500830131437592,False,up
WBGene00020267,3,0.6333333333333333,PFEESA,0.52249501984657,0.500885200653311,False,up
WBGene00007707,3,1.0,PFEESA,0.0780583590122555,0.501609015726314,False,up
WBGene00206538,3,1.0,PFEESA,0.350984039505431,0.502457409517839,False,up
WBGene00010810,3,0.9,PFEESA,0.111429617932839,0.502457409517839,False,up
WBGene00077525,3,1.0,PFEESA,0.346851629504667,0.502890265655115,False,up
WBGene00009174,3,1.0,PFEESA,0.103832131967494,0.504440329389204,False,up
WBGene00004778,3,1.0,PFEESA,-0.181957667047185,0.504440329389204,False,down
WBGene00003182,3,0.7333333333333333,PFEESA,0.178990101030903,0.504890331682981,False,up
WBGene00016568,3,1.0,PFEESA,-0.301638208094077,0.504890331682981,False,down
WBGene00020786,3,1.0,PFEESA,0.304145003501867,0.505102431515088,False,up
WBGene00016628,3,0.9,PFEESA,0.340425422388221,0.505293112468803,False,up
WBGene00018804,3,1.0,PFEESA,0.230044257861481,0.505390915466891,False,up
WBGene00006580,3,0.9,PFEESA,0.1157520253065,0.505390915466891,False,up
WBGene00020767,3,0.9,PFEESA,0.139812270995018,0.505677414180379,False,up
WBGene00001835,3,0.6,PFEESA,0.119205951639459,0.505677414180379,False,up
WBGene00015787,3,1.0,PFEESA,0.16564808590277,0.505868781771777,False,up
WBGene00013353,3,1.0,PFEESA,0.153365417362617,0.505993142706726,False,up
WBGene00002012,3,1.0,PFEESA,-0.809071693423796,0.508101755975089,False,down
WBGene00010724,3,1.0,PFEESA,0.142722357998862,0.508604285477523,False,up
WBGene00003033,3,0.9666666666666667,PFEESA,0.216210415411114,0.508962272974442,False,up
WBGene00004771,3,1.0,PFEESA,0.216394917490178,0.509271527842123,False,up
WBGene00004996,3,0.9666666666666667,PFEESA,-1.01292581492957,0.509271527842123,False,down
WBGene00012281,3,1.0,PFEESA,0.314790071445331,0.509374532526151,False,up
WBGene00009881,3,1.0,PFEESA,0.0974887514826911,0.510774162121823,False,up
WBGene00004328,3,0.9666666666666667,PFEESA,-0.30377234502226,0.510774162121823,False,down
WBGene00020386,3,1.0,PFEESA,0.592162192483079,0.512747132995672,False,up
WBGene00015386,3,0.9666666666666667,PFEESA,0.63914855219465,0.513640683957433,False,up
WBGene00011554,3,0.9,PFEESA,0.446720093718406,0.513640683957433,False,up
WBGene00006987,3,0.5,PFEESA,0.309399963765934,0.513640683957433,False,up
WBGene00019828,3,1.0,PFEESA,0.289459272001226,0.515163337363528,False,up
WBGene00015527,3,1.0,PFEESA,0.162983021672066,0.5173379116199,False,up
WBGene00044020,3,1.0,PFEESA,0.561819580269294,0.517722924531338,False,up
WBGene00001900,3,0.6,PFEESA,-0.360777387939064,0.517769517873632,False,down
WBGene00018406,3,1.0,PFEESA,-0.551402586207859,0.517769517873632,False,down
WBGene00016997,3,0.8666666666666667,PFEESA,0.22442986036724,0.518360886377785,False,up
WBGene00020455,3,0.7,PFEESA,0.25648246191583,0.518409978584966,False,up
WBGene00001549,3,0.9666666666666667,PFEESA,0.383342871284745,0.518881768898091,False,up
WBGene00018316,3,0.9,PFEESA,0.0871704746296837,0.518881768898091,False,up
WBGene00003221,3,0.5333333333333333,PFEESA,0.102777789949601,0.520386056698223,False,up
WBGene00006066,3,1.0,PFEESA,0.0753023549416216,0.520386056698223,False,up
WBGene00007926,3,0.9,PFEESA,0.392070939360651,0.520723975324493,False,up
WBGene00006742,3,0.9,PFEESA,0.0908907643089089,0.520723975324493,False,up
WBGene00004150,3,1.0,PFEESA,0.494337257097078,0.520993414600821,False,up
WBGene00021072,3,0.9666666666666667,PFEESA,-0.662045479821625,0.521607294001466,False,down
WBGene00015750,3,0.9,PFEESA,-0.421334160494035,0.521709066611812,False,down
WBGene00016315,3,1.0,PFEESA,0.191154963029922,0.521733587536094,False,up
WBGene00003998,3,1.0,PFEESA,0.173693251243126,0.521733587536094,False,up
WBGene00006470,3,1.0,PFEESA,0.166599022759313,0.521733587536094,False,up
WBGene00004273,3,1.0,PFEESA,0.0792181758410609,0.523438604587466,False,up
WBGene00015307,3,1.0,PFEESA,0.2465246820015,0.524081791738853,False,up
WBGene00021535,3,1.0,PFEESA,0.156131291207549,0.52425441140031,False,up
WBGene00004161,3,0.6,PFEESA,0.0804605448126102,0.525183416795609,False,up
WBGene00020086,3,0.9,PFEESA,0.200941934164837,0.525269522782382,False,up
WBGene00011285,3,1.0,PFEESA,-0.340658428101032,0.527392653976104,False,down
WBGene00005642,3,1.0,PFEESA,0.436586964249686,0.527941843619122,False,up
WBGene00006418,3,0.9666666666666667,PFEESA,0.433795098670743,0.527941843619122,False,up
WBGene00003827,3,0.9666666666666667,PFEESA,0.0851986755588741,0.527941843619122,False,up
WBGene00020748,3,0.9,PFEESA,-0.778772354562902,0.527941843619122,False,down
WBGene00017488,3,0.9,PFEESA,-1.14810738760773,0.527941843619122,False,down
WBGene00009901,3,0.9,PFEESA,0.223433396520337,0.527960038441488,False,up
WBGene00008599,3,1.0,PFEESA,0.193187145784125,0.527960038441488,False,up
WBGene00284848,3,0.9666666666666667,PFEESA,-1.05308191348876,0.530203530848027,False,down
WBGene00007370,3,0.9666666666666667,PFEESA,0.506483837368937,0.530282337587079,False,up
WBGene00001669,3,0.9333333333333333,PFEESA,0.111139642241398,0.530324225393997,False,up
WBGene00007024,3,0.9666666666666667,PFEESA,0.0807432679939113,0.532653977127251,False,up
WBGene00007689,3,1.0,PFEESA,0.0986176045518717,0.533132044389887,False,up
WBGene00011003,3,0.9666666666666667,PFEESA,0.439892031539896,0.533618979237282,False,up
WBGene00019698,3,1.0,PFEESA,-0.116745292183507,0.533618979237282,False,down
WBGene00004183,3,0.7666666666666667,PFEESA,-0.264145586565096,0.533618979237282,False,down
WBGene00021296,3,1.0,PFEESA,0.145040126447137,0.533858445754809,False,up
WBGene00001883,3,0.9666666666666667,PFEESA,-0.262382886164154,0.534638394255575,False,down
WBGene00023418,3,1.0,PFEESA,-0.150995019514248,0.535332893682801,False,down
WBGene00000914,3,1.0,PFEESA,0.0787436072566129,0.535939000474314,False,up
WBGene00003674,3,0.9333333333333333,PFEESA,0.1586578510198,0.536002696074761,False,up
WBGene00011166,3,1.0,PFEESA,-0.209318788782442,0.536002696074761,False,down
WBGene00206362,3,0.9,PFEESA,-0.233139166180065,0.536365484182493,False,down
WBGene00018465,3,0.9333333333333333,PFEESA,-0.266969089905587,0.537015096766049,False,down
WBGene00017804,3,1.0,PFEESA,0.356859683497991,0.537764072114504,False,up
WBGene00044423,3,0.7,PFEESA,0.21454315933687,0.537764072114504,False,up
WBGene00175027,3,0.9666666666666667,PFEESA,-0.470001917842491,0.537764072114504,False,down
WBGene00006416,3,1.0,PFEESA,0.403088287239364,0.538900891238553,False,up
WBGene00011754,3,0.9333333333333333,PFEESA,0.325721056768502,0.539383715328221,False,up
WBGene00009112,3,0.9666666666666667,PFEESA,0.11467104038081,0.539383715328221,False,up
WBGene00015395,3,1.0,PFEESA,0.341409309338543,0.541106546635253,False,up
WBGene00195185,3,0.6,PFEESA,0.290232171188938,0.541106546635253,False,up
WBGene00004213,3,0.9666666666666667,PFEESA,0.0964930315677507,0.541566630887178,False,up
WBGene00000448,3,1.0,PFEESA,0.129360070930547,0.542780999195273,False,up
WBGene00016318,3,1.0,PFEESA,0.0816228174911983,0.542780999195273,False,up
WBGene00045382,3,0.7,PFEESA,0.652586430872124,0.54284317616242,False,up
WBGene00008916,3,1.0,PFEESA,-0.490249485064457,0.545413474602814,False,down
WBGene00021987,3,1.0,PFEESA,-0.675371180593228,0.545424988947006,False,down
WBGene00019939,3,1.0,PFEESA,0.586338680406852,0.547351563097004,False,up
WBGene00006827,3,0.6333333333333333,PFEESA,0.108536503529389,0.547970016874823,False,up
WBGene00002224,3,1.0,PFEESA,-0.179548002676251,0.548798095056983,False,down
WBGene00012195,3,1.0,PFEESA,-0.405967535483325,0.548798095056983,False,down
WBGene00020563,3,0.5,PFEESA,0.188233076463114,0.548903556165059,False,up
WBGene00008345,3,1.0,PFEESA,0.086029027857909,0.549374041039415,False,up
WBGene00020008,3,0.9,PFEESA,0.279472106591697,0.549642751939478,False,up
WBGene00010756,3,1.0,PFEESA,-0.139222770992198,0.549642751939478,False,down
WBGene00017754,3,0.9666666666666667,PFEESA,-0.349037363235967,0.549642751939478,False,down
WBGene00003860,3,1.0,PFEESA,0.310185717739736,0.550143421532739,False,up
WBGene00019001,3,0.9666666666666667,PFEESA,0.0883156652797673,0.550143421532739,False,up
WBGene00016530,3,0.9666666666666667,PFEESA,0.146765689455033,0.550861498608039,False,up
WBGene00022597,3,0.9666666666666667,PFEESA,-0.45839000093981,0.551657818739994,False,down
WBGene00002094,3,1.0,PFEESA,0.615893720451389,0.5519239311307,False,up
WBGene00015043,3,0.9333333333333333,PFEESA,0.208614922812324,0.5519239311307,False,up
WBGene00010260,3,0.7333333333333333,PFEESA,-0.0776274959104781,0.552438683267719,False,down
WBGene00008554,3,1.0,PFEESA,-0.134405112194639,0.552438683267719,False,down
WBGene00018946,3,0.9,PFEESA,-0.622000387678559,0.552438683267719,False,down
WBGene00011452,3,0.9333333333333333,PFEESA,0.199272471809145,0.553193417584064,False,up
WBGene00010686,3,1.0,PFEESA,0.339304805048285,0.553259820879582,False,up
WBGene00010836,3,0.8666666666666667,PFEESA,0.305778269672297,0.553259820879582,False,up
WBGene00015631,3,1.0,PFEESA,-0.255008559817975,0.553259820879582,False,down
WBGene00008220,3,1.0,PFEESA,-0.239700945591056,0.553308586981036,False,down
WBGene00009984,3,1.0,PFEESA,-0.231973210918413,0.554646785290582,False,down
WBGene00009619,3,0.9,PFEESA,0.165162850729502,0.555754944103175,False,up
WBGene00021204,3,0.9666666666666667,PFEESA,0.414099996853149,0.555841076239231,False,up
WBGene00018771,3,0.9666666666666667,PFEESA,0.291552775187636,0.555841076239231,False,up
WBGene00014173,3,0.9333333333333333,PFEESA,-0.942111273874638,0.555903226264217,False,down
WBGene00016019,3,1.0,PFEESA,0.110642442507656,0.555955410107577,False,up
WBGene00003628,3,0.5,PFEESA,0.131851627184712,0.556386711499826,False,up
WBGene00010141,3,0.9666666666666667,PFEESA,0.128186486418724,0.556779991971625,False,up
WBGene00007882,3,0.9333333333333333,PFEESA,-0.0794624288822434,0.556779991971625,False,down
WBGene00045058,3,1.0,PFEESA,-0.42686841758734,0.556845841604958,False,down
WBGene00008310,3,0.7333333333333333,PFEESA,-0.203039598750192,0.557226935627784,False,down
WBGene00007366,3,1.0,PFEESA,0.353426684890466,0.558442687566128,False,up
WBGene00044313,3,1.0,PFEESA,0.283014868329363,0.558442687566128,False,up
WBGene00009070,3,0.9333333333333333,PFEESA,0.247615090095299,0.558442687566128,False,up
WBGene00007009,3,1.0,PFEESA,0.0528293573540485,0.558442687566128,False,up
WBGene00003615,3,0.9666666666666667,PFEESA,-0.185651570682952,0.558442687566128,False,down
WBGene00015216,3,0.9,PFEESA,-0.334635235091182,0.558442687566128,False,down
WBGene00004987,3,1.0,PFEESA,-0.520944703702156,0.558442687566128,False,down
WBGene00021167,3,0.9,PFEESA,-0.685454767369725,0.558442687566128,False,down
WBGene00044646,3,1.0,PFEESA,0.411266445145032,0.558677410974231,False,up
WBGene00001841,3,1.0,PFEESA,0.37162546603995,0.55944948811146,False,up
WBGene00007495,3,0.7,PFEESA,0.218943289062665,0.55944948811146,False,up
WBGene00009042,3,1.0,PFEESA,-0.270618318771985,0.55944948811146,False,down
WBGene00011416,3,1.0,PFEESA,0.146324644174295,0.560790817319402,False,up
WBGene00008117,3,1.0,PFEESA,0.142568803884078,0.560918685089803,False,up
WBGene00012272,3,1.0,PFEESA,-0.207274841321461,0.561929081945025,False,down
WBGene00020844,3,0.9666666666666667,PFEESA,0.122691702325698,0.562282760344285,False,up
WBGene00003092,3,1.0,PFEESA,0.34906310136161,0.562901546760601,False,up
WBGene00015107,3,0.7,PFEESA,0.15379834479611,0.562901546760601,False,up
WBGene00077693,3,0.9666666666666667,PFEESA,0.127160341324981,0.562901546760601,False,up
WBGene00015451,3,1.0,PFEESA,0.124762130493758,0.563945080777248,False,up
WBGene00000630,3,0.8333333333333334,PFEESA,-0.360834136359525,0.564024148848766,False,down
WBGene00004347,3,0.9333333333333333,PFEESA,0.0999893739419742,0.564025842384136,False,up
WBGene00018023,3,1.0,PFEESA,0.279339883999911,0.564197886789897,False,up
WBGene00006807,3,1.0,PFEESA,0.129976785949219,0.56543207854758,False,up
WBGene00086557,3,1.0,PFEESA,0.24053322599059,0.566334890964074,False,up
WBGene00021344,3,1.0,PFEESA,0.150577867283459,0.566334890964074,False,up
WBGene00003596,3,1.0,PFEESA,-0.133894239516764,0.566334890964074,False,down
WBGene00011230,3,0.9666666666666667,PFEESA,0.0947028006955583,0.566756156943989,False,up
WBGene00020033,3,0.9666666666666667,PFEESA,0.712700478593189,0.567425701655763,False,up
WBGene00019597,3,0.9666666666666667,PFEESA,0.209795853447881,0.567425701655763,False,up
WBGene00017340,3,0.9666666666666667,PFEESA,-0.215421179546063,0.567425701655763,False,down
WBGene00010250,3,1.0,PFEESA,0.305332727164155,0.567803893098115,False,up
WBGene00013704,3,1.0,PFEESA,0.352980656877399,0.568159239237293,False,up
WBGene00015747,3,1.0,PFEESA,0.207481680400987,0.568260741949398,False,up
WBGene00012062,3,1.0,PFEESA,-0.200431017819443,0.568468528397974,False,down
WBGene00021336,3,0.5,PFEESA,0.341897789283831,0.568997191869843,False,up
WBGene00001795,3,0.5666666666666667,PFEESA,-0.139210497008373,0.570098019134247,False,down
WBGene00021343,3,1.0,PFEESA,-0.311677384483667,0.570098019134247,False,down
WBGene00001532,3,1.0,PFEESA,-0.257174843963604,0.571538464403657,False,down
WBGene00013303,3,0.9666666666666667,PFEESA,0.48107576482562,0.571984517095796,False,up
WBGene00021641,3,0.9666666666666667,PFEESA,0.354484634235971,0.571984517095796,False,up
WBGene00044570,3,0.9666666666666667,PFEESA,0.246410216587562,0.571984517095796,False,up
WBGene00003757,3,0.9666666666666667,PFEESA,0.243922268392158,0.571984517095796,False,up
WBGene00020126,3,0.9,PFEESA,0.144894127833277,0.571984517095796,False,up
WBGene00016565,3,1.0,PFEESA,-0.134357138103359,0.571984517095796,False,down
WBGene00018051,3,0.7333333333333333,PFEESA,-0.145753297844409,0.571984517095796,False,down
WBGene00019674,3,1.0,PFEESA,-0.228955862507122,0.571984517095796,False,down
WBGene00021272,3,1.0,PFEESA,-0.238884977887975,0.571984517095796,False,down
WBGene00000437,3,1.0,PFEESA,0.120370993770991,0.57286843875847,False,up
WBGene00020155,3,0.5666666666666667,PFEESA,-0.0763171883039046,0.57286843875847,False,down
WBGene00001604,3,0.9666666666666667,PFEESA,-0.124762384738813,0.57286843875847,False,down
WBGene00012132,3,0.9666666666666667,PFEESA,0.226050397824634,0.572885411706645,False,up
WBGene00011456,3,1.0,PFEESA,0.164607212404724,0.572885411706645,False,up
WBGene00022489,3,1.0,PFEESA,-0.0870910893349695,0.572885411706645,False,down
WBGene00018303,3,1.0,PFEESA,-0.134265974129708,0.572885411706645,False,down
WBGene00021998,3,1.0,PFEESA,-0.46480445648532,0.572885411706645,False,down
WBGene00017983,3,0.5666666666666667,PFEESA,0.114397301958382,0.573238264816241,False,up
WBGene00018252,3,0.9,PFEESA,-0.311572190433542,0.573307097811872,False,down
WBGene00022631,3,1.0,PFEESA,0.193798482434174,0.57335195834481,False,up
WBGene00019237,3,1.0,PFEESA,0.0738046156040172,0.57335195834481,False,up
WBGene00021161,3,1.0,PFEESA,0.160399886932551,0.5734715488746,False,up
WBGene00004056,3,0.9666666666666667,PFEESA,0.0927474452182084,0.573738097709584,False,up
WBGene00014232,3,1.0,PFEESA,0.0831269084101534,0.575204761510934,False,up
WBGene00021078,3,0.9666666666666667,PFEESA,0.0780049144780273,0.575204761510934,False,up
WBGene00002200,3,1.0,PFEESA,0.177892779333048,0.575843135973995,False,up
WBGene00077761,3,1.0,PFEESA,-0.153499242953713,0.576641519338564,False,down
WBGene00006575,3,0.9,PFEESA,0.073408910149364,0.57706108191711,False,up
WBGene00001158,3,1.0,PFEESA,0.440721826056053,0.577354462049942,False,up
WBGene00007423,3,1.0,PFEESA,0.504356885425575,0.57791966164858,False,up
WBGene00001101,3,0.9666666666666667,PFEESA,0.0892245538718092,0.578895210719458,False,up
WBGene00001393,3,1.0,PFEESA,-0.0701740772530295,0.57971300745032,False,down
WBGene00019388,3,1.0,PFEESA,0.480977954694823,0.580840487962558,False,up
WBGene00013175,3,0.9333333333333333,PFEESA,0.540189344874378,0.581710250242967,False,up
WBGene00020175,3,0.9666666666666667,PFEESA,0.371323554587943,0.582775922802422,False,up
WBGene00004437,3,0.9,PFEESA,-0.109426830678956,0.583057647511942,False,down
WBGene00003497,3,1.0,PFEESA,0.353638482287495,0.58394176886935,False,up
WBGene00022736,3,1.0,PFEESA,0.132128028793816,0.584141477091808,False,up
WBGene00012449,3,1.0,PFEESA,0.250672042582001,0.585288531594071,False,up
WBGene00003723,3,0.9,PFEESA,0.125265690475663,0.585288531594071,False,up
WBGene00013378,3,1.0,PFEESA,0.0552267541264913,0.585288531594071,False,up
WBGene00020502,3,1.0,PFEESA,0.0928948625839252,0.585327047777097,False,up
WBGene00077539,3,0.9666666666666667,PFEESA,0.244529882444159,0.585773676955426,False,up
WBGene00011136,3,1.0,PFEESA,0.398370954540971,0.585784961938131,False,up
WBGene00015936,3,1.0,PFEESA,0.524626675476955,0.586171409730042,False,up
WBGene00013295,3,1.0,PFEESA,0.192946506935501,0.586564238012567,False,up
WBGene00016900,3,1.0,PFEESA,-0.177079896200908,0.58676878484847,False,down
WBGene00004373,3,1.0,PFEESA,0.0730434408361276,0.586924879405176,False,up
WBGene00018991,3,1.0,PFEESA,-0.257311806842707,0.586938053320887,False,down
WBGene00003660,3,0.9,PFEESA,0.137666133287571,0.588143599407472,False,up
WBGene00006454,3,1.0,PFEESA,0.263351008796028,0.588846157339313,False,up
WBGene00020401,3,1.0,PFEESA,0.18507795069665,0.589083248660205,False,up
WBGene00018518,3,1.0,PFEESA,0.0760029515533009,0.589932929598014,False,up
WBGene00017864,3,1.0,PFEESA,0.0823614618330294,0.590580521771815,False,up
WBGene00020373,3,1.0,PFEESA,0.215930911853672,0.591149407205642,False,up
WBGene00022061,3,0.9,PFEESA,0.259717013385984,0.592020186855457,False,up
WBGene00008448,3,1.0,PFEESA,-0.352211089603916,0.592020186855457,False,down
WBGene00002040,3,1.0,PFEESA,0.101166822537123,0.592569599195103,False,up
WBGene00006306,3,1.0,PFEESA,0.082885851064707,0.592569599195103,False,up
WBGene00009178,3,1.0,PFEESA,0.33212032093599,0.592629676058257,False,up
WBGene00003604,3,0.9666666666666667,PFEESA,0.186557549973465,0.592777690540877,False,up
WBGene00020710,3,0.9,PFEESA,0.149810166181109,0.592777690540877,False,up
WBGene00009258,3,0.9666666666666667,PFEESA,0.197989130222572,0.593770678838958,False,up
WBGene00007590,3,1.0,PFEESA,-0.215396575869375,0.594585941861954,False,down
WBGene00017469,3,1.0,PFEESA,0.72730998382017,0.594592595181894,False,up
WBGene00020467,3,1.0,PFEESA,0.329062357986749,0.594883408480777,False,up
WBGene00019183,3,0.9,PFEESA,0.185252556637839,0.595250462199223,False,up
WBGene00015518,3,1.0,PFEESA,0.248836089337523,0.595960863195427,False,up
WBGene00008309,3,0.9666666666666667,PFEESA,0.227088342556448,0.596673190782956,False,up
WBGene00043989,3,1.0,PFEESA,-0.126389278217922,0.597021133765471,False,down
WBGene00017880,3,1.0,PFEESA,-0.179007075263268,0.597021133765471,False,down
WBGene00015220,3,1.0,PFEESA,-0.169852045660764,0.598335749968535,False,down
WBGene00003779,3,1.0,PFEESA,0.15384911564997,0.599309957334396,False,up
WBGene00015957,3,1.0,PFEESA,0.148762859709795,0.599358714942209,False,up
WBGene00010223,3,1.0,PFEESA,0.305119304681435,0.599506025419119,False,up
WBGene00011811,3,1.0,PFEESA,0.298847265645612,0.600232589736633,False,up
WBGene00007837,3,1.0,PFEESA,0.129433891872993,0.60046548382139,False,up
WBGene00009535,3,1.0,PFEESA,0.82251294356906,0.602901925303941,False,up
WBGene00008695,3,1.0,PFEESA,0.204725423377615,0.603184337765906,False,up
WBGene00007725,3,1.0,PFEESA,0.181118639650979,0.603404920662162,False,up
WBGene00016006,3,1.0,PFEESA,0.0764006001984077,0.603404920662162,False,up
WBGene00016884,3,1.0,PFEESA,-0.21523450793878,0.603503176015152,False,down
WBGene00011242,3,0.9666666666666667,PFEESA,0.099778851246673,0.603841681358172,False,up
WBGene00020583,3,1.0,PFEESA,-0.177038440728662,0.603841681358172,False,down
WBGene00011423,3,1.0,PFEESA,0.094261689522952,0.604238361299653,False,up
WBGene00017646,3,0.9,PFEESA,0.085530360643332,0.604238361299653,False,up
WBGene00015842,3,1.0,PFEESA,0.38917110997315,0.604769267723517,False,up
WBGene00016841,3,1.0,PFEESA,0.121208114885042,0.604809584608125,False,up
WBGene00008195,3,1.0,PFEESA,-0.117464909543898,0.604809584608125,False,down
WBGene00021653,3,0.9666666666666667,PFEESA,-0.542007111335589,0.604809584608125,False,down
WBGene00008713,3,1.0,PFEESA,0.276116271752143,0.605046583912858,False,up
WBGene00016848,3,1.0,PFEESA,0.146863784097944,0.605528522249179,False,up
WBGene00022805,3,0.9666666666666667,PFEESA,0.134076769702174,0.605528522249179,False,up
WBGene00206514,3,1.0,PFEESA,0.454673965591594,0.605900926190525,False,up
WBGene00009724,3,0.6333333333333333,PFEESA,0.206786119717504,0.605900926190525,False,up
WBGene00005026,3,1.0,PFEESA,0.0923946988471227,0.605900926190525,False,up
WBGene00021513,3,0.9,PFEESA,0.709884358417769,0.606621252855908,False,up
WBGene00009819,3,0.5333333333333333,PFEESA,0.217882163340691,0.606666453074287,False,up
WBGene00001750,3,0.9666666666666667,PFEESA,0.329408995041128,0.60677862034288,False,up
WBGene00018665,3,1.0,PFEESA,0.285627022186842,0.60677862034288,False,up
WBGene00020962,3,1.0,PFEESA,-0.181248204888801,0.60677862034288,False,down
WBGene00017120,3,1.0,PFEESA,-0.263028775228393,0.60677862034288,False,down
WBGene00010367,3,0.9,PFEESA,0.168437148624434,0.606779543515526,False,up
WBGene00016091,3,0.9666666666666667,PFEESA,0.402537286382323,0.606919827594242,False,up
WBGene00016907,3,1.0,PFEESA,-0.101390432218162,0.607456549543694,False,down
WBGene00044487,3,1.0,PFEESA,0.38251059125892,0.607646013003247,False,up
WBGene00018099,3,0.6333333333333333,PFEESA,-0.374786024492739,0.607646013003247,False,down
WBGene00008569,3,0.9333333333333333,PFEESA,-0.189422853975115,0.607907156625998,False,down
WBGene00004882,3,1.0,PFEESA,-0.0947428255508487,0.608277459949856,False,down
WBGene00022695,3,0.8333333333333334,PFEESA,0.13854778303138,0.608438945057487,False,up
WBGene00016976,3,1.0,PFEESA,0.229035635407327,0.608824278296569,False,up
WBGene00008436,3,1.0,PFEESA,-0.254551362769921,0.609603364361183,False,down
WBGene00016262,3,1.0,PFEESA,0.178088967821444,0.609714046095338,False,up
WBGene00013878,3,1.0,PFEESA,0.133937768118947,0.609714046095338,False,up
WBGene00003707,3,0.5,PFEESA,-0.17704760261144,0.609714046095338,False,down
WBGene00007314,3,1.0,PFEESA,0.442802546744564,0.610640515064119,False,up
WBGene00010221,3,1.0,PFEESA,0.0888585988691567,0.610640515064119,False,up
WBGene00017885,3,1.0,PFEESA,0.0728279607195543,0.610640515064119,False,up
WBGene00013480,3,1.0,PFEESA,0.335788441721743,0.610782344696305,False,up
WBGene00012432,3,0.9,PFEESA,0.469506274736386,0.611441315322876,False,up
WBGene00007989,3,0.9,PFEESA,0.645601160462982,0.611752345909422,False,up
WBGene00020761,3,0.9,PFEESA,0.237520748263155,0.611752345909422,False,up
WBGene00018476,3,1.0,PFEESA,-0.36720030485528,0.611752345909422,False,down
WBGene00015041,3,0.9666666666666667,PFEESA,0.267670126810326,0.612523114508684,False,up
WBGene00022837,3,1.0,PFEESA,0.212506869724557,0.612523114508684,False,up
WBGene00019741,3,0.7666666666666667,PFEESA,0.118534982674673,0.612523114508684,False,up
WBGene00022397,3,1.0,PFEESA,0.0910112748388518,0.612523114508684,False,up
WBGene00006499,3,1.0,PFEESA,0.085988309162175,0.613586004620479,False,up
WBGene00010940,3,0.9666666666666667,PFEESA,0.294978516624551,0.614020770381729,False,up
WBGene00006486,3,0.7666666666666667,PFEESA,0.203362150791621,0.614020770381729,False,up
WBGene00004344,3,0.9666666666666667,PFEESA,0.124770153934147,0.614020770381729,False,up
WBGene00011681,3,0.9,PFEESA,0.0875333441392128,0.614020770381729,False,up
WBGene00010342,3,1.0,PFEESA,-0.228866158587994,0.614020770381729,False,down
WBGene00021871,3,1.0,PFEESA,-0.155108535013171,0.615203901654822,False,down
WBGene00011027,3,1.0,PFEESA,-1.02898367610669,0.615203901654822,False,down
WBGene00021117,3,1.0,PFEESA,-0.531350303776506,0.615339686505141,False,down
WBGene00007044,3,1.0,PFEESA,0.09808132358763,0.616070892976963,False,up
WBGene00000449,3,1.0,PFEESA,0.113018374516988,0.617086288620659,False,up
WBGene00001366,3,1.0,PFEESA,-0.0662012899981693,0.617418523682881,False,down
WBGene00010813,3,1.0,PFEESA,0.073672819813583,0.618121519567364,False,up
WBGene00015478,3,1.0,PFEESA,-0.100528295291084,0.618370050641665,False,down
WBGene00000763,3,1.0,PFEESA,-0.0959851925675979,0.619377566264085,False,down
WBGene00000453,3,0.7333333333333333,PFEESA,0.106379702721794,0.619722986650661,False,up
WBGene00017615,3,0.9666666666666667,PFEESA,0.586338010007474,0.620764218301578,False,up
WBGene00000457,3,1.0,PFEESA,0.256806490568142,0.621439418926997,False,up
WBGene00020447,3,1.0,PFEESA,0.0982787551319112,0.621499228092089,False,up
WBGene00077701,3,0.9666666666666667,PFEESA,-0.272101438033557,0.621854076500521,False,down
WBGene00044342,3,1.0,PFEESA,0.187981592568992,0.622309811546932,False,up
WBGene00022788,3,1.0,PFEESA,0.102775759529766,0.622952395659728,False,up
WBGene00007534,3,1.0,PFEESA,-0.0576894836017732,0.623244583177089,False,down
WBGene00007827,3,0.9,PFEESA,0.211685413853367,0.623692855119933,False,up
WBGene00012899,3,1.0,PFEESA,-0.287949255257399,0.624592626946638,False,down
WBGene00011629,3,0.9666666666666667,PFEESA,0.0635068529908461,0.625626108184712,False,up
WBGene00016977,3,0.6666666666666666,PFEESA,-0.0628376733214719,0.626051229669286,False,down
WBGene00013717,3,0.5333333333333333,PFEESA,0.21080237682985,0.626444350365025,False,up
WBGene00020095,3,1.0,PFEESA,0.0843356890451278,0.626591317381467,False,up
WBGene00017272,3,1.0,PFEESA,-0.107631584553208,0.626760580750742,False,down
WBGene00016911,3,0.5333333333333333,PFEESA,0.09957832132888,0.626851056698128,False,up
WBGene00020157,3,0.5333333333333333,PFEESA,0.28539205888643,0.627857553497151,False,up
WBGene00010693,3,1.0,PFEESA,0.348264639233084,0.628043601109892,False,up
WBGene00013098,3,1.0,PFEESA,0.220640855570858,0.628043601109892,False,up
WBGene00016120,3,1.0,PFEESA,0.0789730208492037,0.628043601109892,False,up
WBGene00015418,3,0.5,PFEESA,0.0547717313467273,0.628043601109892,False,up
WBGene00015641,3,0.9,PFEESA,-0.0778759243697505,0.628043601109892,False,down
WBGene00004363,3,0.6333333333333333,PFEESA,-0.081219945928056,0.629104262193959,False,down
WBGene00044654,3,1.0,PFEESA,0.247872030252525,0.629163919707701,False,up
WBGene00271817,3,0.9666666666666667,PFEESA,-0.437990448065024,0.629163919707701,False,down
WBGene00000903,3,0.5666666666666667,PFEESA,0.0945892167600605,0.629334524757196,False,up
WBGene00020374,3,0.9,PFEESA,0.141736658451851,0.629443671075449,False,up
WBGene00015611,3,1.0,PFEESA,0.356073717593028,0.629657227659289,False,up
WBGene00044082,3,1.0,PFEESA,-0.166438159154516,0.630139591213582,False,down
WBGene00001902,3,1.0,PFEESA,0.186942003183376,0.631437202358079,False,up
WBGene00044512,3,1.0,PFEESA,0.18470915544665,0.631828291341244,False,up
WBGene00010012,3,0.9333333333333333,PFEESA,0.0857491480856652,0.632083347296478,False,up
WBGene00002072,3,1.0,PFEESA,0.0871313838377377,0.632286759464618,False,up
WBGene00006444,3,1.0,PFEESA,0.0743257802747846,0.632286759464618,False,up
WBGene00010385,3,1.0,PFEESA,-0.195261548403125,0.632286759464618,False,down
WBGene00016158,3,1.0,PFEESA,0.0682325522656879,0.632496638794814,False,up
WBGene00044297,3,0.9,PFEESA,0.200948434488033,0.632628260726224,False,up
WBGene00019716,3,1.0,PFEESA,-0.0633180914622567,0.632628260726224,False,down
WBGene00001887,3,0.9666666666666667,PFEESA,-0.260065930868411,0.632628260726224,False,down
WBGene00020565,3,1.0,PFEESA,0.337093142871334,0.632946315050605,False,up
WBGene00016064,3,1.0,PFEESA,0.425058411901552,0.632965835700369,False,up
WBGene00006535,3,1.0,PFEESA,-0.141438337055814,0.633031794124785,False,down
WBGene00015729,3,0.9,PFEESA,0.197565686688195,0.633058932606563,False,up
WBGene00022656,3,0.6666666666666666,PFEESA,0.353774675921021,0.633636061676756,False,up
WBGene00044009,3,0.9,PFEESA,0.142531229348626,0.633650209198276,False,up
WBGene00004922,3,0.9333333333333333,PFEESA,0.0787792438454503,0.633675082895719,False,up
WBGene00009790,3,1.0,PFEESA,0.148327182783818,0.633797573279073,False,up
WBGene00022554,3,0.9666666666666667,PFEESA,-0.0892583113326072,0.633797573279073,False,down
WBGene00013136,3,1.0,PFEESA,-0.0938584641077881,0.634059158279376,False,down
WBGene00013758,3,0.9666666666666667,PFEESA,0.169416726698592,0.63411728001632,False,up
WBGene00018615,3,1.0,PFEESA,0.158060841364376,0.63411728001632,False,up
WBGene00004354,3,1.0,PFEESA,0.533203106523245,0.634418979288181,False,up
WBGene00011958,3,1.0,PFEESA,0.322642688928672,0.634972659447469,False,up
WBGene00022838,3,0.9666666666666667,PFEESA,-0.300372838394705,0.635957455528907,False,down
WBGene00018024,3,1.0,PFEESA,0.109721649041739,0.637789681037062,False,up
WBGene00022530,3,0.9,PFEESA,0.252905817628502,0.637846379269037,False,up
WBGene00013709,3,0.9,PFEESA,0.0603930733575183,0.638070176046697,False,up
WBGene00044442,3,1.0,PFEESA,0.262444718780364,0.639001076531951,False,up
WBGene00018043,3,1.0,PFEESA,0.329569579803888,0.639353496516084,False,up
WBGene00012131,3,0.9333333333333333,PFEESA,0.114512830449348,0.639591310000205,False,up
WBGene00014076,3,1.0,PFEESA,0.0709887465828193,0.639655801870523,False,up
WBGene00006539,3,1.0,PFEESA,0.289827126427824,0.639735016392619,False,up
WBGene00000425,3,1.0,PFEESA,0.233592404012967,0.639846044993087,False,up
WBGene00022142,3,0.9666666666666667,PFEESA,0.261567398869074,0.640138773421942,False,up
WBGene00016671,3,0.9666666666666667,PFEESA,0.143921304161681,0.640138773421942,False,up
WBGene00018996,3,0.9,PFEESA,-0.0830602505071109,0.640138773421942,False,down
WBGene00020575,3,1.0,PFEESA,-0.192471304789996,0.640138773421942,False,down
WBGene00008319,3,1.0,PFEESA,-0.465011276053055,0.640138773421942,False,down
WBGene00004139,3,1.0,PFEESA,0.342566984739977,0.640342612097576,False,up
WBGene00011591,3,1.0,PFEESA,-0.222327152635501,0.640637446320776,False,down
WBGene00006163,3,0.9666666666666667,PFEESA,-0.526416565360828,0.640637446320776,False,down
WBGene00011521,3,1.0,PFEESA,0.198421212728971,0.641332289993277,False,up
WBGene00044150,3,1.0,PFEESA,0.184943707170259,0.641369283299618,False,up
WBGene00017247,3,0.9,PFEESA,0.0957822256587531,0.641713247527158,False,up
WBGene00219378,3,1.0,PFEESA,0.344082032121672,0.642412607179595,False,up
WBGene00020302,3,0.9333333333333333,PFEESA,0.19830515884763,0.642412607179595,False,up
WBGene00002140,3,0.7,PFEESA,0.143778607822358,0.642412607179595,False,up
WBGene00017292,3,1.0,PFEESA,0.125032291726149,0.642412607179595,False,up
WBGene00012578,3,1.0,PFEESA,0.0651975841467455,0.642412607179595,False,up
WBGene00010138,3,1.0,PFEESA,-0.18555018870369,0.642412607179595,False,down
WBGene00018466,3,1.0,PFEESA,0.193163515137154,0.643146454821173,False,up
WBGene00003661,3,1.0,PFEESA,0.0685700791407039,0.644301341499672,False,up
WBGene00013713,3,1.0,PFEESA,0.278562805791105,0.644587053833753,False,up
WBGene00006497,3,1.0,PFEESA,-0.083531435349495,0.644587053833753,False,down
WBGene00194934,3,1.0,PFEESA,-0.135874993760721,0.644587053833753,False,down
WBGene00013091,3,1.0,PFEESA,-0.2953831297525,0.644587053833753,False,down
WBGene00010413,3,0.9666666666666667,PFEESA,1.86591207337059,0.644789704227019,False,up
WBGene00013077,3,1.0,PFEESA,0.0912496523446173,0.644789704227019,False,up
WBGene00010765,3,1.0,PFEESA,0.391925836148323,0.645611751894892,False,up
WBGene00008587,3,1.0,PFEESA,0.159765074696791,0.645611751894892,False,up
WBGene00000563,3,1.0,PFEESA,0.282456958472611,0.646618798673952,False,up
WBGene00013402,3,1.0,PFEESA,0.437448834076784,0.64687383530916,False,up
WBGene00119203,3,0.5333333333333333,PFEESA,0.141542609993297,0.646897593981538,False,up
WBGene00001667,3,1.0,PFEESA,0.516421303257564,0.647229275254858,False,up
WBGene00012142,3,1.0,PFEESA,-0.144754580474726,0.647353368248098,False,down
WBGene00019115,3,0.9,PFEESA,0.183964893005121,0.647955849375929,False,up
WBGene00235287,3,1.0,PFEESA,0.189626646543594,0.648722703528411,False,up
WBGene00007967,3,1.0,PFEESA,0.140487763535539,0.648757949547005,False,up
WBGene00022750,3,0.9666666666666667,PFEESA,0.0678176171932444,0.648757949547005,False,up
WBGene00016575,3,0.9,PFEESA,-0.149746164969941,0.648917363221501,False,down
WBGene00019235,3,0.9,PFEESA,0.297106598505508,0.649370299885357,False,up
WBGene00012528,3,0.9666666666666667,PFEESA,0.0570643715305286,0.649867535781448,False,up
WBGene00003000,3,1.0,PFEESA,0.121704860992153,0.650104831223654,False,up
WBGene00011293,3,1.0,PFEESA,0.424345426614311,0.650304832350029,False,up
WBGene00010049,3,1.0,PFEESA,-0.0875949842478567,0.650533925084717,False,down
WBGene00001533,3,1.0,PFEESA,0.370194151721473,0.650729315737079,False,up
WBGene00012854,3,0.9666666666666667,PFEESA,0.0832179252324353,0.650729315737079,False,up
WBGene00012514,3,1.0,PFEESA,0.196239057173951,0.650766617642027,False,up
WBGene00004268,3,1.0,PFEESA,0.055464184760583,0.650766617642027,False,up
WBGene00020976,3,1.0,PFEESA,0.603249117188201,0.650884550351583,False,up
WBGene00009139,3,1.0,PFEESA,-0.133199895521281,0.651536839667052,False,down
WBGene00016926,3,0.9666666666666667,PFEESA,0.582599724694366,0.651850128316024,False,up
WBGene00010297,3,1.0,PFEESA,0.192259017398365,0.65296068552191,False,up
WBGene00011250,3,0.7333333333333333,PFEESA,0.0964276093971072,0.653442549478097,False,up
WBGene00003232,3,1.0,PFEESA,0.160820399640114,0.653561542226761,False,up
WBGene00007604,3,0.9666666666666667,PFEESA,0.136097204625312,0.653561542226761,False,up
WBGene00009856,3,1.0,PFEESA,0.602318946477565,0.655055993833296,False,up
WBGene00001122,3,0.9,PFEESA,0.143497824588881,0.655798437129039,False,up
WBGene00006609,3,0.9,PFEESA,-0.159877549257855,0.656891093920138,False,down
WBGene00006778,3,1.0,PFEESA,0.144607679368999,0.657739546812574,False,up
WBGene00000974,3,1.0,PFEESA,-0.328377133296189,0.657739546812574,False,down
WBGene00021412,3,0.9666666666666667,PFEESA,0.281506852110619,0.658211929630994,False,up
WBGene00002004,3,1.0,PFEESA,0.0665483168132207,0.658211929630994,False,up
WBGene00006818,3,1.0,PFEESA,0.0918771341348803,0.6582665560445,False,up
WBGene00009780,3,1.0,PFEESA,-0.190403615055655,0.659011027709039,False,down
WBGene00009896,3,1.0,PFEESA,-0.12628188026604,0.660219544966631,False,down
WBGene00007425,3,1.0,PFEESA,-0.373915793222757,0.660653145187925,False,down
WBGene00044921,3,1.0,PFEESA,0.279301026209937,0.661936848666352,False,up
WBGene00020343,3,0.9,PFEESA,0.25811607624097,0.662340085603423,False,up
WBGene00008407,3,1.0,PFEESA,0.0950735355472525,0.66242917671294,False,up
WBGene00012856,3,0.7,PFEESA,0.314864113411521,0.662491852817341,False,up
WBGene00008191,3,1.0,PFEESA,0.0983116437634194,0.662665981727842,False,up
WBGene00206366,3,0.9666666666666667,PFEESA,0.301167338769632,0.662749086832566,False,up
WBGene00013555,3,1.0,PFEESA,0.284676053478079,0.663029418513496,False,up
WBGene00018356,3,0.7,PFEESA,0.0960132316506998,0.664343360147273,False,up
WBGene00019888,3,0.9,PFEESA,0.0587663715239306,0.665243486314318,False,up
WBGene00007844,3,0.9,PFEESA,0.339833983299361,0.667754348559134,False,up
WBGene00015148,3,0.9666666666666667,PFEESA,0.0814550715763166,0.667754348559134,False,up
WBGene00009337,3,1.0,PFEESA,0.0701171837255112,0.66866965159696,False,up
WBGene00016599,3,0.9666666666666667,PFEESA,-0.119860541615628,0.669108795086417,False,down
WBGene00004393,3,1.0,PFEESA,0.168617568299577,0.669852943502474,False,up
WBGene00015692,3,1.0,PFEESA,-0.13671389395473,0.670658769124393,False,down
WBGene00011296,3,1.0,PFEESA,-0.328651459610314,0.670745169210274,False,down
WBGene00021939,3,1.0,PFEESA,0.154559794892791,0.671183413936597,False,up
WBGene00011381,3,0.9666666666666667,PFEESA,0.127862976391699,0.671183413936597,False,up
WBGene00006527,3,1.0,PFEESA,0.0600934469566964,0.671183413936597,False,up
WBGene00001329,3,0.9,PFEESA,0.0577452911071248,0.671183413936597,False,up
WBGene00018700,3,1.0,PFEESA,-0.0548112719844172,0.671183413936597,False,down
WBGene00021208,3,1.0,PFEESA,-0.0932350210441811,0.671183413936597,False,down
WBGene00019478,3,1.0,PFEESA,0.106729615762284,0.672589259307454,False,up
WBGene00010643,3,0.9666666666666667,PFEESA,0.166378532937849,0.673312073577648,False,up
WBGene00000253,3,0.9666666666666667,PFEESA,0.0639322303404281,0.673312073577648,False,up
WBGene00011859,3,0.9666666666666667,PFEESA,-0.0915933271324651,0.673360299316329,False,down
WBGene00008120,3,1.0,PFEESA,0.0721370841890046,0.673599448461661,False,up
WBGene00004313,3,0.7666666666666667,PFEESA,0.0574088896961965,0.673599448461661,False,up
WBGene00219376,3,1.0,PFEESA,-0.441488397282782,0.673599448461661,False,down
WBGene00008932,3,0.9666666666666667,PFEESA,0.0851100329634109,0.673723793943598,False,up
WBGene00000853,3,1.0,PFEESA,-0.253241431600112,0.673723793943598,False,down
WBGene00020852,3,1.0,PFEESA,0.0882635529260243,0.67397370960414,False,up
WBGene00007173,3,0.9666666666666667,PFEESA,0.201275002605126,0.673983333586786,False,up
WBGene00001565,3,1.0,PFEESA,0.0555401342229273,0.675285877124497,False,up
WBGene00010293,3,1.0,PFEESA,0.321646956099161,0.675287269233311,False,up
WBGene00019023,3,1.0,PFEESA,-0.197808232800348,0.675287269233311,False,down
WBGene00045248,3,1.0,PFEESA,-0.202809911281118,0.675656285213843,False,down
WBGene00011813,3,1.0,PFEESA,0.0879020158049261,0.676622040132305,False,up
WBGene00022574,3,1.0,PFEESA,-0.239201494839663,0.676622040132305,False,down
WBGene00012779,3,1.0,PFEESA,0.141372484174792,0.677314323503094,False,up
WBGene00015505,3,0.9333333333333333,PFEESA,0.282389891955319,0.677530597309078,False,up
WBGene00017394,3,1.0,PFEESA,0.232934226994127,0.678626468244833,False,up
WBGene00009239,3,0.5,PFEESA,0.178492718532617,0.678626468244833,False,up
WBGene00013456,3,1.0,PFEESA,0.127403307378333,0.679606936523744,False,up
WBGene00011429,3,0.7,PFEESA,0.394735990940145,0.67978552675589,False,up
WBGene00020450,3,1.0,PFEESA,0.108523514656127,0.679895105190251,False,up
WBGene00003692,3,0.9666666666666667,PFEESA,0.133456684832126,0.679978084979852,False,up
WBGene00008597,3,1.0,PFEESA,-0.410987864609499,0.67998484879833,False,down
WBGene00010951,3,0.6333333333333333,PFEESA,-0.11426076023175,0.681087229568679,False,down
WBGene00012084,3,1.0,PFEESA,0.124963484288472,0.681134882103276,False,up
WBGene00206505,3,1.0,PFEESA,0.276756782686547,0.681164994250302,False,up
WBGene00009640,3,1.0,PFEESA,0.141821835538165,0.681164994250302,False,up
WBGene00016539,3,1.0,PFEESA,0.0653827742717617,0.681164994250302,False,up
WBGene00017904,3,0.9666666666666667,PFEESA,0.059086816712322,0.681712118656417,False,up
WBGene00012610,3,0.9,PFEESA,0.13672773961576,0.682304280535371,False,up
WBGene00019713,3,1.0,PFEESA,-0.0733839824445631,0.682304280535371,False,down
WBGene00001121,3,1.0,PFEESA,-0.143510533146088,0.682790477392164,False,down
WBGene00019407,3,1.0,PFEESA,-0.113034125678686,0.682826937329992,False,down
WBGene00003638,3,1.0,PFEESA,0.103046394921651,0.682940705792596,False,up
WBGene00009639,3,1.0,PFEESA,0.0909012175907887,0.682940705792596,False,up
WBGene00003889,3,1.0,PFEESA,0.126907396633435,0.683175219886395,False,up
WBGene00018869,3,1.0,PFEESA,-0.044571207275596,0.683502121825051,False,down
WBGene00017036,3,1.0,PFEESA,0.238175189921518,0.683510497233876,False,up
WBGene00007516,3,1.0,PFEESA,0.0973854025335524,0.683510497233876,False,up
WBGene00017980,3,1.0,PFEESA,0.0608240614999519,0.683510497233876,False,up
WBGene00014262,3,1.0,PFEESA,0.0865160110774408,0.684060605071739,False,up
WBGene00013962,3,1.0,PFEESA,-0.0874691859150678,0.684060605071739,False,down
WBGene00017854,3,1.0,PFEESA,0.21621548616919,0.685469916779948,False,up
WBGene00008197,3,1.0,PFEESA,-0.0866879568394302,0.685638050670485,False,down
WBGene00022285,3,1.0,PFEESA,0.256826254142175,0.687563817436222,False,up
WBGene00010096,3,1.0,PFEESA,0.0508218804310672,0.687563817436222,False,up
WBGene00017764,3,1.0,PFEESA,0.366713501508152,0.687987106675963,False,up
WBGene00010074,3,1.0,PFEESA,0.203171032176195,0.688386952835069,False,up
WBGene00002052,3,0.9,PFEESA,0.0913749290566569,0.688448683281349,False,up
WBGene00000831,3,1.0,PFEESA,0.151204111875184,0.688866493346259,False,up
WBGene00001509,3,1.0,PFEESA,0.0545075712849176,0.69023699427947,False,up
WBGene00206532,3,1.0,PFEESA,0.203881513333098,0.690582950740293,False,up
WBGene00016116,3,0.9,PFEESA,0.0578254858943236,0.690582950740293,False,up
WBGene00000533,3,1.0,PFEESA,0.0535011393999799,0.690582950740293,False,up
WBGene00009931,3,1.0,PFEESA,0.20251669419801,0.690830025375178,False,up
WBGene00009225,3,1.0,PFEESA,0.435961045500279,0.691406221786293,False,up
WBGene00003623,3,0.9333333333333333,PFEESA,0.115434986893854,0.691406221786293,False,up
WBGene00003728,3,1.0,PFEESA,0.0688047082439407,0.691456461288663,False,up
WBGene00001779,3,1.0,PFEESA,0.251093271519176,0.69187751199481,False,up
WBGene00014255,3,1.0,PFEESA,0.289788996707862,0.692425308123054,False,up
WBGene00016415,3,1.0,PFEESA,0.0548583068252593,0.692425308123054,False,up
WBGene00016670,3,0.9333333333333333,PFEESA,-0.586167145927566,0.692425308123054,False,down
WBGene00017350,3,0.5,PFEESA,0.0743866715201804,0.692822426893642,False,up
WBGene00010191,3,1.0,PFEESA,0.0764661162285982,0.693417380582426,False,up
WBGene00012020,3,1.0,PFEESA,-0.232153101997776,0.693606236269185,False,down
WBGene00019177,3,1.0,PFEESA,0.159698119371725,0.693713243004297,False,up
WBGene00013870,3,1.0,PFEESA,-0.123726408614675,0.693713243004297,False,down
WBGene00001888,3,0.7333333333333333,PFEESA,-0.262435254417516,0.693713243004297,False,down
WBGene00000289,3,1.0,PFEESA,-0.0459864175661239,0.693727206539297,False,down
WBGene00017512,3,0.6333333333333333,PFEESA,-0.147484902070936,0.693827799141971,False,down
WBGene00004773,3,0.7,PFEESA,0.0850472568310143,0.694214482261246,False,up
WBGene00021894,3,1.0,PFEESA,0.127793808131726,0.694451067966166,False,up
WBGene00019139,3,0.9333333333333333,PFEESA,0.270810191206019,0.694611716637806,False,up
WBGene00003526,3,1.0,PFEESA,-0.318935561037167,0.694695874254541,False,down
WBGene00017747,3,0.9666666666666667,PFEESA,0.224027413133102,0.694804376219265,False,up
WBGene00017428,3,0.8666666666666667,PFEESA,0.139792721163996,0.694804376219265,False,up
WBGene00001588,3,0.7333333333333333,PFEESA,0.0962644552682201,0.694804376219265,False,up
WBGene00009101,3,1.0,PFEESA,-0.323174918751727,0.694833356638148,False,down
WBGene00022668,3,0.9,PFEESA,0.144447191301791,0.694957000215211,False,up
WBGene00021515,3,1.0,PFEESA,0.112433937370782,0.694961347747726,False,up
WBGene00006779,3,1.0,PFEESA,0.0489849362197469,0.696602761809082,False,up
WBGene00009333,3,1.0,PFEESA,-0.0924651128303769,0.697324318459344,False,down
WBGene00013081,3,1.0,PFEESA,0.15631438938588,0.698347036630376,False,up
WBGene00001587,3,0.9666666666666667,PFEESA,0.121890884591102,0.698629013684391,False,up
WBGene00015822,3,1.0,PFEESA,0.268431889860668,0.699082997754901,False,up
WBGene00019564,3,1.0,PFEESA,0.298256355743954,0.699105865055053,False,up
WBGene00011988,3,1.0,PFEESA,-0.208909969577555,0.699105865055053,False,down
WBGene00011970,3,0.9,PFEESA,0.0715124691581667,0.69918132812359,False,up
WBGene00011420,3,1.0,PFEESA,0.131323990858343,0.699783361842957,False,up
WBGene00017051,3,1.0,PFEESA,0.271089220368179,0.699822795355362,False,up
WBGene00013658,3,1.0,PFEESA,0.112061675844959,0.699822795355362,False,up
WBGene00003970,3,0.9666666666666667,PFEESA,0.105718047498528,0.699822795355362,False,up
WBGene00011215,3,1.0,PFEESA,0.287461240760351,0.699976576300094,False,up
WBGene00015934,3,1.0,PFEESA,0.0997713737910396,0.701188300192973,False,up
WBGene00017100,3,1.0,PFEESA,-0.19976274466335,0.701189920251925,False,down
WBGene00020586,3,0.5,PFEESA,0.148327574179107,0.701300547009548,False,up
WBGene00020596,3,1.0,PFEESA,0.0690661997384994,0.701300547009548,False,up
WBGene00011610,3,1.0,PFEESA,0.357025727640707,0.701406615703999,False,up
WBGene00021607,3,1.0,PFEESA,0.225208176549421,0.701406615703999,False,up
WBGene00017197,3,1.0,PFEESA,0.228220157897544,0.703133603014564,False,up
WBGene00003878,3,1.0,PFEESA,-0.0897911971650224,0.70318915874492,False,down
WBGene00016849,3,0.9,PFEESA,0.125347355665142,0.703331585202992,False,up
WBGene00020149,3,1.0,PFEESA,0.26363752032917,0.703666122053363,False,up
WBGene00010513,3,1.0,PFEESA,0.133502718052908,0.703666122053363,False,up
WBGene00008142,3,0.9666666666666667,PFEESA,-0.146826494473285,0.704151989331003,False,down
WBGene00007397,3,0.9666666666666667,PFEESA,0.276055689752118,0.704921859062989,False,up
WBGene00000056,3,0.8666666666666667,PFEESA,0.158061842519044,0.704921859062989,False,up
WBGene00012852,3,1.0,PFEESA,0.154339647536184,0.704921859062989,False,up
WBGene00006809,3,1.0,PFEESA,0.0900252048397983,0.704921859062989,False,up
WBGene00001561,3,0.9666666666666667,PFEESA,0.0771161528616287,0.704921859062989,False,up
WBGene00021787,3,1.0,PFEESA,0.309895933217707,0.705803221074737,False,up
WBGene00012869,3,1.0,PFEESA,0.109024117789522,0.705855613649902,False,up
WBGene00044278,3,0.9333333333333333,PFEESA,0.400121098126186,0.706090989165939,False,up
WBGene00020649,3,0.9,PFEESA,0.0919793741983221,0.706090989165939,False,up
WBGene00007178,3,0.9,PFEESA,0.0867586279708045,0.706090989165939,False,up
WBGene00000288,3,0.9,PFEESA,-0.0713606162816681,0.706090989165939,False,down
WBGene00018611,3,1.0,PFEESA,-0.144020467779972,0.706090989165939,False,down
WBGene00016621,3,1.0,PFEESA,-0.103797424221305,0.70624730572308,False,down
WBGene00005182,3,1.0,PFEESA,0.256034318413867,0.707661687620053,False,up
WBGene00008403,3,1.0,PFEESA,0.178957558833193,0.707809942014703,False,up
WBGene00013584,3,0.9333333333333333,PFEESA,0.12343628857733,0.708027206806906,False,up
WBGene00000734,3,1.0,PFEESA,-0.258260087892618,0.708735601124876,False,down
WBGene00235315,3,1.0,PFEESA,0.22776792659381,0.708885824968032,False,up
WBGene00010608,3,1.0,PFEESA,-0.186960631490462,0.70915593557075,False,down
WBGene00021531,3,1.0,PFEESA,0.156685228669929,0.70966570207411,False,up
WBGene00020341,3,1.0,PFEESA,0.12924333098489,0.710432874373949,False,up
WBGene00020506,3,1.0,PFEESA,0.119749817758156,0.711050046970346,False,up
WBGene00010310,3,1.0,PFEESA,0.201850013675158,0.711850878442875,False,up
WBGene00011221,3,1.0,PFEESA,0.0798172672304953,0.711850878442875,False,up
WBGene00044528,3,1.0,PFEESA,0.304596118320485,0.711859077703071,False,up
WBGene00007349,3,1.0,PFEESA,0.12147631810911,0.711859077703071,False,up
WBGene00009781,3,0.9,PFEESA,0.099041787884946,0.711859077703071,False,up
WBGene00008974,3,1.0,PFEESA,-0.0618049694337225,0.711859077703071,False,down
WBGene00015919,3,1.0,PFEESA,-0.16406504460955,0.711859077703071,False,down
WBGene00020594,3,0.9666666666666667,PFEESA,0.396636058810471,0.712022810408435,False,up
WBGene00235110,3,0.9666666666666667,PFEESA,0.936179908732715,0.712324214370006,False,up
WBGene00044239,3,1.0,PFEESA,-0.495689140092963,0.712440402307497,False,down
WBGene00021879,3,0.9,PFEESA,-0.0742929309515261,0.71348451263631,False,down
WBGene00011978,3,0.9666666666666667,PFEESA,0.0676542549712478,0.713700024969811,False,up
WBGene00018376,3,0.9666666666666667,PFEESA,0.077704068835103,0.714000558093858,False,up
WBGene00008240,3,1.0,PFEESA,0.198819582592974,0.71462779036908,False,up
WBGene00008748,3,0.9,PFEESA,0.0713282007029964,0.71462779036908,False,up
WBGene00017142,3,1.0,PFEESA,-0.209190214664427,0.71462779036908,False,down
WBGene00008757,3,1.0,PFEESA,0.427256292467531,0.714971226491732,False,up
WBGene00007929,3,1.0,PFEESA,0.206683754594524,0.714971226491732,False,up
WBGene00010507,3,0.9666666666666667,PFEESA,0.0973965826415816,0.714971226491732,False,up
WBGene00008307,3,0.9333333333333333,PFEESA,0.117244516479676,0.715162431372335,False,up
WBGene00011158,3,0.7333333333333333,PFEESA,0.550027561444442,0.715451772775427,False,up
WBGene00005147,3,1.0,PFEESA,0.337841649867804,0.715922669444795,False,up
WBGene00002295,3,0.9,PFEESA,0.0616213778659962,0.715922669444795,False,up
WBGene00002217,3,1.0,PFEESA,0.0651241302857571,0.716074504209356,False,up
WBGene00007361,3,0.9666666666666667,PFEESA,0.521142800391612,0.716328662833591,False,up
WBGene00015560,3,0.9,PFEESA,0.132304978207629,0.716328662833591,False,up
WBGene00022345,3,1.0,PFEESA,0.438428664262455,0.717417848473081,False,up
WBGene00015074,3,1.0,PFEESA,0.116258959689922,0.717417848473081,False,up
WBGene00009091,3,0.9666666666666667,PFEESA,0.136417309101417,0.717639777992564,False,up
WBGene00022824,3,0.9,PFEESA,0.175790301189743,0.718227614788118,False,up
WBGene00003713,3,1.0,PFEESA,0.15410224570897,0.719984081980854,False,up
WBGene00004748,3,0.9666666666666667,PFEESA,-0.219101644312611,0.719984081980854,False,down
WBGene00138724,3,1.0,PFEESA,0.258098725230378,0.721035233309976,False,up
WBGene00000057,3,0.9,PFEESA,0.195888050144646,0.721035233309976,False,up
WBGene00012259,3,1.0,PFEESA,-0.106055696076545,0.721745582500043,False,down
WBGene00003527,3,1.0,PFEESA,-0.218005997957134,0.721745582500043,False,down
WBGene00013481,3,0.9666666666666667,PFEESA,0.117934363300229,0.722724627743635,False,up
WBGene00008275,3,1.0,PFEESA,0.0775271153609823,0.722724627743635,False,up
WBGene00010040,3,1.0,PFEESA,0.0490039178394282,0.722724627743635,False,up
WBGene00000090,3,1.0,PFEESA,0.0468211690707851,0.722724627743635,False,up
WBGene00020043,3,1.0,PFEESA,-0.15243607452163,0.722883604290703,False,down
WBGene00021079,3,0.9333333333333333,PFEESA,0.124140585080288,0.723115318828305,False,up
WBGene00019744,3,1.0,PFEESA,0.164055785141893,0.723890072966874,False,up
WBGene00017124,3,1.0,PFEESA,0.116793656778572,0.723890072966874,False,up
WBGene00006971,3,1.0,PFEESA,0.0747166864212945,0.723890072966874,False,up
WBGene00010664,3,0.9666666666666667,PFEESA,0.05492602002258,0.723890072966874,False,up
WBGene00015081,3,1.0,PFEESA,0.193742523292955,0.723938344629944,False,up
WBGene00008213,3,0.6333333333333333,PFEESA,-0.165086639215678,0.723938344629944,False,down
WBGene00022825,3,0.9666666666666667,PFEESA,0.110048294240479,0.724062212488448,False,up
WBGene00007951,3,0.9666666666666667,PFEESA,0.107049975244567,0.724067509842238,False,up
WBGene00018348,3,1.0,PFEESA,0.282895408379083,0.724457488769995,False,up
WBGene00013859,3,1.0,PFEESA,0.149101401882656,0.724920520369591,False,up
WBGene00000458,3,1.0,PFEESA,0.0749342663440033,0.725774757542587,False,up
WBGene00018601,3,1.0,PFEESA,0.96244072707346,0.726241489061047,False,up
WBGene00000700,3,0.9666666666666667,PFEESA,0.383247384771666,0.726241489061047,False,up
WBGene00009129,3,0.9,PFEESA,0.360450447741438,0.726241489061047,False,up
WBGene00018855,3,1.0,PFEESA,0.336923676439925,0.726241489061047,False,up
WBGene00017787,3,0.8333333333333334,PFEESA,0.164541076652088,0.726241489061047,False,up
WBGene00008073,3,1.0,PFEESA,0.162608412201455,0.726241489061047,False,up
WBGene00008255,3,1.0,PFEESA,0.150513030499689,0.726241489061047,False,up
WBGene00003682,3,0.9666666666666667,PFEESA,0.114887370456623,0.726241489061047,False,up
WBGene00012626,3,1.0,PFEESA,0.104065119120123,0.726241489061047,False,up
WBGene00008359,3,1.0,PFEESA,0.102204163380466,0.726241489061047,False,up
WBGene00008706,3,1.0,PFEESA,0.0998037160122695,0.726241489061047,False,up
WBGene00023493,3,1.0,PFEESA,0.072388210481807,0.726241489061047,False,up
WBGene00004215,3,0.9666666666666667,PFEESA,0.0466361416461199,0.726241489061047,False,up
WBGene00009930,3,1.0,PFEESA,-0.0839618749756306,0.726241489061047,False,down
WBGene00008856,3,1.0,PFEESA,-0.0862991837909861,0.726241489061047,False,down
WBGene00009271,3,1.0,PFEESA,-0.116177401133467,0.726241489061047,False,down
WBGene00011495,3,1.0,PFEESA,-0.11721146782735,0.726241489061047,False,down
WBGene00013903,3,1.0,PFEESA,-0.253170623374052,0.726241489061047,False,down
WBGene00001730,3,1.0,PFEESA,-0.59006737482447,0.726241489061047,False,down
WBGene00008303,3,0.9,PFEESA,0.364568936448798,0.726336925494541,False,up
WBGene00000960,3,1.0,PFEESA,0.143352452659271,0.726336925494541,False,up
WBGene00019129,3,1.0,PFEESA,-0.197702646395562,0.727476964833015,False,down
WBGene00016066,3,1.0,PFEESA,-0.19405900337448,0.727663242599018,False,down
WBGene00008679,3,0.7333333333333333,PFEESA,0.6934728131566,0.728406442138046,False,up
WBGene00013844,3,0.7,PFEESA,-0.336356847944927,0.728406442138046,False,down
WBGene00013477,3,1.0,PFEESA,0.229884378918468,0.728419669576514,False,up
WBGene00018005,3,1.0,PFEESA,-0.126543135009823,0.728695200701814,False,down
WBGene00019476,3,0.6333333333333333,PFEESA,-0.136632532285379,0.728695200701814,False,down
WBGene00009484,3,0.6333333333333333,PFEESA,-0.144736486724185,0.728695200701814,False,down
WBGene00010375,3,1.0,PFEESA,0.125299129399989,0.72895971290538,False,up
WBGene00020276,3,1.0,PFEESA,0.10283579906384,0.729330825062593,False,up
WBGene00019546,3,0.9,PFEESA,-0.180129826580134,0.730066775924122,False,down
WBGene00017198,3,1.0,PFEESA,0.119526408307217,0.730421327865493,False,up
WBGene00004728,3,1.0,PFEESA,0.0516920421968992,0.731717595599872,False,up
WBGene00019749,3,0.9666666666666667,PFEESA,0.103187903527446,0.731741749448502,False,up
WBGene00043054,3,0.5666666666666667,PFEESA,0.166029184153071,0.732591805235078,False,up
WBGene00014148,3,1.0,PFEESA,0.0510615093430645,0.733169688584483,False,up
WBGene00011969,3,0.6333333333333333,PFEESA,0.0683202580132655,0.733195817454588,False,up
WBGene00020652,3,1.0,PFEESA,0.139148590534498,0.733774539590774,False,up
WBGene00003043,3,1.0,PFEESA,0.0644490980060429,0.73480623596315,False,up
WBGene00021605,3,1.0,PFEESA,-0.192825514139639,0.73480623596315,False,down
WBGene00006677,3,1.0,PFEESA,0.135984665382347,0.735864909808649,False,up
WBGene00018188,3,0.9666666666666667,PFEESA,0.125446191883478,0.735864909808649,False,up
WBGene00020196,3,0.9,PFEESA,-0.12429366698469,0.735864909808649,False,down
WBGene00195154,3,1.0,PFEESA,0.318112267215519,0.736125726321395,False,up
WBGene00000693,3,0.6333333333333333,PFEESA,0.263853845299753,0.736827827706809,False,up
WBGene00016016,3,1.0,PFEESA,-0.431876728239482,0.737483030841698,False,down
WBGene00008320,3,1.0,PFEESA,0.125414098586065,0.738119023173964,False,up
WBGene00021732,3,1.0,PFEESA,0.0948084061164251,0.738460895314597,False,up
WBGene00017828,3,0.9,PFEESA,0.0857930145948735,0.738572660576968,False,up
WBGene00018255,3,0.9,PFEESA,0.273531121370073,0.738842193938804,False,up
WBGene00006639,3,1.0,PFEESA,0.231302918343591,0.739813392843642,False,up
WBGene00017618,3,0.7,PFEESA,0.138136814283446,0.74004571866223,False,up
WBGene00000673,3,1.0,PFEESA,0.0896810479782765,0.740087543741438,False,up
WBGene00001934,3,0.6666666666666666,PFEESA,-0.199734828625069,0.740254410960459,False,down
WBGene00007627,3,1.0,PFEESA,-0.0553238038426967,0.741144226141345,False,down
WBGene00020448,3,0.9,PFEESA,0.216149598810955,0.74216675373107,False,up
WBGene00012143,3,1.0,PFEESA,0.157788046161725,0.742428167634023,False,up
WBGene00005612,3,1.0,PFEESA,0.716689046431561,0.742897869988996,False,up
WBGene00195073,3,0.9,PFEESA,0.136593062950425,0.743195751463847,False,up
WBGene00012564,3,1.0,PFEESA,0.179375786766209,0.743946113683695,False,up
WBGene00019999,3,0.9,PFEESA,0.110719148762903,0.743946113683695,False,up
WBGene00012136,3,0.9666666666666667,PFEESA,0.0707632089127502,0.743946113683695,False,up
WBGene00006852,3,1.0,PFEESA,-0.0609545685410735,0.743946113683695,False,down
WBGene00012097,3,0.8333333333333334,PFEESA,-0.0700105119067108,0.743946113683695,False,down
WBGene00015700,3,1.0,PFEESA,-0.20738276395216,0.743948691524776,False,down
WBGene00044387,3,1.0,PFEESA,0.186679776375233,0.744023311803156,False,up
WBGene00010994,3,1.0,PFEESA,0.14216190400066,0.745322816522902,False,up
WBGene00009716,3,1.0,PFEESA,0.12443373028177,0.745322816522902,False,up
WBGene00022396,3,0.6333333333333333,PFEESA,0.118858648837223,0.745322816522902,False,up
WBGene00020324,3,0.9,PFEESA,0.115601572583065,0.745322816522902,False,up
WBGene00007247,3,1.0,PFEESA,0.108186619258134,0.745322816522902,False,up
WBGene00009023,3,1.0,PFEESA,0.1009913581023,0.745322816522902,False,up
WBGene00019347,3,1.0,PFEESA,0.0623896700045342,0.7459112333815,False,up
WBGene00021188,3,1.0,PFEESA,-0.293020521059736,0.746144909095799,False,down
WBGene00008432,3,1.0,PFEESA,-0.0898221988017009,0.746326394269856,False,down
WBGene00016427,3,0.9,PFEESA,-0.130201181421763,0.746637131960479,False,down
WBGene00044205,3,0.9666666666666667,PFEESA,-0.295099299248938,0.746637131960479,False,down
WBGene00021818,3,1.0,PFEESA,0.145990946724332,0.74743973834432,False,up
WBGene00000096,3,1.0,PFEESA,0.116048649840688,0.74743973834432,False,up
WBGene00020678,3,1.0,PFEESA,0.106905557637258,0.74743973834432,False,up
WBGene00271606,3,1.0,PFEESA,-0.20340691226479,0.74743973834432,False,down
WBGene00269421,3,1.0,PFEESA,0.103463137013693,0.748085123676192,False,up
WBGene00011063,3,0.9666666666666667,PFEESA,0.238731665433374,0.748090009942122,False,up
WBGene00021395,3,1.0,PFEESA,0.0810541693745423,0.748965511813813,False,up
WBGene00000501,3,1.0,PFEESA,0.0739000435772672,0.748965511813813,False,up
WBGene00009549,3,1.0,PFEESA,0.19851857922343,0.749243925373493,False,up
WBGene00001345,3,0.9,PFEESA,0.0957621210319225,0.749243925373493,False,up
WBGene00015139,3,0.7666666666666667,PFEESA,0.131857337924465,0.749722622902552,False,up
WBGene00023404,3,1.0,PFEESA,0.0730649320478019,0.750601883884458,False,up
WBGene00015049,3,1.0,PFEESA,-0.266189671201303,0.750823157707727,False,down
WBGene00015042,3,1.0,PFEESA,0.852297875867701,0.751230296700888,False,up
WBGene00011450,3,1.0,PFEESA,0.36378394028015,0.751230296700888,False,up
WBGene00021510,3,1.0,PFEESA,0.0553991364204841,0.751230296700888,False,up
WBGene00044699,3,0.9,PFEESA,0.105198167478466,0.751233709906151,False,up
WBGene00007840,3,0.9,PFEESA,0.0815618875502759,0.752000787109202,False,up
WBGene00021611,3,0.9,PFEESA,-0.0966842692245762,0.752433192724986,False,down
WBGene00013812,3,1.0,PFEESA,-0.165106188962922,0.752823455802574,False,down
WBGene00008662,3,0.7666666666666667,PFEESA,0.193049751169579,0.752929700121225,False,up
WBGene00021505,3,0.9,PFEESA,0.163266879279963,0.753616779295187,False,up
WBGene00018042,3,1.0,PFEESA,-0.118956146754126,0.753616779295187,False,down
WBGene00012566,3,1.0,PFEESA,0.247224362354505,0.755270020931246,False,up
WBGene00044467,3,1.0,PFEESA,0.0591706961136834,0.755270020931246,False,up
WBGene00022400,3,1.0,PFEESA,-0.0541470961471828,0.755682611010805,False,down
WBGene00011382,3,1.0,PFEESA,-0.0708515900960558,0.756775436911939,False,down
WBGene00018879,3,1.0,PFEESA,0.121525352535859,0.757186751321762,False,up
WBGene00021375,3,1.0,PFEESA,0.0980074424695624,0.757186751321762,False,up
WBGene00000188,3,0.7666666666666667,PFEESA,0.0847191310065139,0.757186751321762,False,up
WBGene00022603,3,1.0,PFEESA,0.0474312320832293,0.757186751321762,False,up
WBGene00018250,3,1.0,PFEESA,0.218951747197267,0.757610383369096,False,up
WBGene00015149,3,0.9666666666666667,PFEESA,0.551152963896332,0.757636342461256,False,up
WBGene00014171,3,0.6333333333333333,PFEESA,0.067154983619176,0.757729192014028,False,up
WBGene00008745,3,1.0,PFEESA,0.0432746309235857,0.757729192014028,False,up
WBGene00006623,3,1.0,PFEESA,-0.357751936380974,0.758316560524009,False,down
WBGene00020106,3,0.6333333333333333,PFEESA,-0.0960808945042382,0.758803369835461,False,down
WBGene00022354,3,1.0,PFEESA,0.136310431753981,0.758874907503416,False,up
WBGene00022823,3,0.9666666666666667,PFEESA,0.0992442496557856,0.758874976946675,False,up
WBGene00011133,3,1.0,PFEESA,-0.303549842621619,0.759265981752046,False,down
WBGene00022112,3,1.0,PFEESA,-0.26746811832614,0.759459649704897,False,down
WBGene00000703,3,0.9666666666666667,PFEESA,-0.205176882889894,0.759809568922642,False,down
WBGene00017868,3,1.0,PFEESA,0.297152420940678,0.76040909174992,False,up
WBGene00044459,3,1.0,PFEESA,0.173133023550212,0.760862397591465,False,up
WBGene00017255,3,1.0,PFEESA,0.169171804429309,0.760862397591465,False,up
WBGene00009025,3,1.0,PFEESA,0.0904420627035815,0.760862397591465,False,up
WBGene00000037,3,0.7666666666666667,PFEESA,-0.05664395895592,0.761499649395034,False,down
WBGene00044774,3,0.8333333333333334,PFEESA,-0.0917025541163265,0.761688034397107,False,down
WBGene00044120,3,0.9,PFEESA,0.155616360714875,0.762054810590703,False,up
WBGene00007340,3,1.0,PFEESA,0.141569457022316,0.762957749777023,False,up
WBGene00022331,3,1.0,PFEESA,0.161962174111041,0.763032618809486,False,up
WBGene00020090,3,0.9666666666666667,PFEESA,-0.0573040133439238,0.763032618809486,False,down
WBGene00005664,3,1.0,PFEESA,-0.300373158749336,0.763032618809486,False,down
WBGene00000081,3,0.9,PFEESA,0.0539119530289153,0.763113280791147,False,up
WBGene00010272,3,1.0,PFEESA,0.039774503184407,0.763331420120423,False,up
WBGene00021297,3,1.0,PFEESA,-0.356699917255095,0.763377747170479,False,down
WBGene00005245,3,0.9333333333333333,PFEESA,0.36638574262228,0.763399355649098,False,up
WBGene00010911,3,1.0,PFEESA,-0.0586255004594677,0.763489044202632,False,down
WBGene00020574,3,1.0,PFEESA,-0.298150313915241,0.76367646897865,False,down
WBGene00007672,3,1.0,PFEESA,-0.24417966206844,0.763794855724234,False,down
WBGene00002881,3,1.0,PFEESA,0.100624005409916,0.764193030524462,False,up
WBGene00000459,3,1.0,PFEESA,0.051818380757643,0.764193030524462,False,up
WBGene00018369,3,1.0,PFEESA,-0.053173102436401,0.764193030524462,False,down
WBGene00008849,3,1.0,PFEESA,0.393192460314758,0.764345696247443,False,up
WBGene00013902,3,0.9,PFEESA,0.126606265309335,0.764345696247443,False,up
WBGene00001475,3,1.0,PFEESA,-0.0607551277645685,0.764345696247443,False,down
WBGene00001550,3,1.0,PFEESA,-0.145054786237761,0.764345696247443,False,down
WBGene00015718,3,1.0,PFEESA,0.610127504465238,0.764500773505562,False,up
WBGene00012538,3,1.0,PFEESA,-0.271130137153122,0.765752468101952,False,down
WBGene00021781,3,1.0,PFEESA,-0.215779222172361,0.766208645610311,False,down
WBGene00015858,3,1.0,PFEESA,0.274612618799004,0.766420042828543,False,up
WBGene00014669,3,0.9666666666666667,PFEESA,-0.0818890896149202,0.766667447006075,False,down
WBGene00005988,3,1.0,PFEESA,-0.351746264941298,0.766793578392334,False,down
WBGene00019518,3,1.0,PFEESA,-0.256550082368633,0.766856581643497,False,down
WBGene00013079,3,0.9333333333333333,PFEESA,0.145333893709194,0.767535116914368,False,up
WBGene00015531,3,1.0,PFEESA,0.0867860787799231,0.767535116914368,False,up
WBGene00017973,3,0.8666666666666667,PFEESA,0.100557662235937,0.767723576359192,False,up
WBGene00016175,3,1.0,PFEESA,0.373354508414417,0.76787277896357,False,up
WBGene00004113,3,1.0,PFEESA,0.0892413598368698,0.768031819054396,False,up
WBGene00017483,3,0.9,PFEESA,0.31664854764326,0.769702318992763,False,up
WBGene00003732,3,1.0,PFEESA,-0.0786725454943903,0.771006825836049,False,down
WBGene00044181,3,1.0,PFEESA,0.309734581056622,0.771089605992722,False,up
WBGene00010770,3,1.0,PFEESA,0.0706794673917015,0.772071571492122,False,up
WBGene00008065,3,0.9,PFEESA,0.1201468604801,0.77445234474189,False,up
WBGene00019511,3,0.9333333333333333,PFEESA,-0.0700745992050453,0.774896471735068,False,down
WBGene00016331,3,1.0,PFEESA,0.0427988449951474,0.77572348954889,False,up
WBGene00016362,3,0.7333333333333333,PFEESA,-0.056315367625428,0.776043836975933,False,down
WBGene00003766,3,1.0,PFEESA,-0.290209169071555,0.776043836975933,False,down
WBGene00012441,3,1.0,PFEESA,-0.210674930128416,0.776344050726304,False,down
WBGene00009180,3,1.0,PFEESA,-0.0386353079042609,0.77673660733124,False,down
WBGene00004106,3,1.0,PFEESA,0.0535250135977967,0.777034614781087,False,up
WBGene00013970,3,1.0,PFEESA,0.065501590799711,0.777259169645369,False,up
WBGene00014258,3,1.0,PFEESA,-0.0858779180267387,0.777259169645369,False,down
WBGene00044079,3,0.5666666666666667,PFEESA,-0.0775478886073285,0.777287527733406,False,down
WBGene00011896,3,1.0,PFEESA,0.183441941373133,0.778305292288878,False,up
WBGene00009000,3,1.0,PFEESA,0.159001204525586,0.778650282277727,False,up
WBGene00011858,3,0.7666666666666667,PFEESA,0.0605878365018288,0.779250242528207,False,up
WBGene00001957,3,0.9,PFEESA,0.384885843368136,0.780301705270338,False,up
WBGene00004154,3,1.0,PFEESA,0.207960967848853,0.780301705270338,False,up
WBGene00008008,3,0.9666666666666667,PFEESA,0.105427051785333,0.780301705270338,False,up
WBGene00014256,3,0.6333333333333333,PFEESA,0.0600647902931509,0.780301705270338,False,up
WBGene00007067,3,0.9333333333333333,PFEESA,0.128529197677293,0.780730367669393,False,up
WBGene00016329,3,1.0,PFEESA,0.464574640508758,0.78181029996759,False,up
WBGene00021337,3,1.0,PFEESA,-0.345707667319681,0.782556743988086,False,down
WBGene00019200,3,0.9666666666666667,PFEESA,-0.146155822932349,0.78323252152634,False,down
WBGene00000727,3,1.0,PFEESA,0.151921758238429,0.783235159515307,False,up
WBGene00015701,3,1.0,PFEESA,-0.361463933732534,0.783235159515307,False,down
WBGene00010781,3,1.0,PFEESA,0.206874355479526,0.783428770344856,False,up
WBGene00044788,3,1.0,PFEESA,0.226223857793283,0.784321998124698,False,up
WBGene00019931,3,1.0,PFEESA,0.291481249200748,0.784799531212389,False,up
WBGene00009810,3,1.0,PFEESA,-0.247745543216525,0.784799531212389,False,down
WBGene00005127,3,0.7666666666666667,PFEESA,0.22273814690037,0.785548504540544,False,up
WBGene00015271,3,1.0,PFEESA,0.1360591288001,0.785548504540544,False,up
WBGene00009107,3,1.0,PFEESA,0.215432566073739,0.785862139061908,False,up
WBGene00008667,3,0.9,PFEESA,-0.0944233707787149,0.785862139061908,False,down
WBGene00014152,3,1.0,PFEESA,0.232905651467148,0.786151460840062,False,up
WBGene00017268,3,0.5666666666666667,PFEESA,0.0451913879380555,0.786637262448419,False,up
WBGene00003613,3,0.9666666666666667,PFEESA,0.0971421176608894,0.786686175596416,False,up
WBGene00007505,3,0.9,PFEESA,0.0405568222954678,0.786770430812083,False,up
WBGene00004255,3,1.0,PFEESA,0.1402062790411,0.787590019915728,False,up
WBGene00015263,3,1.0,PFEESA,0.0890780916720908,0.78759581993007,False,up
WBGene00044029,3,1.0,PFEESA,0.0858206434814745,0.78759581993007,False,up
WBGene00022893,3,0.6333333333333333,PFEESA,-0.0679195804662823,0.788362055825119,False,down
WBGene00022108,3,1.0,PFEESA,0.218991969547602,0.789107817172232,False,up
WBGene00020497,3,0.9666666666666667,PFEESA,0.156955800516668,0.789905431552787,False,up
WBGene00002136,3,1.0,PFEESA,-0.154159192661473,0.789905431552787,False,down
WBGene00011879,3,1.0,PFEESA,0.117842949604194,0.790563769685222,False,up
WBGene00016212,3,0.9,PFEESA,0.235947256475976,0.791221741983472,False,up
WBGene00003386,3,1.0,PFEESA,-0.0679292429600005,0.791782365257763,False,down
WBGene00019859,3,1.0,PFEESA,0.086246699594281,0.791929202797234,False,up
WBGene00022004,3,0.9666666666666667,PFEESA,0.0743240276119857,0.791929202797234,False,up
WBGene00009717,3,1.0,PFEESA,0.0401993642308788,0.791929202797234,False,up
WBGene00022427,3,1.0,PFEESA,-0.0440083644152389,0.791929202797234,False,down
WBGene00015115,3,0.9666666666666667,PFEESA,-0.0930269228814396,0.791929202797234,False,down
WBGene00019097,3,1.0,PFEESA,0.099816831789454,0.792912267877588,False,up
WBGene00012616,3,1.0,PFEESA,-0.286157681840125,0.793034769812975,False,down
WBGene00021349,3,1.0,PFEESA,0.127547429699632,0.793734805199657,False,up
WBGene00012130,3,0.7,PFEESA,0.100605889122895,0.794178972109761,False,up
WBGene00044143,3,0.9666666666666667,PFEESA,0.0648938888131545,0.794178972109761,False,up
WBGene00000971,3,0.9666666666666667,PFEESA,-0.166902323641811,0.794178972109761,False,down
WBGene00005523,3,1.0,PFEESA,-0.310553162541088,0.794178972109761,False,down
WBGene00189956,3,0.9333333333333333,PFEESA,0.237435066086425,0.794443783006577,False,up
WBGene00008002,3,1.0,PFEESA,0.187647672552756,0.794443783006577,False,up
WBGene00013180,3,0.9,PFEESA,0.10095162916361,0.794443783006577,False,up
WBGene00000276,3,1.0,PFEESA,-0.0527510379313269,0.79493960680422,False,down
WBGene00015626,3,1.0,PFEESA,0.143858498632977,0.79595863574166,False,up
WBGene00011340,3,1.0,PFEESA,0.19749739017775,0.796098085025455,False,up
WBGene00000287,3,1.0,PFEESA,0.111273736137001,0.796098085025455,False,up
WBGene00010585,3,0.9666666666666667,PFEESA,-0.0903897776534078,0.79626967964239,False,down
WBGene00012268,3,1.0,PFEESA,0.175634312302639,0.796593629428373,False,up
WBGene00002276,3,1.0,PFEESA,-0.0561692842775919,0.79661182433182,False,down
WBGene00022326,3,1.0,PFEESA,-0.113892726464851,0.796694524561595,False,down
WBGene00010788,3,0.6,PFEESA,-0.088059768484512,0.796754224455989,False,down
WBGene00017078,3,0.8333333333333334,PFEESA,0.0665065328283821,0.797510124129182,False,up
WBGene00022867,3,1.0,PFEESA,0.0710359245242138,0.797718443909103,False,up
WBGene00194883,3,1.0,PFEESA,0.167753774174365,0.797823120454551,False,up
WBGene00009676,3,1.0,PFEESA,0.0782092575142839,0.797823120454551,False,up
WBGene00003564,3,1.0,PFEESA,0.0355256021989589,0.797823120454551,False,up
WBGene00023519,3,1.0,PFEESA,0.147974814012016,0.79804895146107,False,up
WBGene00045255,3,1.0,PFEESA,0.0824125307489037,0.798456298005099,False,up
WBGene00021557,3,1.0,PFEESA,-0.388246658441014,0.798456298005099,False,down
WBGene00009696,3,1.0,PFEESA,0.127371040133364,0.799457830737907,False,up
WBGene00012920,3,0.5,PFEESA,0.11914204385419,0.799457830737907,False,up
WBGene00015969,3,1.0,PFEESA,-0.0949228565436494,0.799457830737907,False,down
WBGene00012372,3,0.6333333333333333,PFEESA,-0.101817035921886,0.799457830737907,False,down
WBGene00020485,3,1.0,PFEESA,0.191741160016739,0.799478378771253,False,up
WBGene00044760,3,0.7,PFEESA,-0.360812917324539,0.799723226736638,False,down
WBGene00015568,3,1.0,PFEESA,0.219985298665264,0.800322612406456,False,up
WBGene00003574,3,0.9,PFEESA,0.549814299336511,0.800529558705757,False,up
WBGene00004032,3,0.6333333333333333,PFEESA,0.0356289361755448,0.800529558705757,False,up
WBGene00020249,3,0.6333333333333333,PFEESA,0.13398888376175,0.80079207067656,False,up
WBGene00001785,3,0.9666666666666667,PFEESA,0.488872472553667,0.801162498504299,False,up
WBGene00001562,3,1.0,PFEESA,0.0458366959722964,0.80145642401859,False,up
WBGene00008613,3,1.0,PFEESA,0.157031193939523,0.801515211541462,False,up
WBGene00006611,3,1.0,PFEESA,0.15278381713319,0.801622709885521,False,up
WBGene00004131,3,1.0,PFEESA,0.136226612802966,0.801622709885521,False,up
WBGene00016059,3,0.6666666666666666,PFEESA,0.042354302435643,0.801622709885521,False,up
WBGene00011473,3,1.0,PFEESA,-0.104587738365991,0.801773856929559,False,down
WBGene00015561,3,1.0,PFEESA,0.0547939067725357,0.801792315229253,False,up
WBGene00019779,3,0.6333333333333333,PFEESA,0.143459625783584,0.801939268891486,False,up
WBGene00011622,3,0.9333333333333333,PFEESA,0.353818746861876,0.802387816583208,False,up
WBGene00006632,3,1.0,PFEESA,0.124703815773751,0.803418272629186,False,up
WBGene00004265,3,1.0,PFEESA,0.0581367963150697,0.803433358202789,False,up
WBGene00008905,3,0.9,PFEESA,-0.249452071439407,0.803900708946793,False,down
WBGene00012413,3,0.5,PFEESA,0.312214850870172,0.8040948255684,False,up
WBGene00008372,3,1.0,PFEESA,-0.106101864113096,0.804369382703496,False,down
WBGene00007680,3,0.9,PFEESA,0.108803017552183,0.804530630233835,False,up
WBGene00018219,3,1.0,PFEESA,0.105201901982811,0.804579055935283,False,up
WBGene00044556,3,1.0,PFEESA,-0.0939918034572947,0.80500190021695,False,down
WBGene00012146,3,0.7,PFEESA,0.14840040491551,0.805550529003347,False,up
WBGene00007854,3,0.9333333333333333,PFEESA,0.316274161443279,0.806027692831348,False,up
WBGene00021640,3,1.0,PFEESA,0.164792451183582,0.806352140631125,False,up
WBGene00015349,3,1.0,PFEESA,-0.0713548105814384,0.806561953710742,False,down
WBGene00016916,3,1.0,PFEESA,0.0958387410715423,0.806949586371212,False,up
WBGene00013994,3,0.9666666666666667,PFEESA,0.0340917988609468,0.807143497134571,False,up
WBGene00011500,3,1.0,PFEESA,0.0537015543133673,0.807967954062246,False,up
WBGene00001518,3,1.0,PFEESA,0.0481794059072796,0.807998980804399,False,up
WBGene00003886,3,1.0,PFEESA,-0.100440224609656,0.808020486033647,False,down
WBGene00044478,3,0.7333333333333333,PFEESA,-0.248366294826572,0.808020486033647,False,down
WBGene00011720,3,1.0,PFEESA,0.041446589498368,0.809447123600793,False,up
WBGene00010038,3,0.9666666666666667,PFEESA,-0.0518259629754689,0.809926525539548,False,down
WBGene00019667,3,1.0,PFEESA,0.212427494549314,0.810141987434862,False,up
WBGene00020822,3,0.9,PFEESA,0.0473194717020565,0.810316898837041,False,up
WBGene00017628,3,1.0,PFEESA,0.245744377087523,0.810413942447912,False,up
WBGene00022802,3,0.9,PFEESA,0.111669115416094,0.810413942447912,False,up
WBGene00021238,3,0.9666666666666667,PFEESA,0.0486370058083692,0.811873437832003,False,up
WBGene00022145,3,1.0,PFEESA,-0.305371476802537,0.812319748198008,False,down
WBGene00016092,3,1.0,PFEESA,-0.246783662785941,0.812619703326964,False,down
WBGene00015270,3,1.0,PFEESA,0.11671527005566,0.812646000059074,False,up
WBGene00013028,3,0.6666666666666666,PFEESA,0.194567572474607,0.81269769477219,False,up
WBGene00019512,3,1.0,PFEESA,0.238309834492248,0.812948519624322,False,up
WBGene00019521,3,1.0,PFEESA,0.0639634974776103,0.81307549023349,False,up
WBGene00020801,3,1.0,PFEESA,0.0796768342250965,0.813112008270001,False,up
WBGene00018716,3,1.0,PFEESA,0.0960584153976643,0.813448612944027,False,up
WBGene00022473,3,0.9,PFEESA,0.0322979378617579,0.814535436943613,False,up
WBGene00012959,3,1.0,PFEESA,-0.632455603481509,0.814535436943613,False,down
WBGene00016003,3,0.9,PFEESA,0.307869280553075,0.814666482580226,False,up
WBGene00018470,3,1.0,PFEESA,0.157138604156767,0.814666482580226,False,up
WBGene00006657,3,1.0,PFEESA,0.0466592139323686,0.814804401735466,False,up
WBGene00009579,3,1.0,PFEESA,-0.0739622026678879,0.814804401735466,False,down
WBGene00018937,3,0.9666666666666667,PFEESA,0.287468463934826,0.814808396081831,False,up
WBGene00005262,3,0.7333333333333333,PFEESA,0.21220251813814,0.814995284832043,False,up
WBGene00009560,3,0.6,PFEESA,0.115600127791737,0.815439283170788,False,up
WBGene00004055,3,0.9666666666666667,PFEESA,0.035989660607395,0.816106058877876,False,up
WBGene00019484,3,1.0,PFEESA,-0.116917673639945,0.816375351542049,False,down
WBGene00013825,3,1.0,PFEESA,0.313258415267009,0.816892281269601,False,up
WBGene00016903,3,0.9,PFEESA,-0.0872412567575619,0.817169036221243,False,down
WBGene00019944,3,0.9333333333333333,PFEESA,0.0633620190769101,0.817192207414446,False,up
WBGene00015536,3,1.0,PFEESA,0.147766060519546,0.81726924105386,False,up
WBGene00004401,3,1.0,PFEESA,0.0791111463841886,0.81726924105386,False,up
WBGene00001557,3,1.0,PFEESA,0.0787721205975855,0.81726924105386,False,up
WBGene00003918,3,0.9,PFEESA,0.0452891547919903,0.81726924105386,False,up
WBGene00016961,3,1.0,PFEESA,0.0311493544687813,0.81726924105386,False,up
WBGene00011317,3,0.9666666666666667,PFEESA,-0.119575422604328,0.81726924105386,False,down
WBGene00008747,3,0.9666666666666667,PFEESA,-0.199282720315012,0.81726924105386,False,down
WBGene00010707,3,0.9,PFEESA,0.471093741333715,0.817519238825566,False,up
WBGene00001437,3,0.7333333333333333,PFEESA,0.317317908344282,0.817519238825566,False,up
WBGene00012818,3,1.0,PFEESA,0.214751048295785,0.817519238825566,False,up
WBGene00045482,3,0.5666666666666667,PFEESA,0.168454829182553,0.817519238825566,False,up
WBGene00001757,3,1.0,PFEESA,0.167619048174124,0.817519238825566,False,up
WBGene00009162,3,0.9333333333333333,PFEESA,0.0772133264350064,0.817519238825566,False,up
WBGene00004735,3,0.6333333333333333,PFEESA,0.0487430222264911,0.817519238825566,False,up
WBGene00006777,3,1.0,PFEESA,0.0375032649121712,0.817519238825566,False,up
WBGene00016966,3,0.7333333333333333,PFEESA,-0.0529293853158742,0.817519238825566,False,down
WBGene00009477,3,0.9,PFEESA,-0.0561363308643453,0.817519238825566,False,down
WBGene00013104,3,1.0,PFEESA,-0.0744472510798196,0.817519238825566,False,down
WBGene00013440,3,1.0,PFEESA,-0.0790786119482502,0.817519238825566,False,down
WBGene00013762,3,0.9,PFEESA,-0.0920013080078648,0.817519238825566,False,down
WBGene00016199,3,0.9666666666666667,PFEESA,-0.191262292415097,0.817519238825566,False,down
WBGene00004898,3,1.0,PFEESA,0.0753514518766554,0.817532528168852,False,up
WBGene00011898,3,1.0,PFEESA,-0.228845658443995,0.817532528168852,False,down
WBGene00013233,3,1.0,PFEESA,0.300949919425048,0.817842468937507,False,up
WBGene00015057,3,0.8333333333333334,PFEESA,-0.0985086283696197,0.817842468937507,False,down
WBGene00009242,3,1.0,PFEESA,-0.2218871243354,0.817842468937507,False,down
WBGene00021121,3,1.0,PFEESA,-0.269081149915871,0.818630267071109,False,down
WBGene00013484,3,1.0,PFEESA,-0.134103427762003,0.818784255557285,False,down
WBGene00008625,3,0.9666666666666667,PFEESA,-0.308086757323251,0.818810130043604,False,down
WBGene00016397,3,1.0,PFEESA,0.0987768521938015,0.819090310081721,False,up
WBGene00014181,3,1.0,PFEESA,0.0757746181929256,0.819511438257792,False,up
WBGene00011327,3,1.0,PFEESA,0.237494170847888,0.819945620905973,False,up
WBGene00007664,3,0.9,PFEESA,0.0603311692571205,0.820473950195158,False,up
WBGene00000466,3,0.9666666666666667,PFEESA,0.0390829169193542,0.820473950195158,False,up
WBGene00086569,3,1.0,PFEESA,0.0987778837501333,0.820882496833393,False,up
WBGene00011217,3,0.9,PFEESA,0.0850698861912049,0.820882496833393,False,up
WBGene00009485,3,0.9,PFEESA,-0.176565619013706,0.820882496833393,False,down
WBGene00000089,3,0.9666666666666667,PFEESA,0.051706200637892,0.820924868831312,False,up
WBGene00019477,3,0.9333333333333333,PFEESA,-0.0573535091988052,0.821052400195855,False,down
WBGene00009308,3,0.9666666666666667,PFEESA,0.385854543179575,0.821329167492539,False,up
WBGene00304203,3,1.0,PFEESA,0.203716146109474,0.821329167492539,False,up
WBGene00003387,3,1.0,PFEESA,-0.0846093276275589,0.821392256429673,False,down
WBGene00009222,3,0.9,PFEESA,0.186039469132694,0.821406888838222,False,up
WBGene00015918,3,0.9,PFEESA,0.412751190286377,0.821816950821897,False,up
WBGene00004148,3,0.9333333333333333,PFEESA,0.0352752742470945,0.821816950821897,False,up
WBGene00022015,3,0.9666666666666667,PFEESA,-0.0329767401727292,0.821816950821897,False,down
WBGene00017507,3,1.0,PFEESA,-0.0540875265526347,0.821816950821897,False,down
WBGene00013964,3,1.0,PFEESA,-0.0672273945909349,0.822257810760655,False,down
WBGene00007506,3,1.0,PFEESA,0.175464332303557,0.822419075604505,False,up
WBGene00012813,3,0.6333333333333333,PFEESA,0.0994062439229215,0.822540068153013,False,up
WBGene00016945,3,1.0,PFEESA,0.0934159727312331,0.822540068153013,False,up
WBGene00010552,3,1.0,PFEESA,0.0536905680476743,0.822540068153013,False,up
WBGene00001615,3,0.7,PFEESA,0.0432346155077272,0.822540068153013,False,up
WBGene00007758,3,0.6666666666666666,PFEESA,-0.204845850917374,0.822540068153013,False,down
WBGene00009964,3,0.8,PFEESA,-0.396855340632294,0.822540068153013,False,down
WBGene00015866,3,1.0,PFEESA,0.050372110879462,0.822548077058913,False,up
WBGene00002227,3,1.0,PFEESA,0.252332580821863,0.823492839033487,False,up
WBGene00017563,3,1.0,PFEESA,-0.108319967940386,0.823492839033487,False,down
WBGene00255605,3,1.0,PFEESA,-0.330387258661036,0.823692631912456,False,down
WBGene00002982,3,1.0,PFEESA,0.0762060622348104,0.823804306297131,False,up
WBGene00004758,3,1.0,PFEESA,0.0334383781745458,0.823804306297131,False,up
WBGene00011545,3,1.0,PFEESA,-0.0714420604345904,0.823804306297131,False,down
WBGene00019231,3,0.7666666666666667,PFEESA,0.222091644142507,0.823982104909812,False,up
WBGene00001821,3,0.7,PFEESA,0.0649276674949719,0.823982104909812,False,up
WBGene00004995,3,0.9,PFEESA,0.0467524723860338,0.824156578886622,False,up
WBGene00009805,3,0.9,PFEESA,0.52688494884514,0.824765179143702,False,up
WBGene00012596,3,1.0,PFEESA,0.194519444737093,0.824848361919433,False,up
WBGene00007053,3,1.0,PFEESA,0.0338102232425545,0.824848361919433,False,up
WBGene00044289,3,1.0,PFEESA,-0.143598815350188,0.824848361919433,False,down
WBGene00005117,3,0.9,PFEESA,-0.642537416341656,0.824993186523825,False,down
WBGene00016121,3,0.9,PFEESA,-0.055568103987347,0.825061561774067,False,down
WBGene00013830,3,1.0,PFEESA,0.183876878061039,0.825707965746068,False,up
WBGene00010328,3,0.9666666666666667,PFEESA,0.108966515402409,0.825744291043908,False,up
WBGene00018286,3,0.6,PFEESA,-0.160644089531298,0.82653728134119,False,down
WBGene00002979,3,0.9333333333333333,PFEESA,-0.0433331326651782,0.827289642423157,False,down
WBGene00016363,3,1.0,PFEESA,0.141252883850913,0.827349016813346,False,up
WBGene00000262,3,0.7333333333333333,PFEESA,0.0680966618712317,0.828291541249109,False,up
WBGene00012394,3,1.0,PFEESA,0.179341671339905,0.828456776349427,False,up
WBGene00006561,3,0.9333333333333333,PFEESA,0.0403251222525944,0.828456776349427,False,up
WBGene00003839,3,1.0,PFEESA,0.0880049754053688,0.828785370013175,False,up
WBGene00003525,3,1.0,PFEESA,-0.434377914488496,0.828785370013175,False,down
WBGene00017580,3,0.6333333333333333,PFEESA,0.0825652173245895,0.829574603799315,False,up
WBGene00019603,3,0.9666666666666667,PFEESA,-0.0991152360235511,0.830129084254564,False,down
WBGene00009625,3,1.0,PFEESA,0.178687368156198,0.830803345423905,False,up
WBGene00007525,3,0.9333333333333333,PFEESA,0.162161922259884,0.831483205580727,False,up
WBGene00008904,3,1.0,PFEESA,0.240130825534853,0.831541676628189,False,up
WBGene00013907,3,0.9,PFEESA,0.299797464451125,0.832011095886762,False,up
WBGene00194909,3,0.9666666666666667,PFEESA,0.0946228749200212,0.832011095886762,False,up
WBGene00013198,3,1.0,PFEESA,0.107375481114514,0.832322048276842,False,up
WBGene00021201,3,0.9333333333333333,PFEESA,0.1406092067104,0.832618409950119,False,up
WBGene00021984,3,0.9,PFEESA,0.0921674091630895,0.832618409950119,False,up
WBGene00009435,3,0.6333333333333333,PFEESA,0.0628433690366592,0.832618409950119,False,up
WBGene00010308,3,0.6333333333333333,PFEESA,0.0552838916080065,0.832618409950119,False,up
WBGene00008802,3,1.0,PFEESA,-0.161055664590152,0.832618409950119,False,down
WBGene00008892,3,1.0,PFEESA,0.275391573187692,0.832717503994942,False,up
WBGene00019352,3,1.0,PFEESA,0.132477145406442,0.832965717456181,False,up
WBGene00023520,3,0.9666666666666667,PFEESA,0.0675388228516265,0.832965717456181,False,up
WBGene00009582,3,1.0,PFEESA,0.0504760894624644,0.83350476015929,False,up
WBGene00019753,3,0.7666666666666667,PFEESA,0.0805346696646263,0.83360892984076,False,up
WBGene00009601,3,1.0,PFEESA,0.175274171143818,0.833649595293218,False,up
WBGene00008130,3,1.0,PFEESA,0.148205264686365,0.833649595293218,False,up
WBGene00018033,3,1.0,PFEESA,-0.0501144348622137,0.833649595293218,False,down
WBGene00008415,3,0.9,PFEESA,-0.0567603365695391,0.833649595293218,False,down
WBGene00016872,3,0.9,PFEESA,-0.0967562871603952,0.833649595293218,False,down
WBGene00195142,3,1.0,PFEESA,0.091641954418385,0.833664114701457,False,up
WBGene00016514,3,1.0,PFEESA,0.12926837464237,0.833689995463917,False,up
WBGene00014196,3,1.0,PFEESA,-0.161535590485638,0.833689995463917,False,down
WBGene00086546,3,1.0,PFEESA,0.0498912858368095,0.834210056091598,False,up
WBGene00013040,3,1.0,PFEESA,0.038983642067208,0.83482578768831,False,up
WBGene00018586,3,1.0,PFEESA,0.0324314999418445,0.83482578768831,False,up
WBGene00003401,3,1.0,PFEESA,0.0285422649913486,0.83482578768831,False,up
WBGene00010884,3,1.0,PFEESA,-0.0790342565819521,0.83482578768831,False,down
WBGene00007832,3,0.7333333333333333,PFEESA,-0.342983962486872,0.83482578768831,False,down
WBGene00007026,3,1.0,PFEESA,-0.0643508839006784,0.834862331423417,False,down
WBGene00012178,3,0.9666666666666667,PFEESA,-0.116835206206851,0.834862331423417,False,down
WBGene00013576,3,0.9333333333333333,PFEESA,-0.0797183959361227,0.834863371336824,False,down
WBGene00012245,3,1.0,PFEESA,-0.0420824542907572,0.835305155379181,False,down
WBGene00001788,3,0.9,PFEESA,-0.0846216377869108,0.835305155379181,False,down
WBGene00009920,3,0.9666666666666667,PFEESA,0.0480325948027885,0.835554322253489,False,up
WBGene00044183,3,1.0,PFEESA,-0.389024085858725,0.835554322253489,False,down
WBGene00007868,3,1.0,PFEESA,0.315279112753326,0.835993460274488,False,up
WBGene00022111,3,0.6666666666666666,PFEESA,0.147590669129021,0.835993460274488,False,up
WBGene00023498,3,1.0,PFEESA,0.0415718565217825,0.835993460274488,False,up
WBGene00017429,3,0.5333333333333333,PFEESA,-0.0681621195126045,0.835993460274488,False,down
WBGene00010907,3,1.0,PFEESA,-0.0851815794677297,0.835993460274488,False,down
WBGene00017583,3,1.0,PFEESA,0.0473713454332461,0.83614761315013,False,up
WBGene00020690,3,1.0,PFEESA,-0.132816628382527,0.836220651820963,False,down
WBGene00013518,3,1.0,PFEESA,-0.0472365482618712,0.836471380376118,False,down
WBGene00013489,3,0.6333333333333333,PFEESA,0.065456674924943,0.836604234497472,False,up
WBGene00003938,3,1.0,PFEESA,-0.249684179342184,0.836604234497472,False,down
WBGene00013865,3,1.0,PFEESA,-0.291470069022705,0.836604234497472,False,down
WBGene00018266,3,1.0,PFEESA,0.0524433958669412,0.83698740262839,False,up
WBGene00008691,3,1.0,PFEESA,0.068973176690799,0.837093280747235,False,up
WBGene00017578,3,1.0,PFEESA,-0.0546794119068562,0.837673867678594,False,down
WBGene00001971,3,0.9,PFEESA,-0.025889171410388,0.838038227305513,False,down
WBGene00021576,3,0.9,PFEESA,0.254192496432289,0.838337865934086,False,up
WBGene00021516,3,1.0,PFEESA,0.191043406758559,0.838337865934086,False,up
WBGene00005542,3,1.0,PFEESA,0.168824163358697,0.838337865934086,False,up
WBGene00194905,3,1.0,PFEESA,0.147214720372233,0.838337865934086,False,up
WBGene00012632,3,1.0,PFEESA,0.0803380130293138,0.838337865934086,False,up
WBGene00006843,3,0.9666666666666667,PFEESA,0.054237146943202,0.838337865934086,False,up
WBGene00022410,3,1.0,PFEESA,0.0446408618129161,0.838337865934086,False,up
WBGene00002132,3,1.0,PFEESA,-0.0464454360320818,0.838337865934086,False,down
WBGene00012014,3,1.0,PFEESA,-0.0536641063662645,0.838337865934086,False,down
WBGene00018859,3,1.0,PFEESA,-0.146988846659466,0.838337865934086,False,down
WBGene00011869,3,1.0,PFEESA,-0.0385842753035571,0.838737266109789,False,down
WBGene00012137,3,1.0,PFEESA,0.127302187831773,0.839133862450781,False,up
WBGene00013710,3,1.0,PFEESA,0.235949177650321,0.839461604209475,False,up
WBGene00021596,3,1.0,PFEESA,-0.125496343436567,0.839660913851123,False,down
WBGene00012629,3,1.0,PFEESA,-0.176372954080089,0.839918489740157,False,down
WBGene00011028,3,1.0,PFEESA,-0.0595915986531035,0.840079934868135,False,down
WBGene00044353,3,1.0,PFEESA,0.140293359671792,0.840802561836564,False,up
WBGene00004096,3,1.0,PFEESA,0.111170411823119,0.840802561836564,False,up
WBGene00043067,3,1.0,PFEESA,0.0986796209298237,0.840802561836564,False,up
WBGene00018728,3,1.0,PFEESA,0.0986246717280072,0.840802561836564,False,up
WBGene00015218,3,1.0,PFEESA,0.0888804950760898,0.840802561836564,False,up
WBGene00017290,3,1.0,PFEESA,0.064176479494109,0.840802561836564,False,up
WBGene00006874,3,0.6333333333333333,PFEESA,0.0433649202676108,0.840802561836564,False,up
WBGene00006655,3,1.0,PFEESA,-0.045091421745184,0.840802561836564,False,down
WBGene00008961,3,1.0,PFEESA,-0.161051395424872,0.840802561836564,False,down
WBGene00011595,3,0.7,PFEESA,-0.18369052838875,0.840802561836564,False,down
WBGene00019018,3,0.7,PFEESA,0.0387180675090123,0.840905742337166,False,up
WBGene00005713,3,1.0,PFEESA,0.143008407228503,0.841116000767777,False,up
WBGene00004979,3,1.0,PFEESA,0.0508104760284375,0.841116000767777,False,up
WBGene00015161,3,1.0,PFEESA,0.0398759657711902,0.841116000767777,False,up
WBGene00016247,3,1.0,PFEESA,0.238842279594318,0.841409940634198,False,up
WBGene00008266,3,1.0,PFEESA,-0.0381305944510557,0.841409940634198,False,down
WBGene00000554,3,1.0,PFEESA,0.0363505993937157,0.842255200132936,False,up
WBGene00019456,3,0.7666666666666667,PFEESA,0.0523863833695404,0.843143318836103,False,up
WBGene00013127,3,0.9,PFEESA,0.122176639343102,0.843547617635561,False,up
WBGene00003849,3,1.0,PFEESA,0.0560375840388225,0.843547617635561,False,up
WBGene00004281,3,0.9,PFEESA,-0.0866455116407522,0.843562997853825,False,down
WBGene00003370,3,1.0,PFEESA,0.0463940686409345,0.844373377113973,False,up
WBGene00000662,3,1.0,PFEESA,0.173443391799529,0.844399632475593,False,up
WBGene00009618,3,1.0,PFEESA,0.0703966441110591,0.844477125064764,False,up
WBGene00016622,3,1.0,PFEESA,0.0359219204511695,0.844477125064764,False,up
WBGene00012860,3,1.0,PFEESA,0.0334845628676845,0.844477125064764,False,up
WBGene00010856,3,0.9666666666666667,PFEESA,0.0756442975112665,0.844479321102315,False,up
WBGene00020846,3,1.0,PFEESA,-0.156937763278655,0.844781856668622,False,down
WBGene00001510,3,1.0,PFEESA,0.0425743639078644,0.844805581700796,False,up
WBGene00019261,3,0.9,PFEESA,-0.0376534362942115,0.844831383522288,False,down
WBGene00008510,3,1.0,PFEESA,-0.043501314763528,0.844831383522288,False,down
WBGene00015471,3,1.0,PFEESA,-0.054370881109828,0.844915100748817,False,down
WBGene00012938,3,1.0,PFEESA,0.154082196120371,0.844962716928425,False,up
WBGene00011829,3,0.9,PFEESA,-0.113315145403649,0.845484126757719,False,down
WBGene00017471,3,1.0,PFEESA,0.0946556029420857,0.845721327620211,False,up
WBGene00044582,3,1.0,PFEESA,-0.0900611390865468,0.845879334946636,False,down
WBGene00018609,3,1.0,PFEESA,-0.0514256973988085,0.846918376438419,False,down
WBGene00008392,3,0.9333333333333333,PFEESA,0.0693945181078253,0.847326664971507,False,up
WBGene00044736,3,1.0,PFEESA,0.176042660431346,0.847479556548693,False,up
WBGene00044780,3,0.9666666666666667,PFEESA,0.142871877862244,0.847479556548693,False,up
WBGene00020865,3,0.8333333333333334,PFEESA,-0.0767327469618555,0.847479556548693,False,down
WBGene00045215,3,1.0,PFEESA,0.295875184120134,0.847540738891782,False,up
WBGene00012347,3,1.0,PFEESA,0.032100018254988,0.847540738891782,False,up
WBGene00017361,3,0.6333333333333333,PFEESA,0.173913553122045,0.847558944152877,False,up
WBGene00015539,3,0.9666666666666667,PFEESA,0.0578784161410452,0.849177314823797,False,up
WBGene00007763,3,0.8333333333333334,PFEESA,-0.372648278197694,0.849177314823797,False,down
WBGene00003644,3,0.9,PFEESA,0.12015239369681,0.849236824972226,False,up
WBGene00001988,3,1.0,PFEESA,-0.0769572223589202,0.849236824972226,False,down
WBGene00021980,3,1.0,PFEESA,0.0668793808311074,0.849804682163464,False,up
WBGene00018727,3,1.0,PFEESA,0.155203874932135,0.850170567965289,False,up
WBGene00003840,3,0.9666666666666667,PFEESA,-0.124799616746018,0.850170567965289,False,down
WBGene00044035,3,1.0,PFEESA,-0.172266245955214,0.850745882580686,False,down
WBGene00005362,3,1.0,PFEESA,0.18222347933475,0.851699848924817,False,up
WBGene00000035,3,0.9,PFEESA,0.0411052116442826,0.852289470598994,False,up
WBGene00001709,3,1.0,PFEESA,0.0555254349963222,0.852412387400251,False,up
WBGene00007389,3,1.0,PFEESA,-0.0504671269062766,0.852848752248398,False,down
WBGene00013662,3,0.7333333333333333,PFEESA,-0.100239794010737,0.852848752248398,False,down
WBGene00001924,3,1.0,PFEESA,0.0992519185911947,0.853417294521036,False,up
WBGene00007799,3,0.9333333333333333,PFEESA,0.0294047759338553,0.853518360933256,False,up
WBGene00044421,3,1.0,PFEESA,-0.0935595520755331,0.853518360933256,False,down
WBGene00018954,3,0.9666666666666667,PFEESA,0.0793548223638238,0.853724650072439,False,up
WBGene00019997,3,1.0,PFEESA,-0.133480366716192,0.85442512585632,False,down
WBGene00012605,3,1.0,PFEESA,-0.173529639755184,0.854486014556391,False,down
WBGene00009406,3,1.0,PFEESA,0.0707193589519691,0.854799565081099,False,up
WBGene00022648,3,0.6333333333333333,PFEESA,0.132503537854204,0.854850389628762,False,up
WBGene00000738,3,0.7666666666666667,PFEESA,-0.306552528407467,0.855068197283631,False,down
WBGene00000698,3,1.0,PFEESA,0.160877821372098,0.85576205787853,False,up
WBGene00019438,3,1.0,PFEESA,0.153591127086484,0.85576205787853,False,up
WBGene00001594,3,1.0,PFEESA,-0.0393547009849157,0.855805347683485,False,down
WBGene00045013,3,1.0,PFEESA,0.0707012860843471,0.855967433601857,False,up
WBGene00000438,3,0.9,PFEESA,0.0649229217465847,0.855967433601857,False,up
WBGene00009523,3,1.0,PFEESA,-0.150127215235353,0.855967433601857,False,down
WBGene00022263,3,0.9666666666666667,PFEESA,0.161874789166118,0.856398343220154,False,up
WBGene00012948,3,1.0,PFEESA,-0.0585068500602252,0.856496795588906,False,down
WBGene00017756,3,0.7666666666666667,PFEESA,-0.107659467644454,0.856496795588906,False,down
WBGene00009544,3,1.0,PFEESA,0.0692258424769284,0.85668411433049,False,up
WBGene00013828,3,1.0,PFEESA,-0.180083937183394,0.857053643191402,False,down
WBGene00010341,3,0.6333333333333333,PFEESA,-0.0826347095072596,0.858093804503128,False,down
WBGene00001777,3,1.0,PFEESA,-0.190866308379424,0.858093804503128,False,down
WBGene00269387,3,0.9333333333333333,PFEESA,-0.165040355163782,0.85817400303216,False,down
WBGene00021643,3,1.0,PFEESA,-0.0796492571346141,0.858726608979684,False,down
WBGene00003669,3,1.0,PFEESA,0.0600284071785082,0.858922386341339,False,up
WBGene00206529,3,1.0,PFEESA,-0.152056604286945,0.858922386341339,False,down
WBGene00021491,3,1.0,PFEESA,-0.303091873894378,0.858922386341339,False,down
WBGene00004045,3,0.9666666666666667,PFEESA,0.0427138735453014,0.859078449408728,False,up
WBGene00011948,3,0.9666666666666667,PFEESA,0.177277971177129,0.859872604116494,False,up
WBGene00022719,3,1.0,PFEESA,0.0302044159547699,0.859872604116494,False,up
WBGene00012348,3,0.7,PFEESA,0.0252338350520717,0.859872604116494,False,up
WBGene00019821,3,0.9,PFEESA,-0.0285726262900162,0.859872604116494,False,down
WBGene00022868,3,1.0,PFEESA,-0.0677958584083187,0.859872604116494,False,down
WBGene00008230,3,0.9,PFEESA,0.196241473530851,0.860032522486154,False,up
WBGene00008314,3,1.0,PFEESA,0.089921285887591,0.860032522486154,False,up
WBGene00013708,3,0.9333333333333333,PFEESA,0.0486229526395905,0.860032522486154,False,up
WBGene00021977,3,0.9333333333333333,PFEESA,0.13526180988452,0.86023748866718,False,up
WBGene00007518,3,0.9333333333333333,PFEESA,0.104781430195911,0.86023748866718,False,up
WBGene00022506,3,1.0,PFEESA,0.197769719473163,0.86041125215778,False,up
WBGene00019718,3,1.0,PFEESA,-0.143928147937459,0.861123242004823,False,down
WBGene00009558,3,1.0,PFEESA,-0.0430960709115888,0.861812566505101,False,down
WBGene00005481,3,1.0,PFEESA,-0.224919124823322,0.861866160518175,False,down
WBGene00016005,3,0.9,PFEESA,0.0583340526772816,0.861919675060399,False,up
WBGene00016792,3,1.0,PFEESA,0.032909144346462,0.861919675060399,False,up
WBGene00011996,3,0.9,PFEESA,0.102524690657874,0.862154022008299,False,up
WBGene00016038,3,1.0,PFEESA,0.0305332203827387,0.862154022008299,False,up
WBGene00022696,3,1.0,PFEESA,-0.0617619736649503,0.862295072438876,False,down
WBGene00002093,3,1.0,PFEESA,0.168698487483159,0.862334474082336,False,up
WBGene00018268,3,0.5,PFEESA,0.125037494000413,0.863367700365811,False,up
WBGene00012151,3,1.0,PFEESA,-0.10251225153519,0.864020341314323,False,down
WBGene00018259,3,1.0,PFEESA,0.0544261801242913,0.864175456614671,False,up
WBGene00005032,3,0.9,PFEESA,0.129774217907137,0.864706891211648,False,up
WBGene00014090,3,0.9333333333333333,PFEESA,-0.045608911625168,0.86534870542101,False,down
WBGene00013257,3,1.0,PFEESA,0.0885747039535088,0.86539000210632,False,up
WBGene00077522,3,0.8666666666666667,PFEESA,-0.173652691520059,0.865587043686907,False,down
WBGene00013490,3,0.9666666666666667,PFEESA,-0.139076380928507,0.865702528590348,False,down
WBGene00009350,3,0.9333333333333333,PFEESA,0.0935787612331254,0.866911703320952,False,up
WBGene00007620,3,0.9666666666666667,PFEESA,0.0354841784263927,0.867040427944479,False,up
WBGene00014101,3,1.0,PFEESA,0.0505847157811915,0.867062872892284,False,up
WBGene00219423,3,0.9,PFEESA,0.19595607419064,0.867614254474528,False,up
WBGene00044742,3,1.0,PFEESA,0.119893138196524,0.867614254474528,False,up
WBGene00016801,3,1.0,PFEESA,-0.0648181686324334,0.867980036978105,False,down
WBGene00016522,3,1.0,PFEESA,0.099644916145363,0.869873747422413,False,up
WBGene00011838,3,1.0,PFEESA,0.0473255764218945,0.870103249177429,False,up
WBGene00044510,3,1.0,PFEESA,-0.147006614402664,0.870339837227741,False,down
WBGene00010574,3,1.0,PFEESA,0.26844441357121,0.870541533895496,False,up
WBGene00009808,3,1.0,PFEESA,0.132729931639758,0.870716937470588,False,up
WBGene00011578,3,0.8666666666666667,PFEESA,-0.104848400429795,0.870765791715798,False,down
WBGene00016665,3,1.0,PFEESA,-0.163995622935661,0.871110030069734,False,down
WBGene00010803,3,0.9,PFEESA,0.0403993347949333,0.871195507307377,False,up
WBGene00001723,3,1.0,PFEESA,0.142808319252343,0.872722473272798,False,up
WBGene00009331,3,1.0,PFEESA,0.106312933892572,0.872866788967747,False,up
WBGene00018311,3,1.0,PFEESA,0.0768981733748581,0.873085124159654,False,up
WBGene00003694,3,1.0,PFEESA,0.0439881600154398,0.873370586869622,False,up
WBGene00000293,3,0.6,PFEESA,0.0233232181905353,0.873529462690012,False,up
WBGene00018468,3,1.0,PFEESA,0.0589873174656694,0.873571181182907,False,up
WBGene00007711,3,1.0,PFEESA,0.0408583425158633,0.873571181182907,False,up
WBGene00015574,3,0.9,PFEESA,-0.157315581735724,0.873571181182907,False,down
WBGene00045405,3,0.9333333333333333,PFEESA,0.213382629960728,0.873713901019629,False,up
WBGene00016744,3,1.0,PFEESA,0.0970467644791246,0.873713901019629,False,up
WBGene00013701,3,0.7,PFEESA,0.069838038351515,0.873713901019629,False,up
WBGene00012606,3,1.0,PFEESA,0.0584630890344058,0.873713901019629,False,up
WBGene00008570,3,1.0,PFEESA,0.0467150148316602,0.873713901019629,False,up
WBGene00006831,3,0.9666666666666667,PFEESA,0.0297066346595632,0.87441131961984,False,up
WBGene00003166,3,1.0,PFEESA,-0.0274015131409868,0.87441131961984,False,down
WBGene00008831,3,1.0,PFEESA,-0.152427061894464,0.874966471484844,False,down
WBGene00018410,3,1.0,PFEESA,-0.188853075517198,0.875573358636654,False,down
WBGene00021756,3,1.0,PFEESA,-0.0357472346828861,0.876856261435639,False,down
WBGene00015914,3,1.0,PFEESA,0.17506680229511,0.877128654282876,False,up
WBGene00018740,3,0.9,PFEESA,0.025533252913188,0.877564195553715,False,up
WBGene00013698,3,1.0,PFEESA,0.113235759354328,0.878140484434646,False,up
WBGene00044795,3,1.0,PFEESA,0.0534116028980072,0.878175501546505,False,up
WBGene00003031,3,1.0,PFEESA,0.065182350247204,0.878293056313613,False,up
WBGene00003645,3,0.9,PFEESA,0.0626180037616091,0.878307914387917,False,up
WBGene00004856,3,1.0,PFEESA,-0.0524072575210589,0.878379978448526,False,down
WBGene00271788,3,1.0,PFEESA,-0.158484119211235,0.878478988662396,False,down
WBGene00008652,3,1.0,PFEESA,-0.193182028343781,0.878720317749332,False,down
WBGene00012821,3,0.8666666666666667,PFEESA,0.0828944141427387,0.878875977150338,False,up
WBGene00007338,3,1.0,PFEESA,0.0788536434270445,0.878875977150338,False,up
WBGene00010335,3,1.0,PFEESA,-0.0622143396078806,0.878930404885883,False,down
WBGene00000454,3,1.0,PFEESA,0.0703428589654809,0.879524180994695,False,up
WBGene00013164,3,1.0,PFEESA,-0.0395789100572479,0.880362161624409,False,down
WBGene00019979,3,0.5,PFEESA,0.105453631717965,0.880586836339623,False,up
WBGene00001586,3,1.0,PFEESA,-0.0503915849688268,0.880787081366641,False,down
WBGene00000584,3,0.9,PFEESA,-0.0818489660290614,0.881113102421078,False,down
WBGene00004033,3,0.9,PFEESA,0.025024984293365,0.881544196421561,False,up
WBGene00019067,3,1.0,PFEESA,-0.0732390071725311,0.881544196421561,False,down
WBGene00044514,3,0.9333333333333333,PFEESA,-0.243875333873544,0.882050673468076,False,down
WBGene00004912,3,1.0,PFEESA,-0.0401494195244075,0.882542648227237,False,down
WBGene00016172,3,0.9,PFEESA,0.0475053056470749,0.882569298730765,False,up
WBGene00001664,3,1.0,PFEESA,-0.0693513414859374,0.882569298730765,False,down
WBGene00019624,3,1.0,PFEESA,-0.0783935441505654,0.882569298730765,False,down
WBGene00000051,3,0.9,PFEESA,-0.0475410071575047,0.882618371012815,False,down
WBGene00011082,3,1.0,PFEESA,-0.0934629913487061,0.882618371012815,False,down
WBGene00000701,3,1.0,PFEESA,0.201810283877299,0.882647845156545,False,up
WBGene00002259,3,1.0,PFEESA,0.0829194295292978,0.882687443136345,False,up
WBGene00021163,3,1.0,PFEESA,0.0894058161992937,0.883176082605633,False,up
WBGene00022027,3,1.0,PFEESA,-0.0278636776613587,0.883176082605633,False,down
WBGene00006374,3,1.0,PFEESA,-0.112033256067205,0.883856648783557,False,down
WBGene00007597,3,1.0,PFEESA,-0.126538589798536,0.884555313071064,False,down
WBGene00019565,3,1.0,PFEESA,-0.172571137962798,0.884555313071064,False,down
WBGene00014697,3,1.0,PFEESA,0.0844078939100093,0.884636292448158,False,up
WBGene00003185,3,1.0,PFEESA,0.0311987744100377,0.884974184476694,False,up
WBGene00015735,3,1.0,PFEESA,-0.0234203431172624,0.884974184476694,False,down
WBGene00011579,3,1.0,PFEESA,-0.0434659901043382,0.885275800467321,False,down
WBGene00021910,3,0.7,PFEESA,0.0279225602348689,0.885396280376999,False,up
WBGene00010806,3,1.0,PFEESA,0.0193806850345821,0.885931165294191,False,up
WBGene00021158,3,1.0,PFEESA,0.0610173058133337,0.886658002285446,False,up
WBGene00019513,3,0.9,PFEESA,0.0350553131962767,0.88709503438319,False,up
WBGene00001453,3,0.9666666666666667,PFEESA,-0.0434041941655835,0.887100011194711,False,down
WBGene00010475,3,1.0,PFEESA,0.0623764049845704,0.887579784327083,False,up
WBGene00013008,3,1.0,PFEESA,0.0846023220972456,0.887597819477085,False,up
WBGene00001434,3,1.0,PFEESA,-0.0651929883020455,0.887597819477085,False,down
WBGene00235274,3,1.0,PFEESA,-0.093891853675162,0.887597819477085,False,down
WBGene00017250,3,1.0,PFEESA,0.148448639618623,0.88802183214868,False,up
WBGene00018103,3,1.0,PFEESA,0.229031759124682,0.888550752267559,False,up
WBGene00011465,3,1.0,PFEESA,0.140464773010732,0.888682753678299,False,up
WBGene00000902,3,1.0,PFEESA,0.0665598164189363,0.888682753678299,False,up
WBGene00008476,3,1.0,PFEESA,-0.0707024154842825,0.888682753678299,False,down
WBGene00008680,3,0.9,PFEESA,-0.291969072904635,0.888682753678299,False,down
WBGene00005758,3,0.9666666666666667,PFEESA,0.115673720080198,0.889359914719431,False,up
WBGene00011124,3,0.9666666666666667,PFEESA,0.108871830021287,0.889359914719431,False,up
WBGene00001991,3,1.0,PFEESA,0.0856115134528324,0.889359914719431,False,up
WBGene00011956,3,1.0,PFEESA,0.0396607114945504,0.889359914719431,False,up
WBGene00000109,3,1.0,PFEESA,0.0351727089387219,0.889359914719431,False,up
WBGene00006352,3,1.0,PFEESA,0.0186915872022112,0.889359914719431,False,up
WBGene00011809,3,1.0,PFEESA,-0.204863409740927,0.889359914719431,False,down
WBGene00016157,3,1.0,PFEESA,0.0227741664112762,0.889445742462313,False,up
WBGene00018108,3,0.9,PFEESA,-0.212545091263246,0.889741297513694,False,down
WBGene00023431,3,1.0,PFEESA,0.140242282162703,0.88989413247697,False,up
WBGene00003656,3,1.0,PFEESA,-0.0480328657614594,0.88989413247697,False,down
WBGene00000677,3,1.0,PFEESA,0.045587423642818,0.889907189158739,False,up
WBGene00019391,3,1.0,PFEESA,0.169713921888553,0.890014508243984,False,up
WBGene00008304,3,0.9,PFEESA,-0.134438624162233,0.890114020152157,False,down
WBGene00007437,3,1.0,PFEESA,0.23141762182634,0.890282453691856,False,up
WBGene00000180,3,0.5333333333333333,PFEESA,-0.023107844473736,0.890282453691856,False,down
WBGene00001171,3,0.9666666666666667,PFEESA,-0.0310283069473003,0.890282453691856,False,down
WBGene00005653,3,1.0,PFEESA,-0.123054303689005,0.890324627197049,False,down
WBGene00008975,3,1.0,PFEESA,0.0463529861354341,0.89062072405474,False,up
WBGene00016367,3,1.0,PFEESA,0.0767004219146564,0.890694376143967,False,up
WBGene00021264,3,0.9,PFEESA,0.056917395299401,0.891295572700895,False,up
WBGene00012859,3,0.7333333333333333,PFEESA,-0.0486771251938747,0.891453567837113,False,down
WBGene00017823,3,1.0,PFEESA,0.151698906817431,0.891855498612797,False,up
WBGene00008726,3,0.9666666666666667,PFEESA,-0.084411654064754,0.891855498612797,False,down
WBGene00012448,3,1.0,PFEESA,-0.234472031387723,0.891855498612797,False,down
WBGene00015786,3,0.9,PFEESA,-0.0549960940257821,0.891886076826738,False,down
WBGene00017673,3,1.0,PFEESA,0.146722082838458,0.892126972924473,False,up
WBGene00044304,3,1.0,PFEESA,0.061102594074265,0.892126972924473,False,up
WBGene00001398,3,1.0,PFEESA,0.0461831022902754,0.892126972924473,False,up
WBGene00017367,3,0.7,PFEESA,0.0444036243640224,0.892126972924473,False,up
WBGene00019847,3,0.9666666666666667,PFEESA,0.0354606906959307,0.892126972924473,False,up
WBGene00044245,3,1.0,PFEESA,0.286469146793089,0.892241176098649,False,up
WBGene00000284,3,0.9,PFEESA,0.0358502359894663,0.892433176310619,False,up
WBGene00012546,3,0.9,PFEESA,0.0500379803356097,0.892500143382804,False,up
WBGene00001135,3,1.0,PFEESA,0.0333151948027559,0.893443301696217,False,up
WBGene00021666,3,0.9666666666666667,PFEESA,0.0518286116320557,0.895085539582457,False,up
WBGene00009885,3,1.0,PFEESA,-0.0530685904711304,0.895085539582457,False,down
WBGene00000193,3,1.0,PFEESA,-0.0681780047895106,0.895085539582457,False,down
WBGene00000905,3,0.5333333333333333,PFEESA,-0.0907617287982786,0.895085539582457,False,down
WBGene00021239,3,0.8666666666666667,PFEESA,0.0335148241661735,0.895374406206378,False,up
WBGene00022330,3,0.9,PFEESA,-0.0764246015360029,0.896339940722894,False,down
WBGene00016546,3,1.0,PFEESA,-0.150663884015438,0.896339940722894,False,down
WBGene00016207,3,0.9,PFEESA,0.150003784298583,0.89676364561579,False,up
WBGene00001751,3,0.7333333333333333,PFEESA,0.0595821703304112,0.89676364561579,False,up
WBGene00018819,3,1.0,PFEESA,0.02593747061314,0.89676364561579,False,up
WBGene00044586,3,1.0,PFEESA,-0.0847849705606789,0.89676364561579,False,down
WBGene00011566,3,0.9666666666666667,PFEESA,0.114566181427839,0.897010200346629,False,up
WBGene00002211,3,1.0,PFEESA,0.0759043706636565,0.897015267075426,False,up
WBGene00012993,3,1.0,PFEESA,0.0616231618779138,0.897175542030094,False,up
WBGene00008804,3,1.0,PFEESA,-0.086789289649245,0.897175542030094,False,down
WBGene00007484,3,1.0,PFEESA,-0.193414833660213,0.897175542030094,False,down
WBGene00045418,3,0.9,PFEESA,-0.0254567873457721,0.897192478997771,False,down
WBGene00016443,3,1.0,PFEESA,-0.0276730987778895,0.897267400008697,False,down
WBGene00020663,3,1.0,PFEESA,-0.108451115753767,0.897267400008697,False,down
WBGene00013718,3,1.0,PFEESA,0.0249843334395618,0.898927010530055,False,up
WBGene00000975,3,1.0,PFEESA,0.0452860366420711,0.899033125920879,False,up
WBGene00001541,3,1.0,PFEESA,-0.0586501571384897,0.899033125920879,False,down
WBGene00021127,3,0.9,PFEESA,0.0694883776283576,0.899054365357249,False,up
WBGene00000500,3,1.0,PFEESA,0.0274892859798759,0.899054365357249,False,up
WBGene00011957,3,1.0,PFEESA,0.114477196638948,0.899270828939629,False,up
WBGene00020339,3,1.0,PFEESA,-0.069633240258903,0.899270828939629,False,down
WBGene00003404,3,1.0,PFEESA,-0.0282512779797157,0.899307670931291,False,down
WBGene00021468,3,1.0,PFEESA,0.0374359570899562,0.899368676840559,False,up
WBGene00017807,3,1.0,PFEESA,0.151344012419566,0.899729765262423,False,up
WBGene00006505,3,0.5333333333333333,PFEESA,0.0749199453042748,0.899729765262423,False,up
WBGene00022295,3,1.0,PFEESA,-0.0650248942749983,0.899774793328478,False,down
WBGene00010807,3,1.0,PFEESA,-0.0261379575853232,0.899865334110998,False,down
WBGene00011593,3,1.0,PFEESA,0.0811267518092666,0.900758132814462,False,up
WBGene00018074,3,1.0,PFEESA,-0.053895501155449,0.900758132814462,False,down
WBGene00303011,3,1.0,PFEESA,-0.0431082659538795,0.900795158361201,False,down
WBGene00020247,3,0.9,PFEESA,0.101366091124838,0.901618219585453,False,up
WBGene00014200,3,0.9,PFEESA,0.086810150948319,0.901618219585453,False,up
WBGene00007595,3,1.0,PFEESA,0.080619630313802,0.901618219585453,False,up
WBGene00016703,3,1.0,PFEESA,0.0679369860259434,0.901618219585453,False,up
WBGene00235340,3,1.0,PFEESA,0.0402051282499348,0.901618219585453,False,up
WBGene00012631,3,1.0,PFEESA,-0.19867859721175,0.901618219585453,False,down
WBGene00016619,3,1.0,PFEESA,-0.0528637669158344,0.901697779192399,False,down
WBGene00006862,3,1.0,PFEESA,0.0420415095047766,0.901840417505825,False,up
WBGene00001554,3,0.9666666666666667,PFEESA,-0.115684633764327,0.902070534747443,False,down
WBGene00007363,3,0.6333333333333333,PFEESA,-0.0349962291615314,0.903063051035722,False,down
WBGene00008358,3,0.9666666666666667,PFEESA,0.0588142632393438,0.90319314056015,False,up
WBGene00008989,3,1.0,PFEESA,0.108661125433058,0.903734907993104,False,up
WBGene00044534,3,0.9333333333333333,PFEESA,0.101272986719048,0.903734907993104,False,up
WBGene00012222,3,0.9333333333333333,PFEESA,0.0461532648652976,0.903734907993104,False,up
WBGene00017778,3,1.0,PFEESA,0.0204572887078592,0.903734907993104,False,up
WBGene00018522,3,1.0,PFEESA,0.0203852278435828,0.903734907993104,False,up
WBGene00001131,3,0.5,PFEESA,-0.021772024834382,0.903734907993104,False,down
WBGene00019776,3,0.9666666666666667,PFEESA,-0.0755059792335715,0.903734907993104,False,down
WBGene00018610,3,0.9333333333333333,PFEESA,-0.0393676825090325,0.90374526829162,False,down
WBGene00014030,3,0.9,PFEESA,0.0989690244036753,0.903879963786442,False,up
WBGene00043981,3,1.0,PFEESA,-0.250135049246221,0.903879963786442,False,down
WBGene00017298,3,1.0,PFEESA,-0.0230977732208226,0.904749198526179,False,down
WBGene00002151,3,0.9666666666666667,PFEESA,0.0497813003583625,0.905667053310993,False,up
WBGene00235330,3,0.9,PFEESA,-0.138714951866793,0.90591911234354,False,down
WBGene00010315,3,1.0,PFEESA,-0.0423119826227764,0.906152196543804,False,down
WBGene00009172,3,0.9,PFEESA,0.030585056815106,0.906416078193017,False,up
WBGene00008591,3,0.9333333333333333,PFEESA,-0.200830145788392,0.906416078193017,False,down
WBGene00016630,3,0.9666666666666667,PFEESA,0.0446138873767498,0.906504340445725,False,up
WBGene00009729,3,1.0,PFEESA,-0.059473292895857,0.906504340445725,False,down
WBGene00008617,3,0.9,PFEESA,-0.146511790573939,0.906504340445725,False,down
WBGene00007076,3,0.9,PFEESA,-0.0411503734280679,0.907397643528957,False,down
WBGene00015468,3,0.9666666666666667,PFEESA,0.021103005612567,0.907571104374282,False,up
WBGene00007511,3,0.9666666666666667,PFEESA,-0.0422333031913576,0.907598489365695,False,down
WBGene00000938,3,1.0,PFEESA,0.0195869419862986,0.907731804273281,False,up
WBGene00012885,3,0.9333333333333333,PFEESA,-0.0300701871404482,0.907731804273281,False,down
WBGene00019296,3,1.0,PFEESA,-0.0270536289314277,0.907792488103604,False,down
WBGene00020878,3,1.0,PFEESA,0.11407820518772,0.908246476191,False,up
WBGene00000912,3,0.7333333333333333,PFEESA,-0.0331217901537466,0.908768342775045,False,down
WBGene00009854,3,0.6333333333333333,PFEESA,0.136538088749778,0.909458324339545,False,up
WBGene00012103,3,0.9,PFEESA,0.0630840066948078,0.909588036187909,False,up
WBGene00008880,3,1.0,PFEESA,0.0330765361660437,0.909761593109048,False,up
WBGene00022010,3,1.0,PFEESA,0.0223843769860034,0.910615891420681,False,up
WBGene00021725,3,1.0,PFEESA,0.0803306733591614,0.910743794508192,False,up
WBGene00008956,3,1.0,PFEESA,-0.035127630794911,0.910743794508192,False,down
WBGene00017364,3,0.7666666666666667,PFEESA,-0.0651733257066995,0.910743794508192,False,down
WBGene00020551,3,0.9666666666666667,PFEESA,-0.0666820482963465,0.910743794508192,False,down
WBGene00008453,3,0.9,PFEESA,-0.0370560744886051,0.910761499141759,False,down
WBGene00010717,3,1.0,PFEESA,-0.29675245259432,0.911010647255,False,down
WBGene00003643,3,1.0,PFEESA,0.0837849860202008,0.91104234415149,False,up
WBGene00019480,3,1.0,PFEESA,0.04185626006725,0.91104234415149,False,up
WBGene00006743,3,1.0,PFEESA,0.0376620237477304,0.911686432259915,False,up
WBGene00015963,3,0.9666666666666667,PFEESA,0.0759602734161475,0.911874977757514,False,up
WBGene00003783,3,1.0,PFEESA,0.0998476363123778,0.911904221952343,False,up
WBGene00004349,3,1.0,PFEESA,-0.0266342810488154,0.911904221952343,False,down
WBGene00022522,3,1.0,PFEESA,-0.0629952898629415,0.912154045761395,False,down
WBGene00018078,3,0.9666666666666667,PFEESA,0.0479202308986072,0.912235983967882,False,up
WBGene00006279,3,0.5333333333333333,PFEESA,0.10784295408583,0.912523502665754,False,up
WBGene00013538,3,1.0,PFEESA,0.0278498382786551,0.912523502665754,False,up
WBGene00003034,3,1.0,PFEESA,0.0186364083992797,0.912523502665754,False,up
WBGene00019519,3,1.0,PFEESA,-0.0485870490542158,0.912523502665754,False,down
WBGene00015544,3,1.0,PFEESA,0.131262451342629,0.912602871815155,False,up
WBGene00021461,3,1.0,PFEESA,0.0499472748679476,0.913533405205499,False,up
WBGene00044922,3,0.9666666666666667,PFEESA,0.062382828478387,0.913664693648953,False,up
WBGene00011453,3,0.6666666666666666,PFEESA,0.0793135691572238,0.914578684268168,False,up
WBGene00007409,3,1.0,PFEESA,0.0318836608905252,0.915148833521051,False,up
WBGene00008454,3,1.0,PFEESA,0.0300913522504519,0.915148833521051,False,up
WBGene00009176,3,1.0,PFEESA,-0.0359056503794663,0.915148833521051,False,down
WBGene00006628,3,0.9666666666666667,PFEESA,-0.133248436090909,0.915148833521051,False,down
WBGene00010654,3,1.0,PFEESA,-0.147698958884783,0.915249395092713,False,down
WBGene00000906,3,0.9666666666666667,PFEESA,0.0472461145508791,0.915339034176632,False,up
WBGene00022255,3,1.0,PFEESA,0.11731802864674,0.915559367719861,False,up
WBGene00007820,3,1.0,PFEESA,0.0468105257248852,0.915559367719861,False,up
WBGene00009452,3,1.0,PFEESA,-0.0252834166008314,0.915559367719861,False,down
WBGene00006363,3,0.8,PFEESA,0.0265589213708752,0.915747326151572,False,up
WBGene00013124,3,1.0,PFEESA,-0.0321726168095954,0.915747326151572,False,down
WBGene00008010,3,1.0,PFEESA,0.134014419680437,0.916431232807419,False,up
WBGene00194849,3,1.0,PFEESA,0.125437787193832,0.916431232807419,False,up
WBGene00008912,3,1.0,PFEESA,0.0724824169080072,0.916852758133818,False,up
WBGene00015053,3,1.0,PFEESA,0.0497792968024361,0.916852758133818,False,up
WBGene00001052,3,0.9,PFEESA,0.0262819548730858,0.916899047639157,False,up
WBGene00019343,3,1.0,PFEESA,-0.0812727419999044,0.916899047639157,False,down
WBGene00006782,3,1.0,PFEESA,0.0552964986619416,0.917075554660803,False,up
WBGene00018314,3,1.0,PFEESA,-0.127464460956059,0.917075554660803,False,down
WBGene00018208,3,0.9666666666666667,PFEESA,0.0204273267115668,0.917601175493307,False,up
WBGene00006055,3,1.0,PFEESA,-0.046452330423062,0.917601175493307,False,down
WBGene00022191,3,0.9,PFEESA,-0.0593404592464673,0.917601175493307,False,down
WBGene00010684,3,1.0,PFEESA,0.102689539975414,0.917621501150741,False,up
WBGene00043060,3,1.0,PFEESA,-0.0290910696520957,0.918269694668955,False,down
WBGene00009742,3,0.5333333333333333,PFEESA,0.0373977963213467,0.918401946807732,False,up
WBGene00017174,3,1.0,PFEESA,0.0551075605934401,0.918850989333457,False,up
WBGene00006752,3,1.0,PFEESA,0.0189709837026393,0.919075184454976,False,up
WBGene00009855,3,0.5333333333333333,PFEESA,0.128325713878455,0.919731705661555,False,up
WBGene00014073,3,1.0,PFEESA,0.100999195474429,0.919731705661555,False,up
WBGene00013159,3,0.9666666666666667,PFEESA,0.0307198379258331,0.919731705661555,False,up
WBGene00000447,3,1.0,PFEESA,-0.0629389811893707,0.919731705661555,False,down
WBGene00001936,3,1.0,PFEESA,-0.135796463551024,0.919731705661555,False,down
WBGene00010974,3,1.0,PFEESA,0.0335065561645575,0.919863579071209,False,up
WBGene00006731,3,1.0,PFEESA,0.0522635012804028,0.91994883403874,False,up
WBGene00007274,3,0.9666666666666667,PFEESA,0.0759558206599037,0.920015210683476,False,up
WBGene00001680,3,1.0,PFEESA,0.0159711078255113,0.920284845111913,False,up
WBGene00007299,3,0.9,PFEESA,-0.0493021569518981,0.920549424949533,False,down
WBGene00001920,3,0.7333333333333333,PFEESA,0.101556047792675,0.920795948116739,False,up
WBGene00016576,3,1.0,PFEESA,-0.0268625733646428,0.921346315800522,False,down
WBGene00000464,3,0.9666666666666667,PFEESA,-0.0131133240520914,0.92221698967705,False,down
WBGene00008834,3,0.9,PFEESA,-0.06194550565574,0.922491611601298,False,down
WBGene00021547,3,0.7333333333333333,PFEESA,-0.0835655629190839,0.92291658091718,False,down
WBGene00235325,3,1.0,PFEESA,-0.0506220261379019,0.922932266355741,False,down
WBGene00003519,3,1.0,PFEESA,0.0444107016819371,0.923221182063257,False,up
WBGene00001440,3,0.9333333333333333,PFEESA,0.0502275283247597,0.923344553094025,False,up
WBGene00001127,3,1.0,PFEESA,0.0369060675168562,0.923344553094025,False,up
WBGene00006814,3,1.0,PFEESA,0.0253416874446003,0.923344553094025,False,up
WBGene00009769,3,1.0,PFEESA,-0.0223018514411228,0.923344553094025,False,down
WBGene00000484,3,1.0,PFEESA,0.0448745160421416,0.923526260370138,False,up
WBGene00010449,3,0.9666666666666667,PFEESA,0.0338332682547595,0.923526260370138,False,up
WBGene00006388,3,1.0,PFEESA,0.100560207294459,0.923678496377653,False,up
WBGene00019009,3,1.0,PFEESA,0.026586331221267,0.923678496377653,False,up
WBGene00045390,3,1.0,PFEESA,0.0416453639601023,0.924387074718672,False,up
WBGene00019182,3,1.0,PFEESA,0.0337640006283868,0.924387074718672,False,up
WBGene00017164,3,1.0,PFEESA,-0.0236770584250108,0.924387074718672,False,down
WBGene00013224,3,0.9,PFEESA,0.0234257745514148,0.925549346088232,False,up
WBGene00021978,3,0.9,PFEESA,0.0800421321465041,0.92582670722518,False,up
WBGene00009116,3,0.9,PFEESA,0.0191805684027053,0.92582670722518,False,up
WBGene00016724,3,1.0,PFEESA,-0.115019794897879,0.926203717028136,False,down
WBGene00001782,3,1.0,PFEESA,-0.168234382111031,0.926213419704977,False,down
WBGene00010248,3,1.0,PFEESA,-0.057119691192639,0.926321351020494,False,down
WBGene00018264,3,1.0,PFEESA,-0.0903765707360304,0.926616426041975,False,down
WBGene00018232,3,1.0,PFEESA,0.0795258486672389,0.926914721275656,False,up
WBGene00077769,3,0.9666666666666667,PFEESA,0.0996261602189572,0.926960829969149,False,up
WBGene00013453,3,1.0,PFEESA,0.089962312262633,0.926960829969149,False,up
WBGene00011581,3,1.0,PFEESA,-0.059375135114206,0.927895079061578,False,down
WBGene00021589,3,1.0,PFEESA,-0.0645824560735344,0.928288956858038,False,down
WBGene00010008,3,0.9,PFEESA,0.102728587994586,0.928321621599226,False,up
WBGene00003690,3,1.0,PFEESA,-0.0185940203096647,0.928400914891531,False,down
WBGene00007548,3,0.7333333333333333,PFEESA,-0.0289769239751175,0.928401421869147,False,down
WBGene00019829,3,0.9333333333333333,PFEESA,-0.0282834047047687,0.928539943283554,False,down
WBGene00003374,3,0.9666666666666667,PFEESA,-0.0216791727378239,0.928932651062595,False,down
WBGene00000241,3,1.0,PFEESA,-0.0365039260528682,0.928942757469394,False,down
WBGene00000491,3,1.0,PFEESA,-0.0243517863495075,0.92907925380956,False,down
WBGene00021034,3,0.8666666666666667,PFEESA,-0.0478465578522143,0.929301905416025,False,down
WBGene00011075,3,1.0,PFEESA,0.112368307181157,0.929445260663512,False,up
WBGene00019103,3,1.0,PFEESA,0.0517474267585752,0.929445260663512,False,up
WBGene00019020,3,1.0,PFEESA,0.0400775704038091,0.929724542398772,False,up
WBGene00007174,3,1.0,PFEESA,0.0957961850739273,0.930063066281247,False,up
WBGene00000984,3,0.8,PFEESA,-0.0465787093751109,0.930063066281247,False,down
WBGene00006641,3,1.0,PFEESA,0.0279290446577909,0.930142070296265,False,up
WBGene00004235,3,0.9666666666666667,PFEESA,0.0178976155975201,0.930360251297768,False,up
WBGene00006452,3,0.9666666666666667,PFEESA,0.0181959050698562,0.930467251301702,False,up
WBGene00045461,3,1.0,PFEESA,0.0316794869640431,0.931248004254996,False,up
WBGene00009799,3,1.0,PFEESA,0.0227401901304105,0.931715943376443,False,up
WBGene00011274,3,1.0,PFEESA,0.027521882970346,0.932148562800699,False,up
WBGene00008121,3,1.0,PFEESA,0.0177547572117094,0.932148562800699,False,up
WBGene00012122,3,1.0,PFEESA,0.0300956653537606,0.932231645453618,False,up
WBGene00008994,3,1.0,PFEESA,-0.099551861800301,0.932474129099314,False,down
WBGene00013234,3,0.9666666666666667,PFEESA,-0.11325959981469,0.932494882387724,False,down
WBGene00019302,3,1.0,PFEESA,0.0748509066439212,0.932837734830965,False,up
WBGene00018435,3,0.9333333333333333,PFEESA,-0.0459627215310647,0.933131657828425,False,down
WBGene00015156,3,0.7,PFEESA,0.0225667270376646,0.933356190768971,False,up
WBGene00009081,3,0.9333333333333333,PFEESA,-0.0598969181479987,0.933356190768971,False,down
WBGene00000139,3,0.7,PFEESA,0.0439345748672691,0.933971166462523,False,up
WBGene00012778,3,1.0,PFEESA,0.0689918068195763,0.934629630321156,False,up
WBGene00011677,3,0.9666666666666667,PFEESA,-0.114607353189454,0.934851613601422,False,down
WBGene00015495,3,1.0,PFEESA,0.0523416165956054,0.935034607597397,False,up
WBGene00003980,3,1.0,PFEESA,-0.0170562739306838,0.935405526126384,False,down
WBGene00001537,3,0.9333333333333333,PFEESA,0.0316392659958714,0.935542477702217,False,up
WBGene00020698,3,1.0,PFEESA,-0.074103064469274,0.935542477702217,False,down
WBGene00017543,3,1.0,PFEESA,-0.114488189760576,0.935707814006151,False,down
WBGene00219289,3,1.0,PFEESA,0.115779836830709,0.935743304783054,False,up
WBGene00000477,3,1.0,PFEESA,0.0290809832729432,0.935743304783054,False,up
WBGene00015028,3,1.0,PFEESA,0.0911445220335994,0.936594355044835,False,up
WBGene00022584,3,1.0,PFEESA,-0.0422059077379462,0.936764503934456,False,down
WBGene00012428,3,1.0,PFEESA,-0.0430857982098748,0.937197323731694,False,down
WBGene00020853,3,0.9,PFEESA,0.103640075923886,0.937293820669784,False,up
WBGene00017010,3,0.9,PFEESA,0.0189776587100332,0.937293820669784,False,up
WBGene00020695,3,1.0,PFEESA,-0.0177565584665315,0.937397920865663,False,down
WBGene00008020,3,0.9666666666666667,PFEESA,0.0403554807136975,0.937528015643529,False,up
WBGene00001601,3,1.0,PFEESA,0.0234707800174381,0.93752901174602,False,up
WBGene00016094,3,0.9666666666666667,PFEESA,0.051924552757036,0.937739742415308,False,up
WBGene00008009,3,1.0,PFEESA,0.139178760860156,0.937771485456252,False,up
WBGene00003755,3,1.0,PFEESA,0.0401223614706804,0.937771485456252,False,up
WBGene00015621,3,0.9,PFEESA,0.0311011080511136,0.937771485456252,False,up
WBGene00022391,3,0.9,PFEESA,0.0217320186225546,0.937771485456252,False,up
WBGene00015163,3,1.0,PFEESA,0.0183088210561798,0.937771485456252,False,up
WBGene00013325,3,0.9666666666666667,PFEESA,0.0176005324247591,0.937771485456252,False,up
WBGene00003243,3,1.0,PFEESA,0.0163404486321222,0.937771485456252,False,up
WBGene00007099,3,0.6333333333333333,PFEESA,-0.0174159053326578,0.937771485456252,False,down
WBGene00219313,3,1.0,PFEESA,-0.0234378712425893,0.937771485456252,False,down
WBGene00013822,3,1.0,PFEESA,-0.0473422460073888,0.937771485456252,False,down
WBGene00044681,3,1.0,PFEESA,-0.0543996229721943,0.937771485456252,False,down
WBGene00016419,3,1.0,PFEESA,0.0366005900248244,0.938017087441908,False,up
WBGene00008656,3,0.9666666666666667,PFEESA,-0.0238299936347421,0.938056331965355,False,down
WBGene00015980,3,0.9666666666666667,PFEESA,0.0309855906176019,0.938110521907153,False,up
WBGene00017017,3,1.0,PFEESA,-0.0289248884263259,0.938118221197234,False,down
WBGene00044331,3,1.0,PFEESA,0.10796432615789,0.938636160304188,False,up
WBGene00007515,3,0.9333333333333333,PFEESA,0.0642713138403833,0.939161809107565,False,up
WBGene00007953,3,1.0,PFEESA,0.0379310443834537,0.939184919306412,False,up
WBGene00011191,3,1.0,PFEESA,-0.0830455798600984,0.939629110651135,False,down
WBGene00018195,3,1.0,PFEESA,-0.0496703919089736,0.940059889760269,False,down
WBGene00018149,3,1.0,PFEESA,-0.0242830622963254,0.940274844505271,False,down
WBGene00006865,3,1.0,PFEESA,0.0405339100340246,0.940412827740709,False,up
WBGene00019649,3,1.0,PFEESA,-0.0329949674500269,0.940656251154283,False,down
WBGene00009156,3,1.0,PFEESA,0.104456167219903,0.941501299322033,False,up
WBGene00019327,3,1.0,PFEESA,0.0336938280754459,0.941501299322033,False,up
WBGene00015008,3,1.0,PFEESA,0.0321222577654333,0.941501299322033,False,up
WBGene00016803,3,1.0,PFEESA,-0.0145876252073312,0.942383760584935,False,down
WBGene00016165,3,1.0,PFEESA,0.0312067790214135,0.94251673544435,False,up
WBGene00014002,3,0.9333333333333333,PFEESA,-0.0733711760160947,0.94251673544435,False,down
WBGene00021721,3,0.7666666666666667,PFEESA,-0.0382138590912834,0.942741577675338,False,down
WBGene00003706,3,1.0,PFEESA,-0.0354851369005825,0.943006688462898,False,down
WBGene00018068,3,1.0,PFEESA,0.0493423023811765,0.943260414612091,False,up
WBGene00019224,3,1.0,PFEESA,0.0248530685461698,0.943260414612091,False,up
WBGene00015285,3,1.0,PFEESA,0.0226744842763838,0.943260414612091,False,up
WBGene00022623,3,1.0,PFEESA,0.0305944083852139,0.943616932415419,False,up
WBGene00194726,3,1.0,PFEESA,0.062324105241512,0.943813590263393,False,up
WBGene00020584,3,1.0,PFEESA,0.0922420184250654,0.944489199620667,False,up
WBGene00206355,3,1.0,PFEESA,-0.0695009403658341,0.944489199620667,False,down
WBGene00045053,3,1.0,PFEESA,0.0493887960082875,0.944595981106621,False,up
WBGene00009587,3,1.0,PFEESA,0.0156292285425606,0.946070970378724,False,up
WBGene00015903,3,1.0,PFEESA,-0.119991630567257,0.946163675210889,False,down
WBGene00021704,3,1.0,PFEESA,-0.0760348047003795,0.946428416899661,False,down
WBGene00013509,3,0.9,PFEESA,-0.0320317960223272,0.946455535180115,False,down
WBGene00012682,3,1.0,PFEESA,0.122827055461878,0.946547054835426,False,up
WBGene00043982,3,0.9666666666666667,PFEESA,0.0526023824116513,0.946547054835426,False,up
WBGene00015559,3,1.0,PFEESA,0.0434916650695309,0.946547054835426,False,up
WBGene00019143,3,1.0,PFEESA,0.0354970013414493,0.946676561675036,False,up
WBGene00009266,3,0.9666666666666667,PFEESA,-0.0205749363104183,0.946676561675036,False,down
WBGene00012622,3,1.0,PFEESA,0.0554606257644367,0.946726777485832,False,up
WBGene00020762,3,0.9333333333333333,PFEESA,0.0161653802896851,0.947010899160302,False,up
WBGene00000597,3,0.9666666666666667,PFEESA,-0.0899414592648543,0.947010899160302,False,down
WBGene00019394,3,1.0,PFEESA,-0.0208528916417113,0.947103291012964,False,down
WBGene00007452,3,1.0,PFEESA,-0.0515805422331381,0.947409018436452,False,down
WBGene00005253,3,1.0,PFEESA,-0.0899163645475521,0.947409018436452,False,down
WBGene00021038,3,0.9,PFEESA,-0.0398013738020332,0.947454658320572,False,down
WBGene00003655,3,1.0,PFEESA,-0.0271360390162498,0.947459999893631,False,down
WBGene00077763,3,1.0,PFEESA,0.0582581941521739,0.947500433494567,False,up
WBGene00044612,3,0.9,PFEESA,0.0426713843731699,0.947500433494567,False,up
WBGene00017418,3,0.9333333333333333,PFEESA,-0.0263846849349392,0.948151820301881,False,down
WBGene00019867,3,1.0,PFEESA,0.0336416319420717,0.948304281019043,False,up
WBGene00002263,3,1.0,PFEESA,0.0156432914199794,0.948304281019043,False,up
WBGene00021795,3,1.0,PFEESA,-0.0760501572289319,0.948304281019043,False,down
WBGene00004876,3,0.9,PFEESA,0.0255708683471683,0.948977479926519,False,up
WBGene00021863,3,1.0,PFEESA,-0.0157611784393623,0.948977479926519,False,down
WBGene00018052,3,1.0,PFEESA,0.0886306065850076,0.94899583917512,False,up
WBGene00195212,3,1.0,PFEESA,0.0760708807722938,0.949204482826985,False,up
WBGene00018684,3,1.0,PFEESA,0.090858402819125,0.949596598571846,False,up
WBGene00017770,3,1.0,PFEESA,0.0176732623603189,0.949596598571846,False,up
WBGene00000004,3,0.9666666666666667,PFEESA,0.0196979560149152,0.950364122853426,False,up
WBGene00010789,3,0.5,PFEESA,-0.103069882304331,0.950364122853426,False,down
WBGene00006618,3,1.0,PFEESA,-0.0315448927521432,0.95099831616738,False,down
WBGene00194869,3,1.0,PFEESA,-0.122726154025053,0.95099831616738,False,down
WBGene00005422,3,0.9333333333333333,PFEESA,0.0495332854404885,0.951066808490509,False,up
WBGene00017042,3,1.0,PFEESA,0.0466889582415966,0.951066808490509,False,up
WBGene00011069,3,1.0,PFEESA,-0.038192234986988,0.951066808490509,False,down
WBGene00011414,3,0.7333333333333333,PFEESA,-0.0969394059074412,0.951066808490509,False,down
WBGene00007635,3,1.0,PFEESA,0.028717149891876,0.951114838938537,False,up
WBGene00015357,3,1.0,PFEESA,-0.0261440279079872,0.951115887956934,False,down
WBGene00020380,3,0.6666666666666666,PFEESA,0.093890779144077,0.951219190558822,False,up
WBGene00000259,3,1.0,PFEESA,-0.0129849246295142,0.951219190558822,False,down
WBGene00019180,3,1.0,PFEESA,-0.0204426822620832,0.951282530496148,False,down
WBGene00007321,3,0.9333333333333333,PFEESA,0.0277230172716545,0.951358564438174,False,up
WBGene00045510,3,1.0,PFEESA,0.0792687705250353,0.951397902075898,False,up
WBGene00019312,3,1.0,PFEESA,0.0519219722903515,0.951397902075898,False,up
WBGene00020842,3,0.9666666666666667,PFEESA,0.0185812368439546,0.951397902075898,False,up
WBGene00015624,3,1.0,PFEESA,-0.0519041939982369,0.951397902075898,False,down
WBGene00008626,3,0.9,PFEESA,-0.0707926150021167,0.951567402337349,False,down
WBGene00006938,3,0.9,PFEESA,0.0642984960457492,0.951725756896326,False,up
WBGene00008034,3,1.0,PFEESA,-0.0127079442579357,0.951725756896326,False,down
WBGene00015200,3,0.9,PFEESA,-0.0208239594818181,0.951725756896326,False,down
WBGene00003841,3,1.0,PFEESA,0.0359649108666342,0.952199827907332,False,up
WBGene00012838,3,1.0,PFEESA,-0.0676447955650034,0.952510780651079,False,down
WBGene00009476,3,1.0,PFEESA,-0.0268953613742924,0.952800847221275,False,down
WBGene00020997,3,1.0,PFEESA,-0.0476072928778144,0.952910608741636,False,down
WBGene00007563,3,1.0,PFEESA,-0.0681731954818253,0.952919920405456,False,down
WBGene00003548,3,0.9,PFEESA,-0.0901200417934132,0.952919920405456,False,down
WBGene00002201,3,0.9666666666666667,PFEESA,-0.0117434060220688,0.953309877093077,False,down
WBGene00005759,3,0.9666666666666667,PFEESA,-0.0470789734032553,0.953530376298056,False,down
WBGene00020236,3,0.9,PFEESA,-0.0578463715232528,0.953540629347591,False,down
WBGene00012085,3,0.5666666666666667,PFEESA,0.0223274117323088,0.953659841249015,False,up
WBGene00002174,3,1.0,PFEESA,0.0137123342126217,0.954052599925303,False,up
WBGene00006811,3,1.0,PFEESA,-0.0136368043351091,0.954052599925303,False,down
WBGene00009945,3,1.0,PFEESA,-0.0123553436686883,0.95429947790235,False,down
WBGene00009142,3,0.9666666666666667,PFEESA,0.0402550648672775,0.954894152917556,False,up
WBGene00001556,3,1.0,PFEESA,0.0308227877704043,0.954894152917556,False,up
WBGene00014164,3,0.9666666666666667,PFEESA,-0.0259523194408853,0.954894152917556,False,down
WBGene00003549,3,1.0,PFEESA,-0.0219529794231515,0.954919702169614,False,down
WBGene00009190,3,1.0,PFEESA,0.0218282193020229,0.955100670626282,False,up
WBGene00194747,3,0.6333333333333333,PFEESA,-0.0379167796173115,0.955217641361022,False,down
WBGene00003976,3,0.9,PFEESA,0.063662169840043,0.955756539912484,False,up
WBGene00000819,3,1.0,PFEESA,0.0873046795942311,0.955855932436692,False,up
WBGene00018404,3,1.0,PFEESA,0.0821906442874682,0.955855932436692,False,up
WBGene00008783,3,0.9,PFEESA,0.0224158651421801,0.955855932436692,False,up
WBGene00022271,3,0.9,PFEESA,-0.0164714350936977,0.955855932436692,False,down
WBGene00044389,3,0.9333333333333333,PFEESA,-0.023340344125083,0.955855932436692,False,down
WBGene00013776,3,0.9333333333333333,PFEESA,-0.0470958735777245,0.955855932436692,False,down
WBGene00018358,3,1.0,PFEESA,-0.0747009775794638,0.955855932436692,False,down
WBGene00006627,3,1.0,PFEESA,-0.0756817024620248,0.955855932436692,False,down
WBGene00007537,3,0.9,PFEESA,-0.0824608914794469,0.956266572918162,False,down
WBGene00008857,3,0.9666666666666667,PFEESA,-0.0170887584860783,0.956328865182923,False,down
WBGene00016467,3,1.0,PFEESA,0.0629944361502908,0.956390498300078,False,up
WBGene00001555,3,0.8666666666666667,PFEESA,-0.0271036536206111,0.956390498300078,False,down
WBGene00008222,3,0.9,PFEESA,-0.0378603539265736,0.956390498300078,False,down
WBGene00016432,3,1.0,PFEESA,-0.0150328232473744,0.956656481049698,False,down
WBGene00011695,3,0.9666666666666667,PFEESA,-0.0562837270281352,0.956793233291318,False,down
WBGene00018456,3,1.0,PFEESA,0.0569342365860855,0.957042675374443,False,up
WBGene00005638,3,0.9,PFEESA,-0.051108485090116,0.957064171901001,False,down
WBGene00008733,3,0.9666666666666667,PFEESA,-0.0152847457433337,0.957363582059043,False,down
WBGene00009533,3,0.9333333333333333,PFEESA,-0.0247684237922967,0.957497804620498,False,down
WBGene00020494,3,1.0,PFEESA,0.140143280844836,0.957508261730681,False,up
WBGene00005246,3,0.9,PFEESA,0.0567482644331567,0.957508261730681,False,up
WBGene00010357,3,0.9666666666666667,PFEESA,-0.043157081279782,0.957768985600585,False,down
WBGene00003547,3,0.7,PFEESA,-0.0615604702377467,0.958413764431992,False,down
WBGene00235312,3,1.0,PFEESA,0.0781526000855712,0.959090847336627,False,up
WBGene00020943,3,1.0,PFEESA,-0.0702605299216011,0.959537103267603,False,down
WBGene00018514,3,1.0,PFEESA,0.0224492849409357,0.959554893836045,False,up
WBGene00000761,3,0.9666666666666667,PFEESA,0.0147117107738123,0.959602662853495,False,up
WBGene00009811,3,1.0,PFEESA,0.0774710254065046,0.959730148638708,False,up
WBGene00018966,3,0.6333333333333333,PFEESA,0.0269613585042845,0.961257270716417,False,up
WBGene00015567,3,1.0,PFEESA,-0.0125420610985421,0.961257270716417,False,down
WBGene00013989,3,1.0,PFEESA,-0.0272321381218755,0.961257270716417,False,down
WBGene00010873,3,0.9666666666666667,PFEESA,0.02122943427852,0.961339389633027,False,up
WBGene00008681,3,0.9,PFEESA,0.0251833569611667,0.961868498150897,False,up
WBGene00020684,3,1.0,PFEESA,-0.0369704130489034,0.961979528412117,False,down
WBGene00044701,3,1.0,PFEESA,0.0204075650446336,0.96198227317568,False,up
WBGene00010971,3,1.0,PFEESA,-0.0275363421086429,0.96198227317568,False,down
WBGene00009312,3,1.0,PFEESA,0.0752155580690149,0.962410370662948,False,up
WBGene00006226,3,1.0,PFEESA,0.0764893328846917,0.963051606543094,False,up
WBGene00022627,3,1.0,PFEESA,0.0499287069876673,0.963212530561437,False,up
WBGene00044677,3,1.0,PFEESA,0.0332740870413474,0.963212530561437,False,up
WBGene00001930,3,0.7666666666666667,PFEESA,-0.0561227128737559,0.963399739280471,False,down
WBGene00000244,3,0.7,PFEESA,-0.0215304187537488,0.963676178547439,False,down
WBGene00013963,3,1.0,PFEESA,-0.0120085618957622,0.96372096852747,False,down
WBGene00022664,3,0.8666666666666667,PFEESA,-0.0147890281881342,0.963869932627944,False,down
WBGene00016860,3,0.9,PFEESA,-0.0185894919832903,0.963869932627944,False,down
WBGene00010082,3,1.0,PFEESA,0.0530671930525571,0.963910009455517,False,up
WBGene00011019,3,1.0,PFEESA,-0.0132960083831021,0.963910009455517,False,down
WBGene00022402,3,0.9333333333333333,PFEESA,0.0132026134591574,0.964117102618525,False,up
WBGene00001763,3,1.0,PFEESA,0.0326966231539703,0.964527792945279,False,up
WBGene00006966,3,1.0,PFEESA,-0.0327628327049062,0.964695426017573,False,down
WBGene00044500,3,0.7666666666666667,PFEESA,-0.0146799289116586,0.964977685390123,False,down
WBGene00008226,3,1.0,PFEESA,-0.0276549950034035,0.964977685390123,False,down
WBGene00009192,3,1.0,PFEESA,0.0416067988988839,0.965431257171316,False,up
WBGene00004184,3,0.6333333333333333,PFEESA,0.0101269228647325,0.965915570607853,False,up
WBGene00016295,3,0.9,PFEESA,0.0235923674087949,0.966953931221621,False,up
WBGene00010644,3,0.9666666666666667,PFEESA,-0.0237980622164038,0.967016546176678,False,down
WBGene00010329,3,1.0,PFEESA,0.0137831077424749,0.967025353533288,False,up
WBGene00012070,3,0.9666666666666667,PFEESA,-0.0668690557723702,0.967050671263266,False,down
WBGene00004374,3,1.0,PFEESA,-0.0257779573565876,0.967070688107382,False,down
WBGene00007155,3,0.9,PFEESA,-0.0166013651642494,0.967090971312845,False,down
WBGene00011793,3,1.0,PFEESA,0.0428592431479907,0.967217636744688,False,up
WBGene00021244,3,1.0,PFEESA,0.0415122965429315,0.967217636744688,False,up
WBGene00021397,3,1.0,PFEESA,0.0247166746373664,0.967217636744688,False,up
WBGene00019720,3,0.9,PFEESA,0.0180532776350383,0.967217636744688,False,up
WBGene00021314,3,1.0,PFEESA,0.0172275642389817,0.967217636744688,False,up
WBGene00007982,3,1.0,PFEESA,-0.009190908465819,0.967217636744688,False,down
WBGene00011723,3,0.9,PFEESA,-0.0143443065266147,0.967217636744688,False,down
WBGene00012791,3,1.0,PFEESA,-0.0475485428246922,0.967217636744688,False,down
WBGene00021911,3,0.9666666666666667,PFEESA,-0.0545660072426681,0.967217636744688,False,down
WBGene00012604,3,0.9,PFEESA,-0.0774746193441306,0.967217636744688,False,down
WBGene00303233,3,0.6333333333333333,PFEESA,-0.0634758219387397,0.96744322737216,False,down
WBGene00007445,3,1.0,PFEESA,-0.0279010343679885,0.967443236601978,False,down
WBGene00019428,3,1.0,PFEESA,-0.0114070827824406,0.968049460093751,False,down
WBGene00003646,3,1.0,PFEESA,-0.0151917710644109,0.968049460093751,False,down
WBGene00009730,3,0.9666666666666667,PFEESA,0.0200346135272965,0.968309636082512,False,up
WBGene00022047,3,1.0,PFEESA,0.0146574946119597,0.968499530895456,False,up
WBGene00021945,3,1.0,PFEESA,-0.0160503305526962,0.968499530895456,False,down
WBGene00000934,3,1.0,PFEESA,0.0172685141460496,0.968610854065978,False,up
WBGene00011352,3,1.0,PFEESA,0.0173980830299016,0.96870479064335,False,up
WBGene00021210,3,1.0,PFEESA,0.0088738552236744,0.968707230209452,False,up
WBGene00013588,3,0.7333333333333333,PFEESA,-0.0111710554090597,0.968707230209452,False,down
WBGene00021205,3,1.0,PFEESA,-0.0114306827170085,0.968707230209452,False,down
WBGene00009457,3,1.0,PFEESA,-0.0403845474405531,0.968707230209452,False,down
WBGene00011021,3,1.0,PFEESA,0.0222654043105658,0.968792746013639,False,up
WBGene00017949,3,1.0,PFEESA,-0.049153857750065,0.969100973856673,False,down
WBGene00016119,3,1.0,PFEESA,0.0738354691682331,0.969159046318693,False,up
WBGene00008332,3,1.0,PFEESA,0.0219199882517394,0.969159046318693,False,up
WBGene00010434,3,1.0,PFEESA,0.0184341586760285,0.969159046318693,False,up
WBGene00012319,3,0.6333333333333333,PFEESA,0.0112616791024998,0.969159046318693,False,up
WBGene00020673,3,1.0,PFEESA,-0.0138958204655028,0.969159046318693,False,down
WBGene00002976,3,0.5333333333333333,PFEESA,-0.01498945047369,0.969159046318693,False,down
WBGene00019304,3,0.9333333333333333,PFEESA,-0.0217353048984478,0.969159046318693,False,down
WBGene00003807,3,0.7666666666666667,PFEESA,-0.022137867463275,0.969159046318693,False,down
WBGene00022527,3,1.0,PFEESA,-0.0379213722277552,0.969159046318693,False,down
WBGene00022519,3,1.0,PFEESA,0.0101422644597981,0.969757358593221,False,up
WBGene00009727,3,1.0,PFEESA,-0.02365745928918,0.969757358593221,False,down
WBGene00021195,3,1.0,PFEESA,-0.0353072463634647,0.969959248363411,False,down
WBGene00009623,3,1.0,PFEESA,-0.0285758545102903,0.970710101737455,False,down
WBGene00001665,3,1.0,PFEESA,0.0169309538265767,0.97079674068152,False,up
WBGene00017637,3,1.0,PFEESA,0.0237703196276029,0.971497119801654,False,up
WBGene00020363,3,1.0,PFEESA,-0.0236096500608921,0.971497119801654,False,down
WBGene00017275,3,0.7333333333333333,PFEESA,0.0089065998686957,0.971507186149764,False,up
WBGene00020904,3,1.0,PFEESA,0.047298957437382,0.971608529646386,False,up
WBGene00001552,3,1.0,PFEESA,-0.0178224756409406,0.971852069524867,False,down
WBGene00004040,3,0.7,PFEESA,-0.0064660939998972,0.972386777774997,False,down
WBGene00044792,3,0.9333333333333333,PFEESA,0.0253720841103625,0.972743390966875,False,up
WBGene00010980,3,1.0,PFEESA,-0.0529570703058852,0.972743390966875,False,down
WBGene00014698,3,1.0,PFEESA,0.0848601793052917,0.973966964612296,False,up
WBGene00018035,3,1.0,PFEESA,-0.015269836511604,0.973966964612296,False,down
WBGene00010592,3,0.9,PFEESA,-0.0224046691168526,0.973966964612296,False,down
WBGene00077712,3,0.6333333333333333,PFEESA,0.0137283317538735,0.974129490924971,False,up
WBGene00004212,3,1.0,PFEESA,0.0072526535416816,0.974129490924971,False,up
WBGene00017702,3,0.7333333333333333,PFEESA,0.0148283601751364,0.974316084707847,False,up
WBGene00004364,3,0.9,PFEESA,-0.0074992154849867,0.974316084707847,False,down
WBGene00002026,3,0.5333333333333333,PFEESA,-0.0488334284453769,0.974316084707847,False,down
WBGene00006405,3,0.8666666666666667,PFEESA,0.0052664319416895,0.974927222988169,False,up
WBGene00000487,3,1.0,PFEESA,-0.0295389284808066,0.97520816846361,False,down
WBGene00015264,3,1.0,PFEESA,-0.021586085063923,0.97527829025196,False,down
WBGene00045052,3,1.0,PFEESA,0.021012572973703,0.975561176273142,False,up
WBGene00007862,3,0.9666666666666667,PFEESA,0.0142550170627609,0.975561176273142,False,up
WBGene00006745,3,0.9666666666666667,PFEESA,-0.0085412000539639,0.975561176273142,False,down
WBGene00001989,3,1.0,PFEESA,-0.0115584072432942,0.975561176273142,False,down
WBGene00003597,3,0.9,PFEESA,-0.0122539763775751,0.975561176273142,False,down
WBGene00004803,3,0.9,PFEESA,-0.0127914856717455,0.975561176273142,False,down
WBGene00006208,3,0.9666666666666667,PFEESA,0.0638653031090716,0.975642311846443,False,up
WBGene00009867,3,1.0,PFEESA,-0.0358307963567976,0.976639981099441,False,down
WBGene00016204,3,0.9666666666666667,PFEESA,-0.0188657220591971,0.97712852347305,False,down
WBGene00044492,3,0.9666666666666667,PFEESA,0.0501480206367957,0.977147773501136,False,up
WBGene00017964,3,1.0,PFEESA,0.0185221746234034,0.977279498915045,False,up
WBGene00014055,3,1.0,PFEESA,0.0110352496662304,0.977279498915045,False,up
WBGene00011964,3,1.0,PFEESA,0.0097647031046866,0.977279498915045,False,up
WBGene00016566,3,1.0,PFEESA,0.0085660394819381,0.977279498915045,False,up
WBGene00012026,3,0.9,PFEESA,-0.0650774950347733,0.977279498915045,False,down
WBGene00017341,3,1.0,PFEESA,-0.0692513135513536,0.977279498915045,False,down
WBGene00004258,3,1.0,PFEESA,0.0115986327524203,0.977285379962499,False,up
WBGene00015619,3,0.9,PFEESA,0.0093008742606504,0.977285379962499,False,up
WBGene00000529,3,1.0,PFEESA,-0.0065825519914647,0.977285379962499,False,down
WBGene00018317,3,1.0,PFEESA,-0.0075099457871226,0.977285379962499,False,down
WBGene00010986,3,1.0,PFEESA,-0.0163219279384039,0.977285379962499,False,down
WBGene00012135,3,1.0,PFEESA,-0.0255144253081486,0.977285379962499,False,down
WBGene00001789,3,1.0,PFEESA,-0.0261739184629558,0.977285379962499,False,down
WBGene00014093,3,1.0,PFEESA,0.0475034692055829,0.978718888853738,False,up
WBGene00007801,3,0.9,PFEESA,0.0083021122505023,0.978718888853738,False,up
WBGene00006582,3,1.0,PFEESA,-0.010885974265828,0.978718888853738,False,down
WBGene00006646,3,1.0,PFEESA,-0.0148642254605463,0.978718888853738,False,down
WBGene00010680,3,0.6333333333333333,PFEESA,-0.0334699376766149,0.978828965731437,False,down
WBGene00016324,3,1.0,PFEESA,-0.0129401177956261,0.979057703465358,False,down
WBGene00015861,3,0.9666666666666667,PFEESA,0.0094830343284847,0.979108610750595,False,up
WBGene00007723,3,0.6666666666666666,PFEESA,-0.040557111563961,0.979108610750595,False,down
WBGene00003248,3,0.9,PFEESA,0.018084182654805,0.979259795270145,False,up
WBGene00016772,3,1.0,PFEESA,0.0432674088347726,0.979565288050244,False,up
WBGene00014109,3,0.8333333333333334,PFEESA,0.0052796619159931,0.979565288050244,False,up
WBGene00077751,3,1.0,PFEESA,0.0403590212032824,0.979634499437186,False,up
WBGene00021094,3,0.9,PFEESA,0.0323873086756411,0.979634499437186,False,up
WBGene00020361,3,1.0,PFEESA,0.0303581136136835,0.979634499437186,False,up
WBGene00009969,3,1.0,PFEESA,0.0204658782766469,0.979634499437186,False,up
WBGene00021328,3,0.9666666666666667,PFEESA,0.0093790518072436,0.979634499437186,False,up
WBGene00000518,3,0.5,PFEESA,0.0077705180308017,0.979634499437186,False,up
WBGene00001811,3,1.0,PFEESA,-0.0124501966805216,0.979634499437186,False,down
WBGene00010446,3,0.9666666666666667,PFEESA,-0.0391073387844611,0.979634499437186,False,down
WBGene00017660,3,0.9666666666666667,PFEESA,-0.0665561651685197,0.979634499437186,False,down
WBGene00206521,3,0.9666666666666667,PFEESA,0.0280679922253913,0.979903174178516,False,up
WBGene00006619,3,1.0,PFEESA,-0.0255095830809198,0.979903174178516,False,down
WBGene00008388,3,0.9,PFEESA,0.031262858503403,0.98008547806744,False,up
WBGene00020689,3,0.9666666666666667,PFEESA,0.010659379484838,0.98008547806744,False,up
WBGene00011231,3,1.0,PFEESA,0.0229488017622445,0.980281917481671,False,up
WBGene00019285,3,1.0,PFEESA,0.0112150722391643,0.980344660895309,False,up
WBGene00001410,3,1.0,PFEESA,-0.0134079115712013,0.980344660895309,False,down
WBGene00012034,3,1.0,PFEESA,0.0304656637135118,0.98121116170835,False,up
WBGene00017009,3,1.0,PFEESA,0.019484153772731,0.98121116170835,False,up
WBGene00013609,3,1.0,PFEESA,0.0107077358812938,0.98121116170835,False,up
WBGene00008997,3,0.9666666666666667,PFEESA,0.0095254990688178,0.98121116170835,False,up
WBGene00001371,3,1.0,PFEESA,-0.0137106849554001,0.98121116170835,False,down
WBGene00013574,3,1.0,PFEESA,0.0114361103649492,0.981607682405832,False,up
WBGene00022454,3,1.0,PFEESA,-0.0233363996968908,0.981824871646718,False,down
WBGene00219422,3,1.0,PFEESA,-0.0273032517312459,0.981924389846274,False,down
WBGene00000641,3,1.0,PFEESA,-0.0481801680996394,0.982047564207389,False,down
WBGene00008051,3,1.0,PFEESA,0.0124525844659147,0.982363789056683,False,up
WBGene00010754,3,1.0,PFEESA,0.0416012217872762,0.98237854695531,False,up
WBGene00001673,3,1.0,PFEESA,-0.0219828599734168,0.98237854695531,False,down
WBGene00005163,3,0.9,PFEESA,0.0279744294505931,0.983446877907371,False,up
WBGene00000687,3,0.7,PFEESA,0.0291817511059962,0.98347472756269,False,up
WBGene00001374,3,0.9666666666666667,PFEESA,0.006234403921733,0.983636327963613,False,up
WBGene00014051,3,1.0,PFEESA,0.0035468400923048,0.983733444637397,False,up
WBGene00016090,3,0.5333333333333333,PFEESA,-0.0281284689930913,0.983921849295555,False,down
WBGene00019332,3,0.5333333333333333,PFEESA,0.0100340820138596,0.98392474410632,False,up
WBGene00011188,3,0.9,PFEESA,0.0211264251786337,0.984876270189367,False,up
WBGene00015366,3,0.9,PFEESA,0.0316154092533795,0.985016524012668,False,up
WBGene00013839,3,1.0,PFEESA,0.0121847960955348,0.985016524012668,False,up
WBGene00018757,3,0.5333333333333333,PFEESA,-0.0055276406780735,0.985016524012668,False,down
WBGene00013742,3,1.0,PFEESA,-0.0066720981378782,0.985016524012668,False,down
WBGene00015666,3,1.0,PFEESA,-0.034848668828886,0.985016524012668,False,down
WBGene00011396,3,1.0,PFEESA,0.0255644788196213,0.985152909993004,False,up
WBGene00022720,3,1.0,PFEESA,-0.0108347164042933,0.985152909993004,False,down
WBGene00020019,3,1.0,PFEESA,-0.0288618736543721,0.985152909993004,False,down
WBGene00009041,3,1.0,PFEESA,0.0426768285744992,0.985490142444997,False,up
WBGene00000133,3,0.9333333333333333,PFEESA,0.0297432121982484,0.985490142444997,False,up
WBGene00003179,3,0.5333333333333333,PFEESA,0.006238327231664,0.985490142444997,False,up
WBGene00002999,3,0.9666666666666667,PFEESA,-0.004408106461022,0.985490142444997,False,down
WBGene00012901,3,1.0,PFEESA,-0.0149282780732934,0.985490142444997,False,down
WBGene00007430,3,1.0,PFEESA,-0.0084002942332769,0.98560331916187,False,down
WBGene00009814,3,0.7333333333333333,PFEESA,0.011869968320819,0.985613122144112,False,up
WBGene00011974,3,1.0,PFEESA,0.0058811752625424,0.985613122144112,False,up
WBGene00014118,3,1.0,PFEESA,-0.0064314183627873,0.985613122144112,False,down
WBGene00015996,3,0.5,PFEESA,-0.0080312857067878,0.985613122144112,False,down
WBGene00007213,3,1.0,PFEESA,-0.0102544427790235,0.985613122144112,False,down
WBGene00007419,3,1.0,PFEESA,-0.0143545752882345,0.985613122144112,False,down
WBGene00011511,3,1.0,PFEESA,0.0066490278199531,0.985639375976375,False,up
WBGene00016215,3,1.0,PFEESA,-0.0091373081864452,0.985698365956541,False,down
WBGene00017144,3,1.0,PFEESA,0.0041171125922778,0.986108124328412,False,up
WBGene00001523,3,1.0,PFEESA,-0.0144226381877581,0.986108124328412,False,down
WBGene00016494,3,1.0,PFEESA,0.0057512130985981,0.986589040124888,False,up
WBGene00011613,3,1.0,PFEESA,0.0071543742606265,0.986626371793526,False,up
WBGene00000285,3,0.8,PFEESA,0.0068327645891798,0.986699764261154,False,up
WBGene00010540,3,1.0,PFEESA,0.0054691958367984,0.986855007053759,False,up
WBGene00021741,3,1.0,PFEESA,-0.0219933831250937,0.986855007053759,False,down
WBGene00012473,3,1.0,PFEESA,-0.0124339551894104,0.987105483630209,False,down
WBGene00019012,3,1.0,PFEESA,-0.0112369660970273,0.987590291882596,False,down
WBGene00012674,3,1.0,PFEESA,0.005424178449582,0.987599762715487,False,up
WBGene00009924,3,1.0,PFEESA,0.0030696974638861,0.987599762715487,False,up
WBGene00003104,3,1.0,PFEESA,-0.0243011213382457,0.987990296350089,False,down
WBGene00022248,3,0.9666666666666667,PFEESA,-0.00354639473889,0.988302208170332,False,down
WBGene00001167,3,1.0,PFEESA,-0.0027705649759643,0.988981708653839,False,down
WBGene00008438,3,0.8666666666666667,PFEESA,-0.0034109547386709,0.988981708653839,False,down
WBGene00019243,3,1.0,PFEESA,-0.0163751874310567,0.988981708653839,False,down
WBGene00021316,3,0.9666666666666667,PFEESA,-0.0038002069604233,0.989722949158255,False,down
WBGene00000653,3,1.0,PFEESA,-0.0141051588637691,0.989722949158255,False,down
WBGene00021473,3,1.0,PFEESA,0.0039957914437024,0.989803547638091,False,up
WBGene00008095,3,1.0,PFEESA,0.0097738770750813,0.989992902393244,False,up
WBGene00000683,3,1.0,PFEESA,-0.0251688919835179,0.99007248544013,False,down
WBGene00001026,3,0.9,PFEESA,0.0023023910666173,0.990092070530301,False,up
WBGene00001324,3,1.0,PFEESA,-0.0029008629300518,0.990092070530301,False,down
WBGene00009664,3,0.9666666666666667,PFEESA,-0.0021454591105679,0.99041919779404,False,down
WBGene00010746,3,0.7333333333333333,PFEESA,0.0268492037180375,0.990546668812093,False,up
WBGene00017243,3,1.0,PFEESA,0.0127586712754513,0.990546668812093,False,up
WBGene00012906,3,1.0,PFEESA,-0.0052514537807861,0.990546668812093,False,down
WBGene00017150,3,1.0,PFEESA,0.0083668452127212,0.990730635358796,False,up
WBGene00016266,3,1.0,PFEESA,-0.0047959701308577,0.99113336090192,False,down
WBGene00009388,3,1.0,PFEESA,-0.0055254882322829,0.99113336090192,False,down
WBGene00010422,3,1.0,PFEESA,-0.008377411923341,0.991556883276094,False,down
WBGene00000650,3,0.9,PFEESA,-0.0206542000430847,0.991714413984074,False,down
WBGene00019774,3,1.0,PFEESA,0.0041118330717552,0.992489675347543,False,up
WBGene00043988,3,0.9333333333333333,PFEESA,-0.0041708904238054,0.992489675347543,False,down
WBGene00018622,3,1.0,PFEESA,0.0056893591312817,0.992765316951557,False,up
WBGene00021948,3,0.9666666666666667,PFEESA,-0.0039371970640921,0.992765316951557,False,down
WBGene00001972,3,1.0,PFEESA,-0.001462730178194,0.993498511312582,False,down
WBGene00007577,3,0.5333333333333333,PFEESA,-0.0021759550190086,0.993955137193846,False,down
WBGene00018791,3,0.9333333333333333,PFEESA,-0.0094552439726634,0.994115601586283,False,down
WBGene00001916,3,0.9,PFEESA,0.0092482688656813,0.994214961206148,False,up
WBGene00013080,3,1.0,PFEESA,-0.0048302448591509,0.994214961206148,False,down
WBGene00015299,3,1.0,PFEESA,-0.0072345244989338,0.994486329867424,False,down
WBGene00013042,3,0.9,PFEESA,-0.0032955846954252,0.994503025603952,False,down
WBGene00011419,3,0.9333333333333333,PFEESA,-0.0037617884351016,0.994503025603952,False,down
WBGene00007471,3,1.0,PFEESA,-0.0095214911908362,0.994503025603952,False,down
WBGene00015231,3,1.0,PFEESA,-0.0093559881129256,0.994572904740471,False,down
WBGene00009277,3,1.0,PFEESA,-0.0019053751796441,0.994583279857029,False,down
WBGene00044406,3,1.0,PFEESA,-0.0067153302332415,0.994583279857029,False,down
WBGene00020366,3,0.6333333333333333,PFEESA,-0.0028297939309684,0.99463848522806,False,down
WBGene00007115,3,0.9666666666666667,PFEESA,0.0045653919706053,0.995158204480271,False,up
WBGene00017076,3,1.0,PFEESA,0.0043452273777937,0.995158204480271,False,up
WBGene00012595,3,0.9333333333333333,PFEESA,-0.0096590897463209,0.995158204480271,False,down
WBGene00012988,3,1.0,PFEESA,-0.002874495333363,0.995437948221879,False,down
WBGene00022288,3,1.0,PFEESA,-0.0072546988687879,0.995553052657107,False,down
WBGene00021134,3,1.0,PFEESA,0.0076955965546191,0.995559018046547,False,up
WBGene00018104,3,0.7333333333333333,PFEESA,0.0134537365715954,0.995629807151905,False,up
WBGene00000151,3,0.9,PFEESA,0.0018221316144313,0.995629807151905,False,up
WBGene00008952,3,0.9,PFEESA,-0.0035909970024817,0.995667652941269,False,down
WBGene00010889,3,0.7,PFEESA,-0.0025765382075828,0.995902184432797,False,down
WBGene00044066,3,0.6,PFEESA,0.0109901041679068,0.996903848446451,False,up
WBGene00008773,3,1.0,PFEESA,0.0060944120953102,0.996903848446451,False,up
WBGene00007166,3,0.9,PFEESA,0.0040965664781479,0.996903848446451,False,up
WBGene00006669,3,1.0,PFEESA,0.0033869078184885,0.996903848446451,False,up
WBGene00019444,3,0.7,PFEESA,0.0028609449594163,0.996903848446451,False,up
WBGene00010882,3,1.0,PFEESA,-0.0012638150456627,0.996903848446451,False,down
WBGene00004368,3,1.0,PFEESA,-0.0022667014709813,0.996903848446451,False,down
WBGene00011699,3,1.0,PFEESA,-0.007494726191147,0.996903848446451,False,down
WBGene00019262,3,1.0,PFEESA,-0.0103338264733083,0.996903848446451,False,down
WBGene00010331,3,1.0,PFEESA,-0.0043279250985816,0.997150720565742,False,down
WBGene00008550,3,1.0,PFEESA,0.0065888948973803,0.99730070209074,False,up
WBGene00206374,3,0.9666666666666667,PFEESA,0.0061591615206118,0.99730070209074,False,up
WBGene00009522,3,0.7666666666666667,PFEESA,0.0055048262704619,0.99730070209074,False,up
WBGene00020318,3,1.0,PFEESA,0.0038393739983614,0.99730070209074,False,up
WBGene00012962,3,0.6333333333333333,PFEESA,0.0021109190357046,0.99730070209074,False,up
WBGene00017920,3,0.9333333333333333,PFEESA,-0.0008279267906934,0.99730070209074,False,down
WBGene00008665,3,0.9666666666666667,PFEESA,-0.0016190514728038,0.99730070209074,False,down
WBGene00001117,3,0.9333333333333333,PFEESA,-0.0018395762158913,0.99730070209074,False,down
WBGene00022366,3,1.0,PFEESA,-0.0023993186978502,0.99730070209074,False,down
WBGene00043992,3,1.0,PFEESA,-0.002453497739678,0.99730070209074,False,down
WBGene00021123,3,1.0,PFEESA,-0.0026985958512713,0.99730070209074,False,down
WBGene00019320,3,0.7333333333333333,PFEESA,-0.0030559112435496,0.99730070209074,False,down
WBGene00009202,3,0.5,PFEESA,-0.004501034708461,0.99730070209074,False,down
WBGene00007670,3,1.0,PFEESA,-0.0050422707804627,0.99730070209074,False,down
WBGene00023490,3,1.0,PFEESA,0.0068323300733566,0.997521692641459,False,up
WBGene00010311,3,1.0,PFEESA,0.0018243093265513,0.997521692641459,False,up
WBGene00004277,3,1.0,PFEESA,0.0006973153015687,0.997521692641459,False,up
WBGene00011283,3,0.9,PFEESA,-0.0007035193417388,0.997521692641459,False,down
WBGene00043702,3,1.0,PFEESA,0.0019959387951932,0.997547651875612,False,up
WBGene00002987,3,0.9666666666666667,PFEESA,0.0013809812662688,0.997547651875612,False,up
WBGene00017260,3,1.0,PFEESA,0.0013512762719408,0.997576357716321,False,up
WBGene00016244,3,1.0,PFEESA,-0.000462704397923,0.99815771029596,False,down
WBGene00017375,3,1.0,PFEESA,-0.0012295262774431,0.99815771029596,False,down
WBGene00269432,3,1.0,PFEESA,-0.0014832625349577,0.99815771029596,False,down
WBGene00008954,3,1.0,PFEESA,0.0009434783045601,0.998165858378253,False,up
WBGene00003859,3,0.9,PFEESA,0.0004365546207103,0.999008838959513,False,up
WBGene00000073,3,1.0,PFEESA,0.0002260638235516,0.999008838959513,False,up
WBGene00001884,3,0.9,PFEESA,-0.0008235646798642,0.999008838959513,False,down
WBGene00015381,3,1.0,PFEESA,0.0002325952003388,0.999101110659801,False,up
WBGene00022812,3,1.0,PFEESA,0.00013693618885,0.999101110659801,False,up
