WB_id,consensus_module,consensus_strength,chemical,logFC,FDR,is_detected,direction
WBGene00021048,4,1.0,PFEESA,0.84522719074498,8.94760468431895e-06,True,up
WBGene00004008,4,1.0,PFEESA,0.960542746943726,5.85601616485897e-05,True,up
WBGene00017220,4,1.0,PFEESA,0.604379251009616,5.85601616485897e-05,True,up
WBGene00001455,4,0.7666666666666667,PFEESA,0.458505656036329,0.0004198776944681,True,up
WBGene00020891,4,0.5666666666666667,PFEESA,0.477469187143029,0.0005004635788743,True,up
WBGene00008780,4,1.0,PFEESA,0.462598770577108,0.0026786646554367,True,up
WBGene00009049,4,0.9666666666666667,PFEESA,-0.383369331291126,0.0029848945050228,True,down
WBGene00003710,4,1.0,PFEESA,0.40037495361347,0.0036428299094682,True,up
WBGene00011424,4,1.0,PFEESA,0.897979744344119,0.004373201407026,True,up
WBGene00044650,4,1.0,PFEESA,0.320052488655336,0.0051153313091775,True,up
WBGene00001446,4,1.0,PFEESA,0.620093213231788,0.0053639449330398,True,up
WBGene00013672,4,0.9,PFEESA,0.381896933444778,0.006133368831956,True,up
WBGene00016968,4,0.9666666666666667,PFEESA,0.276150109393635,0.0069665868327537,True,up
WBGene00001387,4,0.7333333333333333,PFEESA,1.19385175284178,0.0086305664587937,True,up
WBGene00007957,4,0.9333333333333333,PFEESA,0.859171979517044,0.0095235073040808,True,up
WBGene00012013,4,1.0,PFEESA,0.502317715403844,0.0095487912262033,True,up
WBGene00019593,4,1.0,PFEESA,0.617745707116477,0.0108380171999715,True,up
WBGene00015938,4,0.9,PFEESA,0.2471729856238,0.0130218395579699,True,up
WBGene00003744,4,1.0,PFEESA,0.277596036089326,0.0133928629760286,True,up
WBGene00003725,4,1.0,PFEESA,0.535427006094825,0.0135763209936253,True,up
WBGene00003751,4,1.0,PFEESA,0.33763421934815,0.0157302007814883,True,up
WBGene00022439,4,1.0,PFEESA,2.01643364317781,0.015975190810788,True,up
WBGene00018351,4,1.0,PFEESA,0.66126860837183,0.0160128810084462,True,up
WBGene00000020,4,0.9333333333333333,PFEESA,0.254010757400072,0.0164016486389662,True,up
WBGene00022797,4,1.0,PFEESA,0.49475822738545,0.0167337555426644,True,up
WBGene00022306,4,1.0,PFEESA,0.214647283502919,0.0180281895868494,True,up
WBGene00008830,4,0.9333333333333333,PFEESA,-0.538937469804965,0.0185968303209303,True,down
WBGene00019488,4,1.0,PFEESA,0.342787022725093,0.0186733919026203,True,up
WBGene00011042,4,0.9,PFEESA,0.783750441132306,0.0193007191288304,True,up
WBGene00077764,4,0.9333333333333333,PFEESA,0.728280274389864,0.0195137333495067,True,up
WBGene00000223,4,1.0,PFEESA,0.216619267447483,0.0207862567677045,True,up
WBGene00001456,4,1.0,PFEESA,0.272611423905787,0.021417260919815,True,up
WBGene00008743,4,1.0,PFEESA,0.737193765261727,0.022043035950877,True,up
WBGene00011586,4,1.0,PFEESA,0.438042856806143,0.022544369386876,True,up
WBGene00011561,4,0.6666666666666666,PFEESA,0.438657046519285,0.0228991687972684,True,up
WBGene00015040,4,0.6,PFEESA,1.01579815890305,0.0235585927789671,True,up
WBGene00018294,4,1.0,PFEESA,0.426860130824334,0.024269704658991,True,up
WBGene00020784,4,1.0,PFEESA,0.372336064049092,0.0251504279524333,True,up
WBGene00005657,4,0.9666666666666667,PFEESA,1.08433472503777,0.0254042282002224,True,up
WBGene00008522,4,0.9,PFEESA,0.356302294917671,0.0262330743114218,True,up
WBGene00022540,4,0.9666666666666667,PFEESA,0.953452442039294,0.0263843051289138,True,up
WBGene00020854,4,1.0,PFEESA,0.344393862192858,0.0271288228298893,True,up
WBGene00001452,4,1.0,PFEESA,0.266666477660766,0.0295914193877073,True,up
WBGene00019592,4,1.0,PFEESA,0.537740733855732,0.0316269717917292,True,up
WBGene00019837,4,0.6333333333333333,PFEESA,0.426731198931168,0.031851141329045,True,up
WBGene00017621,4,1.0,PFEESA,0.433159653306054,0.0350490630488526,True,up
WBGene00016894,4,1.0,PFEESA,0.600560020615088,0.035227684815688,True,up
WBGene00007231,4,1.0,PFEESA,0.944873232238875,0.0385322175332858,True,up
WBGene00020317,4,1.0,PFEESA,0.254959719434471,0.0385322175332858,True,up
WBGene00022423,4,1.0,PFEESA,0.400325516869116,0.0386770110122868,True,up
WBGene00010200,4,1.0,PFEESA,0.347742194202668,0.0400565868058126,True,up
WBGene00011018,4,1.0,PFEESA,0.247398412623694,0.0402638664153088,True,up
WBGene00013146,4,1.0,PFEESA,0.96587818443952,0.0416800804008986,True,up
WBGene00003752,4,1.0,PFEESA,0.312747874738763,0.0416800804008986,True,up
WBGene00001441,4,1.0,PFEESA,0.314567261838124,0.0437149102498224,True,up
WBGene00022307,4,0.8,PFEESA,0.383137863111008,0.0444127254644253,True,up
WBGene00014826,4,0.8333333333333334,PFEESA,0.399414059317821,0.0446017013589642,True,up
WBGene00021371,4,1.0,PFEESA,0.52726865991888,0.0446300547803507,True,up
WBGene00219316,4,1.0,PFEESA,-0.605629528483109,0.0482325278801914,True,down
WBGene00019365,4,0.9333333333333333,PFEESA,0.251633808371758,0.0496155900690101,True,up
WBGene00001496,4,1.0,PFEESA,0.376502910208603,0.0515186090230005,False,up
WBGene00020446,4,0.5666666666666667,PFEESA,-0.258886872711488,0.0533675854773588,False,down
WBGene00022178,4,0.5666666666666667,PFEESA,0.446379323277157,0.0535475271436896,False,up
WBGene00016234,4,1.0,PFEESA,0.60739210570076,0.0537384794853867,False,up
WBGene00016766,4,1.0,PFEESA,0.396510663886689,0.055655595481248,False,up
WBGene00015219,4,1.0,PFEESA,0.212985276034969,0.0571776110391794,False,up
WBGene00020301,4,1.0,PFEESA,0.187008553669756,0.0580151930595512,False,up
WBGene00020714,4,1.0,PFEESA,0.349635948963392,0.0594141047015012,False,up
WBGene00007204,4,0.7666666666666667,PFEESA,0.854468462991379,0.0596632742804193,False,up
WBGene00019166,4,1.0,PFEESA,0.277392657094907,0.0600574842357999,False,up
WBGene00019841,4,0.9,PFEESA,0.18553949378197,0.0624340789685272,False,up
WBGene00002980,4,1.0,PFEESA,0.405204704473086,0.0628791547562889,False,up
WBGene00016684,4,1.0,PFEESA,0.259350563915719,0.0639685177592942,False,up
WBGene00003607,4,1.0,PFEESA,0.313526139379434,0.0653758779323326,False,up
WBGene00016738,4,1.0,PFEESA,0.390824453388751,0.0674098114227897,False,up
WBGene00001454,4,1.0,PFEESA,0.211667055966181,0.0677607203915826,False,up
WBGene00016594,4,1.0,PFEESA,0.449382244767135,0.0680841244315435,False,up
WBGene00000277,4,1.0,PFEESA,0.237676678315323,0.0732905442184515,False,up
WBGene00020334,4,1.0,PFEESA,0.211583705118359,0.0747634353049246,False,up
WBGene00010262,4,1.0,PFEESA,0.291458531034392,0.0750678317459327,False,up
WBGene00020593,4,1.0,PFEESA,0.343066625063908,0.0754353273214036,False,up
WBGene00021456,4,0.9,PFEESA,0.236207012383893,0.0763208825907997,False,up
WBGene00012717,4,1.0,PFEESA,0.330585751959289,0.0807489110393683,False,up
WBGene00011893,4,0.9333333333333333,PFEESA,0.349275720198058,0.0854354415094413,False,up
WBGene00001459,4,1.0,PFEESA,0.2282157633738,0.0898785241211356,False,up
WBGene00044071,4,0.5666666666666667,PFEESA,0.22711800084299,0.0927179417825721,False,up
WBGene00009383,4,1.0,PFEESA,0.373619768926046,0.0930029202973096,False,up
WBGene00020947,4,1.0,PFEESA,0.478026939293837,0.0931598945844493,False,up
WBGene00001674,4,0.9,PFEESA,0.24876864571057,0.0968415001030768,False,up
WBGene00008914,4,1.0,PFEESA,0.197588505724693,0.100754348432461,False,up
WBGene00007508,4,0.9333333333333333,PFEESA,1.41980144252127,0.102278463864261,False,up
WBGene00021975,4,0.9,PFEESA,0.408922931430061,0.102278463864261,False,up
WBGene00044658,4,1.0,PFEESA,0.655404256101295,0.103399794979111,False,up
WBGene00000898,4,1.0,PFEESA,0.231192369976811,0.103570539355447,False,up
WBGene00021268,4,1.0,PFEESA,0.27037646154621,0.106269494588482,False,up
WBGene00001458,4,1.0,PFEESA,0.241193421995795,0.10794125470649,False,up
WBGene00020224,4,1.0,PFEESA,0.594764247759785,0.108529550653773,False,up
WBGene00013633,4,1.0,PFEESA,0.919835584475044,0.110098105092013,False,up
WBGene00022144,4,1.0,PFEESA,0.212421695925991,0.110511480329134,False,up
WBGene00015250,4,1.0,PFEESA,0.259471569596568,0.114704635679871,False,up
WBGene00012928,4,1.0,PFEESA,0.183403250664409,0.115719282807301,False,up
WBGene00001172,4,1.0,PFEESA,0.239452261776361,0.116873578406875,False,up
WBGene00009466,4,0.8333333333333334,PFEESA,0.355958887955305,0.119512864305919,False,up
WBGene00014233,4,1.0,PFEESA,0.329433062474685,0.12037767922285,False,up
WBGene00019748,4,1.0,PFEESA,0.299823937561343,0.121173562112708,False,up
WBGene00020092,4,1.0,PFEESA,0.266331379414111,0.12183727424543,False,up
WBGene00009562,4,1.0,PFEESA,0.20460693247502,0.122383307715005,False,up
WBGene00011839,4,1.0,PFEESA,0.449357710022809,0.125385275299337,False,up
WBGene00001189,4,1.0,PFEESA,0.240215334492041,0.125953037852653,False,up
WBGene00011899,4,1.0,PFEESA,0.372618559135419,0.131128702541608,False,up
WBGene00021922,4,1.0,PFEESA,0.237400171244736,0.13115386372306,False,up
WBGene00019666,4,1.0,PFEESA,0.249283883610988,0.131277149160784,False,up
WBGene00007772,4,0.5666666666666667,PFEESA,0.183685918955354,0.131314026702835,False,up
WBGene00003876,4,1.0,PFEESA,0.317183180039368,0.131673095906937,False,up
WBGene00007544,4,1.0,PFEESA,1.01695463941664,0.134005105312528,False,up
WBGene00012265,4,0.9666666666666667,PFEESA,0.840352155984711,0.134223740412491,False,up
WBGene00022440,4,1.0,PFEESA,0.708836441937602,0.134713746846312,False,up
WBGene00001390,4,1.0,PFEESA,0.261802531103843,0.13495538113969,False,up
WBGene00018953,4,1.0,PFEESA,0.191309436196556,0.13495538113969,False,up
WBGene00017785,4,1.0,PFEESA,0.271875195036664,0.135642472653544,False,up
WBGene00014125,4,1.0,PFEESA,0.465596747083181,0.136210663011232,False,up
WBGene00023408,4,1.0,PFEESA,0.298277645407145,0.136210663011232,False,up
WBGene00016017,4,0.7666666666666667,PFEESA,1.21907861877643,0.137292053665425,False,up
WBGene00017644,4,0.9333333333333333,PFEESA,0.285695408170104,0.13729968945808,False,up
WBGene00000978,4,1.0,PFEESA,0.365306656511657,0.138256332104534,False,up
WBGene00003746,4,1.0,PFEESA,0.230799818613626,0.14214572907957,False,up
WBGene00020152,4,1.0,PFEESA,0.468316844510216,0.148701720875557,False,up
WBGene00001464,4,1.0,PFEESA,0.227318375974087,0.157153814186672,False,up
WBGene00194641,4,1.0,PFEESA,0.424325240600471,0.157508422075016,False,up
WBGene00018145,4,1.0,PFEESA,0.241208641811972,0.160095585175976,False,up
WBGene00003749,4,0.7666666666666667,PFEESA,0.180111375252586,0.16224796500289,False,up
WBGene00001457,4,1.0,PFEESA,0.203496489257049,0.163884409187041,False,up
WBGene00003649,4,1.0,PFEESA,0.407181775022549,0.165853423331513,False,up
WBGene00007467,4,1.0,PFEESA,0.530436258274283,0.166669561797326,False,up
WBGene00013732,4,1.0,PFEESA,0.187172199658061,0.166669561797326,False,up
WBGene00021624,4,1.0,PFEESA,1.40461033091106,0.167489748395782,False,up
WBGene00016302,4,0.9,PFEESA,1.08916423337382,0.167489748395782,False,up
WBGene00016958,4,1.0,PFEESA,0.512954170061681,0.167807226985528,False,up
WBGene00013181,4,1.0,PFEESA,0.445385486634886,0.168126326747939,False,up
WBGene00005832,4,0.9666666666666667,PFEESA,0.217301364946677,0.170566868882819,False,up
WBGene00007881,4,1.0,PFEESA,0.306474130381874,0.171168085085938,False,up
WBGene00022798,4,1.0,PFEESA,0.239123752776402,0.172164303050373,False,up
WBGene00022115,4,1.0,PFEESA,0.263342749660518,0.174718165765282,False,up
WBGene00020229,4,1.0,PFEESA,0.194908483987609,0.177173725986229,False,up
WBGene00004825,4,1.0,PFEESA,0.231021280550777,0.180519939862549,False,up
WBGene00019818,4,1.0,PFEESA,0.591306249290166,0.181151004097009,False,up
WBGene00014004,4,1.0,PFEESA,0.242250166453673,0.18172633617836,False,up
WBGene00012444,4,1.0,PFEESA,0.288944521438866,0.183165093075524,False,up
WBGene00022748,4,1.0,PFEESA,0.129399249943813,0.185190457213633,False,up
WBGene00009093,4,1.0,PFEESA,0.298310615555125,0.186185196513562,False,up
WBGene00001591,4,1.0,PFEESA,0.781430676785152,0.186303980734891,False,up
WBGene00002100,4,1.0,PFEESA,0.249529385753645,0.187108073502672,False,up
WBGene00007126,4,1.0,PFEESA,0.314897045166834,0.187737637957463,False,up
WBGene00015286,4,1.0,PFEESA,0.276130186718449,0.190152156985503,False,up
WBGene00020555,4,0.6333333333333333,PFEESA,0.894356544540687,0.193497367499357,False,up
WBGene00012945,4,1.0,PFEESA,0.715148963988455,0.194683179093521,False,up
WBGene00044471,4,0.6666666666666666,PFEESA,-1.87717982526722,0.195617554218966,False,down
WBGene00271795,4,1.0,PFEESA,0.514583157871503,0.198081656599393,False,up
WBGene00018318,4,1.0,PFEESA,0.355272303828872,0.198081656599393,False,up
WBGene00001624,4,0.5666666666666667,PFEESA,-0.273705023859562,0.199232834366538,False,down
WBGene00007055,4,1.0,PFEESA,0.204304594533795,0.199361005482004,False,up
WBGene00003756,4,1.0,PFEESA,0.200890827587251,0.201144724037877,False,up
WBGene00007931,4,1.0,PFEESA,0.360213502023145,0.205845415463586,False,up
WBGene00016513,4,1.0,PFEESA,0.515454932065287,0.206214290391674,False,up
WBGene00023417,4,1.0,PFEESA,0.363018625711415,0.209051333096211,False,up
WBGene00009809,4,1.0,PFEESA,0.430353324763856,0.209725509164325,False,up
WBGene00015128,4,0.9333333333333333,PFEESA,0.177137643799142,0.21030207046853,False,up
WBGene00019686,4,1.0,PFEESA,0.193818243651448,0.211362684212591,False,up
WBGene00011953,4,1.0,PFEESA,0.130556277864978,0.211362684212591,False,up
WBGene00017811,4,1.0,PFEESA,0.193725719151598,0.213812483729386,False,up
WBGene00008052,4,1.0,PFEESA,0.203556484437666,0.21674381536068,False,up
WBGene00019782,4,1.0,PFEESA,1.58486520454104,0.216972230399641,False,up
WBGene00011520,4,1.0,PFEESA,0.35098870068576,0.216972230399641,False,up
WBGene00022445,4,1.0,PFEESA,0.397209070481005,0.218953578628218,False,up
WBGene00015410,4,1.0,PFEESA,0.233675546841113,0.219584084307637,False,up
WBGene00015354,4,1.0,PFEESA,0.152614295235797,0.219584084307637,False,up
WBGene00000901,4,1.0,PFEESA,0.109020185503113,0.219584084307637,False,up
WBGene00021637,4,0.5333333333333333,PFEESA,0.143108326287154,0.219592030911951,False,up
WBGene00017160,4,1.0,PFEESA,0.549598917237954,0.220378855184797,False,up
WBGene00013382,4,1.0,PFEESA,0.228813662818598,0.220974825563798,False,up
WBGene00011849,4,1.0,PFEESA,0.286612436992466,0.221464872405991,False,up
WBGene00008531,4,0.9333333333333333,PFEESA,0.169562548722247,0.221464872405991,False,up
WBGene00022781,4,0.5666666666666667,PFEESA,-0.164818356793708,0.221464872405991,False,down
WBGene00020148,4,1.0,PFEESA,0.413892563166858,0.222895372235155,False,up
WBGene00019960,4,1.0,PFEESA,0.410683886202296,0.225345470867259,False,up
WBGene00010546,4,1.0,PFEESA,0.164851415604262,0.226622238842522,False,up
WBGene00003635,4,1.0,PFEESA,0.166896779156738,0.227470240785619,False,up
WBGene00206525,4,1.0,PFEESA,0.431385777596668,0.228129877286457,False,up
WBGene00016677,4,1.0,PFEESA,0.296854507133843,0.231171044396652,False,up
WBGene00017970,4,1.0,PFEESA,0.20870536690467,0.231748642335788,False,up
WBGene00011292,4,1.0,PFEESA,0.310085603770614,0.235286028124098,False,up
WBGene00020469,4,1.0,PFEESA,0.40368800556706,0.237134790309446,False,up
WBGene00003693,4,1.0,PFEESA,0.287916992839246,0.237134790309446,False,up
WBGene00022386,4,1.0,PFEESA,0.292663139217595,0.238135672114293,False,up
WBGene00014099,4,1.0,PFEESA,0.530637345209938,0.239216960037592,False,up
WBGene00010864,4,0.8,PFEESA,0.298187316494675,0.23949402536472,False,up
WBGene00002048,4,1.0,PFEESA,0.261261360626648,0.241228185569159,False,up
WBGene00017675,4,1.0,PFEESA,0.178949976756346,0.243340748381142,False,up
WBGene00020706,4,1.0,PFEESA,0.203865344643457,0.245463296190702,False,up
WBGene00018384,4,1.0,PFEESA,0.751184811277817,0.246155655495098,False,up
WBGene00011449,4,1.0,PFEESA,0.172120612379919,0.246425717602493,False,up
WBGene00019489,4,0.5333333333333333,PFEESA,0.541949444006607,0.248306546056084,False,up
WBGene00007666,4,1.0,PFEESA,0.223258940280636,0.249278453431172,False,up
WBGene00003748,4,1.0,PFEESA,0.185749881466062,0.249436636490096,False,up
WBGene00021281,4,1.0,PFEESA,0.134962399023329,0.2515959931889,False,up
WBGene00010244,4,1.0,PFEESA,0.220797168209671,0.2536624432789,False,up
WBGene00022441,4,1.0,PFEESA,0.308679857206756,0.254356775421632,False,up
WBGene00000899,4,1.0,PFEESA,0.155710041372868,0.256301702404704,False,up
WBGene00015947,4,1.0,PFEESA,0.469286753171652,0.256516267696721,False,up
WBGene00010177,4,1.0,PFEESA,0.198260241570239,0.25665290963754,False,up
WBGene00001448,4,1.0,PFEESA,0.159105175400634,0.25665290963754,False,up
WBGene00015470,4,1.0,PFEESA,0.103872529844797,0.258737798568602,False,up
WBGene00044977,4,1.0,PFEESA,0.539738113287179,0.259116718516252,False,up
WBGene00021400,4,1.0,PFEESA,0.217913045741317,0.260365043848365,False,up
WBGene00004227,4,1.0,PFEESA,0.205751505010861,0.260365043848365,False,up
WBGene00012148,4,1.0,PFEESA,0.26318390389488,0.260872060712305,False,up
WBGene00003822,4,1.0,PFEESA,0.165213400574344,0.260993861596372,False,up
WBGene00018044,4,1.0,PFEESA,0.216525046444675,0.262237686714814,False,up
WBGene00015427,4,0.6,PFEESA,0.302601408515644,0.263508937175711,False,up
WBGene00015434,4,1.0,PFEESA,0.279112509386862,0.263808527451402,False,up
WBGene00013595,4,1.0,PFEESA,0.166426326249615,0.264507404157483,False,up
WBGene00017430,4,1.0,PFEESA,0.245304283057623,0.265746952602074,False,up
WBGene00020135,4,1.0,PFEESA,0.318685162763639,0.269617599532346,False,up
WBGene00010290,4,1.0,PFEESA,0.190102518501758,0.271258866089776,False,up
WBGene00010251,4,1.0,PFEESA,0.205013185543499,0.271673936983021,False,up
WBGene00011623,4,1.0,PFEESA,1.09252883559591,0.279583338732319,False,up
WBGene00044761,4,1.0,PFEESA,0.340298240277472,0.279583338732319,False,up
WBGene00015805,4,1.0,PFEESA,0.221344381124697,0.279905590304246,False,up
WBGene00006923,4,1.0,PFEESA,0.276068500167635,0.280669004185353,False,up
WBGene00016310,4,1.0,PFEESA,0.356793646533073,0.281672655741915,False,up
WBGene00021157,4,0.9333333333333333,PFEESA,0.665029905592786,0.281821897937045,False,up
WBGene00003561,4,1.0,PFEESA,0.218680798788514,0.283988916705184,False,up
WBGene00021215,4,0.9333333333333333,PFEESA,0.764872156769858,0.284877906856364,False,up
WBGene00017502,4,1.0,PFEESA,1.08607398067637,0.286041695526573,False,up
WBGene00016114,4,1.0,PFEESA,0.190003254060466,0.288218843451899,False,up
WBGene00002024,4,1.0,PFEESA,0.261701847027077,0.288939325230876,False,up
WBGene00011737,4,1.0,PFEESA,0.315067771617355,0.291136875098381,False,up
WBGene00002111,4,1.0,PFEESA,0.415252913563292,0.291512496530637,False,up
WBGene00194695,4,0.9333333333333333,PFEESA,0.742491078275302,0.291789437521871,False,up
WBGene00013039,4,1.0,PFEESA,0.168503263139285,0.292704766589939,False,up
WBGene00021057,4,0.9333333333333333,PFEESA,0.126083557231056,0.296346626500328,False,up
WBGene00012182,4,1.0,PFEESA,0.197753260467035,0.296973603186598,False,up
WBGene00011752,4,1.0,PFEESA,0.424633950798563,0.298929004143053,False,up
WBGene00007945,4,0.5666666666666667,PFEESA,0.311563885165402,0.299616675069817,False,up
WBGene00010700,4,0.9,PFEESA,0.205939587625778,0.299616675069817,False,up
WBGene00019995,4,0.5666666666666667,PFEESA,0.193176995938664,0.300669880171432,False,up
WBGene00001462,4,1.0,PFEESA,0.159139616023648,0.301027138774176,False,up
WBGene00016101,4,1.0,PFEESA,0.30650577161525,0.301366763637896,False,up
WBGene00017951,4,0.9666666666666667,PFEESA,0.128689925484327,0.303393897437025,False,up
WBGene00006372,4,1.0,PFEESA,0.212703336227783,0.304654505837246,False,up
WBGene00017609,4,1.0,PFEESA,0.554130501146252,0.306604694157193,False,up
WBGene00003654,4,1.0,PFEESA,0.227319683336612,0.306624665497404,False,up
WBGene00021060,4,0.9666666666666667,PFEESA,0.274164270495844,0.309631917166244,False,up
WBGene00020153,4,1.0,PFEESA,0.373150185192807,0.310643015398966,False,up
WBGene00022284,4,1.0,PFEESA,0.219010189720555,0.311403993997155,False,up
WBGene00019113,4,1.0,PFEESA,0.495723884299443,0.313002926512768,False,up
WBGene00004924,4,1.0,PFEESA,0.162316878184539,0.313805691238711,False,up
WBGene00195176,4,0.9,PFEESA,-0.234923273905057,0.314222045433232,False,down
WBGene00270319,4,1.0,PFEESA,0.25841911347383,0.316125480163934,False,up
WBGene00011517,4,1.0,PFEESA,-0.396814037101501,0.317026825495354,False,down
WBGene00020251,4,1.0,PFEESA,0.132429164370526,0.318858365031734,False,up
WBGene00019232,4,0.9666666666666667,PFEESA,0.305472797306594,0.319584864761853,False,up
WBGene00000666,4,1.0,PFEESA,0.783679646246354,0.32140941865762,False,up
WBGene00011185,4,1.0,PFEESA,0.499135876814603,0.323321323922509,False,up
WBGene00043995,4,0.7666666666666667,PFEESA,0.434292788945506,0.324380218218937,False,up
WBGene00019055,4,1.0,PFEESA,0.277571610384239,0.324380218218937,False,up
WBGene00016488,4,1.0,PFEESA,0.40652373669141,0.324472251103827,False,up
WBGene00007923,4,0.5666666666666667,PFEESA,0.194912859616357,0.324472251103827,False,up
WBGene00008926,4,1.0,PFEESA,0.454259350016478,0.325127056781236,False,up
WBGene00000675,4,1.0,PFEESA,0.447566268590556,0.327859338220834,False,up
WBGene00003741,4,1.0,PFEESA,0.170133857351345,0.327859338220834,False,up
WBGene00010910,4,1.0,PFEESA,0.152951830063058,0.329157440738293,False,up
WBGene00004208,4,1.0,PFEESA,0.10946086472838,0.330207108527246,False,up
WBGene00000723,4,1.0,PFEESA,0.572676508682567,0.332684657497806,False,up
WBGene00002142,4,1.0,PFEESA,0.621893982229263,0.333093842959582,False,up
WBGene00003616,4,0.5666666666666667,PFEESA,0.217072519246399,0.333660359789328,False,up
WBGene00020699,4,1.0,PFEESA,0.82756202497715,0.335650923466736,False,up
WBGene00017045,4,1.0,PFEESA,0.231453627842297,0.337998672949738,False,up
WBGene00008953,4,0.5666666666666667,PFEESA,0.304696076750565,0.339388387347123,False,up
WBGene00010945,4,1.0,PFEESA,0.403492916927214,0.3405630446503,False,up
WBGene00010115,4,1.0,PFEESA,0.127100019858449,0.343895867905904,False,up
WBGene00007898,4,0.9666666666666667,PFEESA,0.245455276950025,0.344230805535458,False,up
WBGene00006220,4,0.6666666666666666,PFEESA,0.300583616476052,0.344513380025733,False,up
WBGene00006660,4,1.0,PFEESA,0.321500162299721,0.345618855753882,False,up
WBGene00003753,4,1.0,PFEESA,0.196637825158695,0.345618855753882,False,up
WBGene00006591,4,1.0,PFEESA,0.395418762568066,0.346387450513824,False,up
WBGene00019381,4,1.0,PFEESA,0.280221319238009,0.346423892420013,False,up
WBGene00019780,4,1.0,PFEESA,0.443759831573821,0.346703327208341,False,up
WBGene00022401,4,1.0,PFEESA,0.130149881132977,0.347163720107898,False,up
WBGene00012825,4,1.0,PFEESA,0.330330170992631,0.347628649979364,False,up
WBGene00003678,4,1.0,PFEESA,0.147773358568803,0.347628649979364,False,up
WBGene00021011,4,1.0,PFEESA,1.08445102542387,0.348355348555434,False,up
WBGene00012185,4,1.0,PFEESA,0.65848247562428,0.348355348555434,False,up
WBGene00013499,4,1.0,PFEESA,0.32347286175125,0.348355348555434,False,up
WBGene00012383,4,1.0,PFEESA,0.540179303997518,0.350596931101235,False,up
WBGene00000415,4,1.0,PFEESA,0.140344999268175,0.351044521030922,False,up
WBGene00022254,4,0.6333333333333333,PFEESA,0.172926420792267,0.35197753068367,False,up
WBGene00219373,4,0.6666666666666666,PFEESA,0.238013208247551,0.352106726302678,False,up
WBGene00010848,4,1.0,PFEESA,0.298713180367255,0.353488077770101,False,up
WBGene00010110,4,1.0,PFEESA,0.223538294300914,0.353488077770101,False,up
WBGene00010133,4,1.0,PFEESA,-0.470730324287655,0.354680175292758,False,down
WBGene00012886,4,1.0,PFEESA,-0.69634295809838,0.357328537320721,False,down
WBGene00016366,4,1.0,PFEESA,0.265017033374225,0.35900810959565,False,up
WBGene00007492,4,1.0,PFEESA,0.109589856166546,0.36019343114961,False,up
WBGene00009033,4,1.0,PFEESA,1.13063309449237,0.36091905848703,False,up
WBGene00011227,4,0.6333333333333333,PFEESA,0.178190177015555,0.36091905848703,False,up
WBGene00007058,4,0.9333333333333333,PFEESA,0.131820845270883,0.361556146842086,False,up
WBGene00000542,4,1.0,PFEESA,0.131678428290612,0.363798728789721,False,up
WBGene00017834,4,1.0,PFEESA,0.299165938109664,0.364984506940568,False,up
WBGene00019890,4,0.9666666666666667,PFEESA,-0.141042532747001,0.366380721528077,False,down
WBGene00015362,4,1.0,PFEESA,0.302803678478208,0.367936458176578,False,up
WBGene00016634,4,1.0,PFEESA,0.239198095599549,0.370823764094739,False,up
WBGene00000530,4,0.9,PFEESA,-0.230469685270978,0.371755148797503,False,down
WBGene00020577,4,1.0,PFEESA,-0.262863486253445,0.371944501854087,False,down
WBGene00003619,4,1.0,PFEESA,0.170050027306734,0.372027089949582,False,up
WBGene00044686,4,1.0,PFEESA,0.176514855069296,0.37218841183778,False,up
WBGene00018872,4,1.0,PFEESA,0.130714586394151,0.37218841183778,False,up
WBGene00012776,4,1.0,PFEESA,0.27807205219604,0.374846044070729,False,up
WBGene00003745,4,1.0,PFEESA,0.273775032098179,0.375061657765852,False,up
WBGene00015350,4,1.0,PFEESA,0.159554513406239,0.375352273274343,False,up
WBGene00012360,4,1.0,PFEESA,0.214159356872386,0.375464766593897,False,up
WBGene00004923,4,1.0,PFEESA,0.153940133368963,0.378188377398934,False,up
WBGene00021890,4,1.0,PFEESA,0.116429960595667,0.381798956176887,False,up
WBGene00019305,4,1.0,PFEESA,0.11825952317713,0.383365356950469,False,up
WBGene00003423,4,1.0,PFEESA,0.10211798336431,0.384128650126557,False,up
WBGene00019801,4,1.0,PFEESA,0.284454790257195,0.384269447548702,False,up
WBGene00013869,4,1.0,PFEESA,0.28133705700619,0.384269447548702,False,up
WBGene00015811,4,1.0,PFEESA,-0.210343759652317,0.385865329476913,False,down
WBGene00012868,4,1.0,PFEESA,0.111524048398681,0.386109304006219,False,up
WBGene00007232,4,1.0,PFEESA,0.378951885615285,0.386345305143729,False,up
WBGene00016465,4,0.5666666666666667,PFEESA,0.857304368537927,0.389418738185278,False,up
WBGene00001574,4,1.0,PFEESA,0.10967617579822,0.390055567914963,False,up
WBGene00011995,4,1.0,PFEESA,0.129995127759311,0.39106870562561,False,up
WBGene00017464,4,1.0,PFEESA,0.248673891278795,0.391890521981101,False,up
WBGene00008229,4,1.0,PFEESA,0.177449950806917,0.39339242653856,False,up
WBGene00010236,4,1.0,PFEESA,0.136102041003163,0.393816486554671,False,up
WBGene00010976,4,0.9333333333333333,PFEESA,0.189626959143607,0.393855951087157,False,up
WBGene00017385,4,1.0,PFEESA,0.124211796178589,0.395772060518865,False,up
WBGene00021586,4,0.8,PFEESA,0.874919210421657,0.396462820721379,False,up
WBGene00003861,4,1.0,PFEESA,0.402474760963729,0.396462820721379,False,up
WBGene00012759,4,1.0,PFEESA,0.109226857928945,0.396893437644486,False,up
WBGene00023407,4,0.9,PFEESA,0.419601729400642,0.403572089928904,False,up
WBGene00014077,4,1.0,PFEESA,0.276859104614934,0.403572089928904,False,up
WBGene00007302,4,1.0,PFEESA,0.239172637942371,0.403572089928904,False,up
WBGene00016167,4,1.0,PFEESA,0.0887849286569609,0.403572089928904,False,up
WBGene00015517,4,1.0,PFEESA,0.183332429365521,0.404497958679158,False,up
WBGene00020562,4,1.0,PFEESA,0.152888310804971,0.40513520326956,False,up
WBGene00018590,4,1.0,PFEESA,0.147752648393555,0.40513520326956,False,up
WBGene00019326,4,0.5666666666666667,PFEESA,0.122591030964275,0.40513520326956,False,up
WBGene00003209,4,1.0,PFEESA,0.136224177027361,0.40549888550227,False,up
WBGene00004862,4,1.0,PFEESA,0.144979756533447,0.405527373511963,False,up
WBGene00006786,4,1.0,PFEESA,0.103595352135081,0.407646710066849,False,up
WBGene00018216,4,1.0,PFEESA,0.165436292191946,0.408805540868941,False,up
WBGene00002192,4,0.9666666666666667,PFEESA,0.0865606849658896,0.408805540868941,False,up
WBGene00004083,4,1.0,PFEESA,0.193809988330837,0.409989486563666,False,up
WBGene00016046,4,1.0,PFEESA,-0.40279981230578,0.413802407567666,False,down
WBGene00008149,4,1.0,PFEESA,-0.0997371466712087,0.41401883532669,False,down
WBGene00015476,4,1.0,PFEESA,0.260656178208252,0.416019072314973,False,up
WBGene00020142,4,1.0,PFEESA,0.120572798308128,0.416069322550853,False,up
WBGene00017137,4,1.0,PFEESA,0.115836788066189,0.416921029180886,False,up
WBGene00019536,4,0.9,PFEESA,0.216435330932343,0.423867436794654,False,up
WBGene00021382,4,0.5666666666666667,PFEESA,0.422265837076798,0.424366477970498,False,up
WBGene00015753,4,0.6666666666666666,PFEESA,0.351867449804365,0.426250438334468,False,up
WBGene00004169,4,1.0,PFEESA,0.184213064122348,0.427004072049791,False,up
WBGene00003599,4,1.0,PFEESA,0.154888073438438,0.427772949119064,False,up
WBGene00012366,4,1.0,PFEESA,0.110899401907137,0.433417942168807,False,up
WBGene00044779,4,1.0,PFEESA,0.729382698572478,0.435571649348657,False,up
WBGene00000911,4,1.0,PFEESA,0.0953619497457045,0.435733558590657,False,up
WBGene00012819,4,1.0,PFEESA,0.382153990409532,0.435932847401117,False,up
WBGene00044182,4,0.5666666666666667,PFEESA,0.719328212588142,0.438564458688619,False,up
WBGene00009851,4,0.8,PFEESA,0.103972892690879,0.438756236871711,False,up
WBGene00004119,4,1.0,PFEESA,0.243789850113994,0.43878125673677,False,up
WBGene00006479,4,0.9333333333333333,PFEESA,0.0962229118399998,0.43878125673677,False,up
WBGene00008820,4,1.0,PFEESA,0.169363671974704,0.439767080725604,False,up
WBGene00002990,4,0.5666666666666667,PFEESA,0.127312569873402,0.439767080725604,False,up
WBGene00002133,4,1.0,PFEESA,0.305065820537541,0.441538361093484,False,up
WBGene00016866,4,1.0,PFEESA,0.428149643714008,0.441557010964297,False,up
WBGene00004168,4,1.0,PFEESA,0.290800656299754,0.44178263763597,False,up
WBGene00009106,4,1.0,PFEESA,0.180446301688739,0.443431843410306,False,up
WBGene00003163,4,1.0,PFEESA,0.245463806473709,0.443829883256134,False,up
WBGene00008444,4,1.0,PFEESA,0.16592637414752,0.44489798309559,False,up
WBGene00006823,4,1.0,PFEESA,0.16506554856813,0.445065838715414,False,up
WBGene00016368,4,1.0,PFEESA,0.263769993353287,0.445679840902066,False,up
WBGene00012254,4,0.6666666666666666,PFEESA,0.675049267576602,0.446124641909471,False,up
WBGene00018355,4,0.5666666666666667,PFEESA,-0.300726401102401,0.446338217267131,False,down
WBGene00015551,4,1.0,PFEESA,-0.136563193243041,0.446462917617241,False,down
WBGene00016028,4,1.0,PFEESA,0.153028812620627,0.446704506572389,False,up
WBGene00021629,4,1.0,PFEESA,0.165144629297635,0.448487229279662,False,up
WBGene00012117,4,0.9666666666666667,PFEESA,0.190864515095773,0.450453599944976,False,up
WBGene00022139,4,1.0,PFEESA,0.0910450310314799,0.450453599944976,False,up
WBGene00018018,4,1.0,PFEESA,0.0859925084567789,0.450453599944976,False,up
WBGene00016407,4,1.0,PFEESA,0.225836003430037,0.450582097872491,False,up
WBGene00006762,4,1.0,PFEESA,0.158642477992939,0.450789251657806,False,up
WBGene00016500,4,1.0,PFEESA,0.205668801681051,0.451535086535774,False,up
WBGene00004894,4,1.0,PFEESA,0.137119328951641,0.451962284203036,False,up
WBGene00012440,4,0.9,PFEESA,0.133524759622771,0.452223075705322,False,up
WBGene00010982,4,1.0,PFEESA,0.190616770686266,0.452288812635238,False,up
WBGene00017620,4,1.0,PFEESA,0.177507895858074,0.452321666848342,False,up
WBGene00019854,4,0.9666666666666667,PFEESA,0.405776327456293,0.45260846604109,False,up
WBGene00002101,4,1.0,PFEESA,0.229277289043745,0.454290598972804,False,up
WBGene00021369,4,1.0,PFEESA,0.159454398331635,0.454290598972804,False,up
WBGene00021702,4,1.0,PFEESA,0.153715787823712,0.454290598972804,False,up
WBGene00001945,4,1.0,PFEESA,0.100834677307849,0.454595581839197,False,up
WBGene00009439,4,1.0,PFEESA,0.263666474273298,0.455485599747128,False,up
WBGene00004318,4,1.0,PFEESA,0.0928018590083835,0.455945235731528,False,up
WBGene00000900,4,1.0,PFEESA,0.0978792604731447,0.45803968632097,False,up
WBGene00018803,4,1.0,PFEESA,0.520425570824398,0.463963007426314,False,up
WBGene00011304,4,1.0,PFEESA,0.179542519065672,0.464103876369058,False,up
WBGene00013632,4,0.9333333333333333,PFEESA,0.148378352728886,0.467136542704994,False,up
WBGene00003072,4,1.0,PFEESA,0.113862166826283,0.467419581935379,False,up
WBGene00004382,4,1.0,PFEESA,0.110833504161023,0.467419581935379,False,up
WBGene00007091,4,1.0,PFEESA,0.106159768221908,0.467419581935379,False,up
WBGene00002129,4,0.9666666666666667,PFEESA,0.147579931855053,0.468649012437519,False,up
WBGene00022026,4,1.0,PFEESA,0.182751494850878,0.469497430958712,False,up
WBGene00019906,4,1.0,PFEESA,0.683098787968345,0.469843852467909,False,up
WBGene00303423,4,1.0,PFEESA,0.340579859528492,0.470030283917398,False,up
WBGene00003009,4,1.0,PFEESA,0.0841187041834944,0.47040232266673,False,up
WBGene00017190,4,0.9333333333333333,PFEESA,0.148069196518176,0.470615866480398,False,up
WBGene00019918,4,0.7,PFEESA,0.267892255994385,0.470879246622197,False,up
WBGene00003740,4,1.0,PFEESA,0.26585526851059,0.472687961082974,False,up
WBGene00004926,4,1.0,PFEESA,0.130190202815268,0.473963924461463,False,up
WBGene00007900,4,1.0,PFEESA,0.197848577286903,0.474217393681712,False,up
WBGene00013244,4,1.0,PFEESA,0.468955518525943,0.476348512161334,False,up
WBGene00001623,4,0.9666666666666667,PFEESA,0.460793294671927,0.478726657065463,False,up
WBGene00016456,4,1.0,PFEESA,0.127461172479755,0.479627276478356,False,up
WBGene00010697,4,1.0,PFEESA,0.163966640426557,0.480830445354326,False,up
WBGene00020200,4,1.0,PFEESA,0.348553870351378,0.481584381510999,False,up
WBGene00002981,4,1.0,PFEESA,0.289323756861584,0.481900517479007,False,up
WBGene00010977,4,0.6333333333333333,PFEESA,0.22357270218403,0.482032874484395,False,up
WBGene00022314,4,1.0,PFEESA,-0.311368946602009,0.482228779900271,False,down
WBGene00022487,4,1.0,PFEESA,-0.618768854245081,0.48354343057065,False,down
WBGene00021497,4,1.0,PFEESA,-0.137043442820316,0.483774451025995,False,down
WBGene00021333,4,1.0,PFEESA,0.212785535488272,0.484227843585973,False,up
WBGene00009594,4,1.0,PFEESA,0.0929474419085715,0.486580855455021,False,up
WBGene00006594,4,0.9333333333333333,PFEESA,0.0890017576002278,0.486593318920127,False,up
WBGene00001519,4,1.0,PFEESA,0.111063469461388,0.487399216950084,False,up
WBGene00004933,4,1.0,PFEESA,0.189092384169757,0.487614718141134,False,up
WBGene00006705,4,1.0,PFEESA,0.318068177288826,0.488066341043953,False,up
WBGene00017291,4,1.0,PFEESA,0.187707920936635,0.488066341043953,False,up
WBGene00017950,4,1.0,PFEESA,0.218590687854213,0.48812769657961,False,up
WBGene00019844,4,0.7,PFEESA,0.174807448522204,0.48812769657961,False,up
WBGene00013734,4,1.0,PFEESA,0.14927217754441,0.489033332168228,False,up
WBGene00003858,4,1.0,PFEESA,0.128108587955335,0.489033332168228,False,up
WBGene00020007,4,0.7666666666666667,PFEESA,0.346353264182669,0.490336490121759,False,up
WBGene00010320,4,1.0,PFEESA,0.186982244825611,0.490742104246975,False,up
WBGene00018375,4,1.0,PFEESA,0.756190078197939,0.490803082945384,False,up
WBGene00045195,4,0.9,PFEESA,0.401071487364221,0.493302013344295,False,up
WBGene00007345,4,1.0,PFEESA,0.314390408039638,0.495075245498088,False,up
WBGene00015633,4,1.0,PFEESA,0.237963563278568,0.495526028560703,False,up
WBGene00003568,4,1.0,PFEESA,0.111732668391248,0.495623599202236,False,up
WBGene00000174,4,1.0,PFEESA,0.417518950028994,0.495835776789498,False,up
WBGene00015197,4,0.6,PFEESA,0.196917803779939,0.495936977510285,False,up
WBGene00009028,4,1.0,PFEESA,0.863312365234,0.497160710940565,False,up
WBGene00008211,4,1.0,PFEESA,0.418767256707014,0.498202713044405,False,up
WBGene00015369,4,1.0,PFEESA,-0.342668357725709,0.498513094991581,False,down
WBGene00003606,4,1.0,PFEESA,0.193355016379557,0.498733813678287,False,up
WBGene00004858,4,0.6333333333333333,PFEESA,0.212491426259921,0.499015933694803,False,up
WBGene00002084,4,1.0,PFEESA,0.134249148339719,0.499015933694803,False,up
WBGene00011392,4,1.0,PFEESA,0.114786694327366,0.499991054219087,False,up
WBGene00003528,4,1.0,PFEESA,0.440192050257097,0.500007945539294,False,up
WBGene00017961,4,0.9,PFEESA,0.185506359988218,0.500007945539294,False,up
WBGene00000370,4,0.9666666666666667,PFEESA,0.132967592155016,0.500830131437592,False,up
WBGene00008677,4,1.0,PFEESA,0.440283945105908,0.502037229935315,False,up
WBGene00004173,4,1.0,PFEESA,0.197642150356427,0.502295571446591,False,up
WBGene00021509,4,1.0,PFEESA,0.127459047529202,0.502457409517839,False,up
WBGene00000485,4,0.5333333333333333,PFEESA,0.113340049568204,0.502457409517839,False,up
WBGene00011060,4,1.0,PFEESA,0.254721017281019,0.503992385512998,False,up
WBGene00021597,4,1.0,PFEESA,0.189764934468498,0.504125489734938,False,up
WBGene00000233,4,1.0,PFEESA,0.196031397390368,0.504438776158116,False,up
WBGene00044283,4,1.0,PFEESA,0.280158579803372,0.504440329389204,False,up
WBGene00007958,4,1.0,PFEESA,0.35814999461252,0.504890331682981,False,up
WBGene00022233,4,1.0,PFEESA,0.139572273556772,0.505303014326801,False,up
WBGene00009702,4,1.0,PFEESA,0.431791570107286,0.505390915466891,False,up
WBGene00007638,4,1.0,PFEESA,0.463926470499104,0.506709109434175,False,up
WBGene00018837,4,1.0,PFEESA,0.0881718379134377,0.506765266539645,False,up
WBGene00009243,4,0.5333333333333333,PFEESA,0.149818746161798,0.510774162121823,False,up
WBGene00017133,4,1.0,PFEESA,0.276344431444509,0.512673803224977,False,up
WBGene00016504,4,1.0,PFEESA,0.156944167001904,0.512673803224977,False,up
WBGene00001479,4,1.0,PFEESA,-0.30976059526075,0.516883492196143,False,down
WBGene00019301,4,1.0,PFEESA,0.0717009920394159,0.5173379116199,False,up
WBGene00009978,4,1.0,PFEESA,0.244501329953325,0.518881768898091,False,up
WBGene00044640,4,1.0,PFEESA,0.16345157119707,0.518881768898091,False,up
WBGene00003978,4,0.9666666666666667,PFEESA,0.123511423513049,0.518881768898091,False,up
WBGene00001955,4,1.0,PFEESA,0.117551486733669,0.518881768898091,False,up
WBGene00020764,4,1.0,PFEESA,0.363163383945409,0.519228490004751,False,up
WBGene00001133,4,0.9333333333333333,PFEESA,0.453215517183707,0.519513739238957,False,up
WBGene00003003,4,0.6333333333333333,PFEESA,0.093512136252343,0.519659723699684,False,up
WBGene00006331,4,1.0,PFEESA,0.118202161398181,0.520386056698223,False,up
WBGene00018265,4,0.9666666666666667,PFEESA,0.15349824606064,0.520723975324493,False,up
WBGene00004317,4,1.0,PFEESA,0.118847175628157,0.520723975324493,False,up
WBGene00001461,4,1.0,PFEESA,0.163980152487105,0.5234856035839,False,up
WBGene00011894,4,0.7,PFEESA,0.265861134032647,0.524791049980072,False,up
WBGene00008628,4,1.0,PFEESA,0.1611291994263,0.524791049980072,False,up
WBGene00003750,4,1.0,PFEESA,0.189962538856634,0.525295380087987,False,up
WBGene00012068,4,0.6,PFEESA,0.352232284089818,0.527941843619122,False,up
WBGene00006996,4,1.0,PFEESA,0.182314963523832,0.527960038441488,False,up
WBGene00003588,4,1.0,PFEESA,0.142986942559511,0.529733908372763,False,up
WBGene00019497,4,1.0,PFEESA,0.241984515816543,0.530125098062873,False,up
WBGene00019747,4,1.0,PFEESA,0.0951204008683893,0.530282337587079,False,up
WBGene00015048,4,1.0,PFEESA,0.163739088057991,0.530914885493934,False,up
WBGene00019284,4,1.0,PFEESA,0.286809804005286,0.532787680253635,False,up
WBGene00004384,4,1.0,PFEESA,0.0996092878354687,0.533132044389887,False,up
WBGene00018260,4,0.9,PFEESA,-0.172618572021394,0.533132044389887,False,down
WBGene00021909,4,1.0,PFEESA,0.193145912572535,0.533618979237282,False,up
WBGene00003965,4,1.0,PFEESA,0.111994388652854,0.533618979237282,False,up
WBGene00006805,4,1.0,PFEESA,0.0713859810496647,0.533618979237282,False,up
WBGene00016842,4,1.0,PFEESA,0.250423468279743,0.534375606558409,False,up
WBGene00010870,4,0.9333333333333333,PFEESA,0.146595736140752,0.536658072424921,False,up
WBGene00014013,4,1.0,PFEESA,0.112046503529524,0.536875130138483,False,up
WBGene00011692,4,1.0,PFEESA,0.282446509465942,0.538051008315902,False,up
WBGene00001439,4,1.0,PFEESA,0.135204147361427,0.538699947320948,False,up
WBGene00009804,4,1.0,PFEESA,0.124400803654266,0.539383715328221,False,up
WBGene00006701,4,1.0,PFEESA,0.117452334560513,0.539383715328221,False,up
WBGene00019160,4,1.0,PFEESA,0.11261907202854,0.540822303055956,False,up
WBGene00007621,4,1.0,PFEESA,0.115553917508379,0.54084424984408,False,up
WBGene00021482,4,1.0,PFEESA,0.124781863475414,0.544120012379642,False,up
WBGene00019436,4,1.0,PFEESA,0.287245594456954,0.5449135006263,False,up
WBGene00016509,4,1.0,PFEESA,0.113827911137419,0.546040228804027,False,up
WBGene00005602,4,1.0,PFEESA,0.38939105401121,0.54727310388961,False,up
WBGene00015278,4,1.0,PFEESA,0.140948491670701,0.550143421532739,False,up
WBGene00006450,4,0.9666666666666667,PFEESA,0.0820178619199021,0.550143421532739,False,up
WBGene00003063,4,1.0,PFEESA,-0.138540910174345,0.550915091096211,False,down
WBGene00013020,4,1.0,PFEESA,0.0936714430432649,0.5519239311307,False,up
WBGene00013242,4,1.0,PFEESA,0.105098814249206,0.552394796377882,False,up
WBGene00012824,4,0.9333333333333333,PFEESA,0.224300366316374,0.552438683267719,False,up
WBGene00021019,4,1.0,PFEESA,0.207744670846023,0.552438683267719,False,up
WBGene00004271,4,1.0,PFEESA,0.108045901904423,0.552438683267719,False,up
WBGene00018349,4,1.0,PFEESA,0.102020609771747,0.552438683267719,False,up
WBGene00014096,4,1.0,PFEESA,0.0661595108694741,0.552438683267719,False,up
WBGene00017852,4,1.0,PFEESA,0.0699987529148793,0.555903226264217,False,up
WBGene00008779,4,1.0,PFEESA,0.311224441052898,0.556821417059941,False,up
WBGene00016929,4,0.9333333333333333,PFEESA,0.794642828917444,0.556845841604958,False,up
WBGene00001081,4,1.0,PFEESA,0.0955829929004333,0.556845841604958,False,up
WBGene00017676,4,0.5333333333333333,PFEESA,0.135961803824034,0.557226935627784,False,up
WBGene00015249,4,1.0,PFEESA,0.117845066129243,0.557226935627784,False,up
WBGene00011097,4,1.0,PFEESA,0.394039157184524,0.558442687566128,False,up
WBGene00009797,4,1.0,PFEESA,0.0970223678293102,0.55944948811146,False,up
WBGene00017813,4,1.0,PFEESA,0.170603613781087,0.559977180043804,False,up
WBGene00002086,4,0.9333333333333333,PFEESA,0.266890148581061,0.560228061142884,False,up
WBGene00009164,4,1.0,PFEESA,0.115501645452077,0.562332604047089,False,up
WBGene00006614,4,0.6333333333333333,PFEESA,0.102895331049277,0.564197886789897,False,up
WBGene00004740,4,1.0,PFEESA,0.0990974985800756,0.564197886789897,False,up
WBGene00021185,4,1.0,PFEESA,-0.166092985847171,0.565110665722368,False,down
WBGene00008576,4,1.0,PFEESA,-0.139152493194478,0.565520043760434,False,down
WBGene00020930,4,0.9,PFEESA,0.0788973049964322,0.566334890964074,False,up
WBGene00018204,4,1.0,PFEESA,0.163473281054181,0.567208886468306,False,up
WBGene00016404,4,1.0,PFEESA,-0.135101360621015,0.567208886468306,False,down
WBGene00002036,4,1.0,PFEESA,0.0796984140443705,0.567425701655763,False,up
WBGene00012031,4,0.9333333333333333,PFEESA,0.0672314695828904,0.567425701655763,False,up
WBGene00000681,4,1.0,PFEESA,0.567240884372186,0.568209751958926,False,up
WBGene00020595,4,1.0,PFEESA,0.282533453802319,0.568318493560439,False,up
WBGene00011189,4,1.0,PFEESA,0.18051868749173,0.569913569174238,False,up
WBGene00017786,4,1.0,PFEESA,0.119122624071254,0.571745724359674,False,up
WBGene00002112,4,0.9333333333333333,PFEESA,0.606258340963226,0.571984517095796,False,up
WBGene00013560,4,1.0,PFEESA,0.155517054033668,0.571984517095796,False,up
WBGene00016919,4,1.0,PFEESA,0.239987478134021,0.572885411706645,False,up
WBGene00015294,4,1.0,PFEESA,0.17591129557818,0.573238264816241,False,up
WBGene00012027,4,0.9333333333333333,PFEESA,0.361584708446639,0.575247796219182,False,up
WBGene00017901,4,1.0,PFEESA,0.153571669897308,0.575339304141704,False,up
WBGene00003151,4,0.9333333333333333,PFEESA,0.0820360727877282,0.575360188191876,False,up
WBGene00013899,4,1.0,PFEESA,0.192045325674693,0.575843135973995,False,up
WBGene00004727,4,1.0,PFEESA,0.132607000280486,0.577085835082836,False,up
WBGene00006941,4,0.5333333333333333,PFEESA,0.091539358958004,0.581431482648449,False,up
WBGene00013882,4,1.0,PFEESA,0.18435923518126,0.581710250242967,False,up
WBGene00006654,4,0.9,PFEESA,0.288630443951214,0.583057647511942,False,up
WBGene00002253,4,1.0,PFEESA,0.191767399528942,0.583057647511942,False,up
WBGene00002195,4,1.0,PFEESA,0.177736632277657,0.583057647511942,False,up
WBGene00009532,4,1.0,PFEESA,0.307110098274465,0.583342990644798,False,up
WBGene00017504,4,1.0,PFEESA,0.190376189757395,0.584141477091808,False,up
WBGene00007973,4,1.0,PFEESA,0.330078164856272,0.585288531594071,False,up
WBGene00008311,4,1.0,PFEESA,0.120830750107675,0.585445414696644,False,up
WBGene00018729,4,1.0,PFEESA,-0.216536945179176,0.585784961938131,False,down
WBGene00016135,4,1.0,PFEESA,0.196441801124614,0.587378143797732,False,up
WBGene00006684,4,1.0,PFEESA,0.294998573742711,0.588204655910484,False,up
WBGene00010681,4,1.0,PFEESA,0.125802664669285,0.589932929598014,False,up
WBGene00011331,4,1.0,PFEESA,0.103152364660375,0.589932929598014,False,up
WBGene00002078,4,1.0,PFEESA,0.0893706707512303,0.591149407205642,False,up
WBGene00015809,4,1.0,PFEESA,-0.110290993847033,0.591149407205642,False,down
WBGene00003149,4,1.0,PFEESA,0.0622017003153582,0.591763367610046,False,up
WBGene00015430,4,1.0,PFEESA,0.116623837726919,0.59231252202851,False,up
WBGene00017663,4,1.0,PFEESA,0.161183563715509,0.592629676058257,False,up
WBGene00011955,4,1.0,PFEESA,0.0839120833105899,0.594839683666282,False,up
WBGene00016044,4,1.0,PFEESA,0.171940238365936,0.595236561712846,False,up
WBGene00009384,4,1.0,PFEESA,0.521679180780448,0.596873926792339,False,up
WBGene00000754,4,1.0,PFEESA,0.61573758741258,0.598728679543659,False,up
WBGene00015705,4,1.0,PFEESA,0.275519987787614,0.598728679543659,False,up
WBGene00015935,4,0.9666666666666667,PFEESA,0.137629872499367,0.599506025419119,False,up
WBGene00023415,4,1.0,PFEESA,0.1637698773211,0.600036877477837,False,up
WBGene00006982,4,1.0,PFEESA,0.142699179028609,0.600101529033726,False,up
WBGene00021808,4,1.0,PFEESA,0.103657500676467,0.600232589736633,False,up
WBGene00003724,4,1.0,PFEESA,-0.145337681118927,0.60046548382139,False,down
WBGene00018564,4,1.0,PFEESA,0.165176242366482,0.600654323105911,False,up
WBGene00009801,4,1.0,PFEESA,0.136189708296648,0.602364216011245,False,up
WBGene00009803,4,1.0,PFEESA,0.221044787136375,0.603503176015152,False,up
WBGene00004145,4,1.0,PFEESA,0.214203716067937,0.604809584608125,False,up
WBGene00044311,4,0.9666666666666667,PFEESA,0.201367996947462,0.604809584608125,False,up
WBGene00008139,4,0.5666666666666667,PFEESA,-0.404151497984657,0.604809584608125,False,down
WBGene00003718,4,1.0,PFEESA,0.173656627369052,0.605743988883646,False,up
WBGene00011270,4,1.0,PFEESA,-0.0804333518708579,0.606666453074287,False,down
WBGene00015889,4,0.8333333333333334,PFEESA,-0.417129742907845,0.606666453074287,False,down
WBGene00013895,4,0.6666666666666666,PFEESA,0.176751470708037,0.60677862034288,False,up
WBGene00019651,4,0.9333333333333333,PFEESA,-0.240108022382491,0.607456549543694,False,down
WBGene00016316,4,0.5666666666666667,PFEESA,0.105764393919458,0.60751985415223,False,up
WBGene00007745,4,1.0,PFEESA,0.141488857094707,0.607907156625998,False,up
WBGene00002270,4,0.9666666666666667,PFEESA,-0.522907676312377,0.607907156625998,False,down
WBGene00011328,4,1.0,PFEESA,0.148372317891749,0.608107410833241,False,up
WBGene00001445,4,1.0,PFEESA,0.132132239325368,0.608824278296569,False,up
WBGene00000103,4,1.0,PFEESA,0.0816237944184702,0.609650837161349,False,up
WBGene00003368,4,0.9333333333333333,PFEESA,0.0802773601714808,0.611390237403595,False,up
WBGene00012412,4,1.0,PFEESA,0.603735915218938,0.611441315322876,False,up
WBGene00013046,4,1.0,PFEESA,-0.256608295679257,0.612523114508684,False,down
WBGene00011698,4,0.9333333333333333,PFEESA,-0.33196926957803,0.612523114508684,False,down
WBGene00015751,4,1.0,PFEESA,0.20337943882382,0.613586004620479,False,up
WBGene00045356,4,0.5333333333333333,PFEESA,0.508818782504125,0.614020770381729,False,up
WBGene00013806,4,1.0,PFEESA,0.228427086618078,0.614020770381729,False,up
WBGene00010028,4,0.9333333333333333,PFEESA,0.0889125573861685,0.614020770381729,False,up
WBGene00017760,4,1.0,PFEESA,0.0568162602732749,0.615203901654822,False,up
WBGene00017692,4,1.0,PFEESA,0.235574638504381,0.615346940304273,False,up
WBGene00006732,4,1.0,PFEESA,-0.129590293589571,0.616070892976963,False,down
WBGene00015232,4,0.9666666666666667,PFEESA,-0.125509246212357,0.617384176173083,False,down
WBGene00004157,4,0.7,PFEESA,0.185694675706297,0.618747409323928,False,up
WBGene00007206,4,0.9666666666666667,PFEESA,0.264830316375814,0.618832404407767,False,up
WBGene00012144,4,1.0,PFEESA,0.249098328932591,0.619835528460804,False,up
WBGene00013926,4,1.0,PFEESA,0.230699175908906,0.619835528460804,False,up
WBGene00016269,4,1.0,PFEESA,-0.178341082059065,0.619835528460804,False,down
WBGene00017128,4,0.6333333333333333,PFEESA,0.134930773565299,0.620341887660674,False,up
WBGene00018756,4,1.0,PFEESA,0.0617053604528159,0.62035144815571,False,up
WBGene00236809,4,0.7666666666666667,PFEESA,0.330698608042016,0.620764218301578,False,up
WBGene00007372,4,1.0,PFEESA,0.178784289241014,0.621657711764655,False,up
WBGene00018788,4,1.0,PFEESA,0.0983885959488709,0.621939389844213,False,up
WBGene00001560,4,1.0,PFEESA,0.18735859985869,0.622593425615028,False,up
WBGene00001394,4,1.0,PFEESA,0.146885425159812,0.623244583177089,False,up
WBGene00001852,4,1.0,PFEESA,0.465208064777105,0.624592626946638,False,up
WBGene00000611,4,0.9666666666666667,PFEESA,0.228840079877881,0.628043601109892,False,up
WBGene00015926,4,1.0,PFEESA,0.0591851628072156,0.628043601109892,False,up
WBGene00009121,4,0.6666666666666666,PFEESA,0.123107938371945,0.629104262193959,False,up
WBGene00018274,4,1.0,PFEESA,0.161854482412542,0.629168768759355,False,up
WBGene00013694,4,1.0,PFEESA,0.0847535762529308,0.629334524757196,False,up
WBGene00004237,4,1.0,PFEESA,-0.0908348184033952,0.629666659228814,False,down
WBGene00017792,4,1.0,PFEESA,0.126434337297388,0.630139591213582,False,up
WBGene00011099,4,1.0,PFEESA,0.307553859040527,0.630805369897928,False,up
WBGene00015497,4,1.0,PFEESA,-0.27416974993968,0.632286759464618,False,down
WBGene00011935,4,1.0,PFEESA,0.0990777753043152,0.632654034286501,False,up
WBGene00017031,4,1.0,PFEESA,0.099762845633591,0.632946315050605,False,up
WBGene00002069,4,1.0,PFEESA,0.235717829566662,0.633675082895719,False,up
WBGene00006833,4,1.0,PFEESA,0.0719042609548797,0.633675082895719,False,up
WBGene00001864,4,1.0,PFEESA,0.224838359347885,0.633702339275494,False,up
WBGene00003685,4,1.0,PFEESA,0.103042706160666,0.634418979288181,False,up
WBGene00000534,4,1.0,PFEESA,0.080162804165649,0.63558823231755,False,up
WBGene00019816,4,1.0,PFEESA,0.125006985784129,0.637796147305458,False,up
WBGene00043297,4,1.0,PFEESA,0.232563064112749,0.638737170130679,False,up
WBGene00000872,4,1.0,PFEESA,0.0850766681766758,0.639591310000205,False,up
WBGene00001177,4,1.0,PFEESA,0.0581127167141964,0.639591310000205,False,up
WBGene00001487,4,0.9666666666666667,PFEESA,0.648511463132918,0.639778157904023,False,up
WBGene00017557,4,1.0,PFEESA,0.102242022883166,0.640138773421942,False,up
WBGene00000793,4,1.0,PFEESA,0.0976082335275247,0.640138773421942,False,up
WBGene00012332,4,1.0,PFEESA,-0.175076888981397,0.640138773421942,False,down
WBGene00020886,4,1.0,PFEESA,0.144828118907704,0.640342612097576,False,up
WBGene00016147,4,1.0,PFEESA,0.360132998823469,0.640637446320776,False,up
WBGene00017979,4,1.0,PFEESA,0.158510241899207,0.640637446320776,False,up
WBGene00002992,4,1.0,PFEESA,0.146595449156156,0.640637446320776,False,up
WBGene00021047,4,1.0,PFEESA,0.0789896617821366,0.642412607179595,False,up
WBGene00007470,4,0.6333333333333333,PFEESA,0.306859842210034,0.643264774518016,False,up
WBGene00007499,4,1.0,PFEESA,-0.081238086630405,0.644587053833753,False,down
WBGene00011397,4,1.0,PFEESA,-0.258573170268804,0.644587053833753,False,down
WBGene00018748,4,1.0,PFEESA,0.189299493817218,0.644789704227019,False,up
WBGene00015393,4,0.9333333333333333,PFEESA,-0.120148064765658,0.644789704227019,False,down
WBGene00007691,4,1.0,PFEESA,0.677461728353473,0.645611751894892,False,up
WBGene00018750,4,1.0,PFEESA,0.281317217916582,0.645611751894892,False,up
WBGene00004751,4,0.9666666666666667,PFEESA,0.081387610237039,0.645611751894892,False,up
WBGene00003403,4,1.0,PFEESA,0.265930551421626,0.645687093578321,False,up
WBGene00010730,4,1.0,PFEESA,0.0846961555895634,0.645687093578321,False,up
WBGene00015409,4,0.6666666666666666,PFEESA,-0.206768803264327,0.645687093578321,False,down
WBGene00019300,4,1.0,PFEESA,0.217213498558685,0.646719446121953,False,up
WBGene00045336,4,0.9666666666666667,PFEESA,-0.188539655228981,0.648170740719053,False,down
WBGene00021446,4,1.0,PFEESA,0.313333861486364,0.648757949547005,False,up
WBGene00013111,4,1.0,PFEESA,0.11238279302058,0.648757949547005,False,up
WBGene00044568,4,0.5333333333333333,PFEESA,-0.169314859118187,0.648757949547005,False,down
WBGene00020315,4,1.0,PFEESA,0.150577703601245,0.648917363221501,False,up
WBGene00005533,4,0.8,PFEESA,0.309943990210266,0.649867535781448,False,up
WBGene00012668,4,1.0,PFEESA,0.173312149929276,0.652701154369728,False,up
WBGene00008513,4,1.0,PFEESA,0.153113246614545,0.653044230319079,False,up
WBGene00015776,4,1.0,PFEESA,0.243831595591448,0.653328489798746,False,up
WBGene00006464,4,1.0,PFEESA,-0.195101926429319,0.653410811494061,False,down
WBGene00000503,4,1.0,PFEESA,-0.27029349475483,0.653410811494061,False,down
WBGene00016097,4,1.0,PFEESA,0.209744231815163,0.653974116330289,False,up
WBGene00007647,4,1.0,PFEESA,0.0750094778807841,0.654717070385027,False,up
WBGene00000383,4,1.0,PFEESA,0.0730960796392448,0.654717070385027,False,up
WBGene00021068,4,1.0,PFEESA,0.120398161283144,0.65493329903025,False,up
WBGene00016330,4,0.9333333333333333,PFEESA,-0.158065425832293,0.65493329903025,False,down
WBGene00009955,4,1.0,PFEESA,0.313801574784277,0.656512318129666,False,up
WBGene00008040,4,1.0,PFEESA,0.262062609395378,0.656569283188537,False,up
WBGene00000616,4,1.0,PFEESA,0.414283334364944,0.656891093920138,False,up
WBGene00013921,4,0.9666666666666667,PFEESA,0.111255371548058,0.656891093920138,False,up
WBGene00001858,4,1.0,PFEESA,0.251906439134833,0.659011027709039,False,up
WBGene00012351,4,1.0,PFEESA,-0.0822305228865133,0.659760908343301,False,down
WBGene00195183,4,1.0,PFEESA,-0.516986092467716,0.66242917671294,False,down
WBGene00001748,4,0.8,PFEESA,0.0485113509990798,0.662749086832566,False,up
WBGene00022063,4,1.0,PFEESA,0.138320018134832,0.663029418513496,False,up
WBGene00013144,4,1.0,PFEESA,-0.0953794448506903,0.664895423228604,False,down
WBGene00000692,4,1.0,PFEESA,0.243395016056023,0.665188619542903,False,up
WBGene00019427,4,1.0,PFEESA,0.0806573775475686,0.665243486314318,False,up
WBGene00000273,4,1.0,PFEESA,0.172844605976607,0.665707887873717,False,up
WBGene00018249,4,1.0,PFEESA,0.0993234350296567,0.665895048591682,False,up
WBGene00017342,4,1.0,PFEESA,0.109668767673514,0.66614713266081,False,up
WBGene00044615,4,0.7,PFEESA,0.171033957284482,0.667754348559134,False,up
WBGene00001391,4,1.0,PFEESA,0.322349111679102,0.667755468070812,False,up
WBGene00003583,4,1.0,PFEESA,0.116206821881501,0.667755468070812,False,up
WBGene00012794,4,1.0,PFEESA,0.0899353916122898,0.66866965159696,False,up
WBGene00000545,4,1.0,PFEESA,0.115499101995635,0.669110874255148,False,up
WBGene00012244,4,1.0,PFEESA,-0.0868691240953744,0.669740516960262,False,down
WBGene00017865,4,1.0,PFEESA,0.237382070499646,0.669852943502474,False,up
WBGene00001515,4,0.5666666666666667,PFEESA,0.078105800162079,0.669852943502474,False,up
WBGene00022078,4,1.0,PFEESA,0.126994521262146,0.670028589006881,False,up
WBGene00001438,4,1.0,PFEESA,0.421131227189687,0.670567489394902,False,up
WBGene00044078,4,1.0,PFEESA,0.117889623151632,0.671183413936597,False,up
WBGene00007226,4,1.0,PFEESA,0.0959122615148691,0.671183413936597,False,up
WBGene00019628,4,1.0,PFEESA,0.0676515441742708,0.671183413936597,False,up
WBGene00016303,4,0.9666666666666667,PFEESA,-0.364930730032809,0.671183413936597,False,down
WBGene00012424,4,1.0,PFEESA,0.213879651101641,0.67134186444279,False,up
WBGene00008970,4,0.5666666666666667,PFEESA,0.211615889668263,0.672451394827019,False,up
WBGene00003476,4,1.0,PFEESA,0.0962167437562267,0.673312073577648,False,up
WBGene00012389,4,0.9666666666666667,PFEESA,0.0713857132895074,0.673312073577648,False,up
WBGene00003582,4,1.0,PFEESA,0.0709919123536801,0.673312073577648,False,up
WBGene00044433,4,1.0,PFEESA,0.186750514629771,0.673599448461661,False,up
WBGene00006791,4,1.0,PFEESA,0.0623194122121967,0.673599448461661,False,up
WBGene00007919,4,1.0,PFEESA,0.399433424124481,0.673723793943598,False,up
WBGene00013756,4,0.9666666666666667,PFEESA,0.233866336582244,0.675047989132897,False,up
WBGene00020849,4,1.0,PFEESA,0.42374718785335,0.675275196883412,False,up
WBGene00005654,4,1.0,PFEESA,0.435266123026715,0.676622040132305,False,up
WBGene00003014,4,1.0,PFEESA,-0.0742153421314605,0.676622040132305,False,down
WBGene00044536,4,1.0,PFEESA,0.435395461196338,0.677196472252761,False,up
WBGene00016332,4,1.0,PFEESA,0.339715421344925,0.677314323503094,False,up
WBGene00018285,4,1.0,PFEESA,0.0590618164472225,0.678204045407833,False,up
WBGene00020114,4,1.0,PFEESA,0.0566476106930114,0.678626468244833,False,up
WBGene00022280,4,1.0,PFEESA,0.0732092775675792,0.679202679299116,False,up
WBGene00002299,4,1.0,PFEESA,0.106286693935023,0.679606936523744,False,up
WBGene00008421,4,0.5666666666666667,PFEESA,0.207316457112674,0.682183089632333,False,up
WBGene00012641,4,1.0,PFEESA,0.103111268690707,0.682512942915867,False,up
WBGene00007054,4,1.0,PFEESA,0.0864148493057659,0.682512942915867,False,up
WBGene00009985,4,1.0,PFEESA,0.286055375642466,0.682940705792596,False,up
WBGene00001193,4,1.0,PFEESA,0.0944507849763025,0.683502121825051,False,up
WBGene00020248,4,1.0,PFEESA,-0.173788118647116,0.683502121825051,False,down
WBGene00006663,4,1.0,PFEESA,0.0847065447403489,0.683510497233876,False,up
WBGene00004879,4,1.0,PFEESA,0.0787690534397555,0.683510497233876,False,up
WBGene00012783,4,1.0,PFEESA,0.267698400140733,0.685097896369227,False,up
WBGene00013900,4,1.0,PFEESA,-0.474301011149175,0.685162082696138,False,down
WBGene00022324,4,1.0,PFEESA,0.611471104193588,0.685469916779948,False,up
WBGene00021858,4,1.0,PFEESA,0.398216850607824,0.685469916779948,False,up
WBGene00009291,4,1.0,PFEESA,0.228264403739162,0.685469916779948,False,up
WBGene00003589,4,1.0,PFEESA,0.118076862186561,0.686928560799533,False,up
WBGene00008588,4,1.0,PFEESA,-0.154792938572883,0.687563817436222,False,down
WBGene00014053,4,1.0,PFEESA,0.971428334342855,0.689121228336135,False,up
WBGene00015778,4,0.9666666666666667,PFEESA,0.107769701269918,0.690458440106478,False,up
WBGene00009850,4,0.9666666666666667,PFEESA,0.107446085693959,0.690830025375178,False,up
WBGene00006881,4,1.0,PFEESA,0.133832428100034,0.692425308123054,False,up
WBGene00021855,4,1.0,PFEESA,0.0958993406390351,0.692425308123054,False,up
WBGene00011098,4,0.9666666666666667,PFEESA,0.308172575649772,0.692596408362004,False,up
WBGene00006750,4,0.6,PFEESA,0.0731441242668495,0.693417380582426,False,up
WBGene00002265,4,1.0,PFEESA,0.235236838963644,0.693713243004297,False,up
WBGene00003626,4,1.0,PFEESA,0.0954134923592753,0.693713243004297,False,up
WBGene00001109,4,1.0,PFEESA,0.210003105475889,0.693727206539297,False,up
WBGene00017478,4,1.0,PFEESA,0.152282681147082,0.693727206539297,False,up
WBGene00004928,4,0.9333333333333333,PFEESA,0.108753439777546,0.694214482261246,False,up
WBGene00004144,4,1.0,PFEESA,0.280040771139055,0.694429342867479,False,up
WBGene00000298,4,0.8,PFEESA,0.157702155429206,0.694804376219265,False,up
WBGene00002889,4,0.6333333333333333,PFEESA,0.0674882713589827,0.694804376219265,False,up
WBGene00015371,4,1.0,PFEESA,-0.41502370130957,0.694804376219265,False,down
WBGene00017671,4,1.0,PFEESA,0.0799706666779406,0.695532256235477,False,up
WBGene00010872,4,1.0,PFEESA,0.0870479670626951,0.698929255623796,False,up
WBGene00015433,4,1.0,PFEESA,0.289128318136143,0.699105865055053,False,up
WBGene00044509,4,0.9666666666666667,PFEESA,-0.148662847396108,0.69916902668312,False,down
WBGene00007480,4,0.6666666666666666,PFEESA,0.117430109709294,0.69918132812359,False,up
WBGene00012980,4,1.0,PFEESA,0.0699540089147311,0.699346199438794,False,up
WBGene00009448,4,1.0,PFEESA,0.0841896506397075,0.699976576300094,False,up
WBGene00020031,4,1.0,PFEESA,0.0998317894614055,0.700543371418003,False,up
WBGene00011732,4,1.0,PFEESA,0.0754597379156357,0.700802500258478,False,up
WBGene00011326,4,0.7,PFEESA,0.0658174814202551,0.700802500258478,False,up
WBGene00015857,4,1.0,PFEESA,0.198699596042888,0.701689543355313,False,up
WBGene00008198,4,1.0,PFEESA,0.109331851558529,0.702885147027316,False,up
WBGene00008439,4,1.0,PFEESA,0.190464585193188,0.703133603014564,False,up
WBGene00022181,4,1.0,PFEESA,0.403421083985236,0.703407851905995,False,up
WBGene00019872,4,1.0,PFEESA,0.0925295842912522,0.703666122053363,False,up
WBGene00019487,4,1.0,PFEESA,0.0862821418943246,0.703820135608939,False,up
WBGene00012113,4,1.0,PFEESA,0.293084574232619,0.704921859062989,False,up
WBGene00016293,4,0.6666666666666666,PFEESA,0.235185990863987,0.704921859062989,False,up
WBGene00000788,4,1.0,PFEESA,0.152649887976766,0.705803221074737,False,up
WBGene00015204,4,0.5333333333333333,PFEESA,0.0756089978066871,0.706090989165939,False,up
WBGene00000787,4,0.9333333333333333,PFEESA,-0.0739706015963077,0.706090989165939,False,down
WBGene00012005,4,1.0,PFEESA,0.0819949002027074,0.707809942014703,False,up
WBGene00012703,4,1.0,PFEESA,0.159438191754753,0.708027206806906,False,up
WBGene00016128,4,1.0,PFEESA,0.0798368333875474,0.70803020893625,False,up
WBGene00007219,4,1.0,PFEESA,0.0985050975975189,0.708670554966536,False,up
WBGene00004030,4,0.9,PFEESA,0.147609080180329,0.709598998457265,False,up
WBGene00015647,4,0.5333333333333333,PFEESA,0.0860739286103985,0.711504794061325,False,up
WBGene00020209,4,1.0,PFEESA,0.0663115600082874,0.711625811817783,False,up
WBGene00011727,4,1.0,PFEESA,0.226802709836936,0.711859077703071,False,up
WBGene00006629,4,1.0,PFEESA,0.163820630069327,0.711859077703071,False,up
WBGene00021469,4,1.0,PFEESA,0.158225160057503,0.711859077703071,False,up
WBGene00016716,4,1.0,PFEESA,0.107777505632381,0.711859077703071,False,up
WBGene00020827,4,1.0,PFEESA,0.0912581594898945,0.711859077703071,False,up
WBGene00016321,4,1.0,PFEESA,0.0720469505556614,0.711859077703071,False,up
WBGene00007878,4,1.0,PFEESA,-0.159924270760848,0.711859077703071,False,down
WBGene00013326,4,0.7666666666666667,PFEESA,0.0851894413614164,0.714000558093858,False,up
WBGene00011146,4,1.0,PFEESA,0.118292632177744,0.715162431372335,False,up
WBGene00002108,4,1.0,PFEESA,0.512481259857464,0.715451772775427,False,up
WBGene00271701,4,0.9333333333333333,PFEESA,-0.213840684848653,0.715625462626426,False,down
WBGene00001512,4,0.9666666666666667,PFEESA,-0.116286681316376,0.715659631446437,False,down
WBGene00011705,4,1.0,PFEESA,0.105591372741697,0.715922669444795,False,up
WBGene00004038,4,1.0,PFEESA,0.0740464251390472,0.715922669444795,False,up
WBGene00045295,4,1.0,PFEESA,0.192823101687198,0.716333871294292,False,up
WBGene00021439,4,1.0,PFEESA,0.10698091199411,0.717610492854062,False,up
WBGene00010348,4,1.0,PFEESA,-0.212870541532631,0.717639777992564,False,down
WBGene00015552,4,1.0,PFEESA,0.0844525870795619,0.718227614788118,False,up
WBGene00007421,4,1.0,PFEESA,0.180463110179289,0.71879563128066,False,up
WBGene00009534,4,1.0,PFEESA,0.118976909696366,0.719297119179129,False,up
WBGene00009578,4,1.0,PFEESA,-0.112985406546833,0.719297119179129,False,down
WBGene00011251,4,0.5333333333333333,PFEESA,0.172357511833174,0.719756012188779,False,up
WBGene00007416,4,1.0,PFEESA,0.166621641336219,0.719984081980854,False,up
WBGene00000553,4,1.0,PFEESA,0.0708066217298989,0.720486486238078,False,up
WBGene00008530,4,1.0,PFEESA,0.0835310066826852,0.721035233309976,False,up
WBGene00008615,4,1.0,PFEESA,0.359640450077695,0.721302663742434,False,up
WBGene00013485,4,1.0,PFEESA,0.181177936184529,0.721571747018112,False,up
WBGene00001493,4,1.0,PFEESA,0.0621490136697787,0.721571747018112,False,up
WBGene00007883,4,1.0,PFEESA,0.0940849756864301,0.722724627743635,False,up
WBGene00021740,4,1.0,PFEESA,0.121386424644109,0.722848444987181,False,up
WBGene00014989,4,0.6,PFEESA,0.0947119113920829,0.723819683228883,False,up
WBGene00006984,4,1.0,PFEESA,0.12881875972979,0.723890072966874,False,up
WBGene00008006,4,0.9333333333333333,PFEESA,0.0620959353022996,0.723890072966874,False,up
WBGene00013202,4,1.0,PFEESA,0.065699518488034,0.723938344629944,False,up
WBGene00008610,4,1.0,PFEESA,0.142732839041536,0.724062212488448,False,up
WBGene00011644,4,1.0,PFEESA,0.128296068461017,0.724062212488448,False,up
WBGene00012216,4,0.6666666666666666,PFEESA,-0.140579522490793,0.724062212488448,False,down
WBGene00008832,4,1.0,PFEESA,0.0805547118206268,0.725486161711094,False,up
WBGene00020806,4,1.0,PFEESA,0.121454520848633,0.725774757542587,False,up
WBGene00010955,4,0.6333333333333333,PFEESA,0.953343045768795,0.726241489061047,False,up
WBGene00013996,4,1.0,PFEESA,0.255420029938143,0.726241489061047,False,up
WBGene00016099,4,0.9666666666666667,PFEESA,0.217160889163628,0.726241489061047,False,up
WBGene00003544,4,1.0,PFEESA,0.166695762692641,0.726241489061047,False,up
WBGene00004345,4,1.0,PFEESA,0.0837776866955907,0.726241489061047,False,up
WBGene00019102,4,0.9,PFEESA,0.070491011244241,0.726241489061047,False,up
WBGene00019289,4,0.9666666666666667,PFEESA,-0.0805063365930922,0.726241489061047,False,down
WBGene00008572,4,1.0,PFEESA,-0.0818455590551257,0.726241489061047,False,down
WBGene00012585,4,1.0,PFEESA,0.337191103888375,0.726915029824709,False,up
WBGene00003698,4,1.0,PFEESA,-0.169324650901779,0.728406442138046,False,down
WBGene00006621,4,0.6,PFEESA,-0.248448300738698,0.728419669576514,False,down
WBGene00001449,4,1.0,PFEESA,0.0889162712441015,0.729795524507593,False,up
WBGene00011344,4,1.0,PFEESA,0.0930861093210323,0.730394103798574,False,up
WBGene00000832,4,0.9333333333333333,PFEESA,-0.0483409051995961,0.732201882549702,False,down
WBGene00008027,4,1.0,PFEESA,0.268683141642576,0.732591805235078,False,up
WBGene00017380,4,0.7,PFEESA,0.0559809280195663,0.733308545139093,False,up
WBGene00001837,4,0.9333333333333333,PFEESA,0.0554588399294157,0.733774539590774,False,up
WBGene00013898,4,1.0,PFEESA,0.224614073093825,0.73480623596315,False,up
WBGene00017353,4,1.0,PFEESA,0.123487805559509,0.73480623596315,False,up
WBGene00014175,4,1.0,PFEESA,0.153185281597814,0.735666639325751,False,up
WBGene00015251,4,1.0,PFEESA,0.209865011143304,0.738460895314597,False,up
WBGene00044697,4,0.7333333333333333,PFEESA,-0.241759269523132,0.738506358824601,False,down
WBGene00006415,4,1.0,PFEESA,0.0552967593662624,0.740152195155855,False,up
WBGene00022358,4,1.0,PFEESA,0.0466653060080669,0.740254410960459,False,up
WBGene00015868,4,1.0,PFEESA,0.0659110330815493,0.741614817374492,False,up
WBGene00016974,4,0.9333333333333333,PFEESA,-0.106646203756064,0.742301287451113,False,down
WBGene00016406,4,1.0,PFEESA,0.114450503104476,0.742856442349154,False,up
WBGene00006812,4,1.0,PFEESA,0.070716058475153,0.742897869988996,False,up
WBGene00015002,4,0.5333333333333333,PFEESA,0.162399125043651,0.743529279181826,False,up
WBGene00003697,4,1.0,PFEESA,0.142408511521717,0.743529279181826,False,up
WBGene00007555,4,1.0,PFEESA,-0.0720594241698275,0.743529279181826,False,down
WBGene00003562,4,1.0,PFEESA,0.435240689803803,0.743946113683695,False,up
WBGene00008971,4,1.0,PFEESA,0.13449955826769,0.743946113683695,False,up
WBGene00017653,4,1.0,PFEESA,0.108324576970753,0.743946113683695,False,up
WBGene00006702,4,1.0,PFEESA,0.0744625827405111,0.743946113683695,False,up
WBGene00009996,4,1.0,PFEESA,-0.0868262539728803,0.743946113683695,False,down
WBGene00003038,4,0.9666666666666667,PFEESA,-0.0939748180617115,0.743946113683695,False,down
WBGene00000169,4,1.0,PFEESA,-0.140636320347101,0.743946113683695,False,down
WBGene00017306,4,1.0,PFEESA,0.159866731429086,0.745322816522902,False,up
WBGene00013317,4,1.0,PFEESA,-0.0825161692837466,0.745322816522902,False,down
WBGene00044508,4,1.0,PFEESA,-0.0853706995628286,0.745322816522902,False,down
WBGene00000286,4,1.0,PFEESA,0.0836720524880363,0.746691829757319,False,up
WBGene00001145,4,1.0,PFEESA,0.0553286754293935,0.74743973834432,False,up
WBGene00003558,4,1.0,PFEESA,0.0769081982674807,0.748090009942122,False,up
WBGene00004135,4,1.0,PFEESA,0.108688893350594,0.748346144599093,False,up
WBGene00012100,4,1.0,PFEESA,0.0658971195632889,0.749429092717833,False,up
WBGene00015993,4,1.0,PFEESA,0.640373731511527,0.750823157707727,False,up
WBGene00010935,4,1.0,PFEESA,0.121126147053596,0.750823157707727,False,up
WBGene00009380,4,1.0,PFEESA,0.109474039606695,0.750990473544301,False,up
WBGene00004336,4,1.0,PFEESA,0.0920236281249523,0.751423160794409,False,up
WBGene00003388,4,0.9666666666666667,PFEESA,-0.0990860670118818,0.751541928761094,False,down
WBGene00004037,4,1.0,PFEESA,0.0989770458583781,0.75182690222215,False,up
WBGene00012204,4,0.7,PFEESA,0.0482610341064571,0.752000787109202,False,up
WBGene00001053,4,0.9666666666666667,PFEESA,0.106312650693703,0.75306227661071,False,up
WBGene00007408,4,1.0,PFEESA,0.189638866971159,0.753286500959217,False,up
WBGene00021965,4,0.7333333333333333,PFEESA,0.194319550292034,0.753414897761726,False,up
WBGene00013905,4,0.9666666666666667,PFEESA,-0.417974264840524,0.753616779295187,False,down
WBGene00003573,4,0.9,PFEESA,-0.128164351677949,0.754588673915769,False,down
WBGene00009399,4,1.0,PFEESA,0.148148199097029,0.755270020931246,False,up
WBGene00009974,4,0.9666666666666667,PFEESA,0.0854800718146885,0.75580577708543,False,up
WBGene00000041,4,1.0,PFEESA,0.0632773776313898,0.75586874528343,False,up
WBGene00003598,4,0.9666666666666667,PFEESA,0.0464607870528685,0.757186751321762,False,up
WBGene00001444,4,1.0,PFEESA,0.0643862166188128,0.757353718671521,False,up
WBGene00019571,4,1.0,PFEESA,-0.234404526303622,0.757729192014028,False,down
WBGene00017547,4,1.0,PFEESA,0.0690388047770139,0.760862397591465,False,up
WBGene00012554,4,1.0,PFEESA,0.0748870890919759,0.76097179497239,False,up
WBGene00008647,4,0.9666666666666667,PFEESA,-0.351895599984589,0.762054810590703,False,down
WBGene00021610,4,1.0,PFEESA,0.144668179628128,0.763113280791147,False,up
WBGene00004013,4,0.5666666666666667,PFEESA,0.0720424913190139,0.763113280791147,False,up
WBGene00012987,4,1.0,PFEESA,0.0690551344962957,0.763113280791147,False,up
WBGene00004300,4,1.0,PFEESA,0.442976529739152,0.763794855724234,False,up
WBGene00004921,4,1.0,PFEESA,0.0514248121398797,0.763794855724234,False,up
WBGene00001803,4,1.0,PFEESA,0.127636701455718,0.764345696247443,False,up
WBGene00008021,4,0.9666666666666667,PFEESA,0.107001662798957,0.764345696247443,False,up
WBGene00008603,4,1.0,PFEESA,0.0700547192669546,0.766208645610311,False,up
WBGene00004807,4,1.0,PFEESA,0.0308290551068378,0.766208645610311,False,up
WBGene00008204,4,1.0,PFEESA,0.112903936894756,0.766420042828543,False,up
WBGene00018607,4,1.0,PFEESA,0.111328822736622,0.766420042828543,False,up
WBGene00185092,4,1.0,PFEESA,0.155950092898852,0.766793578392334,False,up
WBGene00001395,4,1.0,PFEESA,0.0829242101493454,0.767535116914368,False,up
WBGene00018150,4,1.0,PFEESA,0.0697529664432004,0.76766472592921,False,up
WBGene00011284,4,1.0,PFEESA,0.111160006173885,0.769247540189156,False,up
WBGene00015067,4,1.0,PFEESA,0.107419941150433,0.771089605992722,False,up
WBGene00022039,4,1.0,PFEESA,-0.256295716699004,0.775307498112934,False,down
WBGene00016602,4,1.0,PFEESA,-0.0489615901636693,0.776043836975933,False,down
WBGene00009772,4,1.0,PFEESA,0.0467916694509481,0.776771588632938,False,up
WBGene00019827,4,1.0,PFEESA,0.0663504954592243,0.777259169645369,False,up
WBGene00012387,4,0.9333333333333333,PFEESA,-0.138150148649938,0.77833610876094,False,down
WBGene00018621,4,1.0,PFEESA,0.205477506576896,0.780154445776854,False,up
WBGene00009660,4,1.0,PFEESA,0.124877860183461,0.780301705270338,False,up
WBGene00003716,4,1.0,PFEESA,0.0971454866917529,0.781228482267839,False,up
WBGene00008915,4,1.0,PFEESA,0.148506898277042,0.78181859880829,False,up
WBGene00017724,4,1.0,PFEESA,0.146961031011965,0.78181859880829,False,up
WBGene00007592,4,0.5666666666666667,PFEESA,-0.0742342747523296,0.781966753159257,False,down
WBGene00015056,4,1.0,PFEESA,0.0960105853863884,0.781995620938539,False,up
WBGene00002184,4,1.0,PFEESA,-0.086244913036708,0.781995620938539,False,down
WBGene00011931,4,1.0,PFEESA,0.147250792333949,0.78343799660161,False,up
WBGene00010010,4,0.9,PFEESA,0.112263661678133,0.784321998124698,False,up
WBGene00011261,4,1.0,PFEESA,0.0857859710848637,0.784799531212389,False,up
WBGene00008356,4,1.0,PFEESA,0.0501740630020952,0.785163165376574,False,up
WBGene00011854,4,1.0,PFEESA,0.114235006593683,0.785548504540544,False,up
WBGene00006693,4,0.5333333333333333,PFEESA,-0.0899013388865301,0.785548504540544,False,down
WBGene00008177,4,1.0,PFEESA,0.0872630497501468,0.785857997321877,False,up
WBGene00019733,4,1.0,PFEESA,0.0450199887758822,0.785862139061908,False,up
WBGene00019875,4,1.0,PFEESA,0.0447553942978656,0.786850181029326,False,up
WBGene00000820,4,1.0,PFEESA,0.174311772665423,0.786953087879954,False,up
WBGene00005000,4,1.0,PFEESA,0.0945390569886575,0.788146667890418,False,up
WBGene00007551,4,1.0,PFEESA,0.201622513238562,0.788362055825119,False,up
WBGene00017195,4,1.0,PFEESA,-0.0600940511420043,0.788362055825119,False,down
WBGene00009929,4,1.0,PFEESA,0.10220829276658,0.789079950913088,False,up
WBGene00019884,4,1.0,PFEESA,0.0608486597012919,0.789777765087385,False,up
WBGene00016596,4,0.5666666666666667,PFEESA,-0.284066509601066,0.789905431552787,False,down
WBGene00015704,4,0.5666666666666667,PFEESA,-0.0693101093043712,0.790563769685222,False,down
WBGene00014198,4,1.0,PFEESA,0.151559938609541,0.791179047890777,False,up
WBGene00003518,4,1.0,PFEESA,0.222573357060386,0.791929202797234,False,up
WBGene00022130,4,1.0,PFEESA,-0.177112606572439,0.792029054234378,False,down
WBGene00007764,4,1.0,PFEESA,-0.126602556660007,0.792247291460608,False,down
WBGene00017039,4,1.0,PFEESA,0.075344583228813,0.793734805199657,False,up
WBGene00021956,4,1.0,PFEESA,0.048988186248149,0.7946079793621,False,up
WBGene00004036,4,1.0,PFEESA,0.0600111743703999,0.794874507991424,False,up
WBGene00019357,4,1.0,PFEESA,-0.120426970547877,0.796127806671287,False,down
WBGene00017850,4,0.9,PFEESA,-0.0840110938411805,0.79626967964239,False,down
WBGene00008315,4,0.5666666666666667,PFEESA,0.148438490498946,0.797473901309503,False,up
WBGene00008980,4,1.0,PFEESA,0.0708021141452909,0.797510124129182,False,up
WBGene00003966,4,1.0,PFEESA,-0.0736129326227102,0.797636610342517,False,down
WBGene00018747,4,0.9,PFEESA,-0.206304977561594,0.797823120454551,False,down
WBGene00001671,4,1.0,PFEESA,0.154075717573448,0.79804895146107,False,up
WBGene00020931,4,1.0,PFEESA,-0.0701002293476945,0.79804895146107,False,down
WBGene00007950,4,1.0,PFEESA,0.17902433657064,0.799232795912468,False,up
WBGene00003680,4,1.0,PFEESA,0.118623816430661,0.799232795912468,False,up
WBGene00011026,4,1.0,PFEESA,0.0857850401920377,0.799232795912468,False,up
WBGene00001463,4,1.0,PFEESA,0.0670431054425058,0.799232795912468,False,up
WBGene00014250,4,1.0,PFEESA,-0.0583829749549238,0.799457830737907,False,down
WBGene00009667,4,0.5666666666666667,PFEESA,0.0571760318719079,0.799688733810025,False,up
WBGene00014066,4,1.0,PFEESA,0.0481949077572311,0.799688733810025,False,up
WBGene00022383,4,1.0,PFEESA,0.256316953336888,0.800285994172331,False,up
WBGene00014159,4,0.6333333333333333,PFEESA,-0.0846785730144993,0.800722972894472,False,down
WBGene00020887,4,1.0,PFEESA,0.0887172059520651,0.80145642401859,False,up
WBGene00010484,4,1.0,PFEESA,0.105325145577715,0.801622709885521,False,up
WBGene00022048,4,1.0,PFEESA,0.0537693123759755,0.801936643425656,False,up
WBGene00010018,4,1.0,PFEESA,0.195667211995854,0.802916035371162,False,up
WBGene00014017,4,1.0,PFEESA,0.0613178708224395,0.803433358202789,False,up
WBGene00018164,4,0.9333333333333333,PFEESA,0.0497135104071939,0.803721470185297,False,up
WBGene00004272,4,1.0,PFEESA,-0.039152528883687,0.803951480110141,False,down
WBGene00009957,4,0.9666666666666667,PFEESA,0.185798739046608,0.803988176730227,False,up
WBGene00022749,4,0.5666666666666667,PFEESA,0.0552121522474483,0.80488984720239,False,up
WBGene00011100,4,1.0,PFEESA,0.123619994249592,0.804925775230291,False,up
WBGene00003700,4,1.0,PFEESA,0.124056992692356,0.804951377347133,False,up
WBGene00015479,4,1.0,PFEESA,-0.153971378633098,0.805550529003347,False,down
WBGene00017582,4,1.0,PFEESA,0.122426528907137,0.805953282105362,False,up
WBGene00020014,4,1.0,PFEESA,0.323791646692914,0.806320500513148,False,up
WBGene00019726,4,0.6666666666666666,PFEESA,0.0470937626857497,0.807165306452463,False,up
WBGene00008357,4,1.0,PFEESA,-0.063557429860494,0.808864050190748,False,down
WBGene00008886,4,1.0,PFEESA,0.273184871308477,0.809447123600793,False,up
WBGene00020096,4,0.9,PFEESA,0.052902269506033,0.809783362953897,False,up
WBGene00016115,4,1.0,PFEESA,0.0611186911236389,0.810413942447912,False,up
WBGene00044636,4,1.0,PFEESA,-0.105274164343742,0.811911485413986,False,down
WBGene00022500,4,1.0,PFEESA,0.0624147879055415,0.812948519624322,False,up
WBGene00004138,4,1.0,PFEESA,0.0733489006305144,0.814298852133023,False,up
WBGene00016187,4,0.5666666666666667,PFEESA,0.354163997892924,0.814804401735466,False,up
WBGene00008435,4,1.0,PFEESA,0.0879558720249742,0.814804401735466,False,up
WBGene00000509,4,1.0,PFEESA,0.0559726778016316,0.814804401735466,False,up
WBGene00021639,4,1.0,PFEESA,0.197231949390494,0.814808396081831,False,up
WBGene00007016,4,1.0,PFEESA,0.041478348086111,0.8161317608786,False,up
WBGene00007749,4,1.0,PFEESA,0.103677767111094,0.817104465673609,False,up
WBGene00021504,4,1.0,PFEESA,0.381363503865139,0.817192207414446,False,up
WBGene00086553,4,0.5333333333333333,PFEESA,0.215996139762694,0.817192207414446,False,up
WBGene00007981,4,1.0,PFEESA,0.0792017722121665,0.817192207414446,False,up
WBGene00020170,4,1.0,PFEESA,-0.212390185606693,0.81726924105386,False,down
WBGene00004100,4,1.0,PFEESA,0.112726122763794,0.817519238825566,False,up
WBGene00018288,4,1.0,PFEESA,0.107317437002248,0.817519238825566,False,up
WBGene00020651,4,0.6666666666666666,PFEESA,0.0770351343941154,0.817519238825566,False,up
WBGene00016383,4,1.0,PFEESA,0.070565988619232,0.817519238825566,False,up
WBGene00004276,4,1.0,PFEESA,0.0449584245924033,0.817519238825566,False,up
WBGene00013577,4,1.0,PFEESA,0.0392453586088906,0.817519238825566,False,up
WBGene00015076,4,1.0,PFEESA,-0.163238312065147,0.817519238825566,False,down
WBGene00004249,4,1.0,PFEESA,0.106414161027333,0.817532528168852,False,up
WBGene00004128,4,1.0,PFEESA,0.0442029329028817,0.817532528168852,False,up
WBGene00010809,4,1.0,PFEESA,0.0588556881560984,0.818521950000263,False,up
WBGene00017299,4,0.7,PFEESA,-0.0859850865698395,0.818630267071109,False,down
WBGene00017894,4,0.7666666666666667,PFEESA,0.0915806844394773,0.819848398348352,False,up
WBGene00006983,4,0.9666666666666667,PFEESA,0.149020186985806,0.820714577818821,False,up
WBGene00001160,4,1.0,PFEESA,0.0646142147801143,0.820882496833393,False,up
WBGene00016975,4,1.0,PFEESA,-0.0696531865726367,0.820882496833393,False,down
WBGene00001547,4,0.9666666666666667,PFEESA,-0.0996175868109079,0.820882496833393,False,down
WBGene00004176,4,1.0,PFEESA,-0.451140405017589,0.820924868831312,False,down
WBGene00010655,4,0.9666666666666667,PFEESA,-0.190485287137554,0.820980141331154,False,down
WBGene00004234,4,1.0,PFEESA,0.14887364438783,0.821052400195855,False,up
WBGene00012339,4,1.0,PFEESA,0.0755425797308787,0.821816950821897,False,up
WBGene00018730,4,1.0,PFEESA,0.230107884108273,0.822540068153013,False,up
WBGene00017726,4,0.9333333333333333,PFEESA,0.152422417932004,0.822540068153013,False,up
WBGene00018214,4,0.8666666666666667,PFEESA,-0.0538166223667442,0.822540068153013,False,down
WBGene00012443,4,1.0,PFEESA,0.0509106219179929,0.822928169699201,False,up
WBGene00015402,4,1.0,PFEESA,0.197792135101147,0.823023747283079,False,up
WBGene00008515,4,1.0,PFEESA,0.0779533492596902,0.823023747283079,False,up
WBGene00004132,4,1.0,PFEESA,0.0295554432636725,0.823692631912456,False,up
WBGene00019665,4,1.0,PFEESA,0.107198567917861,0.823982104909812,False,up
WBGene00000490,4,0.9666666666666667,PFEESA,0.0717747655860524,0.823982104909812,False,up
WBGene00017968,4,0.9333333333333333,PFEESA,-0.0735199895853841,0.823982104909812,False,down
WBGene00007414,4,1.0,PFEESA,0.123352162199371,0.824162122352609,False,up
WBGene00194855,4,0.9333333333333333,PFEESA,0.117240723077039,0.824848361919433,False,up
WBGene00021260,4,1.0,PFEESA,0.101564049557793,0.824848361919433,False,up
WBGene00014226,4,0.5666666666666667,PFEESA,-0.0739508705625684,0.824848361919433,False,down
WBGene00009663,4,0.7666666666666667,PFEESA,-0.120069557458697,0.824848361919433,False,down
WBGene00010047,4,0.8333333333333334,PFEESA,0.0502398361859426,0.824993186523825,False,up
WBGene00018732,4,1.0,PFEESA,0.102043109688525,0.825707965746068,False,up
WBGene00003167,4,1.0,PFEESA,0.0757331212014427,0.825707965746068,False,up
WBGene00001059,4,1.0,PFEESA,0.263664445221688,0.826035676573832,False,up
WBGene00016693,4,1.0,PFEESA,0.626194046403205,0.828149216563181,False,up
WBGene00007992,4,0.9333333333333333,PFEESA,0.384860966372536,0.828310787239131,False,up
WBGene00008777,4,0.9666666666666667,PFEESA,0.0750125852618777,0.830141204230678,False,up
WBGene00016845,4,1.0,PFEESA,-0.276311915427855,0.831116759504539,False,down
WBGene00011337,4,0.9333333333333333,PFEESA,0.0478602146469982,0.832322048276842,False,up
WBGene00010488,4,1.0,PFEESA,0.0747537689972896,0.832618409950119,False,up
WBGene00002233,4,0.6333333333333333,PFEESA,0.0552995277243724,0.832965717456181,False,up
WBGene00011639,4,1.0,PFEESA,0.050594464359952,0.832965717456181,False,up
WBGene00022353,4,1.0,PFEESA,0.0864798648779433,0.833143052590575,False,up
WBGene00006599,4,1.0,PFEESA,0.0336859620071819,0.833143052590575,False,up
WBGene00008119,4,0.6666666666666666,PFEESA,0.031908034693184,0.83350476015929,False,up
WBGene00010610,4,1.0,PFEESA,0.089070445877981,0.833649595293218,False,up
WBGene00008666,4,1.0,PFEESA,0.0480261659592779,0.833649595293218,False,up
WBGene00011479,4,0.5333333333333333,PFEESA,0.111124824479425,0.833664114701457,False,up
WBGene00020225,4,0.5333333333333333,PFEESA,-0.289979121101398,0.833664114701457,False,down
WBGene00021693,4,1.0,PFEESA,0.0946764815719431,0.83482578768831,False,up
WBGene00020530,4,1.0,PFEESA,0.049380171275318,0.83482578768831,False,up
WBGene00001087,4,1.0,PFEESA,0.0392923907090758,0.83482578768831,False,up
WBGene00270322,4,1.0,PFEESA,0.0811235778604705,0.834863371336824,False,up
WBGene00015642,4,0.9333333333333333,PFEESA,0.0479748777607714,0.835594594194568,False,up
WBGene00005818,4,1.0,PFEESA,0.196283048978893,0.83614761315013,False,up
WBGene00001608,4,1.0,PFEESA,-0.33410641491317,0.836220651820963,False,down
WBGene00003778,4,1.0,PFEESA,0.264787063850142,0.836471380376118,False,up
WBGene00011286,4,1.0,PFEESA,-0.178344187879127,0.836471380376118,False,down
WBGene00004945,4,1.0,PFEESA,0.0373087032103852,0.836494513315844,False,up
WBGene00021893,4,0.5333333333333333,PFEESA,0.05800462001529,0.836604234497472,False,up
WBGene00004286,4,1.0,PFEESA,0.0518275731172306,0.836604234497472,False,up
WBGene00006495,4,1.0,PFEESA,0.0561961461789407,0.83698740262839,False,up
WBGene00009584,4,1.0,PFEESA,0.0522454871288439,0.837205281761557,False,up
WBGene00013711,4,1.0,PFEESA,0.0470317268369511,0.837673867678594,False,up
WBGene00012866,4,0.9,PFEESA,-0.133571384682076,0.838038227305513,False,down
WBGene00004949,4,0.9666666666666667,PFEESA,0.0418607764022251,0.83824386971111,False,up
WBGene00219288,4,1.0,PFEESA,0.143786035539972,0.838337865934086,False,up
WBGene00000583,4,1.0,PFEESA,0.099858551859299,0.838337865934086,False,up
WBGene00013802,4,0.8,PFEESA,0.108511373023429,0.838737266109789,False,up
WBGene00013222,4,1.0,PFEESA,0.0691449937061239,0.838737266109789,False,up
WBGene00044348,4,1.0,PFEESA,0.172340635151368,0.839819910205829,False,up
WBGene00019294,4,1.0,PFEESA,0.0688883341560588,0.840802561836564,False,up
WBGene00001476,4,1.0,PFEESA,-0.0901505759803096,0.840802561836564,False,down
WBGene00022012,4,1.0,PFEESA,-0.175760753485105,0.840802561836564,False,down
WBGene00004177,4,1.0,PFEESA,-0.460439497777816,0.840802561836564,False,down
WBGene00011400,4,1.0,PFEESA,0.143782597386912,0.842020467011697,False,up
WBGene00011259,4,1.0,PFEESA,0.0348753102355926,0.842023971483724,False,up
WBGene00012140,4,1.0,PFEESA,0.121489588283884,0.842266936813081,False,up
WBGene00011944,4,1.0,PFEESA,-0.0575112010814948,0.842967191819962,False,down
WBGene00010041,4,1.0,PFEESA,0.101028133769035,0.843331515365825,False,up
WBGene00003086,4,1.0,PFEESA,0.0342770243712684,0.843547617635561,False,up
WBGene00019211,4,1.0,PFEESA,-0.0331245633818465,0.844373377113973,False,down
WBGene00015921,4,0.9333333333333333,PFEESA,0.0998570407414524,0.844399632475593,False,up
WBGene00003575,4,1.0,PFEESA,0.0843973947085328,0.844805581700796,False,up
WBGene00012466,4,1.0,PFEESA,-0.0744429949137855,0.844805581700796,False,down
WBGene00018112,4,0.5333333333333333,PFEESA,0.163027547787273,0.844962716928425,False,up
WBGene00003812,4,0.9333333333333333,PFEESA,0.0702441667974669,0.844962716928425,False,up
WBGene00008343,4,1.0,PFEESA,0.0646321588068988,0.844962716928425,False,up
WBGene00019840,4,1.0,PFEESA,0.0978833129035723,0.845596298237925,False,up
WBGene00018758,4,1.0,PFEESA,0.0561702706979594,0.845879334946636,False,up
WBGene00006602,4,1.0,PFEESA,0.0677224385186843,0.846886373982847,False,up
WBGene00012306,4,1.0,PFEESA,0.0469868361353173,0.847312164546719,False,up
WBGene00021253,4,1.0,PFEESA,-0.0652142328505735,0.847312164546719,False,down
WBGene00003617,4,1.0,PFEESA,0.107490808847953,0.847479556548693,False,up
WBGene00019612,4,0.9666666666666667,PFEESA,0.0457450164780421,0.847540738891782,False,up
WBGene00020260,4,0.9333333333333333,PFEESA,0.0981562935891918,0.847558944152877,False,up
WBGene00012907,4,1.0,PFEESA,-0.0624553634334178,0.847558944152877,False,down
WBGene00018763,4,0.9666666666666667,PFEESA,-0.0904889354371679,0.847558944152877,False,down
WBGene00017158,4,0.5333333333333333,PFEESA,0.0454019493735031,0.849236824972226,False,up
WBGene00003689,4,0.9666666666666667,PFEESA,0.108580277910701,0.850170567965289,False,up
WBGene00012194,4,0.5666666666666667,PFEESA,0.0480770712082428,0.85053605017131,False,up
WBGene00011171,4,0.9,PFEESA,0.104591022995808,0.850745882580686,False,up
WBGene00020219,4,1.0,PFEESA,0.147203467308346,0.850758467650778,False,up
WBGene00012221,4,1.0,PFEESA,0.0679104207270689,0.850792224282914,False,up
WBGene00020995,4,1.0,PFEESA,0.206622984596128,0.851365892501613,False,up
WBGene00016796,4,1.0,PFEESA,-0.0773082232943217,0.851821655258374,False,down
WBGene00015063,4,1.0,PFEESA,-0.0679536307835138,0.85266965677035,False,down
WBGene00015675,4,1.0,PFEESA,-0.107707308455326,0.853104770694982,False,down
WBGene00008412,4,1.0,PFEESA,0.0815862933905903,0.85340033660216,False,up
WBGene00008760,4,0.7666666666666667,PFEESA,0.0487177760092137,0.853441099537774,False,up
WBGene00018413,4,1.0,PFEESA,0.109746119760366,0.853518360933256,False,up
WBGene00011103,4,0.8333333333333334,PFEESA,0.192565581925553,0.853724650072439,False,up
WBGene00020163,4,1.0,PFEESA,-0.0844592189137515,0.854099996569578,False,down
WBGene00020861,4,0.9666666666666667,PFEESA,0.0802790586244793,0.85413481075366,False,up
WBGene00003591,4,1.0,PFEESA,0.0724656341299679,0.85668411433049,False,up
WBGene00019263,4,1.0,PFEESA,0.057593785859451,0.857053643191402,False,up
WBGene00007469,4,0.9333333333333333,PFEESA,-0.181461149945344,0.857053643191402,False,down
WBGene00044737,4,1.0,PFEESA,0.0698623325595196,0.857130123510678,False,up
WBGene00017304,4,1.0,PFEESA,0.111916518546348,0.857162845719527,False,up
WBGene00004182,4,1.0,PFEESA,0.0486317480258196,0.857162845719527,False,up
WBGene00009975,4,1.0,PFEESA,0.0355933473597451,0.857162845719527,False,up
WBGene00015126,4,1.0,PFEESA,-0.0329792333031488,0.858093804503128,False,down
WBGene00009221,4,1.0,PFEESA,-0.263376514483766,0.858646343394588,False,down
WBGene00014081,4,1.0,PFEESA,0.0761707787083755,0.858816810543153,False,up
WBGene00003632,4,1.0,PFEESA,0.0650441983327143,0.858872281663311,False,up
WBGene00017781,4,0.9666666666666667,PFEESA,0.0771627889064549,0.860579172062555,False,up
WBGene00044280,4,1.0,PFEESA,0.090736175261684,0.861866160518175,False,up
WBGene00009503,4,1.0,PFEESA,0.0474454594566862,0.862154022008299,False,up
WBGene00016138,4,1.0,PFEESA,0.0595869365185559,0.862334474082336,False,up
WBGene00021237,4,1.0,PFEESA,0.0367363817967086,0.863535409639628,False,up
WBGene00022643,4,1.0,PFEESA,0.233056605910813,0.863731554749845,False,up
WBGene00003634,4,1.0,PFEESA,0.0459712879963021,0.86534870542101,False,up
WBGene00000086,4,1.0,PFEESA,0.0357551521801893,0.86534870542101,False,up
WBGene00016751,4,1.0,PFEESA,0.0462496875951227,0.865587043686907,False,up
WBGene00001325,4,1.0,PFEESA,0.0319403160731797,0.865587043686907,False,up
WBGene00010796,4,1.0,PFEESA,-0.028682857307968,0.865702528590348,False,down
WBGene00013639,4,1.0,PFEESA,0.0439825790585465,0.865704592481444,False,up
WBGene00013805,4,1.0,PFEESA,-0.0332967505693569,0.866557811557907,False,down
WBGene00015650,4,1.0,PFEESA,-0.0726453173535157,0.867504419941525,False,down
WBGene00006767,4,0.5666666666666667,PFEESA,0.040723343179968,0.868088982391571,False,up
WBGene00012116,4,0.7333333333333333,PFEESA,0.0955265583575747,0.86822092238835,False,up
WBGene00017038,4,0.7333333333333333,PFEESA,-0.0733907052779127,0.870596735365222,False,down
WBGene00010407,4,1.0,PFEESA,-0.043606172885813,0.870681815207089,False,down
WBGene00007395,4,1.0,PFEESA,-0.0575504986674892,0.870692862551572,False,down
WBGene00044167,4,1.0,PFEESA,-0.129745232611988,0.870765791715798,False,down
WBGene00006439,4,1.0,PFEESA,0.0356651319388391,0.871075352465923,False,up
WBGene00003884,4,1.0,PFEESA,-0.0594696395866802,0.871198846468867,False,down
WBGene00007295,4,0.9,PFEESA,0.106506670136398,0.873571181182907,False,up
WBGene00010174,4,1.0,PFEESA,-0.0766502797429939,0.873571181182907,False,down
WBGene00019104,4,1.0,PFEESA,-0.262777854672805,0.873571181182907,False,down
WBGene00007208,4,1.0,PFEESA,0.0957861019518856,0.873694876005016,False,up
WBGene00015733,4,1.0,PFEESA,0.0929011906770455,0.873713901019629,False,up
WBGene00018411,4,1.0,PFEESA,-0.16724755325368,0.873713901019629,False,down
WBGene00012919,4,0.5333333333333333,PFEESA,-0.259006597317282,0.873713901019629,False,down
WBGene00006578,4,1.0,PFEESA,0.051195050675429,0.874363949124678,False,up
WBGene00008360,4,1.0,PFEESA,-0.040841361457389,0.875586462496639,False,down
WBGene00019280,4,1.0,PFEESA,0.0950596426367758,0.877395949227169,False,up
WBGene00002176,4,0.6666666666666666,PFEESA,0.0362707965752366,0.878875977150338,False,up
WBGene00019831,4,1.0,PFEESA,0.0367081234636328,0.878930404885883,False,up
WBGene00019204,4,0.9333333333333333,PFEESA,-0.0498661079035921,0.879549987365742,False,down
WBGene00009547,4,1.0,PFEESA,0.0761361674792486,0.879745932251394,False,up
WBGene00012435,4,0.9,PFEESA,-0.0750426042953635,0.880822576977997,False,down
WBGene00007007,4,1.0,PFEESA,-0.0313459807035276,0.881544196421561,False,down
WBGene00003712,4,0.5666666666666667,PFEESA,-0.0560664669215231,0.88162841775413,False,down
WBGene00017814,4,0.9333333333333333,PFEESA,-0.0848921674748881,0.88162841775413,False,down
WBGene00018582,4,1.0,PFEESA,-0.0612344043159354,0.882380555963643,False,down
WBGene00044513,4,1.0,PFEESA,0.0760549102405326,0.882542648227237,False,up
WBGene00044418,4,1.0,PFEESA,-0.0494486407346744,0.882569298730765,False,down
WBGene00014074,4,1.0,PFEESA,-0.0566244609382508,0.882569298730765,False,down
WBGene00005191,4,0.9666666666666667,PFEESA,0.218581007341108,0.882647845156545,False,up
WBGene00006738,4,1.0,PFEESA,-0.0411646503612315,0.882647845156545,False,down
WBGene00018731,4,1.0,PFEESA,-0.10061765441131,0.883822814770054,False,down
WBGene00007748,4,1.0,PFEESA,0.0965054563338604,0.884348213902306,False,up
WBGene00012364,4,1.0,PFEESA,-0.0766605326144753,0.884555313071064,False,down
WBGene00018213,4,1.0,PFEESA,0.120844544838949,0.885396280376999,False,up
WBGene00045516,4,1.0,PFEESA,0.0790087507542114,0.885396280376999,False,up
WBGene00003659,4,1.0,PFEESA,0.0353156220286627,0.885673920193795,False,up
WBGene00008225,4,1.0,PFEESA,-0.0413662058476088,0.88709503438319,False,down
WBGene00000980,4,1.0,PFEESA,0.0646846747357089,0.887256520655814,False,up
WBGene00016532,4,0.9666666666666667,PFEESA,0.0504677250974354,0.888550752267559,False,up
WBGene00000017,4,1.0,PFEESA,0.0585022486379136,0.888594412716708,False,up
WBGene00009953,4,1.0,PFEESA,0.0453872438553607,0.889359914719431,False,up
WBGene00019781,4,1.0,PFEESA,0.0431306258237217,0.889359914719431,False,up
WBGene00011310,4,1.0,PFEESA,-0.0784478507700376,0.889359914719431,False,down
WBGene00009820,4,1.0,PFEESA,-0.142381535447221,0.889359914719431,False,down
WBGene00008224,4,1.0,PFEESA,-0.05342585856721,0.889741297513694,False,down
WBGene00017545,4,0.5666666666666667,PFEESA,0.220253992838037,0.88989413247697,False,up
WBGene00020740,4,1.0,PFEESA,0.0509881950308408,0.889907189158739,False,up
WBGene00011824,4,0.5333333333333333,PFEESA,0.0452354553461514,0.889987142420604,False,up
WBGene00006755,4,1.0,PFEESA,0.0257812947586321,0.890246882198441,False,up
WBGene00010440,4,1.0,PFEESA,-0.0472499320154134,0.890282453691856,False,down
WBGene00011004,4,1.0,PFEESA,-0.126472196213066,0.890462326233207,False,down
WBGene00017066,4,0.8666666666666667,PFEESA,0.0242221832930546,0.89122118113705,False,up
WBGene00008878,4,1.0,PFEESA,0.0211589310717728,0.891295572700895,False,up
WBGene00005228,4,1.0,PFEESA,0.301360887176652,0.892126972924473,False,up
WBGene00019421,4,1.0,PFEESA,0.117404795188749,0.892126972924473,False,up
WBGene00019006,4,1.0,PFEESA,0.0453078101026599,0.892126972924473,False,up
WBGene00020208,4,1.0,PFEESA,0.0449841309507478,0.892200914528712,False,up
WBGene00010790,4,0.9666666666666667,PFEESA,-0.166138120571983,0.892433176310619,False,down
WBGene00010072,4,1.0,PFEESA,0.185383856403619,0.892850832383937,False,up
WBGene00009842,4,1.0,PFEESA,0.0653879036242889,0.893443301696217,False,up
WBGene00002041,4,1.0,PFEESA,0.0404078874848064,0.893443301696217,False,up
WBGene00006716,4,0.9333333333333333,PFEESA,0.0813339178949394,0.893531986911333,False,up
WBGene00000366,4,1.0,PFEESA,0.0219942336623094,0.893531986911333,False,up
WBGene00015744,4,1.0,PFEESA,0.0418721326458016,0.894063887676928,False,up
WBGene00015055,4,1.0,PFEESA,-0.114791183273468,0.89626140511588,False,down
WBGene00007980,4,0.9666666666666667,PFEESA,0.0231007741240914,0.897217086894042,False,up
WBGene00003684,4,1.0,PFEESA,0.0556637903738246,0.897267400008697,False,up
WBGene00021691,4,1.0,PFEESA,0.0367854142688244,0.897331165050466,False,up
WBGene00011232,4,0.9666666666666667,PFEESA,-0.0279141162294946,0.897807005208744,False,down
WBGene00012289,4,1.0,PFEESA,0.0353380205880859,0.898013885734013,False,up
WBGene00010045,4,1.0,PFEESA,0.0614196333918014,0.899054365357249,False,up
WBGene00000797,4,0.6666666666666666,PFEESA,0.0861101498185582,0.899270828939629,False,up
WBGene00022197,4,0.9,PFEESA,0.0692379946739791,0.900435044143718,False,up
WBGene00020427,4,0.7333333333333333,PFEESA,-0.0383357580868018,0.900758132814462,False,down
WBGene00003721,4,1.0,PFEESA,0.0371811083746498,0.90148181419379,False,up
WBGene00008018,4,1.0,PFEESA,0.0384644649710411,0.902466127784684,False,up
WBGene00010037,4,1.0,PFEESA,0.0217879981236296,0.902697683389039,False,up
WBGene00012421,4,1.0,PFEESA,-0.0224807179424266,0.903734907993104,False,down
WBGene00008876,4,1.0,PFEESA,-0.033449174688563,0.903734907993104,False,down
WBGene00004991,4,1.0,PFEESA,-0.190622495751317,0.903734907993104,False,down
WBGene00006103,4,1.0,PFEESA,0.130028176191464,0.903818051160673,False,up
WBGene00013548,4,1.0,PFEESA,0.0485222695986948,0.903906677650169,False,up
WBGene00015501,4,1.0,PFEESA,0.0232472478993095,0.904179454267011,False,up
WBGene00010232,4,1.0,PFEESA,-0.026059738401866,0.905667053310993,False,down
WBGene00006431,4,1.0,PFEESA,0.0536071427912038,0.906249315513048,False,up
WBGene00020407,4,1.0,PFEESA,-0.0477826967400806,0.906416078193017,False,down
WBGene00016505,4,1.0,PFEESA,0.0434838014073811,0.907096129333973,False,up
WBGene00021876,4,1.0,PFEESA,0.103117267677968,0.907731804273281,False,up
WBGene00011074,4,1.0,PFEESA,0.0776354272021997,0.907731804273281,False,up
WBGene00010188,4,0.6333333333333333,PFEESA,0.0482324726633319,0.907731804273281,False,up
WBGene00007075,4,0.9,PFEESA,0.039139798829973,0.907731804273281,False,up
WBGene00010039,4,1.0,PFEESA,0.0668672244837281,0.908768342775045,False,up
WBGene00012362,4,1.0,PFEESA,0.0310779525137787,0.908949228506274,False,up
WBGene00003609,4,1.0,PFEESA,0.027968904602056,0.910622483946656,False,up
WBGene00000100,4,0.9666666666666667,PFEESA,-0.0219433059353197,0.910743794508192,False,down
WBGene00001548,4,1.0,PFEESA,0.0681900479684602,0.910761499141759,False,up
WBGene00020939,4,0.5666666666666667,PFEESA,-0.0578322154256075,0.910877866797049,False,down
WBGene00015494,4,1.0,PFEESA,0.0263510285301794,0.911010647255,False,up
WBGene00001460,4,1.0,PFEESA,0.0315983304082276,0.911592226849895,False,up
WBGene00019353,4,1.0,PFEESA,0.0239679688587562,0.91178488425554,False,up
WBGene00001535,4,1.0,PFEESA,-0.0701119651136792,0.912523502665754,False,down
WBGene00007063,4,1.0,PFEESA,0.0358439342142682,0.912691377731148,False,up
WBGene00006441,4,0.6666666666666666,PFEESA,-0.0318146195618582,0.913750861699912,False,down
WBGene00018319,4,1.0,PFEESA,0.0195882852281077,0.915148833521051,False,up
WBGene00006392,4,1.0,PFEESA,-0.0294026807439163,0.915148833521051,False,down
WBGene00009374,4,1.0,PFEESA,0.0497591956549085,0.915339034176632,False,up
WBGene00003640,4,0.9666666666666667,PFEESA,-0.0412498742102895,0.915662743994205,False,down
WBGene00016448,4,1.0,PFEESA,0.0365000064098918,0.915747326151572,False,up
WBGene00010264,4,0.9333333333333333,PFEESA,-0.0311954801573102,0.915747326151572,False,down
WBGene00009050,4,1.0,PFEESA,0.0419206906879381,0.915771471998629,False,up
WBGene00017127,4,1.0,PFEESA,-0.0502601779682932,0.915774190500066,False,down
WBGene00012643,4,0.6,PFEESA,-0.0244481562511316,0.91619832774371,False,down
WBGene00016384,4,1.0,PFEESA,0.0246121174045092,0.916438791040102,False,up
WBGene00018269,4,1.0,PFEESA,-0.0699562459116122,0.917587042929652,False,down
WBGene00019636,4,1.0,PFEESA,0.0806232136316309,0.917601175493307,False,up
WBGene00019902,4,0.8333333333333334,PFEESA,-0.0361651426606303,0.917621501150741,False,down
WBGene00008447,4,1.0,PFEESA,-0.095609516653516,0.917621501150741,False,down
WBGene00014213,4,1.0,PFEESA,0.0256742733421886,0.918293487233151,False,up
WBGene00007200,4,1.0,PFEESA,-0.0501297060573664,0.918812014315234,False,down
WBGene00016111,4,1.0,PFEESA,0.171530229776804,0.919075184454976,False,up
WBGene00007886,4,1.0,PFEESA,0.049908143568307,0.919731705661555,False,up
WBGene00000894,4,1.0,PFEESA,0.024504732770532,0.920549424949533,False,up
WBGene00010871,4,1.0,PFEESA,0.0595340065323702,0.92221698967705,False,up
WBGene00006697,4,1.0,PFEESA,-0.0223397145862773,0.923344553094025,False,down
WBGene00017440,4,1.0,PFEESA,0.036682538081979,0.923678496377653,False,up
WBGene00009743,4,0.9333333333333333,PFEESA,0.0674574205878471,0.924387074718672,False,up
WBGene00010522,4,1.0,PFEESA,0.0346666735553135,0.924387074718672,False,up
WBGene00001403,4,1.0,PFEESA,-0.0232279400217149,0.924387074718672,False,down
WBGene00015508,4,0.7666666666666667,PFEESA,0.02570855351807,0.925549346088232,False,up
WBGene00014016,4,1.0,PFEESA,0.0223945829301107,0.925549346088232,False,up
WBGene00007911,4,1.0,PFEESA,-0.126954071943559,0.925549346088232,False,down
WBGene00013516,4,1.0,PFEESA,0.0687214694054119,0.92582670722518,False,up
WBGene00008910,4,1.0,PFEESA,-0.0331640899201852,0.92582670722518,False,down
WBGene00011726,4,1.0,PFEESA,-0.0533254762675797,0.92582670722518,False,down
WBGene00009750,4,0.9333333333333333,PFEESA,0.120632583415196,0.926731533657675,False,up
WBGene00009948,4,1.0,PFEESA,0.102458158785241,0.928400914891531,False,up
WBGene00010723,4,1.0,PFEESA,0.14057536654448,0.929571959553881,False,up
WBGene00020510,4,0.9666666666666667,PFEESA,0.0263314467154141,0.929571959553881,False,up
WBGene00013498,4,1.0,PFEESA,-0.134423460284183,0.929571959553881,False,down
WBGene00009296,4,1.0,PFEESA,0.111509109533442,0.930063066281247,False,up
WBGene00007460,4,1.0,PFEESA,0.0521453664573974,0.931783582458277,False,up
WBGene00004122,4,1.0,PFEESA,0.0271121998802462,0.932389771155646,False,up
WBGene00012282,4,0.9333333333333333,PFEESA,0.0556576835412038,0.932494882387724,False,up
WBGene00009738,4,0.6,PFEESA,0.0306562032687394,0.932494882387724,False,up
WBGene00011279,4,1.0,PFEESA,0.0236876415915763,0.933131657828425,False,up
WBGene00007365,4,1.0,PFEESA,0.0815412793293738,0.933725317508405,False,up
WBGene00007304,4,0.5666666666666667,PFEESA,0.0491608287418103,0.933971166462523,False,up
WBGene00022393,4,0.9666666666666667,PFEESA,-0.0199971751421554,0.934372863899599,False,down
WBGene00004057,4,1.0,PFEESA,-0.0173409183986241,0.934629630321156,False,down
WBGene00013578,4,1.0,PFEESA,0.0356140870353501,0.93486428089518,False,up
WBGene00013750,4,0.8,PFEESA,0.0621136582755158,0.935743304783054,False,up
WBGene00009262,4,1.0,PFEESA,0.0195826442143815,0.935756961413802,False,up
WBGene00206522,4,0.5666666666666667,PFEESA,-0.0419849811143658,0.93641559184215,False,down
WBGene00016396,4,1.0,PFEESA,0.0293561532316414,0.937197323731694,False,up
WBGene00009776,4,0.9,PFEESA,0.0248220201393337,0.937397920865663,False,up
WBGene00002240,4,1.0,PFEESA,0.024702566551181,0.937397920865663,False,up
WBGene00013093,4,1.0,PFEESA,-0.0276222934603397,0.937771485456252,False,down
WBGene00018706,4,0.9666666666666667,PFEESA,-0.106854627049138,0.937771485456252,False,down
WBGene00000510,4,1.0,PFEESA,0.0231699072633438,0.937982222705329,False,up
WBGene00021176,4,0.6333333333333333,PFEESA,0.0616529685268569,0.938110521907153,False,up
WBGene00021490,4,0.8,PFEESA,0.0593226657645063,0.938252435349606,False,up
WBGene00011433,4,0.9666666666666667,PFEESA,-0.0195640345743793,0.938252435349606,False,down
WBGene00011587,4,0.9666666666666667,PFEESA,-0.0565046677803128,0.938252435349606,False,down
WBGene00019697,4,0.9666666666666667,PFEESA,-0.0132572747283736,0.939035080222096,False,down
WBGene00011052,4,0.7,PFEESA,0.114573681458275,0.939161809107565,False,up
WBGene00015047,4,1.0,PFEESA,0.0193390792501888,0.939467391344717,False,up
WBGene00008616,4,1.0,PFEESA,0.0670867492991849,0.939918388624315,False,up
WBGene00016540,4,0.5666666666666667,PFEESA,-0.0245459680044127,0.93992534661145,False,down
WBGene00011540,4,1.0,PFEESA,-0.0405038947019008,0.94030921465721,False,down
WBGene00009226,4,0.9666666666666667,PFEESA,-0.200942698721064,0.941319034698059,False,down
WBGene00019399,4,0.9666666666666667,PFEESA,0.0142295377706753,0.941501299322033,False,up
WBGene00008317,4,1.0,PFEESA,0.0256950879477053,0.941561124536812,False,up
WBGene00001577,4,1.0,PFEESA,0.0644266547728305,0.942792014349198,False,up
WBGene00020721,4,0.8666666666666667,PFEESA,-0.0159408924971152,0.943260414612091,False,down
WBGene00006607,4,1.0,PFEESA,-0.0151535625510026,0.94484645694272,False,down
WBGene00000403,4,1.0,PFEESA,0.0191621543822132,0.945622928193237,False,up
WBGene00017639,4,1.0,PFEESA,0.028449246634646,0.946455535180115,False,up
WBGene00006683,4,1.0,PFEESA,0.0195168980409038,0.946547054835426,False,up
WBGene00003834,4,1.0,PFEESA,0.0154496649586022,0.946547054835426,False,up
WBGene00010990,4,0.5666666666666667,PFEESA,0.0132681718820732,0.946676561675036,False,up
WBGene00044553,4,1.0,PFEESA,-0.0344681150673562,0.946676561675036,False,down
WBGene00009386,4,1.0,PFEESA,-0.0514999919371312,0.946936925276107,False,down
WBGene00020777,4,1.0,PFEESA,0.0343171309604458,0.946968768580413,False,up
WBGene00013692,4,1.0,PFEESA,0.0224399792330908,0.947129404151643,False,up
WBGene00194692,4,1.0,PFEESA,0.0401348639023922,0.947409018436452,False,up
WBGene00011050,4,1.0,PFEESA,0.0099310640643101,0.947409018436452,False,up
WBGene00007586,4,1.0,PFEESA,-0.0214760103412119,0.948153989816344,False,down
WBGene00010135,4,1.0,PFEESA,0.0512344162906751,0.948304281019043,False,up
WBGene00021843,4,1.0,PFEESA,0.0243202614511796,0.948977479926519,False,up
WBGene00019298,4,1.0,PFEESA,-0.0229937082516865,0.94899583917512,False,down
WBGene00021493,4,1.0,PFEESA,0.0271174154056613,0.949596598571846,False,up
WBGene00003073,4,1.0,PFEESA,-0.0135456160857799,0.949596598571846,False,down
WBGene00011592,4,1.0,PFEESA,0.102043056797199,0.949859316800768,False,up
WBGene00017274,4,1.0,PFEESA,0.0134948698836029,0.951086090123835,False,up
WBGene00015748,4,1.0,PFEESA,-0.0524279134409125,0.951282530496148,False,down
WBGene00022718,4,1.0,PFEESA,-0.0153615002787615,0.951358564438174,False,down
WBGene00016237,4,1.0,PFEESA,-0.027863824553338,0.951358564438174,False,down
WBGene00018415,4,1.0,PFEESA,0.0290927859981788,0.951397902075898,False,up
WBGene00015549,4,1.0,PFEESA,-0.114051723167058,0.951397902075898,False,down
WBGene00003653,4,1.0,PFEESA,0.0398994777890478,0.951419282448251,False,up
WBGene00009447,4,1.0,PFEESA,-0.0345086628073297,0.951690456680931,False,down
WBGene00016345,4,1.0,PFEESA,0.0513365559725024,0.951993518343993,False,up
WBGene00001118,4,1.0,PFEESA,0.0232026924574557,0.952510780651079,False,up
WBGene00001707,4,1.0,PFEESA,0.0267035332390905,0.952848183896685,False,up
WBGene00006460,4,1.0,PFEESA,-0.009345732560845,0.95310019245873,False,down
WBGene00014021,4,1.0,PFEESA,0.0260617650372605,0.95429947790235,False,up
WBGene00006753,4,1.0,PFEESA,-0.009087718276504,0.954884539902567,False,down
WBGene00019313,4,1.0,PFEESA,0.0386508845383259,0.955217641361022,False,up
WBGene00009068,4,1.0,PFEESA,-0.0292434699238416,0.955217641361022,False,down
WBGene00007193,4,0.9333333333333333,PFEESA,0.0160568470248779,0.955855932436692,False,up
WBGene00019461,4,1.0,PFEESA,0.11892805321876,0.956319668228519,False,up
WBGene00014058,4,1.0,PFEESA,-0.019859270470563,0.956656075648841,False,down
WBGene00013897,4,0.5333333333333333,PFEESA,0.0543635521706136,0.956835574108092,False,up
WBGene00008389,4,1.0,PFEESA,0.0740304979775882,0.957005781893173,False,up
WBGene00006608,4,1.0,PFEESA,-0.0275777193943997,0.957005781893173,False,down
WBGene00002997,4,1.0,PFEESA,0.0184597853787716,0.957064171901001,False,up
WBGene00006321,4,0.9666666666666667,PFEESA,-0.0143883108120652,0.957768985600585,False,down
WBGene00001184,4,1.0,PFEESA,0.0185644873758411,0.958635599830332,False,up
WBGene00016193,4,1.0,PFEESA,0.0701272307766911,0.959679264061995,False,up
WBGene00008505,4,0.8666666666666667,PFEESA,-0.0113687038196566,0.959931489956045,False,down
WBGene00022356,4,1.0,PFEESA,0.0742026025955297,0.960124638345473,False,up
WBGene00000092,4,0.8,PFEESA,-0.0150876393506971,0.961257270716417,False,down
WBGene00017489,4,0.5666666666666667,PFEESA,0.0288085671421173,0.961339389633027,False,up
WBGene00007260,4,1.0,PFEESA,0.0343238940343551,0.961979528412117,False,up
WBGene00001194,4,1.0,PFEESA,-0.0116681915962457,0.96198227317568,False,down
WBGene00001517,4,0.8,PFEESA,-0.0198397474700727,0.962012514350961,False,down
WBGene00006523,4,1.0,PFEESA,0.0108007822978933,0.962375729685264,False,up
WBGene00016734,4,1.0,PFEESA,0.0201776826589947,0.962978803221632,False,up
WBGene00004023,4,1.0,PFEESA,-0.0252469585326359,0.963254477560219,False,down
WBGene00000033,4,0.9333333333333333,PFEESA,-0.120599252771593,0.963254477560219,False,down
WBGene00021089,4,1.0,PFEESA,-0.0286133348157987,0.963375174643293,False,down
WBGene00019719,4,1.0,PFEESA,0.0278605144125889,0.963869932627944,False,up
WBGene00018075,4,0.7,PFEESA,-0.0104133676975676,0.963869932627944,False,down
WBGene00013969,4,0.5666666666666667,PFEESA,0.0149557971570001,0.964061104874132,False,up
WBGene00013448,4,1.0,PFEESA,-0.0185137873618578,0.964495948031459,False,down
WBGene00022635,4,1.0,PFEESA,-0.0132981043762478,0.964977685390123,False,down
WBGene00018952,4,0.9666666666666667,PFEESA,-0.0186408267814194,0.964977685390123,False,down
WBGene00006949,4,1.0,PFEESA,-0.0160973247490497,0.965431257171316,False,down
WBGene00007502,4,0.9666666666666667,PFEESA,-0.0273512619959355,0.965431257171316,False,down
WBGene00015202,4,1.0,PFEESA,0.0634722470003108,0.965639578602431,False,up
WBGene00020030,4,0.9333333333333333,PFEESA,0.0162971314351917,0.965915570607853,False,up
WBGene00007730,4,1.0,PFEESA,0.0174395123935991,0.967217636744688,False,up
WBGene00019004,4,0.6,PFEESA,0.0121110768410985,0.967217636744688,False,up
WBGene00020462,4,1.0,PFEESA,0.0100804499670815,0.967217636744688,False,up
WBGene00016454,4,0.5333333333333333,PFEESA,-0.0103721883318962,0.967217636744688,False,down
WBGene00018281,4,0.5333333333333333,PFEESA,-0.0175102821650463,0.967217636744688,False,down
WBGene00010541,4,1.0,PFEESA,-0.0327564196989543,0.967217636744688,False,down
WBGene00220259,4,1.0,PFEESA,-0.0431758818203985,0.967217636744688,False,down
WBGene00000950,4,1.0,PFEESA,0.018601238600052,0.967443236601978,False,up
WBGene00017659,4,1.0,PFEESA,-0.0618331290410926,0.967443236601978,False,down
WBGene00009100,4,1.0,PFEESA,-0.0109901546519967,0.968049460093751,False,down
WBGene00000678,4,1.0,PFEESA,-0.0858055700843157,0.968049460093751,False,down
WBGene00018508,4,1.0,PFEESA,0.0136167570308203,0.968364744079829,False,up
WBGene00001911,4,1.0,PFEESA,-0.0146125973730011,0.968499530895456,False,down
WBGene00016865,4,1.0,PFEESA,0.02048622954472,0.968610854065978,False,up
WBGene00017748,4,1.0,PFEESA,0.0181874198494912,0.968610854065978,False,up
WBGene00008897,4,0.5666666666666667,PFEESA,0.0925570432472533,0.968707230209452,False,up
WBGene00016180,4,1.0,PFEESA,0.0600699709140897,0.968707230209452,False,up
WBGene00016883,4,1.0,PFEESA,0.0323453582505458,0.968707230209452,False,up
WBGene00011154,4,1.0,PFEESA,0.0133372950061765,0.968707230209452,False,up
WBGene00000932,4,1.0,PFEESA,-0.108398395015503,0.968707230209452,False,down
WBGene00019014,4,1.0,PFEESA,0.0317528801280566,0.968792746013639,False,up
WBGene00304788,4,0.9,PFEESA,0.0517698268956065,0.969159046318693,False,up
WBGene00011817,4,1.0,PFEESA,0.0316760094433852,0.969159046318693,False,up
WBGene00020368,4,0.9333333333333333,PFEESA,0.010848003910548,0.969159046318693,False,up
WBGene00021312,4,1.0,PFEESA,-0.0090442594111398,0.969159046318693,False,down
WBGene00008100,4,1.0,PFEESA,-0.011563129526144,0.969159046318693,False,down
WBGene00002232,4,1.0,PFEESA,-0.0119614665373242,0.969159046318693,False,down
WBGene00007547,4,0.5666666666666667,PFEESA,-0.0124619730213268,0.969159046318693,False,down
WBGene00021156,4,1.0,PFEESA,0.0385977924075965,0.97002387108519,False,up
WBGene00019750,4,1.0,PFEESA,-0.0225446254681894,0.972743390966875,False,down
WBGene00012139,4,0.9666666666666667,PFEESA,-0.0122563823693121,0.972806244792834,False,down
WBGene00002163,4,1.0,PFEESA,0.0226745681812253,0.973966964612296,False,up
WBGene00006720,4,1.0,PFEESA,0.0081295411378636,0.973966964612296,False,up
WBGene00015346,4,1.0,PFEESA,0.008438003115283,0.974129490924971,False,up
WBGene00019614,4,0.5666666666666667,PFEESA,0.032166116880677,0.974441505889612,False,up
WBGene00006662,4,1.0,PFEESA,0.0136051596172949,0.974493321174983,False,up
WBGene00013603,4,1.0,PFEESA,0.0130733560592232,0.97527829025196,False,up
WBGene00004897,4,1.0,PFEESA,0.0063739252239428,0.976545218818198,False,up
WBGene00021598,4,1.0,PFEESA,-0.0423613619226067,0.977258320743327,False,down
WBGene00011263,4,0.6666666666666666,PFEESA,0.0173392998770727,0.977279498915045,False,up
WBGene00012193,4,0.9,PFEESA,0.0104483406759466,0.977279498915045,False,up
WBGene00022717,4,1.0,PFEESA,-0.0069366345761109,0.977279498915045,False,down
WBGene00007855,4,1.0,PFEESA,0.0158174325769186,0.977285379962499,False,up
WBGene00016935,4,0.6333333333333333,PFEESA,0.0122517663686705,0.977285379962499,False,up
WBGene00000102,4,1.0,PFEESA,-0.0109544063928953,0.977285379962499,False,down
WBGene00010009,4,0.5666666666666667,PFEESA,-0.0140040762957919,0.977285379962499,False,down
WBGene00018511,4,1.0,PFEESA,0.0126299324201646,0.977970118744115,False,up
WBGene00011733,4,1.0,PFEESA,0.031145484728883,0.97807516433508,False,up
WBGene00012128,4,1.0,PFEESA,0.0201640888096888,0.978718888853738,False,up
WBGene00022077,4,1.0,PFEESA,-0.0107936159510975,0.97885992640253,False,down
WBGene00012850,4,1.0,PFEESA,-0.026886334618949,0.979108610750595,False,down
WBGene00019170,4,1.0,PFEESA,-0.0084729263996729,0.979634499437186,False,down
WBGene00000993,4,1.0,PFEESA,-0.0093851243915421,0.979634499437186,False,down
WBGene00009140,4,1.0,PFEESA,-0.0106810250799096,0.979634499437186,False,down
WBGene00010865,4,0.9,PFEESA,-0.0159143219322817,0.979634499437186,False,down
WBGene00303364,4,1.0,PFEESA,-0.0221518227994083,0.979634499437186,False,down
WBGene00016109,4,0.7666666666666667,PFEESA,0.0291236086527092,0.98008547806744,False,up
WBGene00007860,4,0.9333333333333333,PFEESA,-0.006208588401264,0.98008547806744,False,down
WBGene00010427,4,1.0,PFEESA,-0.0064297237692899,0.98008547806744,False,down
WBGene00001207,4,1.0,PFEESA,-0.0070278646199678,0.98008547806744,False,down
WBGene00002245,4,0.9333333333333333,PFEESA,0.0051011011302457,0.980344660895309,False,up
WBGene00012644,4,0.7333333333333333,PFEESA,-0.0086854058980592,0.980344660895309,False,down
WBGene00001670,4,1.0,PFEESA,0.0371778463960676,0.980668104749749,False,up
WBGene00003686,4,1.0,PFEESA,0.0116562947359134,0.980957708726868,False,up
WBGene00021522,4,1.0,PFEESA,0.0065581752154008,0.980957708726868,False,up
WBGene00003739,4,1.0,PFEESA,0.0074837029582146,0.98121116170835,False,up
WBGene00016768,4,0.7333333333333333,PFEESA,0.0091228940760059,0.981318824667863,False,up
WBGene00009387,4,1.0,PFEESA,0.0154097129194438,0.98222903738616,False,up
WBGene00010365,4,0.9333333333333333,PFEESA,-0.0317929097779154,0.982346387548035,False,down
WBGene00010480,4,1.0,PFEESA,0.0088510604006926,0.98237854695531,False,up
WBGene00017484,4,1.0,PFEESA,-0.0355636668994254,0.98237854695531,False,down
WBGene00012326,4,1.0,PFEESA,-0.0089262011237188,0.983278485639229,False,down
WBGene00007545,4,1.0,PFEESA,-0.0053297315489557,0.983300992957363,False,down
WBGene00016289,4,1.0,PFEESA,0.0052468416514316,0.983499648586276,False,up
WBGene00011966,4,1.0,PFEESA,0.012876566084696,0.985016524012668,False,up
WBGene00021862,4,1.0,PFEESA,0.0513222847631829,0.985152909993004,False,up
WBGene00020736,4,1.0,PFEESA,0.0093461075982255,0.985152909993004,False,up
WBGene00003997,4,1.0,PFEESA,-0.0057555205102585,0.985486354421814,False,down
WBGene00044354,4,1.0,PFEESA,0.0275578953028503,0.985490142444997,False,up
WBGene00004231,4,1.0,PFEESA,-0.0304820557135144,0.98560331916187,False,down
WBGene00007227,4,1.0,PFEESA,-0.0039980321804147,0.985613122144112,False,down
WBGene00018485,4,1.0,PFEESA,-0.0057624004587108,0.985613122144112,False,down
WBGene00008206,4,1.0,PFEESA,0.0049620844472475,0.987590291882596,False,up
WBGene00001544,4,1.0,PFEESA,0.0081419376874675,0.987599762715487,False,up
WBGene00000016,4,1.0,PFEESA,0.0056484054105807,0.987599762715487,False,up
WBGene00007722,4,1.0,PFEESA,0.0096873830019031,0.988022300903328,False,up
WBGene00017411,4,1.0,PFEESA,0.0122719032811992,0.988981708653839,False,up
WBGene00044762,4,0.9666666666666667,PFEESA,0.0045671089891338,0.988981708653839,False,up
WBGene00004123,4,1.0,PFEESA,-0.0070798764746665,0.989150308915739,False,down
WBGene00004380,4,1.0,PFEESA,0.0106321502055912,0.989722949158255,False,up
WBGene00016194,4,1.0,PFEESA,-0.0027266957581333,0.990092070530301,False,down
WBGene00018561,4,0.9666666666666667,PFEESA,-0.0101382640589137,0.990092070530301,False,down
WBGene00004284,4,0.5333333333333333,PFEESA,-0.0023435098950135,0.992489675347543,False,down
WBGene00007553,4,0.6666666666666666,PFEESA,-0.0036409031350722,0.994214961206148,False,down
WBGene00000095,4,1.0,PFEESA,-0.001813818490367,0.994614756544495,False,down
WBGene00016458,4,1.0,PFEESA,-0.0059616225413042,0.994756315632527,False,down
WBGene00003510,4,1.0,PFEESA,0.0028957489202974,0.995158204480271,False,up
WBGene00017303,4,1.0,PFEESA,0.0070550141389279,0.995629807151905,False,up
WBGene00021036,4,1.0,PFEESA,0.0016127499967519,0.995779481629616,False,up
WBGene00004095,4,1.0,PFEESA,-0.0012114392347945,0.996465499271991,False,down
WBGene00016985,4,0.5333333333333333,PFEESA,0.0075042882281752,0.996903848446451,False,up
WBGene00219283,4,1.0,PFEESA,0.0117540780699501,0.99730070209074,False,up
WBGene00009236,4,0.9666666666666667,PFEESA,0.0077105456051606,0.99730070209074,False,up
WBGene00017762,4,1.0,PFEESA,0.0026433180922732,0.99730070209074,False,up
WBGene00001796,4,1.0,PFEESA,0.0018862494225843,0.99730070209074,False,up
WBGene00008859,4,1.0,PFEESA,0.0017312227750439,0.99730070209074,False,up
WBGene00019998,4,1.0,PFEESA,-0.0023169100549237,0.99730070209074,False,down
WBGene00022392,4,0.9,PFEESA,-0.0055828196337956,0.99730070209074,False,down
WBGene00001564,4,1.0,PFEESA,-0.0058982249660337,0.99730070209074,False,down
WBGene00007765,4,1.0,PFEESA,0.0090865398936018,0.997521692641459,False,up
WBGene00007990,4,0.5666666666666667,PFEESA,0.0058385152922615,0.997521692641459,False,up
WBGene00000481,4,0.9,PFEESA,0.0009322057956693,0.997521692641459,False,up
WBGene00007877,4,1.0,PFEESA,-0.0006364430670843,0.997521692641459,False,down
WBGene00007892,4,0.6333333333333333,PFEESA,-0.001042390901154,0.997521692641459,False,down
WBGene00007517,4,1.0,PFEESA,-0.0047354481843009,0.997521692641459,False,down
WBGene00012777,4,1.0,PFEESA,0.0013707915422529,0.99815771029596,False,up
WBGene00010239,4,1.0,PFEESA,0.0006642694246528,0.99815771029596,False,up
WBGene00020297,4,1.0,PFEESA,-0.0008316553546003,0.99815771029596,False,down
WBGene00010642,4,1.0,PFEESA,0.0008461674246599,0.998165858378253,False,up
WBGene00021561,4,1.0,PFEESA,0.000430720230193,0.998199812196464,False,up
WBGene00001621,4,0.9666666666666667,PFEESA,-0.0004455530524252,0.998199812196464,False,down
WBGene00019466,4,1.0,PFEESA,-0.0003223480914013,0.999101110659801,False,down
WBGene00019742,4,0.9,PFEESA,9.2282622413623e-06,0.999955553058974,False,up
