WB_id,consensus_module,consensus_strength,chemical,logFC,FDR,is_detected,direction
WBGene00001758,0,1.0,PFNA,-0.832819455981835,0.0121630348286835,True,down
WBGene00017948,0,1.0,PFNA,0.397276463152394,0.0190810316937766,True,up
WBGene00004233,0,1.0,PFNA,-0.607000220478706,0.0322456482744317,True,down
WBGene00000155,0,1.0,PFNA,-0.257852357768867,0.0698345179873459,False,down
WBGene00021335,0,0.9,PFNA,-0.703178097815174,0.0748770548331256,False,down
WBGene00010277,0,1.0,PFNA,-0.529642957947731,0.0853285374268464,False,down
WBGene00001814,0,1.0,PFNA,-0.207568954472498,0.121427277704129,False,down
WBGene00020382,0,1.0,PFNA,-0.297928672750349,0.136334811374866,False,down
WBGene00016906,0,1.0,PFNA,-0.209832744627668,0.140602925230678,False,down
WBGene00000003,0,0.8333333333333334,PFNA,-0.256981707751113,0.173272295497086,False,down
WBGene00018721,0,1.0,PFNA,-0.29209443619617,0.173619771793656,False,down
WBGene00010274,0,1.0,PFNA,-0.588620959467461,0.179826838928093,False,down
WBGene00009889,0,1.0,PFNA,-0.843847943674764,0.190441215547089,False,down
WBGene00000731,0,1.0,PFNA,-0.60772654913071,0.211469750440218,False,down
WBGene00012936,0,1.0,PFNA,-0.372340165902911,0.212197162623106,False,down
WBGene00004955,0,1.0,PFNA,-0.245808251509163,0.215085433576811,False,down
WBGene00001688,0,1.0,PFNA,-0.338180334327706,0.221555369931823,False,down
WBGene00008741,0,0.6333333333333333,PFNA,0.248193093600928,0.22540525523288,False,up
WBGene00022415,0,1.0,PFNA,-1.15577127212606,0.241422459898,False,down
WBGene00002231,0,1.0,PFNA,-0.364396723161276,0.242840103281527,False,down
WBGene00002092,0,1.0,PFNA,0.759923921871642,0.255566419378638,False,up
WBGene00017426,0,1.0,PFNA,-0.223665289098039,0.270823018586674,False,down
WBGene00000099,0,1.0,PFNA,-0.402359758936112,0.271021128248287,False,down
WBGene00020788,0,1.0,PFNA,-0.217958602924125,0.275553645099041,False,down
WBGene00015814,0,1.0,PFNA,-0.458406201229221,0.29152975306386,False,down
WBGene00010330,0,1.0,PFNA,-0.343928178254526,0.302267567321176,False,down
WBGene00000804,0,1.0,PFNA,-0.404093792923668,0.31480131111892,False,down
WBGene00004017,0,1.0,PFNA,-0.458772543587841,0.31480131111892,False,down
WBGene00002073,0,1.0,PFNA,-0.465166110427067,0.31480131111892,False,down
WBGene00002497,0,1.0,PFNA,-0.271711071109269,0.337338772149702,False,down
WBGene00013209,0,1.0,PFNA,-0.255350984423805,0.35068104170492,False,down
WBGene00003410,0,1.0,PFNA,-0.183832216850893,0.351865273687423,False,down
WBGene00015752,0,1.0,PFNA,-0.247122421130158,0.352414832507857,False,down
WBGene00017546,0,1.0,PFNA,-0.239093766283117,0.35434944987411,False,down
WBGene00003157,0,1.0,PFNA,-0.343274422860549,0.35434944987411,False,down
WBGene00008401,0,0.9666666666666667,PFNA,-0.224076761497171,0.354371457946323,False,down
WBGene00015943,0,1.0,PFNA,-0.107990448367778,0.359637217090368,False,down
WBGene00018409,0,1.0,PFNA,-0.155777574695117,0.364686482919754,False,down
WBGene00008000,0,1.0,PFNA,-0.17242974774069,0.366778662431195,False,down
WBGene00021648,0,1.0,PFNA,-0.398101904707548,0.369892448210486,False,down
WBGene00004181,0,1.0,PFNA,-0.356981658780223,0.371942215160358,False,down
WBGene00007938,0,1.0,PFNA,-0.965993896675058,0.374442565325428,False,down
WBGene00012469,0,1.0,PFNA,-0.197427822445341,0.37740192775941,False,down
WBGene00002247,0,1.0,PFNA,-0.177038834412112,0.378591711649658,False,down
WBGene00007400,0,1.0,PFNA,-0.195106873175342,0.380695429115408,False,down
WBGene00011182,0,1.0,PFNA,-0.223156582459311,0.380695429115408,False,down
WBGene00020392,0,1.0,PFNA,-0.268188481123406,0.380695429115408,False,down
WBGene00003553,0,1.0,PFNA,-0.775946433612205,0.380755597235144,False,down
WBGene00018275,0,1.0,PFNA,-0.304616760697697,0.385329625610744,False,down
WBGene00005014,0,0.9333333333333333,PFNA,-0.185014489626488,0.387188503449951,False,down
WBGene00001774,0,1.0,PFNA,-0.323005587387707,0.387645090001406,False,down
WBGene00017447,0,0.9666666666666667,PFNA,-0.140120914690235,0.388285942609157,False,down
WBGene00022612,0,1.0,PFNA,-0.523962757603953,0.395140545914545,False,down
WBGene00010725,0,1.0,PFNA,-0.163790002151296,0.404950791891459,False,down
WBGene00001107,0,1.0,PFNA,-0.675948859298958,0.408743404421573,False,down
WBGene00017832,0,1.0,PFNA,-0.333270483583303,0.408770361777731,False,down
WBGene00012236,0,0.9,PFNA,-0.303566713520322,0.418297988575492,False,down
WBGene00000236,0,1.0,PFNA,-0.185275453075085,0.425365279625643,False,down
WBGene00013339,0,1.0,PFNA,-0.145405647905814,0.427186517789901,False,down
WBGene00004188,0,1.0,PFNA,-0.17008039588801,0.427186517789901,False,down
WBGene00020110,0,1.0,PFNA,-0.12955503359845,0.428711968811783,False,down
WBGene00015515,0,1.0,PFNA,-0.293042626563411,0.433195114960068,False,down
WBGene00020466,0,1.0,PFNA,-0.333420133152422,0.437123228807097,False,down
WBGene00003893,0,1.0,PFNA,-0.122223060960028,0.442084668544538,False,down
WBGene00008921,0,1.0,PFNA,-0.333645068740107,0.44424082339338,False,down
WBGene00004989,0,1.0,PFNA,0.497684433320944,0.44898994018448,False,up
WBGene00009966,0,1.0,PFNA,-0.194293587244118,0.44898994018448,False,down
WBGene00000413,0,1.0,PFNA,-0.316798848523756,0.449317546000113,False,down
WBGene00016103,0,1.0,PFNA,-0.228128874882998,0.450268302586371,False,down
WBGene00020704,0,1.0,PFNA,-0.726859342671371,0.450724710050879,False,down
WBGene00015233,0,1.0,PFNA,-0.182808054283202,0.45658707479728,False,down
WBGene00008338,0,1.0,PFNA,-0.1173800876565,0.457287489103559,False,down
WBGene00007350,0,1.0,PFNA,-0.110838787837397,0.458430188557298,False,down
WBGene00011302,0,1.0,PFNA,-0.121194089137325,0.458705835387352,False,down
WBGene00020465,0,1.0,PFNA,-0.944611942675148,0.458705835387352,False,down
WBGene00022455,0,1.0,PFNA,-0.310612503158123,0.459944610133969,False,down
WBGene00012046,0,1.0,PFNA,-1.08734738796106,0.46147271161339,False,down
WBGene00008107,0,1.0,PFNA,-0.290681316606845,0.466130582728165,False,down
WBGene00002998,0,1.0,PFNA,-0.153913824947473,0.47542977636871,False,down
WBGene00303021,0,1.0,PFNA,-0.121894204693362,0.475723182109286,False,down
WBGene00011480,0,1.0,PFNA,-0.184054200594778,0.476335414324548,False,down
WBGene00000121,0,1.0,PFNA,-0.219854321586715,0.477169010528138,False,down
WBGene00003418,0,1.0,PFNA,-0.217804616576615,0.478155215795,False,down
WBGene00010056,0,1.0,PFNA,-0.135061663870405,0.479477253969782,False,down
WBGene00016837,0,1.0,PFNA,-0.144248466118672,0.485120524762055,False,down
WBGene00018613,0,1.0,PFNA,-0.366118005498744,0.485411289596437,False,down
WBGene00011758,0,1.0,PFNA,-0.125001472793057,0.485425267029056,False,down
WBGene00013213,0,1.0,PFNA,-0.140688806149363,0.48650264049893,False,down
WBGene00018362,0,1.0,PFNA,-0.192659895441004,0.489165884035902,False,down
WBGene00001281,0,0.9666666666666667,PFNA,-0.156359753766748,0.489901681412085,False,down
WBGene00017328,0,1.0,PFNA,-0.187809803646785,0.491349238040579,False,down
WBGene00022253,0,1.0,PFNA,-0.134151346601557,0.49324861736349,False,down
WBGene00017969,0,1.0,PFNA,0.2374947299857,0.494204551241502,False,up
WBGene00017283,0,1.0,PFNA,-0.146959453923409,0.495131440200024,False,down
WBGene00004216,0,1.0,PFNA,-0.420418381682694,0.495131440200024,False,down
WBGene00019148,0,1.0,PFNA,-0.471820012914872,0.496956036457138,False,down
WBGene00003392,0,1.0,PFNA,-0.14230647041766,0.499964768859633,False,down
WBGene00009108,0,1.0,PFNA,-0.922917313419891,0.499964768859633,False,down
WBGene00007170,0,1.0,PFNA,-0.529667972016134,0.500217203400368,False,down
WBGene00022141,0,1.0,PFNA,-0.311461758901326,0.500877036637284,False,down
WBGene00015703,0,1.0,PFNA,-0.15714098460477,0.501319930947512,False,down
WBGene00003390,0,1.0,PFNA,-0.164053353197581,0.50188156677743,False,down
WBGene00008692,0,1.0,PFNA,-0.244296422011638,0.50188156677743,False,down
WBGene00050939,0,1.0,PFNA,-0.589637181927468,0.506317659225428,False,down
WBGene00014249,0,1.0,PFNA,-0.110552750163928,0.507288016316851,False,down
WBGene00001045,0,1.0,PFNA,-0.21695692151247,0.507550914685515,False,down
WBGene00000411,0,1.0,PFNA,-0.271891382800518,0.513684955571335,False,down
WBGene00017317,0,1.0,PFNA,-0.13202873466553,0.518070450177131,False,down
WBGene00000794,0,1.0,PFNA,-0.245940431278464,0.518076145880163,False,down
WBGene00015157,0,1.0,PFNA,-0.164398353248793,0.520004032805888,False,down
WBGene00012829,0,0.9333333333333333,PFNA,-0.125262423027922,0.520594670793881,False,down
WBGene00000098,0,1.0,PFNA,-0.305896943527436,0.520594670793881,False,down
WBGene00012445,0,1.0,PFNA,-0.315366053621425,0.520594670793881,False,down
WBGene00235268,0,1.0,PFNA,-0.98608007094348,0.529839077584423,False,down
WBGene00006447,0,1.0,PFNA,-0.147988599735596,0.537088361352123,False,down
WBGene00017238,0,1.0,PFNA,-0.16247912855015,0.537088361352123,False,down
WBGene00002070,0,1.0,PFNA,-0.189516686696844,0.537088361352123,False,down
WBGene00004264,0,1.0,PFNA,-0.705022876470714,0.537088361352123,False,down
WBGene00011038,0,1.0,PFNA,-0.301711417161688,0.537840020416847,False,down
WBGene00017991,0,1.0,PFNA,-0.883562609678755,0.538917622652461,False,down
WBGene00045379,0,1.0,PFNA,-0.213325711846428,0.545291313994431,False,down
WBGene00012665,0,1.0,PFNA,-0.11907344573284,0.545306826173388,False,down
WBGene00020481,0,1.0,PFNA,-0.12175214471268,0.545306826173388,False,down
WBGene00021327,0,1.0,PFNA,-0.0924246088682506,0.546675667909501,False,down
WBGene00022099,0,1.0,PFNA,-0.27863328603811,0.54886388925164,False,down
WBGene00003107,0,0.9666666666666667,PFNA,-0.619920280725263,0.556876049955106,False,down
WBGene00003930,0,1.0,PFNA,-0.12598927223171,0.557853766599775,False,down
WBGene00004312,0,0.5,PFNA,-0.146789574154958,0.559875280315091,False,down
WBGene00018830,0,1.0,PFNA,-0.250513284204952,0.560784325529611,False,down
WBGene00010845,0,1.0,PFNA,-0.120704877733295,0.560879772793004,False,down
WBGene00018836,0,1.0,PFNA,-0.123186624707178,0.560879772793004,False,down
WBGene00001999,0,1.0,PFNA,-0.139476313820766,0.560879772793004,False,down
WBGene00018064,0,0.9,PFNA,-0.17323326682421,0.560879772793004,False,down
WBGene00008987,0,1.0,PFNA,-0.395645681025382,0.560879772793004,False,down
WBGene00013849,0,1.0,PFNA,-0.486926626517982,0.560879772793004,False,down
WBGene00012257,0,1.0,PFNA,-1.1473599029799,0.563608526389837,False,down
WBGene00021675,0,1.0,PFNA,-0.406152228114701,0.571926718974829,False,down
WBGene00001242,0,1.0,PFNA,-0.466857021032066,0.571926718974829,False,down
WBGene00007186,0,1.0,PFNA,-0.15023960018854,0.575508536393966,False,down
WBGene00007552,0,1.0,PFNA,-0.78230888986217,0.575508536393966,False,down
WBGene00001113,0,1.0,PFNA,-0.158690215271737,0.576121451816479,False,down
WBGene00044069,0,1.0,PFNA,-0.202128889326863,0.577036563573388,False,down
WBGene00023500,0,1.0,PFNA,-0.242636793508189,0.577036563573388,False,down
WBGene00004391,0,1.0,PFNA,-0.348049916287687,0.577036563573388,False,down
WBGene00008605,0,1.0,PFNA,-0.597449270885654,0.577036563573388,False,down
WBGene00001833,0,1.0,PFNA,-0.226415884880174,0.577728740866294,False,down
WBGene00016209,0,0.8,PFNA,-0.148359080785388,0.578249296877031,False,down
WBGene00012909,0,1.0,PFNA,-0.188459163837478,0.579919737669522,False,down
WBGene00000405,0,1.0,PFNA,-0.31942936609808,0.582762208741075,False,down
WBGene00015472,0,1.0,PFNA,-0.159323419337946,0.582829672955101,False,down
WBGene00017643,0,1.0,PFNA,-0.205657551207357,0.582937166558477,False,down
WBGene00001689,0,1.0,PFNA,-0.265224012995548,0.582937166558477,False,down
WBGene00021850,0,1.0,PFNA,-0.358960445959055,0.583179334862575,False,down
WBGene00006481,0,1.0,PFNA,-0.129231449419707,0.585095640212602,False,down
WBGene00007168,0,1.0,PFNA,-0.295576362093783,0.585718401061259,False,down
WBGene00020702,0,1.0,PFNA,-0.689650818144877,0.589933834355405,False,down
WBGene00017044,0,1.0,PFNA,-0.161376756237398,0.59072726480645,False,down
WBGene00004737,0,1.0,PFNA,-0.237663195642295,0.59072726480645,False,down
WBGene00007118,0,1.0,PFNA,-0.171190569418545,0.59128393979505,False,down
WBGene00003155,0,1.0,PFNA,-0.293311070332543,0.59128393979505,False,down
WBGene00006472,0,1.0,PFNA,-0.116704742044924,0.59371542390148,False,down
WBGene00011281,0,1.0,PFNA,-0.122396348050029,0.594325238254702,False,down
WBGene00003156,0,1.0,PFNA,-0.239314056353323,0.594325238254702,False,down
WBGene00022615,0,1.0,PFNA,-0.163201560995524,0.5951101015043,False,down
WBGene00012123,0,0.9,PFNA,-0.230725638824221,0.5951101015043,False,down
WBGene00004392,0,1.0,PFNA,-0.252712267511823,0.5951101015043,False,down
WBGene00013150,0,0.5,PFNA,-0.260405245086775,0.5951101015043,False,down
WBGene00010609,0,1.0,PFNA,-0.275291518748885,0.5951101015043,False,down
WBGene00003762,0,0.9666666666666667,PFNA,-0.257442208949989,0.597274496658516,False,down
WBGene00001047,0,1.0,PFNA,-0.127916078089551,0.598660552012623,False,down
WBGene00022458,0,1.0,PFNA,-0.129019477251426,0.598660552012623,False,down
WBGene00003798,0,1.0,PFNA,-0.136516925011225,0.598660552012623,False,down
WBGene00010093,0,1.0,PFNA,-0.220902908846799,0.602773555178922,False,down
WBGene00016074,0,1.0,PFNA,-0.293754590311732,0.605364852291673,False,down
WBGene00004920,0,1.0,PFNA,-0.198754537163085,0.606201840544537,False,down
WBGene00016898,0,1.0,PFNA,-0.17329760414368,0.607632398962436,False,down
WBGene00021470,0,1.0,PFNA,-0.238096897562068,0.607632398962436,False,down
WBGene00000623,0,1.0,PFNA,-0.977692607445022,0.607632398962436,False,down
WBGene00004180,0,0.8333333333333334,PFNA,-0.333824641287752,0.609600732697765,False,down
WBGene00009274,0,1.0,PFNA,-0.17793466659975,0.611906083465371,False,down
WBGene00001049,0,0.8,PFNA,-0.190165647501189,0.611944097068176,False,down
WBGene00017201,0,1.0,PFNA,-0.312628396572548,0.611944097068176,False,down
WBGene00015404,0,1.0,PFNA,-0.142703485796903,0.613130828560254,False,down
WBGene00004340,0,1.0,PFNA,-0.219611488834626,0.613130828560254,False,down
WBGene00013549,0,0.5666666666666667,PFNA,0.0940906224531438,0.613549849467501,False,up
WBGene00020199,0,0.9333333333333333,PFNA,-0.180196299913484,0.613549849467501,False,down
WBGene00022274,0,1.0,PFNA,-0.61853954032717,0.614160975535554,False,down
WBGene00022107,0,1.0,PFNA,-0.117192537479158,0.619496037577021,False,down
WBGene00016133,0,1.0,PFNA,-0.369508345461997,0.619496037577021,False,down
WBGene00018008,0,1.0,PFNA,-0.0874673678456701,0.621160845736925,False,down
WBGene00009141,0,1.0,PFNA,-0.0967803172560894,0.621160845736925,False,down
WBGene00000275,0,1.0,PFNA,-0.217791913861581,0.622628793848027,False,down
WBGene00013862,0,1.0,PFNA,-0.229357435122346,0.623221386584948,False,down
WBGene00019154,0,1.0,PFNA,-0.855908481948284,0.623652730867392,False,down
WBGene00013605,0,1.0,PFNA,-0.150969083845993,0.623730700946324,False,down
WBGene00019947,0,1.0,PFNA,-0.16751459166871,0.625590432689273,False,down
WBGene00016235,0,1.0,PFNA,-0.201264928879308,0.625590432689273,False,down
WBGene00022759,0,0.9,PFNA,-0.081222470485494,0.625649097503211,False,down
WBGene00015734,0,1.0,PFNA,-0.147801620349538,0.625649097503211,False,down
WBGene00018625,0,1.0,PFNA,-0.110634510859752,0.626424943797184,False,down
WBGene00012342,0,1.0,PFNA,-0.111466711246095,0.626482226665564,False,down
WBGene00003795,0,1.0,PFNA,-0.145318302879379,0.626482226665564,False,down
WBGene00007045,0,0.9333333333333333,PFNA,-0.161721684047701,0.626482226665564,False,down
WBGene00044620,0,1.0,PFNA,-0.324576959790986,0.626482226665564,False,down
WBGene00015620,0,1.0,PFNA,-0.355848416956524,0.626482226665564,False,down
WBGene00018900,0,0.9666666666666667,PFNA,-0.199982576646573,0.626670264047809,False,down
WBGene00017721,0,1.0,PFNA,-0.478161412740478,0.629025971540239,False,down
WBGene00012343,0,1.0,PFNA,-0.106651403319031,0.630540998212404,False,down
WBGene00000702,0,1.0,PFNA,-0.993626216774052,0.633936355640584,False,down
WBGene00000800,0,1.0,PFNA,-0.0912521129562575,0.634733753243286,False,down
WBGene00004338,0,0.8666666666666667,PFNA,-0.181979607306748,0.634733753243286,False,down
WBGene00013405,0,1.0,PFNA,-0.282158934425969,0.634733753243286,False,down
WBGene00013880,0,1.0,PFNA,0.111168968242327,0.637323742169185,False,up
WBGene00004370,0,1.0,PFNA,-0.129074297058227,0.637700233045699,False,down
WBGene00001228,0,1.0,PFNA,-0.0959477136816021,0.640353686915063,False,down
WBGene00022182,0,1.0,PFNA,-0.15077141749395,0.640353686915063,False,down
WBGene00018510,0,1.0,PFNA,-0.456416957453839,0.640353686915063,False,down
WBGene00008641,0,1.0,PFNA,-0.236302074797866,0.640673684328375,False,down
WBGene00001077,0,1.0,PFNA,-0.296681039767436,0.640885007813835,False,down
WBGene00009583,0,1.0,PFNA,-0.0595524295770789,0.643594958137815,False,down
WBGene00013312,0,1.0,PFNA,-0.194290367533715,0.643594958137815,False,down
WBGene00009045,0,1.0,PFNA,-0.0990635899217367,0.643612630324054,False,down
WBGene00004326,0,1.0,PFNA,-0.13698346973796,0.645138818179968,False,down
WBGene00009674,0,1.0,PFNA,-0.132528558324509,0.649626289522046,False,down
WBGene00003877,0,1.0,PFNA,-0.171690285247878,0.649626289522046,False,down
WBGene00009731,0,1.0,PFNA,-0.231744303360997,0.649626289522046,False,down
WBGene00015461,0,1.0,PFNA,-0.128287410152089,0.652777274238302,False,down
WBGene00001025,0,1.0,PFNA,-0.0848450821950552,0.653315520659195,False,down
WBGene00004398,0,1.0,PFNA,-0.522456140875297,0.655549945329038,False,down
WBGene00001064,0,1.0,PFNA,-0.777355222176121,0.655549945329038,False,down
WBGene00017939,0,0.9666666666666667,PFNA,-0.138379672860819,0.656501087049699,False,down
WBGene00008645,0,0.8666666666666667,PFNA,-0.103649577152257,0.657387147986331,False,down
WBGene00015676,0,1.0,PFNA,-0.154967769477437,0.657887462156872,False,down
WBGene00008143,0,1.0,PFNA,-0.112256938255666,0.658749274256525,False,down
WBGene00010061,0,1.0,PFNA,-0.191375742643514,0.658749274256525,False,down
WBGene00008624,0,1.0,PFNA,-0.139398695855843,0.658959991865506,False,down
WBGene00003018,0,1.0,PFNA,-0.549068245583016,0.659734997177788,False,down
WBGene00001002,0,1.0,PFNA,-0.215035903319726,0.660056903598682,False,down
WBGene00003730,0,1.0,PFNA,-0.151247745369299,0.660634098575184,False,down
WBGene00021546,0,0.9666666666666667,PFNA,-0.111193402334239,0.660936743097688,False,down
WBGene00004874,0,1.0,PFNA,-0.11308614634115,0.660936743097688,False,down
WBGene00001869,0,1.0,PFNA,-0.216203839449818,0.660936743097688,False,down
WBGene00016449,0,1.0,PFNA,-0.281783389681288,0.660936743097688,False,down
WBGene00017154,0,1.0,PFNA,-0.258120671268366,0.661028321975922,False,down
WBGene00022347,0,1.0,PFNA,-0.0965105083657024,0.661904773552862,False,down
WBGene00001840,0,1.0,PFNA,-0.126835288521769,0.662503980070592,False,down
WBGene00010616,0,1.0,PFNA,-0.134456949496296,0.663068119321433,False,down
WBGene00019629,0,1.0,PFNA,-0.102793520590847,0.664316517884836,False,down
WBGene00017065,0,1.0,PFNA,-0.112167852254448,0.664316517884836,False,down
WBGene00007111,0,1.0,PFNA,-0.105378547305533,0.66719682192835,False,down
WBGene00018656,0,1.0,PFNA,-0.264481496350416,0.66719682192835,False,down
WBGene00003567,0,1.0,PFNA,-0.112926841205315,0.667371776015218,False,down
WBGene00007207,0,1.0,PFNA,-0.115472364645159,0.668502924300265,False,down
WBGene00017098,0,1.0,PFNA,-0.151929071898773,0.668502924300265,False,down
WBGene00003154,0,1.0,PFNA,-0.265961162714765,0.668502924300265,False,down
WBGene00010621,0,1.0,PFNA,-0.555107344173658,0.668502924300265,False,down
WBGene00189958,0,1.0,PFNA,-0.246806505255292,0.67052690339395,False,down
WBGene00020742,0,1.0,PFNA,-0.139869709628099,0.671100296714316,False,down
WBGene00004302,0,1.0,PFNA,-0.149289800634963,0.671100296714316,False,down
WBGene00002393,0,1.0,PFNA,-0.594723896454729,0.671100296714316,False,down
WBGene00000888,0,1.0,PFNA,-0.160002738102286,0.671571245221342,False,down
WBGene00015777,0,1.0,PFNA,-0.139832793315383,0.671862790382642,False,down
WBGene00010720,0,1.0,PFNA,-0.0956783703695554,0.671869464794502,False,down
WBGene00003405,0,1.0,PFNA,-0.169309786603721,0.672204168779609,False,down
WBGene00017686,0,1.0,PFNA,0.0730060455171476,0.673143314674039,False,up
WBGene00012722,0,1.0,PFNA,-0.138239057385599,0.673495794281525,False,down
WBGene00010766,0,1.0,PFNA,-0.0872521885651068,0.675029955499451,False,down
WBGene00020487,0,1.0,PFNA,-0.644108012597255,0.675821966532363,False,down
WBGene00009319,0,1.0,PFNA,-0.0716469402944459,0.676088845230101,False,down
WBGene00006931,0,0.9666666666666667,PFNA,-0.0835007625828627,0.676088845230101,False,down
WBGene00001320,0,1.0,PFNA,-0.108374400742815,0.676088845230101,False,down
WBGene00001497,0,1.0,PFNA,-0.131260087886812,0.676088845230101,False,down
WBGene00010785,0,1.0,PFNA,-0.153525177698064,0.676088845230101,False,down
WBGene00017280,0,1.0,PFNA,-0.108662019231374,0.677608707728355,False,down
WBGene00009207,0,1.0,PFNA,-0.123733485385711,0.677998307292811,False,down
WBGene00001057,0,0.9666666666666667,PFNA,-0.0749562253417682,0.678128995367396,False,down
WBGene00018156,0,1.0,PFNA,-0.0938528395581801,0.678128995367396,False,down
WBGene00008708,0,1.0,PFNA,-0.410748467014823,0.678128995367396,False,down
WBGene00012256,0,1.0,PFNA,-0.732164546250658,0.678261614986949,False,down
WBGene00019318,0,1.0,PFNA,-0.561725183350462,0.679408768586695,False,down
WBGene00009290,0,0.9666666666666667,PFNA,0.0758755870255538,0.679521319089907,False,up
WBGene00013340,0,1.0,PFNA,-0.141881804405073,0.679521319089907,False,down
WBGene00010942,0,1.0,PFNA,-0.112918160975647,0.679704138314343,False,down
WBGene00009722,0,1.0,PFNA,-0.131867466800246,0.680046079819546,False,down
WBGene00006473,0,1.0,PFNA,-0.131409342482174,0.68160512180723,False,down
WBGene00185001,0,1.0,PFNA,-0.200209221286613,0.68160512180723,False,down
WBGene00001832,0,1.0,PFNA,-0.174004540818638,0.684139589705887,False,down
WBGene00011318,0,1.0,PFNA,-0.219373881528436,0.684139589705887,False,down
WBGene00019333,0,0.9333333333333333,PFNA,-0.0789045033470016,0.684811245697534,False,down
WBGene00002637,0,1.0,PFNA,-0.098705252735592,0.684811245697534,False,down
WBGene00004042,0,1.0,PFNA,-0.204161040580466,0.686015090543358,False,down
WBGene00016749,0,1.0,PFNA,-0.175432490528179,0.686089650225841,False,down
WBGene00017163,0,0.9666666666666667,PFNA,-0.181921264780071,0.68655758303816,False,down
WBGene00001209,0,1.0,PFNA,-0.0995197172116617,0.686597912636299,False,down
WBGene00015781,0,1.0,PFNA,-0.610083353175806,0.687715672598493,False,down
WBGene00020479,0,1.0,PFNA,-0.169880160940071,0.689385343436508,False,down
WBGene00001831,0,1.0,PFNA,-0.179273713910083,0.689385343436508,False,down
WBGene00007533,0,1.0,PFNA,-0.359919601255773,0.689385343436508,False,down
WBGene00002039,0,1.0,PFNA,-0.221679749385545,0.68978694806803,False,down
WBGene00017738,0,1.0,PFNA,-0.218615096459141,0.690495409514413,False,down
WBGene00007623,0,1.0,PFNA,-0.117410500743369,0.690536894033675,False,down
WBGene00022371,0,1.0,PFNA,0.138830190304162,0.692144473108496,False,up
WBGene00016808,0,1.0,PFNA,-0.125034901629409,0.692144473108496,False,down
WBGene00004918,0,1.0,PFNA,-0.155677779762378,0.692144473108496,False,down
WBGene00006817,0,1.0,PFNA,-0.169850535347059,0.692144473108496,False,down
WBGene00019595,0,1.0,PFNA,-0.252436259030964,0.692144473108496,False,down
WBGene00019520,0,0.9666666666666667,PFNA,-0.734331416953413,0.692144473108496,False,down
WBGene00008567,0,1.0,PFNA,0.210676706440014,0.692290120961375,False,up
WBGene00077690,0,1.0,PFNA,0.209059000647913,0.692290120961375,False,up
WBGene00011883,0,0.5333333333333333,PFNA,-0.0746834252878282,0.692290120961375,False,down
WBGene00003134,0,1.0,PFNA,-0.108569449521852,0.692290120961375,False,down
WBGene00002047,0,1.0,PFNA,-0.174358095864522,0.692290120961375,False,down
WBGene00019760,0,1.0,PFNA,-0.208794496005244,0.692290120961375,False,down
WBGene00001389,0,1.0,PFNA,-0.264638225579346,0.692290120961375,False,down
WBGene00018542,0,1.0,PFNA,-0.347481597067635,0.692290120961375,False,down
WBGene00008963,0,1.0,PFNA,-0.351584535330463,0.692290120961375,False,down
WBGene00012650,0,1.0,PFNA,-0.214956761012465,0.692634611846085,False,down
WBGene00000990,0,1.0,PFNA,-0.257474679919687,0.693869433666844,False,down
WBGene00022052,0,1.0,PFNA,-0.104514902433746,0.694378609695047,False,down
WBGene00020693,0,1.0,PFNA,-0.134954811700343,0.694378609695047,False,down
WBGene00002228,0,1.0,PFNA,-0.172901482249556,0.694378609695047,False,down
WBGene00003162,0,1.0,PFNA,-0.100221079549536,0.694663757351143,False,down
WBGene00001020,0,1.0,PFNA,-0.163131402818459,0.694663757351143,False,down
WBGene00003372,0,0.9333333333333333,PFNA,-0.114651221800628,0.695287776534169,False,down
WBGene00007394,0,1.0,PFNA,-0.136812776682645,0.695287776534169,False,down
WBGene00007685,0,0.9333333333333333,PFNA,-0.148314418827386,0.695287776534169,False,down
WBGene00000039,0,1.0,PFNA,-0.466008931333784,0.695287776534169,False,down
WBGene00021828,0,1.0,PFNA,0.130309993936624,0.695417215569826,False,up
WBGene00011307,0,1.0,PFNA,-0.282316905277893,0.695825885910591,False,down
WBGene00017990,0,1.0,PFNA,-0.146210049851095,0.69640742300082,False,down
WBGene00013075,0,1.0,PFNA,0.115915550833354,0.69655410476367,False,up
WBGene00007971,0,1.0,PFNA,-0.105319618585488,0.69655410476367,False,down
WBGene00001065,0,1.0,PFNA,-0.815210765053501,0.69655410476367,False,down
WBGene00017329,0,1.0,PFNA,0.163868077476029,0.698270598150851,False,up
WBGene00002229,0,1.0,PFNA,-0.169509809653669,0.698770187608369,False,down
WBGene00000406,0,0.9666666666666667,PFNA,0.139551501660998,0.699826898190501,False,up
WBGene00001427,0,1.0,PFNA,-0.129829685539422,0.701884755382363,False,down
WBGene00003076,0,1.0,PFNA,-0.132841031599637,0.701884755382363,False,down
WBGene00009624,0,1.0,PFNA,-0.194788904649779,0.701884755382363,False,down
WBGene00001069,0,1.0,PFNA,-0.596699638185557,0.701884755382363,False,down
WBGene00015795,0,1.0,PFNA,-0.681080567670546,0.701884755382363,False,down
WBGene00012261,0,1.0,PFNA,-0.783007736645701,0.701884755382363,False,down
WBGene00006956,0,1.0,PFNA,-0.85523277423502,0.701884755382363,False,down
WBGene00018533,0,1.0,PFNA,-0.101204274016662,0.705475583565883,False,down
WBGene00012804,0,1.0,PFNA,-0.120246222272824,0.706972877788775,False,down
WBGene00003806,0,1.0,PFNA,-0.103782698024463,0.707760769101228,False,down
WBGene00004700,0,1.0,PFNA,-0.111601029503885,0.708512032699545,False,down
WBGene00015510,0,1.0,PFNA,-0.160357610238522,0.709024016225776,False,down
WBGene00003158,0,1.0,PFNA,-0.177626828866135,0.709024016225776,False,down
WBGene00018271,0,1.0,PFNA,-0.195584979797208,0.709024016225776,False,down
WBGene00001000,0,1.0,PFNA,-0.0766208882024553,0.709316347008748,False,down
WBGene00021845,0,1.0,PFNA,-0.105831649649291,0.709915849527435,False,down
WBGene00015687,0,0.9666666666666667,PFNA,-0.124575330298148,0.711176073672801,False,down
WBGene00004873,0,1.0,PFNA,-0.125642887535951,0.711176073672801,False,down
WBGene00009368,0,1.0,PFNA,-0.182913565504683,0.711176073672801,False,down
WBGene00003955,0,1.0,PFNA,-0.236284782005373,0.711176073672801,False,down
WBGene00020083,0,1.0,PFNA,-0.431154972575197,0.711176073672801,False,down
WBGene00015464,0,1.0,PFNA,-0.227996150583341,0.711735953666372,False,down
WBGene00020194,0,1.0,PFNA,-0.717420904465348,0.711735953666372,False,down
WBGene00013343,0,1.0,PFNA,-0.0682322276295465,0.712530633812151,False,down
WBGene00018762,0,1.0,PFNA,-0.15016451392257,0.713333170733287,False,down
WBGene00000498,0,1.0,PFNA,-0.159553336736967,0.713333170733287,False,down
WBGene00012497,0,1.0,PFNA,-0.0710497505624037,0.714230190980411,False,down
WBGene00022301,0,1.0,PFNA,-0.0777516588833861,0.715037555715784,False,down
WBGene00017993,0,1.0,PFNA,-0.0891254790661675,0.715037555715784,False,down
WBGene00006889,0,1.0,PFNA,-0.0944467320221223,0.715037555715784,False,down
WBGene00019679,0,1.0,PFNA,-0.0994142062023564,0.715037555715784,False,down
WBGene00004888,0,1.0,PFNA,-0.153731700689503,0.715037555715784,False,down
WBGene00009621,0,1.0,PFNA,-0.241224636107791,0.715533154991976,False,down
WBGene00022851,0,1.0,PFNA,-0.137798278037385,0.716403778138206,False,down
WBGene00007573,0,1.0,PFNA,-0.26003076243116,0.717334216693331,False,down
WBGene00010738,0,1.0,PFNA,-0.33494727598775,0.718317581768654,False,down
WBGene00008330,0,0.5666666666666667,PFNA,-0.134530004045399,0.719534359800051,False,down
WBGene00002169,0,1.0,PFNA,-0.109446730833646,0.719926160807552,False,down
WBGene00008035,0,1.0,PFNA,-0.202618823739314,0.721053472665367,False,down
WBGene00010923,0,1.0,PFNA,0.0703261937069291,0.721163372977171,False,up
WBGene00010075,0,1.0,PFNA,-0.123944293104276,0.721163372977171,False,down
WBGene00016057,0,1.0,PFNA,-0.152411420849216,0.721163372977171,False,down
WBGene00013321,0,1.0,PFNA,-0.208036434942048,0.721163372977171,False,down
WBGene00009094,0,1.0,PFNA,-0.331988579484209,0.721163372977171,False,down
WBGene00014205,0,1.0,PFNA,-0.167951256541845,0.721463838783868,False,down
WBGene00002282,0,1.0,PFNA,-0.697045980300762,0.721463838783868,False,down
WBGene00044746,0,1.0,PFNA,-0.192312008017491,0.721531624171073,False,down
WBGene00017746,0,1.0,PFNA,-0.111801583996575,0.722465179621603,False,down
WBGene00044466,0,0.9666666666666667,PFNA,-0.175576341662621,0.722465179621603,False,down
WBGene00001829,0,1.0,PFNA,-0.182315241511418,0.722465179621603,False,down
WBGene00003962,0,1.0,PFNA,-0.199767789668844,0.722465179621603,False,down
WBGene00007375,0,1.0,PFNA,-0.328643964634152,0.722465179621603,False,down
WBGene00001071,0,1.0,PFNA,-0.605929945608893,0.722465179621603,False,down
WBGene00004304,0,1.0,PFNA,-0.0823481836518467,0.722915225124165,False,down
WBGene00000225,0,0.9666666666666667,PFNA,-0.11909660341226,0.722915225124165,False,down
WBGene00011820,0,1.0,PFNA,-0.135528423163091,0.722915225124165,False,down
WBGene00014224,0,1.0,PFNA,-0.167396369911462,0.722915225124165,False,down
WBGene00005011,0,1.0,PFNA,-0.261845854398624,0.722915225124165,False,down
WBGene00012545,0,1.0,PFNA,-0.409061927209512,0.723611296904944,False,down
WBGene00022056,0,0.9666666666666667,PFNA,-0.107980818491468,0.724757492736031,False,down
WBGene00011760,0,1.0,PFNA,0.104210399308777,0.724786862375175,False,up
WBGene00044394,0,1.0,PFNA,-0.288072433241518,0.724786862375175,False,down
WBGene00018897,0,1.0,PFNA,-0.127467942410955,0.725718719184389,False,down
WBGene00000882,0,1.0,PFNA,-0.403548764887327,0.725718719184389,False,down
WBGene00001259,0,0.9666666666666667,PFNA,-0.0710543076942531,0.725769269238442,False,down
WBGene00012932,0,1.0,PFNA,-0.105656785943074,0.726227164830194,False,down
WBGene00022013,0,0.8333333333333334,PFNA,0.252643597409723,0.729442308583946,False,up
WBGene00018239,0,1.0,PFNA,-0.14072592926356,0.729442308583946,False,down
WBGene00018515,0,1.0,PFNA,-0.489727756796712,0.7315167420793,False,down
WBGene00011482,0,0.9,PFNA,-0.114203859236405,0.733996503241344,False,down
WBGene00011904,0,1.0,PFNA,-0.0812781935855674,0.734065965220685,False,down
WBGene00014120,0,1.0,PFNA,-0.123118704083806,0.734065965220685,False,down
WBGene00021348,0,1.0,PFNA,-0.138120277569658,0.734065965220685,False,down
WBGene00023419,0,1.0,PFNA,-0.153063297669185,0.734065965220685,False,down
WBGene00000401,0,1.0,PFNA,-0.161423013730749,0.734065965220685,False,down
WBGene00003159,0,1.0,PFNA,-0.233424390107197,0.734065965220685,False,down
WBGene00013852,0,1.0,PFNA,-0.484516738507866,0.734065965220685,False,down
WBGene00006795,0,1.0,PFNA,-0.195250779606768,0.737511100892351,False,down
WBGene00010032,0,1.0,PFNA,-0.207486815009312,0.737732161938636,False,down
WBGene00010670,0,1.0,PFNA,-0.121523184966336,0.739024066414881,False,down
WBGene00020107,0,1.0,PFNA,-0.131287214666644,0.739024066414881,False,down
WBGene00004219,0,1.0,PFNA,-0.553247875878115,0.739024066414881,False,down
WBGene00003986,0,1.0,PFNA,0.0727104515560393,0.740798215536558,False,up
WBGene00008215,0,0.9,PFNA,0.118154802508453,0.741230791585875,False,up
WBGene00000992,0,1.0,PFNA,-0.180791767132967,0.741230791585875,False,down
WBGene00016877,0,1.0,PFNA,-0.301546994590424,0.741600260309145,False,down
WBGene00004919,0,1.0,PFNA,-0.138925142752958,0.743684095662234,False,down
WBGene00003738,0,1.0,PFNA,-0.138941278962155,0.743734499695014,False,down
WBGene00013263,0,1.0,PFNA,-0.244991195119981,0.743734499695014,False,down
WBGene00001072,0,1.0,PFNA,-0.55521818800499,0.743734499695014,False,down
WBGene00009981,0,1.0,PFNA,0.184042144439313,0.74405214270561,False,up
WBGene00022134,0,1.0,PFNA,0.0793565198260793,0.745417137980491,False,up
WBGene00003801,0,1.0,PFNA,-0.106131747196831,0.746244376837514,False,down
WBGene00006529,0,1.0,PFNA,-0.118338937481309,0.746244376837514,False,down
WBGene00001790,0,1.0,PFNA,-0.177127185182558,0.746244376837514,False,down
WBGene00009371,0,1.0,PFNA,-0.454442356152718,0.746244376837514,False,down
WBGene00000209,0,1.0,PFNA,-0.131810079929642,0.747095773840825,False,down
WBGene00017360,0,1.0,PFNA,-0.188394709187909,0.747218039803622,False,down
WBGene00012697,0,1.0,PFNA,-0.0983979521476405,0.747526226753378,False,down
WBGene00006724,0,1.0,PFNA,-0.103171157492993,0.747526226753378,False,down
WBGene00000871,0,1.0,PFNA,-0.167530905496488,0.747526226753378,False,down
WBGene00021460,0,1.0,PFNA,-0.206526046836403,0.747526226753378,False,down
WBGene00002827,0,1.0,PFNA,-0.348938911403191,0.747526226753378,False,down
WBGene00012255,0,1.0,PFNA,-0.647319156243427,0.747526226753378,False,down
WBGene00011247,0,1.0,PFNA,-0.105574608369903,0.747682250201327,False,down
WBGene00004090,0,1.0,PFNA,-0.0997193186990476,0.748249710081366,False,down
WBGene00011836,0,0.6666666666666666,PFNA,-0.417660452981336,0.749343845461161,False,down
WBGene00016015,0,1.0,PFNA,-0.0536740051533094,0.749546298036061,False,down
WBGene00001433,0,1.0,PFNA,-0.151956764357421,0.749546298036061,False,down
WBGene00017028,0,1.0,PFNA,-0.132870410270474,0.749988822214471,False,down
WBGene00007258,0,1.0,PFNA,-0.172985090231781,0.750001510887405,False,down
WBGene00008458,0,1.0,PFNA,-0.120668213469548,0.750656831000329,False,down
WBGene00019762,0,1.0,PFNA,-0.0826255604137089,0.751338124745795,False,down
WBGene00019246,0,1.0,PFNA,-0.094545243170591,0.751338124745795,False,down
WBGene00000773,0,1.0,PFNA,-0.102002951175087,0.751338124745795,False,down
WBGene00003829,0,1.0,PFNA,-0.107174415968736,0.751338124745795,False,down
WBGene00004388,0,1.0,PFNA,-0.129635926992532,0.751338124745795,False,down
WBGene00012156,0,1.0,PFNA,-0.160365312274279,0.751338124745795,False,down
WBGene00000722,0,1.0,PFNA,-0.49735554717737,0.751338124745795,False,down
WBGene00021279,0,1.0,PFNA,-0.657430103979248,0.751338124745795,False,down
WBGene00007333,0,0.5333333333333333,PFNA,-0.0953208793588858,0.754594609747675,False,down
WBGene00302974,0,1.0,PFNA,0.183178842412717,0.756528959319274,False,up
WBGene00001958,0,1.0,PFNA,-0.310065912761884,0.756528959319274,False,down
WBGene00008354,0,1.0,PFNA,-0.233188158599586,0.757705950300991,False,down
WBGene00000928,0,1.0,PFNA,-0.749120637718048,0.758324472274464,False,down
WBGene00018932,0,1.0,PFNA,-0.0868117324671318,0.758577858894705,False,down
WBGene00020423,0,1.0,PFNA,-0.0934613111990309,0.758577858894705,False,down
WBGene00011393,0,1.0,PFNA,-0.224487531758618,0.758577858894705,False,down
WBGene00007999,0,1.0,PFNA,-0.474296276380412,0.758577858894705,False,down
WBGene00002075,0,1.0,PFNA,-0.0923946198672291,0.759711073206496,False,down
WBGene00004385,0,1.0,PFNA,-0.122307856911059,0.759720458789749,False,down
WBGene00021323,0,1.0,PFNA,-0.0978684369546803,0.761003990281115,False,down
WBGene00000870,0,1.0,PFNA,-0.234223129791421,0.762694225526076,False,down
WBGene00006366,0,1.0,PFNA,-0.515948406341367,0.76284065980573,False,down
WBGene00000065,0,1.0,PFNA,-0.115621392192737,0.764748866205795,False,down
WBGene00011605,0,1.0,PFNA,-0.0649089393486679,0.766914302925011,False,down
WBGene00016002,0,1.0,PFNA,0.0876706919810363,0.76696283791274,False,up
WBGene00006515,0,1.0,PFNA,-0.0917879265112315,0.76696283791274,False,down
WBGene00013892,0,1.0,PFNA,-0.100063433023864,0.767973356960821,False,down
WBGene00000399,0,1.0,PFNA,-0.590700305551746,0.769074055953739,False,down
WBGene00003036,0,1.0,PFNA,-0.119092963436308,0.769806890175847,False,down
WBGene00012904,0,0.8333333333333334,PFNA,-0.106324971832835,0.76990630428905,False,down
WBGene00004156,0,1.0,PFNA,0.223157946777969,0.770444796152127,False,up
WBGene00001079,0,1.0,PFNA,-0.416219200665454,0.770444796152127,False,down
WBGene00008800,0,1.0,PFNA,-0.0825635586098303,0.77059569655766,False,down
WBGene00002003,0,1.0,PFNA,-0.0933865130913671,0.770624723672181,False,down
WBGene00000206,0,1.0,PFNA,-0.102842648354817,0.770624723672181,False,down
WBGene00015916,0,1.0,PFNA,-0.101896706859017,0.772147522881333,False,down
WBGene00001827,0,1.0,PFNA,-0.0885172143142873,0.773396592479604,False,down
WBGene00006059,0,1.0,PFNA,-0.0832806981606776,0.773933475310631,False,down
WBGene00022037,0,0.5333333333333333,PFNA,0.0896794651923407,0.775634711305296,False,up
WBGene00013301,0,1.0,PFNA,-0.0742115174682502,0.775634711305296,False,down
WBGene00009812,0,1.0,PFNA,-0.0782466644891567,0.775634711305296,False,down
WBGene00013407,0,1.0,PFNA,-0.0915352852317197,0.775634711305296,False,down
WBGene00016888,0,1.0,PFNA,-0.0945330881020606,0.775634711305296,False,down
WBGene00019003,0,1.0,PFNA,-0.103379380217515,0.775634711305296,False,down
WBGene00002275,0,1.0,PFNA,-0.108146024809278,0.775634711305296,False,down
WBGene00020902,0,1.0,PFNA,-0.114213414831156,0.775634711305296,False,down
WBGene00004916,0,1.0,PFNA,-0.116654828663963,0.775634711305296,False,down
WBGene00000402,0,1.0,PFNA,-0.619669949874017,0.775634711305296,False,down
WBGene00001258,0,1.0,PFNA,-0.0719992361401949,0.776076554774749,False,down
WBGene00008646,0,1.0,PFNA,-0.0811387792100824,0.776076554774749,False,down
WBGene00021004,0,1.0,PFNA,-0.0801647928593832,0.776330177855965,False,down
WBGene00011142,0,0.9666666666666667,PFNA,-0.124342195460674,0.776330177855965,False,down
WBGene00017132,0,1.0,PFNA,-0.200045937074743,0.776330177855965,False,down
WBGene00016195,0,1.0,PFNA,-0.10544142842479,0.776881970504391,False,down
WBGene00018682,0,1.0,PFNA,-0.335113219080267,0.776881970504391,False,down
WBGene00010118,0,0.9666666666666667,PFNA,-0.349470669102806,0.776881970504391,False,down
WBGene00016422,0,1.0,PFNA,-0.457918726102666,0.776881970504391,False,down
WBGene00008805,0,0.5333333333333333,PFNA,-0.0962949456063351,0.777187552941465,False,down
WBGene00001016,0,1.0,PFNA,-0.144367591503027,0.777218493723324,False,down
WBGene00016446,0,0.9333333333333333,PFNA,-0.0956165650895577,0.779368029087705,False,down
WBGene00012834,0,1.0,PFNA,-0.123784120221759,0.779368029087705,False,down
WBGene00012186,0,1.0,PFNA,-0.711557016134951,0.779368029087705,False,down
WBGene00002027,0,1.0,PFNA,-0.070556877835482,0.780229231645863,False,down
WBGene00000550,0,1.0,PFNA,0.100017964164019,0.780413788888502,False,up
WBGene00015940,0,1.0,PFNA,0.0936092725904902,0.780413788888502,False,up
WBGene00019717,0,0.7666666666666667,PFNA,-0.132686532124379,0.780413788888502,False,down
WBGene00018934,0,1.0,PFNA,-0.107188026246825,0.78243174660252,False,down
WBGene00017501,0,1.0,PFNA,-0.424548223456184,0.78243174660252,False,down
WBGene00004774,0,1.0,PFNA,-0.0690201759446659,0.782946529683797,False,down
WBGene00002046,0,1.0,PFNA,-0.101750202595282,0.784177847413345,False,down
WBGene00008502,0,1.0,PFNA,-0.0824768812285381,0.784395961447622,False,down
WBGene00003504,0,1.0,PFNA,-0.0893963226184238,0.784395961447622,False,down
WBGene00008218,0,1.0,PFNA,-0.246819256306245,0.784395961447622,False,down
WBGene00012740,0,1.0,PFNA,-0.0888781800954321,0.784946201596292,False,down
WBGene00011857,0,1.0,PFNA,0.125585962673175,0.786119790767132,False,up
WBGene00003393,0,1.0,PFNA,-0.0610308919393782,0.786119790767132,False,down
WBGene00019076,0,1.0,PFNA,-0.0876432951317612,0.786119790767132,False,down
WBGene00013983,0,1.0,PFNA,-0.0929516471137073,0.786119790767132,False,down
WBGene00003904,0,1.0,PFNA,-0.100213181263978,0.786119790767132,False,down
WBGene00012992,0,1.0,PFNA,-0.100875354747893,0.786119790767132,False,down
WBGene00012972,0,1.0,PFNA,-0.13975204430013,0.786119790767132,False,down
WBGene00009926,0,1.0,PFNA,-0.5100905717005,0.786754353727694,False,down
WBGene00000816,0,1.0,PFNA,-0.0693930993405337,0.787166385480135,False,down
WBGene00000197,0,1.0,PFNA,-0.0760335270572927,0.787166385480135,False,down
WBGene00001041,0,1.0,PFNA,-0.0780918255921142,0.787166385480135,False,down
WBGene00007043,0,1.0,PFNA,-0.117046947290878,0.787166385480135,False,down
WBGene00012429,0,0.9,PFNA,0.340978274296752,0.787605871706355,False,up
WBGene00003796,0,1.0,PFNA,-0.0639493122911994,0.787605871706355,False,down
WBGene00003803,0,1.0,PFNA,-0.0832918892655061,0.787605871706355,False,down
WBGene00012230,0,0.9666666666666667,PFNA,-0.0901351060811495,0.787605871706355,False,down
WBGene00001061,0,1.0,PFNA,-0.0946027520023608,0.787605871706355,False,down
WBGene00018679,0,1.0,PFNA,-0.0978446199158178,0.787605871706355,False,down
WBGene00011694,0,1.0,PFNA,-0.190186227514343,0.787605871706355,False,down
WBGene00009012,0,1.0,PFNA,-0.059276264373219,0.788566452776624,False,down
WBGene00012205,0,1.0,PFNA,-0.0888743041427111,0.788566452776624,False,down
WBGene00016142,0,1.0,PFNA,-0.0795409087029314,0.788726053639689,False,down
WBGene00000168,0,1.0,PFNA,-0.305841302176096,0.789237149883879,False,down
WBGene00022361,0,1.0,PFNA,0.0623881913298586,0.789893870773642,False,up
WBGene00012556,0,1.0,PFNA,-0.110198474180489,0.789893870773642,False,down
WBGene00003160,0,1.0,PFNA,-0.0627765527052503,0.790239369784741,False,down
WBGene00019607,0,0.9,PFNA,-0.0953532289919528,0.790239369784741,False,down
WBGene00018295,0,1.0,PFNA,-0.35810853101744,0.790239369784741,False,down
WBGene00021170,0,1.0,PFNA,-0.0637246822941448,0.790371495616552,False,down
WBGene00021826,0,1.0,PFNA,-0.0975984330606842,0.793487314534225,False,down
WBGene00007625,0,1.0,PFNA,-0.0996917044604782,0.793487314534225,False,down
WBGene00219208,0,1.0,PFNA,-0.397079149796821,0.793487314534225,False,down
WBGene00002957,0,1.0,PFNA,-0.0729802865841135,0.794799495895858,False,down
WBGene00022138,0,0.7333333333333333,PFNA,0.078907881797679,0.795129289056899,False,up
WBGene00013482,0,1.0,PFNA,-0.108836649153723,0.797272419436663,False,down
WBGene00001232,0,1.0,PFNA,-0.0615406712653485,0.797325858278585,False,down
WBGene00004981,0,1.0,PFNA,-0.122035548625509,0.802127149432811,False,down
WBGene00004699,0,1.0,PFNA,-0.0801664996511878,0.802239776204476,False,down
WBGene00013531,0,1.0,PFNA,-0.144779764026738,0.802770447490026,False,down
WBGene00012628,0,1.0,PFNA,-0.260762877165423,0.803732976355566,False,down
WBGene00044163,0,0.9,PFNA,-0.338509348599695,0.804075502431032,False,down
WBGene00012317,0,1.0,PFNA,0.0711267848870013,0.80427028760207,False,up
WBGene00017988,0,1.0,PFNA,-0.0759035975837188,0.80427028760207,False,down
WBGene00011440,0,0.5333333333333333,PFNA,-0.077029635877557,0.80427028760207,False,down
WBGene00001340,0,0.9333333333333333,PFNA,-0.0614088769598588,0.805779433048334,False,down
WBGene00018778,0,1.0,PFNA,-0.094292990788679,0.805779433048334,False,down
WBGene00002060,0,1.0,PFNA,-0.0899646431610452,0.806227010658984,False,down
WBGene00017749,0,1.0,PFNA,-0.0654006048321159,0.806782645684594,False,down
WBGene00006307,0,1.0,PFNA,-0.0745945213120956,0.806782645684594,False,down
WBGene00003791,0,1.0,PFNA,-0.0808619101708832,0.806782645684594,False,down
WBGene00003802,0,1.0,PFNA,-0.0911032444487289,0.806782645684594,False,down
WBGene00004917,0,1.0,PFNA,-0.105711188323859,0.806782645684594,False,down
WBGene00012998,0,1.0,PFNA,0.0877629467261279,0.80751186942079,False,up
WBGene00016313,0,1.0,PFNA,-0.0762116712925684,0.807810324401751,False,down
WBGene00011846,0,0.9333333333333333,PFNA,-0.196462974682343,0.807810324401751,False,down
WBGene00004754,0,1.0,PFNA,-0.122515954612753,0.807912254381357,False,down
WBGene00020171,0,1.0,PFNA,-0.10190138130849,0.80833955651373,False,down
WBGene00003079,0,1.0,PFNA,-0.105897583715978,0.80843513467202,False,down
WBGene00021976,0,1.0,PFNA,-0.39037021773297,0.80843513467202,False,down
WBGene00015298,0,1.0,PFNA,-0.262183449070108,0.808542004031825,False,down
WBGene00008041,0,1.0,PFNA,-0.122008792999239,0.809177466843779,False,down
WBGene00022793,0,1.0,PFNA,-0.0812395340642223,0.810202522000864,False,down
WBGene00009444,0,1.0,PFNA,-0.145817357415265,0.810202522000864,False,down
WBGene00004766,0,0.9666666666666667,PFNA,-0.0658691374241274,0.810828228408364,False,down
WBGene00012126,0,1.0,PFNA,-0.0925013248822338,0.811625609650337,False,down
WBGene00006888,0,1.0,PFNA,0.05763601885872,0.811780532984831,False,up
WBGene00016746,0,1.0,PFNA,-0.141130648920891,0.812445801716491,False,down
WBGene00020437,0,1.0,PFNA,-0.0845390035229165,0.812656483295155,False,down
WBGene00015344,0,1.0,PFNA,-0.0872755470937179,0.812930078354839,False,down
WBGene00018512,0,1.0,PFNA,0.0539973552770772,0.813282279710487,False,up
WBGene00001498,0,1.0,PFNA,-0.0696226710629752,0.813282279710487,False,down
WBGene00009521,0,1.0,PFNA,-0.0725543691405364,0.813282279710487,False,down
WBGene00013006,0,1.0,PFNA,-0.0760765217488653,0.813282279710487,False,down
WBGene00302993,0,1.0,PFNA,-0.500638965495091,0.813282279710487,False,down
WBGene00011740,0,1.0,PFNA,-0.075536450742799,0.815562347473032,False,down
WBGene00004025,0,1.0,PFNA,-0.201961811641155,0.815562347473032,False,down
WBGene00016653,0,1.0,PFNA,-0.105290455077782,0.815727837283786,False,down
WBGene00018863,0,1.0,PFNA,0.112958755446806,0.815848572334431,False,up
WBGene00010905,0,1.0,PFNA,0.0987718182443335,0.815848572334431,False,up
WBGene00001151,0,1.0,PFNA,0.0941913224248816,0.815848572334431,False,up
WBGene00011897,0,1.0,PFNA,0.0630680290946092,0.815848572334431,False,up
WBGene00018160,0,0.9666666666666667,PFNA,-0.0613428293089221,0.815848572334431,False,down
WBGene00022114,0,1.0,PFNA,-0.0830149448583485,0.815848572334431,False,down
WBGene00020195,0,0.5,PFNA,-0.0858454274291923,0.815848572334431,False,down
WBGene00010685,0,1.0,PFNA,-0.0950567537664988,0.815848572334431,False,down
WBGene00002079,0,1.0,PFNA,-0.102010904913123,0.815848572334431,False,down
WBGene00000896,0,1.0,PFNA,-0.113018704253458,0.815848572334431,False,down
WBGene00015554,0,1.0,PFNA,-0.124425596423626,0.815848572334431,False,down
WBGene00206361,0,0.5,PFNA,-0.241438544643762,0.816475557679605,False,down
WBGene00044138,0,1.0,PFNA,-0.278295686314374,0.816475557679605,False,down
WBGene00022591,0,1.0,PFNA,-0.379782293416423,0.816475557679605,False,down
WBGene00021475,0,1.0,PFNA,-0.0815712376122388,0.816523124736902,False,down
WBGene00020250,0,1.0,PFNA,-0.503496404466318,0.816523124736902,False,down
WBGene00017769,0,1.0,PFNA,0.0837144482901569,0.816837170152535,False,up
WBGene00045483,0,1.0,PFNA,-0.0777562412548152,0.816837170152535,False,down
WBGene00003514,0,1.0,PFNA,-0.112542690620164,0.816837170152535,False,down
WBGene00011908,0,1.0,PFNA,-0.127789161536232,0.816978645393752,False,down
WBGene00020836,0,1.0,PFNA,-0.14910042178738,0.816978645393752,False,down
WBGene00044630,0,0.9666666666666667,PFNA,0.101996822870081,0.817116626723378,False,up
WBGene00010405,0,1.0,PFNA,-0.0842314029973597,0.818714231710536,False,down
WBGene00021276,0,1.0,PFNA,-0.0943767029186842,0.818756300524671,False,down
WBGene00007435,0,1.0,PFNA,-0.108406231804267,0.818756300524671,False,down
WBGene00001628,0,1.0,PFNA,-0.069374764989333,0.819276449781227,False,down
WBGene00008586,0,0.9333333333333333,PFNA,-0.07326629939375,0.819276449781227,False,down
WBGene00022463,0,1.0,PFNA,-0.0577681708122546,0.819917001376022,False,down
WBGene00013156,0,1.0,PFNA,-0.117261578617003,0.819992584907738,False,down
WBGene00021930,0,1.0,PFNA,-0.0569223129658427,0.820126278776312,False,down
WBGene00012423,0,0.8333333333333334,PFNA,-0.073999935971867,0.820126278776312,False,down
WBGene00018341,0,1.0,PFNA,-0.0885301728517098,0.820126278776312,False,down
WBGene00003123,0,1.0,PFNA,-0.0953997246212515,0.820126278776312,False,down
WBGene00010230,0,1.0,PFNA,-0.114089963951137,0.820126278776312,False,down
WBGene00001430,0,1.0,PFNA,-0.227405599796534,0.820126278776312,False,down
WBGene00011239,0,1.0,PFNA,-0.0937689967880598,0.821152722239396,False,down
WBGene00008642,0,1.0,PFNA,-0.0956486958033713,0.82116000507373,False,down
WBGene00009740,0,1.0,PFNA,-0.0721191325876182,0.822625225536848,False,down
WBGene00008563,0,1.0,PFNA,-0.201898586821469,0.822625225536848,False,down
WBGene00022176,0,1.0,PFNA,0.116569746615081,0.824139253459432,False,up
WBGene00003776,0,1.0,PFNA,-0.0691753614921043,0.824139253459432,False,down
WBGene00001331,0,1.0,PFNA,-0.0978497647089684,0.824139253459432,False,down
WBGene00009818,0,1.0,PFNA,-0.179076174750343,0.824139253459432,False,down
WBGene00015104,0,1.0,PFNA,-0.0832415850021975,0.825893396331175,False,down
WBGene00004464,0,1.0,PFNA,-0.0711162179006023,0.826556676924313,False,down
WBGene00002000,0,1.0,PFNA,-0.0792353551131622,0.827203997554609,False,down
WBGene00015927,0,1.0,PFNA,-0.0454506196294558,0.829545342013146,False,down
WBGene00001042,0,1.0,PFNA,-0.0709750901448485,0.830355926936042,False,down
WBGene00020160,0,1.0,PFNA,-0.0804072033386198,0.830355926936042,False,down
WBGene00012996,0,1.0,PFNA,-0.0958466524490913,0.830355926936042,False,down
WBGene00013344,0,1.0,PFNA,-0.0960013569149095,0.830355926936042,False,down
WBGene00018743,0,1.0,PFNA,-0.117417219363816,0.830355926936042,False,down
WBGene00044641,0,1.0,PFNA,-0.267885659437284,0.830355926936042,False,down
WBGene00022577,0,0.9,PFNA,-0.505762541064072,0.830355926936042,False,down
WBGene00003406,0,1.0,PFNA,-0.0785275085777227,0.831070865593938,False,down
WBGene00011734,0,0.8333333333333334,PFNA,-0.085692190614457,0.831070865593938,False,down
WBGene00012658,0,1.0,PFNA,-0.101745633453754,0.831133765765032,False,down
WBGene00001511,0,1.0,PFNA,-0.145525968758258,0.831817646977249,False,down
WBGene00001428,0,1.0,PFNA,-0.176259411495817,0.831817646977249,False,down
WBGene00004701,0,1.0,PFNA,-0.0867533653241849,0.832422248020758,False,down
WBGene00010815,0,0.9333333333333333,PFNA,-0.0892141371616815,0.836136413657241,False,down
WBGene00015075,0,1.0,PFNA,-0.0763662214319539,0.836157043856488,False,down
WBGene00019087,0,1.0,PFNA,-0.146464918658213,0.836728626104461,False,down
WBGene00007927,0,1.0,PFNA,0.112978356371738,0.837187794360162,False,up
WBGene00000475,0,1.0,PFNA,-0.0543111710014316,0.837187794360162,False,down
WBGene00001029,0,1.0,PFNA,-0.105253663794646,0.837611467361495,False,down
WBGene00302964,0,1.0,PFNA,-0.137892025175834,0.837611467361495,False,down
WBGene00015391,0,0.5333333333333333,PFNA,-0.0677001358651737,0.838506242271683,False,down
WBGene00003799,0,1.0,PFNA,-0.0744819458633177,0.838506242271683,False,down
WBGene00008774,0,1.0,PFNA,-0.0815700379643431,0.838506242271683,False,down
WBGene00003805,0,1.0,PFNA,-0.110248990161735,0.838506242271683,False,down
WBGene00003061,0,1.0,PFNA,-0.0716435249245266,0.840932008903809,False,down
WBGene00021638,0,1.0,PFNA,0.110221297495295,0.841483637287728,False,up
WBGene00000235,0,1.0,PFNA,-0.0837874770760533,0.841483637287728,False,down
WBGene00019693,0,1.0,PFNA,-0.090000120720333,0.841483637287728,False,down
WBGene00019587,0,1.0,PFNA,0.167825247675625,0.841829776726037,False,up
WBGene00022774,0,1.0,PFNA,-0.0714130924084959,0.841914541872116,False,down
WBGene00008409,0,1.0,PFNA,-0.102692088754826,0.841914541872116,False,down
WBGene00004305,0,1.0,PFNA,-0.105000085619369,0.841914541872116,False,down
WBGene00018366,0,1.0,PFNA,-0.113479157549483,0.842372746499614,False,down
WBGene00017085,0,1.0,PFNA,-0.0675038642190295,0.842907210559964,False,down
WBGene00020932,0,1.0,PFNA,-0.0573071224629659,0.842978497971513,False,down
WBGene00003836,0,1.0,PFNA,-0.0933891679769142,0.843021232875237,False,down
WBGene00007684,0,0.8666666666666667,PFNA,-0.0758280220157571,0.843661960053208,False,down
WBGene00003794,0,1.0,PFNA,-0.0649187586241888,0.843814693724299,False,down
WBGene00017169,0,1.0,PFNA,-0.0782309046252348,0.843814693724299,False,down
WBGene00018340,0,1.0,PFNA,-0.0946027220643975,0.843814693724299,False,down
WBGene00003367,0,1.0,PFNA,-0.0671957486178798,0.844687130486346,False,down
WBGene00001431,0,1.0,PFNA,-0.0783897003943719,0.844687130486346,False,down
WBGene00006964,0,1.0,PFNA,-0.0909128083723449,0.844687130486346,False,down
WBGene00008690,0,1.0,PFNA,0.116506510299332,0.844705217642891,False,up
WBGene00007257,0,0.9666666666666667,PFNA,-0.115570009207044,0.844705217642891,False,down
WBGene00017062,0,1.0,PFNA,-0.0681632158425482,0.844924584547516,False,down
WBGene00003143,0,1.0,PFNA,0.0721699693782285,0.845525217515544,False,up
WBGene00004224,0,1.0,PFNA,-0.342557423743909,0.846544266894139,False,down
WBGene00004229,0,1.0,PFNA,-0.258135612696856,0.846808804170975,False,down
WBGene00004915,0,1.0,PFNA,-0.0873689417281011,0.846856720412808,False,down
WBGene00015803,0,1.0,PFNA,-0.0805488160790743,0.848832178733186,False,down
WBGene00021277,0,1.0,PFNA,-0.0815455469190932,0.849019666247825,False,down
WBGene00007934,0,1.0,PFNA,-0.0844807246442415,0.849019666247825,False,down
WBGene00022832,0,1.0,PFNA,-0.0652025537666375,0.85031455607728,False,down
WBGene00009829,0,1.0,PFNA,-0.065606711268078,0.850582926113381,False,down
WBGene00006882,0,0.9,PFNA,0.0753535500317654,0.851157442255971,False,up
WBGene00022173,0,1.0,PFNA,-0.0719670599666917,0.851157442255971,False,down
WBGene00021095,0,1.0,PFNA,-0.336372119114972,0.851157442255971,False,down
WBGene00017794,0,0.9666666666666667,PFNA,-0.201492060954063,0.851339371627795,False,down
WBGene00009367,0,1.0,PFNA,-0.095594643751795,0.851394499461765,False,down
WBGene00004371,0,1.0,PFNA,0.059972023495891,0.851776118566068,False,up
WBGene00002256,0,1.0,PFNA,-0.0963608083006027,0.852213911197869,False,down
WBGene00003229,0,1.0,PFNA,-0.0956750305388215,0.852381529445082,False,down
WBGene00005015,0,1.0,PFNA,-0.0538967187303166,0.852398609814466,False,down
WBGene00003048,0,1.0,PFNA,0.0768735702708815,0.852461417567653,False,up
WBGene00001134,0,0.9,PFNA,0.054450834942817,0.852461417567653,False,up
WBGene00010178,0,1.0,PFNA,-0.0622685040331626,0.852461417567653,False,down
WBGene00002007,0,1.0,PFNA,-0.0803794328004147,0.8533909800921,False,down
WBGene00016790,0,1.0,PFNA,-0.113341035539623,0.8533909800921,False,down
WBGene00002077,0,1.0,PFNA,-0.0766618425592671,0.853684099316406,False,down
WBGene00007724,0,1.0,PFNA,-0.114795514372537,0.854459485769955,False,down
WBGene00012184,0,1.0,PFNA,0.109783554057953,0.85453635038535,False,up
WBGene00014083,0,1.0,PFNA,-0.0710103689265039,0.85453635038535,False,down
WBGene00002037,0,1.0,PFNA,-0.0788094711639156,0.85453635038535,False,down
WBGene00001235,0,1.0,PFNA,-0.0807645648321573,0.85453635038535,False,down
WBGene00021883,0,1.0,PFNA,-0.106757288401266,0.85453635038535,False,down
WBGene00022160,0,1.0,PFNA,-0.155418321107057,0.85453635038535,False,down
WBGene00021919,0,1.0,PFNA,-0.280729552329449,0.85453635038535,False,down
WBGene00022816,0,1.0,PFNA,-0.391402402068289,0.85453635038535,False,down
WBGene00001645,0,0.5333333333333333,PFNA,-0.0500518411927136,0.854545519755647,False,down
WBGene00008237,0,0.9666666666666667,PFNA,-0.0653790565833097,0.854602857319413,False,down
WBGene00000567,0,1.0,PFNA,-0.0528894662016487,0.855622570812057,False,down
WBGene00003915,0,1.0,PFNA,-0.119508678581851,0.856214313331466,False,down
WBGene00044631,0,1.0,PFNA,-0.24657925401657,0.856256818967052,False,down
WBGene00013260,0,1.0,PFNA,-0.0694837674316558,0.856406682533876,False,down
WBGene00004756,0,1.0,PFNA,0.0617364088333788,0.856713816390995,False,up
WBGene00003792,0,1.0,PFNA,-0.0484738799540956,0.856713816390995,False,down
WBGene00001337,0,1.0,PFNA,-0.0526935987838194,0.856713816390995,False,down
WBGene00007312,0,1.0,PFNA,-0.0943170000761832,0.856713816390995,False,down
WBGene00008762,0,1.0,PFNA,-0.156443974496817,0.856713816390995,False,down
WBGene00000106,0,1.0,PFNA,-0.0672189328172506,0.856795999563961,False,down
WBGene00020102,0,1.0,PFNA,-0.0691179447295134,0.856795999563961,False,down
WBGene00009118,0,1.0,PFNA,-0.0769549722179317,0.856795999563961,False,down
WBGene00021697,0,1.0,PFNA,0.0577154536482945,0.857410196368328,False,up
WBGene00015920,0,1.0,PFNA,-0.0679287401060768,0.857427703844246,False,down
WBGene00018951,0,0.9333333333333333,PFNA,-0.0904118204301683,0.857427703844246,False,down
WBGene00000179,0,1.0,PFNA,-0.0703959490588003,0.857699990421943,False,down
WBGene00000933,0,1.0,PFNA,-0.0646257088739911,0.857704369388477,False,down
WBGene00007668,0,1.0,PFNA,-0.0709121166473563,0.857704369388477,False,down
WBGene00043985,0,1.0,PFNA,-0.0821287281161954,0.857704369388477,False,down
WBGene00018046,0,1.0,PFNA,-0.085627999641898,0.857704369388477,False,down
WBGene00012513,0,1.0,PFNA,-0.106175151162838,0.857704369388477,False,down
WBGene00022103,0,1.0,PFNA,-0.194356555166243,0.857704369388477,False,down
WBGene00013740,0,1.0,PFNA,-0.0682275015749156,0.857926655733544,False,down
WBGene00011481,0,1.0,PFNA,-0.0800528391548473,0.857926655733544,False,down
WBGene00009784,0,1.0,PFNA,-0.0697868964436996,0.858319123050406,False,down
WBGene00003931,0,1.0,PFNA,-0.0766182241182946,0.858319123050406,False,down
WBGene00000005,0,1.0,PFNA,0.212459153617899,0.859480951343361,False,up
WBGene00010622,0,0.9333333333333333,PFNA,-0.0517714939031604,0.859480951343361,False,down
WBGene00006489,0,1.0,PFNA,-0.069044613705398,0.859480951343361,False,down
WBGene00022146,0,1.0,PFNA,-0.204365460393551,0.859480951343361,False,down
WBGene00020691,0,1.0,PFNA,0.160018768678858,0.859939050459744,False,up
WBGene00018961,0,1.0,PFNA,-0.0777985336879621,0.859939050459744,False,down
WBGene00012316,0,1.0,PFNA,-0.08925789848585,0.859939050459744,False,down
WBGene00013241,0,1.0,PFNA,-0.160435610073898,0.859939050459744,False,down
WBGene00002071,0,1.0,PFNA,-0.0825502947188258,0.860063004240515,False,down
WBGene00021815,0,1.0,PFNA,-0.0821237122405006,0.860083786336719,False,down
WBGene00003800,0,1.0,PFNA,-0.0474252810957165,0.861720810528944,False,down
WBGene00003797,0,1.0,PFNA,-0.0841099445457548,0.861720810528944,False,down
WBGene00022488,0,1.0,PFNA,-0.18146271338507,0.861720810528944,False,down
WBGene00011803,0,1.0,PFNA,0.154984714842188,0.861786544045104,False,up
WBGene00006438,0,0.7,PFNA,0.045958163495644,0.861786544045104,False,up
WBGene00004214,0,1.0,PFNA,-0.0560779102041172,0.861786544045104,False,down
WBGene00014156,0,1.0,PFNA,-0.157503893099216,0.861786544045104,False,down
WBGene00009627,0,1.0,PFNA,-0.0959029812000736,0.861906372731003,False,down
WBGene00011412,0,1.0,PFNA,-0.0669072593665686,0.861984922967146,False,down
WBGene00006584,0,1.0,PFNA,-0.067221297154697,0.863495975660556,False,down
WBGene00008768,0,1.0,PFNA,-0.0798922527160651,0.863495975660556,False,down
WBGene00015523,0,1.0,PFNA,-0.236613706331802,0.863495975660556,False,down
WBGene00017816,0,1.0,PFNA,-0.05768946141142,0.864220179276619,False,down
WBGene00009342,0,1.0,PFNA,-0.14591527431209,0.864279234008794,False,down
WBGene00004698,0,1.0,PFNA,-0.0617979896646757,0.864359055983907,False,down
WBGene00020855,0,1.0,PFNA,-0.223675426344595,0.865275579066562,False,down
WBGene00017245,0,1.0,PFNA,-0.0681789164073782,0.865810173487162,False,down
WBGene00016148,0,1.0,PFNA,-0.110314003143125,0.865810173487162,False,down
WBGene00022046,0,1.0,PFNA,-0.113228630373655,0.866366389960621,False,down
WBGene00013038,0,1.0,PFNA,-0.0609738327998338,0.867201455775329,False,down
WBGene00003870,0,1.0,PFNA,-0.0653477839596496,0.867314477605351,False,down
WBGene00006430,0,1.0,PFNA,0.086341953345334,0.868047463284043,False,up
WBGene00015956,0,1.0,PFNA,0.0481535725909102,0.868168426811207,False,up
WBGene00016014,0,1.0,PFNA,-0.0565724845269857,0.868208416119753,False,down
WBGene00006536,0,1.0,PFNA,-0.0775043465579104,0.868208416119753,False,down
WBGene00020813,0,1.0,PFNA,-0.110187166860396,0.868208416119753,False,down
WBGene00013239,0,1.0,PFNA,-0.0777572123533654,0.868279997221768,False,down
WBGene00022119,0,1.0,PFNA,-0.0762570103194013,0.868444159337517,False,down
WBGene00019162,0,1.0,PFNA,-0.0814290854579214,0.869722011150841,False,down
WBGene00004465,0,1.0,PFNA,-0.0726388426985869,0.869812768563758,False,down
WBGene00003522,0,1.0,PFNA,0.234539534039404,0.869980293978814,False,up
WBGene00016918,0,1.0,PFNA,-0.0752010937299884,0.869980293978814,False,down
WBGene00011253,0,1.0,PFNA,-0.0793725479334991,0.869980293978814,False,down
WBGene00004383,0,1.0,PFNA,-0.0967653701353356,0.869980293978814,False,down
WBGene00004702,0,1.0,PFNA,-0.0615588141267864,0.870196212445192,False,down
WBGene00008722,0,1.0,PFNA,-0.102791036637345,0.870196212445192,False,down
WBGene00011730,0,1.0,PFNA,-0.0558129556400625,0.870314534696483,False,down
WBGene00009980,0,1.0,PFNA,-0.177172209450394,0.870974018828043,False,down
WBGene00016411,0,1.0,PFNA,-0.0985567823930941,0.871178757986255,False,down
WBGene00021816,0,1.0,PFNA,-0.0684320181332258,0.871327952614551,False,down
WBGene00019759,0,1.0,PFNA,-0.217678258769662,0.871327952614551,False,down
WBGene00018572,0,1.0,PFNA,-0.248552697010873,0.87140631887282,False,down
WBGene00015525,0,1.0,PFNA,-0.060935954927413,0.871515527645395,False,down
WBGene00021681,0,1.0,PFNA,-0.0550407300941548,0.871950786350796,False,down
WBGene00007194,0,1.0,PFNA,-0.0892360902496448,0.871950786350796,False,down
WBGene00002081,0,0.9333333333333333,PFNA,-0.0455792157327998,0.87247725768608,False,down
WBGene00004307,0,1.0,PFNA,-0.0491851024428981,0.87247725768608,False,down
WBGene00019481,0,1.0,PFNA,-0.0769062239292054,0.87247725768608,False,down
WBGene00021830,0,1.0,PFNA,-0.0829344601598902,0.87247725768608,False,down
WBGene00006393,0,1.0,PFNA,-0.0898018135397011,0.87247725768608,False,down
WBGene00012939,0,1.0,PFNA,-0.173051131437091,0.87247725768608,False,down
WBGene00016978,0,1.0,PFNA,0.0740514650234907,0.872559459818397,False,up
WBGene00019220,0,1.0,PFNA,0.0577437298487468,0.872559459818397,False,up
WBGene00010097,0,1.0,PFNA,-0.0534749579039141,0.872559459818397,False,down
WBGene00011775,0,1.0,PFNA,-0.0728888258097544,0.872559459818397,False,down
WBGene00008123,0,1.0,PFNA,-0.0753269486217505,0.872559459818397,False,down
WBGene00011928,0,1.0,PFNA,-0.190424691231593,0.872559459818397,False,down
WBGene00010033,0,1.0,PFNA,-0.280229312419636,0.872559459818397,False,down
WBGene00008769,0,1.0,PFNA,-0.0859539502516748,0.873468924346159,False,down
WBGene00001073,0,1.0,PFNA,-0.138038985984888,0.873926898233307,False,down
WBGene00022188,0,1.0,PFNA,-0.0870709566804481,0.874043699514382,False,down
WBGene00011977,0,1.0,PFNA,-0.0550557214377733,0.874436246486191,False,down
WBGene00018967,0,1.0,PFNA,-0.0633315665570081,0.874436246486191,False,down
WBGene00000767,0,1.0,PFNA,0.0630923874475033,0.875079294571897,False,up
WBGene00006723,0,1.0,PFNA,-0.0681041975615198,0.875079294571897,False,down
WBGene00017381,0,1.0,PFNA,0.0727117034016326,0.875459232048518,False,up
WBGene00002879,0,1.0,PFNA,-0.0817534461481032,0.875577227277736,False,down
WBGene00004504,0,0.9666666666666667,PFNA,-0.0623785164041957,0.87602944482019,False,down
WBGene00009006,0,1.0,PFNA,-0.0618548047370332,0.87699731054041,False,down
WBGene00004387,0,1.0,PFNA,-0.0625630011004806,0.87699731054041,False,down
WBGene00000248,0,1.0,PFNA,-0.066962761010098,0.87699731054041,False,down
WBGene00020499,0,1.0,PFNA,-0.0832181692428267,0.877006730991794,False,down
WBGene00006512,0,1.0,PFNA,-0.0627216769080044,0.877124178763896,False,down
WBGene00015329,0,1.0,PFNA,-0.0751493198372018,0.877124178763896,False,down
WBGene00007501,0,1.0,PFNA,-0.10754707386267,0.877124178763896,False,down
WBGene00022180,0,1.0,PFNA,-0.0653028487972186,0.877514161812373,False,down
WBGene00000877,0,1.0,PFNA,-0.0691311972877099,0.877583783298782,False,down
WBGene00010364,0,0.9666666666666667,PFNA,0.0747714900204596,0.877732011809482,False,up
WBGene00011679,0,1.0,PFNA,-0.0505097895407909,0.877732011809482,False,down
WBGene00000160,0,0.5333333333333333,PFNA,-0.0678065766504508,0.877732011809482,False,down
WBGene00007731,0,0.9333333333333333,PFNA,-0.111503943224984,0.877732011809482,False,down
WBGene00016264,0,1.0,PFNA,-0.114969046709794,0.877732011809482,False,down
WBGene00003921,0,1.0,PFNA,-0.046981632574349,0.878015906635618,False,down
WBGene00006794,0,1.0,PFNA,-0.0492809874964874,0.878015906635618,False,down
WBGene00043156,0,1.0,PFNA,-0.0570886302007831,0.878015906635618,False,down
WBGene00017162,0,1.0,PFNA,-0.0574784104840814,0.878015906635618,False,down
WBGene00012997,0,1.0,PFNA,-0.0637059843971105,0.878015906635618,False,down
WBGene00015971,0,1.0,PFNA,-0.0661081538087481,0.878015906635618,False,down
WBGene00003950,0,0.9666666666666667,PFNA,-0.0733265053131742,0.878015906635618,False,down
WBGene00015915,0,1.0,PFNA,-0.0742674159921823,0.878015906635618,False,down
WBGene00006936,0,1.0,PFNA,-0.0755681405828104,0.878015906635618,False,down
WBGene00010727,0,1.0,PFNA,-0.0845383984077333,0.878015906635618,False,down
WBGene00003963,0,1.0,PFNA,-0.102007487511002,0.878015906635618,False,down
WBGene00019212,0,1.0,PFNA,-0.165526134257148,0.878015906635618,False,down
WBGene00018737,0,0.5,PFNA,-0.18785835828873,0.878015906635618,False,down
WBGene00009732,0,1.0,PFNA,-0.0746833250902442,0.8782337156075,False,down
WBGene00001094,0,1.0,PFNA,-0.0722914076752066,0.879013785211846,False,down
WBGene00003882,0,1.0,PFNA,0.0627546151246108,0.88021431781856,False,up
WBGene00003815,0,1.0,PFNA,-0.0773363363722807,0.88021431781856,False,down
WBGene00017892,0,0.5333333333333333,PFNA,0.104189787664109,0.880931933820683,False,up
WBGene00021613,0,1.0,PFNA,0.0459085799148201,0.880931933820683,False,up
WBGene00015941,0,1.0,PFNA,-0.0867050131079238,0.880931933820683,False,down
WBGene00000369,0,1.0,PFNA,-0.0490675613410364,0.881078773873525,False,down
WBGene00000080,0,0.5333333333333333,PFNA,-0.054769652920455,0.881078773873525,False,down
WBGene00019426,0,1.0,PFNA,-0.130976541711447,0.881078773873525,False,down
WBGene00006970,0,1.0,PFNA,0.0880756817366393,0.88122764536429,False,up
WBGene00008413,0,1.0,PFNA,-0.0595880832974261,0.88122764536429,False,down
WBGene00009004,0,1.0,PFNA,-0.0644626055301033,0.88122764536429,False,down
WBGene00003990,0,1.0,PFNA,-0.0651161632562762,0.88122764536429,False,down
WBGene00010909,0,1.0,PFNA,-0.0745182048154093,0.88122764536429,False,down
WBGene00010496,0,1.0,PFNA,-0.0749354889876526,0.88122764536429,False,down
WBGene00012361,0,1.0,PFNA,-0.0845613186739985,0.88122764536429,False,down
WBGene00022765,0,1.0,PFNA,-0.112695439592176,0.88122764536429,False,down
WBGene00004043,0,1.0,PFNA,-0.15048210611176,0.88122764536429,False,down
WBGene00007646,0,1.0,PFNA,-0.0414857331989288,0.881865660406046,False,down
WBGene00004738,0,1.0,PFNA,-0.0546693814816649,0.881865660406046,False,down
WBGene00012713,0,1.0,PFNA,-0.0468891893315334,0.8828118361561,False,down
WBGene00003415,0,1.0,PFNA,-0.0458801298714205,0.882906120156769,False,down
WBGene00013460,0,1.0,PFNA,-0.0473185438608735,0.882906120156769,False,down
WBGene00010941,0,0.9666666666666667,PFNA,-0.0548756845766438,0.882906120156769,False,down
WBGene00020184,0,1.0,PFNA,-0.062313906759018,0.882906120156769,False,down
WBGene00013324,0,1.0,PFNA,-0.0723463753936971,0.882906120156769,False,down
WBGene00017356,0,1.0,PFNA,-0.0822152314767323,0.882906120156769,False,down
WBGene00005022,0,1.0,PFNA,-0.09684653497503,0.882910574282067,False,down
WBGene00044063,0,1.0,PFNA,-0.0638896159867407,0.882982403910994,False,down
WBGene00015168,0,1.0,PFNA,-0.0707436717577098,0.882982403910994,False,down
WBGene00009620,0,1.0,PFNA,-0.122446902168735,0.883889710431917,False,down
WBGene00000123,0,1.0,PFNA,-0.044345648385202,0.883956141519084,False,down
WBGene00012983,0,1.0,PFNA,-0.0444431985350605,0.883956141519084,False,down
WBGene00017570,0,1.0,PFNA,-0.253743557147366,0.883956141519084,False,down
WBGene00016913,0,1.0,PFNA,-0.0508353159267157,0.884164722075769,False,down
WBGene00001309,0,1.0,PFNA,-0.0667339415271367,0.884164722075769,False,down
WBGene00018474,0,1.0,PFNA,-0.064459369313559,0.884716932993041,False,down
WBGene00019710,0,0.9666666666666667,PFNA,-0.0706524814056963,0.884716932993041,False,down
WBGene00011309,0,1.0,PFNA,-0.119259478649903,0.884716932993041,False,down
WBGene00013924,0,1.0,PFNA,-0.0618121560955779,0.884993210580657,False,down
WBGene00002804,0,1.0,PFNA,-0.0562690062447685,0.885218295839582,False,down
WBGene00022599,0,1.0,PFNA,-0.0610227382330253,0.885835721002352,False,down
WBGene00002348,0,1.0,PFNA,-0.0801448228739101,0.885835721002352,False,down
WBGene00009084,0,1.0,PFNA,-0.0800197411990553,0.885918443521755,False,down
WBGene00019030,0,0.9666666666666667,PFNA,-0.16158511310767,0.88642296136077,False,down
WBGene00018418,0,1.0,PFNA,-0.292801640145656,0.886566289862026,False,down
WBGene00001068,0,1.0,PFNA,-0.198014496184752,0.886818352563676,False,down
WBGene00009254,0,1.0,PFNA,-0.041686294225868,0.887080856867908,False,down
WBGene00001005,0,1.0,PFNA,-0.0586458419441918,0.887080856867908,False,down
WBGene00018357,0,1.0,PFNA,-0.0700706658292025,0.887129511176812,False,down
WBGene00022381,0,1.0,PFNA,0.0531230128958649,0.887500524034049,False,up
WBGene00000112,0,1.0,PFNA,-0.0487967504680717,0.887500524034049,False,down
WBGene00017799,0,1.0,PFNA,-0.0665797707662101,0.887500524034049,False,down
WBGene00021757,0,1.0,PFNA,-0.0721107686584063,0.887500524034049,False,down
WBGene00010139,0,1.0,PFNA,-0.0756776235117592,0.887500524034049,False,down
WBGene00016392,0,0.8666666666666667,PFNA,-0.0899044802363867,0.887500524034049,False,down
WBGene00021933,0,1.0,PFNA,0.0649990554617873,0.887550391922792,False,up
WBGene00006494,0,1.0,PFNA,-0.0607529230865423,0.887550391922792,False,down
WBGene00021270,0,1.0,PFNA,-0.0982886145354975,0.887550391922792,False,down
WBGene00017960,0,1.0,PFNA,-0.352262671003286,0.887550391922792,False,down
WBGene00018305,0,1.0,PFNA,0.0630116242440263,0.887650891500188,False,up
WBGene00009352,0,1.0,PFNA,-0.0576051011809402,0.888094969750348,False,down
WBGene00009128,0,1.0,PFNA,-0.0898748800518671,0.888895105057477,False,down
WBGene00008806,0,1.0,PFNA,-0.0601826356241765,0.889043527098435,False,down
WBGene00007028,0,1.0,PFNA,0.0531693130799892,0.889715568336469,False,up
WBGene00006537,0,1.0,PFNA,-0.0744084174182659,0.889715568336469,False,down
WBGene00020867,0,1.0,PFNA,0.0917127862034385,0.889991413292324,False,up
WBGene00004411,0,1.0,PFNA,-0.0406825272897727,0.889991413292324,False,down
WBGene00006373,0,1.0,PFNA,-0.0444005224489534,0.889991413292324,False,down
WBGene00008775,0,1.0,PFNA,-0.0493844046482575,0.889991413292324,False,down
WBGene00006672,0,1.0,PFNA,-0.0576303645320159,0.889991413292324,False,down
WBGene00018181,0,1.0,PFNA,-0.0589996545797487,0.889991413292324,False,down
WBGene00015954,0,1.0,PFNA,-0.0664277103159979,0.889991413292324,False,down
WBGene00004952,0,1.0,PFNA,-0.071340528377813,0.889991413292324,False,down
WBGene00000961,0,0.9333333333333333,PFNA,-0.0762808351974802,0.889991413292324,False,down
WBGene00006534,0,1.0,PFNA,-0.151200458208646,0.889991413292324,False,down
WBGene00021963,0,1.0,PFNA,-0.208816861730781,0.889991413292324,False,down
WBGene00007479,0,1.0,PFNA,-0.243416003365845,0.889991413292324,False,down
WBGene00004466,0,1.0,PFNA,-0.0499319664230031,0.890218998592842,False,down
WBGene00004270,0,1.0,PFNA,-0.0652730067481599,0.890218998592842,False,down
WBGene00000479,0,1.0,PFNA,0.0540574909870668,0.890437326232778,False,up
WBGene00002850,0,1.0,PFNA,-0.0563117733487232,0.890437326232778,False,down
WBGene00011971,0,1.0,PFNA,-0.0624942762589429,0.890437326232778,False,down
WBGene00019277,0,0.9666666666666667,PFNA,-0.0978207233921326,0.890437326232778,False,down
WBGene00002216,0,1.0,PFNA,0.0496802568951073,0.890526726374999,False,up
WBGene00044344,0,1.0,PFNA,0.0648033185781602,0.890851629054992,False,up
WBGene00006868,0,1.0,PFNA,0.0591162191286346,0.890851629054992,False,up
WBGene00008431,0,0.7666666666666667,PFNA,0.056978614237471,0.890851629054992,False,up
WBGene00006749,0,0.8333333333333334,PFNA,0.0527613282763685,0.890851629054992,False,up
WBGene00006815,0,1.0,PFNA,0.0348306567472762,0.890851629054992,False,up
WBGene00015463,0,1.0,PFNA,-0.0455392357776528,0.890851629054992,False,down
WBGene00020273,0,1.0,PFNA,-0.0523809321954664,0.890851629054992,False,down
WBGene00019953,0,1.0,PFNA,-0.0544890055599487,0.890851629054992,False,down
WBGene00001227,0,1.0,PFNA,-0.0555764582248482,0.890851629054992,False,down
WBGene00020113,0,1.0,PFNA,-0.0580367989302959,0.890851629054992,False,down
WBGene00004189,0,1.0,PFNA,-0.0587073389835923,0.890851629054992,False,down
WBGene00020798,0,1.0,PFNA,-0.0611930840439204,0.890851629054992,False,down
WBGene00003020,0,1.0,PFNA,-0.0667083003688776,0.890851629054992,False,down
WBGene00018230,0,1.0,PFNA,-0.0668763376143135,0.890851629054992,False,down
WBGene00009163,0,1.0,PFNA,-0.0708969479816284,0.890851629054992,False,down
WBGene00019510,0,1.0,PFNA,-0.0803057493902952,0.890851629054992,False,down
WBGene00004395,0,1.0,PFNA,-0.0811134958516375,0.890851629054992,False,down
WBGene00006793,0,1.0,PFNA,-0.0906261818571474,0.890851629054992,False,down
WBGene00000083,0,1.0,PFNA,0.057764775530905,0.89124771840748,False,up
WBGene00003222,0,1.0,PFNA,-0.0830918996119127,0.89124771840748,False,down
WBGene00045078,0,1.0,PFNA,-0.105654579127181,0.89124771840748,False,down
WBGene00016203,0,0.9666666666666667,PFNA,0.0524768938269227,0.891883683506298,False,up
WBGene00017981,0,1.0,PFNA,0.0491960718013699,0.891883683506298,False,up
WBGene00019276,0,0.9666666666666667,PFNA,-0.0496051243857871,0.891883683506298,False,down
WBGene00011759,0,1.0,PFNA,-0.0509939511927347,0.891883683506298,False,down
WBGene00012059,0,1.0,PFNA,-0.0549523141770745,0.891883683506298,False,down
WBGene00003788,0,1.0,PFNA,-0.0557450774861996,0.891883683506298,False,down
WBGene00008361,0,1.0,PFNA,-0.0615005634885815,0.891883683506298,False,down
WBGene00000765,0,1.0,PFNA,-0.0642887519218428,0.891883683506298,False,down
WBGene00000875,0,1.0,PFNA,-0.0762808072626529,0.891883683506298,False,down
WBGene00045246,0,1.0,PFNA,-0.165616818916254,0.891883683506298,False,down
WBGene00009982,0,1.0,PFNA,-0.220584201828231,0.891883683506298,False,down
WBGene00015273,0,1.0,PFNA,0.0777298445281288,0.891886401469336,False,up
WBGene00020215,0,1.0,PFNA,-0.0710552604929322,0.891886401469336,False,down
WBGene00011638,0,1.0,PFNA,-0.0601244272267276,0.89234547223869,False,down
WBGene00021595,0,1.0,PFNA,0.0720940546940123,0.892520065707879,False,up
WBGene00021899,0,1.0,PFNA,-0.0535667663950795,0.892520065707879,False,down
WBGene00023489,0,1.0,PFNA,-0.0978273785558395,0.892520065707879,False,down
WBGene00006367,0,1.0,PFNA,-0.137804483842558,0.892520065707879,False,down
WBGene00000165,0,1.0,PFNA,0.0491312292441462,0.892715455626184,False,up
WBGene00003989,0,1.0,PFNA,-0.04922237904016,0.892715455626184,False,down
WBGene00021783,0,1.0,PFNA,-0.0380414785216028,0.893038385399242,False,down
WBGene00011349,0,1.0,PFNA,-0.0458734426027835,0.893038385399242,False,down
WBGene00020936,0,1.0,PFNA,-0.0487383212543181,0.893409650406522,False,down
WBGene00019882,0,1.0,PFNA,-0.101500669799953,0.893409650406522,False,down
WBGene00020391,0,1.0,PFNA,0.0413864111849586,0.893526542191423,False,up
WBGene00009553,0,1.0,PFNA,-0.0626277810170233,0.893591319186983,False,down
WBGene00015791,0,0.5333333333333333,PFNA,-0.0700253074190855,0.893591319186983,False,down
WBGene00016496,0,1.0,PFNA,-0.0410333380134709,0.894127693693452,False,down
WBGene00044608,0,1.0,PFNA,-0.0668401392912688,0.894372136161027,False,down
WBGene00015282,0,1.0,PFNA,-0.0402275718492014,0.895204010081798,False,down
WBGene00003065,0,1.0,PFNA,-0.0403817982598712,0.895204010081798,False,down
WBGene00001166,0,1.0,PFNA,-0.0607679433021057,0.895350386265461,False,down
WBGene00004505,0,0.9333333333333333,PFNA,-0.0631531913209917,0.895350386265461,False,down
WBGene00012192,0,1.0,PFNA,0.0711077599819317,0.896019253823126,False,up
WBGene00003789,0,1.0,PFNA,-0.0454073764742216,0.896019253823126,False,down
WBGene00000879,0,1.0,PFNA,-0.0484759840681376,0.896019253823126,False,down
WBGene00021784,0,1.0,PFNA,-0.0500226540425028,0.896019253823126,False,down
WBGene00008131,0,1.0,PFNA,-0.0559413595276857,0.896019253823126,False,down
WBGene00022122,0,1.0,PFNA,-0.0803565232776847,0.896019253823126,False,down
WBGene00018422,0,1.0,PFNA,-0.0892448331436789,0.896019253823126,False,down
WBGene00013673,0,1.0,PFNA,-0.267308006917103,0.896019253823126,False,down
WBGene00002025,0,1.0,PFNA,0.107007373285809,0.896139195936442,False,up
WBGene00006640,0,1.0,PFNA,-0.0967616384296605,0.896563412724885,False,down
WBGene00016170,0,0.9666666666666667,PFNA,-0.0423436401567261,0.897026341733856,False,down
WBGene00013238,0,1.0,PFNA,-0.0776570827457057,0.897026341733856,False,down
WBGene00006647,0,1.0,PFNA,0.0455980382014114,0.897060430169943,False,up
WBGene00016588,0,1.0,PFNA,-0.0437108367402135,0.897393163402675,False,down
WBGene00013168,0,1.0,PFNA,-0.0438558857799232,0.898408742959556,False,down
WBGene00012887,0,1.0,PFNA,-0.0483171745580178,0.898638823649534,False,down
WBGene00007387,0,1.0,PFNA,-0.078387710491949,0.898638823649534,False,down
WBGene00007622,0,1.0,PFNA,0.090319279992494,0.898893757937047,False,up
WBGene00020115,0,1.0,PFNA,-0.0531936663598141,0.898893757937047,False,down
WBGene00002238,0,1.0,PFNA,-0.0549513234914766,0.898893757937047,False,down
WBGene00001226,0,1.0,PFNA,-0.063285344660959,0.898936258957736,False,down
WBGene00009713,0,0.8666666666666667,PFNA,0.0963203954391749,0.899313404149214,False,up
WBGene00019209,0,1.0,PFNA,-0.0441953293192415,0.899313404149214,False,down
WBGene00011806,0,0.9333333333333333,PFNA,-0.0462749848703031,0.899313404149214,False,down
WBGene00021888,0,1.0,PFNA,-0.0624321720949137,0.899313404149214,False,down
WBGene00003675,0,1.0,PFNA,-0.100760680648279,0.90019766196881,False,down
WBGene00013311,0,1.0,PFNA,-0.0853523804853028,0.900232119339145,False,down
WBGene00013143,0,1.0,PFNA,0.0659668513988625,0.900949853203873,False,up
WBGene00002061,0,1.0,PFNA,-0.0433460035168319,0.900949853203873,False,down
WBGene00012830,0,1.0,PFNA,-0.0902257001514283,0.90135325017358,False,down
WBGene00009843,0,1.0,PFNA,-0.0735578424024583,0.901951303684806,False,down
WBGene00020683,0,1.0,PFNA,-0.0508667351472644,0.902323497498526,False,down
WBGene00022388,0,1.0,PFNA,0.0346733694950801,0.902763426759719,False,up
WBGene00007463,0,1.0,PFNA,-0.0490174385788134,0.902995994781971,False,down
WBGene00006958,0,1.0,PFNA,-0.041256536200055,0.903476407419126,False,down
WBGene00009330,0,1.0,PFNA,-0.0741770005254116,0.903476407419126,False,down
WBGene00006940,0,0.8,PFNA,-0.0865339457341541,0.903476407419126,False,down
WBGene00004134,0,1.0,PFNA,-0.129451822134991,0.903533053633936,False,down
WBGene00015181,0,1.0,PFNA,-0.039503994420107,0.903591266759254,False,down
WBGene00021466,0,1.0,PFNA,-0.0405721764049522,0.903591266759254,False,down
WBGene00021844,0,1.0,PFNA,-0.0525308675910607,0.903591266759254,False,down
WBGene00011713,0,0.8666666666666667,PFNA,-0.0578628687947543,0.903591266759254,False,down
WBGene00019987,0,1.0,PFNA,-0.06879042210538,0.903591266759254,False,down
WBGene00020501,0,1.0,PFNA,-0.164723111124307,0.903591266759254,False,down
WBGene00008411,0,1.0,PFNA,-0.0537431462842421,0.903648338034198,False,down
WBGene00006518,0,1.0,PFNA,0.0421475965843109,0.903772790329498,False,up
WBGene00011128,0,1.0,PFNA,0.0871623859102436,0.904529018609519,False,up
WBGene00018593,0,1.0,PFNA,0.0536852619067158,0.904529018609519,False,up
WBGene00003477,0,1.0,PFNA,0.045265206912386,0.904529018609519,False,up
WBGene00012934,0,1.0,PFNA,-0.0384434878758974,0.904529018609519,False,down
WBGene00000549,0,1.0,PFNA,-0.0407280932975393,0.904529018609519,False,down
WBGene00001426,0,1.0,PFNA,-0.046429565354933,0.904529018609519,False,down
WBGene00009276,0,1.0,PFNA,-0.047489686881387,0.904529018609519,False,down
WBGene00004386,0,1.0,PFNA,-0.0508794953277708,0.904529018609519,False,down
WBGene00011033,0,1.0,PFNA,-0.0536960559495047,0.904529018609519,False,down
WBGene00020340,0,1.0,PFNA,-0.0567917792919995,0.904529018609519,False,down
WBGene00004458,0,0.9333333333333333,PFNA,-0.0576142262126421,0.904529018609519,False,down
WBGene00003037,0,1.0,PFNA,-0.0645088814851292,0.904529018609519,False,down
WBGene00007195,0,1.0,PFNA,-0.0649306384392784,0.904529018609519,False,down
WBGene00011017,0,1.0,PFNA,-0.0726388053278464,0.904529018609519,False,down
WBGene00021347,0,1.0,PFNA,-0.0782050579069743,0.904529018609519,False,down
WBGene00003482,0,1.0,PFNA,-0.163968655032401,0.904529018609519,False,down
WBGene00021931,0,1.0,PFNA,-0.226676309098196,0.904529018609519,False,down
WBGene00004248,0,1.0,PFNA,0.0427006114604169,0.905165323907008,False,up
WBGene00006574,0,1.0,PFNA,-0.069560994619971,0.905165323907008,False,down
WBGene00006781,0,1.0,PFNA,-0.0394577339014888,0.905306968518881,False,down
WBGene00011744,0,0.8,PFNA,-0.118355307622092,0.905306968518881,False,down
WBGene00021406,0,1.0,PFNA,0.0477068827357486,0.90532806190815,False,up
WBGene00012166,0,1.0,PFNA,-0.0391342351321295,0.90532806190815,False,down
WBGene00003851,0,1.0,PFNA,-0.0427755104361137,0.90532806190815,False,down
WBGene00000063,0,1.0,PFNA,-0.0447561515298245,0.90532806190815,False,down
WBGene00012738,0,1.0,PFNA,-0.0532207442230027,0.90532806190815,False,down
WBGene00004914,0,1.0,PFNA,-0.0548550695717582,0.90532806190815,False,down
WBGene00007504,0,0.9666666666666667,PFNA,-0.0594402870183365,0.90532806190815,False,down
WBGene00008714,0,1.0,PFNA,-0.0657057617879821,0.90532806190815,False,down
WBGene00007488,0,1.0,PFNA,-0.0697403130597275,0.90532806190815,False,down
WBGene00012723,0,1.0,PFNA,-0.076763661162822,0.905431357031765,False,down
WBGene00011796,0,1.0,PFNA,-0.232969248720211,0.905849404863807,False,down
WBGene00022416,0,1.0,PFNA,-0.0685526349932719,0.906509320977594,False,down
WBGene00013803,0,0.9666666666666667,PFNA,-0.0292960712343728,0.906649714432532,False,down
WBGene00016508,0,1.0,PFNA,0.0391486427734977,0.907090527134623,False,up
WBGene00002005,0,0.9,PFNA,0.0494028595258228,0.908122718692157,False,up
WBGene00001638,0,0.9333333333333333,PFNA,0.0476308761014338,0.908122718692157,False,up
WBGene00019678,0,1.0,PFNA,-0.0538222153691054,0.908122718692157,False,down
WBGene00006942,0,1.0,PFNA,-0.0424589508988324,0.90856350544837,False,down
WBGene00013835,0,1.0,PFNA,-0.0835682033070861,0.90856350544837,False,down
WBGene00004187,0,1.0,PFNA,-0.0378413456115129,0.908664974095089,False,down
WBGene00008166,0,1.0,PFNA,-0.0380183155563419,0.908664974095089,False,down
WBGene00006601,0,1.0,PFNA,-0.0395655114061194,0.908664974095089,False,down
WBGene00006706,0,1.0,PFNA,-0.0401258619041283,0.908664974095089,False,down
WBGene00020868,0,1.0,PFNA,-0.0449968324064816,0.908664974095089,False,down
WBGene00021506,0,1.0,PFNA,-0.0480090933388168,0.908664974095089,False,down
WBGene00003928,0,1.0,PFNA,-0.0509423567818998,0.908664974095089,False,down
WBGene00016055,0,1.0,PFNA,-0.0586678409231131,0.908664974095089,False,down
WBGene00000541,0,1.0,PFNA,-0.0745594112374696,0.908664974095089,False,down
WBGene00019168,0,1.0,PFNA,-0.0819649219140954,0.908664974095089,False,down
WBGene00016104,0,1.0,PFNA,-0.0866115729025127,0.908664974095089,False,down
WBGene00007770,0,1.0,PFNA,-0.143930503281613,0.908664974095089,False,down
WBGene00007443,0,1.0,PFNA,-0.0438309901721771,0.90890795762038,False,down
WBGene00009922,0,0.9333333333333333,PFNA,-0.0426656308237113,0.909160275053735,False,down
WBGene00011488,0,1.0,PFNA,-0.0569996962042646,0.909532804515392,False,down
WBGene00012966,0,1.0,PFNA,-0.0500346631483781,0.909847009708699,False,down
WBGene00012124,0,1.0,PFNA,0.0510120342082661,0.909847016653041,False,up
WBGene00003026,0,1.0,PFNA,0.0319455103645156,0.910274586655953,False,up
WBGene00000159,0,1.0,PFNA,0.0536244738869621,0.910314205294311,False,up
WBGene00012659,0,1.0,PFNA,-0.0358941998233334,0.910314205294311,False,down
WBGene00020511,0,1.0,PFNA,-0.0268136867136804,0.910393334566599,False,down
WBGene00022350,0,1.0,PFNA,-0.0431187845991375,0.910393334566599,False,down
WBGene00016844,0,1.0,PFNA,-0.0549463074516473,0.910393334566599,False,down
WBGene00004190,0,1.0,PFNA,-0.0611738474925825,0.910393334566599,False,down
WBGene00007696,0,1.0,PFNA,-0.0721843874168761,0.910393334566599,False,down
WBGene00012386,0,1.0,PFNA,0.030807476626022,0.910410936745895,False,up
WBGene00020348,0,1.0,PFNA,-0.0572908214644888,0.910410936745895,False,down
WBGene00001744,0,1.0,PFNA,-0.0424170880822958,0.910626166337549,False,down
WBGene00001747,0,1.0,PFNA,-0.0267049601856294,0.910685206196362,False,down
WBGene00003785,0,0.9666666666666667,PFNA,-0.0459313751222285,0.910685206196362,False,down
WBGene00008710,0,1.0,PFNA,-0.0646093795439923,0.910710115053327,False,down
WBGene00018893,0,1.0,PFNA,-0.0521074474427934,0.912129000445181,False,down
WBGene00021248,0,1.0,PFNA,0.089188171499462,0.912333740797065,False,up
WBGene00013435,0,1.0,PFNA,-0.0451281842569014,0.912333740797065,False,down
WBGene00013543,0,1.0,PFNA,-0.0534634907134253,0.912333740797065,False,down
WBGene00010284,0,1.0,PFNA,-0.0279961043734674,0.912618183093147,False,down
WBGene00002134,0,0.9,PFNA,-0.0541378822904865,0.912618183093147,False,down
WBGene00022531,0,1.0,PFNA,-0.0410329490467309,0.91433779155832,False,down
WBGene00001037,0,1.0,PFNA,-0.036438723353877,0.914588070721008,False,down
WBGene00000891,0,1.0,PFNA,-0.0450424204144128,0.914837116524412,False,down
WBGene00020269,0,1.0,PFNA,-0.0530048561386471,0.915023875460021,False,down
WBGene00022394,0,1.0,PFNA,-0.0662326474985802,0.915489650479822,False,down
WBGene00003790,0,1.0,PFNA,0.0427130655876861,0.91575659666974,False,up
WBGene00001570,0,1.0,PFNA,-0.103259338143568,0.91575659666974,False,down
WBGene00019433,0,0.9666666666666667,PFNA,-0.0456345069010235,0.9157629523753,False,down
WBGene00012555,0,1.0,PFNA,-0.0380309978221927,0.916389930914629,False,down
WBGene00007972,0,1.0,PFNA,-0.0450868713802425,0.917058183646058,False,down
WBGene00008877,0,0.5333333333333333,PFNA,-0.0516625198981134,0.917540692814205,False,down
WBGene00021994,0,1.0,PFNA,0.107531338070873,0.917636010815696,False,up
WBGene00021831,0,1.0,PFNA,0.0276233185158042,0.918108976905684,False,up
WBGene00001030,0,1.0,PFNA,-0.0407565081057077,0.918108976905684,False,down
WBGene00001154,0,1.0,PFNA,-0.0408039720564165,0.918108976905684,False,down
WBGene00001163,0,1.0,PFNA,-0.0499672117257737,0.918108976905684,False,down
WBGene00001161,0,1.0,PFNA,-0.0595694041037922,0.918108976905684,False,down
WBGene00016664,0,1.0,PFNA,-0.0961863615717718,0.918108976905684,False,down
WBGene00001492,0,1.0,PFNA,-0.0514985669800508,0.918223391956518,False,down
WBGene00017997,0,1.0,PFNA,-0.0334423133047823,0.918386754694766,False,down
WBGene00009559,0,1.0,PFNA,-0.044734495400126,0.918787838534034,False,down
WBGene00010812,0,1.0,PFNA,-0.0608653072740643,0.918948892215084,False,down
WBGene00018781,0,1.0,PFNA,0.0527728076711024,0.918969084653518,False,up
WBGene00008459,0,1.0,PFNA,0.0491284615727048,0.918978292071627,False,up
WBGene00017984,0,1.0,PFNA,-0.0412085097256262,0.918978292071627,False,down
WBGene00010624,0,1.0,PFNA,-0.0512711608541423,0.91992403609719,False,down
WBGene00012649,0,1.0,PFNA,-0.211992462381165,0.921023038477534,False,down
WBGene00016113,0,1.0,PFNA,0.038818224088284,0.921330293949233,False,up
WBGene00008422,0,1.0,PFNA,0.034904041688404,0.921330293949233,False,up
WBGene00000148,0,1.0,PFNA,-0.0407615591739461,0.921423666353052,False,down
WBGene00000183,0,1.0,PFNA,-0.0451512037146236,0.921423666353052,False,down
WBGene00006626,0,1.0,PFNA,-0.0729914357682826,0.921498381131936,False,down
WBGene00017773,0,1.0,PFNA,0.0315854400724165,0.92285264422951,False,up
WBGene00018133,0,1.0,PFNA,-0.262026544798481,0.92285264422951,False,down
WBGene00009880,0,1.0,PFNA,-0.0622926782555461,0.923839521899567,False,down
WBGene00019118,0,1.0,PFNA,-0.0376547438018517,0.924055032224921,False,down
WBGene00017534,0,1.0,PFNA,-0.0449124844437543,0.924055032224921,False,down
WBGene00012550,0,1.0,PFNA,-0.0499077359363514,0.924212909336162,False,down
WBGene00022380,0,1.0,PFNA,-0.0370954890081393,0.924352104736923,False,down
WBGene00012562,0,0.9333333333333333,PFNA,0.0433716014224571,0.92435932389332,False,up
WBGene00019544,0,1.0,PFNA,0.0429859990790706,0.92435932389332,False,up
WBGene00009542,0,1.0,PFNA,-0.0448386606110073,0.92435932389332,False,down
WBGene00021857,0,1.0,PFNA,-0.0473872417299573,0.92435932389332,False,down
WBGene00011831,0,1.0,PFNA,-0.125506459334052,0.92435932389332,False,down
WBGene00015021,0,0.9666666666666667,PFNA,-0.0417433851537593,0.924499614598907,False,down
WBGene00008428,0,1.0,PFNA,-0.0329360952832551,0.924769338395453,False,down
WBGene00002135,0,0.5333333333333333,PFNA,-0.0500719448814553,0.924769338395453,False,down
WBGene00021840,0,0.9333333333333333,PFNA,-0.0518796675587863,0.924769338395453,False,down
WBGene00019855,0,1.0,PFNA,-0.0588693562120386,0.924769338395453,False,down
WBGene00007402,0,1.0,PFNA,-0.0910993419206891,0.924769338395453,False,down
WBGene00018604,0,1.0,PFNA,-0.0348261403284354,0.924826458498158,False,down
WBGene00011032,0,1.0,PFNA,0.0416570335406635,0.925586990572252,False,up
WBGene00011408,0,1.0,PFNA,-0.0514647995557763,0.925586990572252,False,down
WBGene00013458,0,1.0,PFNA,0.0419190385355468,0.927139385493808,False,up
WBGene00013790,0,1.0,PFNA,-0.0378911424854212,0.927139385493808,False,down
WBGene00000515,0,1.0,PFNA,-0.0429574240218568,0.927459270538479,False,down
WBGene00006379,0,1.0,PFNA,-0.0793986382839903,0.927585828185391,False,down
WBGene00013131,0,1.0,PFNA,-0.0496899685208182,0.927836829795064,False,down
WBGene00009051,0,1.0,PFNA,-0.0400096298238744,0.928146884526677,False,down
WBGene00006530,0,1.0,PFNA,0.0527430319783176,0.92823655260308,False,up
WBGene00000941,0,1.0,PFNA,-0.059784812666545,0.92823655260308,False,down
WBGene00020561,0,1.0,PFNA,-0.135846282434206,0.928859282598911,False,down
WBGene00022044,0,1.0,PFNA,-0.0320197548336895,0.93004047915583,False,down
WBGene00164968,0,1.0,PFNA,-0.113597282966995,0.93004047915583,False,down
WBGene00015545,0,0.9666666666666667,PFNA,0.0819231429564042,0.930301875553319,False,up
WBGene00010439,0,1.0,PFNA,-0.0473377031585597,0.930301875553319,False,down
WBGene00003080,0,1.0,PFNA,-0.0549585050146246,0.931219693343627,False,down
WBGene00016608,0,1.0,PFNA,-0.044517808539524,0.931558667676345,False,down
WBGene00004726,0,0.9666666666666667,PFNA,0.0344928596021261,0.931980385404574,False,up
WBGene00018612,0,1.0,PFNA,-0.0270178761598977,0.932096714785947,False,down
WBGene00004704,0,1.0,PFNA,-0.0343757048940454,0.932370555093636,False,down
WBGene00011731,0,0.8666666666666667,PFNA,-0.0445667336718088,0.932877363993708,False,down
WBGene00013674,0,1.0,PFNA,-0.0530326811995045,0.932877363993708,False,down
WBGene00015268,0,1.0,PFNA,-0.12512073310131,0.932877363993708,False,down
WBGene00000502,0,1.0,PFNA,-0.0333706083670049,0.932961035422663,False,down
WBGene00003964,0,1.0,PFNA,-0.0332926647355504,0.933004030947912,False,down
WBGene00011771,0,1.0,PFNA,-0.043838246592189,0.933054967698906,False,down
WBGene00022835,0,0.7,PFNA,-0.0500975585331314,0.933054967698906,False,down
WBGene00022075,0,1.0,PFNA,-0.0550338254802103,0.933054967698906,False,down
WBGene00016607,0,1.0,PFNA,-0.059487892033323,0.933411574915297,False,down
WBGene00020068,0,1.0,PFNA,-0.0356849697435552,0.934233833412427,False,down
WBGene00009131,0,1.0,PFNA,-0.0471271171052433,0.934233833412427,False,down
WBGene00018159,0,1.0,PFNA,-0.0520416774132857,0.934233833412427,False,down
WBGene00015481,0,1.0,PFNA,-0.0275485407000509,0.934333205775497,False,down
WBGene00019900,0,1.0,PFNA,-0.0376522666198755,0.934333205775497,False,down
WBGene00019401,0,1.0,PFNA,-0.0234539768104304,0.934467418648723,False,down
WBGene00008205,0,1.0,PFNA,0.0724777766069999,0.935135818711513,False,up
WBGene00003254,0,0.8333333333333334,PFNA,-0.0366345274064949,0.935135818711513,False,down
WBGene00022493,0,1.0,PFNA,0.0531366794437037,0.93574228283794,False,up
WBGene00013018,0,1.0,PFNA,0.0354240987188488,0.93574228283794,False,up
WBGene00020498,0,1.0,PFNA,0.0326321169055925,0.93574228283794,False,up
WBGene00004034,0,1.0,PFNA,0.0294887391933291,0.93574228283794,False,up
WBGene00010502,0,0.9333333333333333,PFNA,0.0254219935075034,0.93574228283794,False,up
WBGene00001089,0,1.0,PFNA,-0.0386844076497107,0.93574228283794,False,down
WBGene00021149,0,1.0,PFNA,-0.0580252131015806,0.93574228283794,False,down
WBGene00003681,0,1.0,PFNA,-0.0849087011294087,0.93574228283794,False,down
WBGene00004185,0,1.0,PFNA,0.041270322330347,0.935966143880058,False,up
WBGene00007150,0,1.0,PFNA,-0.0892416336191152,0.935966143880058,False,down
WBGene00012977,0,1.0,PFNA,-0.032713518619892,0.93600007268164,False,down
WBGene00003704,0,0.9,PFNA,0.141713962683224,0.936822316697486,False,up
WBGene00000740,0,0.5333333333333333,PFNA,0.0739117742177529,0.936822316697486,False,up
WBGene00004283,0,1.0,PFNA,-0.0410343316902658,0.936822316697486,False,down
WBGene00021427,0,1.0,PFNA,-0.0830541380462031,0.936822316697486,False,down
WBGene00019323,0,1.0,PFNA,-0.0306701788870396,0.937152963306991,False,down
WBGene00008258,0,0.5333333333333333,PFNA,-0.031680364027651,0.937152963306991,False,down
WBGene00020808,0,1.0,PFNA,-0.034476928409133,0.937152963306991,False,down
WBGene00004085,0,1.0,PFNA,-0.0357192133982987,0.937152963306991,False,down
WBGene00015133,0,1.0,PFNA,-0.0408722341508458,0.937152963306991,False,down
WBGene00019800,0,1.0,PFNA,-0.0422723000231216,0.937152963306991,False,down
WBGene00003062,0,1.0,PFNA,-0.0654196671415927,0.937152963306991,False,down
WBGene00003130,0,1.0,PFNA,-0.0287406614389325,0.937156158472559,False,down
WBGene00011441,0,1.0,PFNA,-0.0335601285826111,0.937896466331327,False,down
WBGene00021292,0,1.0,PFNA,-0.0409706314969832,0.937896466331327,False,down
WBGene00009939,0,1.0,PFNA,-0.111674176888058,0.937896466331327,False,down
WBGene00010713,0,1.0,PFNA,-0.0268243732829529,0.938282984567842,False,down
WBGene00004355,0,1.0,PFNA,0.0322160961667177,0.938585265927694,False,up
WBGene00001632,0,1.0,PFNA,-0.0438393210290932,0.938585265927694,False,down
WBGene00002110,0,1.0,PFNA,-0.076234101283956,0.938585265927694,False,down
WBGene00000093,0,1.0,PFNA,0.0606623216361198,0.938608625147805,False,up
WBGene00022129,0,0.9666666666666667,PFNA,0.0677869706986074,0.939135483166158,False,up
WBGene00018373,0,1.0,PFNA,-0.0330312005322968,0.939806810387385,False,down
WBGene00008414,0,0.5333333333333333,PFNA,-0.0334585974349226,0.939806810387385,False,down
WBGene00019658,0,1.0,PFNA,-0.0587209422760256,0.939806810387385,False,down
WBGene00009204,0,1.0,PFNA,0.0447255251104104,0.939852286226343,False,up
WBGene00002244,0,1.0,PFNA,0.0438660177066418,0.939852286226343,False,up
WBGene00020687,0,1.0,PFNA,-0.0396187676929623,0.939852286226343,False,down
WBGene00004502,0,0.9666666666666667,PFNA,-0.0391857834630939,0.940006861861919,False,down
WBGene00010771,0,1.0,PFNA,0.0647049165898785,0.940045097930786,False,up
WBGene00004768,0,0.9333333333333333,PFNA,0.0347252049570322,0.940342589560191,False,up
WBGene00000196,0,1.0,PFNA,0.0379228939716341,0.94043150949801,False,up
WBGene00001636,0,1.0,PFNA,-0.0620699203336109,0.940563732678497,False,down
WBGene00002066,0,1.0,PFNA,-0.0305492615001603,0.940713847492939,False,down
WBGene00005036,0,0.5333333333333333,PFNA,-0.0828834171937465,0.940762536449161,False,down
WBGene00003055,0,1.0,PFNA,-0.0869844909267135,0.940762536449161,False,down
WBGene00021563,0,1.0,PFNA,-0.0359911186324374,0.941590543141465,False,down
WBGene00000379,0,1.0,PFNA,-0.0307826787875446,0.941690646758773,False,down
WBGene00016067,0,1.0,PFNA,-0.0523172676243866,0.942049632115115,False,down
WBGene00009654,0,1.0,PFNA,0.0331384904978477,0.942157065032908,False,up
WBGene00012950,0,1.0,PFNA,0.0422633978790985,0.942977550818728,False,up
WBGene00010524,0,1.0,PFNA,-0.0357964403784731,0.942977550818728,False,down
WBGene00018866,0,1.0,PFNA,-0.0364772730065959,0.942977550818728,False,down
WBGene00008918,0,1.0,PFNA,-0.0386308409285386,0.942977550818728,False,down
WBGene00013083,0,1.0,PFNA,-0.0617430609901804,0.942977550818728,False,down
WBGene00050885,0,1.0,PFNA,-0.0661925250633127,0.942977550818728,False,down
WBGene00002152,0,1.0,PFNA,-0.0273890756936673,0.943460309227894,False,down
WBGene00020185,0,1.0,PFNA,-0.0324005598560284,0.94438793120704,False,down
WBGene00010478,0,1.0,PFNA,-0.0436205726487726,0.944678924027603,False,down
WBGene00005153,0,0.9333333333333333,PFNA,-0.048051509352734,0.944678924027603,False,down
WBGene00022576,0,1.0,PFNA,0.0496070329187165,0.944683085734506,False,up
WBGene00017800,0,1.0,PFNA,-0.0264090940205552,0.944683085734506,False,down
WBGene00010645,0,1.0,PFNA,-0.0320891889654534,0.944683085734506,False,down
WBGene00001637,0,1.0,PFNA,-0.0504328081417196,0.944683085734506,False,down
WBGene00044032,0,1.0,PFNA,-0.142486187165394,0.944683085734506,False,down
WBGene00007101,0,1.0,PFNA,-0.0418027512694211,0.945173612269403,False,down
WBGene00007859,0,1.0,PFNA,0.0428526470659014,0.945408186173898,False,up
WBGene00021512,0,1.0,PFNA,0.0377218681650277,0.945408186173898,False,up
WBGene00011064,0,1.0,PFNA,-0.0278080012648322,0.945408186173898,False,down
WBGene00018007,0,1.0,PFNA,-0.0278948376187788,0.945408186173898,False,down
WBGene00020263,0,1.0,PFNA,-0.031766451574453,0.945408186173898,False,down
WBGene00011144,0,1.0,PFNA,-0.0235947173233644,0.945602853872478,False,down
WBGene00000395,0,1.0,PFNA,0.0749711688651561,0.946023588517254,False,up
WBGene00021841,0,1.0,PFNA,0.043045829434594,0.946023588517254,False,up
WBGene00013601,0,1.0,PFNA,0.0288863475072393,0.946023588517254,False,up
WBGene00010912,0,1.0,PFNA,-0.0210029478290394,0.946023588517254,False,down
WBGene00006856,0,1.0,PFNA,-0.0318573093432518,0.946023588517254,False,down
WBGene00012197,0,1.0,PFNA,-0.0488871013048055,0.946023588517254,False,down
WBGene00017768,0,1.0,PFNA,0.0271384649640988,0.946164530835465,False,up
WBGene00013765,0,1.0,PFNA,-0.0407884635905026,0.946164530835465,False,down
WBGene00013237,0,1.0,PFNA,-0.0457299821515541,0.946292079296919,False,down
WBGene00007564,0,1.0,PFNA,-0.0524543894777067,0.946292079296919,False,down
WBGene00006700,0,1.0,PFNA,-0.0361136822192368,0.946493050051329,False,down
WBGene00004723,0,1.0,PFNA,-0.0362275193940415,0.946493050051329,False,down
WBGene00006496,0,1.0,PFNA,0.0336336056829263,0.946507613963457,False,up
WBGene00006924,0,1.0,PFNA,-0.0302105363784888,0.946507613963457,False,down
WBGene00002001,0,1.0,PFNA,-0.02643477057975,0.946520390684883,False,down
WBGene00001977,0,1.0,PFNA,-0.0388077620140774,0.946823089895543,False,down
WBGene00019241,0,1.0,PFNA,-0.0327167823827341,0.947162015325647,False,down
WBGene00020216,0,1.0,PFNA,-0.0539258240822874,0.947162015325647,False,down
WBGene00010052,0,0.9333333333333333,PFNA,0.0271544532762225,0.947308923376958,False,up
WBGene00000158,0,1.0,PFNA,-0.023693143248692,0.947308923376958,False,down
WBGene00006737,0,1.0,PFNA,-0.0280801796565098,0.947308923376958,False,down
WBGene00021088,0,1.0,PFNA,-0.0436354948884846,0.947308923376958,False,down
WBGene00012322,0,1.0,PFNA,-0.081390004429198,0.947741273162414,False,down
WBGene00021026,0,1.0,PFNA,-0.0567692398409506,0.948022034808347,False,down
WBGene00008397,0,1.0,PFNA,0.0284304978886541,0.948100150010337,False,up
WBGene00006491,0,1.0,PFNA,0.0478810649109881,0.948492792333938,False,up
WBGene00021952,0,1.0,PFNA,-0.0213417629285942,0.948492792333938,False,down
WBGene00012198,0,1.0,PFNA,-0.053979244335273,0.948492792333938,False,down
WBGene00006590,0,1.0,PFNA,-0.037652254920539,0.948570655608284,False,down
WBGene00018827,0,1.0,PFNA,0.0447697221497061,0.949363001466198,False,up
WBGene00006319,0,0.9333333333333333,PFNA,-0.071002692217009,0.949445883470878,False,down
WBGene00000923,0,1.0,PFNA,-0.0335618857233645,0.950811070105236,False,down
WBGene00003925,0,1.0,PFNA,-0.036261540054509,0.950959270336514,False,down
WBGene00010458,0,1.0,PFNA,-0.0348635599418791,0.951155269076624,False,down
WBGene00014176,0,1.0,PFNA,-0.0403992783415375,0.951155269076624,False,down
WBGene00003214,0,1.0,PFNA,-0.0847744366109061,0.951155269076624,False,down
WBGene00008936,0,1.0,PFNA,-0.0659256424074928,0.951194053258242,False,down
WBGene00011688,0,1.0,PFNA,0.0303062562872718,0.951276355680297,False,up
WBGene00008571,0,1.0,PFNA,-0.0600042590120655,0.951276355680297,False,down
WBGene00002127,0,1.0,PFNA,-0.0369430313181998,0.951386702345537,False,down
WBGene00011527,0,0.9333333333333333,PFNA,0.0294752529097034,0.951575241079492,False,up
WBGene00003587,0,1.0,PFNA,-0.0332851002098237,0.951575241079492,False,down
WBGene00013219,0,1.0,PFNA,-0.0354670347679499,0.951615636515484,False,down
WBGene00014221,0,1.0,PFNA,-0.0364001161333567,0.951615636515484,False,down
WBGene00021636,0,1.0,PFNA,-0.0341856368859055,0.951921335044406,False,down
WBGene00007000,0,1.0,PFNA,-0.0368773876190504,0.951921335044406,False,down
WBGene00012363,0,0.8333333333333334,PFNA,-0.0520509673860943,0.952092726870585,False,down
WBGene00006934,0,1.0,PFNA,-0.0221725514451546,0.952094128156769,False,down
WBGene00020719,0,1.0,PFNA,-0.0230233708147878,0.952094128156769,False,down
WBGene00016583,0,1.0,PFNA,-0.0283895660104859,0.952094128156769,False,down
WBGene00012714,0,1.0,PFNA,-0.0374838265949986,0.952094128156769,False,down
WBGene00003012,0,1.0,PFNA,-0.0499315346214508,0.952094128156769,False,down
WBGene00011139,0,0.9333333333333333,PFNA,0.066747949809716,0.952545298858226,False,up
WBGene00009123,0,1.0,PFNA,-0.0486121199856841,0.952545298858226,False,down
WBGene00006666,0,1.0,PFNA,-0.0502320312634818,0.952549999349479,False,down
WBGene00000887,0,1.0,PFNA,0.0395194854349886,0.952685466568724,False,up
WBGene00016644,0,1.0,PFNA,0.0685904400481949,0.952707219492278,False,up
WBGene00007169,0,1.0,PFNA,-0.140299889126433,0.953398320095389,False,down
WBGene00003066,0,1.0,PFNA,0.0407092855697255,0.953572285471334,False,up
WBGene00001950,0,1.0,PFNA,-0.0936434324913017,0.953691697287693,False,down
WBGene00001559,0,1.0,PFNA,-0.032463390599251,0.953965017100898,False,down
WBGene00003082,0,1.0,PFNA,-0.0378279600747705,0.954261574747355,False,down
WBGene00009057,0,1.0,PFNA,0.0554695368673316,0.954679735504519,False,up
WBGene00020296,0,1.0,PFNA,0.0389157117684016,0.954679735504519,False,up
WBGene00020109,0,0.9666666666666667,PFNA,0.0291261036800007,0.954679735504519,False,up
WBGene00022852,0,1.0,PFNA,-0.0365091170917242,0.954679735504519,False,down
WBGene00017774,0,1.0,PFNA,-0.0560708526768279,0.954679735504519,False,down
WBGene00001159,0,1.0,PFNA,-0.0329707725579849,0.954814152476527,False,down
WBGene00021813,0,1.0,PFNA,-0.0374434589201158,0.954814152476527,False,down
WBGene00016412,0,1.0,PFNA,-0.0300144908371041,0.955056108662986,False,down
WBGene00016431,0,1.0,PFNA,0.0643487063992772,0.955349427146535,False,up
WBGene00016629,0,1.0,PFNA,0.0556986122382695,0.955349427146535,False,up
WBGene00000378,0,1.0,PFNA,0.0247041469344637,0.955349427146535,False,up
WBGene00011802,0,1.0,PFNA,-0.0280955450445926,0.955349427146535,False,down
WBGene00012000,0,1.0,PFNA,-0.0281592841916875,0.955349427146535,False,down
WBGene00014219,0,1.0,PFNA,-0.0302248448634019,0.955349427146535,False,down
WBGene00022734,0,1.0,PFNA,-0.0304201762115496,0.955349427146535,False,down
WBGene00002053,0,1.0,PFNA,-0.0335807954342127,0.955349427146535,False,down
WBGene00006528,0,1.0,PFNA,-0.0384288944215342,0.955349427146535,False,down
WBGene00010557,0,0.9333333333333333,PFNA,-0.0414729081695492,0.955349427146535,False,down
WBGene00021227,0,1.0,PFNA,-0.0478002801242815,0.955349427146535,False,down
WBGene00014153,0,1.0,PFNA,-0.06416477326804,0.955349427146535,False,down
WBGene00007152,0,1.0,PFNA,-0.0860060930616084,0.955349427146535,False,down
WBGene00009653,0,1.0,PFNA,-0.0868304762347426,0.955349427146535,False,down
WBGene00009133,0,1.0,PFNA,-0.105353509964962,0.955349427146535,False,down
WBGene00003804,0,1.0,PFNA,-0.0279231453461734,0.955536653665595,False,down
WBGene00021112,0,1.0,PFNA,-0.0300859544728694,0.9555531554559,False,down
WBGene00009189,0,1.0,PFNA,-0.0335738655378204,0.9555531554559,False,down
WBGene00006408,0,1.0,PFNA,-0.0451283357041097,0.9555531554559,False,down
WBGene00019508,0,1.0,PFNA,-0.203972820589018,0.9555531554559,False,down
WBGene00006836,0,1.0,PFNA,-0.0243681962654237,0.955681352411831,False,down
WBGene00001406,0,0.8666666666666667,PFNA,0.0402095747627516,0.955760389932582,False,up
WBGene00001508,0,1.0,PFNA,0.0383248108064224,0.955760389932582,False,up
WBGene00007556,0,1.0,PFNA,-0.0267877918799795,0.955760389932582,False,down
WBGene00001423,0,1.0,PFNA,-0.0546571638345526,0.955760389932582,False,down
WBGene00015486,0,1.0,PFNA,-0.0364360795268067,0.955974471784208,False,down
WBGene00010858,0,0.9,PFNA,0.0469108046851978,0.956043244719513,False,up
WBGene00010225,0,1.0,PFNA,0.0402667432232976,0.956043244719513,False,up
WBGene00016374,0,1.0,PFNA,0.0303166097454536,0.956043244719513,False,up
WBGene00021752,0,1.0,PFNA,0.025659556148128,0.956043244719513,False,up
WBGene00004895,0,1.0,PFNA,-0.0326901718208859,0.956043244719513,False,down
WBGene00009498,0,1.0,PFNA,0.0197120993109531,0.956558936802334,False,up
WBGene00006945,0,1.0,PFNA,-0.0269854038353752,0.95681069536355,False,down
WBGene00022159,0,1.0,PFNA,-0.03845287348101,0.95681069536355,False,down
WBGene00021959,0,0.9666666666666667,PFNA,-0.04587721152831,0.95681069536355,False,down
WBGene00007630,0,1.0,PFNA,0.0342534974387644,0.957070598103718,False,up
WBGene00004978,0,1.0,PFNA,0.0325482992552949,0.957070598103718,False,up
WBGene00006708,0,1.0,PFNA,-0.0247721313457223,0.957070598103718,False,down
WBGene00021753,0,1.0,PFNA,-0.0265154936447131,0.957070598103718,False,down
WBGene00021536,0,1.0,PFNA,-0.0467819132350843,0.957070598103718,False,down
WBGene00021082,0,0.9666666666666667,PFNA,-0.082599567870692,0.957070598103718,False,down
WBGene00021655,0,1.0,PFNA,0.0348076440370722,0.957183294223581,False,up
WBGene00011447,0,1.0,PFNA,0.100281531749253,0.95790752309713,False,up
WBGene00077526,0,1.0,PFNA,0.0470629759463048,0.95790752309713,False,up
WBGene00000157,0,1.0,PFNA,0.0331109108599313,0.95790752309713,False,up
WBGene00018161,0,1.0,PFNA,0.0211811719937452,0.95790752309713,False,up
WBGene00001352,0,1.0,PFNA,0.0190122004371496,0.95790752309713,False,up
WBGene00019820,0,1.0,PFNA,-0.0255275307983592,0.95790752309713,False,down
WBGene00010721,0,1.0,PFNA,-0.0391624242067284,0.95790752309713,False,down
WBGene00007464,0,1.0,PFNA,-0.0418780303607596,0.95790752309713,False,down
WBGene00000987,0,1.0,PFNA,-0.0288235316854647,0.95815393119278,False,down
WBGene00010094,0,0.9333333333333333,PFNA,-0.033285039602168,0.958451839671101,False,down
WBGene00021829,0,1.0,PFNA,-0.0360912101979376,0.958451839671101,False,down
WBGene00001983,0,1.0,PFNA,0.0398345662451759,0.958634365042454,False,up
WBGene00004975,0,1.0,PFNA,0.0364609038852117,0.958634365042454,False,up
WBGene00019983,0,1.0,PFNA,0.0331489999936839,0.958634365042454,False,up
WBGene00022722,0,0.5333333333333333,PFNA,0.0280099233055962,0.958634365042454,False,up
WBGene00000939,0,0.8666666666666667,PFNA,-0.0209259653592983,0.958634365042454,False,down
WBGene00019627,0,0.9666666666666667,PFNA,-0.0239087671559767,0.958634365042454,False,down
WBGene00016793,0,1.0,PFNA,-0.0276197687127744,0.958634365042454,False,down
WBGene00003926,0,0.9666666666666667,PFNA,-0.0285768227375196,0.958634365042454,False,down
WBGene00016469,0,1.0,PFNA,-0.0287279882562412,0.958634365042454,False,down
WBGene00006787,0,1.0,PFNA,-0.0311902031924056,0.958634365042454,False,down
WBGene00022598,0,0.9333333333333333,PFNA,-0.0312022796558676,0.958634365042454,False,down
WBGene00011037,0,1.0,PFNA,-0.033807228591581,0.958634365042454,False,down
WBGene00022792,0,1.0,PFNA,-0.0346258257519017,0.958634365042454,False,down
WBGene00021476,0,0.8666666666666667,PFNA,-0.0433536710175544,0.958634365042454,False,down
WBGene00303009,0,1.0,PFNA,-0.0383625740422345,0.959257583161071,False,down
WBGene00002080,0,1.0,PFNA,-0.0290543238734894,0.959533354377644,False,down
WBGene00023422,0,1.0,PFNA,0.0336475072362195,0.959684591628798,False,up
WBGene00019245,0,0.9333333333333333,PFNA,0.0270659895763302,0.959684591628798,False,up
WBGene00000274,0,1.0,PFNA,0.0262367296062977,0.959684591628798,False,up
WBGene00007017,0,1.0,PFNA,0.0256622490657438,0.959684591628798,False,up
WBGene00002076,0,1.0,PFNA,0.0247834111358042,0.959684591628798,False,up
WBGene00022069,0,1.0,PFNA,0.0242026678018663,0.959684591628798,False,up
WBGene00016408,0,1.0,PFNA,0.0196165081820607,0.959684591628798,False,up
WBGene00021305,0,0.7666666666666667,PFNA,0.0183590012508183,0.959684591628798,False,up
WBGene00004752,0,0.9333333333333333,PFNA,-0.0220505828716227,0.959684591628798,False,down
WBGene00007215,0,1.0,PFNA,-0.0245716116825896,0.959684591628798,False,down
WBGene00018890,0,1.0,PFNA,-0.0281787347280922,0.959684591628798,False,down
WBGene00017319,0,1.0,PFNA,-0.0283513334977033,0.959684591628798,False,down
WBGene00001233,0,1.0,PFNA,-0.0304889605076709,0.959684591628798,False,down
WBGene00000890,0,1.0,PFNA,-0.0321975964432059,0.959684591628798,False,down
WBGene00008639,0,1.0,PFNA,-0.033211519746242,0.959684591628798,False,down
WBGene00000202,0,1.0,PFNA,-0.0401832418227271,0.959684591628798,False,down
WBGene00044324,0,1.0,PFNA,-0.048620499799955,0.959684591628798,False,down
WBGene00010834,0,1.0,PFNA,-0.0546824627351785,0.959684591628798,False,down
WBGene00044618,0,1.0,PFNA,-0.0707006512006234,0.959684591628798,False,down
WBGene00014114,0,0.8666666666666667,PFNA,-0.025106607505479,0.960770791459596,False,down
WBGene00008514,0,1.0,PFNA,0.0206958377338776,0.960936438268229,False,up
WBGene00022153,0,1.0,PFNA,-0.024513888070396,0.960936438268229,False,down
WBGene00007784,0,1.0,PFNA,-0.0251051187374214,0.960936438268229,False,down
WBGene00021921,0,0.9666666666666667,PFNA,-0.0255973597102928,0.960936438268229,False,down
WBGene00022862,0,1.0,PFNA,-0.0278762498276189,0.960936438268229,False,down
WBGene00011398,0,1.0,PFNA,-0.0389159634706966,0.960936438268229,False,down
WBGene00004889,0,1.0,PFNA,0.0311694928951751,0.961050553806142,False,up
WBGene00017855,0,1.0,PFNA,-0.03569227569137,0.961057495673697,False,down
WBGene00001635,0,1.0,PFNA,0.0228685999722093,0.961228051236765,False,up
WBGene00003247,0,1.0,PFNA,0.0183183969219056,0.961228051236765,False,up
WBGene00019077,0,1.0,PFNA,-0.0315411457934091,0.961228051236765,False,down
WBGene00013724,0,1.0,PFNA,0.0292789862177429,0.961878683431576,False,up
WBGene00044916,0,1.0,PFNA,0.0283009710042888,0.961878683431576,False,up
WBGene00013360,0,1.0,PFNA,-0.0202053032689206,0.961878683431576,False,down
WBGene00003258,0,1.0,PFNA,-0.0239036155830712,0.961878683431576,False,down
WBGene00003241,0,1.0,PFNA,-0.0259913061373897,0.961878683431576,False,down
WBGene00004703,0,1.0,PFNA,-0.0274816551939525,0.961878683431576,False,down
WBGene00013268,0,1.0,PFNA,-0.0296403993143782,0.961878683431576,False,down
WBGene00007001,0,1.0,PFNA,-0.0327551034434712,0.961878683431576,False,down
WBGene00022154,0,1.0,PFNA,-0.0376280671512569,0.961973656357334,False,down
WBGene00020796,0,0.9333333333333333,PFNA,0.0239905823712396,0.962020539089921,False,up
WBGene00004459,0,1.0,PFNA,-0.0236168008018779,0.962227018226954,False,down
WBGene00018987,0,1.0,PFNA,0.0332784029541253,0.962595089316916,False,up
WBGene00009366,0,0.9666666666666667,PFNA,-0.0218189407000125,0.962697954125702,False,down
WBGene00006776,0,1.0,PFNA,0.0222191113526336,0.963695968346601,False,up
WBGene00020112,0,1.0,PFNA,0.0176554219748865,0.963695968346601,False,up
WBGene00006437,0,1.0,PFNA,-0.0170789310777213,0.963695968346601,False,down
WBGene00022232,0,1.0,PFNA,-0.0383458396136242,0.963695968346601,False,down
WBGene00020950,0,0.9333333333333333,PFNA,-0.0136102121265563,0.963832048593372,False,down
WBGene00007107,0,1.0,PFNA,0.0278750725027597,0.963868366203753,False,up
WBGene00011043,0,1.0,PFNA,-0.0292599371651905,0.963868366203753,False,down
WBGene00004463,0,1.0,PFNA,-0.0317274849799086,0.96393203836986,False,down
WBGene00010677,0,1.0,PFNA,-0.0235316873435571,0.96406832775901,False,down
WBGene00001303,0,1.0,PFNA,-0.0391607845033714,0.96406832775901,False,down
WBGene00012341,0,1.0,PFNA,-0.0208940646200911,0.964380980719316,False,down
WBGene00001092,0,0.6666666666666666,PFNA,-0.0289909166377354,0.964380980719316,False,down
WBGene00000238,0,1.0,PFNA,-0.0287855760798777,0.964645869858176,False,down
WBGene00013376,0,1.0,PFNA,-0.0311319742484443,0.964833032997056,False,down
WBGene00016140,0,1.0,PFNA,-0.0167566169579584,0.965052798690865,False,down
WBGene00019727,0,1.0,PFNA,-0.0283627164194874,0.965052798690865,False,down
WBGene00018421,0,1.0,PFNA,-0.0201139195531193,0.965416651901896,False,down
WBGene00007284,0,1.0,PFNA,-0.0245992947425386,0.966197472050548,False,down
WBGene00008781,0,1.0,PFNA,0.0320350014517158,0.966237101971176,False,up
WBGene00020682,0,1.0,PFNA,-0.0161077004269717,0.966438937909037,False,down
WBGene00013422,0,1.0,PFNA,0.0329258568398606,0.966525658226071,False,up
WBGene00008990,0,1.0,PFNA,-0.0173979930535239,0.966525658226071,False,down
WBGene00012484,0,1.0,PFNA,-0.0204895542945061,0.966525658226071,False,down
WBGene00001513,0,0.9333333333333333,PFNA,-0.0212977768922251,0.966525658226071,False,down
WBGene00007444,0,1.0,PFNA,-0.0232984087580041,0.966525658226071,False,down
WBGene00008426,0,1.0,PFNA,-0.0234207165339345,0.966525658226071,False,down
WBGene00022149,0,0.5333333333333333,PFNA,-0.0257002654272104,0.966525658226071,False,down
WBGene00001027,0,1.0,PFNA,-0.0261940371564551,0.966525658226071,False,down
WBGene00000940,0,1.0,PFNA,-0.0276065999219796,0.966525658226071,False,down
WBGene00007681,0,1.0,PFNA,-0.0310688106439753,0.966525658226071,False,down
WBGene00017003,0,1.0,PFNA,-0.0350004390400847,0.966525658226071,False,down
WBGene00019537,0,1.0,PFNA,-0.0303888518633701,0.966633153194972,False,down
WBGene00000182,0,1.0,PFNA,-0.0185929625249735,0.967256119246194,False,down
WBGene00006915,0,1.0,PFNA,0.0235375413281555,0.967395470829968,False,up
WBGene00006826,0,1.0,PFNA,-0.019298314096457,0.967395470829968,False,down
WBGene00020601,0,1.0,PFNA,-0.0241622066165793,0.967655064317578,False,down
WBGene00020207,0,1.0,PFNA,-0.0274560396203077,0.967713948483202,False,down
WBGene00021486,0,1.0,PFNA,0.0336638461797525,0.967825573421557,False,up
WBGene00012995,0,1.0,PFNA,-0.0169663230232742,0.968367682499694,False,down
WBGene00002083,0,1.0,PFNA,-0.0346109171127021,0.968367682499694,False,down
WBGene00022564,0,0.9666666666666667,PFNA,-0.0608175738931751,0.968886913631195,False,down
WBGene00010783,0,1.0,PFNA,0.0364122126227513,0.96897980398088,False,up
WBGene00001031,0,1.0,PFNA,0.0210371086065673,0.969027783520662,False,up
WBGene00001035,0,1.0,PFNA,-0.0244158064200621,0.969027783520662,False,down
WBGene00000064,0,1.0,PFNA,-0.0301226968699847,0.969027783520662,False,down
WBGene00017348,0,1.0,PFNA,-0.0329284841637104,0.969027783520662,False,down
WBGene00013958,0,1.0,PFNA,-0.0355988982238881,0.969027783520662,False,down
WBGene00000774,0,1.0,PFNA,0.0228967979228597,0.969124838874724,False,up
WBGene00002153,0,0.9333333333333333,PFNA,0.0186207606125133,0.969124838874724,False,up
WBGene00017217,0,1.0,PFNA,-0.0197355705079056,0.969124838874724,False,down
WBGene00007436,0,1.0,PFNA,-0.0299890110171913,0.969124838874724,False,down
WBGene00022117,0,1.0,PFNA,0.0309548871392661,0.969264526609128,False,up
WBGene00000883,0,1.0,PFNA,-0.0272680701789564,0.969264526609128,False,down
WBGene00023409,0,1.0,PFNA,-0.0327605668390684,0.969470294618747,False,down
WBGene00018853,0,1.0,PFNA,-0.0315770567738657,0.969821608521843,False,down
WBGene00012396,0,1.0,PFNA,0.0400571103303219,0.969849261810371,False,up
WBGene00007616,0,1.0,PFNA,0.0304864315254064,0.969849261810371,False,up
WBGene00003047,0,0.9666666666666667,PFNA,0.014104762702087,0.969849261810371,False,up
WBGene00011939,0,1.0,PFNA,-0.0198638688051224,0.969849261810371,False,down
WBGene00017797,0,1.0,PFNA,-0.0205245894330315,0.969849261810371,False,down
WBGene00006921,0,0.9666666666666667,PFNA,-0.0207195883181045,0.969849261810371,False,down
WBGene00003939,0,0.8666666666666667,PFNA,-0.0339087687353291,0.969849261810371,False,down
WBGene00010560,0,1.0,PFNA,-0.0214359610526136,0.969879445404066,False,down
WBGene00010703,0,1.0,PFNA,-0.0232906253099025,0.969879445404066,False,down
WBGene00007712,0,1.0,PFNA,-0.0261802910877152,0.969879445404066,False,down
WBGene00011272,0,1.0,PFNA,-0.0286778106833357,0.970015569704774,False,down
WBGene00013151,0,1.0,PFNA,-0.0334600345077234,0.970015569704774,False,down
WBGene00000272,0,1.0,PFNA,-0.0570728070131457,0.970015569704774,False,down
WBGene00000066,0,1.0,PFNA,-0.0139366957753438,0.970698367983991,False,down
WBGene00004755,0,1.0,PFNA,-0.0248189224453032,0.970713228726396,False,down
WBGene00007952,0,1.0,PFNA,0.0147090649816988,0.971207350654764,False,up
WBGene00000995,0,1.0,PFNA,-0.0348665854180739,0.971471668963865,False,down
WBGene00011856,0,0.5666666666666667,PFNA,-0.0245029543422969,0.972308476873129,False,down
WBGene00006604,0,1.0,PFNA,0.0156744996880926,0.972344134438802,False,up
WBGene00022121,0,0.7,PFNA,0.0185664349801205,0.972537905270257,False,up
WBGene00013267,0,1.0,PFNA,-0.0278175106555063,0.972537905270257,False,down
WBGene00007587,0,1.0,PFNA,-0.0163313731785249,0.972813327375469,False,down
WBGene00012375,0,1.0,PFNA,-0.0183746768309077,0.972813327375469,False,down
WBGene00022148,0,1.0,PFNA,-0.0222861390333301,0.972813327375469,False,down
WBGene00020172,0,1.0,PFNA,-0.0231828903485544,0.973340462145814,False,down
WBGene00020920,0,1.0,PFNA,0.0336360705110395,0.973563803488469,False,up
WBGene00001816,0,1.0,PFNA,0.0254582341829756,0.973563803488469,False,up
WBGene00018891,0,1.0,PFNA,0.0202225190554583,0.973563803488469,False,up
WBGene00013985,0,1.0,PFNA,0.0187805316283791,0.973563803488469,False,up
WBGene00017419,0,1.0,PFNA,0.0172999792816782,0.973563803488469,False,up
WBGene00000874,0,0.9666666666666667,PFNA,0.0133818405098917,0.973563803488469,False,up
WBGene00018475,0,1.0,PFNA,-0.0201133618591402,0.973563803488469,False,down
WBGene00015145,0,0.5333333333333333,PFNA,-0.0213196393952878,0.973563803488469,False,down
WBGene00004014,0,1.0,PFNA,-0.022496855745171,0.973563803488469,False,down
WBGene00005078,0,1.0,PFNA,-0.0247754956475261,0.973563803488469,False,down
WBGene00007197,0,1.0,PFNA,-0.0270847737476371,0.973563803488469,False,down
WBGene00009336,0,1.0,PFNA,-0.0275914785289989,0.973563803488469,False,down
WBGene00015245,0,1.0,PFNA,-0.0276171065308212,0.973563803488469,False,down
WBGene00011059,0,1.0,PFNA,-0.0292228251309093,0.973563803488469,False,down
WBGene00195248,0,1.0,PFNA,-0.0416507658385269,0.973563803488469,False,down
WBGene00011443,0,1.0,PFNA,-0.0593578905573669,0.973563803488469,False,down
WBGene00012999,0,1.0,PFNA,0.0205250018540071,0.973645434367946,False,up
WBGene00009305,0,1.0,PFNA,-0.0190960604554177,0.973645434367946,False,down
WBGene00004788,0,1.0,PFNA,-0.0167029230875783,0.97365896612742,False,down
WBGene00006396,0,1.0,PFNA,-0.0233562400404505,0.97365896612742,False,down
WBGene00020027,0,1.0,PFNA,-0.0210734902758751,0.973726130745989,False,down
WBGene00007062,0,1.0,PFNA,0.0249517120507857,0.973778333726985,False,up
WBGene00000836,0,1.0,PFNA,-0.0178731134110399,0.973797086983261,False,down
WBGene00000863,0,1.0,PFNA,-0.0202882047060173,0.973797086983261,False,down
WBGene00018431,0,1.0,PFNA,-0.023854418856776,0.973797086983261,False,down
WBGene00020919,0,1.0,PFNA,0.0231454563276642,0.973912219923161,False,up
WBGene00021660,0,1.0,PFNA,0.0211237632527598,0.973912219923161,False,up
WBGene00001234,0,1.0,PFNA,0.0209101368458901,0.973912219923161,False,up
WBGene00006490,0,1.0,PFNA,-0.0155805181524507,0.973912219923161,False,down
WBGene00022420,0,1.0,PFNA,-0.0170470834949588,0.973912219923161,False,down
WBGene00003133,0,1.0,PFNA,-0.017377644163385,0.973912219923161,False,down
WBGene00004467,0,0.9666666666666667,PFNA,-0.0194856873607642,0.973912219923161,False,down
WBGene00022492,0,1.0,PFNA,-0.0213469599627231,0.973912219923161,False,down
WBGene00001333,0,1.0,PFNA,0.0150970473001504,0.973955272181389,False,up
WBGene00021351,0,1.0,PFNA,-0.0223748308796152,0.974737488964518,False,down
WBGene00006308,0,0.8333333333333334,PFNA,0.0459352180708433,0.974789085706254,False,up
WBGene00015802,0,1.0,PFNA,0.0223631378823779,0.974789085706254,False,up
WBGene00000931,0,1.0,PFNA,0.0160982348895061,0.974789085706254,False,up
WBGene00022739,0,1.0,PFNA,-0.014177687009435,0.974789085706254,False,down
WBGene00001650,0,1.0,PFNA,-0.017264876705169,0.974789085706254,False,down
WBGene00018960,0,1.0,PFNA,-0.0223880104712007,0.974789085706254,False,down
WBGene00021715,0,1.0,PFNA,-0.0233273979253603,0.974789085706254,False,down
WBGene00018744,0,1.0,PFNA,-0.0325238069993318,0.974789085706254,False,down
WBGene00001048,0,1.0,PFNA,-0.0188835774691431,0.974858326470684,False,down
WBGene00007352,0,1.0,PFNA,-0.0197944094367146,0.974910596524827,False,down
WBGene00017999,0,1.0,PFNA,-0.0264405843324944,0.974910596524827,False,down
WBGene00010896,0,1.0,PFNA,-0.030437593278508,0.974999535761764,False,down
WBGene00010701,0,1.0,PFNA,0.0151974388475399,0.975257452736817,False,up
WBGene00016062,0,1.0,PFNA,0.019921673549169,0.975306111567057,False,up
WBGene00006935,0,0.9333333333333333,PFNA,-0.013265164126019,0.975306111567057,False,down
WBGene00018482,0,1.0,PFNA,-0.0132500486477297,0.975842406233432,False,down
WBGene00016641,0,1.0,PFNA,0.0345017472423538,0.976086711950838,False,up
WBGene00007128,0,0.9,PFNA,0.0307693683181703,0.976086711950838,False,up
WBGene00021329,0,1.0,PFNA,0.0225251101552898,0.976086711950838,False,up
WBGene00015160,0,1.0,PFNA,0.0223496178266975,0.976086711950838,False,up
WBGene00020600,0,1.0,PFNA,0.0181707466627124,0.976086711950838,False,up
WBGene00006432,0,1.0,PFNA,0.0173084194404318,0.976086711950838,False,up
WBGene00008532,0,1.0,PFNA,0.0155242318845778,0.976086711950838,False,up
WBGene00011526,0,1.0,PFNA,0.0153857491840956,0.976086711950838,False,up
WBGene00017571,0,1.0,PFNA,-0.0126633669102442,0.976086711950838,False,down
WBGene00020442,0,0.9666666666666667,PFNA,-0.0157464048690393,0.976086711950838,False,down
WBGene00020558,0,0.5333333333333333,PFNA,-0.0161060098164637,0.976086711950838,False,down
WBGene00021093,0,1.0,PFNA,-0.0188171286587357,0.976086711950838,False,down
WBGene00015267,0,1.0,PFNA,-0.0210645794710373,0.976086711950838,False,down
WBGene00016355,0,0.8,PFNA,-0.0252425590426041,0.976086711950838,False,down
WBGene00006565,0,1.0,PFNA,-0.031366116709848,0.976086711950838,False,down
WBGene00003703,0,1.0,PFNA,-0.0491755810361379,0.976086711950838,False,down
WBGene00001284,0,1.0,PFNA,-0.0150748058174963,0.976124126920836,False,down
WBGene00001815,0,1.0,PFNA,0.0167787406777107,0.97615991678803,False,up
WBGene00021686,0,1.0,PFNA,0.0140782559615722,0.9765023713281,False,up
WBGene00013997,0,1.0,PFNA,-0.0117736775502492,0.9765023713281,False,down
WBGene00018270,0,1.0,PFNA,-0.0191879687629696,0.9765023713281,False,down
WBGene00019654,0,0.9666666666666667,PFNA,0.0385927017014322,0.976605321860532,False,up
WBGene00020999,0,1.0,PFNA,0.0231041610587902,0.976605321860532,False,up
WBGene00013984,0,1.0,PFNA,0.022877258182918,0.976605321860532,False,up
WBGene00015266,0,1.0,PFNA,0.0216208183224647,0.976605321860532,False,up
WBGene00044061,0,1.0,PFNA,0.0210823247865823,0.976605321860532,False,up
WBGene00006613,0,1.0,PFNA,0.0175281205877982,0.976605321860532,False,up
WBGene00007943,0,1.0,PFNA,0.0147819448179807,0.976605321860532,False,up
WBGene00013025,0,1.0,PFNA,0.01390567845891,0.976605321860532,False,up
WBGene00022697,0,1.0,PFNA,0.0132818177974646,0.976605321860532,False,up
WBGene00000834,0,1.0,PFNA,0.0112093634367971,0.976605321860532,False,up
WBGene00001225,0,1.0,PFNA,0.0093050074249655,0.976605321860532,False,up
WBGene00000838,0,1.0,PFNA,-0.0106773740075036,0.976605321860532,False,down
WBGene00005024,0,1.0,PFNA,-0.0158556163741463,0.976605321860532,False,down
WBGene00016611,0,1.0,PFNA,-0.0167226605785029,0.976605321860532,False,down
WBGene00003148,0,1.0,PFNA,-0.0189781140739098,0.976605321860532,False,down
WBGene00021548,0,0.9333333333333333,PFNA,-0.0197423501253678,0.976605321860532,False,down
WBGene00013668,0,1.0,PFNA,-0.0201654118438837,0.976605321860532,False,down
WBGene00012953,0,1.0,PFNA,-0.029854800491639,0.976605321860532,False,down
WBGene00011112,0,1.0,PFNA,-0.0357343232047625,0.976605321860532,False,down
WBGene00002246,0,1.0,PFNA,-0.115224772564873,0.976605321860532,False,down
WBGene00012648,0,1.0,PFNA,-0.0354215819520799,0.976830652062691,False,down
WBGene00003622,0,1.0,PFNA,-0.0376134415088373,0.977012489760577,False,down
WBGene00000380,0,1.0,PFNA,-0.0118989355964569,0.977052777791466,False,down
WBGene00021934,0,1.0,PFNA,-0.0163212470487205,0.977052777791466,False,down
WBGene00008578,0,1.0,PFNA,-0.0209045980925803,0.977052777791466,False,down
WBGene00022270,0,1.0,PFNA,0.0295482099916923,0.977190232266249,False,up
WBGene00004015,0,1.0,PFNA,0.0177902468417056,0.977190232266249,False,up
WBGene00009771,0,0.8666666666666667,PFNA,-0.0139231074117572,0.977190232266249,False,down
WBGene00000766,0,1.0,PFNA,-0.0150391427852367,0.977190232266249,False,down
WBGene00303026,0,0.9666666666666667,PFNA,0.0474202514099835,0.977295576020815,False,up
WBGene00019322,0,1.0,PFNA,0.0358824197441897,0.977295576020815,False,up
WBGene00010582,0,1.0,PFNA,0.0160924649155609,0.977295576020815,False,up
WBGene00013361,0,1.0,PFNA,0.012383448804169,0.977295576020815,False,up
WBGene00000482,0,1.0,PFNA,-0.0121591747431955,0.977295576020815,False,down
WBGene00016118,0,1.0,PFNA,-0.0127832743420196,0.977295576020815,False,down
WBGene00010847,0,1.0,PFNA,0.0129576094505497,0.977383250499253,False,up
WBGene00019617,0,1.0,PFNA,-0.0182433460670236,0.977689325524922,False,down
WBGene00013532,0,1.0,PFNA,-0.0233928533030407,0.977689325524922,False,down
WBGene00007615,0,1.0,PFNA,-0.0264060370651749,0.977732986417919,False,down
WBGene00020953,0,1.0,PFNA,0.0181183513545784,0.977797955986279,False,up
WBGene00008503,0,1.0,PFNA,0.0280458786806365,0.977977422710629,False,up
WBGene00003991,0,1.0,PFNA,0.0226474611278761,0.977977422710629,False,up
WBGene00013362,0,1.0,PFNA,0.017044749423568,0.977977422710629,False,up
WBGene00022830,0,1.0,PFNA,0.0151804901482196,0.977977422710629,False,up
WBGene00018391,0,1.0,PFNA,-0.0174797678036389,0.977977422710629,False,down
WBGene00012094,0,1.0,PFNA,-0.0222942149402891,0.978126923848065,False,down
WBGene00018151,0,1.0,PFNA,-0.0141483329942394,0.978301697476282,False,down
WBGene00021929,0,1.0,PFNA,-0.0132739935758736,0.978501853262832,False,down
WBGene00021012,0,1.0,PFNA,-0.0181385361175294,0.978501853262832,False,down
WBGene00013415,0,0.9,PFNA,0.0115013798816664,0.978571634354884,False,up
WBGene00005544,0,1.0,PFNA,0.0594618877477387,0.978771809043485,False,up
WBGene00009293,0,1.0,PFNA,0.0336900118390412,0.978771809043485,False,up
WBGene00021420,0,1.0,PFNA,-0.0276432135675843,0.978771809043485,False,down
WBGene00022373,0,1.0,PFNA,0.0172899776614519,0.979126175002871,False,up
WBGene00008122,0,1.0,PFNA,0.0247855776847748,0.979369462111,False,up
WBGene00007429,0,1.0,PFNA,-0.0182295525296574,0.97965944918668,False,down
WBGene00007720,0,1.0,PFNA,0.014517031091558,0.980111295744521,False,up
WBGene00019994,0,1.0,PFNA,-0.0149932979152898,0.980237163212204,False,down
WBGene00021392,0,1.0,PFNA,-0.0232240623359786,0.980237163212204,False,down
WBGene00001566,0,1.0,PFNA,0.0185630859720335,0.980238456052947,False,up
WBGene00001330,0,1.0,PFNA,0.0109864579904954,0.981166641996032,False,up
WBGene00004461,0,1.0,PFNA,-0.0141751780083179,0.981166641996032,False,down
WBGene00003485,0,0.9666666666666667,PFNA,0.0226567209640194,0.981259162845004,False,up
WBGene00000908,0,1.0,PFNA,0.0146545285966912,0.981307582966763,False,up
WBGene00004787,0,0.9666666666666667,PFNA,0.0221374980191848,0.981457197664257,False,up
WBGene00021021,0,1.0,PFNA,0.0193059281886996,0.981457197664257,False,up
WBGene00019663,0,1.0,PFNA,0.0152773697999988,0.981457197664257,False,up
WBGene00006572,0,1.0,PFNA,0.0181194410789925,0.981573500134341,False,up
WBGene00044323,0,1.0,PFNA,-0.0234956786856867,0.981573500134341,False,down
WBGene00022202,0,1.0,PFNA,0.014155409385859,0.981921891362343,False,up
WBGene00021920,0,1.0,PFNA,0.0118175418036482,0.981921891362343,False,up
WBGene00000962,0,1.0,PFNA,0.0099466931072412,0.981921891362343,False,up
WBGene00013737,0,1.0,PFNA,-0.0105779592566784,0.981921891362343,False,down
WBGene00013738,0,1.0,PFNA,-0.0113372198311993,0.981921891362343,False,down
WBGene00019334,0,1.0,PFNA,-0.0125608765271806,0.981921891362343,False,down
WBGene00011306,0,1.0,PFNA,-0.0130822853395517,0.981921891362343,False,down
WBGene00010537,0,0.9333333333333333,PFNA,-0.0136226348816971,0.981921891362343,False,down
WBGene00017830,0,1.0,PFNA,-0.0155549383372797,0.981921891362343,False,down
WBGene00000387,0,1.0,PFNA,-0.0174916199311724,0.981921891362343,False,down
WBGene00020915,0,1.0,PFNA,-0.0175919849715133,0.981921891362343,False,down
WBGene00010015,0,1.0,PFNA,-0.0186915228544833,0.981921891362343,False,down
WBGene00018370,0,1.0,PFNA,-0.0311093497421881,0.981921891362343,False,down
WBGene00008292,0,1.0,PFNA,-0.0822815350602656,0.981921891362343,False,down
WBGene00009921,0,1.0,PFNA,-0.0211068622127068,0.982146490010309,False,down
WBGene00017119,0,0.9333333333333333,PFNA,0.0157735150915101,0.982717861262773,False,up
WBGene00016740,0,1.0,PFNA,-0.0188264549387164,0.982717861262773,False,down
WBGene00013557,0,0.8333333333333334,PFNA,0.0086854341941024,0.983183995723839,False,up
WBGene00008410,0,1.0,PFNA,-0.0129487622817666,0.983183995723839,False,down
WBGene00017237,0,1.0,PFNA,0.0138901768180347,0.983342749562618,False,up
WBGene00021044,0,1.0,PFNA,0.0200153673078561,0.983640917313311,False,up
WBGene00185048,0,0.9666666666666667,PFNA,0.0173587898047574,0.9836510860757,False,up
WBGene00019680,0,1.0,PFNA,0.0144442906241673,0.983791281177623,False,up
WBGene00302980,0,1.0,PFNA,0.0113995884668763,0.983791281177623,False,up
WBGene00001582,0,0.5333333333333333,PFNA,0.0067675754017316,0.983791281177623,False,up
WBGene00013225,0,1.0,PFNA,-0.008899975392928,0.983791281177623,False,down
WBGene00018017,0,1.0,PFNA,-0.0095098022247241,0.983791281177623,False,down
WBGene00002258,0,1.0,PFNA,-0.0212167300627972,0.983791281177623,False,down
WBGene00009404,0,1.0,PFNA,-0.0260005363866422,0.983791281177623,False,down
WBGene00010160,0,1.0,PFNA,0.0108594652862488,0.983980153031573,False,up
WBGene00021932,0,1.0,PFNA,0.0149959775514506,0.984120118832331,False,up
WBGene00007514,0,1.0,PFNA,-0.0137117084394122,0.9841492042144,False,down
WBGene00020717,0,1.0,PFNA,-0.0121310155148804,0.984759082688256,False,down
WBGene00004468,0,1.0,PFNA,-0.0136380291257154,0.984776048129022,False,down
WBGene00004228,0,1.0,PFNA,-0.0187747953389159,0.985117633631356,False,down
WBGene00016943,0,0.5333333333333333,PFNA,-0.05420339986106,0.985117633631356,False,down
WBGene00018015,0,1.0,PFNA,0.0175497708289325,0.985124117845208,False,up
WBGene00013530,0,1.0,PFNA,0.0094852841976433,0.985124117845208,False,up
WBGene00018898,0,1.0,PFNA,0.0144435804622452,0.985125045527523,False,up
WBGene00006715,0,0.8666666666666667,PFNA,0.0095915875757975,0.985125045527523,False,up
WBGene00004343,0,1.0,PFNA,-0.0095617238578343,0.985125045527523,False,down
WBGene00015538,0,1.0,PFNA,-0.0288431037495969,0.985163263548069,False,down
WBGene00001229,0,1.0,PFNA,-0.0088536575153437,0.985371985110267,False,down
WBGene00019543,0,1.0,PFNA,-0.0088540295596244,0.985371985110267,False,down
WBGene00009322,0,1.0,PFNA,-0.0131129332811406,0.985371985110267,False,down
WBGene00018769,0,1.0,PFNA,-0.0161884654899583,0.985371985110267,False,down
WBGene00010307,0,1.0,PFNA,0.0088931434820448,0.986584551429499,False,up
WBGene00010042,0,1.0,PFNA,0.0153222088898341,0.986690967444855,False,up
WBGene00010437,0,1.0,PFNA,0.0133989835267291,0.986690967444855,False,up
WBGene00019219,0,1.0,PFNA,0.0119143306477143,0.986690967444855,False,up
WBGene00022425,0,1.0,PFNA,-0.0070251186987749,0.986690967444855,False,down
WBGene00003400,0,1.0,PFNA,-0.0080586745738159,0.986690967444855,False,down
WBGene00012896,0,1.0,PFNA,-0.0081194082471802,0.986690967444855,False,down
WBGene00022470,0,1.0,PFNA,-0.011200181338561,0.986690967444855,False,down
WBGene00009092,0,1.0,PFNA,-0.0124369510330336,0.986690967444855,False,down
WBGene00185067,0,1.0,PFNA,-0.0148664050674931,0.986690967444855,False,down
WBGene00001231,0,1.0,PFNA,-0.0106822210786566,0.986775307597648,False,down
WBGene00009132,0,1.0,PFNA,0.0141982091804608,0.986979706728375,False,up
WBGene00018240,0,1.0,PFNA,-0.0249551834140376,0.986979706728375,False,down
WBGene00009211,0,1.0,PFNA,0.0094170059993302,0.987650220542168,False,up
WBGene00022672,0,1.0,PFNA,-0.0088309928847841,0.987650220542168,False,down
WBGene00011875,0,1.0,PFNA,-0.0163604978891378,0.987650220542168,False,down
WBGene00007925,0,1.0,PFNA,-0.0196094626108227,0.987650220542168,False,down
WBGene00012978,0,1.0,PFNA,-0.009766297336423,0.988248933888948,False,down
WBGene00020274,0,1.0,PFNA,-0.0108735564335734,0.988248933888948,False,down
WBGene00017924,0,1.0,PFNA,0.0149626364582472,0.988508830787,False,up
WBGene00006359,0,1.0,PFNA,0.0114696976308184,0.988508830787,False,up
WBGene00003144,0,0.9666666666666667,PFNA,0.0078983422821224,0.988517360961184,False,up
WBGene00008134,0,1.0,PFNA,-0.0104464283320672,0.988521100861945,False,down
WBGene00018904,0,1.0,PFNA,0.0116783157944954,0.988576363120746,False,up
WBGene00003577,0,1.0,PFNA,0.0129475110083284,0.988678592730371,False,up
WBGene00008924,0,1.0,PFNA,0.0095950725097353,0.988678592730371,False,up
WBGene00005077,0,1.0,PFNA,-0.0054904358734129,0.988678592730371,False,down
WBGene00013919,0,1.0,PFNA,-0.0059304955617684,0.988678592730371,False,down
WBGene00004116,0,1.0,PFNA,-0.0073387185790973,0.988678592730371,False,down
WBGene00000424,0,0.9333333333333333,PFNA,-0.0076793422209658,0.988678592730371,False,down
WBGene00019711,0,1.0,PFNA,-0.0081770747979958,0.988678592730371,False,down
WBGene00021789,0,1.0,PFNA,-0.0088623100506545,0.988678592730371,False,down
WBGene00010922,0,1.0,PFNA,-0.0092815689047112,0.988678592730371,False,down
WBGene00006829,0,1.0,PFNA,-0.0105266594676803,0.988678592730371,False,down
WBGene00010627,0,1.0,PFNA,-0.0107656045218247,0.988678592730371,False,down
WBGene00021133,0,1.0,PFNA,-0.0109020419953718,0.988678592730371,False,down
WBGene00012018,0,1.0,PFNA,-0.0126238629362088,0.988678592730371,False,down
WBGene00009734,0,1.0,PFNA,-0.0146114955279051,0.988678592730371,False,down
WBGene00010833,0,0.9666666666666667,PFNA,0.0206283733557784,0.989013885850973,False,up
WBGene00022858,0,1.0,PFNA,0.0106495090210654,0.989013885850973,False,up
WBGene00017004,0,0.9666666666666667,PFNA,0.0068030329551955,0.989013885850973,False,up
WBGene00012474,0,1.0,PFNA,0.0062976355209746,0.989013885850973,False,up
WBGene00000382,0,0.9666666666666667,PFNA,-0.0095690057653658,0.989013885850973,False,down
WBGene00020422,0,0.9,PFNA,-0.0108295871739474,0.989013885850973,False,down
WBGene00004140,0,1.0,PFNA,-0.01333079811568,0.989057684470158,False,down
WBGene00011558,0,1.0,PFNA,0.0125722556074157,0.989202400581231,False,up
WBGene00001834,0,1.0,PFNA,0.0074650872270224,0.989582907612867,False,up
WBGene00010709,0,0.6333333333333333,PFNA,0.0071102679695268,0.989741242851715,False,up
WBGene00009726,0,1.0,PFNA,-0.0080429258088161,0.989741242851715,False,down
WBGene00001824,0,1.0,PFNA,-0.0118132686360046,0.989741242851715,False,down
WBGene00022174,0,1.0,PFNA,-0.0068580287190905,0.989922596949612,False,down
WBGene00010984,0,1.0,PFNA,0.0067353383413107,0.989940176092413,False,up
WBGene00021960,0,1.0,PFNA,-0.0064465368098637,0.989940176092413,False,down
WBGene00009395,0,1.0,PFNA,0.0203298224672612,0.99049146390705,False,up
WBGene00021247,0,1.0,PFNA,0.0147092850001401,0.99049146390705,False,up
WBGene00009944,0,1.0,PFNA,0.0082971088565515,0.99049146390705,False,up
WBGene00022738,0,1.0,PFNA,0.0065794667570321,0.99049146390705,False,up
WBGene00007626,0,1.0,PFNA,0.0065526617828993,0.99049146390705,False,up
WBGene00044321,0,1.0,PFNA,0.005813436652757,0.99049146390705,False,up
WBGene00006736,0,1.0,PFNA,0.0055067030585649,0.99049146390705,False,up
WBGene00022516,0,1.0,PFNA,-0.0070864325480474,0.99049146390705,False,down
WBGene00022057,0,1.0,PFNA,-0.0074173804982906,0.99049146390705,False,down
WBGene00017989,0,1.0,PFNA,-0.0075483118371608,0.99049146390705,False,down
WBGene00012964,0,1.0,PFNA,-0.0111834784692167,0.99049146390705,False,down
WBGene00008860,0,1.0,PFNA,-0.0118451090612796,0.99049146390705,False,down
WBGene00021441,0,1.0,PFNA,-0.0175851435079956,0.99049146390705,False,down
WBGene00005194,0,0.5666666666666667,PFNA,-0.0264310108338778,0.99049146390705,False,down
WBGene00020636,0,1.0,PFNA,-0.0053169671864618,0.990716985486171,False,down
WBGene00004462,0,1.0,PFNA,-0.0067064701213518,0.990716985486171,False,down
WBGene00175030,0,0.9,PFNA,-0.0074374270954807,0.990716985486171,False,down
WBGene00009408,0,1.0,PFNA,-0.0103604293169027,0.990723202875511,False,down
WBGene00002028,0,1.0,PFNA,0.0059404708452978,0.990838683341512,False,up
WBGene00013189,0,0.9333333333333333,PFNA,-0.0060481047728984,0.990838683341512,False,down
WBGene00004782,0,0.9333333333333333,PFNA,-0.0060828971289365,0.990838683341512,False,down
WBGene00018210,0,1.0,PFNA,-0.0084727751903203,0.990838683341512,False,down
WBGene00004764,0,0.9666666666666667,PFNA,-0.0094423952904382,0.991110720801095,False,down
WBGene00009013,0,1.0,PFNA,0.006588804457541,0.991215275035989,False,up
WBGene00001186,0,0.9333333333333333,PFNA,0.0091717748397598,0.991312481424408,False,up
WBGene00006675,0,1.0,PFNA,-0.0092160833008155,0.99147537122843,False,down
WBGene00001661,0,1.0,PFNA,0.0070071148518317,0.991541214361639,False,up
WBGene00004050,0,0.7,PFNA,0.0058618274028176,0.991541214361639,False,up
WBGene00019893,0,0.9666666666666667,PFNA,0.0058007345036403,0.991541214361639,False,up
WBGene00006061,0,1.0,PFNA,0.0053713037319421,0.991541214361639,False,up
WBGene00000381,0,1.0,PFNA,0.0053009170971485,0.991541214361639,False,up
WBGene00000585,0,1.0,PFNA,-0.0063971706368039,0.991541214361639,False,down
WBGene00017436,0,0.9666666666666667,PFNA,0.0092524253415412,0.992566838700613,False,up
WBGene00003847,0,1.0,PFNA,0.0077942552596091,0.992566838700613,False,up
WBGene00003119,0,1.0,PFNA,0.0060205408069773,0.992566838700613,False,up
WBGene00021073,0,1.0,PFNA,0.0057748209675923,0.992566838700613,False,up
WBGene00007529,0,1.0,PFNA,-0.0043475305738141,0.992566838700613,False,down
WBGene00019275,0,1.0,PFNA,-0.0043537252339771,0.992566838700613,False,down
WBGene00012990,0,1.0,PFNA,-0.0044980432868734,0.992566838700613,False,down
WBGene00019259,0,1.0,PFNA,-0.0045761462474671,0.992566838700613,False,down
WBGene00302978,0,1.0,PFNA,-0.0060532818332441,0.992566838700613,False,down
WBGene00012652,0,1.0,PFNA,-0.0072574101019434,0.992566838700613,False,down
WBGene00019819,0,0.9333333333333333,PFNA,0.0087983623168533,0.993090661883041,False,up
WBGene00000377,0,1.0,PFNA,-0.004305946562543,0.993248871717714,False,down
WBGene00019898,0,1.0,PFNA,-0.0051310186289911,0.993248871717714,False,down
WBGene00017314,0,1.0,PFNA,-0.0038792980829619,0.993364231840539,False,down
WBGene00015096,0,1.0,PFNA,0.0062860649304774,0.99338703540273,False,up
WBGene00015702,0,1.0,PFNA,0.0060084116157313,0.99338703540273,False,up
WBGene00019264,0,1.0,PFNA,0.0055301112458249,0.99338703540273,False,up
WBGene00014177,0,1.0,PFNA,0.0038953434199318,0.99338703540273,False,up
WBGene00003920,0,1.0,PFNA,-0.0024378079723685,0.99338703540273,False,down
WBGene00022235,0,1.0,PFNA,-0.0025873485787593,0.99338703540273,False,down
WBGene00011761,0,1.0,PFNA,-0.0033777122614737,0.99338703540273,False,down
WBGene00006617,0,1.0,PFNA,-0.0034637335372451,0.99338703540273,False,down
WBGene00016439,0,1.0,PFNA,-0.0037051802475366,0.99338703540273,False,down
WBGene00007105,0,1.0,PFNA,-0.0038798902697104,0.99338703540273,False,down
WBGene00016614,0,1.0,PFNA,-0.0045198479622753,0.99338703540273,False,down
WBGene00010409,0,1.0,PFNA,-0.0047536928061926,0.99338703540273,False,down
WBGene00021950,0,0.9333333333333333,PFNA,-0.0047765691321969,0.99338703540273,False,down
WBGene00007686,0,1.0,PFNA,-0.0052601083772148,0.99338703540273,False,down
WBGene00003923,0,0.9666666666666667,PFNA,-0.0054120064492588,0.99338703540273,False,down
WBGene00010893,0,1.0,PFNA,-0.0118860835145287,0.99338703540273,False,down
WBGene00000222,0,1.0,PFNA,-0.0043421605832169,0.993401669881006,False,down
WBGene00006424,0,1.0,PFNA,0.0035227933341517,0.993630103546172,False,up
WBGene00016606,0,1.0,PFNA,-0.0035921063710453,0.994324866173372,False,down
WBGene00017300,0,1.0,PFNA,0.0051763629153185,0.994472237586771,False,up
WBGene00017064,0,1.0,PFNA,-0.0032540723952616,0.994472237586771,False,down
WBGene00022072,0,1.0,PFNA,0.0076685828821751,0.994733385815965,False,up
WBGene00001949,0,1.0,PFNA,0.0044275469750917,0.994733385815965,False,up
WBGene00009002,0,0.9666666666666667,PFNA,0.0036289595217243,0.994733385815965,False,up
WBGene00012465,0,1.0,PFNA,-0.0046658684165059,0.994733385815965,False,down
WBGene00018828,0,0.7666666666666667,PFNA,0.0222548612668097,0.994857655991337,False,up
WBGene00017798,0,1.0,PFNA,0.0072762995718246,0.994857655991337,False,up
WBGene00007188,0,0.7333333333333333,PFNA,0.0042575063174274,0.994857655991337,False,up
WBGene00016139,0,1.0,PFNA,-0.0027036985801566,0.994857655991337,False,down
WBGene00012472,0,1.0,PFNA,-0.0033201000787591,0.994857655991337,False,down
WBGene00019836,0,1.0,PFNA,-0.003625136677171,0.994857655991337,False,down
WBGene00020037,0,1.0,PFNA,-0.0036353389773243,0.994857655991337,False,down
WBGene00020089,0,1.0,PFNA,-0.0052863831564889,0.994857655991337,False,down
WBGene00010303,0,1.0,PFNA,0.0043029283820534,0.994889082941712,False,up
WBGene00004315,0,1.0,PFNA,0.0036691161320324,0.994889082941712,False,up
WBGene00006785,0,0.9666666666666667,PFNA,0.0032548417948236,0.994889082941712,False,up
WBGene00003951,0,0.9666666666666667,PFNA,0.0030638026202463,0.994889082941712,False,up
WBGene00011391,0,1.0,PFNA,0.0028702430158359,0.994889082941712,False,up
WBGene00002213,0,1.0,PFNA,0.0027199592511409,0.994889082941712,False,up
WBGene00016964,0,0.8333333333333334,PFNA,0.0024714060892172,0.994889082941712,False,up
WBGene00003238,0,0.9333333333333333,PFNA,0.0024194899063349,0.994889082941712,False,up
WBGene00001630,0,1.0,PFNA,0.0023651853514378,0.994889082941712,False,up
WBGene00022087,0,1.0,PFNA,0.0021198213888756,0.994889082941712,False,up
WBGene00001230,0,1.0,PFNA,-0.0018298526821317,0.994889082941712,False,down
WBGene00004706,0,1.0,PFNA,-0.0025227363007212,0.994889082941712,False,down
WBGene00011058,0,1.0,PFNA,-0.0025675832412759,0.994889082941712,False,down
WBGene00002219,0,1.0,PFNA,-0.0025942522719544,0.994889082941712,False,down
WBGene00001001,0,1.0,PFNA,-0.0026762552163318,0.994889082941712,False,down
WBGene00016812,0,1.0,PFNA,-0.0031159583539403,0.994889082941712,False,down
WBGene00017435,0,1.0,PFNA,-0.0031438438402041,0.994889082941712,False,down
WBGene00016249,0,1.0,PFNA,-0.0031859448514752,0.994889082941712,False,down
WBGene00002062,0,0.5,PFNA,-0.003543354754256,0.994889082941712,False,down
WBGene00012984,0,1.0,PFNA,-0.0039973971681209,0.994889082941712,False,down
WBGene00022022,0,1.0,PFNA,-0.0046119452413662,0.994889082941712,False,down
WBGene00021425,0,1.0,PFNA,0.002935407090755,0.995316197356774,False,up
WBGene00003911,0,1.0,PFNA,0.0018100050439418,0.995316197356774,False,up
WBGene00008405,0,0.9333333333333333,PFNA,0.0016458240544183,0.995316197356774,False,up
WBGene00004111,0,1.0,PFNA,-0.0022133459573336,0.995316197356774,False,down
WBGene00012483,0,1.0,PFNA,0.0027326804465707,0.995579059073414,False,up
WBGene00021754,0,1.0,PFNA,-0.0018736502692395,0.995627066767816,False,down
WBGene00019380,0,1.0,PFNA,0.0026031569523636,0.995650252858624,False,up
WBGene00015425,0,1.0,PFNA,0.002308686459657,0.995723004531574,False,up
WBGene00045433,0,1.0,PFNA,-0.0020816428071466,0.995740172075276,False,down
WBGene00007050,0,1.0,PFNA,0.0019888872375455,0.995971187693275,False,up
WBGene00020097,0,1.0,PFNA,0.0012015804071663,0.995971187693275,False,up
WBGene00013426,0,0.9666666666666667,PFNA,-0.0030480678798657,0.995971187693275,False,down
WBGene00012676,0,1.0,PFNA,0.00202199536231,0.996279193073652,False,up
WBGene00019498,0,1.0,PFNA,-0.0020976484385727,0.996279193073652,False,down
WBGene00020718,0,1.0,PFNA,-0.0012582955118126,0.996360511945361,False,down
WBGene00022201,0,1.0,PFNA,0.0010916342960018,0.996871024571573,False,up
WBGene00006920,0,1.0,PFNA,0.0010897906663141,0.996871024571573,False,up
WBGene00009158,0,1.0,PFNA,0.0014588705588503,0.996984988958267,False,up
WBGene00010161,0,0.9666666666666667,PFNA,0.0012915061487264,0.996984988958267,False,up
WBGene00003787,0,1.0,PFNA,-0.0009618872464808,0.996984988958267,False,down
WBGene00001169,0,1.0,PFNA,-0.0014844780219433,0.996984988958267,False,down
WBGene00007235,0,1.0,PFNA,0.0008470373865711,0.997518874444091,False,up
WBGene00002123,0,0.9,PFNA,-0.0007339094416094,0.997604512360324,False,down
WBGene00009078,0,0.9666666666666667,PFNA,0.0013256930542491,0.997739085555352,False,up
WBGene00014222,0,0.9666666666666667,PFNA,0.001131379199788,0.997739085555352,False,up
WBGene00016129,0,1.0,PFNA,0.0008872677051475,0.997739085555352,False,up
WBGene00021854,0,1.0,PFNA,0.0006040007951795,0.997739085555352,False,up
WBGene00007593,0,1.0,PFNA,0.0005098542084456,0.997739085555352,False,up
WBGene00015635,0,1.0,PFNA,-0.0006956327571015,0.997739085555352,False,down
WBGene00000047,0,0.8333333333333334,PFNA,-0.0003844372245869,0.999018249397969,False,down
WBGene00002273,0,0.9333333333333333,PFNA,-1.39717422233435e-05,0.999964187755758,False,down
