WB_id,consensus_module,consensus_strength,chemical,logFC,FDR,is_detected,direction
WBGene00011671,3,0.9,PFOA,6.52645366184734,2.59537756324767e-17,True,up
WBGene00020587,3,1.0,PFOA,1.88065238419607,2.33673675654195e-16,True,up
WBGene00004236,3,1.0,PFOA,4.722904463902,4.41499640626829e-16,True,up
WBGene00022813,3,0.9333333333333333,PFOA,3.00458856645449,2.48344512861221e-15,True,up
WBGene00044514,3,0.9333333333333333,PFOA,4.48388892740684,2.10832639113905e-14,True,up
WBGene00001756,3,1.0,PFOA,4.97404876055622,2.59937710577339e-13,True,up
WBGene00011002,3,1.0,PFOA,2.31928474297887,1.26186273370784e-12,True,up
WBGene00000111,3,0.9333333333333333,PFOA,1.5919234124083,5.64841124996572e-10,True,up
WBGene00015044,3,0.8,PFOA,3.50550191236317,6.55872676911672e-10,True,up
WBGene00007810,3,1.0,PFOA,1.50663837718341,9.216459204551041e-10,True,up
WBGene00008032,3,0.9,PFOA,1.03272497718917,1.2638647185193502e-09,True,up
WBGene00015045,3,0.6333333333333333,PFOA,5.14077421853505,4.01083445780059e-09,True,up
WBGene00020909,3,0.6666666666666666,PFOA,2.11525928414893,7.392782233157481e-09,True,up
WBGene00019234,3,1.0,PFOA,1.34107889797332,9.074409294307881e-09,True,up
WBGene00011672,3,0.9,PFOA,1.9316514385301,1.08852361033212e-08,True,up
WBGene00003652,3,1.0,PFOA,0.814074172123818,3.31310436096908e-07,True,up
WBGene00018403,3,1.0,PFOA,1.23204656930053,3.44701796321706e-07,True,up
WBGene00017126,3,0.6333333333333333,PFOA,0.632355111112623,1.29697890724241e-06,True,up
WBGene00006890,3,1.0,PFOA,0.705980094280227,1.31413430281924e-06,True,up
WBGene00010706,3,0.5333333333333333,PFOA,1.75478028660191,1.72103025841649e-06,True,up
WBGene00017060,3,1.0,PFOA,1.32780790249868,2.36936060504509e-06,True,up
WBGene00017480,3,1.0,PFOA,0.601556947877411,2.36936060504509e-06,True,up
WBGene00019965,3,1.0,PFOA,0.70782166750881,3.50274114468421e-06,True,up
WBGene00004221,3,1.0,PFOA,1.11223600567068,5.56436497591702e-06,True,up
WBGene00019516,3,1.0,PFOA,1.44895983979759,6.5380092768641e-06,True,up
WBGene00008273,3,0.8666666666666667,PFOA,0.749314313775129,1.95832810358077e-05,True,up
WBGene00010985,3,0.9666666666666667,PFOA,1.3911161773724,2.88408060896636e-05,True,up
WBGene00009110,3,0.9,PFOA,1.64060122519893,4.46265988123508e-05,True,up
WBGene00009512,3,1.0,PFOA,0.889196792511808,4.92871006150448e-05,True,up
WBGene00015692,3,1.0,PFOA,0.787423074650445,5.35930311286035e-05,True,up
WBGene00008335,3,0.7,PFOA,1.13548575314154,8.50703752404453e-05,True,up
WBGene00022131,3,1.0,PFOA,0.869707493651083,0.0001068600325567,True,up
WBGene00004210,3,0.9666666666666667,PFOA,0.480103194038168,0.0001305801147753,True,up
WBGene00022313,3,1.0,PFOA,0.843011733245028,0.0001573993634452,True,up
WBGene00020895,3,1.0,PFOA,0.550167843331263,0.0004940382594679,True,up
WBGene00007362,3,0.6333333333333333,PFOA,0.89683866273218,0.0005131045916127,True,up
WBGene00019233,3,1.0,PFOA,1.66171683427116,0.0006912775502095,True,up
WBGene00017315,3,1.0,PFOA,2.70367559817437,0.0007371251648256,True,up
WBGene00007811,3,1.0,PFOA,0.660209354338009,0.0007371251648256,True,up
WBGene00011190,3,1.0,PFOA,1.51451801083741,0.0012088482702105,True,up
WBGene00020058,3,0.5333333333333333,PFOA,0.55710695327415,0.0021128529784349,True,up
WBGene00017613,3,1.0,PFOA,0.422956833467225,0.0022810805853578,True,up
WBGene00000986,3,1.0,PFOA,1.63685998278561,0.0023598671652681,True,up
WBGene00015930,3,0.8333333333333334,PFOA,0.54584242652304,0.0024089476214873,True,up
WBGene00019022,3,0.8333333333333334,PFOA,0.599745034111025,0.0025351667092573,True,up
WBGene00001262,3,0.9333333333333333,PFOA,0.443343374003853,0.002606199975484,True,up
WBGene00022258,3,1.0,PFOA,0.803283109807428,0.0027244207786016,True,up
WBGene00018430,3,1.0,PFOA,0.769602997599742,0.0030690427313657,True,up
WBGene00017095,3,1.0,PFOA,3.16492103261978,0.0042072900932554,True,up
WBGene00017515,3,1.0,PFOA,0.75229172832777,0.0049067635318498,True,up
WBGene00015400,3,1.0,PFOA,-1.10687953868338,0.00598977556586,True,down
WBGene00017574,3,0.5333333333333333,PFOA,0.36502257084829,0.0084896661567329,True,up
WBGene00017048,3,0.8333333333333334,PFOA,0.519128023266868,0.0093884965822016,True,up
WBGene00044481,3,1.0,PFOA,0.766846801173155,0.0106850908884124,True,up
WBGene00015399,3,1.0,PFOA,-3.89038367750737,0.0119212034541146,True,down
WBGene00017431,3,0.9666666666666667,PFOA,0.510718049917449,0.0132433248998236,True,up
WBGene00002113,3,0.9,PFOA,0.294349795553412,0.0168043038413541,True,up
WBGene00001157,3,1.0,PFOA,0.583878672316084,0.01744080131166,True,up
WBGene00012494,3,1.0,PFOA,0.487748230574032,0.0192495951866417,True,up
WBGene00004194,3,1.0,PFOA,0.264722597042377,0.0226942899805757,True,up
WBGene00017390,3,1.0,PFOA,2.10493566000367,0.0265345096092905,True,up
WBGene00008334,3,1.0,PFOA,1.71271484832683,0.0337870203384352,True,up
WBGene00020741,3,1.0,PFOA,-0.919864930124225,0.0337870203384352,True,down
WBGene00019127,3,0.9,PFOA,0.234560312331772,0.0345153087661641,True,up
WBGene00016863,3,1.0,PFOA,1.64436671605005,0.038287363524509,True,up
WBGene00004196,3,1.0,PFOA,0.336711754789616,0.0407014480729924,True,up
WBGene00194674,3,1.0,PFOA,-1.4186089853061,0.0498188786421043,True,down
WBGene00271821,3,1.0,PFOA,1.62056256491115,0.0527084688868795,False,up
WBGene00044525,3,1.0,PFOA,1.10124331903785,0.0527084688868795,False,up
WBGene00016364,3,0.9666666666666667,PFOA,-0.444246338410636,0.0547949196076195,False,down
WBGene00001769,3,0.9666666666666667,PFOA,0.777660290755754,0.056224160949551,False,up
WBGene00016174,3,0.9,PFOA,0.751015526696016,0.0669167933226135,False,up
WBGene00013586,3,0.9666666666666667,PFOA,2.53645754176885,0.0739625913532701,False,up
WBGene00008274,3,0.9,PFOA,0.18185960627331,0.0847824557056715,False,up
WBGene00010628,3,1.0,PFOA,0.498048135257485,0.0936970162451393,False,up
WBGene00019589,3,1.0,PFOA,0.725151501195509,0.11296595307489,False,up
WBGene00012531,3,1.0,PFOA,0.44819949609904,0.119989545858417,False,up
WBGene00022593,3,0.9,PFOA,0.409144766781985,0.120627641484685,False,up
WBGene00003715,3,0.8333333333333334,PFOA,0.380492336594242,0.121178899423947,False,up
WBGene00003892,3,1.0,PFOA,0.443284081649075,0.126023532364028,False,up
WBGene00019471,3,0.9666666666666667,PFOA,-1.31694825294486,0.126023532364028,False,down
WBGene00015352,3,0.9,PFOA,0.280958161592387,0.14125275112268,False,up
WBGene00003696,3,1.0,PFOA,0.600813903050928,0.158717520836674,False,up
WBGene00007072,3,0.9,PFOA,0.878162869092686,0.159389688543406,False,up
WBGene00017336,3,1.0,PFOA,0.838774449751638,0.179859154502453,False,up
WBGene00015107,3,0.7,PFOA,0.370136651520124,0.190797055868056,False,up
WBGene00016283,3,1.0,PFOA,0.388319222699632,0.191189506469172,False,up
WBGene00018465,3,0.9333333333333333,PFOA,-0.645677712594461,0.211065618533563,False,down
WBGene00019404,3,0.5333333333333333,PFOA,0.757100407098896,0.211440548081817,False,up
WBGene00019472,3,1.0,PFOA,-1.71954867075594,0.231987681169927,False,down
WBGene00017681,3,1.0,PFOA,0.341165694198102,0.239437255466088,False,up
WBGene00010221,3,1.0,PFOA,0.225795100180389,0.247076121270723,False,up
WBGene00019885,3,1.0,PFOA,0.781109191505255,0.267089065875373,False,up
WBGene00015957,3,1.0,PFOA,0.362798116319654,0.27241406772448,False,up
WBGene00010979,3,1.0,PFOA,-0.606346995613793,0.27241406772448,False,down
WBGene00009973,3,1.0,PFOA,0.347387708295933,0.280470637351201,False,up
WBGene00006418,3,0.9666666666666667,PFOA,0.877718109861711,0.286375219073936,False,up
WBGene00016966,3,0.7333333333333333,PFOA,-0.249210938358925,0.286375219073936,False,down
WBGene00016004,3,0.9666666666666667,PFOA,-0.488255242214658,0.286375219073936,False,down
WBGene00007175,3,1.0,PFOA,0.255360174438054,0.295749376709802,False,up
WBGene00005671,3,0.9,PFOA,-1.05938784742917,0.301046843631133,False,down
WBGene00013169,3,1.0,PFOA,0.830268572584944,0.316348335465987,False,up
WBGene00003610,3,0.9,PFOA,0.412728957930772,0.320476883998108,False,up
WBGene00004911,3,1.0,PFOA,0.271291904626831,0.330934030443059,False,up
WBGene00011674,3,0.9666666666666667,PFOA,2.71570032096347,0.351469598584035,False,up
WBGene00019476,3,0.6333333333333333,PFOA,-0.469324745541255,0.351469598584035,False,down
WBGene00014000,3,0.9666666666666667,PFOA,0.486160246540692,0.355784833865524,False,up
WBGene00019290,3,0.7666666666666667,PFOA,0.433873088886467,0.379571891629439,False,up
WBGene00018696,3,1.0,PFOA,0.510004435444046,0.392947078320334,False,up
WBGene00017510,3,1.0,PFOA,0.700385430468867,0.401680232203058,False,up
WBGene00019265,3,0.9,PFOA,-0.457137389608444,0.404853095265443,False,down
WBGene00014006,3,0.5333333333333333,PFOA,0.532787142152009,0.409625439358028,False,up
WBGene00003683,3,1.0,PFOA,0.799724325022623,0.41460889061483,False,up
WBGene00018958,3,1.0,PFOA,0.291220764336004,0.41460889061483,False,up
WBGene00009258,3,0.9666666666666667,PFOA,0.435692214544647,0.420020561431987,False,up
WBGene00271812,3,1.0,PFOA,0.593217368952659,0.428419458988551,False,up
WBGene00019970,3,1.0,PFOA,-0.94654341208297,0.437352845333154,False,down
WBGene00007605,3,0.9666666666666667,PFOA,0.498506250104482,0.444906325882877,False,up
WBGene00001973,3,1.0,PFOA,-0.330057526732536,0.444906325882877,False,down
WBGene00019645,3,0.5333333333333333,PFOA,0.511780347425748,0.465664826962489,False,up
WBGene00011801,3,1.0,PFOA,-0.371181356254501,0.483245706281864,False,down
WBGene00009183,3,1.0,PFOA,0.522146112553117,0.48608939679696,False,up
WBGene00007928,3,0.9666666666666667,PFOA,0.517231302622214,0.48608939679696,False,up
WBGene00010001,3,0.5333333333333333,PFOA,0.476432004170354,0.48608939679696,False,up
WBGene00000138,3,0.9666666666666667,PFOA,0.246013673064538,0.48608939679696,False,up
WBGene00010665,3,1.0,PFOA,0.347239816321314,0.505982635034639,False,up
WBGene00016403,3,0.7666666666666667,PFOA,-0.757143758260707,0.522011167260407,False,down
WBGene00003720,3,1.0,PFOA,0.280061569715103,0.527724533231846,False,up
WBGene00010747,3,1.0,PFOA,0.653030431798767,0.529920329928024,False,up
WBGene00013588,3,0.7333333333333333,PFOA,-0.205811284875534,0.539975406735326,False,down
WBGene00003647,3,1.0,PFOA,-0.449029498205296,0.539975406735326,False,down
WBGene00018036,3,1.0,PFOA,0.24055282260189,0.540309478856768,False,up
WBGene00007070,3,1.0,PFOA,0.289132011634829,0.546608141875386,False,up
WBGene00021587,3,1.0,PFOA,0.508351246937117,0.549227509931596,False,up
WBGene00003766,3,1.0,PFOA,-1.15989850053786,0.554332998897731,False,down
WBGene00018406,3,1.0,PFOA,0.813191628569733,0.55629427469207,False,up
WBGene00010717,3,1.0,PFOA,1.65462397540627,0.556608401728788,False,up
WBGene00009201,3,0.9,PFOA,0.126455548145828,0.556608401728788,False,up
WBGene00003602,3,1.0,PFOA,0.335185677778109,0.56109661767507,False,up
WBGene00008195,3,1.0,PFOA,-0.248696623155194,0.565949269109654,False,down
WBGene00018241,3,0.9333333333333333,PFOA,0.394802143344048,0.576505892378517,False,up
WBGene00000830,3,1.0,PFOA,0.383800253430834,0.576505892378517,False,up
WBGene00022325,3,1.0,PFOA,0.630834182341731,0.585709088084679,False,up
WBGene00011850,3,0.9666666666666667,PFOA,0.348027751220225,0.590996476896751,False,up
WBGene00017985,3,1.0,PFOA,-0.767470272979414,0.5926542866549,False,down
WBGene00002173,3,1.0,PFOA,0.218481428200299,0.609400799271971,False,up
WBGene00011829,3,0.9,PFOA,-0.554748643815855,0.613124393362065,False,down
WBGene00008730,3,1.0,PFOA,0.338723672373256,0.61923890199383,False,up
WBGene00018226,3,0.9666666666666667,PFOA,0.133194688751676,0.619703767631884,False,up
WBGene00000655,3,0.6333333333333333,PFOA,0.94692979787964,0.619790244262606,False,up
WBGene00003585,3,1.0,PFOA,0.422043341649427,0.626692259877651,False,up
WBGene00016219,3,1.0,PFOA,0.395954407863958,0.633937601110349,False,up
WBGene00001891,3,0.6333333333333333,PFOA,-0.50236916508268,0.633937601110349,False,down
WBGene00001672,3,0.9666666666666667,PFOA,0.591653960552287,0.637921503440386,False,up
WBGene00012610,3,0.9,PFOA,0.325469210213317,0.637921503440386,False,up
WBGene00007484,3,1.0,PFOA,-1.57340803519409,0.637921503440386,False,down
WBGene00019978,3,1.0,PFOA,0.343813329026022,0.640745230475216,False,up
WBGene00016427,3,0.9,PFOA,-0.398159444828535,0.640745230475216,False,down
WBGene00001781,3,0.9333333333333333,PFOA,0.848571661405394,0.648824855646826,False,up
WBGene00010799,3,0.9,PFOA,0.555722858683896,0.648824855646826,False,up
WBGene00009533,3,0.9333333333333333,PFOA,-0.336347806217685,0.648824855646826,False,down
WBGene00011404,3,1.0,PFOA,0.534796883720771,0.649868673735711,False,up
WBGene00000973,3,0.5333333333333333,PFOA,0.323518404775264,0.653828055591345,False,up
WBGene00010911,3,1.0,PFOA,-0.178818621639805,0.657479905895704,False,down
WBGene00019329,3,0.8,PFOA,0.331070603054553,0.658455084300139,False,up
WBGene00000563,3,1.0,PFOA,0.598622634298838,0.660137603620275,False,up
WBGene00044605,3,0.9333333333333333,PFOA,-0.316082140613218,0.667131176737407,False,down
WBGene00011591,3,1.0,PFOA,-0.506081229988654,0.667131176737407,False,down
WBGene00019909,3,1.0,PFOA,1.15549237083227,0.667617523465088,False,up
WBGene00007476,3,0.6333333333333333,PFOA,-0.278513523768618,0.667617523465088,False,down
WBGene00004363,3,0.6333333333333333,PFOA,-0.167702581088477,0.670529676231539,False,down
WBGene00021204,3,0.9666666666666667,PFOA,0.708149488969672,0.685736679774616,False,up
WBGene00020436,3,0.7,PFOA,0.297297762327159,0.688567711893729,False,up
WBGene00008555,3,0.9333333333333333,PFOA,0.128711208941128,0.688567711893729,False,up
WBGene00017427,3,1.0,PFOA,0.285793102620552,0.698703619284454,False,up
WBGene00003475,3,1.0,PFOA,0.155370900840424,0.698911131611536,False,up
WBGene00009535,3,1.0,PFOA,1.43707957466555,0.710732255102557,False,up
WBGene00018470,3,1.0,PFOA,0.532114027377807,0.712267135804421,False,up
WBGene00006109,3,1.0,PFOA,1.43897704676354,0.717037659812483,False,up
WBGene00004328,3,0.9666666666666667,PFOA,-0.504182258562628,0.717037659812483,False,down
WBGene00015859,3,1.0,PFOA,0.330663063020089,0.729952897898708,False,up
WBGene00018338,3,1.0,PFOA,-0.486319273523478,0.733031916702225,False,down
WBGene00012347,3,1.0,PFOA,0.134049779525367,0.740981430296574,False,up
WBGene00011327,3,1.0,PFOA,0.790445695678464,0.747021946957837,False,up
WBGene00016121,3,0.9,PFOA,-0.205381731428198,0.748499947111877,False,down
WBGene00012778,3,1.0,PFOA,-0.664821255347603,0.748499947111877,False,down
WBGene00013119,3,1.0,PFOA,0.321176382228806,0.7531209009476,False,up
WBGene00008345,3,1.0,PFOA,0.14113583519995,0.755698414574681,False,up
WBGene00012721,3,0.5333333333333333,PFOA,0.615282183500725,0.757882068172012,False,up
WBGene00002189,3,1.0,PFOA,0.109062660547944,0.768347941990832,False,up
WBGene00008388,3,0.9,PFOA,-0.95784959595172,0.768347941990832,False,down
WBGene00018946,3,0.9,PFOA,-1.15082168439299,0.770946435480414,False,down
WBGene00015271,3,1.0,PFOA,-0.445234371011543,0.771873222886746,False,down
WBGene00011106,3,0.5666666666666667,PFOA,-0.126619724045264,0.772502504884335,False,down
WBGene00013515,3,0.9,PFOA,0.330990297562696,0.774951998030355,False,up
WBGene00004139,3,1.0,PFOA,0.657477997543364,0.780192903602501,False,up
WBGene00018380,3,0.6333333333333333,PFOA,1.49184970423512,0.780257955359135,False,up
WBGene00010250,3,1.0,PFOA,0.508656957447894,0.78190173161326,False,up
WBGene00019615,3,1.0,PFOA,0.143463147580686,0.78190173161326,False,up
WBGene00013220,3,1.0,PFOA,0.301198832530798,0.786989365600169,False,up
WBGene00011699,3,1.0,PFOA,-0.874388458208213,0.786989365600169,False,down
WBGene00015397,3,0.9666666666666667,PFOA,1.00313013140542,0.804432816268778,False,up
WBGene00018334,3,1.0,PFOA,0.350959836593608,0.804432816268778,False,up
WBGene00008284,3,1.0,PFOA,0.305923735054492,0.804432816268778,False,up
WBGene00003615,3,0.9666666666666667,PFOA,0.290366857235282,0.804432816268778,False,up
WBGene00007562,3,0.9,PFOA,0.156719469165333,0.804432816268778,False,up
WBGene00017565,3,1.0,PFOA,-0.297607023064725,0.804432816268778,False,down
WBGene00011988,3,1.0,PFOA,-0.493971545999778,0.805369378450264,False,down
WBGene00043983,3,1.0,PFOA,0.227454475160218,0.810074840358943,False,up
WBGene00044082,3,1.0,PFOA,-0.321967191171833,0.813662754672069,False,down
WBGene00012808,3,0.9333333333333333,PFOA,0.824107250704738,0.814100241235871,False,up
WBGene00044297,3,0.9,PFOA,0.374657966590458,0.814100241235871,False,up
WBGene00015186,3,1.0,PFOA,-0.138173891660303,0.814100241235871,False,down
WBGene00008220,3,1.0,PFOA,-0.381151222526752,0.814100241235871,False,down
WBGene00007818,3,0.9666666666666667,PFOA,0.565556533395851,0.814165916473044,False,up
WBGene00003841,3,1.0,PFOA,0.362295211732727,0.814165916473044,False,up
WBGene00044512,3,1.0,PFOA,0.340087500515707,0.814165916473044,False,up
WBGene00011858,3,0.7666666666666667,PFOA,0.169284580766596,0.814165916473044,False,up
WBGene00000081,3,0.9,PFOA,0.144120828268071,0.814165916473044,False,up
WBGene00008481,3,1.0,PFOA,0.31623693633158,0.814967346320978,False,up
WBGene00012020,3,1.0,PFOA,-0.516308593874549,0.817312980451766,False,down
WBGene00021503,3,0.9,PFOA,0.2019146792402,0.818562499360017,False,up
WBGene00008419,3,1.0,PFOA,0.258066431359318,0.824260626458102,False,up
WBGene00020386,3,1.0,PFOA,0.840317238541636,0.827751927302044,False,up
WBGene00045052,3,1.0,PFOA,-0.408898582528723,0.827870235427087,False,down
WBGene00003621,3,0.9666666666666667,PFOA,0.318433132835913,0.830191931113592,False,up
WBGene00019116,3,1.0,PFOA,-0.210786394322414,0.830191931113592,False,down
WBGene00008256,3,1.0,PFOA,-0.42115682218441,0.830191931113592,False,down
WBGene00019243,3,1.0,PFOA,-0.801111078658333,0.830191931113592,False,down
WBGene00007840,3,0.9,PFOA,0.20706835904932,0.833694224417025,False,up
WBGene00009819,3,0.5333333333333333,PFOA,0.371436954191063,0.842210777569463,False,up
WBGene00006757,3,1.0,PFOA,0.120430086725029,0.842210777569463,False,up
WBGene00015574,3,0.9,PFOA,-0.784818519569462,0.842210777569463,False,down
WBGene00001762,3,0.8333333333333334,PFOA,1.12185599524437,0.842739161360604,False,up
WBGene00008569,3,0.9333333333333333,PFOA,-0.334891284431867,0.851484721822915,False,down
WBGene00007241,3,1.0,PFOA,-0.392903702075429,0.851484721822915,False,down
WBGene00017180,3,0.9,PFOA,0.358720170736138,0.853124270499556,False,up
WBGene00006363,3,0.8,PFOA,0.166031629174664,0.853124270499556,False,up
WBGene00021596,3,1.0,PFOA,-0.486110596358543,0.853124270499556,False,down
WBGene00007506,3,1.0,PFOA,-0.656083284662013,0.853124270499556,False,down
WBGene00008712,3,0.8666666666666667,PFOA,-1.05415602561232,0.853124270499556,False,down
WBGene00006603,3,0.7333333333333333,PFOA,0.136624558388203,0.861135409125086,False,up
WBGene00010256,3,1.0,PFOA,1.59538129682696,0.862431036438512,False,up
WBGene00019388,3,1.0,PFOA,0.749770544611593,0.862431036438512,False,up
WBGene00022330,3,0.9,PFOA,0.377089140766533,0.867364823902594,False,up
WBGene00003660,3,0.9,PFOA,0.220690402838848,0.867364823902594,False,up
WBGene00013197,3,0.9666666666666667,PFOA,0.211106207523856,0.867364823902594,False,up
WBGene00022788,3,1.0,PFOA,-0.18115628677206,0.867364823902594,False,down
WBGene00013484,3,1.0,PFOA,0.399917301144912,0.867430445515993,False,up
WBGene00012970,3,0.9666666666666667,PFOA,0.358207349644387,0.867430445515993,False,up
WBGene00020149,3,1.0,PFOA,0.543718673567412,0.867822252019294,False,up
WBGene00020155,3,0.5666666666666667,PFOA,-0.117405307808105,0.868021386386411,False,down
WBGene00015919,3,1.0,PFOA,-0.367529945142314,0.868021386386411,False,down
WBGene00010755,3,1.0,PFOA,-0.249075401610623,0.886731197193074,False,down
WBGene00011453,3,0.6666666666666666,PFOA,0.462815602383465,0.890538491225315,False,up
WBGene00021349,3,1.0,PFOA,-0.384216557566821,0.891036628708929,False,down
WBGene00020313,3,0.9666666666666667,PFOA,0.770470321203737,0.89314802957981,False,up
WBGene00018261,3,0.9666666666666667,PFOA,-0.443783071321737,0.89314802957981,False,down
WBGene00016362,3,0.7333333333333333,PFOA,-0.145533899579598,0.894202628229622,False,down
WBGene00015903,3,1.0,PFOA,-1.27812400126008,0.894202628229622,False,down
WBGene00019139,3,0.9333333333333333,PFOA,0.533550552007128,0.895880285265281,False,up
WBGene00012860,3,1.0,PFOA,0.118654495342334,0.895880285265281,False,up
WBGene00006609,3,0.9,PFOA,-0.295855003997467,0.895880285265281,False,down
WBGene00014080,3,1.0,PFOA,-0.198070644643098,0.89973627066323,False,down
WBGene00019525,3,1.0,PFOA,0.602924963638351,0.901392416125333,False,up
WBGene00021078,3,0.9666666666666667,PFOA,0.11822235361125,0.901976167280978,False,up
WBGene00007299,3,0.9,PFOA,-0.332609018650576,0.901976167280978,False,down
WBGene00270303,3,0.9666666666666667,PFOA,0.797841739954407,0.901989780832951,False,up
WBGene00022603,3,1.0,PFOA,-0.115182805782662,0.901989780832951,False,down
WBGene00050957,3,0.5333333333333333,PFOA,0.594274143326402,0.90388406910563,False,up
WBGene00003705,3,1.0,PFOA,0.434924877702881,0.90388406910563,False,up
WBGene00012449,3,1.0,PFOA,0.388023479551535,0.90388406910563,False,up
WBGene00016645,3,1.0,PFOA,0.349538209055746,0.90388406910563,False,up
WBGene00004053,3,1.0,PFOA,0.1357423936623,0.90388406910563,False,up
WBGene00003408,3,1.0,PFOA,0.133726077173061,0.90388406910563,False,up
WBGene00007752,3,0.9,PFOA,0.112517068706392,0.90388406910563,False,up
WBGene00003040,3,1.0,PFOA,0.107522509110687,0.90388406910563,False,up
WBGene00001552,3,1.0,PFOA,-0.281479103510806,0.90388406910563,False,down
WBGene00011957,3,1.0,PFOA,-0.680224033330287,0.90388406910563,False,down
WBGene00008916,3,1.0,PFOA,-0.744806007807016,0.90388406910563,False,down
WBGene00009213,3,1.0,PFOA,-1.37233225456837,0.90388406910563,False,down
WBGene00012616,3,1.0,PFOA,-0.873181214580791,0.905979458628692,False,down
WBGene00006688,3,1.0,PFOA,0.647375212642299,0.906750026543848,False,up
WBGene00010413,3,0.9666666666666667,PFOA,2.85351673888537,0.908050247430483,False,up
WBGene00012596,3,1.0,PFOA,0.5850086507413,0.908050247430483,False,up
WBGene00003713,3,1.0,PFOA,0.322317257554973,0.908050247430483,False,up
WBGene00008744,3,1.0,PFOA,0.28135531922415,0.908050247430483,False,up
WBGene00017078,3,0.8333333333333334,PFOA,0.180472052477984,0.908050247430483,False,up
WBGene00000763,3,1.0,PFOA,-0.157266395498059,0.908050247430483,False,down
WBGene00010608,3,1.0,PFOA,-0.403252590338929,0.908050247430483,False,down
WBGene00022263,3,0.9666666666666667,PFOA,-0.712128671238117,0.908061451499866,False,down
WBGene00023515,3,1.0,PFOA,0.778400841694113,0.914566000502492,False,up
WBGene00021343,3,1.0,PFOA,-0.475892126474594,0.919202827742265,False,down
WBGene00005719,3,1.0,PFOA,1.18501303043945,0.921812885368531,False,up
WBGene00020869,3,0.6333333333333333,PFOA,0.621368790943505,0.921812885368531,False,up
WBGene00019235,3,0.9,PFOA,0.510258114704574,0.921812885368531,False,up
WBGene00018931,3,0.9,PFOA,0.460993817933367,0.921812885368531,False,up
WBGene00022837,3,1.0,PFOA,0.327891720810025,0.921812885368531,False,up
WBGene00001478,3,0.9666666666666667,PFOA,0.304778030036388,0.921812885368531,False,up
WBGene00003031,3,1.0,PFOA,0.265465178155145,0.921812885368531,False,up
WBGene00017744,3,1.0,PFOA,0.250996589006205,0.921812885368531,False,up
WBGene00044699,3,0.9,PFOA,0.237588121291516,0.921812885368531,False,up
WBGene00021611,3,0.9,PFOA,0.215061451794904,0.921812885368531,False,up
WBGene00022805,3,0.9666666666666667,PFOA,0.204600042626163,0.921812885368531,False,up
WBGene00012122,3,1.0,PFOA,0.203415285714562,0.921812885368531,False,up
WBGene00011030,3,0.9666666666666667,PFOA,0.19540907671958,0.921812885368531,False,up
WBGene00018257,3,0.9666666666666667,PFOA,0.179261188345306,0.921812885368531,False,up
WBGene00019772,3,0.9333333333333333,PFOA,0.17613342783267,0.921812885368531,False,up
WBGene00015303,3,1.0,PFOA,0.139163466489228,0.921812885368531,False,up
WBGene00004457,3,1.0,PFOA,0.136970660572794,0.921812885368531,False,up
WBGene00003600,3,0.9666666666666667,PFOA,0.111489404536215,0.921812885368531,False,up
WBGene00004126,3,0.9,PFOA,0.107715628008242,0.921812885368531,False,up
WBGene00010731,3,0.9,PFOA,0.103206618764646,0.921812885368531,False,up
WBGene00007053,3,1.0,PFOA,0.102515107080402,0.921812885368531,False,up
WBGene00001026,3,0.9,PFOA,0.0964105999211158,0.921812885368531,False,up
WBGene00006852,3,1.0,PFOA,-0.132963063179092,0.921812885368531,False,down
WBGene00009917,3,1.0,PFOA,-0.177946500244833,0.921812885368531,False,down
WBGene00015295,3,0.9666666666666667,PFOA,-0.204199197109687,0.921812885368531,False,down
WBGene00045208,3,0.9,PFOA,-0.205035726363592,0.921812885368531,False,down
WBGene00020689,3,0.9666666666666667,PFOA,-0.229944565086761,0.921812885368531,False,down
WBGene00020276,3,1.0,PFOA,-0.230428525743848,0.921812885368531,False,down
WBGene00018005,3,1.0,PFOA,-0.274514689877423,0.921812885368531,False,down
WBGene00019023,3,1.0,PFOA,-0.37843417952376,0.921812885368531,False,down
WBGene00021978,3,0.9,PFOA,-0.546388459204278,0.921812885368531,False,down
WBGene00020846,3,1.0,PFOA,-0.549400906264401,0.921812885368531,False,down
WBGene00012838,3,1.0,PFOA,-0.690000497879256,0.921812885368531,False,down
WBGene00007832,3,0.7333333333333333,PFOA,-1.30080090513854,0.921812885368531,False,down
WBGene00011158,3,0.7333333333333333,PFOA,-1.63252843563944,0.921812885368531,False,down
WBGene00010426,3,1.0,PFOA,1.72084119092948,0.925912691067317,False,up
WBGene00023414,3,1.0,PFOA,0.164604796319031,0.925912691067317,False,up
WBGene00009600,3,0.9333333333333333,PFOA,0.833960682141881,0.92631726576694,False,up
WBGene00004198,3,0.9,PFOA,0.173298984817588,0.92631726576694,False,up
WBGene00010513,3,1.0,PFOA,-0.266997329865762,0.92631726576694,False,down
WBGene00017879,3,1.0,PFOA,-0.600351378325932,0.92631726576694,False,down
WBGene00011009,3,0.9666666666666667,PFOA,0.976416966163776,0.929004963318387,False,up
WBGene00018358,3,1.0,PFOA,-0.823695053943412,0.932300936875915,False,down
WBGene00012413,3,0.5,PFOA,-1.06485432423169,0.932300936875915,False,down
WBGene00003889,3,1.0,PFOA,0.225362626175521,0.932696451460117,False,up
WBGene00018033,3,1.0,PFOA,-0.153785421725148,0.932696451460117,False,down
WBGene00015544,3,1.0,PFOA,-0.856482377982081,0.932696451460117,False,down
WBGene00015395,3,1.0,PFOA,0.444056354000373,0.934261428791333,False,up
WBGene00119203,3,0.5333333333333333,PFOA,0.230592786472346,0.934261428791333,False,up
WBGene00006066,3,1.0,PFOA,0.0933653493308568,0.934261428791333,False,up
WBGene00016900,3,1.0,PFOA,-0.256616010957051,0.935142817756675,False,down
WBGene00012856,3,0.7,PFOA,0.524727649059621,0.935595244668507,False,up
WBGene00007516,3,1.0,PFOA,0.171516989616363,0.936086086383692,False,up
WBGene00004024,3,0.8333333333333334,PFOA,0.139295161245704,0.936086086383692,False,up
WBGene00018622,3,1.0,PFOA,-0.284199262071586,0.936086086383692,False,down
WBGene00011473,3,1.0,PFOA,-0.280209873808914,0.93695153310591,False,down
WBGene00016961,3,1.0,PFOA,-0.0846064824746894,0.936984289448153,False,down
WBGene00015535,3,1.0,PFOA,1.02078094513531,0.937465948371851,False,up
WBGene00023432,3,1.0,PFOA,-0.247663230269546,0.937465948371851,False,down
WBGene00011003,3,0.9666666666666667,PFOA,0.553051403138571,0.942098049499591,False,up
WBGene00235271,3,1.0,PFOA,0.533976213139471,0.942098049499591,False,up
WBGene00001883,3,0.9666666666666667,PFOA,-0.339722787092848,0.942098049499591,False,down
WBGene00015750,3,0.9,PFOA,-0.539552921074354,0.942098049499591,False,down
WBGene00012307,3,1.0,PFOA,-0.528898429454022,0.942461696200159,False,down
WBGene00003549,3,1.0,PFOA,0.194681735760042,0.943660697401608,False,up
WBGene00022288,3,1.0,PFOA,0.442397793825604,0.945622061355877,False,up
WBGene00009060,3,0.8333333333333334,PFOA,0.396634572973106,0.945622061355877,False,up
WBGene00010943,3,1.0,PFOA,-0.281411583678444,0.945622061355877,False,down
WBGene00007351,3,0.9,PFOA,0.471615239843651,0.945992346429337,False,up
WBGene00017756,3,0.7666666666666667,PFOA,0.354529300538932,0.946346301518015,False,up
WBGene00000977,3,0.5666666666666667,PFOA,0.404274475688667,0.94807837283466,False,up
WBGene00010641,3,1.0,PFOA,0.0961733095368702,0.949937804153227,False,up
WBGene00013903,3,1.0,PFOA,0.461518578744508,0.950070312631011,False,up
WBGene00012441,3,1.0,PFOA,-0.51411994670328,0.950070312631011,False,down
WBGene00044780,3,0.9666666666666667,PFOA,0.44672576385061,0.950295755477839,False,up
WBGene00006710,3,1.0,PFOA,0.122630815116834,0.950295755477839,False,up
WBGene00010868,3,1.0,PFOA,0.115271698868654,0.951079659476528,False,up
WBGene00016093,3,0.9666666666666667,PFOA,0.21151576021665,0.953195101676546,False,up
WBGene00004215,3,0.9666666666666667,PFOA,0.0896295955642253,0.953195101676546,False,up
WBGene00004882,3,1.0,PFOA,-0.136055956770838,0.953195101676546,False,down
WBGene00006462,3,0.9,PFOA,0.114453223585695,0.953462365346275,False,up
WBGene00003747,3,1.0,PFOA,0.17255094788524,0.954125783616515,False,up
WBGene00019675,3,0.6,PFOA,2.51178897360145,0.956664409552023,False,up
WBGene00001450,3,0.9666666666666667,PFOA,0.156488833255061,0.956664409552023,False,up
WBGene00017699,3,1.0,PFOA,0.0768346018020815,0.956664409552023,False,up
WBGene00020559,3,1.0,PFOA,0.210161583614007,0.957884832745798,False,up
WBGene00000914,3,1.0,PFOA,0.0955739378910783,0.958846967785926,False,up
WBGene00008726,3,0.9666666666666667,PFOA,-0.376060600193366,0.958846967785926,False,down
WBGene00010643,3,0.9666666666666667,PFOA,0.273886823504255,0.95915027900091,False,up
WBGene00008932,3,0.9666666666666667,PFOA,0.139922674665247,0.95915027900091,False,up
WBGene00019871,3,0.9666666666666667,PFOA,0.092981041821156,0.95915027900091,False,up
WBGene00000558,3,1.0,PFOA,-0.471320375131951,0.95915027900091,False,down
WBGene00011964,3,1.0,PFOA,0.152106842765322,0.963314006899475,False,up
WBGene00019455,3,1.0,PFOA,0.51815061104134,0.963398940172433,False,up
WBGene00003859,3,0.9,PFOA,-0.292130958283537,0.963484186887372,False,down
WBGene00007989,3,0.9,PFOA,0.896831418413619,0.963611146582484,False,up
WBGene00010795,3,1.0,PFOA,-0.264382394043911,0.963611146582484,False,down
WBGene00021238,3,0.9666666666666667,PFOA,0.12255951882185,0.964004642390635,False,up
WBGene00010202,3,0.9666666666666667,PFOA,0.513547876389186,0.967729989050885,False,up
WBGene00010788,3,0.6,PFOA,0.204422113621977,0.967729989050885,False,up
WBGene00021208,3,1.0,PFOA,-0.150667050710651,0.967729989050885,False,down
WBGene00014022,3,0.9,PFOA,-0.108681069549961,0.969465843772759,False,down
WBGene00015600,3,0.6333333333333333,PFOA,-1.83707799819476,0.969465843772759,False,down
WBGene00020318,3,1.0,PFOA,0.47888634626826,0.970958015504651,False,up
WBGene00005713,3,1.0,PFOA,0.416725298105968,0.971560301053935,False,up
WBGene00001666,3,0.8333333333333334,PFOA,0.17505108239891,0.971560301053935,False,up
WBGene00020366,3,0.6333333333333333,PFOA,0.149922654700962,0.971560301053935,False,up
WBGene00018149,3,1.0,PFOA,-0.164939144028817,0.971560301053935,False,down
WBGene00000244,3,0.7,PFOA,-0.221274721731946,0.971560301053935,False,down
WBGene00020175,3,0.9666666666666667,PFOA,-0.57934530863891,0.971560301053935,False,down
WBGene00014256,3,0.6333333333333333,PFOA,0.132469712202794,0.971638257285484,False,up
WBGene00018988,3,0.9666666666666667,PFOA,0.647359012361232,0.972229534325004,False,up
WBGene00001755,3,0.5333333333333333,PFOA,0.569253616325858,0.972229534325004,False,up
WBGene00021818,3,1.0,PFOA,0.288342561183807,0.972229534325004,False,up
WBGene00002109,3,1.0,PFOA,0.203746858853895,0.972229534325004,False,up
WBGene00020852,3,1.0,PFOA,-0.144009174327676,0.972229534325004,False,down
WBGene00014173,3,0.9333333333333333,PFOA,-1.25283472065037,0.972229534325004,False,down
WBGene00008230,3,0.9,PFOA,0.619643707159197,0.97374482683218,False,up
WBGene00001578,3,1.0,PFOA,0.316923243952147,0.97374482683218,False,up
WBGene00008310,3,0.7333333333333333,PFOA,-0.256256951253814,0.97374482683218,False,down
WBGene00001676,3,1.0,PFOA,-0.276849936935708,0.97374482683218,False,down
WBGene00019237,3,1.0,PFOA,0.0932599380065065,0.9759939186262,False,up
WBGene00003515,3,0.6,PFOA,0.132254659287625,0.976015208497654,False,up
WBGene00013844,3,0.7,PFOA,-0.683991109838983,0.976395430998908,False,down
WBGene00007548,3,0.7333333333333333,PFOA,-0.171271513170566,0.976701654486221,False,down
WBGene00004310,3,1.0,PFOA,0.102087982286215,0.977433794192103,False,up
WBGene00019012,3,1.0,PFOA,-0.364127480837767,0.97763700678926,False,down
WBGene00015666,3,1.0,PFOA,0.722217602026539,0.978128965168556,False,up
WBGene00009390,3,1.0,PFOA,0.629591882510805,0.978128965168556,False,up
WBGene00044792,3,0.9333333333333333,PFOA,0.320447233207003,0.978128965168556,False,up
WBGene00009781,3,0.9,PFOA,0.171413682446774,0.978128965168556,False,up
WBGene00003676,3,1.0,PFOA,0.111896591927685,0.978128965168556,False,up
WBGene00007180,3,1.0,PFOA,-0.184762019713993,0.978128965168556,False,down
WBGene00020236,3,0.9,PFOA,-0.518198621895004,0.978128965168556,False,down
WBGene00001397,3,0.7,PFOA,-0.615687572322777,0.978128965168556,False,down
WBGene00018052,3,1.0,PFOA,-0.758775635442709,0.978128965168556,False,down
WBGene00020985,3,1.0,PFOA,0.475922352201005,0.980702466166394,False,up
WBGene00011198,3,1.0,PFOA,0.0992659156984746,0.980702466166394,False,up
WBGene00018716,3,1.0,PFOA,0.232305925655409,0.980809437626125,False,up
WBGene00007178,3,0.9,PFOA,0.146744583827003,0.980809437626125,False,up
WBGene00012492,3,1.0,PFOA,-0.414176348705457,0.980872162490348,False,down
WBGene00016503,3,0.6,PFOA,0.246016104618434,0.98184069530031,False,up
WBGene00009429,3,0.7666666666666667,PFOA,0.563350475739896,0.982122162259674,False,up
WBGene00008885,3,0.9,PFOA,0.211038328788897,0.982122162259674,False,up
WBGene00009587,3,1.0,PFOA,0.107209968789584,0.984980120682374,False,up
WBGene00007024,3,0.9666666666666667,PFOA,0.091034693145649,0.985763338432879,False,up
WBGene00009854,3,0.6333333333333333,PFOA,0.596287212810266,0.985874098264016,False,up
WBGene00015041,3,0.9666666666666667,PFOA,0.359627148948262,0.985874098264016,False,up
WBGene00021511,3,1.0,PFOA,0.34613025812353,0.985874098264016,False,up
WBGene00017880,3,1.0,PFOA,0.225379563048052,0.985874098264016,False,up
WBGene00021375,3,1.0,PFOA,0.193958933226698,0.985874098264016,False,up
WBGene00003628,3,0.5,PFOA,0.156349209906852,0.985874098264016,False,up
WBGene00021635,3,1.0,PFOA,0.133289843557477,0.985874098264016,False,up
WBGene00022471,3,1.0,PFOA,-0.21005686369553,0.985874098264016,False,down
WBGene00077522,3,0.8666666666666667,PFOA,-0.6279818639836,0.985874098264016,False,down
WBGene00008625,3,0.9666666666666667,PFOA,-0.858010597427717,0.985874098264016,False,down
WBGene00009867,3,1.0,PFOA,-0.563542098121494,0.987185642161572,False,down
WBGene00015518,3,1.0,PFOA,0.321200965084269,0.987696993944063,False,up
WBGene00004161,3,0.6,PFOA,0.089050581163288,0.987696993944063,False,up
WBGene00014036,3,0.9666666666666667,PFOA,-0.104406814406915,0.987696993944063,False,down
WBGene00001792,3,1.0,PFOA,0.711237334306062,0.988948998619624,False,up
WBGene00013584,3,0.9333333333333333,PFOA,0.20679885206186,0.990510073872454,False,up
WBGene00022496,3,0.6333333333333333,PFOA,-0.422180358132304,0.990510073872454,False,down
WBGene00018468,3,1.0,PFOA,0.197319003895281,0.99054680980303,False,up
WBGene00016415,3,1.0,PFOA,0.0866233949979329,0.99054680980303,False,up
WBGene00015188,3,0.6333333333333333,PFOA,-0.16279533512463,0.99054680980303,False,down
WBGene00021158,3,1.0,PFOA,-0.231426556066157,0.99054680980303,False,down
WBGene00206366,3,0.9666666666666667,PFOA,-0.521219483783096,0.99054680980303,False,down
WBGene00020016,3,1.0,PFOA,-0.680086991157588,0.993893603581565,False,down
WBGene00015139,3,0.7666666666666667,PFOA,-0.265816929659632,0.99466539516205,False,down
WBGene00021998,3,1.0,PFOA,-0.592744382880394,0.995210229594446,False,down
WBGene00016262,3,1.0,PFOA,0.234533002077861,0.996178604519329,False,up
WBGene00007817,3,1.0,PFOA,0.203886624286378,0.996449282359429,False,up
WBGene00012859,3,0.7333333333333333,PFOA,0.184935048508498,0.996839427927191,False,up
WBGene00015599,3,1.0,PFOA,1.55857701098707,0.998843368542314,False,up
WBGene00013493,3,0.9333333333333333,PFOA,1.2530084125376,0.998843368542314,False,up
WBGene00005612,3,1.0,PFOA,1.18332831439603,0.998843368542314,False,up
WBGene00044611,3,1.0,PFOA,1.06294645136443,0.998843368542314,False,up
WBGene00001765,3,1.0,PFOA,0.901128939401498,0.998843368542314,False,up
WBGene00015149,3,0.9666666666666667,PFOA,0.870073339472411,0.998843368542314,False,up
WBGene00044183,3,1.0,PFOA,0.855795311921968,0.998843368542314,False,up
WBGene00009308,3,0.9666666666666667,PFOA,0.815270981730875,0.998843368542314,False,up
WBGene00013399,3,0.9,PFOA,0.81257845416711,0.998843368542314,False,up
WBGene00012914,3,0.8666666666666667,PFOA,0.796176314001128,0.998843368542314,False,up
WBGene00020494,3,1.0,PFOA,0.786842333807498,0.998843368542314,False,up
WBGene00017469,3,1.0,PFOA,0.786168557256696,0.998843368542314,False,up
WBGene00015718,3,1.0,PFOA,0.744621550964071,0.998843368542314,False,up
WBGene00019913,3,0.7666666666666667,PFOA,0.744208157386235,0.998843368542314,False,up
WBGene00014698,3,1.0,PFOA,0.73419582668168,0.998843368542314,False,up
WBGene00013832,3,0.9,PFOA,0.68259466513015,0.998843368542314,False,up
WBGene00022345,3,1.0,PFOA,0.673630091762224,0.998843368542314,False,up
WBGene00010023,3,0.9666666666666667,PFOA,0.669320866527176,0.998843368542314,False,up
WBGene00022713,3,1.0,PFOA,0.644170972245212,0.998843368542314,False,up
WBGene00020594,3,0.9666666666666667,PFOA,0.643079158301241,0.998843368542314,False,up
WBGene00016329,3,1.0,PFOA,0.638330957118684,0.998843368542314,False,up
WBGene00007864,3,0.6666666666666666,PFOA,0.636759572215453,0.998843368542314,False,up
WBGene00018645,3,1.0,PFOA,0.62861641032776,0.998843368542314,False,up
WBGene00001957,3,0.9,PFOA,0.624809377008699,0.998843368542314,False,up
WBGene00021491,3,1.0,PFOA,0.615841813266296,0.998843368542314,False,up
WBGene00007423,3,1.0,PFOA,0.600024359834218,0.998843368542314,False,up
WBGene00020584,3,1.0,PFOA,0.561868880003295,0.998843368542314,False,up
WBGene00015042,3,1.0,PFOA,0.547829201788569,0.998843368542314,False,up
WBGene00011429,3,0.7,PFOA,0.538162721221599,0.998843368542314,False,up
WBGene00010789,3,0.5,PFOA,0.532646045938761,0.998843368542314,False,up
WBGene00008010,3,1.0,PFOA,0.532099049686821,0.998843368542314,False,up
WBGene00284867,3,1.0,PFOA,0.531379621310132,0.998843368542314,False,up
WBGene00018694,3,0.7333333333333333,PFOA,0.528808495568111,0.998843368542314,False,up
WBGene00008849,3,1.0,PFOA,0.525616516040326,0.998843368542314,False,up
WBGene00016546,3,1.0,PFOA,0.523496293696438,0.998843368542314,False,up
WBGene00020033,3,0.9666666666666667,PFOA,0.516291135730719,0.998843368542314,False,up
WBGene00012070,3,0.9666666666666667,PFOA,0.51138880751739,0.998843368542314,False,up
WBGene00021168,3,1.0,PFOA,0.50965054289331,0.998843368542314,False,up
WBGene00015918,3,0.9,PFOA,0.499373301029154,0.998843368542314,False,up
WBGene00009839,3,0.7,PFOA,0.498786692667159,0.998843368542314,False,up
WBGene00219455,3,1.0,PFOA,0.498694160858932,0.998843368542314,False,up
WBGene00020943,3,1.0,PFOA,0.498029338482691,0.998843368542314,False,up
WBGene00020720,3,0.9,PFOA,0.492140577400802,0.998843368542314,False,up
WBGene00008892,3,1.0,PFOA,0.488620269776891,0.998843368542314,False,up
WBGene00000641,3,1.0,PFOA,0.486359130908305,0.998843368542314,False,up
WBGene00016040,3,0.9,PFOA,0.481640774991226,0.998843368542314,False,up
WBGene00015864,3,1.0,PFOA,0.478834517796689,0.998843368542314,False,up
WBGene00005437,3,0.6666666666666666,PFOA,0.472182551649218,0.998843368542314,False,up
WBGene00012595,3,0.9333333333333333,PFOA,0.471268101337503,0.998843368542314,False,up
WBGene00008009,3,1.0,PFOA,0.469581624378235,0.998843368542314,False,up
WBGene00007716,3,0.9666666666666667,PFOA,0.459469312747015,0.998843368542314,False,up
WBGene00001778,3,0.9666666666666667,PFOA,0.459008235344216,0.998843368542314,False,up
WBGene00009156,3,1.0,PFOA,0.451263696094239,0.998843368542314,False,up
WBGene00021513,3,0.9,PFOA,0.44164220506706,0.998843368542314,False,up
WBGene00011215,3,1.0,PFOA,0.441261700146324,0.998843368542314,False,up
WBGene00010446,3,0.9666666666666667,PFOA,0.438321127057077,0.998843368542314,False,up
WBGene00011288,3,0.9333333333333333,PFOA,0.434745804809393,0.998843368542314,False,up
WBGene00010680,3,0.6333333333333333,PFOA,0.434430372077666,0.998843368542314,False,up
WBGene00019231,3,0.7666666666666667,PFOA,0.432692573821125,0.998843368542314,False,up
WBGene00020746,3,0.9333333333333333,PFOA,0.431546033704181,0.998843368542314,False,up
WBGene00011136,3,1.0,PFOA,0.429629508815262,0.998843368542314,False,up
WBGene00020380,3,0.6666666666666666,PFOA,0.427724040379774,0.998843368542314,False,up
WBGene00007669,3,1.0,PFOA,0.427203082666643,0.998843368542314,False,up
WBGene00020976,3,1.0,PFOA,0.425547008782635,0.998843368542314,False,up
WBGene00004811,3,1.0,PFOA,0.422557417715699,0.998843368542314,False,up
WBGene00018602,3,1.0,PFOA,0.42181116348236,0.998843368542314,False,up
WBGene00007361,3,0.9666666666666667,PFOA,0.421762637853636,0.998843368542314,False,up
WBGene00304203,3,1.0,PFOA,0.419675776534481,0.998843368542314,False,up
WBGene00003574,3,0.9,PFOA,0.41950658098795,0.998843368542314,False,up
WBGene00015231,3,1.0,PFOA,0.418135638719285,0.998843368542314,False,up
WBGene00012394,3,1.0,PFOA,0.412438032509978,0.998843368542314,False,up
WBGene00010754,3,1.0,PFOA,0.412304610777014,0.998843368542314,False,up
WBGene00005642,3,1.0,PFOA,0.41195087086623,0.998843368542314,False,up
WBGene00009225,3,1.0,PFOA,0.411173696141471,0.998843368542314,False,up
WBGene00077751,3,1.0,PFOA,0.410682504044557,0.998843368542314,False,up
WBGene00022506,3,1.0,PFOA,0.409245891319457,0.998843368542314,False,up
WBGene00008904,3,1.0,PFOA,0.408115296569415,0.998843368542314,False,up
WBGene00007854,3,0.9333333333333333,PFOA,0.407992395875571,0.998843368542314,False,up
WBGene00018404,3,1.0,PFOA,0.404465010970021,0.998843368542314,False,up
WBGene00022498,3,1.0,PFOA,0.401343912491594,0.998843368542314,False,up
WBGene00012634,3,0.9666666666666667,PFOA,0.399789369695726,0.998843368542314,False,up
WBGene00021256,3,1.0,PFOA,0.397724589714635,0.998843368542314,False,up
WBGene00235312,3,1.0,PFOA,0.396742828714624,0.998843368542314,False,up
WBGene00009601,3,1.0,PFOA,0.394710418163324,0.998843368542314,False,up
WBGene00001667,3,1.0,PFOA,0.392961255218152,0.998843368542314,False,up
WBGene00194849,3,1.0,PFOA,0.389052168426261,0.998843368542314,False,up
WBGene00003856,3,0.9,PFOA,0.383834877830962,0.998843368542314,False,up
WBGene00015532,3,1.0,PFOA,0.383631589598501,0.998843368542314,False,up
WBGene00008007,3,1.0,PFOA,0.379717990847884,0.998843368542314,False,up
WBGene00018348,3,1.0,PFOA,0.375135394244821,0.998843368542314,False,up
WBGene00009312,3,1.0,PFOA,0.374936931317993,0.998843368542314,False,up
WBGene00303233,3,0.6333333333333333,PFOA,0.372541481931097,0.998843368542314,False,up
WBGene00008773,3,1.0,PFOA,0.372351812150031,0.998843368542314,False,up
WBGene00022255,3,1.0,PFOA,0.371532599952998,0.998843368542314,False,up
WBGene00016003,3,0.9,PFOA,0.371451096618962,0.998843368542314,False,up
WBGene00019718,3,1.0,PFOA,0.370609448746853,0.998843368542314,False,up
WBGene00010574,3,1.0,PFOA,0.369452007150188,0.998843368542314,False,up
WBGene00003643,3,1.0,PFOA,0.368272409882452,0.998843368542314,False,up
WBGene00021600,3,0.9333333333333333,PFOA,0.368263860631996,0.998843368542314,False,up
WBGene00018727,3,1.0,PFOA,0.367970651255268,0.998843368542314,False,up
WBGene00018352,3,1.0,PFOA,0.365716945673468,0.998843368542314,False,up
WBGene00008994,3,1.0,PFOA,0.362345662436342,0.998843368542314,False,up
WBGene00015849,3,1.0,PFOA,0.360095428664635,0.998843368542314,False,up
WBGene00015999,3,1.0,PFOA,0.359151803982848,0.998843368542314,False,up
WBGene00007868,3,1.0,PFOA,0.356635953382728,0.998843368542314,False,up
WBGene00021755,3,0.9333333333333333,PFOA,0.355454268685951,0.998843368542314,False,up
WBGene00001750,3,0.9666666666666667,PFOA,0.350644198202859,0.998843368542314,False,up
WBGene00013713,3,1.0,PFOA,0.344034856807982,0.998843368542314,False,up
WBGene00001789,3,1.0,PFOA,0.342846884476792,0.998843368542314,False,up
WBGene00010707,3,0.9,PFOA,0.342126152543262,0.998843368542314,False,up
WBGene00022145,3,1.0,PFOA,0.337685324315097,0.998843368542314,False,up
WBGene00007437,3,1.0,PFOA,0.331517296065777,0.998843368542314,False,up
WBGene00011958,3,1.0,PFOA,0.33050002842355,0.998843368542314,False,up
WBGene00011414,3,0.7333333333333333,PFOA,0.327708745121667,0.998843368542314,False,up
WBGene00016467,3,1.0,PFOA,0.327507691063688,0.998843368542314,False,up
WBGene00010545,3,1.0,PFOA,0.32724803235034,0.998843368542314,False,up
WBGene00077525,3,1.0,PFOA,0.325217358226241,0.998843368542314,False,up
WBGene00005362,3,1.0,PFOA,0.322038257394768,0.998843368542314,False,up
WBGene00000487,3,1.0,PFOA,0.319232014953812,0.998843368542314,False,up
WBGene00015842,3,1.0,PFOA,0.3161400826014,0.998843368542314,False,up
WBGene00005032,3,0.9,PFOA,0.315595227787387,0.998843368542314,False,up
WBGene00020564,3,0.6,PFOA,0.315052715548773,0.998843368542314,False,up
WBGene00206532,3,1.0,PFOA,0.313433908109928,0.998843368542314,False,up
WBGene00008850,3,1.0,PFOA,0.310170387377562,0.998843368542314,False,up
WBGene00019312,3,1.0,PFOA,0.307540484579743,0.998843368542314,False,up
WBGene00013298,3,0.9666666666666667,PFOA,0.305856335675541,0.998843368542314,False,up
WBGene00022111,3,0.6666666666666666,PFOA,0.305067009074003,0.998843368542314,False,up
WBGene00018771,3,0.9666666666666667,PFOA,0.302932425127424,0.998843368542314,False,up
WBGene00019512,3,1.0,PFOA,0.302781250404533,0.998843368542314,False,up
WBGene00016363,3,1.0,PFOA,0.301148953262629,0.998843368542314,False,up
WBGene00020786,3,1.0,PFOA,0.300748465587038,0.998843368542314,False,up
WBGene00019025,3,0.9666666666666667,PFOA,0.300534646604859,0.998843368542314,False,up
WBGene00021576,3,0.9,PFOA,0.300246597781241,0.998843368542314,False,up
WBGene00014093,3,1.0,PFOA,0.299543672669103,0.998843368542314,False,up
WBGene00010136,3,1.0,PFOA,0.299244740287927,0.998843368542314,False,up
WBGene00010589,3,1.0,PFOA,0.298599834289817,0.998843368542314,False,up
WBGene00022040,3,1.0,PFOA,0.296596598840026,0.998843368542314,False,up
WBGene00194726,3,1.0,PFOA,0.291661657056329,0.998843368542314,False,up
WBGene00007537,3,0.9,PFOA,0.291250927267303,0.998843368542314,False,up
WBGene00219422,3,1.0,PFOA,0.289016494010678,0.998843368542314,False,up
WBGene00011321,3,0.9666666666666667,PFOA,0.288351492004536,0.998843368542314,False,up
WBGene00017036,3,1.0,PFOA,0.28806890245351,0.998843368542314,False,up
WBGene00018233,3,1.0,PFOA,0.286867971729211,0.998843368542314,False,up
WBGene00022061,3,0.9,PFOA,0.283929414230959,0.998843368542314,False,up
WBGene00003497,3,1.0,PFOA,0.28316190542908,0.998843368542314,False,up
WBGene00001924,3,1.0,PFOA,0.282200575515185,0.998843368542314,False,up
WBGene00022627,3,1.0,PFOA,0.281810297583073,0.998843368542314,False,up
WBGene00015822,3,1.0,PFOA,0.279616725313205,0.998843368542314,False,up
WBGene00008652,3,1.0,PFOA,0.275107702180595,0.998843368542314,False,up
WBGene00015611,3,1.0,PFOA,0.273523111006766,0.998843368542314,False,up
WBGene00005132,3,0.6,PFOA,0.273397956882242,0.998843368542314,False,up
WBGene00077539,3,0.9666666666666667,PFOA,0.272077282800945,0.998843368542314,False,up
WBGene00020267,3,0.6333333333333333,PFOA,0.272042880945186,0.998843368542314,False,up
WBGene00011996,3,0.9,PFOA,0.271067546320117,0.998843368542314,False,up
WBGene00011305,3,1.0,PFOA,0.271047974907516,0.998843368542314,False,up
WBGene00015270,3,1.0,PFOA,0.270602440371957,0.998843368542314,False,up
WBGene00044528,3,1.0,PFOA,0.27053695029197,0.998843368542314,False,up
WBGene00017543,3,1.0,PFOA,0.270368934307558,0.998843368542314,False,up
WBGene00009623,3,1.0,PFOA,0.266101495340089,0.998843368542314,False,up
WBGene00012938,3,1.0,PFOA,0.265982569072978,0.998843368542314,False,up
WBGene00008319,3,1.0,PFOA,0.265176299765892,0.998843368542314,False,up
WBGene00018250,3,1.0,PFOA,0.264419446502162,0.998843368542314,False,up
WBGene00021787,3,1.0,PFOA,0.263888993339376,0.998843368542314,False,up
WBGene00014136,3,0.9666666666666667,PFOA,0.263640139239233,0.998843368542314,False,up
WBGene00016207,3,0.9,PFOA,0.262722666119302,0.998843368542314,False,up
WBGene00007453,3,1.0,PFOA,0.260251472502204,0.998843368542314,False,up
WBGene00006627,3,1.0,PFOA,0.259991582447996,0.998843368542314,False,up
WBGene00019648,3,1.0,PFOA,0.258857451882366,0.998843368542314,False,up
WBGene00016976,3,1.0,PFOA,0.258589765593826,0.998843368542314,False,up
WBGene00138711,3,1.0,PFOA,0.257346846407012,0.998843368542314,False,up
WBGene00020008,3,0.9,PFOA,0.255909419809387,0.998843368542314,False,up
WBGene00012631,3,1.0,PFOA,0.255845939783628,0.998843368542314,False,up
WBGene00003976,3,0.9,PFOA,0.255429771772092,0.998843368542314,False,up
WBGene00008073,3,1.0,PFOA,0.252373623801859,0.998843368542314,False,up
WBGene00017331,3,0.9,PFOA,0.251742363546196,0.998843368542314,False,up
WBGene00020019,3,1.0,PFOA,0.251007149000538,0.998843368542314,False,up
WBGene00017091,3,1.0,PFOA,0.250664152221893,0.998843368542314,False,up
WBGene00012901,3,1.0,PFOA,0.249826852695091,0.998843368542314,False,up
WBGene00017787,3,0.8333333333333334,PFOA,0.248972307823416,0.998843368542314,False,up
WBGene00011879,3,1.0,PFOA,0.248779034217789,0.998843368542314,False,up
WBGene00016506,3,1.0,PFOA,0.247735476613734,0.998843368542314,False,up
WBGene00045482,3,0.5666666666666667,PFOA,0.247517910118482,0.998843368542314,False,up
WBGene00009810,3,1.0,PFOA,0.247126099945213,0.998843368542314,False,up
WBGene00189987,3,1.0,PFOA,0.246905184735275,0.998843368542314,False,up
WBGene00013028,3,0.6666666666666666,PFOA,0.246698040297336,0.998843368542314,False,up
WBGene00235274,3,1.0,PFOA,0.246467338416813,0.998843368542314,False,up
WBGene00003104,3,1.0,PFOA,0.245654782778599,0.998843368542314,False,up
WBGene00013717,3,0.5333333333333333,PFOA,0.244033913841607,0.998843368542314,False,up
WBGene00001506,3,1.0,PFOA,0.243941464505443,0.998843368542314,False,up
WBGene00016090,3,0.5333333333333333,PFOA,0.243781708566468,0.998843368542314,False,up
WBGene00008323,3,0.6333333333333333,PFOA,0.243655416814616,0.998843368542314,False,up
WBGene00021505,3,0.9,PFOA,0.243223164125508,0.998843368542314,False,up
WBGene00017673,3,1.0,PFOA,0.243144892791382,0.998843368542314,False,up
WBGene00019830,3,1.0,PFOA,0.243123458650252,0.998843368542314,False,up
WBGene00023431,3,1.0,PFOA,0.243021967779758,0.998843368542314,False,up
WBGene00007370,3,0.9666666666666667,PFOA,0.241050750800062,0.998843368542314,False,up
WBGene00020761,3,0.9,PFOA,0.240318243493518,0.998843368542314,False,up
WBGene00010310,3,1.0,PFOA,0.239902049448577,0.998843368542314,False,up
WBGene00019226,3,1.0,PFOA,0.239109587053303,0.998843368542314,False,up
WBGene00015568,3,1.0,PFOA,0.238313107293771,0.998843368542314,False,up
WBGene00008309,3,0.9666666666666667,PFOA,0.237537948175914,0.998843368542314,False,up
WBGene00000698,3,1.0,PFOA,0.237303191502027,0.998843368542314,False,up
WBGene00013957,3,0.6333333333333333,PFOA,0.23671266579012,0.998843368542314,False,up
WBGene00019302,3,1.0,PFOA,0.236493698501734,0.998843368542314,False,up
WBGene00011554,3,0.9,PFOA,0.236002578903884,0.998843368542314,False,up
WBGene00010086,3,0.9,PFOA,0.235519311216985,0.998843368542314,False,up
WBGene00010297,3,1.0,PFOA,0.234443335525214,0.998843368542314,False,up
WBGene00000902,3,1.0,PFOA,0.234005890478681,0.998843368542314,False,up
WBGene00011798,3,1.0,PFOA,0.233845452724108,0.998843368542314,False,up
WBGene00010342,3,1.0,PFOA,0.232176735489146,0.998843368542314,False,up
WBGene00016100,3,1.0,PFOA,0.231993361858959,0.998843368542314,False,up
WBGene00006611,3,1.0,PFOA,0.230870598106094,0.998843368542314,False,up
WBGene00017394,3,1.0,PFOA,0.230739583632452,0.998843368542314,False,up
WBGene00007347,3,1.0,PFOA,0.230417796184343,0.998843368542314,False,up
WBGene00013859,3,1.0,PFOA,0.229079302296743,0.998843368542314,False,up
WBGene00007890,3,1.0,PFOA,0.228689426982183,0.998843368542314,False,up
WBGene00271744,3,0.7,PFOA,0.227508570929073,0.998843368542314,False,up
WBGene00021244,3,1.0,PFOA,0.226967700615704,0.998843368542314,False,up
WBGene00010341,3,0.6333333333333333,PFOA,0.226795966844495,0.998843368542314,False,up
WBGene00009101,3,1.0,PFOA,0.226166853300048,0.998843368542314,False,up
WBGene00007471,3,1.0,PFOA,0.225082179602587,0.998843368542314,False,up
WBGene00002107,3,1.0,PFOA,0.22437530925318,0.998843368542314,False,up
WBGene00018104,3,0.7333333333333333,PFOA,0.224032487712269,0.998843368542314,False,up
WBGene00018728,3,1.0,PFOA,0.223986803599292,0.998843368542314,False,up
WBGene00000831,3,1.0,PFOA,0.223897914306819,0.998843368542314,False,up
WBGene00020697,3,0.9666666666666667,PFOA,0.223246390297655,0.998843368542314,False,up
WBGene00007440,3,0.9,PFOA,0.222921326106256,0.998843368542314,False,up
WBGene00015366,3,0.9,PFOA,0.222915035609971,0.998843368542314,False,up
WBGene00235164,3,1.0,PFOA,0.222794406242595,0.998843368542314,False,up
WBGene00020467,3,1.0,PFOA,0.220996612210553,0.998843368542314,False,up
WBGene00011959,3,0.5666666666666667,PFOA,0.220830401921342,0.998843368542314,False,up
WBGene00010654,3,1.0,PFOA,0.220526206155059,0.998843368542314,False,up
WBGene00016365,3,1.0,PFOA,0.220304449665422,0.998843368542314,False,up
WBGene00007541,3,0.9666666666666667,PFOA,0.219670915797349,0.998843368542314,False,up
WBGene00219378,3,1.0,PFOA,0.219233204884771,0.998843368542314,False,up
WBGene00219423,3,0.9,PFOA,0.21816516867201,0.998843368542314,False,up
WBGene00015729,3,0.9,PFOA,0.217516105136917,0.998843368542314,False,up
WBGene00044757,3,1.0,PFOA,0.21728190291962,0.998843368542314,False,up
WBGene00013402,3,1.0,PFOA,0.217181847149236,0.998843368542314,False,up
WBGene00194905,3,1.0,PFOA,0.217094375410893,0.998843368542314,False,up
WBGene00008485,3,0.9333333333333333,PFOA,0.216970904968845,0.998843368542314,False,up
WBGene00016697,3,0.9333333333333333,PFOA,0.216340194536296,0.998843368542314,False,up
WBGene00001763,3,1.0,PFOA,0.215568556301609,0.998843368542314,False,up
WBGene00016016,3,1.0,PFOA,0.215356991674213,0.998843368542314,False,up
WBGene00013907,3,0.9,PFOA,0.214839096738118,0.998843368542314,False,up
WBGene00010321,3,0.9333333333333333,PFOA,0.214500024438944,0.998843368542314,False,up
WBGene00012398,3,1.0,PFOA,0.214342524281323,0.998843368542314,False,up
WBGene00009091,3,0.9666666666666667,PFOA,0.214222134250992,0.998843368542314,False,up
WBGene00017804,3,1.0,PFOA,0.214005302073248,0.998843368542314,False,up
WBGene00018466,3,1.0,PFOA,0.212354440375747,0.998843368542314,False,up
WBGene00008613,3,1.0,PFOA,0.209728517355227,0.998843368542314,False,up
WBGene00045386,3,0.9333333333333333,PFOA,0.209364061725388,0.998843368542314,False,up
WBGene00010994,3,1.0,PFOA,0.208861342646819,0.998843368542314,False,up
WBGene00007741,3,1.0,PFOA,0.208493856236147,0.998843368542314,False,up
WBGene00021643,3,1.0,PFOA,0.208414627163725,0.998843368542314,False,up
WBGene00007525,3,0.9333333333333333,PFOA,0.20448485129376,0.998843368542314,False,up
WBGene00009840,3,0.9666666666666667,PFOA,0.20389657252489,0.998843368542314,False,up
WBGene00206355,3,1.0,PFOA,0.203863991874276,0.998843368542314,False,up
WBGene00194883,3,1.0,PFOA,0.202932324630746,0.998843368542314,False,up
WBGene00014200,3,0.9,PFOA,0.202629827429615,0.998843368542314,False,up
WBGene00000727,3,1.0,PFOA,0.202289474991459,0.998843368542314,False,up
WBGene00006388,3,1.0,PFOA,0.202173730428611,0.998843368542314,False,up
WBGene00001556,3,1.0,PFOA,0.201950739721145,0.998843368542314,False,up
WBGene00003550,3,1.0,PFOA,0.201135178116075,0.998843368542314,False,up
WBGene00013608,3,0.7,PFOA,0.200641911505428,0.998843368542314,False,up
WBGene00020851,3,0.9666666666666667,PFOA,0.20036155023722,0.998843368542314,False,up
WBGene00006987,3,0.5,PFOA,0.200335466477139,0.998843368542314,False,up
WBGene00013950,3,0.9333333333333333,PFOA,0.199922968840357,0.998843368542314,False,up
WBGene00271788,3,1.0,PFOA,0.199845503521878,0.998843368542314,False,up
WBGene00016199,3,0.9666666666666667,PFOA,0.19963309976824,0.998843368542314,False,up
WBGene00000645,3,0.7666666666666667,PFOA,0.199089250300636,0.998843368542314,False,up
WBGene00010074,3,1.0,PFOA,0.198661813068636,0.998843368542314,False,up
WBGene00006622,3,0.9,PFOA,0.197829885789574,0.998843368542314,False,up
WBGene00015593,3,1.0,PFOA,0.197582946236375,0.998843368542314,False,up
WBGene00001523,3,1.0,PFOA,0.197428737388004,0.998843368542314,False,up
WBGene00008739,3,1.0,PFOA,0.196834322929775,0.998843368542314,False,up
WBGene00016215,3,1.0,PFOA,0.196721276712366,0.998843368542314,False,up
WBGene00007338,3,1.0,PFOA,0.196639933169954,0.998843368542314,False,up
WBGene00018023,3,1.0,PFOA,0.196294355183228,0.998843368542314,False,up
WBGene00019047,3,1.0,PFOA,0.19608823260226,0.998843368542314,False,up
WBGene00008954,3,1.0,PFOA,0.195950580067071,0.998843368542314,False,up
WBGene00008095,3,1.0,PFOA,0.194791513517869,0.998843368542314,False,up
WBGene00010644,3,0.9666666666666667,PFOA,0.19465462604993,0.998843368542314,False,up
WBGene00020011,3,0.9666666666666667,PFOA,0.19458031142915,0.998843368542314,False,up
WBGene00010063,3,1.0,PFOA,0.193887476014477,0.998843368542314,False,up
WBGene00021589,3,1.0,PFOA,0.19382295159326,0.998843368542314,False,up
WBGene00011896,3,1.0,PFOA,0.193775209825969,0.998843368542314,False,up
WBGene00017250,3,1.0,PFOA,0.193202409302902,0.998843368542314,False,up
WBGene00044459,3,1.0,PFOA,0.192424169037503,0.998843368542314,False,up
WBGene00016095,3,0.9666666666666667,PFOA,0.192249581006262,0.998843368542314,False,up
WBGene00010856,3,0.9666666666666667,PFOA,0.191850081774128,0.998843368542314,False,up
WBGene00020444,3,1.0,PFOA,0.19177373160622,0.998843368542314,False,up
WBGene00009638,3,0.9,PFOA,0.191684878805283,0.998843368542314,False,up
WBGene00003783,3,1.0,PFOA,0.191443335633475,0.998843368542314,False,up
WBGene00015969,3,1.0,PFOA,0.188998907214255,0.998843368542314,False,up
WBGene00013776,3,0.9333333333333333,PFOA,0.187709661303174,0.998843368542314,False,up
WBGene00018684,3,1.0,PFOA,0.187078696816805,0.998843368542314,False,up
WBGene00022108,3,1.0,PFOA,0.187068315463083,0.998843368542314,False,up
WBGene00044020,3,1.0,PFOA,0.186949328259081,0.998843368542314,False,up
WBGene00005523,3,1.0,PFOA,0.186462450988624,0.998843368542314,False,up
WBGene00000438,3,0.9,PFOA,0.185919453578903,0.998843368542314,False,up
WBGene00019623,3,0.9666666666666667,PFOA,0.185874047360549,0.998843368542314,False,up
WBGene00015401,3,1.0,PFOA,0.185872123220926,0.998843368542314,False,up
WBGene00012566,3,1.0,PFOA,0.185677646166425,0.998843368542314,False,up
WBGene00021178,3,0.9333333333333333,PFOA,0.184641896510287,0.998843368542314,False,up
WBGene00044534,3,0.9333333333333333,PFOA,0.183239230453578,0.998843368542314,False,up
WBGene00010594,3,1.0,PFOA,0.183161869819518,0.998843368542314,False,up
WBGene00007518,3,0.9333333333333333,PFOA,0.182231955341712,0.998843368542314,False,up
WBGene00011088,3,1.0,PFOA,0.181339056621409,0.998843368542314,False,up
WBGene00008303,3,0.9,PFOA,0.181225809598336,0.998843368542314,False,up
WBGene00008831,3,1.0,PFOA,0.180847764629503,0.998843368542314,False,up
WBGene00206505,3,1.0,PFOA,0.180836381845492,0.998843368542314,False,up
WBGene00003623,3,0.9333333333333333,PFOA,0.180587069811563,0.998843368542314,False,up
WBGene00011754,3,0.9333333333333333,PFOA,0.179611507059456,0.998843368542314,False,up
WBGene00009107,3,1.0,PFOA,0.178478179010298,0.998843368542314,False,up
WBGene00016884,3,1.0,PFOA,0.178278342486676,0.998843368542314,False,up
WBGene00001777,3,1.0,PFOA,0.178194895435906,0.998843368542314,False,up
WBGene00003092,3,1.0,PFOA,0.177731765173574,0.998843368542314,False,up
WBGene00021645,3,0.9666666666666667,PFOA,0.177697956630519,0.998843368542314,False,up
WBGene00017015,3,1.0,PFOA,0.177109474686004,0.998843368542314,False,up
WBGene00023519,3,1.0,PFOA,0.176911417029706,0.998843368542314,False,up
WBGene00009178,3,1.0,PFOA,0.176851127559719,0.998843368542314,False,up
WBGene00013870,3,1.0,PFOA,0.176826482638556,0.998843368542314,False,up
WBGene00015263,3,1.0,PFOA,0.176138489881199,0.998843368542314,False,up
WBGene00219289,3,1.0,PFOA,0.175871110713178,0.998843368542314,False,up
WBGene00008691,3,1.0,PFOA,0.175149443945106,0.998843368542314,False,up
WBGene00018363,3,1.0,PFOA,0.174995676258354,0.998843368542314,False,up
WBGene00007542,3,1.0,PFOA,0.174973246067985,0.998843368542314,False,up
WBGene00010475,3,1.0,PFOA,0.174927894251867,0.998843368542314,False,up
WBGene00013440,3,1.0,PFOA,0.174671772570021,0.998843368542314,False,up
WBGene00020247,3,0.9,PFOA,0.17438135094577,0.998843368542314,False,up
WBGene00044009,3,0.9,PFOA,0.174353496348,0.998843368542314,False,up
WBGene00004255,3,1.0,PFOA,0.17432104968151,0.998843368542314,False,up
WBGene00009814,3,0.7333333333333333,PFOA,0.173816787344367,0.998843368542314,False,up
WBGene00008320,3,1.0,PFOA,0.173664422381341,0.998843368542314,False,up
WBGene00235287,3,1.0,PFOA,0.17302205316046,0.998843368542314,False,up
WBGene00010331,3,1.0,PFOA,0.172783280623738,0.998843368542314,False,up
WBGene00010684,3,1.0,PFOA,0.172609100308028,0.998843368542314,False,up
WBGene00013198,3,1.0,PFOA,0.172492019931528,0.998843368542314,False,up
WBGene00005481,3,1.0,PFOA,0.172444604956462,0.998843368542314,False,up
WBGene00019352,3,1.0,PFOA,0.172227815176168,0.998843368542314,False,up
WBGene00020157,3,0.5333333333333333,PFOA,0.17201225224827,0.998843368542314,False,up
WBGene00044035,3,1.0,PFOA,0.171829126545278,0.998843368542314,False,up
WBGene00020878,3,1.0,PFOA,0.171533476764465,0.998843368542314,False,up
WBGene00003885,3,1.0,PFOA,0.171490217668822,0.998843368542314,False,up
WBGene00002140,3,0.7,PFOA,0.171063724893181,0.998843368542314,False,up
WBGene00020941,3,1.0,PFOA,0.170937833278396,0.998843368542314,False,up
WBGene00013658,3,1.0,PFOA,0.170892793911797,0.998843368542314,False,up
WBGene00013425,3,1.0,PFOA,0.170665228240802,0.998843368542314,False,up
WBGene00019480,3,1.0,PFOA,0.170491020952998,0.998843368542314,False,up
WBGene00304808,3,0.9333333333333333,PFOA,0.170434819886485,0.998843368542314,False,up
WBGene00017854,3,1.0,PFOA,0.169816047228235,0.998843368542314,False,up
WBGene00022530,3,0.9,PFOA,0.169497901433063,0.998843368542314,False,up
WBGene00013477,3,1.0,PFOA,0.169223568048933,0.998843368542314,False,up
WBGene00013704,3,1.0,PFOA,0.169155263746914,0.998843368542314,False,up
WBGene00013839,3,1.0,PFOA,0.168954036406598,0.998843368542314,False,up
WBGene00010008,3,0.9,PFOA,0.168808692023074,0.998843368542314,False,up
WBGene00021344,3,1.0,PFOA,0.167895616682131,0.998843368542314,False,up
WBGene00014300,3,0.9666666666666667,PFOA,0.167414315916155,0.998843368542314,False,up
WBGene00021557,3,1.0,PFOA,0.167247908281354,0.998843368542314,False,up
WBGene00013825,3,1.0,PFOA,0.16687239932887,0.998843368542314,False,up
WBGene00015049,3,1.0,PFOA,0.166465151089415,0.998843368542314,False,up
WBGene00019519,3,1.0,PFOA,0.166128635416062,0.998843368542314,False,up
WBGene00011684,3,0.9333333333333333,PFOA,0.165775828412521,0.998843368542314,False,up
WBGene00017290,3,1.0,PFOA,0.165772019758163,0.998843368542314,False,up
WBGene00010575,3,0.7,PFOA,0.165523350536896,0.998843368542314,False,up
WBGene00000738,3,0.7666666666666667,PFOA,0.165023213291726,0.998843368542314,False,up
WBGene00004368,3,1.0,PFOA,0.164485775650844,0.998843368542314,False,up
WBGene00010223,3,1.0,PFOA,0.164064602535083,0.998843368542314,False,up
WBGene00000241,3,1.0,PFOA,0.163760278348793,0.998843368542314,False,up
WBGene00007425,3,1.0,PFOA,0.163616981177355,0.998843368542314,False,up
WBGene00014697,3,1.0,PFOA,0.163600880604791,0.998843368542314,False,up
WBGene00012372,3,0.6333333333333333,PFOA,0.163164575807233,0.998843368542314,False,up
WBGene00018035,3,1.0,PFOA,0.163145829456574,0.998843368542314,False,up
WBGene00009856,3,1.0,PFOA,0.16302924193154,0.998843368542314,False,up
WBGene00010357,3,0.9666666666666667,PFOA,0.16293958723919,0.998843368542314,False,up
WBGene00016169,3,0.9666666666666667,PFOA,0.162635253908993,0.998843368542314,False,up
WBGene00000693,3,0.6333333333333333,PFOA,0.162288963314966,0.998843368542314,False,up
WBGene00020565,3,1.0,PFOA,0.162136127462945,0.998843368542314,False,up
WBGene00044487,3,1.0,PFOA,0.162062508148824,0.998843368542314,False,up
WBGene00004068,3,0.9666666666666667,PFOA,0.16174036325993,0.998843368542314,False,up
WBGene00021201,3,0.9333333333333333,PFOA,0.161469638028003,0.998843368542314,False,up
WBGene00021531,3,1.0,PFOA,0.160810534230738,0.998843368542314,False,up
WBGene00011416,3,1.0,PFOA,0.160682215476065,0.998843368542314,False,up
WBGene00016247,3,1.0,PFOA,0.160681818845366,0.998843368542314,False,up
WBGene00005703,3,1.0,PFOA,0.160477817230527,0.998843368542314,False,up
WBGene00008663,3,0.9666666666666667,PFOA,0.160082500683668,0.998843368542314,False,up
WBGene00017861,3,1.0,PFOA,0.159742132226303,0.998843368542314,False,up
WBGene00013636,3,1.0,PFOA,0.159326091099533,0.998843368542314,False,up
WBGene00010453,3,0.5333333333333333,PFOA,0.158424231808695,0.998843368542314,False,up
WBGene00005647,3,1.0,PFOA,0.158162256250303,0.998843368542314,False,up
WBGene00195212,3,1.0,PFOA,0.157981407869369,0.998843368542314,False,up
WBGene00019911,3,1.0,PFOA,0.157765881052949,0.998843368542314,False,up
WBGene00018855,3,1.0,PFOA,0.15735433875534,0.998843368542314,False,up
WBGene00044492,3,0.9666666666666667,PFOA,0.157208969735406,0.998843368542314,False,up
WBGene00022631,3,1.0,PFOA,0.157064255602992,0.998843368542314,False,up
WBGene00012920,3,0.5,PFOA,0.155492380198526,0.998843368542314,False,up
WBGene00022485,3,1.0,PFOA,0.155223385218951,0.998843368542314,False,up
WBGene00020401,3,1.0,PFOA,0.155096122544506,0.998843368542314,False,up
WBGene00004876,3,0.9,PFOA,0.153962887803782,0.998843368542314,False,up
WBGene00009904,3,1.0,PFOA,0.15396057625304,0.998843368542314,False,up
WBGene00000139,3,0.7,PFOA,0.153712244470215,0.998843368542314,False,up
WBGene00011124,3,0.9666666666666667,PFOA,0.153316560959848,0.998843368542314,False,up
WBGene00014255,3,1.0,PFOA,0.153289880002833,0.998843368542314,False,up
WBGene00015113,3,1.0,PFOA,0.153248376157117,0.998843368542314,False,up
WBGene00271817,3,0.9666666666666667,PFOA,0.151625725518559,0.998843368542314,False,up
WBGene00007929,3,1.0,PFOA,0.151434487497753,0.998843368542314,False,up
WBGene00008678,3,1.0,PFOA,0.151290125669267,0.998843368542314,False,up
WBGene00011613,3,1.0,PFOA,0.151064889260072,0.998843368542314,False,up
WBGene00018311,3,1.0,PFOA,0.151023188697972,0.998843368542314,False,up
WBGene00000687,3,0.7,PFOA,0.15093609581349,0.998843368542314,False,up
WBGene00019691,3,0.9,PFOA,0.150788589637291,0.998843368542314,False,up
WBGene00013906,3,1.0,PFOA,0.150482400581047,0.998843368542314,False,up
WBGene00008117,3,1.0,PFOA,0.15038596850073,0.998843368542314,False,up
WBGene00013637,3,1.0,PFOA,0.150196513701955,0.998843368542314,False,up
WBGene00015981,3,0.9666666666666667,PFOA,0.150091175417334,0.998843368542314,False,up
WBGene00018611,3,1.0,PFOA,0.149957176344929,0.998843368542314,False,up
WBGene00004771,3,1.0,PFOA,0.149758334063834,0.998843368542314,False,up
WBGene00016514,3,1.0,PFOA,0.149397916984504,0.998843368542314,False,up
WBGene00021984,3,0.9,PFOA,0.149386738766409,0.998843368542314,False,up
WBGene00044210,3,1.0,PFOA,0.149156208285442,0.998843368542314,False,up
WBGene00012869,3,1.0,PFOA,0.148835357023734,0.998843368542314,False,up
WBGene00008031,3,0.9666666666666667,PFOA,0.148549237276886,0.998843368542314,False,up
WBGene00044661,3,1.0,PFOA,0.148548284462694,0.998843368542314,False,up
WBGene00000700,3,0.9666666666666667,PFOA,0.148511775635875,0.998843368542314,False,up
WBGene00045255,3,1.0,PFOA,0.14847409041561,0.998843368542314,False,up
WBGene00011678,3,0.7,PFOA,0.148346345007537,0.998843368542314,False,up
WBGene00000211,3,1.0,PFOA,0.148295923274915,0.998843368542314,False,up
WBGene00011793,3,1.0,PFOA,0.147924911234372,0.998843368542314,False,up
WBGene00008969,3,0.9,PFOA,0.147857638832336,0.998843368542314,False,up
WBGene00007162,3,1.0,PFOA,0.14721487259833,0.998843368542314,False,up
WBGene00009901,3,0.9,PFOA,0.147204287623146,0.998843368542314,False,up
WBGene00003033,3,0.9666666666666667,PFOA,0.146945181309279,0.998843368542314,False,up
WBGene00012462,3,1.0,PFOA,0.146803718491038,0.998843368542314,False,up
WBGene00000862,3,1.0,PFOA,0.146407121203656,0.998843368542314,False,up
WBGene00012432,3,0.9,PFOA,0.14629231834761,0.998843368542314,False,up
WBGene00009457,3,1.0,PFOA,0.145862239026304,0.998843368542314,False,up
WBGene00003409,3,1.0,PFOA,0.145748595265794,0.998843368542314,False,up
WBGene00017255,3,1.0,PFOA,0.145515413960799,0.998843368542314,False,up
WBGene00003694,3,1.0,PFOA,0.14535780487099,0.998843368542314,False,up
WBGene00012810,3,1.0,PFOA,0.144959557246132,0.998843368542314,False,up
WBGene00202512,3,1.0,PFOA,0.144920181411907,0.998843368542314,False,up
WBGene00007340,3,1.0,PFOA,0.144914211988036,0.998843368542314,False,up
WBGene00008617,3,0.9,PFOA,0.144746027577238,0.998843368542314,False,up
WBGene00007391,3,1.0,PFOA,0.144501913883988,0.998843368542314,False,up
WBGene00014164,3,0.9666666666666667,PFOA,0.144418126187356,0.998843368542314,False,up
WBGene00009716,3,1.0,PFOA,0.143447066097138,0.998843368542314,False,up
WBGene00005758,3,0.9666666666666667,PFOA,0.143071700953223,0.998843368542314,False,up
WBGene00006865,3,1.0,PFOA,0.143052945516267,0.998843368542314,False,up
WBGene00003759,3,0.9,PFOA,0.142443335701425,0.998843368542314,False,up
WBGene00001129,3,1.0,PFOA,0.142326900409694,0.998843368542314,False,up
WBGene00006677,3,1.0,PFOA,0.142253407180387,0.998843368542314,False,up
WBGene00006743,3,1.0,PFOA,0.141901264157631,0.998843368542314,False,up
WBGene00001555,3,0.8666666666666667,PFOA,0.141710748586845,0.998843368542314,False,up
WBGene00000056,3,0.8666666666666667,PFOA,0.141073964196453,0.998843368542314,False,up
WBGene00001770,3,0.9666666666666667,PFOA,0.14099009465112,0.998843368542314,False,up
WBGene00016335,3,1.0,PFOA,0.140551460155878,0.998843368542314,False,up
WBGene00016728,3,0.9666666666666667,PFOA,0.13985768446255,0.998843368542314,False,up
WBGene00019521,3,1.0,PFOA,0.13976319470091,0.998843368542314,False,up
WBGene00009081,3,0.9333333333333333,PFOA,0.139745340115244,0.998843368542314,False,up
WBGene00001920,3,0.7333333333333333,PFOA,0.139449501357879,0.998843368542314,False,up
WBGene00016324,3,1.0,PFOA,0.139227410370678,0.998843368542314,False,up
WBGene00005552,3,0.7666666666666667,PFOA,0.139127559115145,0.998843368542314,False,up
WBGene00013865,3,1.0,PFOA,0.139104810435838,0.998843368542314,False,up
WBGene00005638,3,0.9,PFOA,0.139041397967794,0.998843368542314,False,up
WBGene00012132,3,0.9666666666666667,PFOA,0.138690126180955,0.998843368542314,False,up
WBGene00003669,3,1.0,PFOA,0.138218990571905,0.998843368542314,False,up
WBGene00012728,3,0.9,PFOA,0.138081219849505,0.998843368542314,False,up
WBGene00015934,3,1.0,PFOA,0.137693697850577,0.998843368542314,False,up
WBGene00007932,3,1.0,PFOA,0.137591206875264,0.998843368542314,False,up
WBGene00011811,3,1.0,PFOA,0.137568115725628,0.998843368542314,False,up
WBGene00002188,3,1.0,PFOA,0.137533242756282,0.998843368542314,False,up
WBGene00007694,3,1.0,PFOA,0.137137790730843,0.998843368542314,False,up
WBGene00010434,3,1.0,PFOA,0.136978584478565,0.998843368542314,False,up
WBGene00000963,3,0.9666666666666667,PFOA,0.136390130067959,0.998843368542314,False,up
WBGene00008757,3,1.0,PFOA,0.136286657705374,0.998843368542314,False,up
WBGene00010741,3,1.0,PFOA,0.1358026178637,0.998843368542314,False,up
WBGene00009805,3,0.9,PFOA,0.135635488237084,0.998843368542314,False,up
WBGene00006685,3,0.9333333333333333,PFOA,0.135493923184171,0.998843368542314,False,up
WBGene00019444,3,0.7,PFOA,0.135430823528904,0.998843368542314,False,up
WBGene00016841,3,1.0,PFOA,0.135214282260561,0.998843368542314,False,up
WBGene00015451,3,1.0,PFOA,0.134787218309357,0.998843368542314,False,up
WBGene00010661,3,0.9,PFOA,0.134095741329033,0.998843368542314,False,up
WBGene00011590,3,1.0,PFOA,0.133678791360218,0.998843368542314,False,up
WBGene00009885,3,1.0,PFOA,0.133245758143815,0.998843368542314,False,up
WBGene00019753,3,0.7666666666666667,PFOA,0.132491691531877,0.998843368542314,False,up
WBGene00011813,3,1.0,PFOA,0.132311552136994,0.998843368542314,False,up
WBGene00006807,3,1.0,PFOA,0.131273594764359,0.998843368542314,False,up
WBGene00016119,3,1.0,PFOA,0.130477766978762,0.998843368542314,False,up
WBGene00011075,3,1.0,PFOA,0.130281511131515,0.998843368542314,False,up
WBGene00020842,3,0.9666666666666667,PFOA,0.130229996886177,0.998843368542314,False,up
WBGene00000701,3,1.0,PFOA,0.130142247245181,0.998843368542314,False,up
WBGene00045461,3,1.0,PFOA,0.129647069828553,0.998843368542314,False,up
WBGene00086546,3,1.0,PFOA,0.129605431567457,0.998843368542314,False,up
WBGene00015337,3,0.9666666666666667,PFOA,0.129500977193076,0.998843368542314,False,up
WBGene00018562,3,1.0,PFOA,0.128794566447519,0.998843368542314,False,up
WBGene00000447,3,1.0,PFOA,0.128736667489102,0.998843368542314,False,up
WBGene00000703,3,0.9666666666666667,PFOA,0.128614028914422,0.998843368542314,False,up
WBGene00011340,3,1.0,PFOA,0.128430359712864,0.998843368542314,False,up
WBGene00003645,3,0.9,PFOA,0.127731038222093,0.998843368542314,False,up
WBGene00004401,3,1.0,PFOA,0.127710953533763,0.998843368542314,False,up
WBGene00003182,3,0.7333333333333333,PFOA,0.126544711022901,0.998843368542314,False,up
WBGene00020774,3,0.6,PFOA,0.12608966287726,0.998843368542314,False,up
WBGene00017178,3,0.9333333333333333,PFOA,0.125818726797338,0.998843368542314,False,up
WBGene00013896,3,1.0,PFOA,0.125716319474075,0.998843368542314,False,up
WBGene00006505,3,0.5333333333333333,PFOA,0.12552124937346,0.998843368542314,False,up
WBGene00013175,3,0.9333333333333333,PFOA,0.125510092908499,0.998843368542314,False,up
WBGene00020865,3,0.8333333333333334,PFOA,0.125440140395663,0.998843368542314,False,up
WBGene00007827,3,0.9,PFOA,0.125436381176218,0.998843368542314,False,up
WBGene00007651,3,1.0,PFOA,0.125424882037929,0.998843368542314,False,up
WBGene00021339,3,1.0,PFOA,0.125076723012266,0.998843368542314,False,up
WBGene00012143,3,1.0,PFOA,0.12474793601637,0.998843368542314,False,up
WBGene00016848,3,1.0,PFOA,0.124560824555208,0.998843368542314,False,up
WBGene00006778,3,1.0,PFOA,0.12434360165272,0.998843368542314,False,up
WBGene00044181,3,1.0,PFOA,0.124153381625545,0.998843368542314,False,up
WBGene00022571,3,0.5333333333333333,PFOA,0.12396876516322,0.998843368542314,False,up
WBGene00008239,3,1.0,PFOA,0.123091427711914,0.998843368542314,False,up
WBGene00020497,3,0.9666666666666667,PFOA,0.123048017581999,0.998843368542314,False,up
WBGene00009618,3,1.0,PFOA,0.122931973745656,0.998843368542314,False,up
WBGene00016218,3,1.0,PFOA,0.122911828172474,0.998843368542314,False,up
WBGene00044586,3,1.0,PFOA,0.122209848405147,0.998843368542314,False,up
WBGene00003786,3,0.9,PFOA,0.121963920020545,0.998843368542314,False,up
WBGene00012381,3,0.9,PFOA,0.121819040075855,0.998843368542314,False,up
WBGene00010737,3,0.9666666666666667,PFOA,0.121042716299913,0.998843368542314,False,up
WBGene00020844,3,0.9666666666666667,PFOA,0.120701441553499,0.998843368542314,False,up
WBGene00018886,3,0.9666666666666667,PFOA,0.120519358624411,0.998843368542314,False,up
WBGene00014073,3,1.0,PFOA,0.120430047047135,0.998843368542314,False,up
WBGene00010781,3,1.0,PFOA,0.120311183753402,0.998843368542314,False,up
WBGene00018188,3,0.9666666666666667,PFOA,0.120209459740543,0.998843368542314,False,up
WBGene00015437,3,1.0,PFOA,0.120143143734645,0.998843368542314,False,up
WBGene00013180,3,0.9,PFOA,0.120101329544344,0.998843368542314,False,up
WBGene00022191,3,0.9,PFOA,0.119901763603994,0.998843368542314,False,up
WBGene00020825,3,0.8,PFOA,0.119693665001553,0.998843368542314,False,up
WBGene00005542,3,1.0,PFOA,0.11955730863952,0.998843368542314,False,up
WBGene00019177,3,1.0,PFOA,0.119517216962282,0.998843368542314,False,up
WBGene00005246,3,0.9,PFOA,0.119195279344517,0.998843368542314,False,up
WBGene00011289,3,0.9666666666666667,PFOA,0.116680180237687,0.998843368542314,False,up
WBGene00009634,3,1.0,PFOA,0.116563538448147,0.998843368542314,False,up
WBGene00000477,3,1.0,PFOA,0.116440372130536,0.998843368542314,False,up
WBGene00017198,3,1.0,PFOA,0.116432095928513,0.998843368542314,False,up
WBGene00043097,3,1.0,PFOA,0.116174313949522,0.998843368542314,False,up
WBGene00017907,3,1.0,PFOA,0.115250449299511,0.998843368542314,False,up
WBGene00017667,3,0.9333333333333333,PFOA,0.114216193898259,0.998843368542314,False,up
WBGene00007969,3,1.0,PFOA,0.114023705929249,0.998843368542314,False,up
WBGene00019320,3,0.7333333333333333,PFOA,0.113557858435089,0.998843368542314,False,up
WBGene00003570,3,0.9333333333333333,PFOA,0.113547850644659,0.998843368542314,False,up
WBGene00017364,3,0.7666666666666667,PFOA,0.113510179229096,0.998843368542314,False,up
WBGene00012142,3,1.0,PFOA,0.113365447423245,0.998843368542314,False,up
WBGene00000540,3,1.0,PFOA,0.113317430372878,0.998843368542314,False,up
WBGene00008307,3,0.9333333333333333,PFOA,0.113113692642459,0.998843368542314,False,up
WBGene00001550,3,1.0,PFOA,0.113041002228767,0.998843368542314,False,up
WBGene00000517,3,1.0,PFOA,0.113035463703077,0.998843368542314,False,up
WBGene00008695,3,1.0,PFOA,0.112970600647896,0.998843368542314,False,up
WBGene00018108,3,0.9,PFOA,0.112880413392502,0.998843368542314,False,up
WBGene00003519,3,1.0,PFOA,0.112773787385742,0.998843368542314,False,up
WBGene00012961,3,1.0,PFOA,0.112646124753355,0.998843368542314,False,up
WBGene00001884,3,0.9,PFOA,0.112580991070429,0.998843368542314,False,up
WBGene00010043,3,0.9,PFOA,0.11243840233029,0.998843368542314,False,up
WBGene00044066,3,0.6,PFOA,0.112176223563001,0.998843368542314,False,up
WBGene00003525,3,1.0,PFOA,0.111705532146229,0.998843368542314,False,up
WBGene00021721,3,0.7666666666666667,PFOA,0.110896921544469,0.998843368542314,False,up
WBGene00008602,3,1.0,PFOA,0.110547543256637,0.998843368542314,False,up
WBGene00015720,3,1.0,PFOA,0.110509466281364,0.998843368542314,False,up
WBGene00009811,3,1.0,PFOA,0.110443935846355,0.998843368542314,False,up
WBGene00009190,3,1.0,PFOA,0.110432619433033,0.998843368542314,False,up
WBGene00021473,3,1.0,PFOA,0.110050677207186,0.998843368542314,False,up
WBGene00003860,3,1.0,PFOA,0.109965932517585,0.998843368542314,False,up
WBGene00019019,3,0.9333333333333333,PFOA,0.109857221207937,0.998843368542314,False,up
WBGene00017838,3,0.9,PFOA,0.109568757317015,0.998843368542314,False,up
WBGene00008597,3,1.0,PFOA,0.109430510239667,0.998843368542314,False,up
WBGene00009844,3,1.0,PFOA,0.1075563434595,0.998843368542314,False,up
WBGene00018804,3,1.0,PFOA,0.107376276327625,0.998843368542314,False,up
WBGene00015948,3,0.5,PFOA,0.107055771950447,0.998843368542314,False,up
WBGene00017964,3,1.0,PFOA,0.106906334728112,0.998843368542314,False,up
WBGene00015559,3,1.0,PFOA,0.106868102309428,0.998843368542314,False,up
WBGene00021262,3,0.9333333333333333,PFOA,0.106862953189806,0.998843368542314,False,up
WBGene00009350,3,0.9333333333333333,PFOA,0.106627030294207,0.998843368542314,False,up
WBGene00014145,3,0.9666666666666667,PFOA,0.10638499287963,0.998843368542314,False,up
WBGene00045382,3,0.7,PFOA,0.105689896847944,0.998843368542314,False,up
WBGene00017226,3,0.9666666666666667,PFOA,0.105530200095559,0.998843368542314,False,up
WBGene00044387,3,1.0,PFOA,0.105365778856743,0.998843368542314,False,up
WBGene00004739,3,0.9333333333333333,PFOA,0.105361778321456,0.998843368542314,False,up
WBGene00009452,3,1.0,PFOA,0.105214698061236,0.998843368542314,False,up
WBGene00018672,3,1.0,PFOA,0.104906132181439,0.998843368542314,False,up
WBGene00020455,3,0.7,PFOA,0.104714868490882,0.998843368542314,False,up
WBGene00017580,3,0.6333333333333333,PFOA,0.10454761219456,0.998843368542314,False,up
WBGene00009696,3,1.0,PFOA,0.104503822754768,0.998843368542314,False,up
WBGene00015220,3,1.0,PFOA,0.104186406202951,0.998843368542314,False,up
WBGene00019408,3,0.9333333333333333,PFOA,0.103965737451904,0.998843368542314,False,up
WBGene00001526,3,1.0,PFOA,0.103676123503454,0.998843368542314,False,up
WBGene00004114,3,0.9,PFOA,0.103572589866759,0.998843368542314,False,up
WBGene00007405,3,0.9,PFOA,0.103404605163889,0.998843368542314,False,up
WBGene00010810,3,0.9,PFOA,0.10340066043162,0.998843368542314,False,up
WBGene00000650,3,0.9,PFOA,0.103306763707645,0.998843368542314,False,up
WBGene00003918,3,0.9,PFOA,0.103274948275427,0.998843368542314,False,up
WBGene00005163,3,0.9,PFOA,0.103211960291671,0.998843368542314,False,up
WBGene00003839,3,1.0,PFOA,0.10315256216178,0.998843368542314,False,up
WBGene00016175,3,1.0,PFOA,0.102939397392003,0.998843368542314,False,up
WBGene00010012,3,0.9333333333333333,PFOA,0.102888046622,0.998843368542314,False,up
WBGene00001988,3,1.0,PFOA,0.102732359455756,0.998843368542314,False,up
WBGene00006539,3,1.0,PFOA,0.102501692692601,0.998843368542314,False,up
WBGene00015728,3,1.0,PFOA,0.101998422955379,0.998843368542314,False,up
WBGene00003722,3,0.5333333333333333,PFOA,0.101660538192629,0.998843368542314,False,up
WBGene00016862,3,0.7666666666666667,PFOA,0.101521797833593,0.998843368542314,False,up
WBGene00013830,3,1.0,PFOA,0.101504181190206,0.998843368542314,False,up
WBGene00019009,3,1.0,PFOA,0.101399880271314,0.998843368542314,False,up
WBGene00012854,3,0.9666666666666667,PFOA,0.100646933950578,0.998843368542314,False,up
WBGene00007155,3,0.9,PFOA,0.0992815241075692,0.998843368542314,False,up
WBGene00016565,3,1.0,PFOA,0.0992459796882829,0.998843368542314,False,up
WBGene00011763,3,0.8666666666666667,PFOA,0.0991712080873436,0.998843368542314,False,up
WBGene00019347,3,1.0,PFOA,0.0991529755578231,0.998843368542314,False,up
WBGene00015671,3,0.9666666666666667,PFOA,0.0985383539412757,0.998843368542314,False,up
WBGene00003887,3,0.9666666666666667,PFOA,0.0983928684427109,0.998843368542314,False,up
WBGene00003112,3,1.0,PFOA,0.0983438579356859,0.998843368542314,False,up
WBGene00001649,3,1.0,PFOA,0.0983356834757077,0.998843368542314,False,up
WBGene00014079,3,1.0,PFOA,0.0983126988552077,0.998843368542314,False,up
WBGene00022677,3,1.0,PFOA,0.0981045962585139,0.998843368542314,False,up
WBGene00000287,3,1.0,PFOA,0.0980520038072279,0.998843368542314,False,up
WBGene00006686,3,0.9,PFOA,0.0980448387929525,0.998843368542314,False,up
WBGene00002217,3,1.0,PFOA,0.0979744985726171,0.998843368542314,False,up
WBGene00022142,3,0.9666666666666667,PFOA,0.0978529223051691,0.998843368542314,False,up
WBGene00015299,3,1.0,PFOA,0.0978322872004557,0.998843368542314,False,up
WBGene00000906,3,0.9666666666666667,PFOA,0.0977016030552807,0.998843368542314,False,up
WBGene00000630,3,0.8333333333333334,PFOA,0.0975463242401719,0.998843368542314,False,up
WBGene00001475,3,1.0,PFOA,0.0973375641620894,0.998843368542314,False,up
WBGene00019997,3,1.0,PFOA,0.0973206609532475,0.998843368542314,False,up
WBGene00010836,3,0.8666666666666667,PFOA,0.0972762517389311,0.998843368542314,False,up
WBGene00007604,3,0.9666666666666667,PFOA,0.097046926279323,0.998843368542314,False,up
WBGene00015293,3,1.0,PFOA,0.0968975917480342,0.998843368542314,False,up
WBGene00013359,3,1.0,PFOA,0.096879918273798,0.998843368542314,False,up
WBGene00009640,3,1.0,PFOA,0.0964569866217122,0.998843368542314,False,up
WBGene00019304,3,0.9333333333333333,PFOA,0.0962772984608306,0.998843368542314,False,up
WBGene00255605,3,1.0,PFOA,0.0960574013452342,0.998843368542314,False,up
WBGene00021842,3,1.0,PFOA,0.0956215182726555,0.998843368542314,False,up
WBGene00045387,3,0.9666666666666667,PFOA,0.0956095558708217,0.998843368542314,False,up
WBGene00001368,3,1.0,PFOA,0.0955108008048225,0.998843368542314,False,up
WBGene00010019,3,0.8333333333333334,PFOA,0.0952613342332881,0.998843368542314,False,up
WBGene00015996,3,0.5,PFOA,0.0951374514501961,0.998843368542314,False,up
WBGene00012014,3,1.0,PFOA,0.0950186659757508,0.998843368542314,False,up
WBGene00195073,3,0.9,PFOA,0.0946415301803816,0.998843368542314,False,up
WBGene00022727,3,0.7333333333333333,PFOA,0.0946252666154526,0.998843368542314,False,up
WBGene00014669,3,0.9666666666666667,PFOA,0.094101967040133,0.998843368542314,False,up
WBGene00007316,3,0.9666666666666667,PFOA,0.0937471763281454,0.998843368542314,False,up
WBGene00021732,3,1.0,PFOA,0.0937367346757622,0.998843368542314,False,up
WBGene00001835,3,0.6,PFOA,0.0936265213873769,0.998843368542314,False,up
WBGene00015619,3,0.9,PFOA,0.0934955374661237,0.998843368542314,False,up
WBGene00015980,3,0.9666666666666667,PFOA,0.093176818812175,0.998843368542314,False,up
WBGene00007837,3,1.0,PFOA,0.0928273946539513,0.998843368542314,False,up
WBGene00000512,3,1.0,PFOA,0.0927544545681081,0.998843368542314,False,up
WBGene00006486,3,0.7666666666666667,PFOA,0.0927082804450288,0.998843368542314,False,up
WBGene00022696,3,1.0,PFOA,0.0926676530566502,0.998843368542314,False,up
WBGene00195185,3,0.6,PFOA,0.0923389652855989,0.998843368542314,False,up
WBGene00010850,3,1.0,PFOA,0.0922801358616472,0.998843368542314,False,up
WBGene00002072,3,1.0,PFOA,0.0921274836782405,0.998843368542314,False,up
WBGene00006655,3,1.0,PFOA,0.091990873765107,0.998843368542314,False,up
WBGene00017310,3,1.0,PFOA,0.0919579505128257,0.998843368542314,False,up
WBGene00019182,3,1.0,PFOA,0.0919122092131456,0.998843368542314,False,up
WBGene00014076,3,1.0,PFOA,0.0918601063460426,0.998843368542314,False,up
WBGene00008748,3,0.9,PFOA,0.0917687188456056,0.998843368542314,False,up
WBGene00000085,3,0.9666666666666667,PFOA,0.0915726055230041,0.998843368542314,False,up
WBGene00000584,3,0.9,PFOA,0.0914476395754055,0.998843368542314,False,up
WBGene00003849,3,1.0,PFOA,0.0913395255260569,0.998843368542314,False,up
WBGene00013295,3,1.0,PFOA,0.0913193805157375,0.998843368542314,False,up
WBGene00000662,3,1.0,PFOA,0.0912994356895828,0.998843368542314,False,up
WBGene00019605,3,0.9666666666666667,PFOA,0.0910663368387665,0.998843368542314,False,up
WBGene00017054,3,0.9,PFOA,0.0907576232491785,0.998843368542314,False,up
WBGene00015279,3,1.0,PFOA,0.0907132554606383,0.998843368542314,False,up
WBGene00015301,3,1.0,PFOA,0.0905696586410188,0.998843368542314,False,up
WBGene00008348,3,1.0,PFOA,0.0904207019915662,0.998843368542314,False,up
WBGene00019967,3,1.0,PFOA,0.0901375843135268,0.998843368542314,False,up
WBGene00003732,3,1.0,PFOA,0.0896674793802658,0.998843368542314,False,up
WBGene00018492,3,1.0,PFOA,0.0896400706344129,0.998843368542314,False,up
WBGene00022736,3,1.0,PFOA,0.0894548223186545,0.998843368542314,False,up
WBGene00006742,3,0.9,PFOA,0.0894494566368634,0.998843368542314,False,up
WBGene00022047,3,1.0,PFOA,0.0891113918750926,0.998843368542314,False,up
WBGene00017144,3,1.0,PFOA,0.0891055472661291,0.998843368542314,False,up
WBGene00000425,3,1.0,PFOA,0.0891042620628891,0.998843368542314,False,up
WBGene00044760,3,0.7,PFOA,0.0890923468994104,0.998843368542314,False,up
WBGene00012268,3,1.0,PFOA,0.0890865821645987,0.998843368542314,False,up
WBGene00003827,3,0.9666666666666667,PFOA,0.0889196696875765,0.998843368542314,False,up
WBGene00007680,3,0.9,PFOA,0.0888875983928142,0.998843368542314,False,up
WBGene00022331,3,1.0,PFOA,0.0883217335087948,0.998843368542314,False,up
WBGene00011244,3,0.9,PFOA,0.0880251678454903,0.998843368542314,False,up
WBGene00020767,3,0.9,PFOA,0.0880072390147719,0.998843368542314,False,up
WBGene00008314,3,1.0,PFOA,0.0879376875823376,0.998843368542314,False,up
WBGene00016628,3,0.9,PFOA,0.0877231801149985,0.998843368542314,False,up
WBGene00018024,3,1.0,PFOA,0.0877172342719375,0.998843368542314,False,up
WBGene00016260,3,1.0,PFOA,0.0874146837369019,0.998843368542314,False,up
WBGene00004356,3,1.0,PFOA,0.0873409437204178,0.998843368542314,False,up
WBGene00016120,3,1.0,PFOA,0.0870853876335686,0.998843368542314,False,up
WBGene00001795,3,0.5666666666666667,PFOA,0.0870785441752913,0.998843368542314,False,up
WBGene00019829,3,0.9333333333333333,PFOA,0.0869615448199417,0.998843368542314,False,up
WBGene00010724,3,1.0,PFOA,0.0867256525631468,0.998843368542314,False,up
WBGene00086557,3,1.0,PFOA,0.0865694275048919,0.998843368542314,False,up
WBGene00015386,3,0.9666666666666667,PFOA,0.0864987993986006,0.998843368542314,False,up
WBGene00020678,3,1.0,PFOA,0.0862658263500693,0.998843368542314,False,up
WBGene00001410,3,1.0,PFOA,0.0861822422236695,0.998843368542314,False,up
WBGene00008443,3,1.0,PFOA,0.0856875048074281,0.998843368542314,False,up
WBGene00001821,3,0.7,PFOA,0.0855833881105474,0.998843368542314,False,up
WBGene00006404,3,0.8666666666666667,PFOA,0.085543690755395,0.998843368542314,False,up
WBGene00021264,3,0.9,PFOA,0.0855113753738357,0.998843368542314,False,up
WBGene00010520,3,0.5666666666666667,PFOA,0.0854950167724657,0.998843368542314,False,up
WBGene00009234,3,0.7333333333333333,PFOA,0.0854332397421255,0.998843368542314,False,up
WBGene00004064,3,0.5666666666666667,PFOA,0.085238312774681,0.998843368542314,False,up
WBGene00303011,3,1.0,PFOA,0.0852094207167954,0.998843368542314,False,up
WBGene00018954,3,0.9666666666666667,PFOA,0.0852018785826944,0.998843368542314,False,up
WBGene00013718,3,1.0,PFOA,0.0851895558736783,0.998843368542314,False,up
WBGene00009120,3,0.9666666666666667,PFOA,0.0851304229249963,0.998843368542314,False,up
WBGene00006657,3,1.0,PFOA,0.0849706166950648,0.998843368542314,False,up
WBGene00001518,3,1.0,PFOA,0.0847941760838124,0.998843368542314,False,up
WBGene00018356,3,0.7,PFOA,0.0845608641553703,0.998843368542314,False,up
WBGene00011167,3,0.9666666666666667,PFOA,0.084173541363052,0.998843368542314,False,up
WBGene00013164,3,1.0,PFOA,0.0841117756724316,0.998843368542314,False,up
WBGene00003755,3,1.0,PFOA,0.0839153555051197,0.998843368542314,False,up
WBGene00018405,3,1.0,PFOA,0.0838510334510263,0.998843368542314,False,up
WBGene00000491,3,1.0,PFOA,0.0835933772006136,0.998843368542314,False,up
WBGene00006623,3,1.0,PFOA,0.0834550608698818,0.998843368542314,False,up
WBGene00000282,3,1.0,PFOA,0.0834385773743085,0.998843368542314,False,up
WBGene00012137,3,1.0,PFOA,0.0832810061448442,0.998843368542314,False,up
WBGene00019477,3,0.9333333333333333,PFOA,0.0826046144213148,0.998843368542314,False,up
WBGene00044696,3,0.8666666666666667,PFOA,0.0825396329634898,0.998843368542314,False,up
WBGene00008265,3,0.6,PFOA,0.0823340221690904,0.998843368542314,False,up
WBGene00002295,3,0.9,PFOA,0.082244554172742,0.998843368542314,False,up
WBGene00006916,3,0.9,PFOA,0.0822065108579447,0.998843368542314,False,up
WBGene00018791,3,0.9333333333333333,PFOA,0.0821953937750947,0.998843368542314,False,up
WBGene00011838,3,1.0,PFOA,0.0821546737501592,0.998843368542314,False,up
WBGene00003980,3,1.0,PFOA,0.0819407677911014,0.998843368542314,False,up
WBGene00011629,3,0.9666666666666667,PFOA,0.0818820123823063,0.998843368542314,False,up
WBGene00016006,3,1.0,PFOA,0.0818267216856181,0.998843368542314,False,up
WBGene00016326,3,1.0,PFOA,0.08165955873324,0.998843368542314,False,up
WBGene00004375,3,1.0,PFOA,0.0816377953882188,0.998843368542314,False,up
WBGene00002210,3,0.9666666666666667,PFOA,0.0815498179949583,0.998843368542314,False,up
WBGene00013923,3,1.0,PFOA,0.0815152862760868,0.998843368542314,False,up
WBGene00022410,3,1.0,PFOA,0.0813609955563455,0.998843368542314,False,up
WBGene00012626,3,1.0,PFOA,0.0810450923623498,0.998843368542314,False,up
WBGene00000276,3,1.0,PFOA,0.0807870130867842,0.998843368542314,False,up
WBGene00021516,3,1.0,PFOA,0.0807150404331158,0.998843368542314,False,up
WBGene00021161,3,1.0,PFOA,0.0802561429857661,0.998843368542314,False,up
WBGene00003030,3,1.0,PFOA,0.0802097536479347,0.998843368542314,False,up
WBGene00011465,3,1.0,PFOA,0.0801357743258779,0.998843368542314,False,up
WBGene00010897,3,1.0,PFOA,0.0801011075572774,0.998843368542314,False,up
WBGene00000096,3,1.0,PFOA,0.0801001417283305,0.998843368542314,False,up
WBGene00002040,3,1.0,PFOA,0.0798014065727932,0.998843368542314,False,up
WBGene00003850,3,0.6333333333333333,PFOA,0.0797473093161458,0.998843368542314,False,up
WBGene00011799,3,0.9666666666666667,PFOA,0.0796557350820323,0.998843368542314,False,up
WBGene00000448,3,1.0,PFOA,0.0795135343304292,0.998843368542314,False,up
WBGene00011738,3,0.9666666666666667,PFOA,0.0791012145907182,0.998843368542314,False,up
WBGene00017885,3,1.0,PFOA,0.0790287012845488,0.998843368542314,False,up
WBGene00008742,3,1.0,PFOA,0.0789158358180243,0.998843368542314,False,up
WBGene00020695,3,1.0,PFOA,0.0788809241935534,0.998843368542314,False,up
WBGene00021163,3,1.0,PFOA,0.0787473591718191,0.998843368542314,False,up
WBGene00012632,3,1.0,PFOA,0.078414946888374,0.998843368542314,False,up
WBGene00017828,3,0.9,PFOA,0.0781557630611861,0.998843368542314,False,up
WBGene00017418,3,0.9333333333333333,PFOA,0.0780348310716049,0.998843368542314,False,up
WBGene00021316,3,0.9666666666666667,PFOA,0.077777434385844,0.998843368542314,False,up
WBGene00020575,3,1.0,PFOA,0.0777572580147249,0.998843368542314,False,up
WBGene00269432,3,1.0,PFOA,0.0777095123799963,0.998843368542314,False,up
WBGene00021980,3,1.0,PFOA,0.0776927343561059,0.998843368542314,False,up
WBGene00012103,3,0.9,PFOA,0.0776495690926125,0.998843368542314,False,up
WBGene00004344,3,0.9666666666666667,PFOA,0.077570280459371,0.998843368542314,False,up
WBGene00008455,3,0.9666666666666667,PFOA,0.0774817589780935,0.998843368542314,False,up
WBGene00019018,3,0.7,PFOA,0.077460501161347,0.998843368542314,False,up
WBGene00008656,3,0.9666666666666667,PFOA,0.0768885124853237,0.998843368542314,False,up
WBGene00044677,3,1.0,PFOA,0.0768379399216218,0.998843368542314,False,up
WBGene00007725,3,1.0,PFOA,0.0767997630351743,0.998843368542314,False,up
WBGene00022010,3,1.0,PFOA,0.0766551211500507,0.998843368542314,False,up
WBGene00008626,3,0.9,PFOA,0.0766010347070717,0.998843368542314,False,up
WBGene00010770,3,1.0,PFOA,0.0764155571775208,0.998843368542314,False,up
WBGene00020302,3,0.9333333333333333,PFOA,0.0763795676324603,0.998843368542314,False,up
WBGene00006870,3,0.6333333333333333,PFOA,0.0761890469665241,0.998843368542314,False,up
WBGene00013481,3,0.9666666666666667,PFOA,0.076114235885024,0.998843368542314,False,up
WBGene00009549,3,1.0,PFOA,0.0760439904488713,0.998843368542314,False,up
WBGene00000109,3,1.0,PFOA,0.0759980568281341,0.998843368542314,False,up
WBGene00015148,3,0.9666666666666667,PFOA,0.0758999105682037,0.998843368542314,False,up
WBGene00022745,3,1.0,PFOA,0.0758822803767135,0.998843368542314,False,up
WBGene00044643,3,0.9666666666666667,PFOA,0.0755528093211402,0.998843368542314,False,up
WBGene00021352,3,1.0,PFOA,0.0754229438687164,0.998843368542314,False,up
WBGene00023404,3,1.0,PFOA,0.075248818488235,0.998843368542314,False,up
WBGene00006827,3,0.6333333333333333,PFOA,0.0752371246476508,0.998843368542314,False,up
WBGene00016315,3,1.0,PFOA,0.0751707067257913,0.998843368542314,False,up
WBGene00022588,3,0.9,PFOA,0.075030214041136,0.998843368542314,False,up
WBGene00004258,3,1.0,PFOA,0.0748416713403806,0.998843368542314,False,up
WBGene00006874,3,0.6333333333333333,PFOA,0.0748233143493026,0.998843368542314,False,up
WBGene00018316,3,0.9,PFOA,0.0747108169046136,0.998843368542314,False,up
WBGene00003089,3,1.0,PFOA,0.0745752839366443,0.998843368542314,False,up
WBGene00011428,3,1.0,PFOA,0.0745384061100195,0.998843368542314,False,up
WBGene00017513,3,1.0,PFOA,0.0743629533689056,0.998843368542314,False,up
WBGene00011677,3,0.9666666666666667,PFOA,0.0743343456789241,0.998843368542314,False,up
WBGene00000529,3,1.0,PFOA,0.074311173110198,0.998843368542314,False,up
WBGene00044029,3,1.0,PFOA,0.0740196256712252,0.998843368542314,False,up
WBGene00004235,3,0.9666666666666667,PFOA,0.0740065048419962,0.998843368542314,False,up
WBGene00017826,3,0.9,PFOA,0.073850686537161,0.998843368542314,False,up
WBGene00017747,3,0.9666666666666667,PFOA,0.0737146953527945,0.998843368542314,False,up
WBGene00006412,3,0.7333333333333333,PFOA,0.0735157600200605,0.998843368542314,False,up
WBGene00044150,3,1.0,PFOA,0.0732921681138766,0.998843368542314,False,up
WBGene00018456,3,1.0,PFOA,0.0732159736890775,0.998843368542314,False,up
WBGene00020563,3,0.5,PFOA,0.0731522350125685,0.998843368542314,False,up
WBGene00001665,3,1.0,PFOA,0.0728115028786349,0.998843368542314,False,up
WBGene00011500,3,1.0,PFOA,0.0727903032246891,0.998843368542314,False,up
WBGene00022648,3,0.6333333333333333,PFOA,0.072515790821184,0.998843368542314,False,up
WBGene00021094,3,0.9,PFOA,0.0722123536885948,0.998843368542314,False,up
WBGene00004148,3,0.9333333333333333,PFOA,0.0718048232249178,0.998843368542314,False,up
WBGene00018847,3,1.0,PFOA,0.0717549028685626,0.998843368542314,False,up
WBGene00010813,3,1.0,PFOA,0.0717102231996588,0.998843368542314,False,up
WBGene00008711,3,1.0,PFOA,0.0714841381100501,0.998843368542314,False,up
WBGene00000484,3,1.0,PFOA,0.0714035251305082,0.998843368542314,False,up
WBGene00000262,3,0.7333333333333333,PFOA,0.0712904284779466,0.998843368542314,False,up
WBGene00004321,3,0.7,PFOA,0.0712640949046892,0.998843368542314,False,up
WBGene00021535,3,1.0,PFOA,0.0710835933711997,0.998843368542314,False,up
WBGene00007336,3,0.9666666666666667,PFOA,0.0710652087584268,0.998843368542314,False,up
WBGene00009920,3,0.9666666666666667,PFOA,0.0710095098977412,0.998843368542314,False,up
WBGene00012348,3,0.7,PFOA,0.0705744771128685,0.998843368542314,False,up
WBGene00000035,3,0.9,PFOA,0.070308689488382,0.998843368542314,False,up
WBGene00005147,3,1.0,PFOA,0.0702533415655917,0.998843368542314,False,up
WBGene00004922,3,0.9333333333333333,PFOA,0.070211124894991,0.998843368542314,False,up
WBGene00001562,3,1.0,PFOA,0.0701956847892428,0.998843368542314,False,up
WBGene00006779,3,1.0,PFOA,0.0700423088937914,0.998843368542314,False,up
WBGene00013949,3,0.9666666666666667,PFOA,0.0699262473980618,0.998843368542314,False,up
WBGene00021666,3,0.9666666666666667,PFOA,0.0698689276139317,0.998843368542314,False,up
WBGene00007076,3,0.9,PFOA,0.0697068686559911,0.998843368542314,False,up
WBGene00001167,3,1.0,PFOA,0.069642192899166,0.998843368542314,False,up
WBGene00019479,3,0.9666666666666667,PFOA,0.0690536193570238,0.998843368542314,False,up
WBGene00012084,3,1.0,PFOA,0.0689411753893091,0.998843368542314,False,up
WBGene00017618,3,0.7,PFOA,0.0688073796054151,0.998843368542314,False,up
WBGene00019511,3,0.9333333333333333,PFOA,0.0688046800434135,0.998843368542314,False,up
WBGene00022550,3,0.9,PFOA,0.0687911082384563,0.998843368542314,False,up
WBGene00010454,3,0.9666666666666667,PFOA,0.0686588377585038,0.998843368542314,False,up
WBGene00006543,3,0.9333333333333333,PFOA,0.0684782584321541,0.998843368542314,False,up
WBGene00015605,3,0.6,PFOA,0.0681003497132155,0.998843368542314,False,up
WBGene00009388,3,1.0,PFOA,0.0680402878743103,0.998843368542314,False,up
WBGene00004803,3,0.9,PFOA,0.0679989095707967,0.998843368542314,False,up
WBGene00008275,3,1.0,PFOA,0.0679761157790671,0.998843368542314,False,up
WBGene00004076,3,1.0,PFOA,0.0679469974993124,0.998843368542314,False,up
WBGene00001250,3,0.5333333333333333,PFOA,0.0678833064619302,0.998843368542314,False,up
WBGene00004728,3,1.0,PFOA,0.0676680648533994,0.998843368542314,False,up
WBGene00022337,3,1.0,PFOA,0.0676411779866126,0.998843368542314,False,up
WBGene00003043,3,1.0,PFOA,0.0675968739193075,0.998843368542314,False,up
WBGene00022366,3,1.0,PFOA,0.0675287586990209,0.998843368542314,False,up
WBGene00020086,3,0.9,PFOA,0.067388353381742,0.998843368542314,False,up
WBGene00011756,3,1.0,PFOA,0.0670691195946463,0.998843368542314,False,up
WBGene00004313,3,0.7666666666666667,PFOA,0.0670470899597099,0.998843368542314,False,up
WBGene00009172,3,0.9,PFOA,0.0670206048515037,0.998843368542314,False,up
WBGene00011217,3,0.9,PFOA,0.0667124674745703,0.998843368542314,False,up
WBGene00007288,3,0.8666666666666667,PFOA,0.0666596129969299,0.998843368542314,False,up
WBGene00002268,3,0.7666666666666667,PFOA,0.0664367164432556,0.998843368542314,False,up
WBGene00006527,3,1.0,PFOA,0.0661772176017586,0.998843368542314,False,up
WBGene00043992,3,1.0,PFOA,0.0661596504424414,0.998843368542314,False,up
WBGene00018074,3,1.0,PFOA,0.0660517271682762,0.998843368542314,False,up
WBGene00006932,3,0.9666666666666667,PFOA,0.0660464015363921,0.998843368542314,False,up
WBGene00017247,3,0.9,PFOA,0.0660222132052674,0.998843368542314,False,up
WBGene00009176,3,1.0,PFOA,0.0659790038671537,0.998843368542314,False,up
WBGene00006497,3,1.0,PFOA,0.0659695059958885,0.998843368542314,False,up
WBGene00004359,3,1.0,PFOA,0.0659694043163405,0.998843368542314,False,up
WBGene00015043,3,0.9333333333333333,PFOA,0.0651696627739042,0.998843368542314,False,up
WBGene00015531,3,1.0,PFOA,0.0651081098270562,0.998843368542314,False,up
WBGene00015307,3,1.0,PFOA,0.0651072818603033,0.998843368542314,False,up
WBGene00009877,3,0.9,PFOA,0.065072666311589,0.998843368542314,False,up
WBGene00014051,3,1.0,PFOA,0.0649866616102246,0.998843368542314,False,up
WBGene00013081,3,1.0,PFOA,0.0645270704100335,0.998843368542314,False,up
WBGene00000089,3,0.9666666666666667,PFOA,0.0642291420784164,0.998843368542314,False,up
WBGene00023520,3,0.9666666666666667,PFOA,0.0640883940967345,0.998843368542314,False,up
WBGene00007707,3,1.0,PFOA,0.0635600155979401,0.998843368542314,False,up
WBGene00009097,3,1.0,PFOA,0.0634590575630452,0.998843368542314,False,up
WBGene00018435,3,0.9333333333333333,PFOA,0.0634169781009013,0.998843368542314,False,up
WBGene00006809,3,1.0,PFOA,0.0632798254288037,0.998843368542314,False,up
WBGene00002052,3,0.9,PFOA,0.0632533769786474,0.998843368542314,False,up
WBGene00043988,3,0.9333333333333333,PFOA,0.0632509974453245,0.998843368542314,False,up
WBGene00012097,3,0.8333333333333334,PFOA,0.0632210235389064,0.998843368542314,False,up
WBGene00001592,3,1.0,PFOA,0.0631559125399965,0.998843368542314,False,up
WBGene00015156,3,0.7,PFOA,0.0629722150212477,0.998843368542314,False,up
WBGene00003597,3,0.9,PFOA,0.0628817397854783,0.998843368542314,False,up
WBGene00044206,3,1.0,PFOA,0.062851045170424,0.998843368542314,False,up
WBGene00003232,3,1.0,PFOA,0.0628468569426362,0.998843368542314,False,up
WBGene00004347,3,0.9333333333333333,PFOA,0.062598840581493,0.998843368542314,False,up
WBGene00000457,3,1.0,PFOA,0.0625049419483865,0.998843368542314,False,up
WBGene00003613,3,0.9666666666666667,PFOA,0.0623702457303864,0.998843368542314,False,up
WBGene00017076,3,1.0,PFOA,0.0619513660385985,0.998843368542314,False,up
WBGene00012535,3,1.0,PFOA,0.0617840037115065,0.998843368542314,False,up
WBGene00050915,3,0.9,PFOA,0.0612369671739789,0.998843368542314,False,up
WBGene00006818,3,1.0,PFOA,0.0609148549160229,0.998843368542314,False,up
WBGene00007812,3,0.9,PFOA,0.0608880978967671,0.998843368542314,False,up
WBGene00017770,3,1.0,PFOA,0.0606679258357662,0.998843368542314,False,up
WBGene00013539,3,1.0,PFOA,0.0605776723044708,0.998843368542314,False,up
WBGene00003677,3,0.9,PFOA,0.0602707254450089,0.998843368542314,False,up
WBGene00001541,3,1.0,PFOA,0.0600892401620612,0.998843368542314,False,up
WBGene00002881,3,1.0,PFOA,0.0595557852844455,0.998843368542314,False,up
WBGene00021395,3,1.0,PFOA,0.0594641615651116,0.998843368542314,False,up
WBGene00004979,3,1.0,PFOA,0.059434668155628,0.998843368542314,False,up
WBGene00001588,3,0.7333333333333333,PFOA,0.0593961668405443,0.998843368542314,False,up
WBGene00003916,3,0.9333333333333333,PFOA,0.0593164878471518,0.998843368542314,False,up
WBGene00012959,3,1.0,PFOA,0.0588226611072449,0.998843368542314,False,up
WBGene00016038,3,1.0,PFOA,0.0587739607783391,0.998843368542314,False,up
WBGene00011960,3,0.7,PFOA,0.0586732356492319,0.998843368542314,False,up
WBGene00004277,3,1.0,PFOA,0.0586221257236554,0.998843368542314,False,up
WBGene00011242,3,0.9666666666666667,PFOA,0.0585812154847742,0.998843368542314,False,up
WBGene00009558,3,1.0,PFOA,0.0584396410021249,0.998843368542314,False,up
WBGene00206521,3,0.9666666666666667,PFOA,0.0584153947528747,0.998843368542314,False,up
WBGene00000533,3,1.0,PFOA,0.0583276577664455,0.998843368542314,False,up
WBGene00015963,3,0.9666666666666667,PFOA,0.0582054203216491,0.998843368542314,False,up
WBGene00020450,3,1.0,PFOA,0.0581305619739677,0.998843368542314,False,up
WBGene00000437,3,1.0,PFOA,0.0578438392380121,0.998843368542314,False,up
WBGene00004735,3,0.6333333333333333,PFOA,0.0578128240599603,0.998843368542314,False,up
WBGene00019713,3,1.0,PFOA,0.0577153093501424,0.998843368542314,False,up
WBGene00010827,3,0.9666666666666667,PFOA,0.057661195782293,0.998843368542314,False,up
WBGene00000938,3,1.0,PFOA,0.0575393161414394,0.998843368542314,False,up
WBGene00010805,3,1.0,PFOA,0.0575253406810784,0.998843368542314,False,up
WBGene00004147,3,0.9,PFOA,0.0574481557828776,0.998843368542314,False,up
WBGene00009831,3,1.0,PFOA,0.0572842215617163,0.998843368542314,False,up
WBGene00012818,3,1.0,PFOA,0.0572722877710556,0.998843368542314,False,up
WBGene00023485,3,1.0,PFOA,0.0568450600023196,0.998843368542314,False,up
WBGene00021075,3,0.5333333333333333,PFOA,0.056827459723009,0.998843368542314,False,up
WBGene00006444,3,1.0,PFOA,0.056664792695165,0.998843368542314,False,up
WBGene00022584,3,1.0,PFOA,0.0566323681921263,0.998843368542314,False,up
WBGene00020015,3,0.6333333333333333,PFOA,0.0564123347260943,0.998843368542314,False,up
WBGene00015423,3,0.9666666666666667,PFOA,0.0562423641327033,0.998843368542314,False,up
WBGene00000459,3,1.0,PFOA,0.0562146234037451,0.998843368542314,False,up
WBGene00013353,3,1.0,PFOA,0.0560636459671324,0.998843368542314,False,up
WBGene00007321,3,0.9333333333333333,PFOA,0.0560163250007351,0.998843368542314,False,up
WBGene00021296,3,1.0,PFOA,0.0557764125744161,0.998843368542314,False,up
WBGene00018376,3,0.9666666666666667,PFOA,0.0557741069319978,0.998843368542314,False,up
WBGene00014262,3,1.0,PFOA,0.0557126708903022,0.998843368542314,False,up
WBGene00006752,3,1.0,PFOA,0.0556502484257583,0.998843368542314,False,up
WBGene00010335,3,1.0,PFOA,0.0554743148815685,0.998843368542314,False,up
WBGene00008510,3,1.0,PFOA,0.0553724664108333,0.998843368542314,False,up
WBGene00020690,3,1.0,PFOA,0.0553065630335796,0.998843368542314,False,up
WBGene00010971,3,1.0,PFOA,0.0552579201685688,0.998843368542314,False,up
WBGene00003378,3,0.9666666666666667,PFOA,0.0552433761563016,0.998843368542314,False,up
WBGene00022673,3,1.0,PFOA,0.0552237048023007,0.998843368542314,False,up
WBGene00016849,3,0.9,PFOA,0.0551624908116845,0.998843368542314,False,up
WBGene00019115,3,0.9,PFOA,0.0551379163273791,0.998843368542314,False,up
WBGene00015468,3,0.9666666666666667,PFOA,0.055101321473938,0.998843368542314,False,up
WBGene00006639,3,1.0,PFOA,0.0550513577657068,0.998843368542314,False,up
WBGene00013902,3,0.9,PFOA,0.0546638055020328,0.998843368542314,False,up
WBGene00022712,3,1.0,PFOA,0.0545510685776892,0.998843368542314,False,up
WBGene00014098,3,1.0,PFOA,0.054530582779739,0.998843368542314,False,up
WBGene00002207,3,0.9,PFOA,0.054503720627831,0.998843368542314,False,up
WBGene00010552,3,1.0,PFOA,0.054279674276239,0.998843368542314,False,up
WBGene00001437,3,0.7333333333333333,PFOA,0.0542096202943474,0.998843368542314,False,up
WBGene00016318,3,1.0,PFOA,0.0541471343762135,0.998843368542314,False,up
WBGene00022412,3,1.0,PFOA,0.054010065348237,0.998843368542314,False,up
WBGene00013104,3,1.0,PFOA,0.0539781483589133,0.998843368542314,False,up
WBGene00021863,3,1.0,PFOA,0.0538710556816423,0.998843368542314,False,up
WBGene00014152,3,1.0,PFOA,0.0537296973372571,0.998843368542314,False,up
WBGene00194934,3,1.0,PFOA,0.053346891681975,0.998843368542314,False,up
WBGene00016019,3,1.0,PFOA,0.0531316497835136,0.998843368542314,False,up
WBGene00019376,3,1.0,PFOA,0.0527185276670149,0.998843368542314,False,up
WBGene00009717,3,1.0,PFOA,0.0527076663260782,0.998843368542314,False,up
WBGene00006831,3,0.9666666666666667,PFOA,0.0527035683006174,0.998843368542314,False,up
WBGene00006499,3,1.0,PFOA,0.052613191132179,0.998843368542314,False,up
WBGene00000776,3,0.5666666666666667,PFOA,0.0525759520943689,0.998843368542314,False,up
WBGene00015285,3,1.0,PFOA,0.0524357849393944,0.998843368542314,False,up
WBGene00020095,3,1.0,PFOA,0.0523843652888324,0.998843368542314,False,up
WBGene00022720,3,1.0,PFOA,0.052211226637762,0.998843368542314,False,up
WBGene00001052,3,0.9,PFOA,0.0520853801281933,0.998843368542314,False,up
WBGene00004266,3,1.0,PFOA,0.0519638834378013,0.998843368542314,False,up
WBGene00001396,3,0.9,PFOA,0.0517687914197466,0.998843368542314,False,up
WBGene00009500,3,0.6333333333333333,PFOA,0.0516484745116621,0.998843368542314,False,up
WBGene00013555,3,1.0,PFOA,0.0515697115112003,0.998843368542314,False,up
WBGene00008270,3,1.0,PFOA,0.0515150042347392,0.998843368542314,False,up
WBGene00010889,3,0.7,PFOA,0.0512251836437322,0.998843368542314,False,up
WBGene00013709,3,0.9,PFOA,0.0509393705454603,0.998843368542314,False,up
WBGene00004773,3,0.7,PFOA,0.0508119608884788,0.998843368542314,False,up
WBGene00007577,3,0.5333333333333333,PFOA,0.0507454320378743,0.998843368542314,False,up
WBGene00021926,3,1.0,PFOA,0.0506198443502904,0.998843368542314,False,up
WBGene00016158,3,1.0,PFOA,0.0503848660530217,0.998843368542314,False,up
WBGene00020393,3,1.0,PFOA,0.0502644061415845,0.998843368542314,False,up
WBGene00010507,3,0.9666666666666667,PFOA,0.0502608517339059,0.998843368542314,False,up
WBGene00015914,3,1.0,PFOA,0.0501829793546321,0.998843368542314,False,up
WBGene00003878,3,1.0,PFOA,0.0499994417120242,0.998843368542314,False,up
WBGene00009676,3,1.0,PFOA,0.0499762943766733,0.998843368542314,False,up
WBGene00017576,3,1.0,PFOA,0.0498725486782955,0.998843368542314,False,up
WBGene00003034,3,1.0,PFOA,0.0497156359420466,0.998843368542314,False,up
WBGene00001709,3,1.0,PFOA,0.0494925176229385,0.998843368542314,False,up
WBGene00015478,3,1.0,PFOA,0.0492510562796625,0.998843368542314,False,up
WBGene00008490,3,1.0,PFOA,0.0491295077177227,0.998843368542314,False,up
WBGene00019888,3,0.9,PFOA,0.0490644132613803,0.998843368542314,False,up
WBGene00019108,3,1.0,PFOA,0.0489104596340506,0.998843368542314,False,up
WBGene00001565,3,1.0,PFOA,0.0488624477788239,0.998843368542314,False,up
WBGene00045510,3,1.0,PFOA,0.0488324974379144,0.998843368542314,False,up
WBGene00001615,3,0.7,PFOA,0.0487089132544844,0.998843368542314,False,up
WBGene00009162,3,0.9333333333333333,PFOA,0.0486624257453644,0.998843368542314,False,up
WBGene00000453,3,0.7333333333333333,PFOA,0.0486287335634894,0.998843368542314,False,up
WBGene00001324,3,1.0,PFOA,0.0485776114375323,0.998843368542314,False,up
WBGene00012131,3,0.9333333333333333,PFOA,0.0484853220038523,0.998843368542314,False,up
WBGene00007620,3,0.9666666666666667,PFOA,0.0484729557523794,0.998843368542314,False,up
WBGene00007711,3,1.0,PFOA,0.0483824907728669,0.998843368542314,False,up
WBGene00007452,3,1.0,PFOA,0.0478543568024964,0.998843368542314,False,up
WBGene00011452,3,0.9333333333333333,PFOA,0.04741794438338,0.998843368542314,False,up
WBGene00001811,3,1.0,PFOA,0.0472800483052944,0.998843368542314,False,up
WBGene00044313,3,1.0,PFOA,0.0471714320630992,0.998843368542314,False,up
WBGene00000180,3,0.5333333333333333,PFOA,0.0470189470521447,0.998843368542314,False,up
WBGene00015161,3,1.0,PFOA,0.0468814908613289,0.998843368542314,False,up
WBGene00020725,3,1.0,PFOA,0.0468581165537229,0.998843368542314,False,up
WBGene00002187,3,1.0,PFOA,0.0465937792788639,0.998843368542314,False,up
WBGene00015381,3,1.0,PFOA,0.0465539900207367,0.998843368542314,False,up
WBGene00022474,3,0.9666666666666667,PFOA,0.0465463358244543,0.998843368542314,False,up
WBGene00011456,3,1.0,PFOA,0.0464409442980794,0.998843368542314,False,up
WBGene00019779,3,0.6333333333333333,PFOA,0.0464379868090279,0.998843368542314,False,up
WBGene00022592,3,1.0,PFOA,0.0464081186226307,0.998843368542314,False,up
WBGene00018523,3,1.0,PFOA,0.0463946233072822,0.998843368542314,False,up
WBGene00006914,3,1.0,PFOA,0.046316140359581,0.998843368542314,False,up
WBGene00010367,3,0.9,PFOA,0.0461995935345364,0.998843368542314,False,up
WBGene00009435,3,0.6333333333333333,PFOA,0.0457617374832857,0.998843368542314,False,up
WBGene00001930,3,0.7666666666666667,PFOA,0.0456884728489597,0.998843368542314,False,up
WBGene00011381,3,0.9666666666666667,PFOA,0.0456290074842279,0.998843368542314,False,up
WBGene00005833,3,1.0,PFOA,0.0454952431177036,0.998843368542314,False,up
WBGene00006819,3,1.0,PFOA,0.0454664756264132,0.998843368542314,False,up
WBGene00016566,3,1.0,PFOA,0.0453571747158995,0.998843368542314,False,up
WBGene00017615,3,0.9666666666666667,PFOA,0.0452779745001691,0.998843368542314,False,up
WBGene00001374,3,0.9666666666666667,PFOA,0.0452738354224388,0.998843368542314,False,up
WBGene00013518,3,1.0,PFOA,0.0452396469186779,0.998843368542314,False,up
WBGene00001841,3,1.0,PFOA,0.045185197522694,0.998843368542314,False,up
WBGene00006575,3,0.9,PFOA,0.0450391464679367,0.998843368542314,False,up
WBGene00003564,3,1.0,PFOA,0.0449051416983393,0.998843368542314,False,up
WBGene00019394,3,1.0,PFOA,0.0445766343085095,0.998843368542314,False,up
WBGene00003596,3,1.0,PFOA,0.0445241708856153,0.998843368542314,False,up
WBGene00007670,3,1.0,PFOA,0.0444985288134775,0.998843368542314,False,up
WBGene00006727,3,0.9333333333333333,PFOA,0.0444947373789529,0.998843368542314,False,up
WBGene00015008,3,1.0,PFOA,0.0444813728167403,0.998843368542314,False,up
WBGene00022750,3,0.9666666666666667,PFOA,0.0443061043437356,0.998843368542314,False,up
WBGene00017268,3,0.5666666666666667,PFOA,0.0442425811479707,0.998843368542314,False,up
WBGene00021653,3,0.9666666666666667,PFOA,0.043798342347808,0.998843368542314,False,up
WBGene00010972,3,1.0,PFOA,0.0437570956567597,0.998843368542314,False,up
WBGene00000284,3,0.9,PFOA,0.0431571058751372,0.998843368542314,False,up
WBGene00019749,3,0.9666666666666667,PFOA,0.0429586191447307,0.998843368542314,False,up
WBGene00011274,3,1.0,PFOA,0.0428466842037529,0.998843368542314,False,up
WBGene00021607,3,1.0,PFOA,0.0425922351257003,0.998843368542314,False,up
WBGene00008587,3,1.0,PFOA,0.0425791005774564,0.998843368542314,False,up
WBGene00019821,3,0.9,PFOA,0.0425586537444512,0.998843368542314,False,up
WBGene00007409,3,1.0,PFOA,0.0425519373952647,0.998843368542314,False,up
WBGene00012528,3,0.9666666666666667,PFOA,0.0424867226837547,0.998843368542314,False,up
WBGene00019774,3,1.0,PFOA,0.0417796476161631,0.998843368542314,False,up
WBGene00045248,3,1.0,PFOA,0.0416717775780773,0.998843368542314,False,up
WBGene00014001,3,1.0,PFOA,0.0416082656902824,0.998843368542314,False,up
WBGene00001509,3,1.0,PFOA,0.0415665657910969,0.998843368542314,False,up
WBGene00017908,3,1.0,PFOA,0.0415183471919054,0.998843368542314,False,up
WBGene00001131,3,0.5,PFOA,0.0415153777003503,0.998843368542314,False,up
WBGene00020506,3,1.0,PFOA,0.041364474496781,0.998843368542314,False,up
WBGene00018298,3,1.0,PFOA,0.0413095260948729,0.998843368542314,False,up
WBGene00020504,3,0.9,PFOA,0.0412451800539267,0.998843368542314,False,up
WBGene00010722,3,1.0,PFOA,0.0412376670628754,0.998843368542314,False,up
WBGene00017010,3,0.9,PFOA,0.0411750490410499,0.998843368542314,False,up
WBGene00017578,3,1.0,PFOA,0.041068656586158,0.998843368542314,False,up
WBGene00014232,3,1.0,PFOA,0.0408623640439785,0.998843368542314,False,up
WBGene00194895,3,1.0,PFOA,0.0408087239948873,0.998843368542314,False,up
WBGene00004150,3,1.0,PFOA,0.0405865559262324,0.998843368542314,False,up
WBGene00007779,3,1.0,PFOA,0.0405753670813034,0.998843368542314,False,up
WBGene00022168,3,0.5,PFOA,0.0405619273552278,0.998843368542314,False,up
WBGene00003527,3,1.0,PFOA,0.0405585469772536,0.998843368542314,False,up
WBGene00011720,3,1.0,PFOA,0.0404595163567223,0.998843368542314,False,up
WBGene00003480,3,1.0,PFOA,0.0404276215581567,0.998843368542314,False,up
WBGene00013034,3,0.9666666666666667,PFOA,0.0402801833109965,0.998843368542314,False,up
WBGene00044349,3,1.0,PFOA,0.0401514205886472,0.998843368542314,False,up
WBGene00002239,3,1.0,PFOA,0.0401270739835536,0.998843368542314,False,up
WBGene00019955,3,1.0,PFOA,0.0399333413474008,0.998843368542314,False,up
WBGene00015622,3,1.0,PFOA,0.0396486444208862,0.998843368542314,False,up
WBGene00001008,3,1.0,PFOA,0.039606775233867,0.998843368542314,False,up
WBGene00007753,3,1.0,PFOA,0.0392333745038268,0.998843368542314,False,up
WBGene00004316,3,0.9333333333333333,PFOA,0.03918184214231,0.998843368542314,False,up
WBGene00014118,3,1.0,PFOA,0.0391319625382683,0.998843368542314,False,up
WBGene00044949,3,0.7,PFOA,0.0391287537961959,0.998843368542314,False,up
WBGene00004032,3,0.6333333333333333,PFOA,0.0391258379871034,0.998843368542314,False,up
WBGene00010315,3,1.0,PFOA,0.0390174108240336,0.998843368542314,False,up
WBGene00003401,3,1.0,PFOA,0.0389389197831393,0.998843368542314,False,up
WBGene00003661,3,1.0,PFOA,0.0388953295164387,0.998843368542314,False,up
WBGene00011221,3,1.0,PFOA,0.0387169772849149,0.998843368542314,False,up
WBGene00017367,3,0.7,PFOA,0.0386392322458528,0.998843368542314,False,up
WBGene00019344,3,1.0,PFOA,0.0385857881783511,0.998843368542314,False,up
WBGene00022400,3,1.0,PFOA,0.0383852691749936,0.998843368542314,False,up
WBGene00044654,3,1.0,PFOA,0.0383697982141667,0.998843368542314,False,up
WBGene00001788,3,0.9,PFOA,0.0383287746007244,0.998843368542314,False,up
WBGene00003743,3,0.6666666666666666,PFOA,0.0382764418315176,0.998843368542314,False,up
WBGene00018514,3,1.0,PFOA,0.0382762842648062,0.998843368542314,False,up
WBGene00007009,3,1.0,PFOA,0.0382586484570944,0.998843368542314,False,up
WBGene00022245,3,1.0,PFOA,0.0381808979584094,0.998843368542314,False,up
WBGene00000289,3,1.0,PFOA,0.0380793587604897,0.998843368542314,False,up
WBGene00014047,3,1.0,PFOA,0.0378955121168553,0.998843368542314,False,up
WBGene00019285,3,1.0,PFOA,0.037703399896317,0.998843368542314,False,up
WBGene00009192,3,1.0,PFOA,0.0376391497897657,0.998843368542314,False,up
WBGene00013490,3,0.9666666666666667,PFOA,0.0376343952462659,0.998843368542314,False,up
WBGene00003612,3,1.0,PFOA,0.0374762766203139,0.998843368542314,False,up
WBGene00015357,3,1.0,PFOA,0.0373722429944279,0.998843368542314,False,up
WBGene00003374,3,0.9666666666666667,PFOA,0.037357209801143,0.998843368542314,False,up
WBGene00008191,3,1.0,PFOA,0.0372901173745456,0.998843368542314,False,up
WBGene00018819,3,1.0,PFOA,0.0371893246184576,0.998843368542314,False,up
WBGene00001489,3,0.6333333333333333,PFOA,0.037043290733723,0.998843368542314,False,up
WBGene00044570,3,0.9666666666666667,PFOA,0.0368682715427811,0.998843368542314,False,up
WBGene00011773,3,1.0,PFOA,0.0367800803327823,0.998843368542314,False,up
WBGene00008601,3,1.0,PFOA,0.036718808492817,0.998843368542314,False,up
WBGene00014151,3,0.8333333333333334,PFOA,0.0367023609294509,0.998843368542314,False,up
WBGene00016116,3,0.9,PFOA,0.0366663073747854,0.998843368542314,False,up
WBGene00004373,3,1.0,PFOA,0.0362519486718952,0.998843368542314,False,up
WBGene00003517,3,1.0,PFOA,0.0359035417528446,0.998843368542314,False,up
WBGene00019001,3,0.9666666666666667,PFOA,0.0357585918577859,0.998843368542314,False,up
WBGene00006843,3,0.9666666666666667,PFOA,0.0357270834568968,0.998843368542314,False,up
WBGene00013647,3,1.0,PFOA,0.0355930071299462,0.998843368542314,False,up
WBGene00010329,3,1.0,PFOA,0.0355822906932986,0.998843368542314,False,up
WBGene00003699,3,0.9666666666666667,PFOA,0.035454312589719,0.998843368542314,False,up
WBGene00013994,3,0.9666666666666667,PFOA,0.0354175353977077,0.998843368542314,False,up
WBGene00021820,3,1.0,PFOA,0.0349343061269967,0.998843368542314,False,up
WBGene00000761,3,0.9666666666666667,PFOA,0.0348004559906061,0.998843368542314,False,up
WBGene00004878,3,1.0,PFOA,0.0344362367823441,0.998843368542314,False,up
WBGene00009266,3,0.9666666666666667,PFOA,0.0344080919780949,0.998843368542314,False,up
WBGene00018369,3,1.0,PFOA,0.0342746746703956,0.998843368542314,False,up
WBGene00013091,3,1.0,PFOA,0.0341107634502543,0.998843368542314,False,up
WBGene00007191,3,0.7666666666666667,PFOA,0.0340824225408377,0.998843368542314,False,up
WBGene00016438,3,1.0,PFOA,0.0339135833938104,0.998843368542314,False,up
WBGene00007862,3,0.9666666666666667,PFOA,0.0336796683988275,0.998843368542314,False,up
WBGene00010803,3,0.9,PFOA,0.0333983053050099,0.998843368542314,False,up
WBGene00000975,3,1.0,PFOA,0.0333903654199481,0.998843368542314,False,up
WBGene00019546,3,0.9,PFOA,0.0333601162191225,0.998843368542314,False,up
WBGene00016916,3,1.0,PFOA,0.0333048424704837,0.998843368542314,False,up
WBGene00002255,3,1.0,PFOA,0.0332838979017308,0.998843368542314,False,up
WBGene00016977,3,0.6666666666666666,PFOA,0.0330870778337871,0.998843368542314,False,up
WBGene00013124,3,1.0,PFOA,0.0330755332805022,0.998843368542314,False,up
WBGene00016535,3,1.0,PFOA,0.0330432599041599,0.998843368542314,False,up
WBGene00007984,3,0.9,PFOA,0.0329552621018564,0.998843368542314,False,up
WBGene00019296,3,1.0,PFOA,0.032745309380206,0.998843368542314,False,up
WBGene00015527,3,1.0,PFOA,0.0327251922563345,0.998843368542314,False,up
WBGene00015484,3,1.0,PFOA,0.0326731296849157,0.998843368542314,False,up
WBGene00009619,3,0.9,PFOA,0.0325337633738777,0.998843368542314,False,up
WBGene00004947,3,1.0,PFOA,0.0325137239225968,0.998843368542314,False,up
WBGene00004213,3,0.9666666666666667,PFOA,0.0324479371791832,0.998843368542314,False,up
WBGene00000186,3,0.9333333333333333,PFOA,0.0324423300608283,0.998843368542314,False,up
WBGene00009727,3,1.0,PFOA,0.0323384765030775,0.998843368542314,False,up
WBGene00022519,3,1.0,PFOA,0.0321761537414984,0.998843368542314,False,up
WBGene00003639,3,0.9666666666666667,PFOA,0.0320792862037661,0.998843368542314,False,up
WBGene00009112,3,0.9666666666666667,PFOA,0.031993139404327,0.998843368542314,False,up
WBGene00017980,3,1.0,PFOA,0.0319365721864394,0.998843368542314,False,up
WBGene00016314,3,1.0,PFOA,0.0317894196103629,0.998843368542314,False,up
WBGene00013934,3,1.0,PFOA,0.0315110428180656,0.998843368542314,False,up
WBGene00009023,3,1.0,PFOA,0.0314723021773532,0.998843368542314,False,up
WBGene00001673,3,1.0,PFOA,0.0313531197983743,0.998843368542314,False,up
WBGene00018740,3,0.9,PFOA,0.031342641651785,0.998843368542314,False,up
WBGene00012989,3,1.0,PFOA,0.0313144658436132,0.998843368542314,False,up
WBGene00014109,3,0.8333333333333334,PFOA,0.0312681994667377,0.998843368542314,False,up
WBGene00021328,3,0.9666666666666667,PFOA,0.0311595423222857,0.998843368542314,False,up
WBGene00004265,3,1.0,PFOA,0.0310330094537095,0.998843368542314,False,up
WBGene00018184,3,0.9333333333333333,PFOA,0.0307640216789609,0.998843368542314,False,up
WBGene00008706,3,1.0,PFOA,0.0307091283093062,0.998843368542314,False,up
WBGene00001972,3,1.0,PFOA,0.0305544579089919,0.998843368542314,False,up
WBGene00021394,3,1.0,PFOA,0.0304978435706788,0.998843368542314,False,up
WBGene00010882,3,1.0,PFOA,0.030465471949364,0.998843368542314,False,up
WBGene00000073,3,1.0,PFOA,0.0303908140758189,0.998843368542314,False,up
WBGene00017949,3,1.0,PFOA,0.0303712303360377,0.998843368542314,False,up
WBGene00009639,3,1.0,PFOA,0.0301412069321634,0.998843368542314,False,up
WBGene00018208,3,0.9666666666666667,PFOA,0.0300386379082389,0.998843368542314,False,up
WBGene00006811,3,1.0,PFOA,0.029905602417083,0.998843368542314,False,up
WBGene00077771,3,0.9333333333333333,PFOA,0.0298509755535926,0.998843368542314,False,up
WBGene00010806,3,1.0,PFOA,0.0298136121891764,0.998843368542314,False,up
WBGene00012245,3,1.0,PFOA,0.029674777433144,0.998843368542314,False,up
WBGene00012136,3,0.9666666666666667,PFOA,0.0295141967511447,0.998843368542314,False,up
WBGene00007357,3,1.0,PFOA,0.0294618835636743,0.998843368542314,False,up
WBGene00003547,3,0.7,PFOA,0.0289961454546002,0.998843368542314,False,up
WBGene00010540,3,1.0,PFOA,0.0288618216727239,0.998843368542314,False,up
WBGene00015419,3,0.9333333333333333,PFOA,0.0286205457287716,0.998843368542314,False,up
WBGene00012514,3,1.0,PFOA,0.0284840505129454,0.998843368542314,False,up
WBGene00021337,3,1.0,PFOA,0.0284334496464373,0.998843368542314,False,up
WBGene00206485,3,0.9,PFOA,0.0283078931764395,0.998843368542314,False,up
WBGene00022695,3,0.8333333333333334,PFOA,0.0281910430376549,0.998843368542314,False,up
WBGene00017361,3,0.6333333333333333,PFOA,0.0280913518783897,0.998843368542314,False,up
WBGene00008733,3,0.9666666666666667,PFOA,0.0275802794581994,0.998843368542314,False,up
WBGene00004758,3,1.0,PFOA,0.0274965216557816,0.998843368542314,False,up
WBGene00008857,3,0.9666666666666667,PFOA,0.0273927920433485,0.998843368542314,False,up
WBGene00014258,3,1.0,PFOA,0.0272395968225281,0.998843368542314,False,up
WBGene00019478,3,1.0,PFOA,0.0271449694957823,0.998843368542314,False,up
WBGene00009969,3,1.0,PFOA,0.0271093314853641,0.998843368542314,False,up
WBGene00008051,3,1.0,PFOA,0.0269919976484775,0.998843368542314,False,up
WBGene00044557,3,1.0,PFOA,0.0268925349056745,0.998843368542314,False,up
WBGene00008665,3,0.9666666666666667,PFOA,0.0268516261969958,0.998843368542314,False,up
WBGene00013040,3,1.0,PFOA,0.0268487735415631,0.998843368542314,False,up
WBGene00019069,3,1.0,PFOA,0.0268198332610426,0.998843368542314,False,up
WBGene00006959,3,1.0,PFOA,0.0268098418285763,0.998843368542314,False,up
WBGene00020748,3,0.9,PFOA,0.0267727996485711,0.998843368542314,False,up
WBGene00017702,3,0.7333333333333333,PFOA,0.0266859429922479,0.998843368542314,False,up
WBGene00021756,3,1.0,PFOA,0.0266766243816315,0.998843368542314,False,up
WBGene00019203,3,1.0,PFOA,0.0262742746472051,0.998843368542314,False,up
WBGene00015074,3,1.0,PFOA,0.0262670765610799,0.998843368542314,False,up
WBGene00008550,3,1.0,PFOA,0.0261861259459379,0.998843368542314,False,up
WBGene00003998,3,1.0,PFOA,0.0260721574506129,0.998843368542314,False,up
WBGene00007392,3,0.5333333333333333,PFOA,0.025964869202811,0.998843368542314,False,up
WBGene00020321,3,1.0,PFOA,0.0257457079787381,0.998843368542314,False,up
WBGene00022106,3,1.0,PFOA,0.0256506415724498,0.998843368542314,False,up
WBGene00004273,3,1.0,PFOA,0.0253540322209504,0.998843368542314,False,up
WBGene00019428,3,1.0,PFOA,0.0250628940074943,0.998843368542314,False,up
WBGene00006862,3,1.0,PFOA,0.0248751763069638,0.998843368542314,False,up
WBGene00077693,3,0.9666666666666667,PFOA,0.0248462985087468,0.998843368542314,False,up
WBGene00006580,3,0.9,PFOA,0.0245684056152168,0.998843368542314,False,up
WBGene00004033,3,0.9,PFOA,0.0243852019138535,0.998843368542314,False,up
WBGene00000259,3,1.0,PFOA,0.0239091543341539,0.998843368542314,False,up
WBGene00003943,3,1.0,PFOA,0.0234827679793454,0.998843368542314,False,up
WBGene00006777,3,1.0,PFOA,0.0234208239245334,0.998843368542314,False,up
WBGene00021871,3,1.0,PFOA,0.0233366126577556,0.998843368542314,False,up
WBGene00000960,3,1.0,PFOA,0.0233063365069589,0.998843368542314,False,up
WBGene00010131,3,1.0,PFOA,0.0232216005760048,0.998843368542314,False,up
WBGene00011647,3,0.9666666666666667,PFOA,0.0231891748757995,0.998843368542314,False,up
WBGene00016907,3,1.0,PFOA,0.0230253403775718,0.998843368542314,False,up
WBGene00004349,3,1.0,PFOA,0.023021672972647,0.998843368542314,False,up
WBGene00006966,3,1.0,PFOA,0.0227867228019883,0.998843368542314,False,up
WBGene00022868,3,1.0,PFOA,0.0226108658903647,0.998843368542314,False,up
WBGene00008927,3,1.0,PFOA,0.0225465499022746,0.998843368542314,False,up
WBGene00009406,3,1.0,PFOA,0.0224866020026895,0.998843368542314,False,up
WBGene00007505,3,0.9,PFOA,0.0220675393203931,0.998843368542314,False,up
WBGene00006669,3,1.0,PFOA,0.022034477729253,0.998843368542314,False,up
WBGene00008861,3,1.0,PFOA,0.0220057513977827,0.998843368542314,False,up
WBGene00021372,3,1.0,PFOA,0.0219897632285343,0.998843368542314,False,up
WBGene00007522,3,0.9,PFOA,0.0219679042502993,0.998843368542314,False,up
WBGene00022867,3,1.0,PFOA,0.0218886855961404,0.998843368542314,False,up
WBGene00015978,3,0.5333333333333333,PFOA,0.0217452750616818,0.998843368542314,False,up
WBGene00011069,3,1.0,PFOA,0.0217408792149736,0.998843368542314,False,up
WBGene00010736,3,0.9,PFOA,0.0215131767304254,0.998843368542314,False,up
WBGene00003221,3,0.5333333333333333,PFOA,0.0215098260129618,0.998843368542314,False,up
WBGene00002267,3,1.0,PFOA,0.0214830643229795,0.998843368542314,False,up
WBGene00044467,3,1.0,PFOA,0.0214109818088652,0.998843368542314,False,up
WBGene00004184,3,0.6333333333333333,PFOA,0.0213845369578278,0.998843368542314,False,up
WBGene00009582,3,1.0,PFOA,0.0213386637297451,0.998843368542314,False,up
WBGene00019020,3,1.0,PFOA,0.0211485161073665,0.998843368542314,False,up
WBGene00007982,3,1.0,PFOA,0.0207943245052343,0.998843368542314,False,up
WBGene00003603,3,1.0,PFOA,0.0207740883194613,0.998843368542314,False,up
WBGene00011364,3,1.0,PFOA,0.0207662122183474,0.998843368542314,False,up
WBGene00007203,3,0.6333333333333333,PFOA,0.0205016362954945,0.998843368542314,False,up
WBGene00012624,3,1.0,PFOA,0.0203395007231833,0.998843368542314,False,up
WBGene00001152,3,1.0,PFOA,0.0201126430460599,0.998843368542314,False,up
WBGene00004106,3,1.0,PFOA,0.0200156571644446,0.998843368542314,False,up
WBGene00008997,3,0.9666666666666667,PFOA,0.0199247394535853,0.998843368542314,False,up
WBGene00016772,3,1.0,PFOA,0.0198602672103973,0.998843368542314,False,up
WBGene00013836,3,1.0,PFOA,0.0196255802773958,0.998843368542314,False,up
WBGene00008034,3,1.0,PFOA,0.0195746525579956,0.998843368542314,False,up
WBGene00004056,3,0.9666666666666667,PFOA,0.0186936831882837,0.998843368542314,False,up
WBGene00021205,3,1.0,PFOA,0.0179992277307265,0.998843368542314,False,up
WBGene00020903,3,1.0,PFOA,0.0179427805119348,0.998843368542314,False,up
WBGene00022326,3,1.0,PFOA,0.0178604777878632,0.998843368542314,False,up
WBGene00011070,3,1.0,PFOA,0.0178602684727131,0.998843368542314,False,up
WBGene00013489,3,0.6333333333333333,PFOA,0.0178533170041085,0.998843368542314,False,up
WBGene00050899,3,1.0,PFOA,0.017821078331394,0.998843368542314,False,up
WBGene00009730,3,0.9666666666666667,PFOA,0.0177743557566388,0.998843368542314,False,up
WBGene00022825,3,0.9666666666666667,PFOA,0.0173814897678812,0.998843368542314,False,up
WBGene00007761,3,1.0,PFOA,0.0173627226582341,0.998843368542314,False,up
WBGene00017373,3,1.0,PFOA,0.0170329387192043,0.998843368542314,False,up
WBGene00011521,3,1.0,PFOA,0.0168961166529616,0.998843368542314,False,up
WBGene00003656,3,1.0,PFOA,0.0168387185134292,0.998843368542314,False,up
WBGene00003821,3,1.0,PFOA,0.0164502361591543,0.998843368542314,False,up
WBGene00019153,3,0.9666666666666667,PFOA,0.0164371407243919,0.998843368542314,False,up
WBGene00022668,3,0.9,PFOA,0.0163463302899638,0.998843368542314,False,up
WBGene00001466,3,0.5666666666666667,PFOA,0.0162333765374637,0.998843368542314,False,up
WBGene00007247,3,1.0,PFOA,0.016114925529712,0.998843368542314,False,up
WBGene00009174,3,1.0,PFOA,0.0159233983112592,0.998843368542314,False,up
WBGene00013574,3,1.0,PFOA,0.0158641428256216,0.998843368542314,False,up
WBGene00019327,3,1.0,PFOA,0.0157868377281569,0.998843368542314,False,up
WBGene00015578,3,1.0,PFOA,0.0156947879579543,0.998843368542314,False,up
WBGene00011063,3,0.9666666666666667,PFOA,0.0156837738954761,0.998843368542314,False,up
WBGene00021340,3,1.0,PFOA,0.0155617652300491,0.998843368542314,False,up
WBGene00013698,3,1.0,PFOA,0.0154115909231856,0.998843368542314,False,up
WBGene00021939,3,1.0,PFOA,0.0154016361137339,0.998843368542314,False,up
WBGene00000458,3,1.0,PFOA,0.015290782358601,0.998843368542314,False,up
WBGene00003411,3,1.0,PFOA,0.0152509700003321,0.998843368542314,False,up
WBGene00009724,3,0.6333333333333333,PFOA,0.0151191407928289,0.998843368542314,False,up
WBGene00001668,3,0.6,PFOA,0.0150526024452001,0.998843368542314,False,up
WBGene00013159,3,0.9666666666666667,PFOA,0.0150196778133952,0.998843368542314,False,up
WBGene00001058,3,1.0,PFOA,0.0149593578914204,0.998843368542314,False,up
WBGene00001751,3,0.7333333333333333,PFOA,0.0147037856309987,0.998843368542314,False,up
WBGene00012382,3,0.9,PFOA,0.0146797120551735,0.998843368542314,False,up
WBGene00009769,3,1.0,PFOA,0.0146166114737976,0.998843368542314,False,up
WBGene00001158,3,1.0,PFOA,0.0145645459665076,0.998843368542314,False,up
WBGene00010308,3,0.6333333333333333,PFOA,0.014501024800321,0.998843368542314,False,up
WBGene00013963,3,1.0,PFOA,0.0142555147071468,0.998843368542314,False,up
WBGene00016872,3,0.9,PFOA,0.0139174803865821,0.998843368542314,False,up
WBGene00012578,3,1.0,PFOA,0.0138044019397392,0.998843368542314,False,up
WBGene00001135,3,1.0,PFOA,0.0136264452758155,0.998843368542314,False,up
WBGene00020447,3,1.0,PFOA,0.0136011046685486,0.998843368542314,False,up
WBGene00012319,3,0.6333333333333333,PFOA,0.0132085925262668,0.998843368542314,False,up
WBGene00000004,3,0.9666666666666667,PFOA,0.0130827453182205,0.998843368542314,False,up
WBGene00002224,3,1.0,PFOA,0.0130593195753529,0.998843368542314,False,up
WBGene00015624,3,1.0,PFOA,0.0128806135731028,0.998843368542314,False,up
WBGene00022004,3,0.9666666666666667,PFOA,0.0128525890913932,0.998843368542314,False,up
WBGene00009945,3,1.0,PFOA,0.0127159252151871,0.998843368542314,False,up
WBGene00007799,3,0.9333333333333333,PFOA,0.0126442258995437,0.998843368542314,False,up
WBGene00011681,3,0.9,PFOA,0.0125150668588264,0.998843368542314,False,up
WBGene00020249,3,0.6333333333333333,PFOA,0.0124530663870351,0.998843368542314,False,up
WBGene00003566,3,0.9,PFOA,0.012342677372016,0.998843368542314,False,up
WBGene00014202,3,0.5333333333333333,PFOA,0.012276724751749,0.998843368542314,False,up
WBGene00019324,3,0.9666666666666667,PFOA,0.0120703793331658,0.998843368542314,False,up
WBGene00020710,3,0.9,PFOA,0.0119251241522302,0.998843368542314,False,up
WBGene00010141,3,0.9666666666666667,PFOA,0.0118980496308714,0.998843368542314,False,up
WBGene00013708,3,0.9333333333333333,PFOA,0.0118407883643585,0.998843368542314,False,up
WBGene00010756,3,1.0,PFOA,0.011837764942703,0.998843368542314,False,up
WBGene00022473,3,0.9,PFOA,0.0117898083550892,0.998843368542314,False,up
WBGene00007026,3,1.0,PFOA,0.0117533555820834,0.998843368542314,False,up
WBGene00003690,3,1.0,PFOA,0.0116720216810119,0.998843368542314,False,up
WBGene00014181,3,1.0,PFOA,0.0116634086366025,0.998843368542314,False,up
WBGene00010385,3,1.0,PFOA,0.0112637385934922,0.998843368542314,False,up
WBGene00004437,3,0.9,PFOA,0.0112629716198082,0.998843368542314,False,up
WBGene00017164,3,1.0,PFOA,0.0112566247401804,0.998843368542314,False,up
WBGene00005643,3,1.0,PFOA,0.011038416350137,0.998843368542314,False,up
WBGene00013964,3,1.0,PFOA,0.0107212976603949,0.998843368542314,False,up
WBGene00044006,3,1.0,PFOA,0.0105985873879604,0.998843368542314,False,up
WBGene00001664,3,1.0,PFOA,0.0103944945471712,0.998843368542314,False,up
WBGene00018657,3,0.9,PFOA,0.0100864120943255,0.998843368542314,False,up
WBGene00006971,3,1.0,PFOA,0.0099967577946515,0.998843368542314,False,up
WBGene00000421,3,1.0,PFOA,0.0098911848573444,0.998843368542314,False,up
WBGene00006075,3,1.0,PFOA,0.0098537183643242,0.998843368542314,False,up
WBGene00018757,3,0.5333333333333333,PFOA,0.0097874623557928,0.998843368542314,False,up
WBGene00008359,3,1.0,PFOA,0.0097710781076697,0.998843368542314,False,up
WBGene00000466,3,0.9666666666666667,PFOA,0.0096445629536628,0.998843368542314,False,up
WBGene00020649,3,0.9,PFOA,0.0095909493608332,0.998843368542314,False,up
WBGene00023498,3,1.0,PFOA,0.0095364327359288,0.998843368542314,False,up
WBGene00045396,3,1.0,PFOA,0.0094777119676322,0.998843368542314,False,up
WBGene00086569,3,1.0,PFOA,0.0094379125059663,0.998843368542314,False,up
WBGene00015756,3,1.0,PFOA,0.0090966112544578,0.998843368542314,False,up
WBGene00012699,3,1.0,PFOA,0.0088590724047003,0.998843368542314,False,up
WBGene00017260,3,1.0,PFOA,0.008834462655036,0.998843368542314,False,up
WBGene00004995,3,0.9,PFOA,0.0087765758609883,0.998843368542314,False,up
WBGene00015418,3,0.5,PFOA,0.0086747456931714,0.998843368542314,False,up
WBGene00002999,3,0.9666666666666667,PFOA,0.0086663254193495,0.998843368542314,False,up
WBGene00010096,3,1.0,PFOA,0.0085810308411919,0.998843368542314,False,up
WBGene00015569,3,0.9666666666666667,PFOA,0.0084659614843177,0.998843368542314,False,up
WBGene00018042,3,1.0,PFOA,0.0082856283764813,0.998843368542314,False,up
WBGene00011974,3,1.0,PFOA,0.0080011530441351,0.998843368542314,False,up
WBGene00007953,3,1.0,PFOA,0.0079581430320214,0.998843368542314,False,up
WBGene00021468,3,1.0,PFOA,0.0078893418564385,0.998843368542314,False,up
WBGene00021781,3,1.0,PFOA,0.0075896622750181,0.998843368542314,False,up
WBGene00005271,3,0.9,PFOA,0.0075419738820845,0.998843368542314,False,up
WBGene00001366,3,1.0,PFOA,0.0074987615677646,0.998843368542314,False,up
WBGene00022397,3,1.0,PFOA,0.0074502365085482,0.998843368542314,False,up
WBGene00011116,3,1.0,PFOA,0.0074150420580976,0.998843368542314,False,up
WBGene00012885,3,0.9333333333333333,PFOA,0.0073479105144744,0.998843368542314,False,up
WBGene00001434,3,1.0,PFOA,0.0073018366919706,0.998843368542314,False,up
WBGene00000912,3,0.7333333333333333,PFOA,0.0068622127978336,0.998843368542314,False,up
WBGene00021080,3,0.9666666666666667,PFOA,0.0066519078041993,0.998843368542314,False,up
WBGene00009799,3,1.0,PFOA,0.0066425129685695,0.998843368542314,False,up
WBGene00018879,3,1.0,PFOA,0.006596997310318,0.998843368542314,False,up
WBGene00009331,3,1.0,PFOA,0.0063298487821406,0.998843368542314,False,up
WBGene00021948,3,0.9666666666666667,PFOA,0.0061056572699674,0.998843368542314,False,up
WBGene00004268,3,1.0,PFOA,0.0060735387972512,0.998843368542314,False,up
WBGene00006352,3,1.0,PFOA,0.0060295200234816,0.998843368542314,False,up
WBGene00001971,3,0.9,PFOA,0.0059195457930903,0.998843368542314,False,up
WBGene00012929,3,0.7,PFOA,0.0058049449385288,0.998843368542314,False,up
WBGene00015567,3,1.0,PFOA,0.0057761291506481,0.998843368542314,False,up
WBGene00008956,3,1.0,PFOA,0.0057324182606908,0.998843368542314,False,up
WBGene00000554,3,1.0,PFOA,0.0057273358557886,0.998843368542314,False,up
WBGene00017646,3,0.9,PFOA,0.005704838026463,0.998843368542314,False,up
WBGene00020596,3,1.0,PFOA,0.0056935661357823,0.998843368542314,False,up
WBGene00011495,3,1.0,PFOA,0.0056633969816143,0.998843368542314,False,up
WBGene00006814,3,1.0,PFOA,0.0055491688012322,0.998843368542314,False,up
WBGene00022354,3,1.0,PFOA,0.0053194484024977,0.998843368542314,False,up
WBGene00007609,3,0.8333333333333334,PFOA,0.0052182048559396,0.998843368542314,False,up
WBGene00009835,3,1.0,PFOA,0.0051902727663142,0.998843368542314,False,up
WBGene00022027,3,1.0,PFOA,0.0048977514419843,0.998843368542314,False,up
WBGene00000500,3,1.0,PFOA,0.0047261016143241,0.998843368542314,False,up
WBGene00016671,3,0.9666666666666667,PFOA,0.0046659043142417,0.998843368542314,False,up
WBGene00020324,3,0.9,PFOA,0.0046346161631121,0.998843368542314,False,up
WBGene00015897,3,1.0,PFOA,0.0045528507288177,0.998843368542314,False,up
WBGene00015680,3,1.0,PFOA,0.0044377279361036,0.998843368542314,False,up
WBGene00010191,3,1.0,PFOA,0.0044239854262604,0.998843368542314,False,up
WBGene00017275,3,0.7333333333333333,PFOA,0.0043476707625107,0.998843368542314,False,up
WBGene00009116,3,0.9,PFOA,0.0042303514030693,0.998843368542314,False,up
WBGene00011419,3,0.9333333333333333,PFOA,0.0041892890861509,0.998843368542314,False,up
WBGene00008008,3,0.9666666666666667,PFOA,0.0041466775367995,0.998843368542314,False,up
WBGene00015163,3,1.0,PFOA,0.0040487635320203,0.998843368542314,False,up
WBGene00017904,3,0.9666666666666667,PFOA,0.0039705686784439,0.998843368542314,False,up
WBGene00013989,3,1.0,PFOA,0.0038500597573797,0.998843368542314,False,up
WBGene00022391,3,0.9,PFOA,0.0038448236703743,0.998843368542314,False,up
WBGene00015159,3,1.0,PFOA,0.0033491371601525,0.998843368542314,False,up
WBGene00015866,3,1.0,PFOA,0.0030088290944485,0.998843368542314,False,up
WBGene00001546,3,0.8,PFOA,0.0028839616425457,0.998843368542314,False,up
WBGene00016879,3,1.0,PFOA,0.0028498366312234,0.998843368542314,False,up
WBGene00021879,3,0.9,PFOA,0.0026906071990972,0.998843368542314,False,up
WBGene00001594,3,1.0,PFOA,0.0026387718410618,0.998843368542314,False,up
WBGene00011299,3,1.0,PFOA,0.0024363627453097,0.998843368542314,False,up
WBGene00009664,3,0.9666666666666667,PFOA,0.0023809294450319,0.998843368542314,False,up
WBGene00010807,3,1.0,PFOA,0.0016167421303972,0.998843368542314,False,up
WBGene00001393,3,1.0,PFOA,-0.0016539178882954,0.998843368542314,False,down
WBGene00001680,3,1.0,PFOA,-0.0018195758739119,0.998843368542314,False,down
WBGene00002132,3,1.0,PFOA,-0.0018851341604694,0.998843368542314,False,down
WBGene00001447,3,0.9666666666666667,PFOA,-0.0019664819554936,0.998843368542314,False,down
WBGene00008415,3,0.9,PFOA,-0.002040354250648,0.998843368542314,False,down
WBGene00000090,3,1.0,PFOA,-0.0022935408023298,0.998843368542314,False,down
WBGene00007044,3,1.0,PFOA,-0.0027367417823857,0.998843368542314,False,down
WBGene00013962,3,1.0,PFOA,-0.0028232792428185,0.998843368542314,False,down
WBGene00000903,3,0.5666666666666667,PFOA,-0.0029126865559718,0.998843368542314,False,down
WBGene00017583,3,1.0,PFOA,-0.0029847072192779,0.998843368542314,False,down
WBGene00016630,3,0.9666666666666667,PFOA,-0.0030639159255994,0.998843368542314,False,down
WBGene00003384,3,1.0,PFOA,-0.0033807373698921,0.998843368542314,False,down
WBGene00003844,3,1.0,PFOA,-0.0034743300401735,0.998843368542314,False,down
WBGene00014171,3,0.6333333333333333,PFOA,-0.003475525395001,0.998843368542314,False,down
WBGene00003593,3,0.9333333333333333,PFOA,-0.0039118786309486,0.998843368542314,False,down
WBGene00013080,3,1.0,PFOA,-0.0042547976347221,0.998843368542314,False,down
WBGene00007099,3,0.6333333333333333,PFOA,-0.0045606762518454,0.998843368542314,False,down
WBGene00004212,3,1.0,PFOA,-0.0046774609376021,0.998843368542314,False,down
WBGene00011283,3,0.9,PFOA,-0.0047388258042274,0.998843368542314,False,down
WBGene00012852,3,1.0,PFOA,-0.0051182226059568,0.998843368542314,False,down
WBGene00017350,3,0.5,PFOA,-0.0051699071803289,0.998843368542314,False,down
WBGene00008407,3,1.0,PFOA,-0.0053243446974204,0.998843368542314,False,down
WBGene00021314,3,1.0,PFOA,-0.005846708867301,0.998843368542314,False,down
WBGene00003404,3,1.0,PFOA,-0.0058919701080971,0.998843368542314,False,down
WBGene00011141,3,1.0,PFOA,-0.0058985540308738,0.998843368542314,False,down
WBGene00017292,3,1.0,PFOA,-0.0059325252036017,0.998843368542314,False,down
WBGene00017858,3,1.0,PFOA,-0.0059479765070221,0.998843368542314,False,down
WBGene00004801,3,0.9,PFOA,-0.005955460200119,0.998843368542314,False,down
WBGene00013456,3,1.0,PFOA,-0.0061643917272999,0.998843368542314,False,down
WBGene00019067,3,1.0,PFOA,-0.0062325001508893,0.998843368542314,False,down
WBGene00012146,3,0.7,PFOA,-0.0062330556474408,0.998843368542314,False,down
WBGene00138724,3,1.0,PFOA,-0.0063333808194693,0.998843368542314,False,down
WBGene00021945,3,1.0,PFOA,-0.0063699237358308,0.998843368542314,False,down
WBGene00003179,3,0.5333333333333333,PFOA,-0.0066768722555517,0.998843368542314,False,down
WBGene00010664,3,0.9666666666666667,PFOA,-0.0067474061926336,0.998843368542314,False,down
WBGene00013325,3,0.9666666666666667,PFOA,-0.0069647485107379,0.998843368542314,False,down
WBGene00019590,3,1.0,PFOA,-0.0070124700325063,0.998843368542314,False,down
WBGene00013136,3,1.0,PFOA,-0.0070354260730627,0.998843368542314,False,down
WBGene00007495,3,0.7,PFOA,-0.0072086559619407,0.998843368542314,False,down
WBGene00007071,3,1.0,PFOA,-0.0072821673802284,0.998843368542314,False,down
WBGene00007389,3,1.0,PFOA,-0.0072822805841827,0.998843368542314,False,down
WBGene00016331,3,1.0,PFOA,-0.0072899885005693,0.998843368542314,False,down
WBGene00012779,3,1.0,PFOA,-0.0072909836378319,0.998843368542314,False,down
WBGene00007951,3,0.9666666666666667,PFOA,-0.0074328744143849,0.998843368542314,False,down
WBGene00019656,3,1.0,PFOA,-0.0074850387765773,0.998843368542314,False,down
WBGene00000677,3,1.0,PFOA,-0.0078041871492732,0.998843368542314,False,down
WBGene00009741,3,0.9666666666666667,PFOA,-0.007982448511928,0.998843368542314,False,down
WBGene00044788,3,1.0,PFOA,-0.0080121907255103,0.998843368542314,False,down
WBGene00011978,3,0.9666666666666667,PFOA,-0.0080312995425586,0.998843368542314,False,down
WBGene00009625,3,1.0,PFOA,-0.0081205360851325,0.998843368542314,False,down
WBGene00018609,3,1.0,PFOA,-0.0082868869359081,0.998843368542314,False,down
WBGene00009337,3,1.0,PFOA,-0.0083403017315107,0.998843368542314,False,down
WBGene00077712,3,0.6333333333333333,PFOA,-0.0084271093556163,0.998843368542314,False,down
WBGene00012135,3,1.0,PFOA,-0.008485627519644,0.998843368542314,False,down
WBGene00016574,3,1.0,PFOA,-0.008683739337432,0.998843368542314,False,down
WBGene00013243,3,1.0,PFOA,-0.0087166498026957,0.998843368542314,False,down
WBGene00020426,3,0.9666666666666667,PFOA,-0.0088117732367439,0.998843368542314,False,down
WBGene00004364,3,0.9,PFOA,-0.0090547737343475,0.998843368542314,False,down
WBGene00013758,3,0.9666666666666667,PFOA,-0.0097379595214908,0.998843368542314,False,down
WBGene00077761,3,1.0,PFOA,-0.0099396706272856,0.998843368542314,False,down
WBGene00022554,3,0.9666666666666667,PFOA,-0.0100749312388701,0.998843368542314,False,down
WBGene00017124,3,1.0,PFOA,-0.0101515830824004,0.998843368542314,False,down
WBGene00004856,3,1.0,PFOA,-0.010232284979234,0.998843368542314,False,down
WBGene00017272,3,1.0,PFOA,-0.0103540514174684,0.998843368542314,False,down
WBGene00004892,3,0.9666666666666667,PFOA,-0.0104780780535311,0.998843368542314,False,down
WBGene00009855,3,0.5333333333333333,PFOA,-0.0105892530107835,0.998843368542314,False,down
WBGene00007419,3,1.0,PFOA,-0.010780508446029,0.998843368542314,False,down
WBGene00012352,3,0.6333333333333333,PFOA,-0.0108350538168631,0.998843368542314,False,down
WBGene00018195,3,1.0,PFOA,-0.0108995064278312,0.998843368542314,False,down
WBGene00012062,3,1.0,PFOA,-0.0109523040725108,0.998843368542314,False,down
WBGene00009677,3,1.0,PFOA,-0.0110280278811405,0.998843368542314,False,down
WBGene00021272,3,1.0,PFOA,-0.0111345198722831,0.998843368542314,False,down
WBGene00016568,3,1.0,PFOA,-0.0111430840472142,0.998843368542314,False,down
WBGene00003779,3,1.0,PFOA,-0.0111578912877408,0.998843368542314,False,down
WBGene00000673,3,1.0,PFOA,-0.0113129063916864,0.998843368542314,False,down
WBGene00017864,3,1.0,PFOA,-0.0113875432351619,0.998843368542314,False,down
WBGene00010038,3,0.9666666666666667,PFOA,-0.011393566058375,0.998843368542314,False,down
WBGene00008856,3,1.0,PFOA,-0.0114869798028348,0.998843368542314,False,down
WBGene00004113,3,1.0,PFOA,-0.0115237542306248,0.998843368542314,False,down
WBGene00050904,3,1.0,PFOA,-0.0115479871943657,0.998843368542314,False,down
WBGene00017776,3,0.9,PFOA,-0.0115518888151644,0.998843368542314,False,down
WBGene00022796,3,0.9333333333333333,PFOA,-0.0116515302697487,0.998843368542314,False,down
WBGene00000288,3,0.9,PFOA,-0.011787753506236,0.998843368542314,False,down
WBGene00005245,3,0.9333333333333333,PFOA,-0.0121827485275472,0.998843368542314,False,down
WBGene00016157,3,1.0,PFOA,-0.0122407549898871,0.998843368542314,False,down
WBGene00004829,3,1.0,PFOA,-0.0124662608296341,0.998843368542314,False,down
WBGene00011969,3,0.6333333333333333,PFOA,-0.0127219184151069,0.998843368542314,False,down
WBGene00023493,3,1.0,PFOA,-0.0128299533577985,0.998843368542314,False,down
WBGene00008554,3,1.0,PFOA,-0.0129746100746331,0.998843368542314,False,down
WBGene00016576,3,1.0,PFOA,-0.0130263669853049,0.998843368542314,False,down
WBGene00013970,3,1.0,PFOA,-0.0130679632069012,0.998843368542314,False,down
WBGene00044795,3,1.0,PFOA,-0.0130743930718923,0.998843368542314,False,down
WBGene00001561,3,0.9666666666666667,PFOA,-0.013227377064061,0.998843368542314,False,down
WBGene00009139,3,1.0,PFOA,-0.0134310936974452,0.998843368542314,False,down
WBGene00018700,3,1.0,PFOA,-0.0136132613384514,0.998843368542314,False,down
WBGene00017051,3,1.0,PFOA,-0.013902124056749,0.998843368542314,False,down
WBGene00003630,3,0.8666666666666667,PFOA,-0.014354846667846,0.998843368542314,False,down
WBGene00016295,3,0.9,PFOA,-0.01469976389667,0.998843368542314,False,down
WBGene00020343,3,0.9,PFOA,-0.0150096739692196,0.998843368542314,False,down
WBGene00020502,3,1.0,PFOA,-0.0151043737084323,0.998843368542314,False,down
WBGene00007849,3,1.0,PFOA,-0.0151525513616184,0.998843368542314,False,down
WBGene00007430,3,1.0,PFOA,-0.0153206981633104,0.998843368542314,False,down
WBGene00011579,3,1.0,PFOA,-0.0153553565810521,0.998843368542314,False,down
WBGene00044743,3,0.9666666666666667,PFOA,-0.0156215770736986,0.998843368542314,False,down
WBGene00000285,3,0.8,PFOA,-0.0156868910555595,0.998843368542314,False,down
WBGene00001345,3,0.9,PFOA,-0.0157875913036889,0.998843368542314,False,down
WBGene00003166,3,1.0,PFOA,-0.0159905916071864,0.998843368542314,False,down
WBGene00001101,3,0.9666666666666667,PFOA,-0.0161815362858739,0.998843368542314,False,down
WBGene00007664,3,0.9,PFOA,-0.0165272514119934,0.998843368542314,False,down
WBGene00004055,3,0.9666666666666667,PFOA,-0.0166116004435221,0.998843368542314,False,down
WBGene00000293,3,0.6,PFOA,-0.0167186658287448,0.998843368542314,False,down
WBGene00008366,3,0.9333333333333333,PFOA,-0.0169478806220737,0.998843368542314,False,down
WBGene00013098,3,1.0,PFOA,-0.0172473893459994,0.998843368542314,False,down
WBGene00010884,3,1.0,PFOA,-0.0172900969437851,0.998843368542314,False,down
WBGene00015747,3,1.0,PFOA,-0.017385690044894,0.998843368542314,False,down
WBGene00004131,3,1.0,PFOA,-0.0174397949373569,0.998843368542314,False,down
WBGene00004209,3,0.9,PFOA,-0.0175255263105501,0.998843368542314,False,down
WBGene00017507,3,1.0,PFOA,-0.0176137564200619,0.998843368542314,False,down
WBGene00001121,3,1.0,PFOA,-0.0176347285851399,0.998843368542314,False,down
WBGene00006405,3,0.8666666666666667,PFOA,-0.0177921460333435,0.998843368542314,False,down
WBGene00009790,3,1.0,PFOA,-0.0178813890064809,0.998843368542314,False,down
WBGene00007967,3,1.0,PFOA,-0.018219297579675,0.998843368542314,False,down
WBGene00002263,3,1.0,PFOA,-0.0182526737069627,0.998843368542314,False,down
WBGene00017973,3,0.8666666666666667,PFOA,-0.0183070064600063,0.998843368542314,False,down
WBGene00018051,3,0.7333333333333333,PFOA,-0.0183588584418008,0.998843368542314,False,down
WBGene00006986,3,1.0,PFOA,-0.0184609208843432,0.998843368542314,False,down
WBGene00020363,3,1.0,PFOA,-0.0184759221961126,0.998843368542314,False,down
WBGene00021408,3,0.9,PFOA,-0.019042496936747,0.998843368542314,False,down
WBGene00008662,3,0.7666666666666667,PFOA,-0.0191085545153664,0.998843368542314,False,down
WBGene00016059,3,0.6666666666666666,PFOA,-0.0191353872777276,0.998843368542314,False,down
WBGene00019734,3,0.9666666666666667,PFOA,-0.0193139550706347,0.998843368542314,False,down
WBGene00008681,3,0.9,PFOA,-0.0194688297178453,0.998843368542314,False,down
WBGene00018996,3,0.9,PFOA,-0.019529284852988,0.998843368542314,False,down
WBGene00000188,3,0.7666666666666667,PFOA,-0.0196286981297936,0.998843368542314,False,down
WBGene00019716,3,1.0,PFOA,-0.019829288495217,0.998843368542314,False,down
WBGene00015700,3,1.0,PFOA,-0.0198876467509542,0.998843368542314,False,down
WBGene00001669,3,0.9333333333333333,PFOA,-0.0200131935108716,0.998843368542314,False,down
WBGene00018610,3,0.9333333333333333,PFOA,-0.0203067140431966,0.998843368542314,False,down
WBGene00004827,3,1.0,PFOA,-0.0203577401572872,0.998843368542314,False,down
WBGene00021510,3,1.0,PFOA,-0.0204030431049973,0.998843368542314,False,down
WBGene00020962,3,1.0,PFOA,-0.0204406545044105,0.998843368542314,False,down
WBGene00010449,3,0.9666666666666667,PFOA,-0.0206262763765386,0.998843368542314,False,down
WBGene00001604,3,0.9666666666666667,PFOA,-0.0207979851712325,0.998843368542314,False,down
WBGene00010260,3,0.7333333333333333,PFOA,-0.020823187954061,0.998843368542314,False,down
WBGene00013334,3,1.0,PFOA,-0.0211178642902696,0.998843368542314,False,down
WBGene00219376,3,1.0,PFOA,-0.0212078778805581,0.998843368542314,False,down
WBGene00011213,3,1.0,PFOA,-0.0212751807638045,0.998843368542314,False,down
WBGene00015641,3,0.9,PFOA,-0.0214022939609565,0.998843368542314,False,down
WBGene00017920,3,0.9333333333333333,PFOA,-0.0215110104776974,0.998843368542314,False,down
WBGene00001171,3,0.9666666666666667,PFOA,-0.0215669815988009,0.998843368542314,False,down
WBGene00022427,3,1.0,PFOA,-0.0216473542515844,0.998843368542314,False,down
WBGene00001173,3,1.0,PFOA,-0.0216777574464616,0.998843368542314,False,down
WBGene00269434,3,0.5333333333333333,PFOA,-0.0219206496269776,0.998843368542314,False,down
WBGene00013695,3,1.0,PFOA,-0.0220992388879243,0.998843368542314,False,down
WBGene00007067,3,0.9333333333333333,PFOA,-0.0221957214219601,0.998843368542314,False,down
WBGene00019847,3,0.9666666666666667,PFOA,-0.0223384197858893,0.998843368542314,False,down
WBGene00019513,3,0.9,PFOA,-0.0224775460623188,0.998843368542314,False,down
WBGene00016539,3,1.0,PFOA,-0.0227287045121031,0.998843368542314,False,down
WBGene00001329,3,0.9,PFOA,-0.0228394592393896,0.998843368542314,False,down
WBGene00016172,3,0.9,PFOA,-0.0228724758221977,0.998843368542314,False,down
WBGene00000464,3,0.9666666666666667,PFOA,-0.0228925913843552,0.998843368542314,False,down
WBGene00021515,3,1.0,PFOA,-0.0231289966063565,0.998843368542314,False,down
WBGene00014090,3,0.9333333333333333,PFOA,-0.023372148661215,0.998843368542314,False,down
WBGene00004040,3,0.7,PFOA,-0.0237118035439034,0.998843368542314,False,down
WBGene00019343,3,1.0,PFOA,-0.0238198480115685,0.998843368542314,False,down
WBGene00007397,3,0.9666666666666667,PFOA,-0.0238277487276656,0.998843368542314,False,down
WBGene00004006,3,1.0,PFOA,-0.0239885279162643,0.998843368542314,False,down
WBGene00009742,3,0.5333333333333333,PFOA,-0.0240353496837579,0.998843368542314,False,down
WBGene00006374,3,1.0,PFOA,-0.0241247631121857,0.998843368542314,False,down
WBGene00011250,3,0.7333333333333333,PFOA,-0.0242969283486157,0.998843368542314,False,down
WBGene00000683,3,1.0,PFOA,-0.0243283782064395,0.998843368542314,False,down
WBGene00020912,3,1.0,PFOA,-0.0246406798147387,0.998843368542314,False,down
WBGene00015735,3,1.0,PFOA,-0.024699417995934,0.998843368542314,False,down
WBGene00019332,3,0.5333333333333333,PFOA,-0.0247535188902132,0.998843368542314,False,down
WBGene00008745,3,1.0,PFOA,-0.0247672803023076,0.998843368542314,False,down
WBGene00050941,3,0.9,PFOA,-0.0251398369986735,0.998843368542314,False,down
WBGene00002174,3,1.0,PFOA,-0.0251897934522225,0.998843368542314,False,down
WBGene00019597,3,0.9666666666666667,PFOA,-0.0252042645746969,0.998843368542314,False,down
WBGene00017174,3,1.0,PFOA,-0.0252832993024418,0.998843368542314,False,down
WBGene00012674,3,1.0,PFOA,-0.0254075343101481,0.998843368542314,False,down
WBGene00010328,3,0.9666666666666667,PFOA,-0.0256207135970184,0.998843368542314,False,down
WBGene00009484,3,0.6333333333333333,PFOA,-0.0260422413078292,0.998843368542314,False,down
WBGene00006452,3,0.9666666666666667,PFOA,-0.0260955606392974,0.998843368542314,False,down
WBGene00013736,3,0.9333333333333333,PFOA,-0.0261519881765365,0.998843368542314,False,down
WBGene00015787,3,1.0,PFOA,-0.0263748024939445,0.998843368542314,False,down
WBGene00043060,3,1.0,PFOA,-0.0263933469043103,0.998843368542314,False,down
WBGene00002976,3,0.5333333333333333,PFOA,-0.0264524947795043,0.998843368542314,False,down
WBGene00021704,3,1.0,PFOA,-0.0266639648905722,0.998843368542314,False,down
WBGene00022015,3,0.9666666666666667,PFOA,-0.0268520743404465,0.998843368542314,False,down
WBGene00017341,3,1.0,PFOA,-0.0269338372424708,0.998843368542314,False,down
WBGene00003526,3,1.0,PFOA,-0.0270404608172837,0.998843368542314,False,down
WBGene00021117,3,1.0,PFOA,-0.0274211762505775,0.998843368542314,False,down
WBGene00001549,3,0.9666666666666667,PFOA,-0.0274470042163021,0.998843368542314,False,down
WBGene00006582,3,1.0,PFOA,-0.0277314383478912,0.998843368542314,False,down
WBGene00206538,3,1.0,PFOA,-0.0278209963079163,0.998843368542314,False,down
WBGene00045215,3,1.0,PFOA,-0.0280738065302937,0.998843368542314,False,down
WBGene00011019,3,1.0,PFOA,-0.0281108921151649,0.998843368542314,False,down
WBGene00013845,3,1.0,PFOA,-0.0282150967873735,0.998843368542314,False,down
WBGene00003674,3,0.9333333333333333,PFOA,-0.0282504588070426,0.998843368542314,False,down
WBGene00001989,3,1.0,PFOA,-0.0283211778864309,0.998843368542314,False,down
WBGene00016266,3,1.0,PFOA,-0.0284376786190732,0.998843368542314,False,down
WBGene00017298,3,1.0,PFOA,-0.0286094271585246,0.998843368542314,False,down
WBGene00012988,3,1.0,PFOA,-0.0287105832455271,0.998843368542314,False,down
WBGene00013042,3,0.9,PFOA,-0.0287128263019431,0.998843368542314,False,down
WBGene00020762,3,0.9333333333333333,PFOA,-0.0289490135765823,0.998843368542314,False,down
WBGene00077490,3,0.8333333333333334,PFOA,-0.0289908593149449,0.998843368542314,False,down
WBGene00016792,3,1.0,PFOA,-0.0290034780784059,0.998843368542314,False,down
WBGene00000518,3,0.5,PFOA,-0.0291935272208548,0.998843368542314,False,down
WBGene00003655,3,1.0,PFOA,-0.0294216659264973,0.998843368542314,False,down
WBGene00044143,3,0.9666666666666667,PFOA,-0.0297878429855546,0.998843368542314,False,down
WBGene00004759,3,0.9,PFOA,-0.02982532673019,0.998843368542314,False,down
WBGene00044921,3,1.0,PFOA,-0.0299960218902152,0.998843368542314,False,down
WBGene00012085,3,0.5666666666666667,PFOA,-0.0300974480035403,0.998843368542314,False,down
WBGene00020705,3,0.6666666666666666,PFOA,-0.030256194006337,0.998843368542314,False,down
WBGene00012962,3,0.6333333333333333,PFOA,-0.0302994330018015,0.998843368542314,False,down
WBGene00007445,3,1.0,PFOA,-0.0304788570586682,0.998843368542314,False,down
WBGene00003243,3,1.0,PFOA,-0.0307982577087062,0.998843368542314,False,down
WBGene00000814,3,1.0,PFOA,-0.0308253188082845,0.998843368542314,False,down
WBGene00006310,3,1.0,PFOA,-0.0308424057517319,0.998843368542314,False,down
WBGene00021404,3,0.7666666666666667,PFOA,-0.0308520792670389,0.998843368542314,False,down
WBGene00003840,3,0.9666666666666667,PFOA,-0.0308946299743078,0.998843368542314,False,down
WBGene00021195,3,1.0,PFOA,-0.0310354069869911,0.998843368542314,False,down
WBGene00019674,3,1.0,PFOA,-0.0310715747628475,0.998843368542314,False,down
WBGene00009180,3,1.0,PFOA,-0.031665436466157,0.998843368542314,False,down
WBGene00007363,3,0.6333333333333333,PFOA,-0.0319984213016461,0.998843368542314,False,down
WBGene00016599,3,0.9666666666666667,PFOA,-0.0320381924284587,0.998843368542314,False,down
WBGene00006306,3,1.0,PFOA,-0.0321234535471828,0.998843368542314,False,down
WBGene00010974,3,1.0,PFOA,-0.0321885635723727,0.998843368542314,False,down
WBGene00018078,3,0.9666666666666667,PFOA,-0.0321951844461718,0.998843368542314,False,down
WBGene00020586,3,0.5,PFOA,-0.0322997992591673,0.998843368542314,False,down
WBGene00045418,3,0.9,PFOA,-0.0324616824721915,0.998843368542314,False,down
WBGene00008783,3,0.9,PFOA,-0.0326983552348795,0.998843368542314,False,down
WBGene00011430,3,1.0,PFOA,-0.0327304993321836,0.998843368542314,False,down
WBGene00011578,3,0.8666666666666667,PFOA,-0.0328831420198397,0.998843368542314,False,down
WBGene00044582,3,1.0,PFOA,-0.0329323003257596,0.998843368542314,False,down
WBGene00007627,3,1.0,PFOA,-0.0333447409376413,0.998843368542314,False,down
WBGene00019859,3,1.0,PFOA,-0.0333577757738893,0.998843368542314,False,down
WBGene00194909,3,0.9666666666666667,PFOA,-0.0337559850590961,0.998843368542314,False,down
WBGene00003638,3,1.0,PFOA,-0.0339276818781144,0.998843368542314,False,down
WBGene00020390,3,1.0,PFOA,-0.0339358260805941,0.998843368542314,False,down
WBGene00009476,3,1.0,PFOA,-0.0340670555076673,0.998843368542314,False,down
WBGene00013710,3,1.0,PFOA,-0.0340903790314733,0.998843368542314,False,down
WBGene00016719,3,0.9,PFOA,-0.0342654526845688,0.998843368542314,False,down
WBGene00022812,3,1.0,PFOA,-0.0343058756516361,0.998843368542314,False,down
WBGene00194747,3,0.6333333333333333,PFOA,-0.0343444921788305,0.998843368542314,False,down
WBGene00001537,3,0.9333333333333333,PFOA,-0.0343691453338732,0.998843368542314,False,down
WBGene00010150,3,0.6333333333333333,PFOA,-0.0347104815167103,0.998843368542314,False,down
WBGene00017017,3,1.0,PFOA,-0.0352524230478041,0.998843368542314,False,down
WBGene00019048,3,1.0,PFOA,-0.0355447699560783,0.998843368542314,False,down
WBGene00018102,3,1.0,PFOA,-0.0355599440947706,0.998843368542314,False,down
WBGene00013878,3,1.0,PFOA,-0.0360688158624681,0.998843368542314,False,down
WBGene00020090,3,0.9666666666666667,PFOA,-0.0361664254417261,0.998843368542314,False,down
WBGene00009888,3,1.0,PFOA,-0.0362777790350809,0.998843368542314,False,down
WBGene00002201,3,0.9666666666666667,PFOA,-0.0364020926201472,0.998843368542314,False,down
WBGene00007534,3,1.0,PFOA,-0.0366710278895386,0.998843368542314,False,down
WBGene00003970,3,0.9666666666666667,PFOA,-0.0367125174846275,0.998843368542314,False,down
WBGene00021210,3,1.0,PFOA,-0.0368171022667348,0.998843368542314,False,down
WBGene00019877,3,0.9,PFOA,-0.0369861286532263,0.998843368542314,False,down
WBGene00010873,3,0.9666666666666667,PFOA,-0.03712607374231,0.998843368542314,False,down
WBGene00009930,3,1.0,PFOA,-0.0371332251443907,0.998843368542314,False,down
WBGene00010272,3,1.0,PFOA,-0.0371371777459385,0.998843368542314,False,down
WBGene00011021,3,1.0,PFOA,-0.0374996350084534,0.998843368542314,False,down
WBGene00011923,3,0.9333333333333333,PFOA,-0.0377536487894671,0.998843368542314,False,down
WBGene00013378,3,1.0,PFOA,-0.0377682092429825,0.998843368542314,False,down
WBGene00018586,3,1.0,PFOA,-0.0379503494359592,0.998843368542314,False,down
WBGene00016417,3,0.5333333333333333,PFOA,-0.0382119578253988,0.998843368542314,False,down
WBGene00022489,3,1.0,PFOA,-0.0383003287910296,0.998843368542314,False,down
WBGene00012692,3,1.0,PFOA,-0.0386218080075244,0.998843368542314,False,down
WBGene00013701,3,0.7,PFOA,-0.0389232079644131,0.998843368542314,False,down
WBGene00007833,3,1.0,PFOA,-0.0391287746041655,0.998843368542314,False,down
WBGene00235340,3,1.0,PFOA,-0.0391556659637836,0.998843368542314,False,down
WBGene00003185,3,1.0,PFOA,-0.0393098242533684,0.998843368542314,False,down
WBGene00004778,3,1.0,PFOA,-0.0393138742604245,0.998843368542314,False,down
WBGene00012222,3,0.9333333333333333,PFOA,-0.0395308665317499,0.998843368542314,False,down
WBGene00009595,3,1.0,PFOA,-0.0395874715354601,0.998843368542314,False,down
WBGene00006208,3,0.9666666666666667,PFOA,-0.0396452533223967,0.998843368542314,False,down
WBGene00007349,3,1.0,PFOA,-0.0401818986192438,0.998843368542314,False,down
WBGene00003706,3,1.0,PFOA,-0.040211922524598,0.998843368542314,False,down
WBGene00022396,3,0.6333333333333333,PFOA,-0.0402855947516005,0.998843368542314,False,down
WBGene00010049,3,1.0,PFOA,-0.0410452490705029,0.998843368542314,False,down
WBGene00011352,3,1.0,PFOA,-0.0410583924714645,0.998843368542314,False,down
WBGene00021725,3,1.0,PFOA,-0.0412000940390304,0.998843368542314,False,down
WBGene00015349,3,1.0,PFOA,-0.041316726715954,0.998843368542314,False,down
WBGene00044120,3,0.9,PFOA,-0.0416495536424789,0.998843368542314,False,down
WBGene00019143,3,1.0,PFOA,-0.0416510697578221,0.998843368542314,False,down
WBGene00013077,3,1.0,PFOA,-0.0422820247058478,0.998843368542314,False,down
WBGene00016945,3,1.0,PFOA,-0.0425499696627777,0.998843368542314,False,down
WBGene00016443,3,1.0,PFOA,-0.0430475863105369,0.998843368542314,False,down
WBGene00020126,3,0.9,PFOA,-0.04339581645438,0.998843368542314,False,down
WBGene00005422,3,0.9333333333333333,PFOA,-0.043484983542508,0.998843368542314,False,down
WBGene00018509,3,0.5,PFOA,-0.0435406691163902,0.998843368542314,False,down
WBGene00018518,3,1.0,PFOA,-0.0438668605373398,0.998843368542314,False,down
WBGene00002004,3,1.0,PFOA,-0.0440964697193028,0.998843368542314,False,down
WBGene00016860,3,0.9,PFOA,-0.0442476470941827,0.998843368542314,False,down
WBGene00012993,3,1.0,PFOA,-0.0442485916754321,0.998843368542314,False,down
WBGene00008900,3,0.7,PFOA,-0.0443014909550372,0.998843368542314,False,down
WBGene00016704,3,1.0,PFOA,-0.0444082318795099,0.998843368542314,False,down
WBGene00020373,3,1.0,PFOA,-0.0444210325309189,0.998843368542314,False,down
WBGene00018797,3,0.9,PFOA,-0.0444871053242331,0.998843368542314,False,down
WBGene00012821,3,0.8666666666666667,PFOA,-0.0445210882119686,0.998843368542314,False,down
WBGene00009333,3,1.0,PFOA,-0.0445447295674691,0.998843368542314,False,down
WBGene00011231,3,1.0,PFOA,-0.0447515247070291,0.998843368542314,False,down
WBGene00006470,3,1.0,PFOA,-0.0447577119333361,0.998843368542314,False,down
WBGene00018303,3,1.0,PFOA,-0.0448718253091115,0.998843368542314,False,down
WBGene00010040,3,1.0,PFOA,-0.0449696678587563,0.998843368542314,False,down
WBGene00009560,3,0.6,PFOA,-0.0452993305605195,0.998843368542314,False,down
WBGene00003728,3,1.0,PFOA,-0.0454173171064326,0.998843368542314,False,down
WBGene00011028,3,1.0,PFOA,-0.0454228228549775,0.998843368542314,False,down
WBGene00001936,3,1.0,PFOA,-0.0454358779152054,0.998843368542314,False,down
WBGene00010986,3,1.0,PFOA,-0.0457944222124813,0.998843368542314,False,down
WBGene00043989,3,1.0,PFOA,-0.0459103272650668,0.998843368542314,False,down
WBGene00000051,3,0.9,PFOA,-0.0459632226142136,0.998843368542314,False,down
WBGene00003387,3,1.0,PFOA,-0.046014375521304,0.998843368542314,False,down
WBGene00019261,3,0.9,PFOA,-0.0460497995867162,0.998843368542314,False,down
WBGene00008438,3,0.8666666666666667,PFOA,-0.0460689125724065,0.998843368542314,False,down
WBGene00006535,3,1.0,PFOA,-0.0462656271845055,0.998843368542314,False,down
WBGene00022456,3,0.7666666666666667,PFOA,-0.0463091415496286,0.998843368542314,False,down
WBGene00008890,3,1.0,PFOA,-0.0465770858915775,0.998843368542314,False,down
WBGene00022574,3,1.0,PFOA,-0.0466497449243735,0.998843368542314,False,down
WBGene00044077,3,1.0,PFOA,-0.0467976567161628,0.998843368542314,False,down
WBGene00008002,3,1.0,PFOA,-0.0469526526224846,0.998843368542314,False,down
WBGene00000910,3,1.0,PFOA,-0.0470213530398992,0.998843368542314,False,down
WBGene00008298,3,0.9,PFOA,-0.0475068086550193,0.998843368542314,False,down
WBGene00002276,3,1.0,PFOA,-0.0475307325942642,0.998843368542314,False,down
WBGene00017302,3,0.7,PFOA,-0.0475544080987192,0.998843368542314,False,down
WBGene00010138,3,1.0,PFOA,-0.0477597373217494,0.998843368542314,False,down
WBGene00013538,3,1.0,PFOA,-0.0479426475981402,0.998843368542314,False,down
WBGene00020673,3,1.0,PFOA,-0.0480259746963049,0.998843368542314,False,down
WBGene00008453,3,0.9,PFOA,-0.0482002712229174,0.998843368542314,False,down
WBGene00011296,3,1.0,PFOA,-0.0483781475020604,0.998843368542314,False,down
WBGene00007933,3,1.0,PFOA,-0.0485900469891998,0.998843368542314,False,down
WBGene00001122,3,0.9,PFOA,-0.0488066416768397,0.998843368542314,False,down
WBGene00022719,3,1.0,PFOA,-0.0489666868383348,0.998843368542314,False,down
WBGene00195142,3,1.0,PFOA,-0.0490851323194325,0.998843368542314,False,down
WBGene00001453,3,0.9666666666666667,PFOA,-0.0491509913530447,0.998843368542314,False,down
WBGene00012259,3,1.0,PFOA,-0.0492168881613751,0.998843368542314,False,down
WBGene00000110,3,1.0,PFOA,-0.049221304435063,0.998843368542314,False,down
WBGene00003723,3,0.9,PFOA,-0.0493570714220671,0.998843368542314,False,down
WBGene00004912,3,1.0,PFOA,-0.0494888147456724,0.998843368542314,False,down
WBGene00019456,3,0.7666666666666667,PFOA,-0.0495467769539002,0.998843368542314,False,down
WBGene00044342,3,1.0,PFOA,-0.049616669356294,0.998843368542314,False,down
WBGene00015053,3,1.0,PFOA,-0.0496434363541414,0.998843368542314,False,down
WBGene00016281,3,0.5333333333333333,PFOA,-0.0498318581975042,0.998843368542314,False,down
WBGene00004898,3,1.0,PFOA,-0.0498583659448816,0.998843368542314,False,down
WBGene00206529,3,1.0,PFOA,-0.0499144868773085,0.998843368542314,False,down
WBGene00001440,3,0.9333333333333333,PFOA,-0.0500574809537949,0.998843368542314,False,down
WBGene00016622,3,1.0,PFOA,-0.0501018433859933,0.998843368542314,False,down
WBGene00001371,3,1.0,PFOA,-0.0501316969213503,0.998843368542314,False,down
WBGene00011285,3,1.0,PFOA,-0.0502525400562861,0.998843368542314,False,down
WBGene00016244,3,1.0,PFOA,-0.0503354574823405,0.998843368542314,False,down
WBGene00011725,3,1.0,PFOA,-0.050822490484194,0.998843368542314,False,down
WBGene00009477,3,0.9,PFOA,-0.0510560640390927,0.998843368542314,False,down
WBGene00019698,3,1.0,PFOA,-0.0516818405696091,0.998843368542314,False,down
WBGene00000971,3,0.9666666666666667,PFOA,-0.0519350990244514,0.998843368542314,False,down
WBGene00001510,3,1.0,PFOA,-0.0520594471740451,0.998843368542314,False,down
WBGene00012525,3,0.9,PFOA,-0.0521408431037431,0.998843368542314,False,down
WBGene00011723,3,0.9,PFOA,-0.0521747232513273,0.998843368542314,False,down
WBGene00018615,3,1.0,PFOA,-0.0522133007693233,0.998843368542314,False,down
WBGene00017628,3,1.0,PFOA,-0.0524514409973902,0.998843368542314,False,down
WBGene00005253,3,1.0,PFOA,-0.0526749621257465,0.998843368542314,False,down
WBGene00000449,3,1.0,PFOA,-0.0527924704187265,0.998843368542314,False,down
WBGene00010592,3,0.9,PFOA,-0.0529495292629789,0.998843368542314,False,down
WBGene00020997,3,1.0,PFOA,-0.0530514908786998,0.998843368542314,False,down
WBGene00006745,3,0.9666666666666667,PFOA,-0.0531693122915644,0.998843368542314,False,down
WBGene00017340,3,0.9666666666666667,PFOA,-0.0533159826886703,0.998843368542314,False,down
WBGene00044701,3,1.0,PFOA,-0.0533697631889597,0.998843368542314,False,down
WBGene00009924,3,1.0,PFOA,-0.0534654344452541,0.998843368542314,False,down
WBGene00021254,3,1.0,PFOA,-0.053522684071694,0.998843368542314,False,down
WBGene00019944,3,0.9333333333333333,PFOA,-0.0536384106387113,0.998843368542314,False,down
WBGene00020700,3,0.5333333333333333,PFOA,-0.0539059490859767,0.998843368542314,False,down
WBGene00011869,3,1.0,PFOA,-0.0539545067481419,0.998843368542314,False,down
WBGene00008436,3,1.0,PFOA,-0.0541595221468527,0.998843368542314,False,down
WBGene00000151,3,0.9,PFOA,-0.0545279727202874,0.998843368542314,False,down
WBGene00011970,3,0.9,PFOA,-0.0549890165964548,0.998843368542314,False,down
WBGene00013236,3,0.9666666666666667,PFOA,-0.0552473525456566,0.998843368542314,False,down
WBGene00004045,3,0.9666666666666667,PFOA,-0.0553122185362475,0.998843368542314,False,down
WBGene00020801,3,1.0,PFOA,-0.0561292979073399,0.998843368542314,False,down
WBGene00003386,3,1.0,PFOA,-0.056315383231812,0.998843368542314,False,down
WBGene00003548,3,0.9,PFOA,-0.0564736575659165,0.998843368542314,False,down
WBGene00015783,3,0.9333333333333333,PFOA,-0.0565445137781504,0.998843368542314,False,down
WBGene00012028,3,0.9,PFOA,-0.0567551529548931,0.998843368542314,False,down
WBGene00001117,3,0.9333333333333333,PFOA,-0.0570786352514875,0.998843368542314,False,down
WBGene00022873,3,1.0,PFOA,-0.0571309967902244,0.998843368542314,False,down
WBGene00017771,3,1.0,PFOA,-0.0577666711381059,0.998843368542314,False,down
WBGene00012130,3,0.7,PFOA,-0.0579285186694769,0.998843368542314,False,down
WBGene00013216,3,1.0,PFOA,-0.0579599518423717,0.998843368542314,False,down
WBGene00000088,3,0.9666666666666667,PFOA,-0.0580770446498706,0.998843368542314,False,down
WBGene00018522,3,1.0,PFOA,-0.0581937700323299,0.998843368542314,False,down
WBGene00010951,3,0.6333333333333333,PFOA,-0.05833471888678,0.998843368542314,False,down
WBGene00022647,3,1.0,PFOA,-0.0586970901513037,0.998843368542314,False,down
WBGene00017429,3,0.5333333333333333,PFOA,-0.0590444076812749,0.998843368542314,False,down
WBGene00004509,3,1.0,PFOA,-0.0593312472529992,0.998843368542314,False,down
WBGene00009242,3,1.0,PFOA,-0.0594026730533605,0.998843368542314,False,down
WBGene00016803,3,1.0,PFOA,-0.0594995178869664,0.998843368542314,False,down
WBGene00018665,3,1.0,PFOA,-0.0595869093745803,0.998843368542314,False,down
WBGene00009271,3,1.0,PFOA,-0.0596283494246677,0.998843368542314,False,down
WBGene00011956,3,1.0,PFOA,-0.0596466432177339,0.998843368542314,False,down
WBGene00010632,3,0.8666666666666667,PFOA,-0.0597075187706145,0.998843368542314,False,down
WBGene00011133,3,1.0,PFOA,-0.0598159531414837,0.998843368542314,False,down
WBGene00008747,3,0.9666666666666667,PFOA,-0.0601927270771184,0.998843368542314,False,down
WBGene00002979,3,0.9333333333333333,PFOA,-0.0604951736263797,0.998843368542314,False,down
WBGene00009579,3,1.0,PFOA,-0.0607548162031483,0.998843368542314,False,down
WBGene00009964,3,0.8,PFOA,-0.0609109545225671,0.998843368542314,False,down
WBGene00018219,3,1.0,PFOA,-0.0609727457825252,0.998843368542314,False,down
WBGene00008403,3,1.0,PFOA,-0.0612834083737093,0.998843368542314,False,down
WBGene00044500,3,0.7666666666666667,PFOA,-0.0613182410570097,0.998843368542314,False,down
WBGene00008880,3,1.0,PFOA,-0.0614803692798277,0.998843368542314,False,down
WBGene00003719,3,0.9666666666666667,PFOA,-0.0616286573155001,0.998843368542314,False,down
WBGene00009239,3,0.5,PFOA,-0.0618656096658521,0.998843368542314,False,down
WBGene00021239,3,0.8666666666666667,PFOA,-0.0619369048103375,0.998843368542314,False,down
WBGene00006711,3,1.0,PFOA,-0.0619510653027302,0.998843368542314,False,down
WBGene00000984,3,0.8,PFOA,-0.0620225729497136,0.998843368542314,False,down
WBGene00007717,3,0.6,PFOA,-0.0623001880189223,0.998843368542314,False,down
WBGene00219313,3,1.0,PFOA,-0.0623233731455134,0.998843368542314,False,down
WBGene00011420,3,1.0,PFOA,-0.0624064379083724,0.998843368542314,False,down
WBGene00022454,3,1.0,PFOA,-0.0626404686296544,0.998843368542314,False,down
WBGene00008432,3,1.0,PFOA,-0.0626882777433287,0.998843368542314,False,down
WBGene00019103,3,1.0,PFOA,-0.0631079082901553,0.998843368542314,False,down
WBGene00044278,3,0.9333333333333333,PFOA,-0.0632270351376358,0.998843368542314,False,down
WBGene00016522,3,1.0,PFOA,-0.0632320061866328,0.998843368542314,False,down
WBGene00016806,3,0.9666666666666667,PFOA,-0.0636056378763279,0.998843368542314,False,down
WBGene00194651,3,1.0,PFOA,-0.0642912911354004,0.998843368542314,False,down
WBGene00021654,3,1.0,PFOA,-0.064298468344303,0.998843368542314,False,down
WBGene00009277,3,1.0,PFOA,-0.0644445947964672,0.998843368542314,False,down
WBGene00016419,3,1.0,PFOA,-0.0645424451833026,0.998843368542314,False,down
WBGene00007882,3,0.9333333333333333,PFOA,-0.064696431844169,0.998843368542314,False,down
WBGene00000934,3,1.0,PFOA,-0.0648059085475941,0.998843368542314,False,down
WBGene00008679,3,0.7333333333333333,PFOA,-0.0650023776397652,0.998843368542314,False,down
WBGene00009222,3,0.9,PFOA,-0.0651058223085744,0.998843368542314,False,down
WBGene00008975,3,1.0,PFOA,-0.0651085214667725,0.998843368542314,False,down
WBGene00022248,3,0.9666666666666667,PFOA,-0.0652879821688241,0.998843368542314,False,down
WBGene00011423,3,1.0,PFOA,-0.0653003553456515,0.998843368542314,False,down
WBGene00012606,3,1.0,PFOA,-0.0656235621371696,0.998843368542314,False,down
WBGene00020080,3,1.0,PFOA,-0.0656356395095988,0.998843368542314,False,down
WBGene00005653,3,1.0,PFOA,-0.0656718498864097,0.998843368542314,False,down
WBGene00001900,3,0.6,PFOA,-0.0658308348512872,0.998843368542314,False,down
WBGene00011388,3,1.0,PFOA,-0.0658547826425769,0.998843368542314,False,down
WBGene00014002,3,0.9333333333333333,PFOA,-0.0660848932837865,0.998843368542314,False,down
WBGene00009881,3,1.0,PFOA,-0.0661430086552187,0.998843368542314,False,down
WBGene00010752,3,1.0,PFOA,-0.066499491683216,0.998843368542314,False,down
WBGene00010408,3,1.0,PFOA,-0.0665098640679694,0.998843368542314,False,down
WBGene00008454,3,1.0,PFOA,-0.066603890535976,0.998843368542314,False,down
WBGene00012548,3,0.7333333333333333,PFOA,-0.0669833606201794,0.998843368542314,False,down
WBGene00016507,3,1.0,PFOA,-0.0670836034158467,0.998843368542314,False,down
WBGene00017016,3,1.0,PFOA,-0.0671377689859077,0.998843368542314,False,down
WBGene00019649,3,1.0,PFOA,-0.0673388751607112,0.998843368542314,False,down
WBGene00020822,3,0.9,PFOA,-0.0674810481138531,0.998843368542314,False,down
WBGene00020929,3,1.0,PFOA,-0.0680485083317541,0.998843368542314,False,down
WBGene00016094,3,0.9666666666666667,PFOA,-0.0684495292993642,0.998843368542314,False,down
WBGene00008974,3,1.0,PFOA,-0.0685977795637679,0.998843368542314,False,down
WBGene00006646,3,1.0,PFOA,-0.0687462147665351,0.998843368542314,False,down
WBGene00044144,3,1.0,PFOA,-0.068776946296631,0.998843368542314,False,down
WBGene00020954,3,1.0,PFOA,-0.0687895417997046,0.998843368542314,False,down
WBGene00017807,3,1.0,PFOA,-0.068810850026693,0.998843368542314,False,down
WBGene00020158,3,0.9,PFOA,-0.0689243131552548,0.998843368542314,False,down
WBGene00016378,3,1.0,PFOA,-0.0689581244258427,0.998843368542314,False,down
WBGene00020051,3,1.0,PFOA,-0.069327407838237,0.998843368542314,False,down
WBGene00006641,3,1.0,PFOA,-0.0693368535534876,0.998843368542314,False,down
WBGene00011417,3,1.0,PFOA,-0.0694854505190372,0.998843368542314,False,down
WBGene00003248,3,0.9,PFOA,-0.0698029307269951,0.998843368542314,False,down
WBGene00008197,3,1.0,PFOA,-0.0700543682631508,0.998843368542314,False,down
WBGene00013257,3,1.0,PFOA,-0.0703435219900122,0.998843368542314,False,down
WBGene00021127,3,0.9,PFOA,-0.070346827784524,0.998843368542314,False,down
WBGene00012906,3,1.0,PFOA,-0.0711242642397605,0.998843368542314,False,down
WBGene00019741,3,0.7666666666666667,PFOA,-0.0718359858342778,0.998843368542314,False,down
WBGene00000455,3,1.0,PFOA,-0.0721405081932475,0.998843368542314,False,down
WBGene00044442,3,1.0,PFOA,-0.0723394910444006,0.998843368542314,False,down
WBGene00006055,3,1.0,PFOA,-0.0726678216571508,0.998843368542314,False,down
WBGene00001902,3,1.0,PFOA,-0.0727650877702957,0.998843368542314,False,down
WBGene00010667,3,1.0,PFOA,-0.0728247212088625,0.998843368542314,False,down
WBGene00000219,3,1.0,PFOA,-0.0729521552372912,0.998843368542314,False,down
WBGene00000037,3,0.7666666666666667,PFOA,-0.0730154382937379,0.998843368542314,False,down
WBGene00043067,3,1.0,PFOA,-0.0731438012925664,0.998843368542314,False,down
WBGene00009523,3,1.0,PFOA,-0.073214255840367,0.998843368542314,False,down
WBGene00007689,3,1.0,PFOA,-0.0735811577408408,0.998843368542314,False,down
WBGene00017374,3,1.0,PFOA,-0.0736396506116353,0.998843368542314,False,down
WBGene00013224,3,0.9,PFOA,-0.0738043170701458,0.998843368542314,False,down
WBGene00006561,3,0.9333333333333333,PFOA,-0.0739185834822674,0.998843368542314,False,down
WBGene00011230,3,0.9666666666666667,PFOA,-0.073934980691144,0.998843368542314,False,down
WBGene00005026,3,1.0,PFOA,-0.0746268501338204,0.998843368542314,False,down
WBGene00019092,3,1.0,PFOA,-0.0748273889744325,0.998843368542314,False,down
WBGene00022271,3,0.9,PFOA,-0.075085581288694,0.998843368542314,False,down
WBGene00019180,3,1.0,PFOA,-0.0751714982398776,0.998843368542314,False,down
WBGene00011571,3,0.9,PFOA,-0.0753150635965901,0.998843368542314,False,down
WBGene00015561,3,1.0,PFOA,-0.0758435004078978,0.998843368542314,False,down
WBGene00000454,3,1.0,PFOA,-0.0758968031371802,0.998843368542314,False,down
WBGene00022893,3,0.6333333333333333,PFOA,-0.0762287016974677,0.998843368542314,False,down
WBGene00009896,3,1.0,PFOA,-0.0774607158963514,0.998843368542314,False,down
WBGene00018268,3,0.5,PFOA,-0.0775096371970126,0.998843368542314,False,down
WBGene00015081,3,1.0,PFOA,-0.0775997864109075,0.998843368542314,False,down
WBGene00018346,3,1.0,PFOA,-0.0776432535309354,0.998843368542314,False,down
WBGene00009808,3,1.0,PFOA,-0.0781989158689244,0.998843368542314,False,down
WBGene00045013,3,1.0,PFOA,-0.0782432348672006,0.998843368542314,False,down
WBGene00015626,3,1.0,PFOA,-0.0784252927158658,0.998843368542314,False,down
WBGene00016191,3,0.5333333333333333,PFOA,-0.0793063496050863,0.998843368542314,False,down
WBGene00011511,3,1.0,PFOA,-0.0794018928783541,0.998843368542314,False,down
WBGene00002982,3,1.0,PFOA,-0.0794584209873579,0.998843368542314,False,down
WBGene00018317,3,1.0,PFOA,-0.0795028394286215,0.998843368542314,False,down
WBGene00017428,3,0.8666666666666667,PFOA,-0.079569324030757,0.998843368542314,False,down
WBGene00019776,3,0.9666666666666667,PFOA,-0.0797652009393447,0.998843368542314,False,down
WBGene00002012,3,1.0,PFOA,-0.079849701187535,0.998843368542314,False,down
WBGene00019262,3,1.0,PFOA,-0.0798500290358957,0.998843368542314,False,down
WBGene00009142,3,0.9666666666666667,PFOA,-0.0799102636732927,0.998843368542314,False,down
WBGene00006416,3,1.0,PFOA,-0.080112678529413,0.998843368542314,False,down
WBGene00008266,3,1.0,PFOA,-0.0807842071439525,0.998843368542314,False,down
WBGene00012813,3,0.6333333333333333,PFOA,-0.0809716896498214,0.998843368542314,False,down
WBGene00008570,3,1.0,PFOA,-0.0815279788699154,0.998843368542314,False,down
WBGene00009493,3,1.0,PFOA,-0.082201499850587,0.998843368542314,False,down
WBGene00185005,3,1.0,PFOA,-0.0826690377313275,0.998843368542314,False,down
WBGene00012463,3,1.0,PFOA,-0.0828049210798522,0.998843368542314,False,down
WBGene00020188,3,1.0,PFOA,-0.0828878256761706,0.998843368542314,False,down
WBGene00018937,3,0.9666666666666667,PFOA,-0.0830428378228448,0.998843368542314,False,down
WBGene00002151,3,0.9666666666666667,PFOA,-0.0836444351283992,0.998843368542314,False,down
WBGene00013812,3,1.0,PFOA,-0.0837014520386916,0.998843368542314,False,down
WBGene00019828,3,1.0,PFOA,-0.0837994214068816,0.998843368542314,False,down
WBGene00021641,3,0.9666666666666667,PFOA,-0.083982103985372,0.998843368542314,False,down
WBGene00008304,3,0.9,PFOA,-0.0841059554101323,0.998843368542314,False,down
WBGene00010585,3,0.9666666666666667,PFOA,-0.0841123017325612,0.998843368542314,False,down
WBGene00019624,3,1.0,PFOA,-0.0844087723965793,0.998843368542314,False,down
WBGene00005759,3,0.9666666666666667,PFOA,-0.0846155308188902,0.998843368542314,False,down
WBGene00043982,3,0.9666666666666667,PFOA,-0.0846422117520203,0.998843368542314,False,down
WBGene00000905,3,0.5333333333333333,PFOA,-0.0849124665035295,0.998843368542314,False,down
WBGene00044478,3,0.7333333333333333,PFOA,-0.0857228365466235,0.998843368542314,False,down
WBGene00019667,3,1.0,PFOA,-0.0857998336704032,0.998843368542314,False,down
WBGene00015621,3,0.9,PFOA,-0.0861329278322924,0.998843368542314,False,down
WBGene00008120,3,1.0,PFOA,-0.0869681020155265,0.998843368542314,False,down
WBGene00004987,3,1.0,PFOA,-0.0870161192044353,0.998843368542314,False,down
WBGene00003000,3,1.0,PFOA,-0.0871562237938902,0.998843368542314,False,down
WBGene00015471,3,1.0,PFOA,-0.087317887515465,0.998843368542314,False,down
WBGene00020574,3,1.0,PFOA,-0.0874796747302616,0.998843368542314,False,down
WBGene00017471,3,1.0,PFOA,-0.087529269562324,0.998843368542314,False,down
WBGene00011027,3,1.0,PFOA,-0.0877281031112089,0.998843368542314,False,down
WBGene00008952,3,0.9,PFOA,-0.087750932171406,0.998843368542314,False,down
WBGene00006782,3,1.0,PFOA,-0.0885218473340805,0.998843368542314,False,down
WBGene00003651,3,0.9,PFOA,-0.0891636672232612,0.998843368542314,False,down
WBGene00013643,3,1.0,PFOA,-0.0893415399906082,0.998843368542314,False,down
WBGene00022623,3,1.0,PFOA,-0.089939413421917,0.998843368542314,False,down
WBGene00045390,3,1.0,PFOA,-0.0902891338324267,0.998843368542314,False,down
WBGene00020339,3,1.0,PFOA,-0.090394780838631,0.998843368542314,False,down
WBGene00022503,3,1.0,PFOA,-0.0903955990746915,0.998843368542314,False,down
WBGene00011695,3,0.9666666666666667,PFOA,-0.0905444609662474,0.998843368542314,False,down
WBGene00021461,3,1.0,PFOA,-0.0906012480146556,0.998843368542314,False,down
WBGene00021034,3,0.8666666666666667,PFOA,-0.0918528673969858,0.998843368542314,False,down
WBGene00017637,3,1.0,PFOA,-0.0929877298874052,0.998843368542314,False,down
WBGene00020684,3,1.0,PFOA,-0.093173018494509,0.998843368542314,False,down
WBGene00012404,3,1.0,PFOA,-0.093571936250613,0.998843368542314,False,down
WBGene00011859,3,0.9666666666666667,PFOA,-0.0935966796908669,0.998843368542314,False,down
WBGene00015577,3,0.8333333333333334,PFOA,-0.0937492062922613,0.998843368542314,False,down
WBGene00017042,3,1.0,PFOA,-0.0937502173812989,0.998843368542314,False,down
WBGene00013569,3,0.9,PFOA,-0.0942987845297847,0.998843368542314,False,down
WBGene00000253,3,0.9666666666666667,PFOA,-0.0943204503496075,0.998843368542314,False,down
WBGene00016621,3,1.0,PFOA,-0.094546717993049,0.998843368542314,False,down
WBGene00012930,3,1.0,PFOA,-0.0948511367352151,0.998843368542314,False,down
WBGene00015218,3,1.0,PFOA,-0.0951689850695631,0.998843368542314,False,down
WBGene00044423,3,0.7,PFOA,-0.0953575683253995,0.998843368542314,False,down
WBGene00001899,3,1.0,PFOA,-0.0957272283295025,0.998843368542314,False,down
WBGene00021079,3,0.9333333333333333,PFOA,-0.0958280293359846,0.998843368542314,False,down
WBGene00007595,3,1.0,PFOA,-0.0964941400945614,0.998843368542314,False,down
WBGene00018266,3,1.0,PFOA,-0.0973420619272752,0.998843368542314,False,down
WBGene00007635,3,1.0,PFOA,-0.097438443025618,0.998843368542314,False,down
WBGene00021409,3,0.9,PFOA,-0.0975412949625145,0.998843368542314,False,down
WBGene00013562,3,1.0,PFOA,-0.0976120759890777,0.998843368542314,False,down
WBGene00001586,3,1.0,PFOA,-0.0976483226144841,0.998843368542314,False,down
WBGene00001601,3,1.0,PFOA,-0.0976911777705592,0.998843368542314,False,down
WBGene00019484,3,1.0,PFOA,-0.0987421269609273,0.998843368542314,False,down
WBGene00016432,3,1.0,PFOA,-0.0993366765873403,0.998843368542314,False,down
WBGene00007507,3,0.9666666666666667,PFOA,-0.099350194545922,0.998843368542314,False,down
WBGene00194815,3,0.9666666666666667,PFOA,-0.0995483954652114,0.998843368542314,False,down
WBGene00004281,3,0.9,PFOA,-0.0998305217551351,0.998843368542314,False,down
WBGene00020449,3,1.0,PFOA,-0.100649022776372,0.998843368542314,False,down
WBGene00016494,3,1.0,PFOA,-0.100822987255219,0.998843368542314,False,down
WBGene00007173,3,0.9666666666666667,PFOA,-0.101144111089262,0.998843368542314,False,down
WBGene00004096,3,1.0,PFOA,-0.101268045674433,0.998843368542314,False,down
WBGene00009931,3,1.0,PFOA,-0.101419201020815,0.998843368542314,False,down
WBGene00269421,3,1.0,PFOA,-0.101908512901112,0.998843368542314,False,down
WBGene00008392,3,0.9333333333333333,PFOA,-0.102117397846402,0.998843368542314,False,down
WBGene00020663,3,1.0,PFOA,-0.102452761944556,0.998843368542314,False,down
WBGene00008802,3,1.0,PFOA,-0.102836779946529,0.998843368542314,False,down
WBGene00007513,3,1.0,PFOA,-0.1030456534007,0.998843368542314,False,down
WBGene00007820,3,1.0,PFOA,-0.10321344621749,0.998843368542314,False,down
WBGene00013079,3,0.9333333333333333,PFOA,-0.103281941763232,0.998843368542314,False,down
WBGene00019744,3,1.0,PFOA,-0.103339279658721,0.998843368542314,False,down
WBGene00008352,3,0.7,PFOA,-0.104033403724241,0.998843368542314,False,down
WBGene00019438,3,1.0,PFOA,-0.104168646951468,0.998843368542314,False,down
WBGene00012750,3,1.0,PFOA,-0.104923228767611,0.998843368542314,False,down
WBGene00001557,3,1.0,PFOA,-0.105070234358337,0.998843368542314,False,down
WBGene00013480,3,1.0,PFOA,-0.105093401941519,0.998843368542314,False,down
WBGene00022824,3,0.9,PFOA,-0.105309714600153,0.998843368542314,False,down
WBGene00020374,3,0.9,PFOA,-0.106066212783835,0.998843368542314,False,down
WBGene00015495,3,1.0,PFOA,-0.106230243677607,0.998843368542314,False,down
WBGene00015631,3,1.0,PFOA,-0.107058737507892,0.998843368542314,False,down
WBGene00009895,3,0.9333333333333333,PFOA,-0.107135397148885,0.998843368542314,False,down
WBGene00010887,3,1.0,PFOA,-0.107168820651817,0.998843368542314,False,down
WBGene00018859,3,1.0,PFOA,-0.107699789239471,0.998843368542314,False,down
WBGene00271414,3,0.9666666666666667,PFOA,-0.107996711338768,0.998843368542314,False,down
WBGene00013828,3,1.0,PFOA,-0.108002315964583,0.998843368542314,False,down
WBGene00045397,3,1.0,PFOA,-0.108777445905685,0.998843368542314,False,down
WBGene00017375,3,1.0,PFOA,-0.109314082414644,0.998843368542314,False,down
WBGene00015536,3,1.0,PFOA,-0.110211443535629,0.998843368542314,False,down
WBGene00008233,3,0.9666666666666667,PFOA,-0.110363548216863,0.998843368542314,False,down
WBGene00001916,3,0.9,PFOA,-0.110641721204814,0.998843368542314,False,down
WBGene00044556,3,1.0,PFOA,-0.110661453919319,0.998843368542314,False,down
WBGene00020043,3,1.0,PFOA,-0.110672346019975,0.998843368542314,False,down
WBGene00019565,3,1.0,PFOA,-0.1109934321799,0.998843368542314,False,down
WBGene00003726,3,1.0,PFOA,-0.111440924425073,0.998843368542314,False,down
WBGene00010940,3,0.9666666666666667,PFOA,-0.111791516126295,0.998843368542314,False,down
WBGene00043702,3,1.0,PFOA,-0.112148820009129,0.998843368542314,False,down
WBGene00271606,3,1.0,PFOA,-0.112190285325251,0.998843368542314,False,down
WBGene00011382,3,1.0,PFOA,-0.112234935620825,0.998843368542314,False,down
WBGene00018259,3,1.0,PFOA,-0.112457787828377,0.998843368542314,False,down
WBGene00015861,3,0.9666666666666667,PFOA,-0.112466954446008,0.998843368542314,False,down
WBGene00001587,3,0.9666666666666667,PFOA,-0.112677843678434,0.998843368542314,False,down
WBGene00009711,3,1.0,PFOA,-0.112738131737739,0.998843368542314,False,down
WBGene00008834,3,0.9,PFOA,-0.112838126684237,0.998843368542314,False,down
WBGene00005182,3,1.0,PFOA,-0.112958483878415,0.998843368542314,False,down
WBGene00017120,3,1.0,PFOA,-0.113023102212972,0.998843368542314,False,down
WBGene00016911,3,0.5333333333333333,PFOA,-0.113808573827498,0.998843368542314,False,down
WBGene00006853,3,1.0,PFOA,-0.114194160201606,0.998843368542314,False,down
WBGene00015057,3,0.8333333333333334,PFOA,-0.114341289843499,0.998843368542314,False,down
WBGene00022402,3,0.9333333333333333,PFOA,-0.114430396308802,0.998843368542314,False,down
WBGene00009000,3,1.0,PFOA,-0.114758659353366,0.998843368542314,False,down
WBGene00017422,3,0.9666666666666667,PFOA,-0.114875399709689,0.998843368542314,False,down
WBGene00019979,3,0.5,PFOA,-0.116279792745384,0.998843368542314,False,down
WBGene00021297,3,1.0,PFOA,-0.116678656788901,0.998843368542314,False,down
WBGene00019391,3,1.0,PFOA,-0.11689296898702,0.998843368542314,False,down
WBGene00045411,3,0.9666666666666667,PFOA,-0.117426269152234,0.998843368542314,False,down
WBGene00013008,3,1.0,PFOA,-0.117824281508222,0.998843368542314,False,down
WBGene00006628,3,0.9666666666666667,PFOA,-0.118060165505545,0.998843368542314,False,down
WBGene00019339,3,1.0,PFOA,-0.118064993267804,0.998843368542314,False,down
WBGene00003807,3,0.7666666666666667,PFOA,-0.118245642791982,0.998843368542314,False,down
WBGene00016530,3,0.9666666666666667,PFOA,-0.118275415697239,0.998843368542314,False,down
WBGene00001887,3,0.9666666666666667,PFOA,-0.118557247290366,0.998843368542314,False,down
WBGene00012491,3,1.0,PFOA,-0.119688850741588,0.998843368542314,False,down
WBGene00021986,3,1.0,PFOA,-0.120144784992828,0.998843368542314,False,down
WBGene00007216,3,1.0,PFOA,-0.120578698114675,0.998843368542314,False,down
WBGene00022823,3,0.9666666666666667,PFOA,-0.120958998467178,0.998843368542314,False,down
WBGene00017197,3,1.0,PFOA,-0.121294275476039,0.998843368542314,False,down
WBGene00008341,3,1.0,PFOA,-0.121804297495526,0.998843368542314,False,down
WBGene00006467,3,0.9666666666666667,PFOA,-0.121974192219994,0.998843368542314,False,down
WBGene00011442,3,0.6333333333333333,PFOA,-0.122287906854035,0.998843368542314,False,down
WBGene00044304,3,1.0,PFOA,-0.122474624062252,0.998843368542314,False,down
WBGene00018068,3,1.0,PFOA,-0.122875355447205,0.998843368542314,False,down
WBGene00008240,3,1.0,PFOA,-0.122919701535906,0.998843368542314,False,down
WBGene00019097,3,1.0,PFOA,-0.123054190199246,0.998843368542314,False,down
WBGene00005008,3,0.9,PFOA,-0.123059990302893,0.998843368542314,False,down
WBGene00016156,3,1.0,PFOA,-0.123141723148491,0.998843368542314,False,down
WBGene00011610,3,1.0,PFOA,-0.123332551224424,0.998843368542314,False,down
WBGene00008804,3,1.0,PFOA,-0.123625510412891,0.998843368542314,False,down
WBGene00020583,3,1.0,PFOA,-0.123881583031334,0.998843368542314,False,down
WBGene00022515,3,0.6333333333333333,PFOA,-0.124845789207952,0.998843368542314,False,down
WBGene00007546,3,0.9333333333333333,PFOA,-0.125967140088409,0.998843368542314,False,down
WBGene00235325,3,1.0,PFOA,-0.125977658183195,0.998843368542314,False,down
WBGene00008667,3,0.9,PFOA,-0.126460654192756,0.998843368542314,False,down
WBGene00011622,3,0.9333333333333333,PFOA,-0.126943334538082,0.998843368542314,False,down
WBGene00000734,3,1.0,PFOA,-0.127097131411371,0.998843368542314,False,down
WBGene00013303,3,0.9666666666666667,PFOA,-0.127225862495001,0.998843368542314,False,down
WBGene00008130,3,1.0,PFOA,-0.127577888923952,0.998843368542314,False,down
WBGene00012546,3,0.9,PFOA,-0.12785214233971,0.998843368542314,False,down
WBGene00009485,3,0.9,PFOA,-0.128224116338402,0.998843368542314,False,down
WBGene00020532,3,1.0,PFOA,-0.128335155603884,0.998843368542314,False,down
WBGene00044353,3,1.0,PFOA,-0.128916524477493,0.998843368542314,False,down
WBGene00000726,3,1.0,PFOA,-0.129202626441533,0.998843368542314,False,down
WBGene00021336,3,0.5,PFOA,-0.129288095574834,0.998843368542314,False,down
WBGene00206514,3,1.0,PFOA,-0.129324478347927,0.998843368542314,False,down
WBGene00013576,3,0.9333333333333333,PFOA,-0.129334413677952,0.998843368542314,False,down
WBGene00003604,3,0.9666666666666667,PFOA,-0.129398225446808,0.998843368542314,False,down
WBGene00003644,3,0.9,PFOA,-0.130160584922607,0.998843368542314,False,down
WBGene00016912,3,0.6666666666666666,PFOA,-0.130552101337724,0.998843368542314,False,down
WBGene00003620,3,0.9333333333333333,PFOA,-0.130613127356391,0.998843368542314,False,down
WBGene00002200,3,1.0,PFOA,-0.131059377900771,0.998843368542314,False,down
WBGene00011545,3,1.0,PFOA,-0.131494031787842,0.998843368542314,False,down
WBGene00022522,3,1.0,PFOA,-0.131744000832459,0.998843368542314,False,down
WBGene00008961,3,1.0,PFOA,-0.132030035748222,0.998843368542314,False,down
WBGene00044205,3,0.9666666666666667,PFOA,-0.132545158335619,0.998843368542314,False,down
WBGene00014101,3,1.0,PFOA,-0.132644290206472,0.998843368542314,False,down
WBGene00011450,3,1.0,PFOA,-0.132677817581118,0.998843368542314,False,down
WBGene00000535,3,1.0,PFOA,-0.132724909071667,0.998843368542314,False,down
WBGene00011948,3,0.9666666666666667,PFOA,-0.132743233225733,0.998843368542314,False,down
WBGene00012582,3,1.0,PFOA,-0.133033036269774,0.998843368542314,False,down
WBGene00002987,3,0.9666666666666667,PFOA,-0.134151335353996,0.998843368542314,False,down
WBGene00017868,3,1.0,PFOA,-0.134260562745146,0.998843368542314,False,down
WBGene00016619,3,1.0,PFOA,-0.134742424005233,0.998843368542314,False,down
WBGene00015786,3,0.9,PFOA,-0.135520668150225,0.998843368542314,False,down
WBGene00020106,3,0.6333333333333333,PFOA,-0.135707253915459,0.998843368542314,False,down
WBGene00023418,3,1.0,PFOA,-0.135841250994364,0.998843368542314,False,down
WBGene00011581,3,1.0,PFOA,-0.136097067024794,0.998843368542314,False,down
WBGene00016204,3,0.9666666666666667,PFOA,-0.13627836606554,0.998843368542314,False,down
WBGene00044527,3,0.9,PFOA,-0.136351226412439,0.998843368542314,False,down
WBGene00004154,3,1.0,PFOA,-0.136784454873607,0.998843368542314,False,down
WBGene00020341,3,1.0,PFOA,-0.137135852632347,0.998843368542314,False,down
WBGene00044774,3,0.8333333333333334,PFOA,-0.137716185406253,0.998843368542314,False,down
WBGene00015200,3,0.9,PFOA,-0.138499680983098,0.998843368542314,False,down
WBGene00021875,3,1.0,PFOA,-0.138591880856805,0.998843368542314,False,down
WBGene00005640,3,1.0,PFOA,-0.139242877638759,0.998843368542314,False,down
WBGene00000819,3,1.0,PFOA,-0.139310867112741,0.998843368542314,False,down
WBGene00020456,3,0.9333333333333333,PFOA,-0.139488413820528,0.998843368542314,False,down
WBGene00008142,3,0.9666666666666667,PFOA,-0.13955166548487,0.998843368542314,False,down
WBGene00019939,3,1.0,PFOA,-0.140201854561323,0.998843368542314,False,down
WBGene00003668,3,1.0,PFOA,-0.14050133340017,0.998843368542314,False,down
WBGene00012948,3,1.0,PFOA,-0.140805924500383,0.998843368542314,False,down
WBGene00018966,3,0.6333333333333333,PFOA,-0.141270800687131,0.998843368542314,False,down
WBGene00012739,3,1.0,PFOA,-0.142122483978051,0.998843368542314,False,down
WBGene00013762,3,0.9,PFOA,-0.142185479705142,0.998843368542314,False,down
WBGene00004374,3,1.0,PFOA,-0.142218221920285,0.998843368542314,False,down
WBGene00016903,3,0.9,PFOA,-0.142432184359612,0.998843368542314,False,down
WBGene00019720,3,0.9,PFOA,-0.144800481981182,0.998843368542314,False,down
WBGene00018410,3,1.0,PFOA,-0.145480639071042,0.998843368542314,False,down
WBGene00015858,3,1.0,PFOA,-0.146022040162734,0.998843368542314,False,down
WBGene00010375,3,1.0,PFOA,-0.147312183662033,0.998843368542314,False,down
WBGene00017445,3,1.0,PFOA,-0.147645328491747,0.998843368542314,False,down
WBGene00044289,3,1.0,PFOA,-0.148243483888739,0.998843368542314,False,down
WBGene00008499,3,1.0,PFOA,-0.148588317946235,0.998843368542314,False,down
WBGene00019492,3,0.6333333333333333,PFOA,-0.148796482843516,0.998843368542314,False,down
WBGene00009025,3,1.0,PFOA,-0.149003025601293,0.998843368542314,False,down
WBGene00017398,3,1.0,PFOA,-0.149440908537264,0.998843368542314,False,down
WBGene00000057,3,0.9,PFOA,-0.150649983962712,0.998843368542314,False,down
WBGene00020652,3,1.0,PFOA,-0.150926071441378,0.998843368542314,False,down
WBGene00010473,3,0.8333333333333334,PFOA,-0.151017593348586,0.998843368542314,False,down
WBGene00004748,3,0.9666666666666667,PFOA,-0.151053254763159,0.998843368542314,False,down
WBGene00003938,3,1.0,PFOA,-0.151137592235425,0.998843368542314,False,down
WBGene00017512,3,0.6333333333333333,PFOA,-0.151491372995571,0.998843368542314,False,down
WBGene00019564,3,1.0,PFOA,-0.152250485635825,0.998843368542314,False,down
WBGene00020904,3,1.0,PFOA,-0.152294289100483,0.998843368542314,False,down
WBGene00004393,3,1.0,PFOA,-0.152552838591605,0.998843368542314,False,down
WBGene00017563,3,1.0,PFOA,-0.152759094034374,0.998843368542314,False,down
WBGene00011166,3,1.0,PFOA,-0.153250207345325,0.998843368542314,False,down
WBGene00022295,3,1.0,PFOA,-0.154127054347522,0.998843368542314,False,down
WBGene00012564,3,1.0,PFOA,-0.154673343505199,0.998843368542314,False,down
WBGene00013662,3,0.7333333333333333,PFOA,-0.154706898436111,0.998843368542314,False,down
WBGene00003707,3,0.5,PFOA,-0.154958436393343,0.998843368542314,False,down
WBGene00003692,3,0.9666666666666667,PFOA,-0.155176063232047,0.998843368542314,False,down
WBGene00015660,3,0.9,PFOA,-0.155610261509851,0.998843368542314,False,down
WBGene00017150,3,1.0,PFOA,-0.155813435971354,0.998843368542314,False,down
WBGene00003590,3,0.9666666666666667,PFOA,-0.157573086351669,0.998843368542314,False,down
WBGene00016744,3,1.0,PFOA,-0.157889543614884,0.998843368542314,False,down
WBGene00019200,3,0.9666666666666667,PFOA,-0.158023187836957,0.998843368542314,False,down
WBGene00021167,3,0.9,PFOA,-0.158082692049273,0.998843368542314,False,down
WBGene00009202,3,0.5,PFOA,-0.159089710627059,0.998843368542314,False,down
WBGene00013693,3,1.0,PFOA,-0.159356848100127,0.998843368542314,False,down
WBGene00007511,3,0.9666666666666667,PFOA,-0.159700883485188,0.998843368542314,False,down
WBGene00008372,3,1.0,PFOA,-0.160418048642771,0.998843368542314,False,down
WBGene00006731,3,1.0,PFOA,-0.160568516711069,0.998843368542314,False,down
WBGene00019183,3,0.9,PFOA,-0.160626896205357,0.998843368542314,False,down
WBGene00003646,3,1.0,PFOA,-0.160869417373505,0.998843368542314,False,down
WBGene00015539,3,0.9666666666666667,PFOA,-0.162051224066699,0.998843368542314,False,down
WBGene00008905,3,0.9,PFOA,-0.162208319351222,0.998843368542314,False,down
WBGene00045053,3,1.0,PFOA,-0.162675121607126,0.998843368542314,False,down
WBGene00010334,3,0.9666666666666667,PFOA,-0.162884605466334,0.998843368542314,False,down
WBGene00010082,3,1.0,PFOA,-0.163164880035444,0.998843368542314,False,down
WBGene00020917,3,0.8666666666666667,PFOA,-0.163281362970907,0.998843368542314,False,down
WBGene00016801,3,1.0,PFOA,-0.164091429222018,0.998843368542314,False,down
WBGene00008912,3,1.0,PFOA,-0.164254049673955,0.998843368542314,False,down
WBGene00007758,3,0.6666666666666666,PFOA,-0.164822464120552,0.998843368542314,False,down
WBGene00003682,3,0.9666666666666667,PFOA,-0.16506506635643,0.998843368542314,False,down
WBGene00008476,3,1.0,PFOA,-0.165139789525651,0.998843368542314,False,down
WBGene00001398,3,1.0,PFOA,-0.16542147708677,0.998843368542314,False,down
WBGene00007590,3,1.0,PFOA,-0.165445549127035,0.998843368542314,False,down
WBGene00021894,3,1.0,PFOA,-0.165644503629589,0.998843368542314,False,down
WBGene00008065,3,0.9,PFOA,-0.166116168906806,0.998843368542314,False,down
WBGene00003731,3,0.8333333333333334,PFOA,-0.166306529652048,0.998843368542314,False,down
WBGene00015560,3,0.9,PFOA,-0.166414937734351,0.998843368542314,False,down
WBGene00008988,3,1.0,PFOA,-0.166984216926574,0.998843368542314,False,down
WBGene00010740,3,0.9,PFOA,-0.16732925735258,0.998843368542314,False,down
WBGene00015710,3,1.0,PFOA,-0.167450766795095,0.998843368542314,False,down
WBGene00019407,3,1.0,PFOA,-0.167502212818784,0.998843368542314,False,down
WBGene00021397,3,1.0,PFOA,-0.167807644593624,0.998843368542314,False,down
WBGene00016165,3,1.0,PFOA,-0.167824017457287,0.998843368542314,False,down
WBGene00019652,3,1.0,PFOA,-0.169040500853381,0.998843368542314,False,down
WBGene00009984,3,1.0,PFOA,-0.169921951350128,0.998843368542314,False,down
WBGene00012605,3,1.0,PFOA,-0.169965940257673,0.998843368542314,False,down
WBGene00012764,3,0.9666666666666667,PFOA,-0.170904147897837,0.998843368542314,False,down
WBGene00003249,3,1.0,PFOA,-0.171431197107036,0.998843368542314,False,down
WBGene00015216,3,0.9,PFOA,-0.1720223374575,0.998843368542314,False,down
WBGene00016575,3,0.9,PFOA,-0.173372223647283,0.998843368542314,False,down
WBGene00012538,3,1.0,PFOA,-0.174328734394099,0.998843368542314,False,down
WBGene00016005,3,0.9,PFOA,-0.174604008282501,0.998843368542314,False,down
WBGene00013509,3,0.9,PFOA,-0.174760553446356,0.998843368542314,False,down
WBGene00077775,3,1.0,PFOA,-0.1748897752484,0.998843368542314,False,down
WBGene00015839,3,0.6,PFOA,-0.176180358658271,0.998843368542314,False,down
WBGene00008234,3,0.9,PFOA,-0.176338086603222,0.998843368542314,False,down
WBGene00044406,3,1.0,PFOA,-0.176975332808464,0.998843368542314,False,down
WBGene00000664,3,0.9,PFOA,-0.178244890432736,0.998843368542314,False,down
WBGene00022802,3,0.9,PFOA,-0.178457977210208,0.998843368542314,False,down
WBGene00021741,3,1.0,PFOA,-0.180315946877241,0.998843368542314,False,down
WBGene00013043,3,1.0,PFOA,-0.181080055002719,0.998843368542314,False,down
WBGene00003757,3,0.9666666666666667,PFOA,-0.181114746007827,0.998843368542314,False,down
WBGene00008213,3,0.6333333333333333,PFOA,-0.181188988161703,0.998843368542314,False,down
WBGene00009544,3,1.0,PFOA,-0.181233786041937,0.998843368542314,False,down
WBGene00013453,3,1.0,PFOA,-0.181425400198661,0.998843368542314,False,down
WBGene00012629,3,1.0,PFOA,-0.181504033825519,0.998843368542314,False,down
WBGene00008358,3,0.9666666666666667,PFOA,-0.182362395971415,0.998843368542314,False,down
WBGene00009729,3,1.0,PFOA,-0.182435680894642,0.998843368542314,False,down
WBGene00195154,3,1.0,PFOA,-0.182450246290153,0.998843368542314,False,down
WBGene00007213,3,1.0,PFOA,-0.182861484312909,0.998843368542314,False,down
WBGene00001127,3,1.0,PFOA,-0.183067279164069,0.998843368542314,False,down
WBGene00019603,3,0.9666666666666667,PFOA,-0.183908162321345,0.998843368542314,False,down
WBGene00005205,3,1.0,PFOA,-0.183913235935187,0.998843368542314,False,down
WBGene00022547,3,0.7,PFOA,-0.184356049604313,0.998843368542314,False,down
WBGene00001532,3,1.0,PFOA,-0.184785425285499,0.998843368542314,False,down
WBGene00013127,3,0.9,PFOA,-0.186763894717645,0.998843368542314,False,down
WBGene00006656,3,1.0,PFOA,-0.188448589773014,0.998843368542314,False,down
WBGene00007166,3,0.9,PFOA,-0.189234211304087,0.998843368542314,False,down
WBGene00044389,3,0.9333333333333333,PFOA,-0.189260962338763,0.998843368542314,False,down
WBGene00019999,3,0.9,PFOA,-0.189434458397817,0.998843368542314,False,down
WBGene00007174,3,1.0,PFOA,-0.189478868193811,0.998843368542314,False,down
WBGene00008332,3,1.0,PFOA,-0.189774602599245,0.998843368542314,False,down
WBGene00008222,3,0.9,PFOA,-0.190459117368216,0.998843368542314,False,down
WBGene00012195,3,1.0,PFOA,-0.192105427034084,0.998843368542314,False,down
WBGene00022562,3,0.7,PFOA,-0.192285859160825,0.998843368542314,False,down
WBGene00005716,3,1.0,PFOA,-0.192513863142806,0.998843368542314,False,down
WBGene00077701,3,0.9666666666666667,PFOA,-0.192516271886689,0.998843368542314,False,down
WBGene00000974,3,1.0,PFOA,-0.193095314597783,0.998843368542314,False,down
WBGene00007926,3,0.9,PFOA,-0.193954471688798,0.998843368542314,False,down
WBGene00044736,3,1.0,PFOA,-0.19461957234224,0.998843368542314,False,down
WBGene00022527,3,1.0,PFOA,-0.195488286716123,0.998843368542314,False,down
WBGene00003702,3,0.9333333333333333,PFOA,-0.196077645969528,0.998843368542314,False,down
WBGene00002211,3,1.0,PFOA,-0.198600430639607,0.998843368542314,False,down
WBGene00009780,3,1.0,PFOA,-0.198722179972899,0.998843368542314,False,down
WBGene00007844,3,0.9,PFOA,-0.200088506931007,0.998843368542314,False,down
WBGene00012151,3,1.0,PFOA,-0.200562124909975,0.998843368542314,False,down
WBGene00015115,3,0.9666666666666667,PFOA,-0.202418645070997,0.998843368542314,False,down
WBGene00009778,3,0.9,PFOA,-0.202667128584836,0.998843368542314,False,down
WBGene00021121,3,1.0,PFOA,-0.203106466914548,0.998843368542314,False,down
WBGene00018286,3,0.6,PFOA,-0.203788843287699,0.998843368542314,False,down
WBGene00012899,3,1.0,PFOA,-0.204575806621724,0.998843368542314,False,down
WBGene00017483,3,0.9,PFOA,-0.204860807192455,0.998843368542314,False,down
WBGene00269387,3,0.9333333333333333,PFOA,-0.205043370405943,0.998843368542314,False,down
WBGene00000193,3,1.0,PFOA,-0.205706416470109,0.998843368542314,False,down
WBGene00007964,3,0.6333333333333333,PFOA,-0.205963627629391,0.998843368542314,False,down
WBGene00005664,3,1.0,PFOA,-0.206028718393605,0.998843368542314,False,down
WBGene00044922,3,0.9666666666666667,PFOA,-0.206047365939904,0.998843368542314,False,down
WBGene00044681,3,1.0,PFOA,-0.20715669975014,0.998843368542314,False,down
WBGene00044612,3,0.9,PFOA,-0.207342980311349,0.998843368542314,False,down
WBGene00019105,3,1.0,PFOA,-0.20753708627119,0.998843368542314,False,down
WBGene00004183,3,0.7666666666666667,PFOA,-0.207727115766768,0.998843368542314,False,down
WBGene00012399,3,0.7,PFOA,-0.207987913927006,0.998843368542314,False,down
WBGene00016212,3,0.9,PFOA,-0.208116578309874,0.998843368542314,False,down
WBGene00017142,3,1.0,PFOA,-0.208545186641786,0.998843368542314,False,down
WBGene00008127,3,1.0,PFOA,-0.209274240482353,0.998843368542314,False,down
WBGene00011584,3,1.0,PFOA,-0.210304998667412,0.998843368542314,False,down
WBGene00019867,3,1.0,PFOA,-0.210683197377501,0.998843368542314,False,down
WBGene00017100,3,1.0,PFOA,-0.21140543270876,0.998843368542314,False,down
WBGene00021123,3,1.0,PFOA,-0.211895902845615,0.998843368542314,False,down
WBGene00009490,3,1.0,PFOA,-0.21265442187355,0.998843368542314,False,down
WBGene00021547,3,0.7333333333333333,PFOA,-0.212876524271223,0.998843368542314,False,down
WBGene00020551,3,0.9666666666666667,PFOA,-0.214018736446696,0.998843368542314,False,down
WBGene00013041,3,1.0,PFOA,-0.214508249997065,0.998843368542314,False,down
WBGene00045405,3,0.9333333333333333,PFOA,-0.214693359495311,0.998843368542314,False,down
WBGene00000653,3,1.0,PFOA,-0.215363904782809,0.998843368542314,False,down
WBGene00019699,3,1.0,PFOA,-0.21553549245664,0.998843368542314,False,down
WBGene00000983,3,0.9666666666666667,PFOA,-0.215833755189453,0.998843368542314,False,down
WBGene00013439,3,0.5333333333333333,PFOA,-0.217382417985831,0.998843368542314,False,down
WBGene00044421,3,1.0,PFOA,-0.217439732329046,0.998843368542314,False,down
WBGene00015264,3,1.0,PFOA,-0.217548671890111,0.998843368542314,False,down
WBGene00006632,3,1.0,PFOA,-0.21796041835095,0.998843368542314,False,down
WBGene00012428,3,1.0,PFOA,-0.218609871683506,0.998843368542314,False,down
WBGene00021640,3,1.0,PFOA,-0.219543694996996,0.998843368542314,False,down
WBGene00194921,3,1.0,PFOA,-0.21994257497381,0.998843368542314,False,down
WBGene00016927,3,1.0,PFOA,-0.219967703279429,0.998843368542314,False,down
WBGene00018614,3,1.0,PFOA,-0.219996903871086,0.998843368542314,False,down
WBGene00015483,3,0.9,PFOA,-0.220461682218785,0.998843368542314,False,down
WBGene00010907,3,1.0,PFOA,-0.221100410448774,0.998843368542314,False,down
WBGene00007885,3,0.7666666666666667,PFOA,-0.221227650566784,0.998843368542314,False,down
WBGene00007515,3,0.9333333333333333,PFOA,-0.22156231387614,0.998843368542314,False,down
WBGene00011082,3,1.0,PFOA,-0.221779210902586,0.998843368542314,False,down
WBGene00022285,3,1.0,PFOA,-0.224029786865529,0.998843368542314,False,down
WBGene00019473,3,0.6,PFOA,-0.224069533446437,0.998843368542314,False,down
WBGene00013822,3,1.0,PFOA,-0.224206291559091,0.998843368542314,False,down
WBGene00008713,3,1.0,PFOA,-0.224211981823952,0.998843368542314,False,down
WBGene00021605,3,1.0,PFOA,-0.224494673199008,0.998843368542314,False,down
WBGene00007963,3,0.9333333333333333,PFOA,-0.224599633281305,0.998843368542314,False,down
WBGene00007274,3,0.9666666666666667,PFOA,-0.225712106495688,0.998843368542314,False,down
WBGene00011593,3,1.0,PFOA,-0.226087816787136,0.998843368542314,False,down
WBGene00019187,3,0.9,PFOA,-0.227114104645349,0.998843368542314,False,down
WBGene00003886,3,1.0,PFOA,-0.227221002215161,0.998843368542314,False,down
WBGene00022838,3,0.9666666666666667,PFOA,-0.22733923298591,0.998843368542314,False,down
WBGene00021188,3,1.0,PFOA,-0.227545082792549,0.998843368542314,False,down
WBGene00006618,3,1.0,PFOA,-0.228563651762167,0.998843368542314,False,down
WBGene00016997,3,0.8666666666666667,PFOA,-0.228839318357554,0.998843368542314,False,down
WBGene00015505,3,0.9333333333333333,PFOA,-0.229236010437717,0.998843368542314,False,down
WBGene00018264,3,1.0,PFOA,-0.229577727753947,0.998843368542314,False,down
WBGene00020196,3,0.9,PFOA,-0.229935487237708,0.998843368542314,False,down
WBGene00016064,3,1.0,PFOA,-0.233258927155071,0.998843368542314,False,down
WBGene00015537,3,0.6,PFOA,-0.233870043981026,0.998843368542314,False,down
WBGene00012178,3,0.9666666666666667,PFOA,-0.234135937937472,0.998843368542314,False,down
WBGene00018314,3,1.0,PFOA,-0.234615935567392,0.998843368542314,False,down
WBGene00004996,3,0.9666666666666667,PFOA,-0.235471869549139,0.998843368542314,False,down
WBGene00020023,3,1.0,PFOA,-0.236843012199284,0.998843368542314,False,down
WBGene00007672,3,1.0,PFOA,-0.237966690425974,0.998843368542314,False,down
WBGene00012622,3,1.0,PFOA,-0.23819984421525,0.998843368542314,False,down
WBGene00006226,3,1.0,PFOA,-0.238267889871085,0.998843368542314,False,down
WBGene00002026,3,0.5333333333333333,PFOA,-0.239198720788016,0.998843368542314,False,down
WBGene00206374,3,0.9666666666666667,PFOA,-0.241317641287117,0.998843368542314,False,down
WBGene00016367,3,1.0,PFOA,-0.242517784637928,0.998843368542314,False,down
WBGene00235352,3,0.9666666666666667,PFOA,-0.242877661607197,0.998843368542314,False,down
WBGene00206362,3,0.9,PFOA,-0.244076855878583,0.998843368542314,False,down
WBGene00000966,3,1.0,PFOA,-0.24672917055882,0.998843368542314,False,down
WBGene00010311,3,1.0,PFOA,-0.249049499376781,0.998843368542314,False,down
WBGene00008020,3,0.9666666666666667,PFOA,-0.252718826778877,0.998843368542314,False,down
WBGene00016703,3,1.0,PFOA,-0.253036532484576,0.998843368542314,False,down
WBGene00001934,3,0.6666666666666666,PFOA,-0.253906382710914,0.998843368542314,False,down
WBGene00015028,3,1.0,PFOA,-0.254525186541739,0.998843368542314,False,down
WBGene00007763,3,0.8333333333333334,PFOA,-0.255707413706965,0.998843368542314,False,down
WBGene00000853,3,1.0,PFOA,-0.258528374515181,0.998843368542314,False,down
WBGene00007393,3,0.7,PFOA,-0.260261085253249,0.998843368542314,False,down
WBGene00017764,3,1.0,PFOA,-0.261373219126012,0.998843368542314,False,down
WBGene00011191,3,1.0,PFOA,-0.261464292922288,0.998843368542314,False,down
WBGene00018874,3,1.0,PFOA,-0.262295469782649,0.998843368542314,False,down
WBGene00008255,3,1.0,PFOA,-0.262976065819293,0.998843368542314,False,down
WBGene00018262,3,0.9,PFOA,-0.263585969515752,0.998843368542314,False,down
WBGene00017243,3,1.0,PFOA,-0.264298733073117,0.998843368542314,False,down
WBGene00020853,3,0.9,PFOA,-0.265896800298256,0.998843368542314,False,down
WBGene00021002,3,1.0,PFOA,-0.266733440230488,0.998843368542314,False,down
WBGene00235315,3,1.0,PFOA,-0.266740783488509,0.998843368542314,False,down
WBGene00044742,3,1.0,PFOA,-0.267298873355469,0.998843368542314,False,down
WBGene00016429,3,1.0,PFOA,-0.269709472091549,0.998843368542314,False,down
WBGene00010686,3,1.0,PFOA,-0.27056665950099,0.998843368542314,False,down
WBGene00021795,3,1.0,PFOA,-0.271015216900585,0.998843368542314,False,down
WBGene00195166,3,1.0,PFOA,-0.272438632731481,0.998843368542314,False,down
WBGene00011595,3,0.7,PFOA,-0.272551766527158,0.998843368542314,False,down
WBGene00016091,3,0.9666666666666667,PFOA,-0.274782717837261,0.998843368542314,False,down
WBGene00018991,3,1.0,PFOA,-0.274834090513809,0.998843368542314,False,down
WBGene00014196,3,1.0,PFOA,-0.27580193005017,0.998843368542314,False,down
WBGene00001991,3,1.0,PFOA,-0.275817697287465,0.998843368542314,False,down
WBGene00005127,3,0.7666666666666667,PFOA,-0.277108497552153,0.998843368542314,False,down
WBGene00018099,3,0.6333333333333333,PFOA,-0.277601973493017,0.998843368542314,False,down
WBGene00020448,3,0.9,PFOA,-0.277876196201617,0.998843368542314,False,down
WBGene00006619,3,1.0,PFOA,-0.278363751869736,0.998843368542314,False,down
WBGene00011317,3,0.9666666666666667,PFOA,-0.278528271130376,0.998843368542314,False,down
WBGene00050906,3,0.6,PFOA,-0.279354485553352,0.998843368542314,False,down
WBGene00010293,3,1.0,PFOA,-0.284079473486437,0.998843368542314,False,down
WBGene00007723,3,0.6666666666666666,PFOA,-0.284718018685132,0.998843368542314,False,down
WBGene00077763,3,1.0,PFOA,-0.2850571455736,0.998843368542314,False,down
WBGene00002259,3,1.0,PFOA,-0.28516868544327,0.998843368542314,False,down
WBGene00022112,3,1.0,PFOA,-0.289026595750419,0.998843368542314,False,down
WBGene00016092,3,1.0,PFOA,-0.289613492221187,0.998843368542314,False,down
WBGene00001779,3,1.0,PFOA,-0.289922882386746,0.998843368542314,False,down
WBGene00043054,3,0.5666666666666667,PFOA,-0.295115290194337,0.998843368542314,False,down
WBGene00018252,3,0.9,PFOA,-0.295854925173873,0.998843368542314,False,down
WBGene00019129,3,1.0,PFOA,-0.296708072693311,0.998843368542314,False,down
WBGene00018043,3,1.0,PFOA,-0.300501524748989,0.998843368542314,False,down
WBGene00002136,3,1.0,PFOA,-0.301890309579832,0.998843368542314,False,down
WBGene00022641,3,0.9333333333333333,PFOA,-0.302883955836595,0.998843368542314,False,down
WBGene00045412,3,1.0,PFOA,-0.304042925690022,0.998843368542314,False,down
WBGene00011616,3,0.7,PFOA,-0.30455731755257,0.998843368542314,False,down
WBGene00009070,3,0.9333333333333333,PFOA,-0.306371495380521,0.998843368542314,False,down
WBGene00019931,3,1.0,PFOA,-0.307201664642241,0.998843368542314,False,down
WBGene00001723,3,1.0,PFOA,-0.310302319376218,0.998843368542314,False,down
WBGene00013233,3,1.0,PFOA,-0.3107837631363,0.998843368542314,False,down
WBGene00009042,3,1.0,PFOA,-0.311750847829817,0.998843368542314,False,down
WBGene00194869,3,1.0,PFOA,-0.315157043620843,0.998843368542314,False,down
WBGene00010422,3,1.0,PFOA,-0.316422367258433,0.998843368542314,False,down
WBGene00017009,3,1.0,PFOA,-0.316476392483214,0.998843368542314,False,down
WBGene00020698,3,1.0,PFOA,-0.316784292059173,0.998843368542314,False,down
WBGene00008448,3,1.0,PFOA,-0.319866834825741,0.998843368542314,False,down
WBGene00010399,3,1.0,PFOA,-0.320415600252911,0.998843368542314,False,down
WBGene00012791,3,1.0,PFOA,-0.321857142328226,0.998843368542314,False,down
WBGene00008248,3,1.0,PFOA,-0.322013160229986,0.998843368542314,False,down
WBGene00219216,3,0.9333333333333333,PFOA,-0.323508175822564,0.998843368542314,False,down
WBGene00006938,3,0.9,PFOA,-0.325520271340447,0.998843368542314,False,down
WBGene00021134,3,1.0,PFOA,-0.325866419660907,0.998843368542314,False,down
WBGene00021219,3,1.0,PFOA,-0.326898998635426,0.998843368542314,False,down
WBGene00017754,3,0.9666666666666667,PFOA,-0.32783953942996,0.998843368542314,False,down
WBGene00008989,3,1.0,PFOA,-0.328977663566187,0.998843368542314,False,down
WBGene00020361,3,1.0,PFOA,-0.329799614857643,0.998843368542314,False,down
WBGene00020544,3,1.0,PFOA,-0.329878200230826,0.998843368542314,False,down
WBGene00006454,3,1.0,PFOA,-0.329970169497032,0.998843368542314,False,down
WBGene00020485,3,1.0,PFOA,-0.33336962377221,0.998843368542314,False,down
WBGene00021977,3,0.9333333333333333,PFOA,-0.338184359642896,0.998843368542314,False,down
WBGene00007597,3,1.0,PFOA,-0.344373214046096,0.998843368542314,False,down
WBGene00015601,3,1.0,PFOA,-0.347404497616784,0.998843368542314,False,down
WBGene00000009,3,1.0,PFOA,-0.348630936527689,0.998843368542314,False,down
WBGene00001888,3,0.7333333333333333,PFOA,-0.350058602248668,0.998843368542314,False,down
WBGene00016066,3,1.0,PFOA,-0.351766356579869,0.998843368542314,False,down
WBGene00011898,3,1.0,PFOA,-0.352136413195702,0.998843368542314,False,down
WBGene00044245,3,1.0,PFOA,-0.353694772881063,0.998843368542314,False,down
WBGene00235330,3,0.9,PFOA,-0.355490288027178,0.998843368542314,False,down
WBGene00012026,3,0.9,PFOA,-0.355989143171186,0.998843368542314,False,down
WBGene00018103,3,1.0,PFOA,-0.356508579762801,0.998843368542314,False,down
WBGene00007366,3,1.0,PFOA,-0.360188050534872,0.998843368542314,False,down
WBGene00016724,3,1.0,PFOA,-0.36080418894584,0.998843368542314,False,down
WBGene00010746,3,0.7333333333333333,PFOA,-0.361320671127229,0.998843368542314,False,down
WBGene00008044,3,1.0,PFOA,-0.367428114647553,0.998843368542314,False,down
WBGene00012281,3,1.0,PFOA,-0.368924392085312,0.998843368542314,False,down
WBGene00001554,3,0.9666666666666667,PFOA,-0.370379185887706,0.998843368542314,False,down
WBGene00000082,3,1.0,PFOA,-0.371043699049231,0.998843368542314,False,down
WBGene00019549,3,0.9,PFOA,-0.373612654202558,0.998843368542314,False,down
WBGene00021412,3,0.9666666666666667,PFOA,-0.374012571759227,0.998843368542314,False,down
WBGene00017823,3,1.0,PFOA,-0.380310293680079,0.998843368542314,False,down
WBGene00022597,3,0.9666666666666667,PFOA,-0.381970368338156,0.998843368542314,False,down
WBGene00077769,3,0.9666666666666667,PFOA,-0.391997391893587,0.998843368542314,False,down
WBGene00011188,3,0.9,PFOA,-0.393637126299815,0.998843368542314,False,down
WBGene00019518,3,1.0,PFOA,-0.395013953252537,0.998843368542314,False,down
WBGene00004354,3,1.0,PFOA,-0.396947666129355,0.998843368542314,False,down
WBGene00006279,3,0.5333333333333333,PFOA,-0.398653060942967,0.998843368542314,False,down
WBGene00022656,3,0.6666666666666666,PFOA,-0.400315679311756,0.998843368542314,False,down
WBGene00015701,3,1.0,PFOA,-0.401268689207666,0.998843368542314,False,down
WBGene00007509,3,1.0,PFOA,-0.401530572323975,0.998843368542314,False,down
WBGene00018232,3,1.0,PFOA,-0.404591627179213,0.998843368542314,False,down
WBGene00018476,3,1.0,PFOA,-0.414309272758379,0.998843368542314,False,down
WBGene00175027,3,0.9666666666666667,PFOA,-0.417751490074862,0.998843368542314,False,down
WBGene00001533,3,1.0,PFOA,-0.424242926394527,0.998843368542314,False,down
WBGene00001757,3,1.0,PFOA,-0.426439971787412,0.998843368542314,False,down
WBGene00017660,3,0.9666666666666667,PFOA,-0.426540250922765,0.998843368542314,False,down
WBGene00001782,3,1.0,PFOA,-0.430382137473034,0.998843368542314,False,down
WBGene00045338,3,1.0,PFOA,-0.438076883431903,0.998843368542314,False,down
WBGene00016665,3,1.0,PFOA,-0.438330974661037,0.998843368542314,False,down
WBGene00045058,3,1.0,PFOA,-0.451847495442507,0.998843368542314,False,down
WBGene00044510,3,1.0,PFOA,-0.455164957619113,0.998843368542314,False,down
WBGene00235110,3,0.9666666666666667,PFOA,-0.460192539323381,0.998843368542314,False,down
WBGene00008680,3,0.9,PFOA,-0.46020455595552,0.998843368542314,False,down
WBGene00021405,3,0.6,PFOA,-0.460435569719864,0.998843368542314,False,down
WBGene00189956,3,0.9333333333333333,PFOA,-0.460763338563146,0.998843368542314,False,down
WBGene00022003,3,1.0,PFOA,-0.463832983005044,0.998843368542314,False,down
WBGene00021911,3,0.9666666666666667,PFOA,-0.467353865145821,0.998843368542314,False,down
WBGene00016052,3,1.0,PFOA,-0.469063301859293,0.998843368542314,False,down
WBGene00004932,3,1.0,PFOA,-0.473711397123177,0.998843368542314,False,down
WBGene00018031,3,0.9666666666666667,PFOA,-0.485369636006798,0.998843368542314,False,down
WBGene00015602,3,1.0,PFOA,-0.49963908226129,0.998843368542314,False,down
WBGene00005988,3,1.0,PFOA,-0.499762147992777,0.998843368542314,False,down
WBGene00000597,3,0.9666666666666667,PFOA,-0.506801534626249,0.998843368542314,False,down
WBGene00012604,3,0.9,PFOA,-0.507757337478761,0.998843368542314,False,down
WBGene00011566,3,0.9666666666666667,PFOA,-0.513956598175122,0.998843368542314,False,down
WBGene00020672,3,0.9333333333333333,PFOA,-0.514415747366165,0.998843368542314,False,down
WBGene00002227,3,1.0,PFOA,-0.520432701445269,0.998843368542314,False,down
WBGene00012682,3,1.0,PFOA,-0.521381504934858,0.998843368542314,False,down
WBGene00044239,3,1.0,PFOA,-0.526900588346105,0.998843368542314,False,down
WBGene00011396,3,1.0,PFOA,-0.528720437395131,0.998843368542314,False,down
WBGene00015936,3,1.0,PFOA,-0.536924983694902,0.998843368542314,False,down
WBGene00022605,3,1.0,PFOA,-0.53767461323759,0.998843368542314,False,down
WBGene00000782,3,1.0,PFOA,-0.537975385083288,0.998843368542314,False,down
WBGene00020326,3,0.9666666666666667,PFOA,-0.542938525609184,0.998843368542314,False,down
WBGene00006163,3,0.9666666666666667,PFOA,-0.543009044863868,0.998843368542314,False,down
WBGene00010765,3,1.0,PFOA,-0.54523844095725,0.998843368542314,False,down
WBGene00009903,3,1.0,PFOA,-0.551489996119122,0.998843368542314,False,down
WBGene00007563,3,1.0,PFOA,-0.553002199997002,0.998843368542314,False,down
WBGene00013234,3,0.9666666666666667,PFOA,-0.555618625022379,0.998843368542314,False,down
WBGene00017488,3,0.9,PFOA,-0.561153654364443,0.998843368542314,False,down
WBGene00018595,3,0.8666666666666667,PFOA,-0.577056337455929,0.998843368542314,False,down
WBGene00009908,3,1.0,PFOA,-0.611987234746436,0.998843368542314,False,down
WBGene00043981,3,1.0,PFOA,-0.645118618062456,0.998843368542314,False,down
WBGene00010980,3,1.0,PFOA,-0.650661743142885,0.998843368542314,False,down
WBGene00012448,3,1.0,PFOA,-0.661221597736273,0.998843368542314,False,down
WBGene00000133,3,0.9333333333333333,PFOA,-0.678411107146025,0.998843368542314,False,down
WBGene00021072,3,0.9666666666666667,PFOA,-0.689852130616229,0.998843368542314,False,down
WBGene00021581,3,0.9,PFOA,-0.700963055335443,0.998843368542314,False,down
WBGene00018601,3,1.0,PFOA,-0.717218855155693,0.998843368542314,False,down
WBGene00016670,3,0.9333333333333333,PFOA,-0.760387901873625,0.998843368542314,False,down
WBGene00002094,3,1.0,PFOA,-0.762226666732904,0.998843368542314,False,down
WBGene00044331,3,1.0,PFOA,-0.801385251916519,0.998843368542314,False,down
WBGene00020946,3,0.9666666666666667,PFOA,-0.849141085007167,0.998843368542314,False,down
WBGene00021494,3,1.0,PFOA,-0.861365673741205,0.998843368542314,False,down
WBGene00009041,3,1.0,PFOA,-0.873672727703418,0.998843368542314,False,down
WBGene00023490,3,1.0,PFOA,-0.888536904558864,0.998843368542314,False,down
WBGene00008591,3,0.9333333333333333,PFOA,-0.952097565815806,0.998843368542314,False,down
WBGene00005117,3,0.9,PFOA,-0.952593586381609,0.998843368542314,False,down
WBGene00001730,3,1.0,PFOA,-0.984779209981207,0.998843368542314,False,down
WBGene00284848,3,0.9666666666666667,PFOA,-1.06164150983682,0.998843368542314,False,down
WBGene00022476,3,1.0,PFOA,-1.19807456615507,0.998843368542314,False,down
WBGene00021987,3,1.0,PFOA,0.0084465172161755,0.99889099503847,False,up
WBGene00021370,3,1.0,PFOA,0.0025070662476189,0.99889099503847,False,up
WBGene00014148,3,1.0,PFOA,-0.001126569686002,0.99889099503847,False,down
WBGene00008121,3,1.0,PFOA,-0.0012478678131273,0.99889099503847,False,down
WBGene00014055,3,1.0,PFOA,0.0018317017588245,0.999214105536479,False,up
WBGene00008226,3,1.0,PFOA,-0.003119943335572,0.999214105536479,False,down
WBGene00016926,3,0.9666666666666667,PFOA,0.0105179185284257,0.999341279027208,False,up
WBGene00001785,3,0.9666666666666667,PFOA,0.0060860559853319,0.999464201225736,False,up
WBGene00011809,3,1.0,PFOA,0.0051552495025859,0.999464201225736,False,up
WBGene00005262,3,0.7333333333333333,PFOA,0.0033791854817622,0.999464201225736,False,up
WBGene00010693,3,1.0,PFOA,0.0029419941341073,0.999464201225736,False,up
WBGene00013336,3,1.0,PFOA,0.0026675786575338,0.999464201225736,False,up
WBGene00000841,3,0.9333333333333333,PFOA,0.0021619155914816,0.999464201225736,False,up
WBGene00012272,3,1.0,PFOA,0.0019933129891551,0.999464201225736,False,up
WBGene00016397,3,1.0,PFOA,0.0012419154061992,0.999464201225736,False,up
WBGene00013609,3,1.0,PFOA,0.001090799114361,0.999464201225736,False,up
WBGene00002093,3,1.0,PFOA,0.0010697245491152,0.999464201225736,False,up
WBGene00011293,3,1.0,PFOA,0.000981060792247,0.999464201225736,False,up
WBGene00017778,3,1.0,PFOA,0.0005566759704036,0.999464201225736,False,up
WBGene00019351,3,0.9666666666666667,PFOA,0.000245590892004,0.999464201225736,False,up
WBGene00008599,3,1.0,PFOA,-0.0002606882922147,0.999464201225736,False,down
WBGene00003370,3,1.0,PFOA,-0.0002894247448867,0.999464201225736,False,down
WBGene00013742,3,1.0,PFOA,-0.0002989740652304,0.999464201225736,False,down
WBGene00021910,3,0.7,PFOA,-0.0003303579244956,0.999464201225736,False,down
WBGene00018869,3,1.0,PFOA,-0.0004327044505651,0.999464201225736,False,down
WBGene00044079,3,0.5666666666666667,PFOA,-0.0004990183670094,0.999464201225736,False,down
WBGene00007801,3,0.9,PFOA,-0.0006874269981138,0.999464201225736,False,down
WBGene00017983,3,0.5666666666666667,PFOA,-0.0009196047091335,0.999464201225736,False,down
WBGene00019946,3,0.7333333333333333,PFOA,-0.000934729332283,0.999464201225736,False,down
WBGene00000501,3,1.0,PFOA,-0.0009990133369682,0.999464201225736,False,down
WBGene00012473,3,1.0,PFOA,-0.0010939437504079,0.999464201225736,False,down
WBGene00022664,3,0.8666666666666667,PFOA,-0.0011310055045818,0.999464201225736,False,down
WBGene00019224,3,1.0,PFOA,-0.0011480737918191,0.999464201225736,False,down
WBGene00007115,3,0.9666666666666667,PFOA,-0.0013588139879836,0.999464201225736,False,down
WBGene00005655,3,1.0,PFOA,-0.0014425024637235,0.999464201225736,False,down
WBGene00003064,3,0.9333333333333333,PFOA,-0.0014616089057719,0.999464201225736,False,down
WBGene00018255,3,0.9,PFOA,-0.0017713541878244,0.999464201225736,False,down
WBGene00007133,3,0.6333333333333333,PFOA,-0.0020310608288997,0.999464201225736,False,down
WBGene00009522,3,0.7666666666666667,PFOA,-0.0021036162059462,0.999464201225736,False,down
WBGene00014030,3,0.9,PFOA,-0.0022015561674676,0.999464201225736,False,down
WBGene00017041,3,0.9,PFOA,-0.002694351393961,0.999464201225736,False,down
WBGene00021038,3,0.9,PFOA,-0.0027637471134607,0.999464201225736,False,down
WBGene00010248,3,1.0,PFOA,-0.0031323521022629,0.999464201225736,False,down
WBGene00044646,3,1.0,PFOA,-0.0038768331210685,0.999464201225736,False,down
WBGene00009129,3,0.9,PFOA,-0.004468434978154,0.999464201225736,False,down
WBGene00012034,3,1.0,PFOA,-0.0053562624417046,0.999464201225736,False,down
WBGene00007314,3,1.0,PFOA,6.63434547096712e-05,0.99991659825782,False,up
