WB_id,consensus_module,consensus_strength,chemical,logFC,FDR,is_detected,direction
WBGene00020891,4,0.5666666666666667,PFOA,0.639554285608618,1.86058088441433e-05,True,up
WBGene00001387,4,0.7333333333333333,PFOA,1.82167805137528,8.3432035342746e-05,True,up
WBGene00009049,4,0.9666666666666667,PFOA,-0.5345020886021,0.0001387492407216,True,down
WBGene00008743,4,1.0,PFOA,0.991840748498215,0.0045239218187611,True,up
WBGene00001674,4,0.9,PFOA,0.351494362879268,0.0392720883833015,True,up
WBGene00011042,4,0.9,PFOA,0.815106176785448,0.0716754780613751,False,up
WBGene00017621,4,1.0,PFOA,0.405315556949375,0.252889351334975,False,up
WBGene00011540,4,1.0,PFOA,-0.539522279763763,0.27757618983652,False,down
WBGene00020593,4,1.0,PFOA,0.35593820864513,0.2825281649997,False,up
WBGene00044071,4,0.5666666666666667,PFOA,0.233243743032946,0.359656573214909,False,up
WBGene00011698,4,0.9333333333333333,PFOA,-0.863612200894338,0.404853095265443,False,down
WBGene00012886,4,1.0,PFOA,-1.16869343277762,0.404853095265443,False,down
WBGene00004008,4,1.0,PFOA,0.455441259637493,0.448276646443967,False,up
WBGene00020930,4,0.9,PFOA,0.161287058493853,0.459563505100411,False,up
WBGene00010133,4,1.0,PFOA,-0.713026003268786,0.483245706281864,False,down
WBGene00017961,4,0.9,PFOA,0.331858528319048,0.48608939679696,False,up
WBGene00016404,4,1.0,PFOA,-0.27839509340666,0.48608939679696,False,down
WBGene00020148,4,1.0,PFOA,0.48053401164334,0.540309478856768,False,up
WBGene00020947,4,1.0,PFOA,0.442402839560637,0.56624296567008,False,up
WBGene00020152,4,1.0,PFOA,0.471846949269775,0.618433614471536,False,up
WBGene00008970,4,0.5666666666666667,PFOA,0.492668716702133,0.623559897346703,False,up
WBGene00019890,4,0.9666666666666667,PFOA,-0.18558320978009,0.648824855646826,False,down
WBGene00044280,4,1.0,PFOA,-0.464845251409568,0.673760684081451,False,down
WBGene00009243,4,0.5333333333333333,PFOA,-0.25076689976679,0.681229918190475,False,down
WBGene00016738,4,1.0,PFOA,0.315685646140653,0.685736679774616,False,up
WBGene00011517,4,1.0,PFOA,-0.485367282861796,0.687454002072132,False,down
WBGene00004237,4,1.0,PFOA,-0.181816780270533,0.717037659812483,False,down
WBGene00010200,4,1.0,PFOA,0.249399494981871,0.742436508993939,False,up
WBGene00000901,4,1.0,PFOA,0.10637750013081,0.778983757163422,False,up
WBGene00007231,4,1.0,PFOA,0.674507045628969,0.789024955868981,False,up
WBGene00019489,4,0.5333333333333333,PFOA,0.543403199085364,0.809632522964456,False,up
WBGene00002192,4,0.9666666666666667,PFOA,0.107250080591826,0.814100241235871,False,up
WBGene00011424,4,1.0,PFOA,0.496479998548468,0.814165916473044,False,up
WBGene00002142,4,1.0,PFOA,0.69024277587236,0.827870235427087,False,up
WBGene00000666,4,1.0,PFOA,0.851625892315523,0.830191931113592,False,up
WBGene00019399,4,0.9666666666666667,PFOA,-0.121785593707644,0.837716175991873,False,down
WBGene00020806,4,1.0,PFOA,0.280053563293929,0.842210777569463,False,up
WBGene00020092,4,1.0,PFOA,0.204584858056576,0.861135409125086,False,up
WBGene00010177,4,1.0,PFOA,0.187539252472268,0.867284569829073,False,up
WBGene00021185,4,1.0,PFOA,-0.25956612584011,0.867364823902594,False,down
WBGene00001446,4,1.0,PFOA,0.308586277723503,0.868021386386411,False,up
WBGene00011586,4,1.0,PFOA,0.256423886525586,0.880714314155511,False,up
WBGene00020407,4,1.0,PFOA,-0.275465660970551,0.891483905307104,False,down
WBGene00019818,4,1.0,PFOA,0.504546538178112,0.894202628229622,False,up
WBGene00017811,4,1.0,PFOA,0.167994271021217,0.899579271578466,False,up
WBGene00006720,4,1.0,PFOA,-0.127870061216744,0.90388406910563,False,down
WBGene00011893,4,0.9333333333333333,PFOA,0.237327682128391,0.908050247430483,False,up
WBGene00007091,4,1.0,PFOA,0.129044624230458,0.908050247430483,False,up
WBGene00008876,4,1.0,PFOA,-0.176179309283341,0.908050247430483,False,down
WBGene00010009,4,0.5666666666666667,PFOA,-0.26605005177797,0.908050247430483,False,down
WBGene00007919,4,1.0,PFOA,0.704779311057404,0.921812885368531,False,up
WBGene00020224,4,1.0,PFOA,0.422966503799018,0.921812885368531,False,up
WBGene00013802,4,0.8,PFOA,0.344900727979187,0.921812885368531,False,up
WBGene00017045,4,1.0,PFOA,0.226872077546387,0.921812885368531,False,up
WBGene00017190,4,0.9333333333333333,PFOA,0.176731362677435,0.921812885368531,False,up
WBGene00000086,4,1.0,PFOA,0.137458070150787,0.921812885368531,False,up
WBGene00016968,4,0.9666666666666667,PFOA,0.130071884237532,0.921812885368531,False,up
WBGene00022748,4,1.0,PFOA,0.10262406158661,0.921812885368531,False,up
WBGene00003388,4,0.9666666666666667,PFOA,-0.226408861403504,0.921812885368531,False,down
WBGene00020651,4,0.6666666666666666,PFOA,-0.22672382077109,0.921812885368531,False,down
WBGene00012866,4,0.9,PFOA,-0.463642364073123,0.921812885368531,False,down
WBGene00002129,4,0.9666666666666667,PFOA,0.17241696362755,0.923063839975127,False,up
WBGene00000899,4,1.0,PFOA,0.132751681582038,0.92631726576694,False,up
WBGene00022012,4,1.0,PFOA,-0.621669910739153,0.92631726576694,False,down
WBGene00044658,4,1.0,PFOA,0.450043804284594,0.932300936875915,False,up
WBGene00016101,4,1.0,PFOA,0.280425649843817,0.932300936875915,False,up
WBGene00003725,4,1.0,PFOA,0.27109851795451,0.932300936875915,False,up
WBGene00010488,4,1.0,PFOA,0.224873699817771,0.932300936875915,False,up
WBGene00004227,4,1.0,PFOA,0.175410105887052,0.932300936875915,False,up
WBGene00017852,4,1.0,PFOA,0.0927821969806104,0.932696451460117,False,up
WBGene00015675,4,1.0,PFOA,-0.390456564524022,0.932696451460117,False,down
WBGene00017951,4,0.9666666666666667,PFOA,0.115230318438554,0.934261428791333,False,up
WBGene00001624,4,0.5666666666666667,PFOA,-0.213626064295571,0.934261428791333,False,down
WBGene00018872,4,1.0,PFOA,0.127935083120009,0.937465948371851,False,up
WBGene00000675,4,1.0,PFOA,0.420128728536484,0.942098049499591,False,up
WBGene00008953,4,0.5666666666666667,PFOA,0.287422019740133,0.942098049499591,False,up
WBGene00007745,4,1.0,PFOA,0.206668301042529,0.942098049499591,False,up
WBGene00018758,4,1.0,PFOA,-0.182757051268379,0.942098049499591,False,down
WBGene00000503,4,1.0,PFOA,-0.451443326119524,0.942098049499591,False,down
WBGene00015219,4,1.0,PFOA,0.122700670060227,0.945622061355877,False,up
WBGene00018260,4,0.9,PFOA,-0.216504712285675,0.945622061355877,False,down
WBGene00010977,4,0.6333333333333333,PFOA,0.255880401200048,0.948436826262307,False,up
WBGene00003072,4,1.0,PFOA,0.124556644074415,0.950127333463213,False,up
WBGene00008522,4,0.9,PFOA,0.181567368387517,0.952162256877168,False,up
WBGene00016465,4,0.5666666666666667,PFOA,0.856188377765589,0.953195101676546,False,up
WBGene00001515,4,0.5666666666666667,PFOA,0.127987429429549,0.953195101676546,False,up
WBGene00001441,4,1.0,PFOA,0.169407483761097,0.953462365346275,False,up
WBGene00011995,4,1.0,PFOA,0.126481370124497,0.954720924826747,False,up
WBGene00001479,4,1.0,PFOA,-0.373718838451318,0.955036531828884,False,down
WBGene00003693,4,1.0,PFOA,0.228088925837231,0.958846967785926,False,up
WBGene00019841,4,0.9,PFOA,0.104365912026331,0.967729989050885,False,up
WBGene00008360,4,1.0,PFOA,-0.149771099571899,0.967729989050885,False,down
WBGene00044762,4,0.9666666666666667,PFOA,-0.153272087360726,0.967729989050885,False,down
WBGene00020153,4,1.0,PFOA,0.320856608196777,0.967864397152605,False,up
WBGene00007499,4,1.0,PFOA,-0.12321866881815,0.971560301053935,False,down
WBGene00000692,4,1.0,PFOA,0.38048134608752,0.972229534325004,False,up
WBGene00001456,4,1.0,PFOA,0.129013900977335,0.972229534325004,False,up
WBGene00008572,4,1.0,PFOA,-0.152511880832675,0.972229534325004,False,down
WBGene00010028,4,0.9333333333333333,PFOA,-0.125148364953054,0.97374482683218,False,down
WBGene00012360,4,1.0,PFOA,0.194850731354798,0.97542395796363,False,up
WBGene00020595,4,1.0,PFOA,0.356203503658073,0.976015208497654,False,up
WBGene00015751,4,1.0,PFOA,0.281354750365038,0.978128965168556,False,up
WBGene00022178,4,0.5666666666666667,PFOA,0.237892117850833,0.978128965168556,False,up
WBGene00010244,4,1.0,PFOA,0.167057504344407,0.978128965168556,False,up
WBGene00010262,4,1.0,PFOA,0.162235413486413,0.978128965168556,False,up
WBGene00011326,4,0.7,PFOA,0.1093801972973,0.978128965168556,False,up
WBGene00008021,4,0.9666666666666667,PFOA,-0.232182416026994,0.978128965168556,False,down
WBGene00019357,4,1.0,PFOA,-0.280468484235018,0.978128965168556,False,down
WBGene00018621,4,1.0,PFOA,-0.502905803147764,0.978128965168556,False,down
WBGene00002084,4,1.0,PFOA,0.145347082097452,0.980252131416379,False,up
WBGene00008588,4,1.0,PFOA,-0.25689736040145,0.980702466166394,False,down
WBGene00236809,4,0.7666666666666667,PFOA,0.454990700042869,0.980809437626125,False,up
WBGene00020014,4,1.0,PFOA,0.730823131178921,0.985874098264016,False,up
WBGene00000298,4,0.8,PFOA,0.254428778210034,0.985874098264016,False,up
WBGene00019884,4,1.0,PFOA,0.132905962652476,0.985874098264016,False,up
WBGene00000509,4,1.0,PFOA,0.133355020503287,0.990493968953769,False,up
WBGene00001459,4,1.0,PFOA,0.128104924605333,0.990493968953769,False,up
WBGene00008204,4,1.0,PFOA,0.228316620741342,0.99054680980303,False,up
WBGene00016596,4,0.5666666666666667,PFOA,-0.669391659956981,0.992117010885266,False,down
WBGene00013326,4,0.7666666666666667,PFOA,0.143926339393944,0.996449282359429,False,up
WBGene00022439,4,1.0,PFOA,0.933892815760538,0.998843368542314,False,up
WBGene00019782,4,1.0,PFOA,0.747029933043057,0.998843368542314,False,up
WBGene00007691,4,1.0,PFOA,0.73090327510051,0.998843368542314,False,up
WBGene00017545,4,0.5666666666666667,PFOA,0.590266405953959,0.998843368542314,False,up
WBGene00014053,4,1.0,PFOA,0.573748309784383,0.998843368542314,False,up
WBGene00021011,4,1.0,PFOA,0.568813636844901,0.998843368542314,False,up
WBGene00011623,4,1.0,PFOA,0.559879337118131,0.998843368542314,False,up
WBGene00019906,4,1.0,PFOA,0.547680060661629,0.998843368542314,False,up
WBGene00017502,4,1.0,PFOA,0.543795894655501,0.998843368542314,False,up
WBGene00013633,4,1.0,PFOA,0.498737959901961,0.998843368542314,False,up
WBGene00005657,4,0.9666666666666667,PFOA,0.491793082669304,0.998843368542314,False,up
WBGene00022356,4,1.0,PFOA,0.483775315275732,0.998843368542314,False,up
WBGene00007544,4,1.0,PFOA,0.471775023176407,0.998843368542314,False,up
WBGene00013905,4,0.9666666666666667,PFOA,0.464357398163916,0.998843368542314,False,up
WBGene00045356,4,0.5333333333333333,PFOA,0.460080416039733,0.998843368542314,False,up
WBGene00009226,4,0.9666666666666667,PFOA,0.453296732831075,0.998843368542314,False,up
WBGene00005228,4,1.0,PFOA,0.441731941651272,0.998843368542314,False,up
WBGene00022540,4,0.9666666666666667,PFOA,0.436891529210581,0.998843368542314,False,up
WBGene00009028,4,1.0,PFOA,0.422344659405551,0.998843368542314,False,up
WBGene00011592,4,1.0,PFOA,0.408875092722025,0.998843368542314,False,up
WBGene00001133,4,0.9333333333333333,PFOA,0.406266553136993,0.998843368542314,False,up
WBGene00018112,4,0.5333333333333333,PFOA,0.396510139988841,0.998843368542314,False,up
WBGene00004144,4,1.0,PFOA,0.395888070979696,0.998843368542314,False,up
WBGene00012383,4,1.0,PFOA,0.388379514365939,0.998843368542314,False,up
WBGene00021624,4,1.0,PFOA,0.380461038183652,0.998843368542314,False,up
WBGene00021598,4,1.0,PFOA,0.376160088522582,0.998843368542314,False,up
WBGene00002112,4,0.9333333333333333,PFOA,0.37319355979679,0.998843368542314,False,up
WBGene00019461,4,1.0,PFOA,0.372960157948938,0.998843368542314,False,up
WBGene00016187,4,0.5666666666666667,PFOA,0.366081922194102,0.998843368542314,False,up
WBGene00044977,4,1.0,PFOA,0.364316564654338,0.998843368542314,False,up
WBGene00020995,4,1.0,PFOA,0.363320894018109,0.998843368542314,False,up
WBGene00020849,4,1.0,PFOA,0.361164321360383,0.998843368542314,False,up
WBGene00009033,4,1.0,PFOA,0.355128076167431,0.998843368542314,False,up
WBGene00003861,4,1.0,PFOA,0.354274318402972,0.998843368542314,False,up
WBGene00016147,4,1.0,PFOA,0.35098158541638,0.998843368542314,False,up
WBGene00017160,4,1.0,PFOA,0.349539390578606,0.998843368542314,False,up
WBGene00022324,4,1.0,PFOA,0.348602499141724,0.998843368542314,False,up
WBGene00004300,4,1.0,PFOA,0.348342618369199,0.998843368542314,False,up
WBGene00006684,4,1.0,PFOA,0.343914018136688,0.998843368542314,False,up
WBGene00043995,4,0.7666666666666667,PFOA,0.332920380159027,0.998843368542314,False,up
WBGene00001438,4,1.0,PFOA,0.329013247972245,0.998843368542314,False,up
WBGene00044779,4,1.0,PFOA,0.328474117060419,0.998843368542314,False,up
WBGene00016302,4,0.9,PFOA,0.326744869917515,0.998843368542314,False,up
WBGene00006621,4,0.6,PFOA,0.326660979309084,0.998843368542314,False,up
WBGene00021382,4,0.5666666666666667,PFOA,0.325992985855929,0.998843368542314,False,up
WBGene00007950,4,1.0,PFOA,0.324245700345342,0.998843368542314,False,up
WBGene00011052,4,0.7,PFOA,0.320518698422447,0.998843368542314,False,up
WBGene00006983,4,0.9666666666666667,PFOA,0.319597524966003,0.998843368542314,False,up
WBGene00006654,4,0.9,PFOA,0.318777129144805,0.998843368542314,False,up
WBGene00021215,4,0.9333333333333333,PFOA,0.313024177703696,0.998843368542314,False,up
WBGene00194695,4,0.9333333333333333,PFOA,0.310785594387969,0.998843368542314,False,up
WBGene00011400,4,1.0,PFOA,0.306607507635687,0.998843368542314,False,up
WBGene00019436,4,1.0,PFOA,0.301852322183248,0.998843368542314,False,up
WBGene00003528,4,1.0,PFOA,0.29370586072822,0.998843368542314,False,up
WBGene00002270,4,0.9666666666666667,PFOA,0.292856342333177,0.998843368542314,False,up
WBGene00000681,4,1.0,PFOA,0.29244337076949,0.998843368542314,False,up
WBGene00016180,4,1.0,PFOA,0.291662655961613,0.998843368542314,False,up
WBGene00013244,4,1.0,PFOA,0.284397820271353,0.998843368542314,False,up
WBGene00019104,4,1.0,PFOA,0.280871498469758,0.998843368542314,False,up
WBGene00020555,4,0.6333333333333333,PFOA,0.280742175581774,0.998843368542314,False,up
WBGene00019636,4,1.0,PFOA,0.27981121024572,0.998843368542314,False,up
WBGene00014099,4,1.0,PFOA,0.274311165089336,0.998843368542314,False,up
WBGene00045195,4,0.9,PFOA,0.273735674398838,0.998843368542314,False,up
WBGene00007638,4,1.0,PFOA,0.270281312184506,0.998843368542314,False,up
WBGene00004176,4,1.0,PFOA,0.270238470194932,0.998843368542314,False,up
WBGene00016234,4,1.0,PFOA,0.268850952576516,0.998843368542314,False,up
WBGene00001109,4,1.0,PFOA,0.268182244333093,0.998843368542314,False,up
WBGene00017865,4,1.0,PFOA,0.266690715706832,0.998843368542314,False,up
WBGene00005533,4,0.8,PFOA,0.265131746475701,0.998843368542314,False,up
WBGene00021446,4,1.0,PFOA,0.265041359686665,0.998843368542314,False,up
WBGene00001487,4,0.9666666666666667,PFOA,0.264263497850873,0.998843368542314,False,up
WBGene00016332,4,1.0,PFOA,0.262974555755325,0.998843368542314,False,up
WBGene00086553,4,0.5333333333333333,PFOA,0.261177449245744,0.998843368542314,False,up
WBGene00004234,4,1.0,PFOA,0.258611182242527,0.998843368542314,False,up
WBGene00021862,4,1.0,PFOA,0.257299234940096,0.998843368542314,False,up
WBGene00011479,4,0.5333333333333333,PFOA,0.256201837446751,0.998843368542314,False,up
WBGene00012185,4,1.0,PFOA,0.25597197473174,0.998843368542314,False,up
WBGene00015040,4,0.6,PFOA,0.255143952701677,0.998843368542314,False,up
WBGene00008421,4,0.5666666666666667,PFOA,0.252492613804197,0.998843368542314,False,up
WBGene00008315,4,0.5666666666666667,PFOA,0.252171386040325,0.998843368542314,False,up
WBGene00004177,4,1.0,PFOA,0.248700903795771,0.998843368542314,False,up
WBGene00015857,4,1.0,PFOA,0.248100362948143,0.998843368542314,False,up
WBGene00016894,4,1.0,PFOA,0.247013886813414,0.998843368542314,False,up
WBGene00303423,4,1.0,PFOA,0.245588274223426,0.998843368542314,False,up
WBGene00000611,4,0.9666666666666667,PFOA,0.241713080587675,0.998843368542314,False,up
WBGene00020764,4,1.0,PFOA,0.240815959404919,0.998843368542314,False,up
WBGene00019113,4,1.0,PFOA,0.238450244305375,0.998843368542314,False,up
WBGene00009985,4,1.0,PFOA,0.234278352322541,0.998843368542314,False,up
WBGene00271795,4,1.0,PFOA,0.233458241754331,0.998843368542314,False,up
WBGene00018318,4,1.0,PFOA,0.231752826810659,0.998843368542314,False,up
WBGene00019014,4,1.0,PFOA,0.226032636512704,0.998843368542314,False,up
WBGene00020135,4,1.0,PFOA,0.220035840102947,0.998843368542314,False,up
WBGene00000754,4,1.0,PFOA,0.218950446859959,0.998843368542314,False,up
WBGene00002108,4,1.0,PFOA,0.215771854662654,0.998843368542314,False,up
WBGene00008615,4,1.0,PFOA,0.214722613226274,0.998843368542314,False,up
WBGene00016842,4,1.0,PFOA,0.214553401848022,0.998843368542314,False,up
WBGene00011520,4,1.0,PFOA,0.21274054848971,0.998843368542314,False,up
WBGene00005602,4,1.0,PFOA,0.210944795257659,0.998843368542314,False,up
WBGene00016458,4,1.0,PFOA,0.209962532817786,0.998843368542314,False,up
WBGene00012819,4,1.0,PFOA,0.208893628046407,0.998843368542314,False,up
WBGene00016488,4,1.0,PFOA,0.208643658080608,0.998843368542314,False,up
WBGene00015633,4,1.0,PFOA,0.206536061814193,0.998843368542314,False,up
WBGene00194641,4,1.0,PFOA,0.205874519347629,0.998843368542314,False,up
WBGene00023417,4,1.0,PFOA,0.205011521361898,0.998843368542314,False,up
WBGene00010955,4,0.6333333333333333,PFOA,0.204063251349711,0.998843368542314,False,up
WBGene00008926,4,1.0,PFOA,0.202925151029791,0.998843368542314,False,up
WBGene00009383,4,1.0,PFOA,0.197815505746909,0.998843368542314,False,up
WBGene00012265,4,0.9666666666666667,PFOA,0.194561839608226,0.998843368542314,False,up
WBGene00007206,4,0.9666666666666667,PFOA,0.192542427731614,0.998843368542314,False,up
WBGene00021157,4,0.9333333333333333,PFOA,0.190701624260544,0.998843368542314,False,up
WBGene00003745,4,1.0,PFOA,0.18967996463076,0.998843368542314,False,up
WBGene00013181,4,1.0,PFOA,0.186803239164487,0.998843368542314,False,up
WBGene00018274,4,1.0,PFOA,0.186458863930195,0.998843368542314,False,up
WBGene00012776,4,1.0,PFOA,0.185967498779393,0.998843368542314,False,up
WBGene00016310,4,1.0,PFOA,0.185029404510721,0.998843368542314,False,up
WBGene00015076,4,1.0,PFOA,0.184937772534819,0.998843368542314,False,up
WBGene00003649,4,1.0,PFOA,0.184544256173327,0.998843368542314,False,up
WBGene00016866,4,1.0,PFOA,0.183097564713483,0.998843368542314,False,up
WBGene00004145,4,1.0,PFOA,0.182943535575635,0.998843368542314,False,up
WBGene00001852,4,1.0,PFOA,0.182275000803953,0.998843368542314,False,up
WBGene00018204,4,1.0,PFOA,0.181957592285387,0.998843368542314,False,up
WBGene00010365,4,0.9333333333333333,PFOA,0.181288290279483,0.998843368542314,False,up
WBGene00016513,4,1.0,PFOA,0.180585928486724,0.998843368542314,False,up
WBGene00015993,4,1.0,PFOA,0.179348134078198,0.998843368542314,False,up
WBGene00009384,4,1.0,PFOA,0.177982388191727,0.998843368542314,False,up
WBGene00044348,4,1.0,PFOA,0.177688691994433,0.998843368542314,False,up
WBGene00009532,4,1.0,PFOA,0.174748191098855,0.998843368542314,False,up
WBGene00011727,4,1.0,PFOA,0.172016342885422,0.998843368542314,False,up
WBGene00009842,4,1.0,PFOA,0.171785707586166,0.998843368542314,False,up
WBGene00015055,4,1.0,PFOA,0.171035658622909,0.998843368542314,False,up
WBGene00044167,4,1.0,PFOA,0.170556336348292,0.998843368542314,False,up
WBGene00016716,4,1.0,PFOA,0.170115285301923,0.998843368542314,False,up
WBGene00044283,4,1.0,PFOA,0.169207458961558,0.998843368542314,False,up
WBGene00006591,4,1.0,PFOA,0.168287997118192,0.998843368542314,False,up
WBGene00017620,4,1.0,PFOA,0.168141710822603,0.998843368542314,False,up
WBGene00009702,4,1.0,PFOA,0.166741937365761,0.998843368542314,False,up
WBGene00018803,4,1.0,PFOA,0.166012288999914,0.998843368542314,False,up
WBGene00022115,4,1.0,PFOA,0.164602213412904,0.998843368542314,False,up
WBGene00007900,4,1.0,PFOA,0.163121615243808,0.998843368542314,False,up
WBGene00011839,4,1.0,PFOA,0.162977432581145,0.998843368542314,False,up
WBGene00017609,4,1.0,PFOA,0.160914078226286,0.998843368542314,False,up
WBGene00270319,4,1.0,PFOA,0.159430410988084,0.998843368542314,False,up
WBGene00004157,4,0.7,PFOA,0.159352585500126,0.998843368542314,False,up
WBGene00016396,4,1.0,PFOA,0.159321191487081,0.998843368542314,False,up
WBGene00005191,4,0.9666666666666667,PFOA,0.159131925961998,0.998843368542314,False,up
WBGene00014826,4,0.8333333333333334,PFOA,0.15719306990868,0.998843368542314,False,up
WBGene00003812,4,0.9333333333333333,PFOA,0.156965465839686,0.998843368542314,False,up
WBGene00007765,4,1.0,PFOA,0.156963918739461,0.998843368542314,False,up
WBGene00010982,4,1.0,PFOA,0.156056213977502,0.998843368542314,False,up
WBGene00015705,4,1.0,PFOA,0.155194057927874,0.998843368542314,False,up
WBGene00021909,4,1.0,PFOA,0.154445793764454,0.998843368542314,False,up
WBGene00014004,4,1.0,PFOA,0.154299011292869,0.998843368542314,False,up
WBGene00003654,4,1.0,PFOA,0.15273767423745,0.998843368542314,False,up
WBGene00000616,4,1.0,PFOA,0.151433425673136,0.998843368542314,False,up
WBGene00010976,4,0.9333333333333333,PFOA,0.151356180082237,0.998843368542314,False,up
WBGene00019748,4,1.0,PFOA,0.14903646063455,0.998843368542314,False,up
WBGene00017430,4,1.0,PFOA,0.147878811027684,0.998843368542314,False,up
WBGene00015197,4,0.6,PFOA,0.14773139377106,0.998843368542314,False,up
WBGene00008439,4,1.0,PFOA,0.147551219213746,0.998843368542314,False,up
WBGene00003632,4,1.0,PFOA,0.147544283002599,0.998843368542314,False,up
WBGene00001803,4,1.0,PFOA,0.146373834610032,0.998843368542314,False,up
WBGene00001390,4,1.0,PFOA,0.146294536172112,0.998843368542314,False,up
WBGene00016883,4,1.0,PFOA,0.146235240656016,0.998843368542314,False,up
WBGene00007372,4,1.0,PFOA,0.146039816492481,0.998843368542314,False,up
WBGene00007126,4,1.0,PFOA,0.14543692741392,0.998843368542314,False,up
WBGene00017950,4,1.0,PFOA,0.144597125351403,0.998843368542314,False,up
WBGene00009929,4,1.0,PFOA,0.142954191151962,0.998843368542314,False,up
WBGene00011310,4,1.0,PFOA,0.14189201950687,0.998843368542314,False,up
WBGene00003616,4,0.5666666666666667,PFOA,0.141783121775887,0.998843368542314,False,up
WBGene00021400,4,1.0,PFOA,0.14160746180274,0.998843368542314,False,up
WBGene00011099,4,1.0,PFOA,0.141280273630469,0.998843368542314,False,up
WBGene00003710,4,1.0,PFOA,0.140423342832098,0.998843368542314,False,up
WBGene00022797,4,1.0,PFOA,0.140125891327853,0.998843368542314,False,up
WBGene00017306,4,1.0,PFOA,0.139749570166778,0.998843368542314,False,up
WBGene00018561,4,0.9666666666666667,PFOA,0.13950260153894,0.998843368542314,False,up
WBGene00003752,4,1.0,PFOA,0.138742528960248,0.998843368542314,False,up
WBGene00013895,4,0.6666666666666666,PFOA,0.137858721803252,0.998843368542314,False,up
WBGene00019284,4,1.0,PFOA,0.137593706919347,0.998843368542314,False,up
WBGene00017781,4,0.9666666666666667,PFOA,0.13738545704042,0.998843368542314,False,up
WBGene00007345,4,1.0,PFOA,0.136869964737528,0.998843368542314,False,up
WBGene00014198,4,1.0,PFOA,0.136160033061365,0.998843368542314,False,up
WBGene00009801,4,1.0,PFOA,0.13499706274494,0.998843368542314,False,up
WBGene00015476,4,1.0,PFOA,0.134129168520971,0.998843368542314,False,up
WBGene00009296,4,1.0,PFOA,0.133996786373182,0.998843368542314,False,up
WBGene00016505,4,1.0,PFOA,0.133351608481833,0.998843368542314,False,up
WBGene00017834,4,1.0,PFOA,0.132349602780339,0.998843368542314,False,up
WBGene00004173,4,1.0,PFOA,0.13178188456521,0.998843368542314,False,up
WBGene00007408,4,1.0,PFOA,0.13150789835377,0.998843368542314,False,up
WBGene00021482,4,1.0,PFOA,0.131110404344814,0.998843368542314,False,up
WBGene00003697,4,1.0,PFOA,0.130569011875847,0.998843368542314,False,up
WBGene00018216,4,1.0,PFOA,0.130263971651938,0.998843368542314,False,up
WBGene00021975,4,0.9,PFOA,0.129615329817226,0.998843368542314,False,up
WBGene00016407,4,1.0,PFOA,0.12857079635376,0.998843368542314,False,up
WBGene00004923,4,1.0,PFOA,0.128123683248096,0.998843368542314,False,up
WBGene00019593,4,1.0,PFOA,0.125548811219261,0.998843368542314,False,up
WBGene00003518,4,1.0,PFOA,0.125004952617278,0.998843368542314,False,up
WBGene00003718,4,1.0,PFOA,0.123527805177998,0.998843368542314,False,up
WBGene00016677,4,1.0,PFOA,0.123279311978586,0.998843368542314,False,up
WBGene00001476,4,1.0,PFOA,0.122758127783105,0.998843368542314,False,up
WBGene00009663,4,0.7666666666666667,PFOA,0.122635821037433,0.998843368542314,False,up
WBGene00019827,4,1.0,PFOA,0.12166419844436,0.998843368542314,False,up
WBGene00005832,4,0.9666666666666667,PFOA,0.121272205411792,0.998843368542314,False,up
WBGene00006705,4,1.0,PFOA,0.121118884887555,0.998843368542314,False,up
WBGene00012825,4,1.0,PFOA,0.12067486636771,0.998843368542314,False,up
WBGene00021629,4,1.0,PFOA,0.120073071453707,0.998843368542314,False,up
WBGene00014125,4,1.0,PFOA,0.119552479452997,0.998843368542314,False,up
WBGene00018044,4,1.0,PFOA,0.119496605902365,0.998843368542314,False,up
WBGene00003822,4,1.0,PFOA,0.118395721293059,0.998843368542314,False,up
WBGene00008211,4,1.0,PFOA,0.117815507017095,0.998843368542314,False,up
WBGene00013146,4,1.0,PFOA,0.117775957948223,0.998843368542314,False,up
WBGene00006823,4,1.0,PFOA,0.117774474466444,0.998843368542314,False,up
WBGene00006812,4,1.0,PFOA,0.117771673880431,0.998843368542314,False,up
WBGene00015067,4,1.0,PFOA,0.117600634159087,0.998843368542314,False,up
WBGene00014233,4,1.0,PFOA,0.117331031424523,0.998843368542314,False,up
WBGene00011328,4,1.0,PFOA,0.117285308573935,0.998843368542314,False,up
WBGene00010723,4,1.0,PFOA,0.116524244399053,0.998843368542314,False,up
WBGene00006660,4,1.0,PFOA,0.116337511392351,0.998843368542314,False,up
WBGene00016448,4,1.0,PFOA,0.115965113948265,0.998843368542314,False,up
WBGene00001464,4,1.0,PFOA,0.115570496076023,0.998843368542314,False,up
WBGene00011185,4,1.0,PFOA,0.114120715384303,0.998843368542314,False,up
WBGene00003751,4,1.0,PFOA,0.113797072201258,0.998843368542314,False,up
WBGene00018288,4,1.0,PFOA,0.112940307754703,0.998843368542314,False,up
WBGene00008780,4,1.0,PFOA,0.11237366073845,0.998843368542314,False,up
WBGene00021060,4,0.9666666666666667,PFOA,0.112354380831382,0.998843368542314,False,up
WBGene00001517,4,0.8,PFOA,0.112208802194424,0.998843368542314,False,up
WBGene00009380,4,1.0,PFOA,0.111641741039797,0.998843368542314,False,up
WBGene00013996,4,1.0,PFOA,0.111060940110878,0.998843368542314,False,up
WBGene00016919,4,1.0,PFOA,0.111057464503204,0.998843368542314,False,up
WBGene00000277,4,1.0,PFOA,0.110983106733818,0.998843368542314,False,up
WBGene00017644,4,0.9333333333333333,PFOA,0.110965170188133,0.998843368542314,False,up
WBGene00020854,4,1.0,PFOA,0.11068236297841,0.998843368542314,False,up
WBGene00007772,4,0.5666666666666667,PFOA,0.110305236428235,0.998843368542314,False,up
WBGene00016366,4,1.0,PFOA,0.109361839340018,0.998843368542314,False,up
WBGene00006663,4,1.0,PFOA,0.109163160116087,0.998843368542314,False,up
WBGene00020200,4,1.0,PFOA,0.108416402695761,0.998843368542314,False,up
WBGene00020334,4,1.0,PFOA,0.108390179782046,0.998843368542314,False,up
WBGene00021490,4,0.8,PFOA,0.108313392307013,0.998843368542314,False,up
WBGene00010864,4,0.8,PFOA,0.108060482776905,0.998843368542314,False,up
WBGene00002195,4,1.0,PFOA,0.107435970920772,0.998843368542314,False,up
WBGene00019854,4,0.9666666666666667,PFOA,0.10704059066655,0.998843368542314,False,up
WBGene00002265,4,1.0,PFOA,0.106696899430904,0.998843368542314,False,up
WBGene00009106,4,1.0,PFOA,0.106657605337018,0.998843368542314,False,up
WBGene00019960,4,1.0,PFOA,0.106653289035281,0.998843368542314,False,up
WBGene00004030,4,0.9,PFOA,0.106640387443667,0.998843368542314,False,up
WBGene00015250,4,1.0,PFOA,0.106572999899609,0.998843368542314,False,up
WBGene00011899,4,1.0,PFOA,0.106473747112349,0.998843368542314,False,up
WBGene00020229,4,1.0,PFOA,0.105768212110839,0.998843368542314,False,up
WBGene00012585,4,1.0,PFOA,0.105601138510749,0.998843368542314,False,up
WBGene00019102,4,0.9,PFOA,0.105598281976597,0.998843368542314,False,up
WBGene00022500,4,1.0,PFOA,0.105032705134778,0.998843368542314,False,up
WBGene00001564,4,1.0,PFOA,0.104236037262636,0.998843368542314,False,up
WBGene00000872,4,1.0,PFOA,0.104023884773586,0.998843368542314,False,up
WBGene00013672,4,0.9,PFOA,0.102921257799808,0.998843368542314,False,up
WBGene00019536,4,0.9,PFOA,0.102876353986275,0.998843368542314,False,up
WBGene00000788,4,1.0,PFOA,0.102520628112242,0.998843368542314,False,up
WBGene00007517,4,1.0,PFOA,0.102420259714417,0.998843368542314,False,up
WBGene00013639,4,1.0,PFOA,0.101958490946094,0.998843368542314,False,up
WBGene00001189,4,1.0,PFOA,0.101831988387401,0.998843368542314,False,up
WBGene00013382,4,1.0,PFOA,0.101775970099317,0.998843368542314,False,up
WBGene00020827,4,1.0,PFOA,0.101574831685957,0.998843368542314,False,up
WBGene00044761,4,1.0,PFOA,0.101551559830633,0.998843368542314,False,up
WBGene00015350,4,1.0,PFOA,0.10138018497067,0.998843368542314,False,up
WBGene00017970,4,1.0,PFOA,0.101052617959972,0.998843368542314,False,up
WBGene00023407,4,0.9,PFOA,0.100712812656407,0.998843368542314,False,up
WBGene00009743,4,0.9333333333333333,PFOA,0.10069371272563,0.998843368542314,False,up
WBGene00019995,4,0.5666666666666667,PFOA,0.100386385404608,0.998843368542314,False,up
WBGene00018249,4,1.0,PFOA,0.100052686032504,0.998843368542314,False,up
WBGene00044536,4,1.0,PFOA,0.0998154282220138,0.998843368542314,False,up
WBGene00021855,4,1.0,PFOA,0.0996413046343595,0.998843368542314,False,up
WBGene00017785,4,1.0,PFOA,0.0996184008378914,0.998843368542314,False,up
WBGene00008317,4,1.0,PFOA,0.0990967534770352,0.998843368542314,False,up
WBGene00008531,4,0.9333333333333333,PFOA,0.0990933282852027,0.998843368542314,False,up
WBGene00017582,4,1.0,PFOA,0.0985614911010936,0.998843368542314,False,up
WBGene00016044,4,1.0,PFOA,0.0983130087235863,0.998843368542314,False,up
WBGene00010848,4,1.0,PFOA,0.0980907861346035,0.998843368542314,False,up
WBGene00003965,4,1.0,PFOA,0.0980515031864359,0.998843368542314,False,up
WBGene00019055,4,1.0,PFOA,0.0975372095355483,0.998843368542314,False,up
WBGene00007054,4,1.0,PFOA,0.097092286364199,0.998843368542314,False,up
WBGene00000820,4,1.0,PFOA,0.0969248667562097,0.998843368542314,False,up
WBGene00016383,4,1.0,PFOA,0.0966623802037437,0.998843368542314,False,up
WBGene00019006,4,1.0,PFOA,0.096543999269258,0.998843368542314,False,up
WBGene00015402,4,1.0,PFOA,0.0960170183178275,0.998843368542314,False,up
WBGene00013732,4,1.0,PFOA,0.0958759501227189,0.998843368542314,False,up
WBGene00008886,4,1.0,PFOA,0.0958538176756411,0.998843368542314,False,up
WBGene00012717,4,1.0,PFOA,0.0956152748071569,0.998843368542314,False,up
WBGene00003619,4,1.0,PFOA,0.0956004284477056,0.998843368542314,False,up
WBGene00015430,4,1.0,PFOA,0.0955831808337597,0.998843368542314,False,up
WBGene00007886,4,1.0,PFOA,0.0952021797679437,0.998843368542314,False,up
WBGene00004862,4,1.0,PFOA,0.0950405411166205,0.998843368542314,False,up
WBGene00018281,4,0.5333333333333333,PFOA,0.0950315059982197,0.998843368542314,False,up
WBGene00010865,4,0.9,PFOA,0.0949713588414288,0.998843368542314,False,up
WBGene00007304,4,0.5666666666666667,PFOA,0.094689608155646,0.998843368542314,False,up
WBGene00003716,4,1.0,PFOA,0.0945365661526601,0.998843368542314,False,up
WBGene00007232,4,1.0,PFOA,0.0941878982736988,0.998843368542314,False,up
WBGene00017968,4,0.9333333333333333,PFOA,0.0941409968441099,0.998843368542314,False,up
WBGene00021333,4,1.0,PFOA,0.0936124406217579,0.998843368542314,False,up
WBGene00007302,4,1.0,PFOA,0.0926128679635083,0.998843368542314,False,up
WBGene00014081,4,1.0,PFOA,0.0925121237050347,0.998843368542314,False,up
WBGene00019326,4,0.5666666666666667,PFOA,0.0923032610081441,0.998843368542314,False,up
WBGene00007748,4,1.0,PFOA,0.0919910407904195,0.998843368542314,False,up
WBGene00020740,4,1.0,PFOA,0.0919095881577839,0.998843368542314,False,up
WBGene00044650,4,1.0,PFOA,0.0918753414012573,0.998843368542314,False,up
WBGene00003750,4,1.0,PFOA,0.0918232582340254,0.998843368542314,False,up
WBGene00002048,4,1.0,PFOA,0.0913398366260889,0.998843368542314,False,up
WBGene00007055,4,1.0,PFOA,0.0911580088690396,0.998843368542314,False,up
WBGene00008177,4,1.0,PFOA,0.0905774685257897,0.998843368542314,False,up
WBGene00004825,4,1.0,PFOA,0.090365734474584,0.998843368542314,False,up
WBGene00019592,4,1.0,PFOA,0.0901422015203252,0.998843368542314,False,up
WBGene00019781,4,1.0,PFOA,0.0900536450091816,0.998843368542314,False,up
WBGene00004023,4,1.0,PFOA,0.0895736415890983,0.998843368542314,False,up
WBGene00304788,4,0.9,PFOA,0.0892451427895859,0.998843368542314,False,up
WBGene00020736,4,1.0,PFOA,0.0888795168898277,0.998843368542314,False,up
WBGene00019497,4,1.0,PFOA,0.0887896921407961,0.998843368542314,False,up
WBGene00020706,4,1.0,PFOA,0.0887241403536143,0.998843368542314,False,up
WBGene00013921,4,0.9666666666666667,PFOA,0.0886739293776041,0.998843368542314,False,up
WBGene00020251,4,1.0,PFOA,0.0883742011324601,0.998843368542314,False,up
WBGene00003598,4,0.9666666666666667,PFOA,0.0882260618455678,0.998843368542314,False,up
WBGene00006941,4,0.5333333333333333,PFOA,0.0877481096236438,0.998843368542314,False,up
WBGene00011705,4,1.0,PFOA,0.0876592937367352,0.998843368542314,False,up
WBGene00005000,4,1.0,PFOA,0.0875415885166782,0.998843368542314,False,up
WBGene00015642,4,0.9333333333333333,PFOA,0.0875001433140536,0.998843368542314,False,up
WBGene00018952,4,0.9666666666666667,PFOA,0.0869479199507985,0.998843368542314,False,up
WBGene00021019,4,1.0,PFOA,0.0868914039146584,0.998843368542314,False,up
WBGene00219373,4,0.6666666666666666,PFOA,0.0868091550384412,0.998843368542314,False,up
WBGene00001864,4,1.0,PFOA,0.0865018301484248,0.998843368542314,False,up
WBGene00011752,4,1.0,PFOA,0.0864359516481382,0.998843368542314,False,up
WBGene00021740,4,1.0,PFOA,0.08611838424635,0.998843368542314,False,up
WBGene00004751,4,0.9666666666666667,PFOA,0.0858832796788474,0.998843368542314,False,up
WBGene00009399,4,1.0,PFOA,0.0858259635235409,0.998843368542314,False,up
WBGene00022307,4,0.8,PFOA,0.0855406072116617,0.998843368542314,False,up
WBGene00019612,4,0.9666666666666667,PFOA,0.0855191192585693,0.998843368542314,False,up
WBGene00002111,4,1.0,PFOA,0.0853369846170153,0.998843368542314,False,up
WBGene00077764,4,0.9333333333333333,PFOA,0.0853133309959253,0.998843368542314,False,up
WBGene00011026,4,1.0,PFOA,0.0852446247267602,0.998843368542314,False,up
WBGene00004380,4,1.0,PFOA,0.0845806021187593,0.998843368542314,False,up
WBGene00206522,4,0.5666666666666667,PFOA,0.084508368787215,0.998843368542314,False,up
WBGene00006738,4,1.0,PFOA,0.0844444686899958,0.998843368542314,False,up
WBGene00019353,4,1.0,PFOA,0.0842258742248506,0.998843368542314,False,up
WBGene00012928,4,1.0,PFOA,0.0840659741141642,0.998843368542314,False,up
WBGene00020301,4,1.0,PFOA,0.0836143406025134,0.998843368542314,False,up
WBGene00011251,4,0.5333333333333333,PFOA,0.0834460349082809,0.998843368542314,False,up
WBGene00016293,4,0.6666666666666666,PFOA,0.0830924905930528,0.998843368542314,False,up
WBGene00019801,4,1.0,PFOA,0.0830544153437247,0.998843368542314,False,up
WBGene00002041,4,1.0,PFOA,0.0829830148831,0.998843368542314,False,up
WBGene00021048,4,1.0,PFOA,0.0824022059141783,0.998843368542314,False,up
WBGene00011953,4,1.0,PFOA,0.0823385637407748,0.998843368542314,False,up
WBGene00012148,4,1.0,PFOA,0.0822135650986081,0.998843368542314,False,up
WBGene00004169,4,1.0,PFOA,0.0819332309523516,0.998843368542314,False,up
WBGene00000545,4,1.0,PFOA,0.081845770225316,0.998843368542314,False,up
WBGene00019844,4,0.7,PFOA,0.0814461243136227,0.998843368542314,False,up
WBGene00012444,4,1.0,PFOA,0.0813630583348198,0.998843368542314,False,up
WBGene00009291,4,1.0,PFOA,0.0812809994921415,0.998843368542314,False,up
WBGene00006762,4,1.0,PFOA,0.0812744370202545,0.998843368542314,False,up
WBGene00012777,4,1.0,PFOA,0.0811607096647355,0.998843368542314,False,up
WBGene00010546,4,1.0,PFOA,0.0809636320551295,0.998843368542314,False,up
WBGene00001439,4,1.0,PFOA,0.0790081982975681,0.998843368542314,False,up
WBGene00011433,4,0.9666666666666667,PFOA,0.0789332682796255,0.998843368542314,False,up
WBGene00001172,4,1.0,PFOA,0.0787407972525423,0.998843368542314,False,up
WBGene00019300,4,1.0,PFOA,0.0786679619438722,0.998843368542314,False,up
WBGene00004083,4,1.0,PFOA,0.0785656695346757,0.998843368542314,False,up
WBGene00021890,4,1.0,PFOA,0.0783493325118046,0.998843368542314,False,up
WBGene00023408,4,1.0,PFOA,0.0782461516722947,0.998843368542314,False,up
WBGene00021597,4,1.0,PFOA,0.0782104128658335,0.998843368542314,False,up
WBGene00007063,4,1.0,PFOA,0.0781761411693681,0.998843368542314,False,up
WBGene00000583,4,1.0,PFOA,0.0768514308597391,0.998843368542314,False,up
WBGene00011955,4,1.0,PFOA,0.0766006467415742,0.998843368542314,False,up
WBGene00008311,4,1.0,PFOA,0.0759294979260575,0.998843368542314,False,up
WBGene00010871,4,1.0,PFOA,0.0758706029468502,0.998843368542314,False,up
WBGene00000898,4,1.0,PFOA,0.0757411209563009,0.998843368542314,False,up
WBGene00013499,4,1.0,PFOA,0.0755956315268242,0.998843368542314,False,up
WBGene00016751,4,1.0,PFOA,0.07556941943108,0.998843368542314,False,up
WBGene00012424,4,1.0,PFOA,0.0754082196560637,0.998843368542314,False,up
WBGene00012282,4,0.9333333333333333,PFOA,0.0753102332137464,0.998843368542314,False,up
WBGene00019487,4,1.0,PFOA,0.0753040567430541,0.998843368542314,False,up
WBGene00020714,4,1.0,PFOA,0.0751334928280867,0.998843368542314,False,up
WBGene00000100,4,0.9666666666666667,PFOA,0.0750256990883036,0.998843368542314,False,up
WBGene00007990,4,0.5666666666666667,PFOA,0.0748129616231115,0.998843368542314,False,up
WBGene00010251,4,1.0,PFOA,0.0746502719782486,0.998843368542314,False,up
WBGene00004208,4,1.0,PFOA,0.0745911139958391,0.998843368542314,False,up
WBGene00011232,4,0.9666666666666667,PFOA,0.0743560178958269,0.998843368542314,False,up
WBGene00017786,4,1.0,PFOA,0.0742750199545316,0.998843368542314,False,up
WBGene00000993,4,1.0,PFOA,0.0740516564338674,0.998843368542314,False,up
WBGene00007586,4,1.0,PFOA,0.0739856140167069,0.998843368542314,False,up
WBGene00007931,4,1.0,PFOA,0.073828886808498,0.998843368542314,False,up
WBGene00003003,4,0.6333333333333333,PFOA,0.0735897964428897,0.998843368542314,False,up
WBGene00022423,4,1.0,PFOA,0.0735849139229547,0.998843368542314,False,up
WBGene00017380,4,0.7,PFOA,0.073336946936765,0.998843368542314,False,up
WBGene00006594,4,0.9333333333333333,PFOA,0.0733109727047799,0.998843368542314,False,up
WBGene00000223,4,1.0,PFOA,0.0732468408310218,0.998843368542314,False,up
WBGene00001955,4,1.0,PFOA,0.0731836018737581,0.998843368542314,False,up
WBGene00013869,4,1.0,PFOA,0.0730836150294031,0.998843368542314,False,up
WBGene00004924,4,1.0,PFOA,0.0727530696209808,0.998843368542314,False,up
WBGene00006439,4,1.0,PFOA,0.0727406476336193,0.998843368542314,False,up
WBGene00011304,4,1.0,PFOA,0.0719272524739073,0.998843368542314,False,up
WBGene00009803,4,1.0,PFOA,0.0710313283649706,0.998843368542314,False,up
WBGene00000041,4,1.0,PFOA,0.0709160801597824,0.998843368542314,False,up
WBGene00006372,4,1.0,PFOA,0.0707324495437581,0.998843368542314,False,up
WBGene00007480,4,0.6666666666666666,PFOA,0.0704854281672688,0.998843368542314,False,up
WBGene00021281,4,1.0,PFOA,0.0700458422345457,0.998843368542314,False,up
WBGene00011227,4,0.6333333333333333,PFOA,0.0698140114052247,0.998843368542314,False,up
WBGene00009772,4,1.0,PFOA,0.0696683304162081,0.998843368542314,False,up
WBGene00003423,4,1.0,PFOA,0.0694515048842919,0.998843368542314,False,up
WBGene00002992,4,1.0,PFOA,0.0693141510475556,0.998843368542314,False,up
WBGene00020317,4,1.0,PFOA,0.0686443123040554,0.998843368542314,False,up
WBGene00015286,4,1.0,PFOA,0.0682883033741931,0.998843368542314,False,up
WBGene00005654,4,1.0,PFOA,0.0680194536694127,0.998843368542314,False,up
WBGene00012703,4,1.0,PFOA,0.0678798459334485,0.998843368542314,False,up
WBGene00019204,4,0.9333333333333333,PFOA,0.0678406182024001,0.998843368542314,False,up
WBGene00012794,4,1.0,PFOA,0.0677578324426079,0.998843368542314,False,up
WBGene00019902,4,0.8333333333333334,PFOA,0.0677575497410519,0.998843368542314,False,up
WBGene00011004,4,1.0,PFOA,0.0677155175115532,0.998843368542314,False,up
WBGene00014077,4,1.0,PFOA,0.0674507492354424,0.998843368542314,False,up
WBGene00000797,4,0.6666666666666666,PFOA,0.0671658003234114,0.998843368542314,False,up
WBGene00009978,4,1.0,PFOA,0.0669624583946178,0.998843368542314,False,up
WBGene00004921,4,1.0,PFOA,0.0669517631557815,0.998843368542314,False,up
WBGene00001395,4,1.0,PFOA,0.066283177087466,0.998843368542314,False,up
WBGene00006578,4,1.0,PFOA,0.0661157159080023,0.998843368542314,False,up
WBGene00004345,4,1.0,PFOA,0.0660777867248691,0.998843368542314,False,up
WBGene00022144,4,1.0,PFOA,0.0658972221976503,0.998843368542314,False,up
WBGene00021439,4,1.0,PFOA,0.0657852355221776,0.998843368542314,False,up
WBGene00004382,4,1.0,PFOA,0.0656934630595068,0.998843368542314,False,up
WBGene00003753,4,1.0,PFOA,0.0652637957203429,0.998843368542314,False,up
WBGene00004879,4,1.0,PFOA,0.0652602700898006,0.998843368542314,False,up
WBGene00000174,4,1.0,PFOA,0.0652215535579171,0.998843368542314,False,up
WBGene00006321,4,0.9666666666666667,PFOA,0.0651545482561891,0.998843368542314,False,up
WBGene00022386,4,1.0,PFOA,0.0648723833355533,0.998843368542314,False,up
WBGene00016509,4,1.0,PFOA,0.0647504383927274,0.998843368542314,False,up
WBGene00001177,4,1.0,PFOA,0.0646910829355242,0.998843368542314,False,up
WBGene00019488,4,1.0,PFOA,0.0642995836863677,0.998843368542314,False,up
WBGene00008447,4,1.0,PFOA,0.0642789856878379,0.998843368542314,False,up
WBGene00020142,4,1.0,PFOA,0.0642027279519346,0.998843368542314,False,up
WBGene00019686,4,1.0,PFOA,0.0641968855870943,0.998843368542314,False,up
WBGene00019166,4,1.0,PFOA,0.0635308747036473,0.998843368542314,False,up
WBGene00003544,4,1.0,PFOA,0.0633308916372008,0.998843368542314,False,up
WBGene00016097,4,1.0,PFOA,0.0630784238584232,0.998843368542314,False,up
WBGene00004894,4,1.0,PFOA,0.0629193127077311,0.998843368542314,False,up
WBGene00016454,4,0.5333333333333333,PFOA,0.0629087451747942,0.998843368542314,False,up
WBGene00003561,4,1.0,PFOA,0.0629073376017715,0.998843368542314,False,up
WBGene00003978,4,0.9666666666666667,PFOA,0.0623895903591942,0.998843368542314,False,up
WBGene00019365,4,0.9333333333333333,PFOA,0.0619355618233289,0.998843368542314,False,up
WBGene00011060,4,1.0,PFOA,0.0618065268165463,0.998843368542314,False,up
WBGene00006331,4,1.0,PFOA,0.0615336957903848,0.998843368542314,False,up
WBGene00000542,4,1.0,PFOA,0.06144122455293,0.998843368542314,False,up
WBGene00001394,4,1.0,PFOA,0.0611793071064194,0.998843368542314,False,up
WBGene00003744,4,1.0,PFOA,0.060877023920157,0.998843368542314,False,up
WBGene00000383,4,1.0,PFOA,0.0605984427846684,0.998843368542314,False,up
WBGene00013756,4,0.9666666666666667,PFOA,0.0605731831581553,0.998843368542314,False,up
WBGene00004945,4,1.0,PFOA,0.0604651492864768,0.998843368542314,False,up
WBGene00012182,4,1.0,PFOA,0.060369497991553,0.998843368542314,False,up
WBGene00008505,4,0.8666666666666667,PFOA,0.060268248525424,0.998843368542314,False,up
WBGene00017385,4,1.0,PFOA,0.0600369537302727,0.998843368542314,False,up
WBGene00015935,4,0.9666666666666667,PFOA,0.0595323915906865,0.998843368542314,False,up
WBGene00011732,4,1.0,PFOA,0.0589851099450019,0.998843368542314,False,up
WBGene00007666,4,1.0,PFOA,0.0588255865674977,0.998843368542314,False,up
WBGene00019666,4,1.0,PFOA,0.0587222175061557,0.998843368542314,False,up
WBGene00013317,4,1.0,PFOA,0.0586606385822173,0.998843368542314,False,up
WBGene00015517,4,1.0,PFOA,0.0586190118562151,0.998843368542314,False,up
WBGene00007749,4,1.0,PFOA,0.058614235260212,0.998843368542314,False,up
WBGene00022130,4,1.0,PFOA,0.0578387106313349,0.998843368542314,False,up
WBGene00018953,4,1.0,PFOA,0.0578157707270324,0.998843368542314,False,up
WBGene00006786,4,1.0,PFOA,0.0577375822844786,0.998843368542314,False,up
WBGene00007414,4,1.0,PFOA,0.0571812616023464,0.998843368542314,False,up
WBGene00003073,4,1.0,PFOA,0.0571580814560687,0.998843368542314,False,up
WBGene00004122,4,1.0,PFOA,0.0569717377439604,0.998843368542314,False,up
WBGene00006750,4,0.6,PFOA,0.0568337396939616,0.998843368542314,False,up
WBGene00004095,4,1.0,PFOA,0.0566570993590281,0.998843368542314,False,up
WBGene00009955,4,1.0,PFOA,0.0563099302991645,0.998843368542314,False,up
WBGene00011639,4,1.0,PFOA,0.0562820386606484,0.998843368542314,False,up
WBGene00022063,4,1.0,PFOA,0.0561931068737459,0.998843368542314,False,up
WBGene00013750,4,0.8,PFOA,0.0560416107288956,0.998843368542314,False,up
WBGene00012204,4,0.7,PFOA,0.0558993173434059,0.998843368542314,False,up
WBGene00015921,4,0.9333333333333333,PFOA,0.0558522717570027,0.998843368542314,False,up
WBGene00012644,4,0.7333333333333333,PFOA,0.0558064773550056,0.998843368542314,False,up
WBGene00003209,4,1.0,PFOA,0.0554984294130247,0.998843368542314,False,up
WBGene00016194,4,1.0,PFOA,0.0554140246621269,0.998843368542314,False,up
WBGene00012100,4,1.0,PFOA,0.0553019699724958,0.998843368542314,False,up
WBGene00020368,4,0.9333333333333333,PFOA,0.0551517566257246,0.998843368542314,False,up
WBGene00013897,4,0.5333333333333333,PFOA,0.0550319267491432,0.998843368542314,False,up
WBGene00044737,4,1.0,PFOA,0.0549504267247955,0.998843368542314,False,up
WBGene00010115,4,1.0,PFOA,0.0548996081608003,0.998843368542314,False,up
WBGene00003635,4,1.0,PFOA,0.0548371390747045,0.998843368542314,False,up
WBGene00001081,4,1.0,PFOA,0.0546955686603811,0.998843368542314,False,up
WBGene00022139,4,1.0,PFOA,0.0544074053769988,0.998843368542314,False,up
WBGene00008229,4,1.0,PFOA,0.0540672264858448,0.998843368542314,False,up
WBGene00010072,4,1.0,PFOA,0.0539482545372005,0.998843368542314,False,up
WBGene00003558,4,1.0,PFOA,0.0539414588863094,0.998843368542314,False,up
WBGene00000911,4,1.0,PFOA,0.0538394749320884,0.998843368542314,False,up
WBGene00012759,4,1.0,PFOA,0.0538079805469309,0.998843368542314,False,up
WBGene00016500,4,1.0,PFOA,0.0537322530574487,0.998843368542314,False,up
WBGene00003685,4,1.0,PFOA,0.0530967040072512,0.998843368542314,False,up
WBGene00016456,4,1.0,PFOA,0.0529717851705549,0.998843368542314,False,up
WBGene00009121,4,0.6666666666666666,PFOA,0.0529201579754636,0.998843368542314,False,up
WBGene00021637,4,0.5333333333333333,PFOA,0.05258647888352,0.998843368542314,False,up
WBGene00008040,4,1.0,PFOA,0.0525815093908655,0.998843368542314,False,up
WBGene00022781,4,0.5666666666666667,PFOA,0.0524940808660262,0.998843368542314,False,up
WBGene00018349,4,1.0,PFOA,0.0524130489177458,0.998843368542314,False,up
WBGene00016384,4,1.0,PFOA,0.0523451389264441,0.998843368542314,False,up
WBGene00001053,4,0.9666666666666667,PFOA,0.0522734673729018,0.998843368542314,False,up
WBGene00001574,4,1.0,PFOA,0.0521779328494731,0.998843368542314,False,up
WBGene00019298,4,1.0,PFOA,0.0520583721884912,0.998843368542314,False,up
WBGene00000092,4,0.8,PFOA,0.0520170666618023,0.998843368542314,False,up
WBGene00013020,4,1.0,PFOA,0.0518931557122085,0.998843368542314,False,up
WBGene00002069,4,1.0,PFOA,0.0518807189184906,0.998843368542314,False,up
WBGene00006599,4,1.0,PFOA,0.0518332721447417,0.998843368542314,False,up
WBGene00003678,4,1.0,PFOA,0.0513219259990451,0.998843368542314,False,up
WBGene00013711,4,1.0,PFOA,0.0510318448388559,0.998843368542314,False,up
WBGene00021068,4,1.0,PFOA,0.0509430149678169,0.998843368542314,False,up
WBGene00019726,4,0.6666666666666666,PFOA,0.0509267103302114,0.998843368542314,False,up
WBGene00012987,4,1.0,PFOA,0.0508552965456107,0.998843368542314,False,up
WBGene00006755,4,1.0,PFOA,0.0508466143716597,0.998843368542314,False,up
WBGene00013560,4,1.0,PFOA,0.050605870284914,0.998843368542314,False,up
WBGene00007898,4,0.9666666666666667,PFOA,0.0505505585659533,0.998843368542314,False,up
WBGene00022077,4,1.0,PFOA,0.0502609390611652,0.998843368542314,False,up
WBGene00003741,4,1.0,PFOA,0.0499690831183351,0.998843368542314,False,up
WBGene00044311,4,0.9666666666666667,PFOA,0.049775586823563,0.998843368542314,False,up
WBGene00007295,4,0.9,PFOA,0.0493902033943506,0.998843368542314,False,up
WBGene00004318,4,1.0,PFOA,0.0492738937859524,0.998843368542314,False,up
WBGene00003009,4,1.0,PFOA,0.0492705540293125,0.998843368542314,False,up
WBGene00001519,4,1.0,PFOA,0.048823209765125,0.998843368542314,False,up
WBGene00019381,4,1.0,PFOA,0.0486547656732624,0.998843368542314,False,up
WBGene00010522,4,1.0,PFOA,0.0486194773213421,0.998843368542314,False,up
WBGene00003588,4,1.0,PFOA,0.0485216549409627,0.998843368542314,False,up
WBGene00002990,4,0.5666666666666667,PFOA,0.0484626751758562,0.998843368542314,False,up
WBGene00006881,4,1.0,PFOA,0.0483979351023227,0.998843368542314,False,up
WBGene00015410,4,1.0,PFOA,0.0483104111879094,0.998843368542314,False,up
WBGene00000490,4,0.9666666666666667,PFOA,0.0482537061596976,0.998843368542314,False,up
WBGene00006716,4,0.9333333333333333,PFOA,0.0482046253567046,0.998843368542314,False,up
WBGene00012389,4,0.9666666666666667,PFOA,0.0481595803284459,0.998843368542314,False,up
WBGene00001670,4,1.0,PFOA,0.0480124492763022,0.998843368542314,False,up
WBGene00007016,4,1.0,PFOA,0.0477508251860634,0.998843368542314,False,up
WBGene00020577,4,1.0,PFOA,0.0477414008614127,0.998843368542314,False,up
WBGene00004128,4,1.0,PFOA,0.0475634361047367,0.998843368542314,False,up
WBGene00019280,4,1.0,PFOA,0.0473763748755699,0.998843368542314,False,up
WBGene00006602,4,1.0,PFOA,0.0466948846798119,0.998843368542314,False,up
WBGene00008878,4,1.0,PFOA,0.046507567025787,0.998843368542314,False,up
WBGene00021469,4,1.0,PFOA,0.04649054551903,0.998843368542314,False,up
WBGene00017894,4,0.7666666666666667,PFOA,0.0461878910827215,0.998843368542314,False,up
WBGene00017274,4,1.0,PFOA,0.0460960184498187,0.998843368542314,False,up
WBGene00007470,4,0.6333333333333333,PFOA,0.045456301412512,0.998843368542314,False,up
WBGene00003748,4,1.0,PFOA,0.0452060496563317,0.998843368542314,False,up
WBGene00015294,4,1.0,PFOA,0.0450821074308469,0.998843368542314,False,up
WBGene00006701,4,1.0,PFOA,0.0449043269767748,0.998843368542314,False,up
WBGene00006607,4,1.0,PFOA,0.0448315766817302,0.998843368542314,False,up
WBGene00003607,4,1.0,PFOA,0.0448182950335124,0.998843368542314,False,up
WBGene00009466,4,0.8333333333333334,PFOA,0.0448006780604082,0.998843368542314,False,up
WBGene00017547,4,1.0,PFOA,0.0445092157132001,0.998843368542314,False,up
WBGene00003876,4,1.0,PFOA,0.0444784538091752,0.998843368542314,False,up
WBGene00003606,4,1.0,PFOA,0.0444670587764194,0.998843368542314,False,up
WBGene00004036,4,1.0,PFOA,0.044403395301816,0.998843368542314,False,up
WBGene00017504,4,1.0,PFOA,0.0443025669436172,0.998843368542314,False,up
WBGene00021047,4,1.0,PFOA,0.0442906735530007,0.998843368542314,False,up
WBGene00014250,4,1.0,PFOA,0.04420039327906,0.998843368542314,False,up
WBGene00021456,4,0.9,PFOA,0.0440868650510927,0.998843368542314,False,up
WBGene00016167,4,1.0,PFOA,0.0439044216585538,0.998843368542314,False,up
WBGene00006495,4,1.0,PFOA,0.0438504577007169,0.998843368542314,False,up
WBGene00001448,4,1.0,PFOA,0.043744423602059,0.998843368542314,False,up
WBGene00001458,4,1.0,PFOA,0.0435851997340898,0.998843368542314,False,up
WBGene00018837,4,1.0,PFOA,0.0432144796262686,0.998843368542314,False,up
WBGene00021639,4,1.0,PFOA,0.0431887356404508,0.998843368542314,False,up
WBGene00022749,4,0.5666666666666667,PFOA,0.0430839258852546,0.998843368542314,False,up
WBGene00021369,4,1.0,PFOA,0.0429854117619174,0.998843368542314,False,up
WBGene00021371,4,1.0,PFOA,0.0428936267696717,0.998843368542314,False,up
WBGene00021497,4,1.0,PFOA,0.0427982807453303,0.998843368542314,False,up
WBGene00018285,4,1.0,PFOA,0.0426841226561124,0.998843368542314,False,up
WBGene00006608,4,1.0,PFOA,0.042664406943424,0.998843368542314,False,up
WBGene00017760,4,1.0,PFOA,0.0426591341947861,0.998843368542314,False,up
WBGene00004858,4,0.6333333333333333,PFOA,0.0426250256422003,0.998843368542314,False,up
WBGene00013632,4,0.9333333333333333,PFOA,0.0425189157794072,0.998843368542314,False,up
WBGene00006996,4,1.0,PFOA,0.0425079263186243,0.998843368542314,False,up
WBGene00000678,4,1.0,PFOA,0.042140442580115,0.998843368542314,False,up
WBGene00015551,4,1.0,PFOA,0.0419816226507659,0.998843368542314,False,up
WBGene00021036,4,1.0,PFOA,0.0419112841610496,0.998843368542314,False,up
WBGene00004168,4,1.0,PFOA,0.0416925391125681,0.998843368542314,False,up
WBGene00012554,4,1.0,PFOA,0.0415830628820379,0.998843368542314,False,up
WBGene00017675,4,1.0,PFOA,0.0412778938543921,0.998843368542314,False,up
WBGene00022254,4,0.6333333333333333,PFOA,0.041209945612061,0.998843368542314,False,up
WBGene00000978,4,1.0,PFOA,0.040930113333647,0.998843368542314,False,up
WBGene00013969,4,0.5666666666666667,PFOA,0.0408542037337196,0.998843368542314,False,up
WBGene00000787,4,0.9333333333333333,PFOA,0.040517604176357,0.998843368542314,False,up
WBGene00015778,4,0.9666666666666667,PFOA,0.0404920023098564,0.998843368542314,False,up
WBGene00012031,4,0.9333333333333333,PFOA,0.0404662751853457,0.998843368542314,False,up
WBGene00001145,4,1.0,PFOA,0.0403937219237677,0.998843368542314,False,up
WBGene00007208,4,1.0,PFOA,0.0401471013449491,0.998843368542314,False,up
WBGene00019831,4,1.0,PFOA,0.0401331093305382,0.998843368542314,False,up
WBGene00004138,4,1.0,PFOA,0.0399975934625262,0.998843368542314,False,up
WBGene00013111,4,1.0,PFOA,0.0395988231525097,0.998843368542314,False,up
WBGene00018415,4,1.0,PFOA,0.0395789539555977,0.998843368542314,False,up
WBGene00022280,4,1.0,PFOA,0.0394231118746389,0.998843368542314,False,up
WBGene00020114,4,1.0,PFOA,0.0394158537938631,0.998843368542314,False,up
WBGene00010809,4,1.0,PFOA,0.0392639886554474,0.998843368542314,False,up
WBGene00000403,4,1.0,PFOA,0.0391774253162335,0.998843368542314,False,up
WBGene00011097,4,1.0,PFOA,0.0391572148407592,0.998843368542314,False,up
WBGene00000273,4,1.0,PFOA,0.0386263037671576,0.998843368542314,False,up
WBGene00012945,4,1.0,PFOA,0.0385212569743737,0.998843368542314,False,up
WBGene00010039,4,1.0,PFOA,0.038401125541347,0.998843368542314,False,up
WBGene00002101,4,1.0,PFOA,0.0383797863332803,0.998843368542314,False,up
WBGene00003640,4,0.9666666666666667,PFOA,0.0382085611440134,0.998843368542314,False,up
WBGene00009164,4,1.0,PFOA,0.0381518025245469,0.998843368542314,False,up
WBGene00009851,4,0.8,PFOA,0.0381182633407512,0.998843368542314,False,up
WBGene00009594,4,1.0,PFOA,0.0379938460923406,0.998843368542314,False,up
WBGene00020219,4,1.0,PFOA,0.0379101235678392,0.998843368542314,False,up
WBGene00000366,4,1.0,PFOA,0.0377616673781064,0.998843368542314,False,up
WBGene00004336,4,1.0,PFOA,0.0376485193417085,0.998843368542314,False,up
WBGene00010796,4,1.0,PFOA,0.0374176694404828,0.998843368542314,False,up
WBGene00004038,4,1.0,PFOA,0.0374008392455089,0.998843368542314,False,up
WBGene00008052,4,1.0,PFOA,0.0372044739204768,0.998843368542314,False,up
WBGene00017066,4,0.8666666666666667,PFOA,0.0370782907018313,0.998843368542314,False,up
WBGene00002078,4,1.0,PFOA,0.0366865782102559,0.998843368542314,False,up
WBGene00010290,4,1.0,PFOA,0.0365204895141012,0.998843368542314,False,up
WBGene00018214,4,0.8666666666666667,PFOA,0.0364456441259765,0.998843368542314,False,up
WBGene00011146,4,1.0,PFOA,0.0357575542957803,0.998843368542314,False,up
WBGene00017557,4,1.0,PFOA,0.0355567969798739,0.998843368542314,False,up
WBGene00009262,4,1.0,PFOA,0.0354861485347099,0.998843368542314,False,up
WBGene00044686,4,1.0,PFOA,0.0354519144940747,0.998843368542314,False,up
WBGene00015204,4,0.5333333333333333,PFOA,0.0353480964090009,0.998843368542314,False,up
WBGene00016684,4,1.0,PFOA,0.0353350693032565,0.998843368542314,False,up
WBGene00021922,4,1.0,PFOA,0.0349827749017788,0.998843368542314,False,up
WBGene00007200,4,1.0,PFOA,0.0349615355369305,0.998843368542314,False,up
WBGene00010700,4,0.9,PFOA,0.0347875146976667,0.998843368542314,False,up
WBGene00006923,4,1.0,PFOA,0.0346703180543549,0.998843368542314,False,up
WBGene00018564,4,1.0,PFOA,0.0346658915165092,0.998843368542314,False,up
WBGene00003149,4,1.0,PFOA,0.034477921490653,0.998843368542314,False,up
WBGene00007058,4,0.9333333333333333,PFOA,0.0344604061664824,0.998843368542314,False,up
WBGene00015552,4,1.0,PFOA,0.0344289085966782,0.998843368542314,False,up
WBGene00000233,4,1.0,PFOA,0.0343701225331826,0.998843368542314,False,up
WBGene00019651,4,0.9333333333333333,PFOA,0.0342151869343324,0.998843368542314,False,up
WBGene00004807,4,1.0,PFOA,0.0335904529169248,0.998843368542314,False,up
WBGene00003583,4,1.0,PFOA,0.0335819066191024,0.998843368542314,False,up
WBGene00003617,4,1.0,PFOA,0.032473677830334,0.998843368542314,False,up
WBGene00003167,4,1.0,PFOA,0.0323053341877063,0.998843368542314,False,up
WBGene00007421,4,1.0,PFOA,0.0321961563468703,0.998843368542314,False,up
WBGene00015249,4,1.0,PFOA,0.0320092555392471,0.998843368542314,False,up
WBGene00009975,4,1.0,PFOA,0.0319438779295527,0.998843368542314,False,up
WBGene00007981,4,1.0,PFOA,0.0315268957029685,0.998843368542314,False,up
WBGene00001837,4,0.9333333333333333,PFOA,0.0311429109756271,0.998843368542314,False,up
WBGene00020007,4,0.7666666666666667,PFOA,0.0308810871811827,0.998843368542314,False,up
WBGene00010264,4,0.9333333333333333,PFOA,0.0307196574451785,0.998843368542314,False,up
WBGene00015433,4,1.0,PFOA,0.0302076792304016,0.998843368542314,False,up
WBGene00010910,4,1.0,PFOA,0.0298974837085914,0.998843368542314,False,up
WBGene00021522,4,1.0,PFOA,0.0294321276754639,0.998843368542314,False,up
WBGene00016532,4,0.9666666666666667,PFOA,0.029430901279513,0.998843368542314,False,up
WBGene00014096,4,1.0,PFOA,0.0292731131706117,0.998843368542314,False,up
WBGene00001463,4,1.0,PFOA,0.0291516256350155,0.998843368542314,False,up
WBGene00015868,4,1.0,PFOA,0.028929497269052,0.998843368542314,False,up
WBGene00007416,4,1.0,PFOA,0.0287508820784001,0.998843368542314,False,up
WBGene00015128,4,0.9333333333333333,PFOA,0.0285050020148025,0.998843368542314,False,up
WBGene00016935,4,0.6333333333333333,PFOA,0.0283821020033188,0.998843368542314,False,up
WBGene00004271,4,1.0,PFOA,0.0283701849586266,0.998843368542314,False,up
WBGene00003568,4,1.0,PFOA,0.0282540150858221,0.998843368542314,False,up
WBGene00017762,4,1.0,PFOA,0.0279316183609222,0.998843368542314,False,up
WBGene00013899,4,1.0,PFOA,0.0277263132612825,0.998843368542314,False,up
WBGene00011849,4,1.0,PFOA,0.0275564392602727,0.998843368542314,False,up
WBGene00021237,4,1.0,PFOA,0.0274090285467375,0.998843368542314,False,up
WBGene00002024,4,1.0,PFOA,0.0267395610376559,0.998843368542314,False,up
WBGene00004135,4,1.0,PFOA,0.0264037808506768,0.998843368542314,False,up
WBGene00006220,4,0.6666666666666666,PFOA,0.0263512578759147,0.998843368542314,False,up
WBGene00004926,4,1.0,PFOA,0.0263509808556894,0.998843368542314,False,up
WBGene00020510,4,0.9666666666666667,PFOA,0.0262410461890966,0.998843368542314,False,up
WBGene00020297,4,1.0,PFOA,0.0260604795644625,0.998843368542314,False,up
WBGene00000793,4,1.0,PFOA,0.0260509386231087,0.998843368542314,False,up
WBGene00011692,4,1.0,PFOA,0.0260205661699332,0.998843368542314,False,up
WBGene00020096,4,0.9,PFOA,0.0258253083945873,0.998843368542314,False,up
WBGene00012643,4,0.6,PFOA,0.025722866771978,0.998843368542314,False,up
WBGene00013734,4,1.0,PFOA,0.025341390893486,0.998843368542314,False,up
WBGene00006805,4,1.0,PFOA,0.0252843320255025,0.998843368542314,False,up
WBGene00020861,4,0.9666666666666667,PFOA,0.0250781615034889,0.998843368542314,False,up
WBGene00020784,4,1.0,PFOA,0.0246203289114025,0.998843368542314,False,up
WBGene00009100,4,1.0,PFOA,0.0243866116094052,0.998843368542314,False,up
WBGene00015501,4,1.0,PFOA,0.0243168555953293,0.998843368542314,False,up
WBGene00015938,4,0.9,PFOA,0.0242313240255057,0.998843368542314,False,up
WBGene00001512,4,0.9666666666666667,PFOA,0.0241986069942823,0.998843368542314,False,up
WBGene00001945,4,1.0,PFOA,0.0238536712182338,0.998843368542314,False,up
WBGene00022306,4,1.0,PFOA,0.0238464384574641,0.998843368542314,False,up
WBGene00010935,4,1.0,PFOA,0.0237817660532812,0.998843368542314,False,up
WBGene00023415,4,1.0,PFOA,0.0233054501463845,0.998843368542314,False,up
WBGene00016985,4,0.5333333333333333,PFOA,0.0226643525870237,0.998843368542314,False,up
WBGene00004119,4,1.0,PFOA,0.0224356720792012,0.998843368542314,False,up
WBGene00219316,4,1.0,PFOA,0.0222912551827196,0.998843368542314,False,up
WBGene00019837,4,0.6333333333333333,PFOA,0.0219950372236793,0.998843368542314,False,up
WBGene00019294,4,1.0,PFOA,0.021741859362909,0.998843368542314,False,up
WBGene00008444,4,1.0,PFOA,0.0217018686305588,0.998843368542314,False,up
WBGene00015362,4,1.0,PFOA,0.0216059469713944,0.998843368542314,False,up
WBGene00019816,4,1.0,PFOA,0.0213800184939784,0.998843368542314,False,up
WBGene00011261,4,1.0,PFOA,0.0213712399482726,0.998843368542314,False,up
WBGene00001452,4,1.0,PFOA,0.0213141166170867,0.998843368542314,False,up
WBGene00003858,4,1.0,PFOA,0.0212359904259898,0.998843368542314,False,up
WBGene00016028,4,1.0,PFOA,0.0211347315550823,0.998843368542314,False,up
WBGene00006614,4,0.6333333333333333,PFOA,0.0209115273620223,0.998843368542314,False,up
WBGene00017039,4,1.0,PFOA,0.0208741943261849,0.998843368542314,False,up
WBGene00004013,4,0.5666666666666667,PFOA,0.0205068107906055,0.998843368542314,False,up
WBGene00015805,4,1.0,PFOA,0.0200248133483775,0.998843368542314,False,up
WBGene00008119,4,0.6666666666666666,PFOA,0.0199923705461339,0.998843368542314,False,up
WBGene00015776,4,1.0,PFOA,0.0198099133431442,0.998843368542314,False,up
WBGene00009093,4,1.0,PFOA,0.0197716955878452,0.998843368542314,False,up
WBGene00010730,4,1.0,PFOA,0.0197235605637397,0.998843368542314,False,up
WBGene00004727,4,1.0,PFOA,0.0196717512198416,0.998843368542314,False,up
WBGene00015002,4,0.5333333333333333,PFOA,0.0196634712074777,0.998843368542314,False,up
WBGene00013485,4,1.0,PFOA,0.019647409226352,0.998843368542314,False,up
WBGene00022233,4,1.0,PFOA,0.0195446832642797,0.998843368542314,False,up
WBGene00003680,4,1.0,PFOA,0.0193689288909198,0.998843368542314,False,up
WBGene00021268,4,1.0,PFOA,0.0192829342129436,0.998843368542314,False,up
WBGene00021260,4,1.0,PFOA,0.0192829246150678,0.998843368542314,False,up
WBGene00001548,4,1.0,PFOA,0.0191340232233923,0.998843368542314,False,up
WBGene00017220,4,1.0,PFOA,0.0188745806462044,0.998843368542314,False,up
WBGene00001087,4,1.0,PFOA,0.0185910565268795,0.998843368542314,False,up
WBGene00007957,4,0.9333333333333333,PFOA,0.0185664811270758,0.998843368542314,False,up
WBGene00003778,4,1.0,PFOA,0.0185304184923594,0.998843368542314,False,up
WBGene00002163,4,1.0,PFOA,0.0182885507682838,0.998843368542314,False,up
WBGene00009850,4,0.9666666666666667,PFOA,0.0182205698063697,0.998843368542314,False,up
WBGene00019918,4,0.7,PFOA,0.0181495368179775,0.998843368542314,False,up
WBGene00011050,4,1.0,PFOA,0.0180951150757702,0.998843368542314,False,up
WBGene00000894,4,1.0,PFOA,0.0179279181300537,0.998843368542314,False,up
WBGene00017342,4,1.0,PFOA,0.0178172683668859,0.998843368542314,False,up
WBGene00021561,4,1.0,PFOA,0.0177623521299836,0.998843368542314,False,up
WBGene00017478,4,1.0,PFOA,0.0176653176980333,0.998843368542314,False,up
WBGene00007545,4,1.0,PFOA,0.0176338798378285,0.998843368542314,False,up
WBGene00007980,4,0.9666666666666667,PFOA,0.0174717998172869,0.998843368542314,False,up
WBGene00008018,4,1.0,PFOA,0.0173098017300853,0.998843368542314,False,up
WBGene00003700,4,1.0,PFOA,0.0171845335056293,0.998843368542314,False,up
WBGene00002133,4,1.0,PFOA,0.017086430097292,0.998843368542314,False,up
WBGene00022392,4,0.9,PFOA,0.0170133893684245,0.998843368542314,False,up
WBGene00008530,4,1.0,PFOA,0.0168728837796932,0.998843368542314,False,up
WBGene00006415,4,1.0,PFOA,0.0168266988039533,0.998843368542314,False,up
WBGene00006697,4,1.0,PFOA,0.016590684134688,0.998843368542314,False,up
WBGene00002232,4,1.0,PFOA,0.0163502230488931,0.998843368542314,False,up
WBGene00009953,4,1.0,PFOA,0.0162569065096453,0.998843368542314,False,up
WBGene00004384,4,1.0,PFOA,0.0162398789518925,0.998843368542314,False,up
WBGene00003582,4,1.0,PFOA,0.0161188435106046,0.998843368542314,False,up
WBGene00019998,4,1.0,PFOA,0.0160170673464849,0.998843368542314,False,up
WBGene00003749,4,0.7666666666666667,PFOA,0.0160026345657711,0.998843368542314,False,up
WBGene00008820,4,1.0,PFOA,0.0158876613676879,0.998843368542314,False,up
WBGene00000553,4,1.0,PFOA,0.0157859112725712,0.998843368542314,False,up
WBGene00010484,4,1.0,PFOA,0.01565010457366,0.998843368542314,False,up
WBGene00013805,4,1.0,PFOA,0.0153513350013182,0.998843368542314,False,up
WBGene00020462,4,1.0,PFOA,0.0151680686703861,0.998843368542314,False,up
WBGene00019747,4,1.0,PFOA,0.0151619535659287,0.998843368542314,False,up
WBGene00010427,4,1.0,PFOA,0.0151471340718395,0.998843368542314,False,up
WBGene00014066,4,1.0,PFOA,0.0151066693431232,0.998843368542314,False,up
WBGene00002981,4,1.0,PFOA,0.0150582939672136,0.998843368542314,False,up
WBGene00021504,4,1.0,PFOA,0.0149595975994665,0.998843368542314,False,up
WBGene00003403,4,1.0,PFOA,0.014857037568657,0.998843368542314,False,up
WBGene00012013,4,1.0,PFOA,0.0147675846592891,0.998843368542314,False,up
WBGene00044513,4,1.0,PFOA,0.0146373440056463,0.998843368542314,False,up
WBGene00018788,4,1.0,PFOA,0.0146131430141905,0.998843368542314,False,up
WBGene00007502,4,0.9666666666666667,PFOA,0.0145796823685512,0.998843368542314,False,up
WBGene00010870,4,0.9333333333333333,PFOA,0.0135570490333859,0.998843368542314,False,up
WBGene00001325,4,1.0,PFOA,0.0133605772432249,0.998843368542314,False,up
WBGene00003740,4,1.0,PFOA,0.013255719569804,0.998843368542314,False,up
WBGene00022635,4,1.0,PFOA,0.0132271374831551,0.998843368542314,False,up
WBGene00011931,4,1.0,PFOA,0.0129426443458133,0.998843368542314,False,up
WBGene00019875,4,1.0,PFOA,0.0128159294965947,0.998843368542314,False,up
WBGene00012366,4,1.0,PFOA,0.012776338005383,0.998843368542314,False,up
WBGene00001748,4,0.8,PFOA,0.0121109411871199,0.998843368542314,False,up
WBGene00006523,4,1.0,PFOA,0.0118482106542607,0.998843368542314,False,up
WBGene00014213,4,1.0,PFOA,0.0118388521288271,0.998843368542314,False,up
WBGene00016368,4,1.0,PFOA,0.0112663377245158,0.998843368542314,False,up
WBGene00019289,4,0.9666666666666667,PFOA,0.0108841489456385,0.998843368542314,False,up
WBGene00022284,4,1.0,PFOA,0.010864100564045,0.998843368542314,False,up
WBGene00011259,4,1.0,PFOA,0.0103838724787222,0.998843368542314,False,up
WBGene00010010,4,0.9,PFOA,0.0102876618663739,0.998843368542314,False,up
WBGene00017464,4,1.0,PFOA,0.0101065428864439,0.998843368542314,False,up
WBGene00001858,4,1.0,PFOA,0.0098873711879633,0.998843368542314,False,up
WBGene00009797,4,1.0,PFOA,0.0098474609875719,0.998843368542314,False,up
WBGene00008206,4,1.0,PFOA,0.0097674173266826,0.998843368542314,False,up
WBGene00012113,4,1.0,PFOA,0.0095997250674087,0.998843368542314,False,up
WBGene00019211,4,1.0,PFOA,0.0086058016125809,0.998843368542314,False,up
WBGene00019301,4,1.0,PFOA,0.0085913844330873,0.998843368542314,False,up
WBGene00012466,4,1.0,PFOA,0.0083501186722103,0.998843368542314,False,up
WBGene00002889,4,0.6333333333333333,PFOA,0.0083380510267909,0.998843368542314,False,up
WBGene00001560,4,1.0,PFOA,0.0083302236045976,0.998843368542314,False,up
WBGene00006450,4,0.9666666666666667,PFOA,0.0083105127079842,0.998843368542314,False,up
WBGene00008666,4,1.0,PFOA,0.008305416468385,0.998843368542314,False,up
WBGene00008006,4,0.9333333333333333,PFOA,0.0082773667774924,0.998843368542314,False,up
WBGene00011935,4,1.0,PFOA,0.0080145120166414,0.998843368542314,False,up
WBGene00007555,4,1.0,PFOA,0.0079841830087282,0.998843368542314,False,up
WBGene00018145,4,1.0,PFOA,0.0078492982269725,0.998843368542314,False,up
WBGene00006791,4,1.0,PFOA,0.0077193287656124,0.998843368542314,False,up
WBGene00004100,4,1.0,PFOA,0.0077032158008853,0.998843368542314,False,up
WBGene00003659,4,1.0,PFOA,0.0074811777769899,0.998843368542314,False,up
WBGene00011944,4,1.0,PFOA,0.0073184903305567,0.998843368542314,False,up
WBGene00019263,4,1.0,PFOA,0.0070238332464621,0.998843368542314,False,up
WBGene00010610,4,1.0,PFOA,0.0068610042906902,0.998843368542314,False,up
WBGene00010697,4,1.0,PFOA,0.0067827096598065,0.998843368542314,False,up
WBGene00015232,4,0.9666666666666667,PFOA,0.0064428187893368,0.998843368542314,False,up
WBGene00018075,4,0.7,PFOA,0.00609303987541,0.998843368542314,False,up
WBGene00021057,4,0.9333333333333333,PFOA,0.005919170779938,0.998843368542314,False,up
WBGene00009578,4,1.0,PFOA,0.0057651474977381,0.998843368542314,False,up
WBGene00021509,4,1.0,PFOA,0.0055621512616235,0.998843368542314,False,up
WBGene00017440,4,1.0,PFOA,0.0054675949420168,0.998843368542314,False,up
WBGene00006460,4,1.0,PFOA,0.0050498665100316,0.998843368542314,False,up
WBGene00012824,4,0.9333333333333333,PFOA,0.0049956015126235,0.998843368542314,False,up
WBGene00013882,4,1.0,PFOA,0.0047945271074154,0.998843368542314,False,up
WBGene00001493,4,1.0,PFOA,0.0046948503312302,0.998843368542314,False,up
WBGene00018607,4,1.0,PFOA,0.0044200039877465,0.998843368542314,False,up
WBGene00001194,4,1.0,PFOA,0.0042050863279992,0.998843368542314,False,up
WBGene00003834,4,1.0,PFOA,0.004172232301124,0.998843368542314,False,up
WBGene00007075,4,0.9,PFOA,0.0041559250553142,0.998843368542314,False,up
WBGene00015704,4,0.5666666666666667,PFOA,0.003722000672849,0.998843368542314,False,up
WBGene00012005,4,1.0,PFOA,0.0034180782435121,0.998843368542314,False,up
WBGene00007492,4,1.0,PFOA,0.0033961584589422,0.998843368542314,False,up
WBGene00019872,4,1.0,PFOA,0.0033265575840724,0.998843368542314,False,up
WBGene00017137,4,1.0,PFOA,0.0032066641158102,0.998843368542314,False,up
WBGene00001457,4,1.0,PFOA,0.0031563354290808,0.998843368542314,False,up
WBGene00000103,4,1.0,PFOA,0.0030291753155667,0.998843368542314,False,up
WBGene00007730,4,1.0,PFOA,0.0029106208778481,0.998843368542314,False,up
WBGene00000832,4,0.9333333333333333,PFOA,0.0027284821052528,0.998843368542314,False,up
WBGene00006767,4,0.5666666666666667,PFOA,0.002622465276034,0.998843368542314,False,up
WBGene00011279,4,1.0,PFOA,0.0026032734208786,0.998843368542314,False,up
WBGene00014013,4,1.0,PFOA,0.0024355588569891,0.998843368542314,False,up
WBGene00009804,4,1.0,PFOA,0.0024144129039397,0.998843368542314,False,up
WBGene00019733,4,1.0,PFOA,0.0022725470276029,0.998843368542314,False,up
WBGene00006753,4,1.0,PFOA,0.0021130396655065,0.998843368542314,False,up
WBGene00014016,4,1.0,PFOA,0.0018854850836648,0.998843368542314,False,up
WBGene00001454,4,1.0,PFOA,-0.0017362346995862,0.998843368542314,False,down
WBGene00012641,4,1.0,PFOA,-0.0025377663906751,0.998843368542314,False,down
WBGene00001184,4,1.0,PFOA,-0.0033300076681306,0.998843368542314,False,down
WBGene00012868,4,1.0,PFOA,-0.0033304026836958,0.998843368542314,False,down
WBGene00017031,4,1.0,PFOA,-0.003605259894522,0.998843368542314,False,down
WBGene00022048,4,1.0,PFOA,-0.0039588470879854,0.998843368542314,False,down
WBGene00016330,4,0.9333333333333333,PFOA,-0.0046000345958311,0.998843368542314,False,down
WBGene00007227,4,1.0,PFOA,-0.0047205202592398,0.998843368542314,False,down
WBGene00010174,4,1.0,PFOA,-0.004726830809151,0.998843368542314,False,down
WBGene00000900,4,1.0,PFOA,-0.0049613297905129,0.998843368542314,False,down
WBGene00013595,4,1.0,PFOA,-0.0050459190635684,0.998843368542314,False,down
WBGene00006833,4,1.0,PFOA,-0.0050665777518181,0.998843368542314,False,down
WBGene00015508,4,0.7666666666666667,PFOA,-0.0050946253786942,0.998843368542314,False,down
WBGene00015346,4,1.0,PFOA,-0.0051070341536141,0.998843368542314,False,down
WBGene00003151,4,0.9333333333333333,PFOA,-0.0059984220475081,0.998843368542314,False,down
WBGene00020886,4,1.0,PFOA,-0.006211612796082,0.998843368542314,False,down
WBGene00014175,4,1.0,PFOA,-0.0065584620459583,0.998843368542314,False,down
WBGene00007881,4,1.0,PFOA,-0.0066367838063894,0.998843368542314,False,down
WBGene00017158,4,0.5333333333333333,PFOA,-0.0068277095842198,0.998843368542314,False,down
WBGene00022358,4,1.0,PFOA,-0.0069751711310824,0.998843368542314,False,down
WBGene00002240,4,1.0,PFOA,-0.0069924443103426,0.998843368542314,False,down
WBGene00018756,4,1.0,PFOA,-0.0070346404323308,0.998843368542314,False,down
WBGene00016958,4,1.0,PFOA,-0.0071866062096396,0.998843368542314,False,down
WBGene00012440,4,0.9,PFOA,-0.0079514374817344,0.998843368542314,False,down
WBGene00009439,4,1.0,PFOA,-0.0081742362708502,0.998843368542314,False,down
WBGene00015753,4,0.6666666666666666,PFOA,-0.0091465743497556,0.998843368542314,False,down
WBGene00021956,4,1.0,PFOA,-0.0091961464560134,0.998843368542314,False,down
WBGene00011449,4,1.0,PFOA,-0.0092173791598001,0.998843368542314,False,down
WBGene00012117,4,0.9666666666666667,PFOA,-0.0092409770804841,0.998843368542314,False,down
WBGene00015470,4,1.0,PFOA,-0.009251353954486,0.998843368542314,False,down
WBGene00011644,4,1.0,PFOA,-0.0094053178610886,0.998843368542314,False,down
WBGene00000020,4,0.9333333333333333,PFOA,-0.0095537373583167,0.998843368542314,False,down
WBGene00010110,4,1.0,PFOA,-0.0096134018073718,0.998843368542314,False,down
WBGene00000485,4,0.5333333333333333,PFOA,-0.009624426003736,0.998843368542314,False,down
WBGene00002176,4,0.6666666666666666,PFOA,-0.0096969615833658,0.998843368542314,False,down
WBGene00021843,4,1.0,PFOA,-0.0106667977492632,0.998843368542314,False,down
WBGene00001118,4,1.0,PFOA,-0.010797109649846,0.998843368542314,False,down
WBGene00018729,4,1.0,PFOA,-0.0108459176915282,0.998843368542314,False,down
WBGene00020530,4,1.0,PFOA,-0.0110207897303443,0.998843368542314,False,down
WBGene00011561,4,0.6666666666666666,PFOA,-0.0111279919609115,0.998843368542314,False,down
WBGene00022401,4,1.0,PFOA,-0.0117422887244634,0.998843368542314,False,down
WBGene00013603,4,1.0,PFOA,-0.0119397631353425,0.998843368542314,False,down
WBGene00004286,4,1.0,PFOA,-0.0121168169306738,0.998843368542314,False,down
WBGene00017291,4,1.0,PFOA,-0.0123194373598116,0.998843368542314,False,down
WBGene00021253,4,1.0,PFOA,-0.0123587139053932,0.998843368542314,False,down
WBGene00013694,4,1.0,PFOA,-0.0124109024772559,0.998843368542314,False,down
WBGene00007219,4,1.0,PFOA,-0.0124862824919109,0.998843368542314,False,down
WBGene00017663,4,1.0,PFOA,-0.0126072401072538,0.998843368542314,False,down
WBGene00008027,4,1.0,PFOA,-0.0126119731545982,0.998843368542314,False,down
WBGene00004317,4,1.0,PFOA,-0.0127440064746331,0.998843368542314,False,down
WBGene00016768,4,0.7333333333333333,PFOA,-0.0128414030691826,0.998843368542314,False,down
WBGene00010047,4,0.8333333333333334,PFOA,-0.0134164980127168,0.998843368542314,False,down
WBGene00015647,4,0.5333333333333333,PFOA,-0.0135665819857796,0.998843368542314,False,down
WBGene00003063,4,1.0,PFOA,-0.0136489659117567,0.998843368542314,False,down
WBGene00012306,4,1.0,PFOA,-0.0141454990290883,0.998843368542314,False,down
WBGene00003746,4,1.0,PFOA,-0.0141468824935153,0.998843368542314,False,down
WBGene00016594,4,1.0,PFOA,-0.0142117954524765,0.998843368542314,False,down
WBGene00016766,4,1.0,PFOA,-0.0142715841371079,0.998843368542314,False,down
WBGene00017748,4,1.0,PFOA,-0.0143561636204254,0.998843368542314,False,down
WBGene00020315,4,1.0,PFOA,-0.0147396766272814,0.998843368542314,False,down
WBGene00017724,4,1.0,PFOA,-0.0149646416744352,0.998843368542314,False,down
WBGene00015354,4,1.0,PFOA,-0.0152467253068806,0.998843368542314,False,down
WBGene00019665,4,1.0,PFOA,-0.0152594620938767,0.998843368542314,False,down
WBGene00011018,4,1.0,PFOA,-0.0152641018402761,0.998843368542314,False,down
WBGene00004123,4,1.0,PFOA,-0.0153841699842714,0.998843368542314,False,down
WBGene00008513,4,1.0,PFOA,-0.0156497619340336,0.998843368542314,False,down
WBGene00019427,4,1.0,PFOA,-0.0156734657210928,0.998843368542314,False,down
WBGene00009750,4,0.9333333333333333,PFOA,-0.016026345489165,0.998843368542314,False,down
WBGene00008628,4,1.0,PFOA,-0.0161572264321753,0.998843368542314,False,down
WBGene00020699,4,1.0,PFOA,-0.0163215052226252,0.998843368542314,False,down
WBGene00009974,4,0.9666666666666667,PFOA,-0.0163647427342958,0.998843368542314,False,down
WBGene00013144,4,1.0,PFOA,-0.016430567594382,0.998843368542314,False,down
WBGene00015809,4,1.0,PFOA,-0.0165075579753179,0.998843368542314,False,down
WBGene00015926,4,1.0,PFOA,-0.0166472333953839,0.998843368542314,False,down
WBGene00006479,4,0.9333333333333333,PFOA,-0.0167305759443973,0.998843368542314,False,down
WBGene00016321,4,1.0,PFOA,-0.0168626142259249,0.998843368542314,False,down
WBGene00021808,4,1.0,PFOA,-0.01686431714706,0.998843368542314,False,down
WBGene00006662,4,1.0,PFOA,-0.0168873930334271,0.998843368542314,False,down
WBGene00007860,4,0.9333333333333333,PFOA,-0.0170200672570801,0.998843368542314,False,down
WBGene00018319,4,1.0,PFOA,-0.0171176038458578,0.998843368542314,False,down
WBGene00002233,4,0.6333333333333333,PFOA,-0.0172091885468188,0.998843368542314,False,down
WBGene00002100,4,1.0,PFOA,-0.0172358000537342,0.998843368542314,False,down
WBGene00006392,4,1.0,PFOA,-0.0172555744721117,0.998843368542314,False,down
WBGene00008100,4,1.0,PFOA,-0.0176111310018742,0.998843368542314,False,down
WBGene00007193,4,0.9333333333333333,PFOA,-0.0184162984581005,0.998843368542314,False,down
WBGene00004037,4,1.0,PFOA,-0.0184967032048277,0.998843368542314,False,down
WBGene00008980,4,1.0,PFOA,-0.0186050885788861,0.998843368542314,False,down
WBGene00022197,4,0.9,PFOA,-0.0187569645884268,0.998843368542314,False,down
WBGene00016114,4,1.0,PFOA,-0.0189912993009119,0.998843368542314,False,down
WBGene00017038,4,0.7333333333333333,PFOA,-0.0189963236760019,0.998843368542314,False,down
WBGene00013516,4,1.0,PFOA,-0.0191822739052743,0.998843368542314,False,down
WBGene00022181,4,1.0,PFOA,-0.0193079439859078,0.998843368542314,False,down
WBGene00022353,4,1.0,PFOA,-0.0196234123278641,0.998843368542314,False,down
WBGene00012339,4,1.0,PFOA,-0.0196485107169235,0.998843368542314,False,down
WBGene00012193,4,0.9,PFOA,-0.0197337304891703,0.998843368542314,False,down
WBGene00007883,4,1.0,PFOA,-0.0197955243135354,0.998843368542314,False,down
WBGene00002299,4,1.0,PFOA,-0.0203208573239708,0.998843368542314,False,down
WBGene00015744,4,1.0,PFOA,-0.0203592660842926,0.998843368542314,False,down
WBGene00008198,4,1.0,PFOA,-0.0205846200297509,0.998843368542314,False,down
WBGene00006629,4,1.0,PFOA,-0.020649962419698,0.998843368542314,False,down
WBGene00016734,4,1.0,PFOA,-0.0208820054838105,0.998843368542314,False,down
WBGene00016316,4,0.5666666666666667,PFOA,-0.0212551686713825,0.998843368542314,False,down
WBGene00004182,4,1.0,PFOA,-0.0212570325169094,0.998843368542314,False,down
WBGene00012351,4,1.0,PFOA,-0.0213023197100834,0.998843368542314,False,down
WBGene00019004,4,0.6,PFOA,-0.0213211672202619,0.998843368542314,False,down
WBGene00018265,4,0.9666666666666667,PFOA,-0.021358928261058,0.998843368542314,False,down
WBGene00001445,4,1.0,PFOA,-0.0213973378228592,0.998843368542314,False,down
WBGene00012140,4,1.0,PFOA,-0.0216479746154007,0.998843368542314,False,down
WBGene00007204,4,0.7666666666666667,PFOA,-0.0216692436983444,0.998843368542314,False,down
WBGene00022717,4,1.0,PFOA,-0.0216828644663944,0.998843368542314,False,down
WBGene00012068,4,0.6,PFOA,-0.0217134730719919,0.998843368542314,False,down
WBGene00008610,4,1.0,PFOA,-0.0217476356217963,0.998843368542314,False,down
WBGene00016504,4,1.0,PFOA,-0.021942048135269,0.998843368542314,False,down
WBGene00004740,4,1.0,PFOA,-0.0220605168301865,0.998843368542314,False,down
WBGene00020469,4,1.0,PFOA,-0.022086340181447,0.998843368542314,False,down
WBGene00013202,4,1.0,PFOA,-0.0220869988028224,0.998843368542314,False,down
WBGene00004057,4,1.0,PFOA,-0.0221253788371475,0.998843368542314,False,down
WBGene00004249,4,1.0,PFOA,-0.0221883195563852,0.998843368542314,False,down
WBGene00000510,4,1.0,PFOA,-0.0224338810432174,0.998843368542314,False,down
WBGene00015056,4,1.0,PFOA,-0.0228286110425348,0.998843368542314,False,down
WBGene00003756,4,1.0,PFOA,-0.0229210145679283,0.998843368542314,False,down
WBGene00021876,4,1.0,PFOA,-0.0229705495149588,0.998843368542314,False,down
WBGene00008914,4,1.0,PFOA,-0.0230353703089946,0.998843368542314,False,down
WBGene00000481,4,0.9,PFOA,-0.0232182099981772,0.998843368542314,False,down
WBGene00020030,4,0.9333333333333333,PFOA,-0.0232680910278898,0.998843368542314,False,down
WBGene00008647,4,0.9666666666666667,PFOA,-0.0238652661781447,0.998843368542314,False,down
WBGene00017195,4,1.0,PFOA,-0.0241518755645155,0.998843368542314,False,down
WBGene00010045,4,1.0,PFOA,-0.0241570968579154,0.998843368542314,False,down
WBGene00007855,4,1.0,PFOA,-0.0245244617044329,0.998843368542314,False,down
WBGene00003634,4,1.0,PFOA,-0.0246240662011626,0.998843368542314,False,down
WBGene00010681,4,1.0,PFOA,-0.0249832824577466,0.998843368542314,False,down
WBGene00015126,4,1.0,PFOA,-0.0252974798206786,0.998843368542314,False,down
WBGene00011737,4,1.0,PFOA,-0.0253457487080076,0.998843368542314,False,down
WBGene00017484,4,1.0,PFOA,-0.0255450677518709,0.998843368542314,False,down
WBGene00018018,4,1.0,PFOA,-0.0255466746780895,0.998843368542314,False,down
WBGene00016634,4,1.0,PFOA,-0.0256138942748146,0.998843368542314,False,down
WBGene00018485,4,1.0,PFOA,-0.0259504881698825,0.998843368542314,False,down
WBGene00003599,4,1.0,PFOA,-0.0259681007683721,0.998843368542314,False,down
WBGene00003609,4,1.0,PFOA,-0.0260807040765687,0.998843368542314,False,down
WBGene00019170,4,1.0,PFOA,-0.0261708734771171,0.998843368542314,False,down
WBGene00001403,4,1.0,PFOA,-0.0261979866626215,0.998843368542314,False,down
WBGene00003163,4,1.0,PFOA,-0.0264621051639215,0.998843368542314,False,down
WBGene00012443,4,1.0,PFOA,-0.0266784103580927,0.998843368542314,False,down
WBGene00001544,4,1.0,PFOA,-0.0267969804622071,0.998843368542314,False,down
WBGene00013577,4,1.0,PFOA,-0.0270341526339896,0.998843368542314,False,down
WBGene00020562,4,1.0,PFOA,-0.0273275817942141,0.998843368542314,False,down
WBGene00006683,4,1.0,PFOA,-0.0273310744042846,0.998843368542314,False,down
WBGene00017792,4,1.0,PFOA,-0.0273783972172035,0.998843368542314,False,down
WBGene00000534,4,1.0,PFOA,-0.0275475697005608,0.998843368542314,False,down
WBGene00008910,4,1.0,PFOA,-0.0278086117877018,0.998843368542314,False,down
WBGene00007551,4,1.0,PFOA,-0.0280375463259314,0.998843368542314,False,down
WBGene00013242,4,1.0,PFOA,-0.0281176417740209,0.998843368542314,False,down
WBGene00021312,4,1.0,PFOA,-0.0284531343436092,0.998843368542314,False,down
WBGene00008971,4,1.0,PFOA,-0.0284580055125099,0.998843368542314,False,down
WBGene00008343,4,1.0,PFOA,-0.0284952721843007,0.998843368542314,False,down
WBGene00014021,4,1.0,PFOA,-0.0287817593141235,0.998843368542314,False,down
WBGene00004897,4,1.0,PFOA,-0.0287911877832252,0.998843368542314,False,down
WBGene00020031,4,1.0,PFOA,-0.0289009640061596,0.998843368542314,False,down
WBGene00022026,4,1.0,PFOA,-0.0295554711952734,0.998843368542314,False,down
WBGene00012139,4,0.9666666666666667,PFOA,-0.0297201785739645,0.998843368542314,False,down
WBGene00020939,4,0.5666666666666667,PFOA,-0.0299415634182013,0.998843368542314,False,down
WBGene00003476,4,1.0,PFOA,-0.0300642160879403,0.998843368542314,False,down
WBGene00015889,4,0.8333333333333334,PFOA,-0.0301656346179322,0.998843368542314,False,down
WBGene00010037,4,1.0,PFOA,-0.0302610971645497,0.998843368542314,False,down
WBGene00002245,4,0.9333333333333333,PFOA,-0.0307621555024107,0.998843368542314,False,down
WBGene00001449,4,1.0,PFOA,-0.0313925803270397,0.998843368542314,False,down
WBGene00009448,4,1.0,PFOA,-0.0314077633538182,0.998843368542314,False,down
WBGene00010990,4,0.5666666666666667,PFOA,-0.0318342483080674,0.998843368542314,False,down
WBGene00019742,4,0.9,PFOA,-0.0318912698646634,0.998843368542314,False,down
WBGene00006982,4,1.0,PFOA,-0.0322322728951702,0.998843368542314,False,down
WBGene00008760,4,0.7666666666666667,PFOA,-0.0323035723864849,0.998843368542314,False,down
WBGene00011344,4,1.0,PFOA,-0.032464268154754,0.998843368542314,False,down
WBGene00015479,4,1.0,PFOA,-0.032660497942762,0.998843368542314,False,down
WBGene00013222,4,1.0,PFOA,-0.0332601198004662,0.998843368542314,False,down
WBGene00019840,4,1.0,PFOA,-0.0340314847195628,0.998843368542314,False,down
WBGene00001462,4,1.0,PFOA,-0.0342462029071851,0.998843368542314,False,down
WBGene00009374,4,1.0,PFOA,-0.0342917570645981,0.998843368542314,False,down
WBGene00002980,4,1.0,PFOA,-0.0344365266876555,0.998843368542314,False,down
WBGene00007467,4,1.0,PFOA,-0.0345470548601267,0.998843368542314,False,down
WBGene00007547,4,0.5666666666666667,PFOA,-0.034559137193518,0.998843368542314,False,down
WBGene00011392,4,1.0,PFOA,-0.0345768903656332,0.998843368542314,False,down
WBGene00010188,4,0.6333333333333333,PFOA,-0.0347364969492373,0.998843368542314,False,down
WBGene00012980,4,1.0,PFOA,-0.0350253246651953,0.998843368542314,False,down
WBGene00016289,4,1.0,PFOA,-0.0353549991611933,0.998843368542314,False,down
WBGene00003589,4,1.0,PFOA,-0.035369798757432,0.998843368542314,False,down
WBGene00019780,4,1.0,PFOA,-0.0356048869622882,0.998843368542314,False,down
WBGene00013578,4,1.0,PFOA,-0.0356667439268021,0.998843368542314,False,down
WBGene00003684,4,1.0,PFOA,-0.0357442433660839,0.998843368542314,False,down
WBGene00001707,4,1.0,PFOA,-0.036100167464994,0.998843368542314,False,down
WBGene00000102,4,1.0,PFOA,-0.0368412521858235,0.998843368542314,False,down
WBGene00007892,4,0.6333333333333333,PFOA,-0.0368480886425099,0.998843368542314,False,down
WBGene00012116,4,0.7333333333333333,PFOA,-0.0372950809861037,0.998843368542314,False,down
WBGene00016975,4,1.0,PFOA,-0.0373061020661977,0.998843368542314,False,down
WBGene00019628,4,1.0,PFOA,-0.0377350153924951,0.998843368542314,False,down
WBGene00001207,4,1.0,PFOA,-0.0380612670655356,0.998843368542314,False,down
WBGene00017813,4,1.0,PFOA,-0.0382550304708203,0.998843368542314,False,down
WBGene00008832,4,1.0,PFOA,-0.0385231226822062,0.998843368542314,False,down
WBGene00016865,4,1.0,PFOA,-0.0385550474955378,0.998843368542314,False,down
WBGene00020446,4,0.5666666666666667,PFOA,-0.0385774882523374,0.998843368542314,False,down
WBGene00009776,4,0.9,PFOA,-0.03886956403383,0.998843368542314,False,down
WBGene00021893,4,0.5333333333333333,PFOA,-0.0390316655166347,0.998843368542314,False,down
WBGene00003014,4,1.0,PFOA,-0.0393814842634658,0.998843368542314,False,down
WBGene00004928,4,0.9333333333333333,PFOA,-0.0394804836584641,0.998843368542314,False,down
WBGene00022078,4,1.0,PFOA,-0.0396327110890281,0.998843368542314,False,down
WBGene00019305,4,1.0,PFOA,-0.0398890036749933,0.998843368542314,False,down
WBGene00017671,4,1.0,PFOA,-0.0399978349164013,0.998843368542314,False,down
WBGene00020209,4,1.0,PFOA,-0.0401546403155613,0.998843368542314,False,down
WBGene00006693,4,0.5333333333333333,PFOA,-0.0407038916423234,0.998843368542314,False,down
WBGene00015278,4,1.0,PFOA,-0.0411965275812606,0.998843368542314,False,down
WBGene00001461,4,1.0,PFOA,-0.0414778752722911,0.998843368542314,False,down
WBGene00001193,4,1.0,PFOA,-0.0416353398423065,0.998843368542314,False,down
WBGene00003575,4,1.0,PFOA,-0.0419109587935659,0.998843368542314,False,down
WBGene00018730,4,1.0,PFOA,-0.0421472956472187,0.998843368542314,False,down
WBGene00015251,4,1.0,PFOA,-0.0421960546924208,0.998843368542314,False,down
WBGene00008149,4,1.0,PFOA,-0.0422135146139221,0.998843368542314,False,down
WBGene00019697,4,0.9666666666666667,PFOA,-0.0422936133490296,0.998843368542314,False,down
WBGene00003038,4,0.9666666666666667,PFOA,-0.042307032639671,0.998843368542314,False,down
WBGene00018590,4,1.0,PFOA,-0.0423117158299566,0.998843368542314,False,down
WBGene00006702,4,1.0,PFOA,-0.0427586480658599,0.998843368542314,False,down
WBGene00002997,4,1.0,PFOA,-0.0428324376501462,0.998843368542314,False,down
WBGene00007592,4,0.5666666666666667,PFOA,-0.0431377427833142,0.998843368542314,False,down
WBGene00004132,4,1.0,PFOA,-0.0434313705302264,0.998843368542314,False,down
WBGene00021691,4,1.0,PFOA,-0.0434460499276162,0.998843368542314,False,down
WBGene00018164,4,0.9333333333333333,PFOA,-0.0438645551695526,0.998843368542314,False,down
WBGene00004949,4,0.9666666666666667,PFOA,-0.0439734406505888,0.998843368542314,False,down
WBGene00044433,4,1.0,PFOA,-0.0442634862947882,0.998843368542314,False,down
WBGene00019750,4,1.0,PFOA,-0.0443469162832219,0.998843368542314,False,down
WBGene00016237,4,1.0,PFOA,-0.044516107573909,0.998843368542314,False,down
WBGene00012668,4,1.0,PFOA,-0.0451135447421843,0.998843368542314,False,down
WBGene00008412,4,1.0,PFOA,-0.0463524054967512,0.998843368542314,False,down
WBGene00004276,4,1.0,PFOA,-0.0467334646351107,0.998843368542314,False,down
WBGene00000169,4,1.0,PFOA,-0.0468635401781778,0.998843368542314,False,down
WBGene00185092,4,1.0,PFOA,-0.0469737364414122,0.998843368542314,False,down
WBGene00020208,4,1.0,PFOA,-0.0471323880864099,0.998843368542314,False,down
WBGene00009562,4,1.0,PFOA,-0.0472160057002566,0.998843368542314,False,down
WBGene00010480,4,1.0,PFOA,-0.0475640365962991,0.998843368542314,False,down
WBGene00009584,4,1.0,PFOA,-0.0477595184640837,0.998843368542314,False,down
WBGene00001496,4,1.0,PFOA,-0.0481560384582354,0.998843368542314,False,down
WBGene00007460,4,1.0,PFOA,-0.048372526423529,0.998843368542314,False,down
WBGene00021089,4,1.0,PFOA,-0.0487073790206661,0.998843368542314,False,down
WBGene00021693,4,1.0,PFOA,-0.0489120009628616,0.998843368542314,False,down
WBGene00018508,4,1.0,PFOA,-0.048944179280677,0.998843368542314,False,down
WBGene00006732,4,1.0,PFOA,-0.0496242889216984,0.998843368542314,False,down
WBGene00007226,4,1.0,PFOA,-0.0497731705944642,0.998843368542314,False,down
WBGene00017489,4,0.5666666666666667,PFOA,-0.0510193558982774,0.998843368542314,False,down
WBGene00001621,4,0.9666666666666667,PFOA,-0.0514688825900801,0.998843368542314,False,down
WBGene00007647,4,1.0,PFOA,-0.0514747876139479,0.998843368542314,False,down
WBGene00009547,4,1.0,PFOA,-0.0514919235380761,0.998843368542314,False,down
WBGene00009996,4,1.0,PFOA,-0.0519618223396959,0.998843368542314,False,down
WBGene00011270,4,1.0,PFOA,-0.0521266162537183,0.998843368542314,False,down
WBGene00010041,4,1.0,PFOA,-0.0521348086314605,0.998843368542314,False,down
WBGene00016406,4,1.0,PFOA,-0.0523563004520189,0.998843368542314,False,down
WBGene00017639,4,1.0,PFOA,-0.0527002213128623,0.998843368542314,False,down
WBGene00011331,4,1.0,PFOA,-0.0527224604233457,0.998843368542314,False,down
WBGene00013898,4,1.0,PFOA,-0.0529816876521243,0.998843368542314,False,down
WBGene00000415,4,1.0,PFOA,-0.0530958721323769,0.998843368542314,False,down
WBGene00011337,4,0.9333333333333333,PFOA,-0.0538673275958955,0.998843368542314,False,down
WBGene00014989,4,0.6,PFOA,-0.0538944776729976,0.998843368542314,False,down
WBGene00006103,4,1.0,PFOA,-0.0544067973292503,0.998843368542314,False,down
WBGene00021610,4,1.0,PFOA,-0.0545342709037704,0.998843368542314,False,down
WBGene00015494,4,1.0,PFOA,-0.0546223496592501,0.998843368542314,False,down
WBGene00000950,4,1.0,PFOA,-0.0548211245613863,0.998843368542314,False,down
WBGene00012289,4,1.0,PFOA,-0.0554473387320098,0.998843368542314,False,down
WBGene00015497,4,1.0,PFOA,-0.055508714559469,0.998843368542314,False,down
WBGene00021493,4,1.0,PFOA,-0.0555913405001104,0.998843368542314,False,down
WBGene00020931,4,1.0,PFOA,-0.0558942042147296,0.998843368542314,False,down
WBGene00007007,4,1.0,PFOA,-0.0563356806189767,0.998843368542314,False,down
WBGene00008779,4,1.0,PFOA,-0.0563603137701995,0.998843368542314,False,down
WBGene00015202,4,1.0,PFOA,-0.0564311946373774,0.998843368542314,False,down
WBGene00014058,4,1.0,PFOA,-0.0567261185752952,0.998843368542314,False,down
WBGene00012221,4,1.0,PFOA,-0.0569540642785503,0.998843368542314,False,down
WBGene00007395,4,1.0,PFOA,-0.0574737853269986,0.998843368542314,False,down
WBGene00019719,4,1.0,PFOA,-0.0575118836227919,0.998843368542314,False,down
WBGene00001160,4,1.0,PFOA,-0.0579693971673937,0.998843368542314,False,down
WBGene00010239,4,1.0,PFOA,-0.0581264741776268,0.998843368542314,False,down
WBGene00009140,4,1.0,PFOA,-0.0584058808269739,0.998843368542314,False,down
WBGene00009503,4,1.0,PFOA,-0.0586573241737993,0.998843368542314,False,down
WBGene00017850,4,0.9,PFOA,-0.0587998491142865,0.998843368542314,False,down
WBGene00011733,4,1.0,PFOA,-0.0589259359864305,0.998843368542314,False,down
WBGene00007911,4,1.0,PFOA,-0.0592331853782627,0.998843368542314,False,down
WBGene00015047,4,1.0,PFOA,-0.059311889607178,0.998843368542314,False,down
WBGene00012907,4,1.0,PFOA,-0.0595645474664619,0.998843368542314,False,down
WBGene00044078,4,1.0,PFOA,-0.0602965006148153,0.998843368542314,False,down
WBGene00006431,4,1.0,PFOA,-0.0607802067487002,0.998843368542314,False,down
WBGene00007878,4,1.0,PFOA,-0.0608498771913994,0.998843368542314,False,down
WBGene00007621,4,1.0,PFOA,-0.0610365023608195,0.998843368542314,False,down
WBGene00018582,4,1.0,PFOA,-0.0613250530850524,0.998843368542314,False,down
WBGene00018732,4,1.0,PFOA,-0.0615395769419492,0.998843368542314,False,down
WBGene00270322,4,1.0,PFOA,-0.0616954113520342,0.998843368542314,False,down
WBGene00014017,4,1.0,PFOA,-0.061710390585924,0.998843368542314,False,down
WBGene00000723,4,1.0,PFOA,-0.0617905407440637,0.998843368542314,False,down
WBGene00018294,4,1.0,PFOA,-0.0623171551318688,0.998843368542314,False,down
WBGene00017659,4,1.0,PFOA,-0.0623481252016032,0.998843368542314,False,down
WBGene00003721,4,1.0,PFOA,-0.0628438330421043,0.998843368542314,False,down
WBGene00206525,4,1.0,PFOA,-0.0633932205991863,0.998843368542314,False,down
WBGene00016128,4,1.0,PFOA,-0.0634013233225078,0.998843368542314,False,down
WBGene00012362,4,1.0,PFOA,-0.0636634709794047,0.998843368542314,False,down
WBGene00022441,4,1.0,PFOA,-0.0649635752169646,0.998843368542314,False,down
WBGene00011824,4,0.5333333333333333,PFOA,-0.065125631579102,0.998843368542314,False,down
WBGene00020721,4,0.8666666666666667,PFOA,-0.0653030344687413,0.998843368542314,False,down
WBGene00011263,4,0.6666666666666666,PFOA,-0.0653809802473372,0.998843368542314,False,down
WBGene00001591,4,1.0,PFOA,-0.0654580832775606,0.998843368542314,False,down
WBGene00017304,4,1.0,PFOA,-0.065589518599629,0.998843368542314,False,down
WBGene00009068,4,1.0,PFOA,-0.0656122828795997,0.998843368542314,False,down
WBGene00045295,4,1.0,PFOA,-0.0661110918209767,0.998843368542314,False,down
WBGene00017726,4,0.9333333333333333,PFOA,-0.0661259180319517,0.998843368542314,False,down
WBGene00008603,4,1.0,PFOA,-0.0664249888336074,0.998843368542314,False,down
WBGene00003510,4,1.0,PFOA,-0.0666546155780128,0.998843368542314,False,down
WBGene00021858,4,1.0,PFOA,-0.067893556015651,0.998843368542314,False,down
WBGene00012144,4,1.0,PFOA,-0.0683155546393376,0.998843368542314,False,down
WBGene00019160,4,1.0,PFOA,-0.0686089908770204,0.998843368542314,False,down
WBGene00008224,4,1.0,PFOA,-0.0692858270030801,0.998843368542314,False,down
WBGene00003739,4,1.0,PFOA,-0.0698585716223495,0.998843368542314,False,down
WBGene00022393,4,0.9666666666666667,PFOA,-0.0700481751385694,0.998843368542314,False,down
WBGene00012332,4,1.0,PFOA,-0.0701084876148713,0.998843368542314,False,down
WBGene00008777,4,0.9666666666666667,PFOA,-0.0703735977864474,0.998843368542314,False,down
WBGene00004284,4,0.5333333333333333,PFOA,-0.0703771600242358,0.998843368542314,False,down
WBGene00003997,4,1.0,PFOA,-0.0711671216493898,0.998843368542314,False,down
WBGene00016602,4,1.0,PFOA,-0.071439201453874,0.998843368542314,False,down
WBGene00016115,4,1.0,PFOA,-0.0714667795769541,0.998843368542314,False,down
WBGene00003086,4,1.0,PFOA,-0.0717074986371122,0.998843368542314,False,down
WBGene00007469,4,0.9333333333333333,PFOA,-0.0721044873315894,0.998843368542314,False,down
WBGene00002253,4,1.0,PFOA,-0.072446995541259,0.998843368542314,False,down
WBGene00020777,4,1.0,PFOA,-0.0725725587106544,0.998843368542314,False,down
WBGene00044509,4,0.9666666666666667,PFOA,-0.0727780445784113,0.998843368542314,False,down
WBGene00000370,4,0.9666666666666667,PFOA,-0.0729657448163361,0.998843368542314,False,down
WBGene00018351,4,1.0,PFOA,-0.0730649505659956,0.998843368542314,False,down
WBGene00003698,4,1.0,PFOA,-0.0730960554494357,0.998843368542314,False,down
WBGene00003712,4,0.5666666666666667,PFOA,-0.0735229994063542,0.998843368542314,False,down
WBGene00014074,4,1.0,PFOA,-0.0745722824928523,0.998843368542314,False,down
WBGene00011817,4,1.0,PFOA,-0.0748840561654874,0.998843368542314,False,down
WBGene00020887,4,1.0,PFOA,-0.0752484772082786,0.998843368542314,False,down
WBGene00012326,4,1.0,PFOA,-0.0753243058623567,0.998843368542314,False,down
WBGene00007923,4,0.5666666666666667,PFOA,-0.0753673822704691,0.998843368542314,False,down
WBGene00010655,4,0.9666666666666667,PFOA,-0.0757055794658715,0.998843368542314,False,down
WBGene00015427,4,0.6,PFOA,-0.0758567272034541,0.998843368542314,False,down
WBGene00015371,4,1.0,PFOA,-0.0759945707551091,0.998843368542314,False,down
WBGene00017128,4,0.6333333333333333,PFOA,-0.0766499871160411,0.998843368542314,False,down
WBGene00043297,4,1.0,PFOA,-0.0769789326623256,0.998843368542314,False,down
WBGene00003591,4,1.0,PFOA,-0.077149213978941,0.998843368542314,False,down
WBGene00011397,4,1.0,PFOA,-0.0774100365720621,0.998843368542314,False,down
WBGene00195176,4,0.9,PFOA,-0.0776263560673108,0.998843368542314,False,down
WBGene00044508,4,1.0,PFOA,-0.0779737654706238,0.998843368542314,False,down
WBGene00017979,4,1.0,PFOA,-0.0782189027556129,0.998843368542314,False,down
WBGene00010320,4,1.0,PFOA,-0.0790363513868495,0.998843368542314,False,down
WBGene00022718,4,1.0,PFOA,-0.0790431729405986,0.998843368542314,False,down
WBGene00015650,4,1.0,PFOA,-0.0791424879325657,0.998843368542314,False,down
WBGene00016540,4,0.5666666666666667,PFOA,-0.0797716597469047,0.998843368542314,False,down
WBGene00018413,4,1.0,PFOA,-0.0797986799020767,0.998843368542314,False,down
WBGene00001911,4,1.0,PFOA,-0.0806025163270204,0.998843368542314,False,down
WBGene00021965,4,0.7333333333333333,PFOA,-0.0806247681098875,0.998843368542314,False,down
WBGene00044640,4,1.0,PFOA,-0.0806889804115289,0.998843368542314,False,down
WBGene00012244,4,1.0,PFOA,-0.0810118169136495,0.998843368542314,False,down
WBGene00000017,4,1.0,PFOA,-0.0820907502332859,0.998843368542314,False,down
WBGene00020248,4,1.0,PFOA,-0.0822087575303706,0.998843368542314,False,down
WBGene00008225,4,1.0,PFOA,-0.0828556767681759,0.998843368542314,False,down
WBGene00009667,4,0.5666666666666667,PFOA,-0.0831041232893203,0.998843368542314,False,down
WBGene00006984,4,1.0,PFOA,-0.0831155964078292,0.998843368542314,False,down
WBGene00010135,4,1.0,PFOA,-0.0831708386103411,0.998843368542314,False,down
WBGene00008356,4,1.0,PFOA,-0.0834404675018305,0.998843368542314,False,down
WBGene00022798,4,1.0,PFOA,-0.0838669893901854,0.998843368542314,False,down
WBGene00007945,4,0.5666666666666667,PFOA,-0.0838743191019304,0.998843368542314,False,down
WBGene00011171,4,0.9,PFOA,-0.0843981986292824,0.998843368542314,False,down
WBGene00013039,4,1.0,PFOA,-0.0845755106536161,0.998843368542314,False,down
WBGene00017299,4,0.7,PFOA,-0.0846542765343606,0.998843368542314,False,down
WBGene00007764,4,1.0,PFOA,-0.084724648535037,0.998843368542314,False,down
WBGene00009738,4,0.6,PFOA,-0.0851185163885373,0.998843368542314,False,down
WBGene00009534,4,1.0,PFOA,-0.0858768861229992,0.998843368542314,False,down
WBGene00044418,4,1.0,PFOA,-0.086976820955839,0.998843368542314,False,down
WBGene00004272,4,1.0,PFOA,-0.0878154376368689,0.998843368542314,False,down
WBGene00010872,4,1.0,PFOA,-0.0883018128104642,0.998843368542314,False,down
WBGene00012421,4,1.0,PFOA,-0.0883673303293984,0.998843368542314,False,down
WBGene00003689,4,0.9666666666666667,PFOA,-0.0889768384520713,0.998843368542314,False,down
WBGene00000286,4,1.0,PFOA,-0.089053104001447,0.998843368542314,False,down
WBGene00011726,4,1.0,PFOA,-0.0891503131452856,0.998843368542314,False,down
WBGene00003724,4,1.0,PFOA,-0.0912143948929747,0.998843368542314,False,down
WBGene00016138,4,1.0,PFOA,-0.0917977581784774,0.998843368542314,False,down
WBGene00003686,4,1.0,PFOA,-0.0924667761735235,0.998843368542314,False,down
WBGene00000530,4,0.9,PFOA,-0.0935666633648428,0.998843368542314,False,down
WBGene00003653,4,1.0,PFOA,-0.0935941542357211,0.998843368542314,False,down
WBGene00011966,4,1.0,PFOA,-0.0949084502851928,0.998843368542314,False,down
WBGene00014226,4,0.5666666666666667,PFOA,-0.0950312802133057,0.998843368542314,False,down
WBGene00010232,4,1.0,PFOA,-0.0958192385354503,0.998843368542314,False,down
WBGene00018375,4,1.0,PFOA,-0.0970246652444604,0.998843368542314,False,down
WBGene00008515,4,1.0,PFOA,-0.0971009382432149,0.998843368542314,False,down
WBGene00003573,4,0.9,PFOA,-0.0983322836223893,0.998843368542314,False,down
WBGene00016974,4,0.9333333333333333,PFOA,-0.0983770502279574,0.998843368542314,False,down
WBGene00005818,4,1.0,PFOA,-0.0988843447805508,0.998843368542314,False,down
WBGene00001671,4,1.0,PFOA,-0.0994525046215851,0.998843368542314,False,down
WBGene00194855,4,0.9333333333333333,PFOA,-0.0997207766627406,0.998843368542314,False,down
WBGene00006949,4,1.0,PFOA,-0.100094167337732,0.998843368542314,False,down
WBGene00007260,4,1.0,PFOA,-0.100283002279075,0.998843368542314,False,down
WBGene00011154,4,1.0,PFOA,-0.100505558894975,0.998843368542314,False,down
WBGene00001547,4,0.9666666666666667,PFOA,-0.100822484817943,0.998843368542314,False,down
WBGene00013926,4,1.0,PFOA,-0.102523972929663,0.998843368542314,False,down
WBGene00021156,4,1.0,PFOA,-0.103896783949221,0.998843368542314,False,down
WBGene00019466,4,1.0,PFOA,-0.104677001987377,0.998843368542314,False,down
WBGene00220259,4,1.0,PFOA,-0.10480659255364,0.998843368542314,False,down
WBGene00011074,4,1.0,PFOA,-0.104845454940623,0.998843368542314,False,down
WBGene00016135,4,1.0,PFOA,-0.105136144975862,0.998843368542314,False,down
WBGene00011894,4,0.7,PFOA,-0.107045739499611,0.998843368542314,False,down
WBGene00013093,4,1.0,PFOA,-0.107062778674413,0.998843368542314,False,down
WBGene00013692,4,1.0,PFOA,-0.107984430805879,0.998843368542314,False,down
WBGene00012128,4,1.0,PFOA,-0.107996501993901,0.998843368542314,False,down
WBGene00012387,4,0.9333333333333333,PFOA,-0.108575761244578,0.998843368542314,False,down
WBGene00001444,4,1.0,PFOA,-0.109376383094284,0.998843368542314,False,down
WBGene00018213,4,1.0,PFOA,-0.109726961159943,0.998843368542314,False,down
WBGene00011292,4,1.0,PFOA,-0.110254791926176,0.998843368542314,False,down
WBGene00008357,4,1.0,PFOA,-0.110446066322245,0.998843368542314,False,down
WBGene00010642,4,1.0,PFOA,-0.11195204896092,0.998843368542314,False,down
WBGene00001460,4,1.0,PFOA,-0.11202136519381,0.998843368542314,False,down
WBGene00013548,4,1.0,PFOA,-0.112274379883626,0.998843368542314,False,down
WBGene00008859,4,1.0,PFOA,-0.112281422620208,0.998843368542314,False,down
WBGene00010945,4,1.0,PFOA,-0.112725768041348,0.998843368542314,False,down
WBGene00010407,4,1.0,PFOA,-0.113099351405852,0.998843368542314,False,down
WBGene00016193,4,1.0,PFOA,-0.114311657446522,0.998843368542314,False,down
WBGene00017653,4,1.0,PFOA,-0.114604441891901,0.998843368542314,False,down
WBGene00013448,4,1.0,PFOA,-0.119806490311537,0.998843368542314,False,down
WBGene00008139,4,0.5666666666666667,PFOA,-0.120250234470285,0.998843368542314,False,down
WBGene00003884,4,1.0,PFOA,-0.121586078066831,0.998843368542314,False,down
WBGene00012783,4,1.0,PFOA,-0.122315065634908,0.998843368542314,False,down
WBGene00018511,4,1.0,PFOA,-0.123422721923765,0.998843368542314,False,down
WBGene00015393,4,0.9333333333333333,PFOA,-0.123660128654926,0.998843368542314,False,down
WBGene00044553,4,1.0,PFOA,-0.124110910338474,0.998843368542314,False,down
WBGene00020427,4,0.7333333333333333,PFOA,-0.124181131741293,0.998843368542314,False,down
WBGene00020163,4,1.0,PFOA,-0.124826270363597,0.998843368542314,False,down
WBGene00017676,4,0.5333333333333333,PFOA,-0.124932107130816,0.998843368542314,False,down
WBGene00018150,4,1.0,PFOA,-0.126650585028948,0.998843368542314,False,down
WBGene00002184,4,1.0,PFOA,-0.127937492897517,0.998843368542314,False,down
WBGene00015434,4,1.0,PFOA,-0.128352056968975,0.998843368542314,False,down
WBGene00022039,4,1.0,PFOA,-0.128553229946681,0.998843368542314,False,down
WBGene00022383,4,1.0,PFOA,-0.128846170149849,0.998843368542314,False,down
WBGene00016099,4,0.9666666666666667,PFOA,-0.129767887179349,0.998843368542314,False,down
WBGene00017127,4,1.0,PFOA,-0.130476975875488,0.998843368542314,False,down
WBGene00015733,4,1.0,PFOA,-0.130802730009226,0.998843368542314,False,down
WBGene00006464,4,1.0,PFOA,-0.13135089987617,0.998843368542314,False,down
WBGene00008435,4,1.0,PFOA,-0.131954083004979,0.998843368542314,False,down
WBGene00018763,4,0.9666666666666667,PFOA,-0.13244909421641,0.998843368542314,False,down
WBGene00021176,4,0.6333333333333333,PFOA,-0.133943425540813,0.998843368542314,False,down
WBGene00008576,4,1.0,PFOA,-0.135305649029257,0.998843368542314,False,down
WBGene00015063,4,1.0,PFOA,-0.135329676056722,0.998843368542314,False,down
WBGene00017133,4,1.0,PFOA,-0.136663695096908,0.998843368542314,False,down
WBGene00015048,4,1.0,PFOA,-0.137156114379887,0.998843368542314,False,down
WBGene00015811,4,1.0,PFOA,-0.137397670600722,0.998843368542314,False,down
WBGene00001796,4,1.0,PFOA,-0.13835451360151,0.998843368542314,False,down
WBGene00007553,4,0.6666666666666666,PFOA,-0.138421084597211,0.998843368542314,False,down
WBGene00006441,4,0.6666666666666666,PFOA,-0.13866240677692,0.998843368542314,False,down
WBGene00003966,4,1.0,PFOA,-0.14861930036863,0.998843368542314,False,down
WBGene00017303,4,1.0,PFOA,-0.14936080754442,0.998843368542314,False,down
WBGene00017353,4,1.0,PFOA,-0.150143044228116,0.998843368542314,False,down
WBGene00011284,4,1.0,PFOA,-0.150578697756263,0.998843368542314,False,down
WBGene00014159,4,0.6333333333333333,PFOA,-0.151051626285719,0.998843368542314,False,down
WBGene00020170,4,1.0,PFOA,-0.152550546897784,0.998843368542314,False,down
WBGene00018269,4,1.0,PFOA,-0.152852139598941,0.998843368542314,False,down
WBGene00002086,4,0.9333333333333333,PFOA,-0.155230607282526,0.998843368542314,False,down
WBGene00016269,4,1.0,PFOA,-0.155928048692676,0.998843368542314,False,down
WBGene00007992,4,0.9333333333333333,PFOA,-0.156447348592459,0.998843368542314,False,down
WBGene00044636,4,1.0,PFOA,-0.157386342027017,0.998843368542314,False,down
WBGene00000980,4,1.0,PFOA,-0.160611622189734,0.998843368542314,False,down
WBGene00000016,4,1.0,PFOA,-0.162365997740523,0.998843368542314,False,down
WBGene00010440,4,1.0,PFOA,-0.163339017141494,0.998843368542314,False,down
WBGene00009387,4,1.0,PFOA,-0.163873273699413,0.998843368542314,False,down
WBGene00022440,4,1.0,PFOA,-0.165794322378452,0.998843368542314,False,down
WBGene00011587,4,0.9666666666666667,PFOA,-0.165973582298818,0.998843368542314,False,down
WBGene00017901,4,1.0,PFOA,-0.167247792408154,0.998843368542314,False,down
WBGene00016796,4,1.0,PFOA,-0.168778805141259,0.998843368542314,False,down
WBGene00007365,4,1.0,PFOA,-0.170167020862544,0.998843368542314,False,down
WBGene00010348,4,1.0,PFOA,-0.170893358371646,0.998843368542314,False,down
WBGene00009957,4,0.9666666666666667,PFOA,-0.17260550290257,0.998843368542314,False,down
WBGene00018750,4,1.0,PFOA,-0.173236957431007,0.998843368542314,False,down
WBGene00016345,4,1.0,PFOA,-0.174524605728486,0.998843368542314,False,down
WBGene00045336,4,0.9666666666666667,PFOA,-0.174678604355563,0.998843368542314,False,down
WBGene00045516,4,1.0,PFOA,-0.174910526460515,0.998843368542314,False,down
WBGene00001535,4,1.0,PFOA,-0.176843483229375,0.998843368542314,False,down
WBGene00022643,4,1.0,PFOA,-0.177374067233766,0.998843368542314,False,down
WBGene00009386,4,1.0,PFOA,-0.177795736313357,0.998843368542314,False,down
WBGene00018355,4,0.5666666666666667,PFOA,-0.177896591854518,0.998843368542314,False,down
WBGene00018748,4,1.0,PFOA,-0.181299647571477,0.998843368542314,False,down
WBGene00008897,4,0.5666666666666667,PFOA,-0.187404383053794,0.998843368542314,False,down
WBGene00044354,4,1.0,PFOA,-0.187883881414905,0.998843368542314,False,down
WBGene00001391,4,1.0,PFOA,-0.188149928360326,0.998843368542314,False,down
WBGene00016929,4,0.9333333333333333,PFOA,-0.190909267693031,0.998843368542314,False,down
WBGene00019571,4,1.0,PFOA,-0.191361279063987,0.998843368542314,False,down
WBGene00019421,4,1.0,PFOA,-0.192705808885562,0.998843368542314,False,down
WBGene00008915,4,1.0,PFOA,-0.193536682280948,0.998843368542314,False,down
WBGene00009221,4,1.0,PFOA,-0.195406638417122,0.998843368542314,False,down
WBGene00007973,4,1.0,PFOA,-0.19642855912414,0.998843368542314,False,down
WBGene00012435,4,0.9,PFOA,-0.196754979281984,0.998843368542314,False,down
WBGene00004933,4,1.0,PFOA,-0.197622629070762,0.998843368542314,False,down
WBGene00010790,4,0.9666666666666667,PFOA,-0.198492973946389,0.998843368542314,False,down
WBGene00016111,4,1.0,PFOA,-0.20306990271152,0.998843368542314,False,down
WBGene00017814,4,0.9333333333333333,PFOA,-0.203542141836427,0.998843368542314,False,down
WBGene00013046,4,1.0,PFOA,-0.204196504410673,0.998843368542314,False,down
WBGene00009820,4,1.0,PFOA,-0.204475626089182,0.998843368542314,False,down
WBGene00019614,4,0.5666666666666667,PFOA,-0.206125161676427,0.998843368542314,False,down
WBGene00008830,4,0.9333333333333333,PFOA,-0.209912226829932,0.998843368542314,False,down
WBGene00011854,4,1.0,PFOA,-0.210480660818054,0.998843368542314,False,down
WBGene00044182,4,0.5666666666666667,PFOA,-0.211704950568664,0.998843368542314,False,down
WBGene00044568,4,0.5333333333333333,PFOA,-0.212709949921445,0.998843368542314,False,down
WBGene00012412,4,1.0,PFOA,-0.213233811325104,0.998843368542314,False,down
WBGene00016303,4,0.9666666666666667,PFOA,-0.217451196220498,0.998843368542314,False,down
WBGene00015748,4,1.0,PFOA,-0.219818782942566,0.998843368542314,False,down
WBGene00011100,4,1.0,PFOA,-0.220169113749581,0.998843368542314,False,down
WBGene00012216,4,0.6666666666666666,PFOA,-0.222769512971207,0.998843368542314,False,down
WBGene00007958,4,1.0,PFOA,-0.223096329902578,0.998843368542314,False,down
WBGene00022314,4,1.0,PFOA,-0.224180184617037,0.998843368542314,False,down
WBGene00017692,4,1.0,PFOA,-0.224181035317875,0.998843368542314,False,down
WBGene00016017,4,0.7666666666666667,PFOA,-0.226188121090989,0.998843368542314,False,down
WBGene00020260,4,0.9333333333333333,PFOA,-0.227543054682356,0.998843368542314,False,down
WBGene00044615,4,0.7,PFOA,-0.23256697587873,0.998843368542314,False,down
WBGene00008616,4,1.0,PFOA,-0.232666006439401,0.998843368542314,False,down
WBGene00022487,4,1.0,PFOA,-0.232976286411576,0.998843368542314,False,down
WBGene00018706,4,0.9666666666666667,PFOA,-0.233180989994379,0.998843368542314,False,down
WBGene00001577,4,1.0,PFOA,-0.235644030184129,0.998843368542314,False,down
WBGene00015369,4,1.0,PFOA,-0.237715931282299,0.998843368542314,False,down
WBGene00009447,4,1.0,PFOA,-0.241494325034223,0.998843368542314,False,down
WBGene00012364,4,1.0,PFOA,-0.245209954179563,0.998843368542314,False,down
WBGene00003562,4,1.0,PFOA,-0.253790779329423,0.998843368542314,False,down
WBGene00001623,4,0.9666666666666667,PFOA,-0.255109169933494,0.998843368542314,False,down
WBGene00016845,4,1.0,PFOA,-0.255382137992452,0.998843368542314,False,down
WBGene00303364,4,1.0,PFOA,-0.26080146099929,0.998843368542314,False,down
WBGene00009236,4,0.9666666666666667,PFOA,-0.269542962707362,0.998843368542314,False,down
WBGene00271701,4,0.9333333333333333,PFOA,-0.273268545148358,0.998843368542314,False,down
WBGene00007722,4,1.0,PFOA,-0.282445118868102,0.998843368542314,False,down
WBGene00017411,4,1.0,PFOA,-0.286836155336633,0.998843368542314,False,down
WBGene00001059,4,1.0,PFOA,-0.287209972032546,0.998843368542314,False,down
WBGene00007508,4,0.9333333333333333,PFOA,-0.293695450983408,0.998843368542314,False,down
WBGene00044697,4,0.7333333333333333,PFOA,-0.296956823487325,0.998843368542314,False,down
WBGene00011103,4,0.8333333333333334,PFOA,-0.298571846822491,0.998843368542314,False,down
WBGene00015409,4,0.6666666666666666,PFOA,-0.298841762805212,0.998843368542314,False,down
WBGene00015549,4,1.0,PFOA,-0.304947152083571,0.998843368542314,False,down
WBGene00008677,4,1.0,PFOA,-0.307684028525639,0.998843368542314,False,down
WBGene00012919,4,0.5333333333333333,PFOA,-0.308306468368432,0.998843368542314,False,down
WBGene00018384,4,1.0,PFOA,-0.309174919571931,0.998843368542314,False,down
WBGene00000932,4,1.0,PFOA,-0.310987983371759,0.998843368542314,False,down
WBGene00010541,4,1.0,PFOA,-0.320785204670901,0.998843368542314,False,down
WBGene00013806,4,1.0,PFOA,-0.323951695698669,0.998843368542314,False,down
WBGene00012850,4,1.0,PFOA,-0.326668960223296,0.998843368542314,False,down
WBGene00018747,4,0.9,PFOA,-0.341979675157214,0.998843368542314,False,down
WBGene00004231,4,1.0,PFOA,-0.346324320524015,0.998843368542314,False,down
WBGene00219288,4,1.0,PFOA,-0.346413755407628,0.998843368542314,False,down
WBGene00020225,4,0.5333333333333333,PFOA,-0.356834178356232,0.998843368542314,False,down
WBGene00013498,4,1.0,PFOA,-0.358981106801391,0.998843368542314,False,down
WBGene00012254,4,0.6666666666666666,PFOA,-0.358986308398987,0.998843368542314,False,down
WBGene00011286,4,1.0,PFOA,-0.362124824136927,0.998843368542314,False,down
WBGene00018731,4,1.0,PFOA,-0.366622156360334,0.998843368542314,False,down
WBGene00016109,4,0.7666666666666667,PFOA,-0.367865582190569,0.998843368542314,False,down
WBGene00016046,4,1.0,PFOA,-0.371473860849879,0.998843368542314,False,down
WBGene00219283,4,1.0,PFOA,-0.385812875457319,0.998843368542314,False,down
WBGene00016693,4,1.0,PFOA,-0.388728388381978,0.998843368542314,False,down
WBGene00021586,4,0.8,PFOA,-0.413430486437514,0.998843368542314,False,down
WBGene00011098,4,0.9666666666666667,PFOA,-0.41672863416968,0.998843368542314,False,down
WBGene00009948,4,1.0,PFOA,-0.42034637821789,0.998843368542314,False,down
WBGene00018411,4,1.0,PFOA,-0.45859898686441,0.998843368542314,False,down
WBGene00010018,4,1.0,PFOA,-0.461270707919669,0.998843368542314,False,down
WBGene00195183,4,1.0,PFOA,-0.461831897005302,0.998843368542314,False,down
WBGene00013900,4,1.0,PFOA,-0.462762442368422,0.998843368542314,False,down
WBGene00001608,4,1.0,PFOA,-0.463719160103504,0.998843368542314,False,down
WBGene00008389,4,1.0,PFOA,-0.595816804964647,0.998843368542314,False,down
WBGene00044471,4,0.6666666666666666,PFOA,-0.7165572879787,0.998843368542314,False,down
WBGene00000033,4,0.9333333333333333,PFOA,-0.863694965285479,0.998843368542314,False,down
WBGene00004991,4,1.0,PFOA,-0.95054915493994,0.998843368542314,False,down
WBGene00015947,4,1.0,PFOA,0.0044077554315293,0.99889099503847,False,up
WBGene00021702,4,1.0,PFOA,0.0019376855527486,0.99889099503847,False,up
WBGene00009660,4,1.0,PFOA,-0.0033546854332309,0.99889099503847,False,down
WBGene00019313,4,1.0,PFOA,-0.0039869473862895,0.99889099503847,False,down
WBGene00019232,4,0.9666666666666667,PFOA,0.0027744403774718,0.999341279027208,False,up
WBGene00022445,4,1.0,PFOA,0.0020097263106596,0.999464201225736,False,up
WBGene00194692,4,1.0,PFOA,0.000876931341531,0.999464201225736,False,up
WBGene00002036,4,1.0,PFOA,0.0008335777871448,0.999464201225736,False,up
WBGene00003368,4,0.9333333333333333,PFOA,0.0003590636926971,0.999464201225736,False,up
WBGene00007877,4,1.0,PFOA,-0.0002073958747776,0.999464201225736,False,down
WBGene00003626,4,1.0,PFOA,-0.000535227799504,0.999464201225736,False,down
WBGene00000095,4,1.0,PFOA,-0.0005435602002538,0.999464201225736,False,down
WBGene00009050,4,1.0,PFOA,-0.0006133101346157,0.999464201225736,False,down
WBGene00012194,4,0.5666666666666667,PFOA,-0.0009828087505091,0.999464201225736,False,down
WBGene00010236,4,1.0,PFOA,-0.0010582669003321,0.999464201225736,False,down
WBGene00001455,4,0.7666666666666667,PFOA,-0.0012526943430587,0.999464201225736,False,down
WBGene00011189,4,1.0,PFOA,-0.0021954394812555,0.999464201225736,False,down
WBGene00009809,4,1.0,PFOA,-0.0027379212441635,0.999464201225736,False,down
WBGene00012027,4,0.9333333333333333,PFOA,-0.0040839807475932,0.999464201225736,False,down
