WB_id,consensus_module,consensus_strength,chemical,logFC,FDR,is_detected,direction
WBGene00007231,4,1.0,PFOSA,6.160456171,1.83775515525616e-24,True,up
WBGene00077764,4,0.9333333333333333,PFOSA,4.138947386,1.7729153681342202e-23,True,up
WBGene00019818,4,1.0,PFOSA,4.912529524,5.04239854931962e-23,True,up
WBGene00007232,4,1.0,PFOSA,4.329912135,3.28305352494647e-22,True,up
WBGene00044658,4,1.0,PFOSA,4.418429665,1.16647346158706e-21,True,up
WBGene00021610,4,1.0,PFOSA,3.183382993,4.92958058078147e-21,True,up
WBGene00016505,4,1.0,PFOSA,2.442032414,6.35219467101156e-21,True,up
WBGene00017970,4,1.0,PFOSA,1.934515138,5.0904085770318004e-20,True,up
WBGene00003997,4,1.0,PFOSA,1.648926435,5.0904085770318004e-20,True,up
WBGene00001387,4,0.7333333333333333,PFOSA,5.684384374,9.96526238953298e-20,True,up
WBGene00020891,4,0.5666666666666667,PFOSA,1.920369118,1.03382871892046e-19,True,up
WBGene00002270,4,0.9666666666666667,PFOSA,4.4825182,1.30129809311086e-19,True,up
WBGene00019875,4,1.0,PFOSA,1.177351628,1.6686258869546602e-19,True,up
WBGene00010697,4,1.0,PFOSA,1.99869382,6.65747810430169e-19,True,up
WBGene00001390,4,1.0,PFOSA,1.765695023,7.670186947640711e-19,True,up
WBGene00003561,4,1.0,PFOSA,1.891260894,1.87225440473159e-18,True,up
WBGene00004176,4,1.0,PFOSA,6.492053572,3.31605480317632e-18,True,up
WBGene00015067,4,1.0,PFOSA,2.257338432,1.0584261374881201e-17,True,up
WBGene00011894,4,0.7,PFOSA,2.86605481,1.1162105894216e-17,True,up
WBGene00020947,4,1.0,PFOSA,2.606892684,1.24945580482179e-17,True,up
WBGene00017621,4,1.0,PFOSA,2.164806218,1.99343283384205e-17,True,up
WBGene00001624,4,0.5666666666666667,PFOSA,1.702674663,2.04176095471763e-17,True,up
WBGene00000017,4,1.0,PFOSA,2.234128612,4.1100291859926e-17,True,up
WBGene00016594,4,1.0,PFOSA,2.55159829,4.90744135035136e-17,True,up
WBGene00020301,4,1.0,PFOSA,0.978813914,5.24666581376536e-17,True,up
WBGene00022306,4,1.0,PFOSA,0.949308364,7.04175946612178e-17,True,up
WBGene00013882,4,1.0,PFOSA,2.301580892,8.915040699918741e-17,True,up
WBGene00004894,4,1.0,PFOSA,1.293384363,8.986040777038031e-17,True,up
WBGene00009383,4,1.0,PFOSA,2.153435621,1.10170261197237e-16,True,up
WBGene00008743,4,1.0,PFOSA,3.135045606,2.21893405727928e-16,True,up
WBGene00003752,4,1.0,PFOSA,1.489224559,2.21893405727928e-16,True,up
WBGene00019104,4,1.0,PFOSA,4.977078047,2.37262382372298e-16,True,up
WBGene00017220,4,1.0,PFOSA,1.606646909,2.37262382372298e-16,True,up
WBGene00021048,4,1.0,PFOSA,2.072319383,2.51199985418175e-16,True,up
WBGene00001621,4,0.9666666666666667,PFOSA,1.258024445,2.51199985418175e-16,True,up
WBGene00004008,4,1.0,PFOSA,2.685238871,2.6140298995475e-16,True,up
WBGene00016180,4,1.0,PFOSA,6.153506719,3.10331180362109e-16,True,up
WBGene00018748,4,1.0,PFOSA,2.295015491,3.10331180362109e-16,True,up
WBGene00013181,4,1.0,PFOSA,2.746330541,3.24320239887629e-16,True,up
WBGene00012717,4,1.0,PFOSA,1.717125751,3.49969637621651e-16,True,up
WBGene00021369,4,1.0,PFOSA,1.474672771,4.32410673097707e-16,True,up
WBGene00000016,4,1.0,PFOSA,1.507553849,4.3391706841047e-16,True,up
WBGene00009660,4,1.0,PFOSA,2.24431611,4.38027940840521e-16,True,up
WBGene00010681,4,1.0,PFOSA,1.518735567,4.38957008140909e-16,True,up
WBGene00019357,4,1.0,PFOSA,2.403188187,5.03082392484202e-16,True,up
WBGene00012182,4,1.0,PFOSA,1.404617317,5.03082392484202e-16,True,up
WBGene00006984,4,1.0,PFOSA,1.927805109,5.65321671852756e-16,True,up
WBGene00001674,4,0.9,PFOSA,1.288219068,5.85491891236181e-16,True,up
WBGene00017865,4,1.0,PFOSA,2.770435682,6.35904261893356e-16,True,up
WBGene00044182,4,0.5666666666666667,PFOSA,3.869384078,6.96054187944425e-16,True,up
WBGene00022078,4,1.0,PFOSA,1.726498122,7.221812689921419e-16,True,up
WBGene00009803,4,1.0,PFOSA,2.619561661,7.29791178469045e-16,True,up
WBGene00011424,4,1.0,PFOSA,2.615160876,7.889407505565089e-16,True,up
WBGene00008439,4,1.0,PFOSA,2.740269951,8.161303995112339e-16,True,up
WBGene00019827,4,1.0,PFOSA,1.275536919,8.201568478557059e-16,True,up
WBGene00018731,4,1.0,PFOSA,3.195447374,8.563399302731989e-16,True,up
WBGene00020784,4,1.0,PFOSA,1.57429992,9.496173731764239e-16,True,up
WBGene00001945,4,1.0,PFOSA,0.908781338,1.1089453993144801e-15,True,up
WBGene00007055,4,1.0,PFOSA,1.268870732,1.35994533795484e-15,True,up
WBGene00011286,4,1.0,PFOSA,3.397941475,1.4529052147632702e-15,True,up
WBGene00013577,4,1.0,PFOSA,0.862292185,1.45657299332175e-15,True,up
WBGene00014826,4,0.8333333333333334,PFOSA,1.754014987,1.48459474641529e-15,True,up
WBGene00006662,4,1.0,PFOSA,1.533736702,1.93925039784576e-15,True,up
WBGene00015076,4,1.0,PFOSA,3.42317813,2.3854323205166303e-15,True,up
WBGene00004227,4,1.0,PFOSA,1.351805123,2.4699079521107203e-15,True,up
WBGene00007460,4,1.0,PFOSA,2.684451891,2.5623144845771102e-15,True,up
WBGene00018953,4,1.0,PFOSA,1.044771289,2.78283329518384e-15,True,up
WBGene00007764,4,1.0,PFOSA,2.298724972,2.91095723303615e-15,True,up
WBGene00006684,4,1.0,PFOSA,2.699854552,2.92781352365578e-15,True,up
WBGene00010872,4,1.0,PFOSA,1.193941029,2.96242014703106e-15,True,up
WBGene00011042,4,0.9,PFOSA,2.727552315,2.97599007395159e-15,True,up
WBGene00018204,4,1.0,PFOSA,1.602258927,3.0812555763399997e-15,True,up
WBGene00001446,4,1.0,PFOSA,2.106491363,3.17971585747661e-15,True,up
WBGene00020148,4,1.0,PFOSA,2.335361397,3.58642737121456e-15,True,up
WBGene00020706,4,1.0,PFOSA,1.289937861,3.65567720060459e-15,True,up
WBGene00016234,4,1.0,PFOSA,2.392048376,3.67093521831542e-15,True,up
WBGene00000788,4,1.0,PFOSA,2.265210027,3.67093521831542e-15,True,up
WBGene00017342,4,1.0,PFOSA,1.406854471,3.67093521831542e-15,True,up
WBGene00008780,4,1.0,PFOSA,1.480994005,3.7995678401085906e-15,True,up
WBGene00007302,4,1.0,PFOSA,1.754460273,3.87273097384205e-15,True,up
WBGene00011344,4,1.0,PFOSA,1.410929227,3.87273097384205e-15,True,up
WBGene00020142,4,1.0,PFOSA,0.973554005,3.87273097384205e-15,True,up
WBGene00014016,4,1.0,PFOSA,1.051398603,4.04350789844357e-15,True,up
WBGene00013672,4,0.9,PFOSA,1.280652975,4.273551809674311e-15,True,up
WBGene00009380,4,1.0,PFOSA,1.766100464,4.4521717310388805e-15,True,up
WBGene00008832,4,1.0,PFOSA,1.192314084,5.530048143378e-15,True,up
WBGene00008603,4,1.0,PFOSA,1.207414738,5.72578542144602e-15,True,up
WBGene00003599,4,1.0,PFOSA,1.231078355,6.983066829220861e-15,True,up
WBGene00001452,4,1.0,PFOSA,1.074418584,7.2547654318142e-15,True,up
WBGene00008040,4,1.0,PFOSA,2.907584294,7.723225830506861e-15,True,up
WBGene00016894,4,1.0,PFOSA,2.574135629,8.10868668503734e-15,True,up
WBGene00003725,4,1.0,PFOSA,1.826011288,8.24932729811923e-15,True,up
WBGene00016866,4,1.0,PFOSA,3.081653076,8.783835235479342e-15,True,up
WBGene00006705,4,1.0,PFOSA,2.695292125,9.001993341824601e-15,True,up
WBGene00020219,4,1.0,PFOSA,2.78603178,9.252090541575231e-15,True,up
WBGene00015551,4,1.0,PFOSA,1.11923448,9.375716910235921e-15,True,up
WBGene00011232,4,0.9666666666666667,PFOSA,0.974720752,9.38760271688725e-15,True,up
WBGene00012825,4,1.0,PFOSA,2.364400406,9.6957570992998e-15,True,up
WBGene00004144,4,1.0,PFOSA,3.889972743,9.981810796544e-15,True,up
WBGene00194641,4,1.0,PFOSA,1.977455852,1.01997455888623e-14,True,up
WBGene00017834,4,1.0,PFOSA,2.241477913,1.07372950566909e-14,True,up
WBGene00007508,4,0.9333333333333333,PFOSA,4.444080633,1.16474115038613e-14,True,up
WBGene00014058,4,1.0,PFOSA,1.393896955,1.171724579077e-14,True,up
WBGene00004382,4,1.0,PFOSA,0.903192213,1.34828902224646e-14,True,up
WBGene00003573,4,0.9,PFOSA,1.947244038,1.37102808713727e-14,True,up
WBGene00018872,4,1.0,PFOSA,0.945916028,1.44131853187224e-14,True,up
WBGene00000383,4,1.0,PFOSA,0.886342948,1.46337950959647e-14,True,up
WBGene00000298,4,0.8,PFOSA,2.041979603,1.61763318951394e-14,True,up
WBGene00012466,4,1.0,PFOSA,1.711922243,1.67311656167512e-14,True,up
WBGene00007395,4,1.0,PFOSA,1.541889951,1.6957273056717502e-14,True,up
WBGene00021890,4,1.0,PFOSA,0.8525782,1.69797165582684e-14,True,up
WBGene00022181,4,1.0,PFOSA,3.98291765,2.1994084234081602e-14,True,up
WBGene00019232,4,0.9666666666666667,PFOSA,1.934061074,2.30612944255043e-14,True,up
WBGene00015552,4,1.0,PFOSA,1.166441072,2.32976343226666e-14,True,up
WBGene00009291,4,1.0,PFOSA,2.441827299,2.40881477548594e-14,True,up
WBGene00019748,4,1.0,PFOSA,1.470526474,2.45320991040646e-14,True,up
WBGene00001439,4,1.0,PFOSA,1.252080257,2.47190087094432e-14,True,up
WBGene00015350,4,1.0,PFOSA,1.145515368,2.47190087094432e-14,True,up
WBGene00012366,4,1.0,PFOSA,0.845919709,2.69325149303818e-14,True,up
WBGene00011018,4,1.0,PFOSA,0.983051987,2.70373299325475e-14,True,up
WBGene00002981,4,1.0,PFOSA,2.481845204,2.88235051848005e-14,True,up
WBGene00016407,4,1.0,PFOSA,1.82499835,2.98577813147021e-14,True,up
WBGene00022797,4,1.0,PFOSA,1.744991053,3.0139811527055604e-14,True,up
WBGene00015250,4,1.0,PFOSA,1.21918301,3.0139811527055604e-14,True,up
WBGene00000503,4,1.0,PFOSA,2.840795232,3.1007533499924204e-14,True,up
WBGene00003568,4,1.0,PFOSA,0.949899463,3.12268993829583e-14,True,up
WBGene00011849,4,1.0,PFOSA,1.619416323,3.8178409490272904e-14,True,up
WBGene00002980,4,1.0,PFOSA,1.753389396,4.01668057906522e-14,True,up
WBGene00010480,4,1.0,PFOSA,1.369166699,4.02480205082222e-14,True,up
WBGene00011899,4,1.0,PFOSA,1.700264347,4.04955228045643e-14,True,up
WBGene00009797,4,1.0,PFOSA,0.909917041,4.04955228045643e-14,True,up
WBGene00007992,4,0.9333333333333333,PFOSA,4.48934373,4.27806153818946e-14,True,up
WBGene00018732,4,1.0,PFOSA,2.003296134,4.2870812248880204e-14,True,up
WBGene00009578,4,1.0,PFOSA,1.546655483,4.5607150158614403e-14,True,up
WBGene00018758,4,1.0,PFOSA,1.271050766,4.5904462978724904e-14,True,up
WBGene00009033,4,1.0,PFOSA,4.626828439,4.8111771802603303e-14,True,up
WBGene00019284,4,1.0,PFOSA,2.352673839,5.09254872640659e-14,True,up
WBGene00021624,4,1.0,PFOSA,4.499191295,5.4185985229091e-14,True,up
WBGene00008027,4,1.0,PFOSA,3.252944283,5.76308980557294e-14,True,up
WBGene00013039,4,1.0,PFOSA,1.03086681,5.88338761225213e-14,True,up
WBGene00015369,4,1.0,PFOSA,2.429213905,6.01146087802198e-14,True,up
WBGene00011586,4,1.0,PFOSA,1.488179979,6.372876221714311e-14,True,up
WBGene00016101,4,1.0,PFOSA,1.749567338,6.71931076270838e-14,True,up
WBGene00009028,4,1.0,PFOSA,4.53829683,7.24704870857082e-14,True,up
WBGene00012945,4,1.0,PFOSA,3.054066812,7.26412534037156e-14,True,up
WBGene00022178,4,0.5666666666666667,PFOSA,1.76239577,7.37444978270501e-14,True,up
WBGene00003697,4,1.0,PFOSA,1.938307857,7.39617492009084e-14,True,up
WBGene00015249,4,1.0,PFOSA,1.059941793,7.441229190618e-14,True,up
WBGene00206525,4,1.0,PFOSA,2.03896031,7.72370356736286e-14,True,up
WBGene00008444,4,1.0,PFOSA,1.251516357,7.9849837035563e-14,True,up
WBGene00010177,4,1.0,PFOSA,1.14925743,8.6993811936698e-14,True,up
WBGene00019436,4,1.0,PFOSA,2.239467689,9.5103433883532e-14,True,up
WBGene00012013,4,1.0,PFOSA,1.524497022,9.84973407129294e-14,True,up
WBGene00015947,4,1.0,PFOSA,2.31531106,1.06098657896919e-13,True,up
WBGene00016097,4,1.0,PFOSA,2.054976668,1.0884758737807399e-13,True,up
WBGene00010018,4,1.0,PFOSA,2.808094985,1.1059761735334599e-13,True,up
WBGene00004825,4,1.0,PFOSA,1.167746845,1.20421054433025e-13,True,up
WBGene00016500,4,1.0,PFOSA,1.528832595,1.30451543634698e-13,True,up
WBGene00013633,4,1.0,PFOSA,3.324205233,1.31112981612395e-13,True,up
WBGene00016716,4,1.0,PFOSA,1.398710813,1.41600484520913e-13,True,up
WBGene00001395,4,1.0,PFOSA,1.304242573,1.41600484520913e-13,True,up
WBGene00015497,4,1.0,PFOSA,2.257233037,1.65243358607632e-13,True,up
WBGene00011026,4,1.0,PFOSA,1.378940453,1.72815474829335e-13,True,up
WBGene00013899,4,1.0,PFOSA,1.761990677,1.81972435034187e-13,True,up
WBGene00008412,4,1.0,PFOSA,1.868723619,1.85193246428547e-13,True,up
WBGene00000894,4,1.0,PFOSA,0.952539678,1.91893275255652e-13,True,up
WBGene00011099,4,1.0,PFOSA,2.685804614,1.93901125022326e-13,True,up
WBGene00020854,4,1.0,PFOSA,1.224157788,1.96842494550715e-13,True,up
WBGene00018294,4,1.0,PFOSA,1.480643851,2.2052192329181198e-13,True,up
WBGene00015501,4,1.0,PFOSA,0.754064638,2.29915688180102e-13,True,up
WBGene00004234,4,1.0,PFOSA,2.232162916,2.38019743164609e-13,True,up
WBGene00012185,4,1.0,PFOSA,3.269154704,2.44411062503282e-13,True,up
WBGene00007666,4,1.0,PFOSA,1.210125836,2.47603415452322e-13,True,up
WBGene00009384,4,1.0,PFOSA,3.371685533,2.56430415274038e-13,True,up
WBGene00008435,4,1.0,PFOSA,1.523065511,2.56430415274038e-13,True,up
WBGene00012819,4,1.0,PFOSA,2.310983731,2.62999058006892e-13,True,up
WBGene00004231,4,1.0,PFOSA,3.337599349,2.68997043603459e-13,True,up
WBGene00012144,4,1.0,PFOSA,2.524844997,2.84892614119623e-13,True,up
WBGene00006523,4,1.0,PFOSA,0.73861056,2.85970361606934e-13,True,up
WBGene00010407,4,1.0,PFOSA,1.054457788,2.87819620593082e-13,True,up
WBGene00021909,4,1.0,PFOSA,1.591070345,2.88836914067568e-13,True,up
WBGene00004138,4,1.0,PFOSA,1.310415555,3.08851957932924e-13,True,up
WBGene00007638,4,1.0,PFOSA,2.9166311,3.36094349101191e-13,True,up
WBGene00001455,4,0.7666666666666667,PFOSA,1.071134093,3.49769225066818e-13,True,up
WBGene00002084,4,1.0,PFOSA,1.0225335,3.57041880775451e-13,True,up
WBGene00005657,4,0.9666666666666667,PFOSA,2.953963588,3.6298359571303e-13,True,up
WBGene00008628,4,1.0,PFOSA,1.305214524,3.82988800163724e-13,True,up
WBGene00013905,4,0.9666666666666667,PFOSA,3.722796748,4.0985459240497397e-13,True,up
WBGene00007414,4,1.0,PFOSA,2.117843555,4.47702666295123e-13,True,up
WBGene00003858,4,1.0,PFOSA,0.981691481,4.586473923955459e-13,True,up
WBGene00000898,4,1.0,PFOSA,0.982162206,4.808639125559059e-13,True,up
WBGene00007919,4,1.0,PFOSA,3.381382772,4.93036917598259e-13,True,up
WBGene00003744,4,1.0,PFOSA,0.856116813,4.93036917598259e-13,True,up
WBGene00015040,4,0.6,PFOSA,2.749175138,5.006943479446239e-13,True,up
WBGene00010251,4,1.0,PFOSA,1.106294194,5.01845901669367e-13,True,up
WBGene00004177,4,1.0,PFOSA,5.49491672,5.2083649130583e-13,True,up
WBGene00011284,4,1.0,PFOSA,1.590657145,5.28198984863265e-13,True,up
WBGene00007878,4,1.0,PFOSA,1.639769788,5.37738906347919e-13,True,up
WBGene00012928,4,1.0,PFOSA,0.780089756,5.62841066250728e-13,True,up
WBGene00022798,4,1.0,PFOSA,1.120736919,5.86685095732362e-13,True,up
WBGene00007855,4,1.0,PFOSA,1.577414336,5.88435872384295e-13,True,up
WBGene00020593,4,1.0,PFOSA,1.328758622,6.1380186394238e-13,True,up
WBGene00001591,4,1.0,PFOSA,3.804242788,6.2141632332597e-13,True,up
WBGene00019300,4,1.0,PFOSA,2.035417232,6.230475568710929e-13,True,up
WBGene00011050,4,1.0,PFOSA,0.502187293,6.230475568710929e-13,True,up
WBGene00022781,4,0.5666666666666667,PFOSA,0.846391131,6.36554606428641e-13,True,up
WBGene00219316,4,1.0,PFOSA,1.993465921,6.58849058786129e-13,True,up
WBGene00016302,4,0.9,PFOSA,3.624180644,6.6919878927438e-13,True,up
WBGene00010723,4,1.0,PFOSA,4.077829429,6.79378297430079e-13,True,up
WBGene00022401,4,1.0,PFOSA,0.788952824,7.08742753343709e-13,True,up
WBGene00019782,4,1.0,PFOSA,5.141938919,7.59135520975646e-13,True,up
WBGene00013898,4,1.0,PFOSA,2.858199573,7.66998347506687e-13,True,up
WBGene00008572,4,1.0,PFOSA,1.029503157,7.70105226470112e-13,True,up
WBGene00019381,4,1.0,PFOSA,1.678499279,7.71366343493769e-13,True,up
WBGene00001479,4,1.0,PFOSA,2.134883612,7.75073907252997e-13,True,up
WBGene00000901,4,1.0,PFOSA,0.55124715,7.75073907252997e-13,True,up
WBGene00001456,4,1.0,PFOSA,0.875638589,7.76099145914174e-13,True,up
WBGene00019497,4,1.0,PFOSA,1.689213541,7.93059732186061e-13,True,up
WBGene00000534,4,1.0,PFOSA,0.795453754,8.13965959577114e-13,True,up
WBGene00007950,4,1.0,PFOSA,2.409879741,8.23021297458902e-13,True,up
WBGene00016513,4,1.0,PFOSA,2.420772725,9.04436871108732e-13,True,up
WBGene00014081,4,1.0,PFOSA,1.584647112,9.25079601569395e-13,True,up
WBGene00014125,4,1.0,PFOSA,2.054284419,9.40586881921645e-13,True,up
WBGene00011097,4,1.0,PFOSA,2.739455269,9.59774624518147e-13,True,up
WBGene00019636,4,1.0,PFOSA,2.301258109,9.96951333036639e-13,True,up
WBGene00022115,4,1.0,PFOSA,1.198999274,9.980689399010129e-13,True,up
WBGene00013146,4,1.0,PFOSA,2.844087646,1.0703472630725399e-12,True,up
WBGene00014013,4,1.0,PFOSA,0.89129856,1.0776475122979599e-12,True,up
WBGene00002069,4,1.0,PFOSA,2.175008431,1.1181122791985398e-12,True,up
WBGene00003746,4,1.0,PFOSA,1.013428538,1.1439368969338599e-12,True,up
WBGene00017127,4,1.0,PFOSA,1.587523728,1.16117886979891e-12,True,up
WBGene00018729,4,1.0,PFOSA,1.827580656,1.2020446821179e-12,True,up
WBGene00012383,4,1.0,PFOSA,2.814188376,1.20300728418488e-12,True,up
WBGene00008447,4,1.0,PFOSA,2.765502105,1.21479903138031e-12,True,up
WBGene00044650,4,1.0,PFOSA,0.872545081,1.23080497269029e-12,True,up
WBGene00011292,4,1.0,PFOSA,1.579314621,1.2860408914975599e-12,True,up
WBGene00009050,4,1.0,PFOSA,1.45992185,1.32878509819872e-12,True,up
WBGene00015776,4,1.0,PFOSA,2.439299144,1.34239706509015e-12,True,up
WBGene00001459,4,1.0,PFOSA,0.901701245,1.4141449164652899e-12,True,up
WBGene00002253,4,1.0,PFOSA,1.606914308,1.46610054801293e-12,True,up
WBGene00001454,4,1.0,PFOSA,0.793003534,1.5005589016391299e-12,True,up
WBGene00003678,4,1.0,PFOSA,0.872443567,1.58986560565546e-12,True,up
WBGene00018621,4,1.0,PFOSA,2.349773463,1.59207102407291e-12,True,up
WBGene00022026,4,1.0,PFOSA,1.24154207,1.70497993548498e-12,True,up
WBGene00016114,4,1.0,PFOSA,1.008426098,1.7702294322715599e-12,True,up
WBGene00011995,4,1.0,PFOSA,0.799176002,1.80353298362716e-12,True,up
WBGene00019466,4,1.0,PFOSA,2.193971263,1.83813945380255e-12,True,up
WBGene00007900,4,1.0,PFOSA,1.37274549,1.83813945380255e-12,True,up
WBGene00003072,4,1.0,PFOSA,0.797368741,1.83813945380255e-12,True,up
WBGene00009503,4,1.0,PFOSA,1.044174518,1.84878116957097e-12,True,up
WBGene00002048,4,1.0,PFOSA,1.335604275,1.8576769012763397e-12,True,up
WBGene00009702,4,1.0,PFOSA,2.511694353,1.8751042862125297e-12,True,up
WBGene00019263,4,1.0,PFOSA,1.180429227,1.88292024467277e-12,True,up
WBGene00007226,4,1.0,PFOSA,0.982238393,1.89108418878175e-12,True,up
WBGene00010115,4,1.0,PFOSA,0.733936536,1.89607497276147e-12,True,up
WBGene00021597,4,1.0,PFOSA,1.397986423,1.93747275471368e-12,True,up
WBGene00019487,4,1.0,PFOSA,0.970281864,1.94069849576157e-12,True,up
WBGene00017979,4,1.0,PFOSA,1.55589504,2.04760281242808e-12,True,up
WBGene00019353,4,1.0,PFOSA,0.76175418,2.04760281242808e-12,True,up
WBGene00020224,4,1.0,PFOSA,2.040092053,2.07441623171738e-12,True,up
WBGene00004727,4,1.0,PFOSA,1.111659055,2.14805432452292e-12,True,up
WBGene00008926,4,1.0,PFOSA,2.381332806,2.15046789734246e-12,True,up
WBGene00017478,4,1.0,PFOSA,1.600347718,2.18392053130498e-12,True,up
WBGene00021312,4,1.0,PFOSA,0.721437607,2.18392053130498e-12,True,up
WBGene00006607,4,1.0,PFOSA,0.701594156,2.2704935912872e-12,True,up
WBGene00021047,4,1.0,PFOSA,0.767495289,2.2914114739615097e-12,True,up
WBGene00011561,4,0.6666666666666666,PFOSA,1.384332248,2.29962350578273e-12,True,up
WBGene00009955,4,1.0,PFOSA,2.431260088,2.3166912106569497e-12,True,up
WBGene00011270,4,1.0,PFOSA,0.718406208,2.34346238155312e-12,True,up
WBGene00014096,4,1.0,PFOSA,0.530003603,2.34373123850589e-12,True,up
WBGene00011304,4,1.0,PFOSA,1.248389085,2.37853567366391e-12,True,up
WBGene00004271,4,1.0,PFOSA,0.866036816,2.4283841748554997e-12,True,up
WBGene00007958,4,1.0,PFOSA,2.238007801,2.5076406477581297e-12,True,up
WBGene00017045,4,1.0,PFOSA,1.285616204,2.57754278647301e-12,True,up
WBGene00010244,4,1.0,PFOSA,1.128191197,2.5862180272220397e-12,True,up
WBGene00010796,4,1.0,PFOSA,0.638052379,2.6368058618111e-12,True,up
WBGene00010488,4,1.0,PFOSA,1.282809224,2.76837106711502e-12,True,up
WBGene00009106,4,1.0,PFOSA,1.148460406,2.8128610909330997e-12,True,up
WBGene00015251,4,1.0,PFOSA,2.416660515,2.91308960324501e-12,True,up
WBGene00011639,4,1.0,PFOSA,0.911035552,3.0592356912289497e-12,True,up
WBGene00010440,4,1.0,PFOSA,1.193839582,3.08474472942539e-12,True,up
WBGene00007544,4,1.0,PFOSA,3.12286488,3.08684167445468e-12,True,up
WBGene00011052,4,0.7,PFOSA,3.27313658,3.17987676959229e-12,True,up
WBGene00009842,4,1.0,PFOSA,1.57990985,3.22404375306545e-12,True,up
WBGene00020200,4,1.0,PFOSA,2.250273625,3.24885334002254e-12,True,up
WBGene00019427,4,1.0,PFOSA,0.804192134,3.38974303101338e-12,True,up
WBGene00020736,4,1.0,PFOSA,1.364188591,3.45790916504929e-12,True,up
WBGene00044433,4,1.0,PFOSA,1.739662159,3.5088231311569397e-12,True,up
WBGene00003753,4,1.0,PFOSA,1.118560165,3.5113347630520797e-12,True,up
WBGene00011328,4,1.0,PFOSA,1.306701687,3.55628500495587e-12,True,up
WBGene00009809,4,1.0,PFOSA,1.813754009,3.5616850601817697e-12,True,up
WBGene00001476,4,1.0,PFOSA,1.662954494,3.6097756322852098e-12,True,up
WBGene00004208,4,1.0,PFOSA,0.611681589,3.6097756322852098e-12,True,up
WBGene00013242,4,1.0,PFOSA,0.807698628,3.6299129999606798e-12,True,up
WBGene00010945,4,1.0,PFOSA,2.092171268,3.6302610787417197e-12,True,up
WBGene00022540,4,0.9666666666666667,PFOSA,2.481823569,3.7167698392058795e-12,True,up
WBGene00016396,4,1.0,PFOSA,1.142180919,3.7605340944220795e-12,True,up
WBGene00008522,4,0.9,PFOSA,1.097349179,4.04525809845892e-12,True,up
WBGene00015286,4,1.0,PFOSA,1.200278261,4.15712101686174e-12,True,up
WBGene00000286,4,1.0,PFOSA,1.044028949,4.18496481347341e-12,True,up
WBGene00008647,4,0.9666666666666667,PFOSA,2.934177797,4.26985327097596e-12,True,up
WBGene00012326,4,1.0,PFOSA,1.241943474,4.26985327097596e-12,True,up
WBGene00008886,4,1.0,PFOSA,3.204481738,4.27991247871856e-12,True,up
WBGene00019298,4,1.0,PFOSA,1.116403812,4.43360851508193e-12,True,up
WBGene00003721,4,1.0,PFOSA,1.008098508,4.4710438344316e-12,True,up
WBGene00001955,4,1.0,PFOSA,0.866844113,4.55671272631059e-12,True,up
WBGene00006591,4,1.0,PFOSA,1.993180665,4.61523343841008e-12,True,up
WBGene00007957,4,0.9333333333333333,PFOSA,2.376412172,4.67892691907748e-12,True,up
WBGene00044640,4,1.0,PFOSA,1.151518257,4.68065519951715e-12,True,up
WBGene00013926,4,1.0,PFOSA,1.986776493,4.80319973193392e-12,True,up
WBGene00015868,4,1.0,PFOSA,0.813987589,4.8723820600479595e-12,True,up
WBGene00004933,4,1.0,PFOSA,1.25310959,4.9327874581656695e-12,True,up
WBGene00021237,4,1.0,PFOSA,0.785920658,5.0739228642044395e-12,True,up
WBGene00003693,4,1.0,PFOSA,1.290898829,5.14501415463559e-12,True,up
WBGene00006663,4,1.0,PFOSA,0.874727953,5.21596535889153e-12,True,up
WBGene00004249,4,1.0,PFOSA,1.606016981,5.5260886305513496e-12,True,up
WBGene00017620,4,1.0,PFOSA,1.095100415,6.15782005950871e-12,True,up
WBGene00011392,4,1.0,PFOSA,0.810552492,6.179573392208e-12,True,up
WBGene00009978,4,1.0,PFOSA,1.73105404,6.2158274233372594e-12,True,up
WBGene00011692,4,1.0,PFOSA,2.060224086,6.2829093239476695e-12,True,up
WBGene00015889,4,0.8333333333333334,PFOSA,2.482604496,6.43430716756031e-12,True,up
WBGene00015434,4,1.0,PFOSA,1.366738251,6.56523947710629e-12,True,up
WBGene00019113,4,1.0,PFOSA,2.312582145,6.6100300802030895e-12,True,up
WBGene00044737,4,1.0,PFOSA,1.361759957,6.63606082064266e-12,True,up
WBGene00013900,4,1.0,PFOSA,3.46260961,6.73063218627085e-12,True,up
WBGene00005602,4,1.0,PFOSA,2.460504296,6.757844318232499e-12,True,up
WBGene00015633,4,1.0,PFOSA,1.511197233,6.7594879002561395e-12,True,up
WBGene00011098,4,0.9666666666666667,PFOSA,2.438114905,6.77927777761407e-12,True,up
WBGene00010320,4,1.0,PFOSA,1.224158922,7.254197865309279e-12,True,up
WBGene00001087,4,1.0,PFOSA,0.693468485,7.51343215477719e-12,True,up
WBGene00219373,4,0.6666666666666666,PFOSA,1.239145093,7.628091660445959e-12,True,up
WBGene00011953,4,1.0,PFOSA,0.59625992,7.725313481623399e-12,True,up
WBGene00021176,4,0.6333333333333333,PFOSA,2.025219949,7.93332965148666e-12,True,up
WBGene00017484,4,1.0,PFOSA,3.654909415,8.04327515003782e-12,True,up
WBGene00008971,4,1.0,PFOSA,1.613670822,8.04327515003782e-12,True,up
WBGene00003756,4,1.0,PFOSA,0.899395259,8.2554000998084e-12,True,up
WBGene00008914,4,1.0,PFOSA,0.744471224,8.53873000901166e-12,True,up
WBGene00013578,4,1.0,PFOSA,1.335727617,8.77339751880564e-12,True,up
WBGene00022386,4,1.0,PFOSA,1.305432286,8.79822134888694e-12,True,up
WBGene00010232,4,1.0,PFOSA,0.743562114,9.03518559780099e-12,True,up
WBGene00022441,4,1.0,PFOSA,1.396657924,9.11147936436643e-12,True,up
WBGene00021482,4,1.0,PFOSA,0.925091277,9.11859330659537e-12,True,up
WBGene00020886,4,1.0,PFOSA,1.293942423,9.35218811575887e-12,True,up
WBGene00019166,4,1.0,PFOSA,0.945664005,9.35218811575887e-12,True,up
WBGene00022144,4,1.0,PFOSA,0.815548769,9.35218811575887e-12,True,up
WBGene00012641,4,1.0,PFOSA,1.030729466,9.382180188536809e-12,True,up
WBGene00006608,4,1.0,PFOSA,1.502504519,9.481663264269479e-12,True,up
WBGene00009386,4,1.0,PFOSA,1.935539314,9.48600490272162e-12,True,up
WBGene00009439,4,1.0,PFOSA,1.628166471,1.04201192087179e-11,True,up
WBGene00003589,4,1.0,PFOSA,1.203346074,1.0760606756106199e-11,True,up
WBGene00003606,4,1.0,PFOSA,1.314446916,1.0777988282581e-11,True,up
WBGene00044779,4,1.0,PFOSA,3.276339217,1.14691347680097e-11,True,up
WBGene00020317,4,1.0,PFOSA,0.810223798,1.1483390223391e-11,True,up
WBGene00045516,4,1.0,PFOSA,1.612218379,1.1712689391215099e-11,True,up
WBGene00006786,4,1.0,PFOSA,0.614773459,1.1992154886404699e-11,True,up
WBGene00006720,4,1.0,PFOSA,0.670574467,1.20157496422102e-11,True,up
WBGene00013111,4,1.0,PFOSA,1.031079009,1.25828294061075e-11,True,up
WBGene00011705,4,1.0,PFOSA,1.119060681,1.2586450585111398e-11,True,up
WBGene00008615,4,1.0,PFOSA,2.873963125,1.3021989883724699e-11,True,up
WBGene00013382,4,1.0,PFOSA,1.016631602,1.3553743328162599e-11,True,up
WBGene00012216,4,0.6666666666666666,PFOSA,1.52733882,1.38849995282445e-11,True,up
WBGene00017785,4,1.0,PFOSA,1.043889433,1.4109086242767098e-11,True,up
WBGene00020995,4,1.0,PFOSA,2.876440051,1.42469180177162e-11,True,up
WBGene00020469,4,1.0,PFOSA,1.661101627,1.4299888068695899e-11,True,up
WBGene00000370,4,0.9666666666666667,PFOSA,0.909739759,1.4299888068695899e-11,True,up
WBGene00001464,4,1.0,PFOSA,0.915088528,1.4466308682484699e-11,True,up
WBGene00019854,4,0.9666666666666667,PFOSA,2.119144865,1.45479561262262e-11,True,up
WBGene00004318,4,1.0,PFOSA,0.586824872,1.45551074823141e-11,True,up
WBGene00012351,4,1.0,PFOSA,0.778548636,1.47495673883213e-11,True,up
WBGene00021268,4,1.0,PFOSA,0.98285342,1.48055361827037e-11,True,up
WBGene00012886,4,1.0,PFOSA,2.610843465,1.49757646660279e-11,True,up
WBGene00014099,4,1.0,PFOSA,2.149706656,1.5530256138459e-11,True,up
WBGene00004336,4,1.0,PFOSA,1.138993741,1.62577162045777e-11,True,up
WBGene00016677,4,1.0,PFOSA,1.337988167,1.62959376180061e-11,True,up
WBGene00019593,4,1.0,PFOSA,1.621665878,1.6531079837855698e-11,True,up
WBGene00017726,4,0.9333333333333333,PFOSA,2.099975907,1.683874150535e-11,True,up
WBGene00044471,4,0.6666666666666666,PFOSA,3.395617991,1.70122901829048e-11,True,up
WBGene00020849,4,1.0,PFOSA,2.921755707,1.7157516370489e-11,True,up
WBGene00018564,4,1.0,PFOSA,1.349812656,1.7244583368172597e-11,True,up
WBGene00271795,4,1.0,PFOSA,1.978572885,1.7402032419115698e-11,True,up
WBGene00008389,4,1.0,PFOSA,2.917665184,1.7632171348602798e-11,True,up
WBGene00020208,4,1.0,PFOSA,1.116221479,1.81818322267802e-11,True,up
WBGene00013020,4,1.0,PFOSA,0.68969689,1.8295090763562898e-11,True,up
WBGene00006823,4,1.0,PFOSA,1.015880393,1.83073517384651e-11,True,up
WBGene00012980,4,1.0,PFOSA,0.715905334,1.8869751949684397e-11,True,up
WBGene00001852,4,1.0,PFOSA,3.807035605,1.9037232122854397e-11,True,up
WBGene00010730,4,1.0,PFOSA,0.766273325,1.90866243234264e-11,True,up
WBGene00013516,4,1.0,PFOSA,2.296101122,1.91539416702782e-11,True,up
WBGene00021469,4,1.0,PFOSA,1.715395089,1.92272345401566e-11,True,up
WBGene00003544,4,1.0,PFOSA,1.692140058,1.92272345401566e-11,True,up
WBGene00017306,4,1.0,PFOSA,1.735453528,1.9831295471356e-11,True,up
WBGene00015476,4,1.0,PFOSA,1.40407099,2.0068903700041697e-11,True,up
WBGene00019918,4,0.7,PFOSA,1.525036398,2.0236912000994898e-11,True,up
WBGene00020315,4,1.0,PFOSA,1.342011386,2.1206640785542298e-11,True,up
WBGene00007555,4,1.0,PFOSA,0.844669367,2.1219027431828598e-11,True,up
WBGene00011185,4,1.0,PFOSA,2.292486459,2.1808102028737098e-11,True,up
WBGene00015055,4,1.0,PFOSA,2.360146681,2.3417852004441697e-11,True,up
WBGene00000273,4,1.0,PFOSA,1.65807622,2.34461182144162e-11,True,up
WBGene00006701,4,1.0,PFOSA,0.837457218,2.34461182144162e-11,True,up
WBGene00007647,4,1.0,PFOSA,0.683198064,2.3642173415062496e-11,True,up
WBGene00003649,4,1.0,PFOSA,1.535324538,2.3773750558614198e-11,True,up
WBGene00017464,4,1.0,PFOSA,1.352082132,2.4951027609916196e-11,True,up
WBGene00004923,4,1.0,PFOSA,0.834125464,2.5381284161404297e-11,True,up
WBGene00017950,4,1.0,PFOSA,1.380041599,2.64585394003012e-11,True,up
WBGene00003635,4,1.0,PFOSA,0.740768234,2.6522287265613e-11,True,up
WBGene00008777,4,0.9666666666666667,PFOSA,1.14968035,2.6764534331733198e-11,True,up
WBGene00022643,4,1.0,PFOSA,3.547319227,2.7081231516720498e-11,True,up
WBGene00020135,4,1.0,PFOSA,1.460862005,2.7119644153209e-11,True,up
WBGene00007765,4,1.0,PFOSA,4.166781774,2.72252455899751e-11,True,up
WBGene00000277,4,1.0,PFOSA,0.811588023,2.72252455899751e-11,True,up
WBGene00006431,4,1.0,PFOSA,1.421527744,2.7278259643138298e-11,True,up
WBGene00000675,4,1.0,PFOSA,1.917699147,2.8075742688450002e-11,True,up
WBGene00012148,4,1.0,PFOSA,1.236674193,2.99731861750221e-11,True,up
WBGene00021956,4,1.0,PFOSA,0.672174429,3.0703058947177697e-11,True,up
WBGene00013046,4,1.0,PFOSA,1.731465828,3.0851483950258495e-11,True,up
WBGene00014017,4,1.0,PFOSA,0.86149434,3.1157012481488696e-11,True,up
WBGene00022063,4,1.0,PFOSA,1.227249178,3.15206608826843e-11,True,up
WBGene00000978,4,1.0,PFOSA,1.329200077,3.1653175251012797e-11,True,up
WBGene00016509,4,1.0,PFOSA,0.817178967,3.16885102097445e-11,True,up
WBGene00020446,4,0.5666666666666667,PFOSA,0.818558533,3.19971662516029e-11,True,up
WBGene00017303,4,1.0,PFOSA,2.388108096,3.2005055953437e-11,True,up
WBGene00017961,4,0.9,PFOSA,1.149326233,3.2153221275864694e-11,True,up
WBGene00022440,4,1.0,PFOSA,2.252291292,3.27407375951659e-11,True,up
WBGene00003632,4,1.0,PFOSA,1.207604267,3.27792114298553e-11,True,up
WBGene00013244,4,1.0,PFOSA,2.441292206,3.2793690929713296e-11,True,up
WBGene00006982,4,1.0,PFOSA,1.099301402,3.2813650540041595e-11,True,up
WBGene00018150,4,1.0,PFOSA,0.859143287,3.3343175574634e-11,True,up
WBGene00009594,4,1.0,PFOSA,0.597194932,3.33432930351692e-11,True,up
WBGene00019365,4,0.9333333333333333,PFOSA,0.788205778,3.4027994960955495e-11,True,up
WBGene00021702,4,1.0,PFOSA,0.924979216,3.50087215597242e-11,True,up
WBGene00016345,4,1.0,PFOSA,1.94148764,3.54935667926342e-11,True,up
WBGene00011839,4,1.0,PFOSA,1.57118458,3.54935667926342e-11,True,up
WBGene00023408,4,1.0,PFOSA,1.123648591,3.61593471340838e-11,True,up
WBGene00016734,4,1.0,PFOSA,1.119310101,3.70906944743588e-11,True,up
WBGene00019488,4,1.0,PFOSA,0.932045434,3.78449254289405e-11,True,up
WBGene00009801,4,1.0,PFOSA,1.066664156,3.9865744191777494e-11,True,up
WBGene00017133,4,1.0,PFOSA,1.65131301,4.0140750039255895e-11,True,up
WBGene00021876,4,1.0,PFOSA,2.825437914,4.123479505347359e-11,True,up
WBGene00001444,4,1.0,PFOSA,0.774321863,4.15625429257112e-11,True,up
WBGene00019884,4,1.0,PFOSA,0.799155394,4.39523572904157e-11,True,up
WBGene00003528,4,1.0,PFOSA,2.557867904,4.4512829641259e-11,True,up
WBGene00021497,4,1.0,PFOSA,0.858434394,4.4737873620602e-11,True,up
WBGene00010262,4,1.0,PFOSA,0.973307134,4.4841499652722596e-11,True,up
WBGene00009996,4,1.0,PFOSA,0.978732754,4.6191275636151196e-11,True,up
WBGene00006372,4,1.0,PFOSA,1.011939346,4.6274041077854296e-11,True,up
WBGene00001448,4,1.0,PFOSA,0.71909803,4.8497917872965195e-11,True,up
WBGene00011517,4,1.0,PFOSA,1.757286436,5.0167217628751495e-11,True,up
WBGene00022130,4,1.0,PFOSA,1.949894572,5.1024015446610005e-11,True,up
WBGene00001858,4,1.0,PFOSA,2.084299815,5.2078455633114195e-11,True,up
WBGene00014175,4,1.0,PFOSA,1.509450214,5.299286467746189e-11,True,up
WBGene00018318,4,1.0,PFOSA,1.372646477,5.3457827039324097e-11,True,up
WBGene00004123,4,1.0,PFOSA,1.317390806,5.3972062456122696e-11,True,up
WBGene00018249,4,1.0,PFOSA,0.89324215,5.6927477806614397e-11,True,up
WBGene00017663,4,1.0,PFOSA,1.232377824,5.7695783518837395e-11,True,up
WBGene00021446,4,1.0,PFOSA,2.428140146,5.828960131786339e-11,True,up
WBGene00001438,4,1.0,PFOSA,2.900707948,5.854902802098489e-11,True,up
WBGene00022718,4,1.0,PFOSA,0.700564815,5.92340484049648e-11,True,up
WBGene00020714,4,1.0,PFOSA,1.069354582,5.95423510260473e-11,True,up
WBGene00010935,4,1.0,PFOSA,1.404278713,6.08223442586463e-11,True,up
WBGene00007372,4,1.0,PFOSA,1.391214355,6.08569243953157e-11,True,up
WBGene00022393,4,0.9666666666666667,PFOSA,0.696804427,6.22515197042703e-11,True,up
WBGene00001623,4,0.9666666666666667,PFOSA,2.582637404,6.29040819184987e-11,True,up
WBGene00009929,4,1.0,PFOSA,1.222961908,6.29040819184987e-11,True,up
WBGene00020462,4,1.0,PFOSA,0.635661054,6.44692097700898e-11,True,up
WBGene00004924,4,1.0,PFOSA,0.790363767,6.479794968824649e-11,True,up
WBGene00009140,4,1.0,PFOSA,1.086265734,6.87941818553511e-11,True,up
WBGene00008225,4,1.0,PFOSA,0.895366371,6.929850917101089e-11,True,up
WBGene00010041,4,1.0,PFOSA,1.657612802,6.99783081952292e-11,True,up
WBGene00014213,4,1.0,PFOSA,0.77338012,7.203373704679349e-11,True,up
WBGene00001487,4,0.9666666666666667,PFOSA,3.577789675,7.448979656962779e-11,True,up
WBGene00011726,4,1.0,PFOSA,1.585802397,7.66894287454081e-11,True,up
WBGene00003684,4,1.0,PFOSA,1.237147534,7.812708224856359e-11,True,up
WBGene00007749,4,1.0,PFOSA,1.387679155,7.844263883931809e-11,True,up
WBGene00009532,4,1.0,PFOSA,2.326365551,7.859586103270379e-11,True,up
WBGene00013996,4,1.0,PFOSA,2.396849699,7.941125446055519e-11,True,up
WBGene00003700,4,1.0,PFOSA,1.560539091,8.119074789415279e-11,True,up
WBGene00017811,4,1.0,PFOSA,0.795570373,8.213249094218279e-11,True,up
WBGene00005000,4,1.0,PFOSA,1.138551689,8.433845415726169e-11,True,up
WBGene00008317,4,1.0,PFOSA,0.973749979,8.694723183281409e-11,True,up
WBGene00020740,4,1.0,PFOSA,1.113882473,8.7857021179102e-11,True,up
WBGene00006220,4,0.6666666666666666,PFOSA,1.449678887,8.8287944983684e-11,True,up
WBGene00006392,4,1.0,PFOSA,0.815060616,9.143008309568459e-11,True,up
WBGene00020031,4,1.0,PFOSA,0.971472092,9.18524575021272e-11,True,up
WBGene00018750,4,1.0,PFOSA,2.153105665,9.244299312849839e-11,True,up
WBGene00016958,4,1.0,PFOSA,1.866204212,9.5806899812251e-11,True,up
WBGene00018803,4,1.0,PFOSA,3.12655612,9.726531022081889e-11,True,up
WBGene00018590,4,1.0,PFOSA,0.795529436,9.754374357579629e-11,True,up
WBGene00003476,4,1.0,PFOSA,0.872854328,9.79848699734583e-11,True,up
WBGene00012140,4,1.0,PFOSA,2.091635657,9.99274198095454e-11,True,up
WBGene00014233,4,1.0,PFOSA,1.136526861,1.0338249202565e-10,True,up
WBGene00012907,4,1.0,PFOSA,1.083235426,1.05935412155772e-10,True,up
WBGene00022445,4,1.0,PFOSA,1.504638396,1.0689636620933501e-10,True,up
WBGene00006833,4,1.0,PFOSA,0.592043139,1.0692265177549301e-10,True,up
WBGene00000509,4,1.0,PFOSA,0.780179398,1.10200070223229e-10,True,up
WBGene00018413,4,1.0,PFOSA,1.707453594,1.1149930872255001e-10,True,up
WBGene00016269,4,1.0,PFOSA,1.353768745,1.11720830711336e-10,True,up
WBGene00000993,4,1.0,PFOSA,0.925886762,1.13257889660334e-10,True,up
WBGene00010290,4,1.0,PFOSA,0.846050903,1.15056790154725e-10,True,up
WBGene00044977,4,1.0,PFOSA,2.00475676,1.17926608571979e-10,True,up
WBGene00020014,4,1.0,PFOSA,3.165300924,1.19015166476153e-10,True,up
WBGene00003680,4,1.0,PFOSA,1.490659157,1.19015166476153e-10,True,up
WBGene00021400,4,1.0,PFOSA,0.92163124,1.31479984431489e-10,True,up
WBGene00007881,4,1.0,PFOSA,1.144527498,1.33142672146121e-10,True,up
WBGene00003751,4,1.0,PFOSA,0.859933145,1.34738399140483e-10,True,up
WBGene00016456,4,1.0,PFOSA,0.762884655,1.35416535370762e-10,True,up
WBGene00002100,4,1.0,PFOSA,0.971997093,1.36169370184577e-10,True,up
WBGene00015202,4,1.0,PFOSA,2.682073189,1.39133248348161e-10,True,up
WBGene00003685,4,1.0,PFOSA,0.812616017,1.45124725046179e-10,True,up
WBGene00016147,4,1.0,PFOSA,2.442032908,1.45815762701199e-10,True,up
WBGene00004135,4,1.0,PFOSA,1.195962968,1.47516316261541e-10,True,up
WBGene00015294,4,1.0,PFOSA,1.174094617,1.50473908616262e-10,True,up
WBGene00018112,4,0.5333333333333333,PFOSA,2.158581261,1.51348441150637e-10,True,up
WBGene00006629,4,1.0,PFOSA,1.439908757,1.57571491511698e-10,True,up
WBGene00008177,4,1.0,PFOSA,1.042656163,1.59166363797887e-10,True,up
WBGene00019780,4,1.0,PFOSA,2.221937396,1.59606440656466e-10,True,up
WBGene00021281,4,1.0,PFOSA,0.57991553,1.59606440656466e-10,True,up
WBGene00003710,4,1.0,PFOSA,0.862903766,1.62172614919423e-10,True,up
WBGene00000033,4,0.9333333333333333,PFOSA,3.862989662,1.65369646271885e-10,True,up
WBGene00019301,4,1.0,PFOSA,0.455001351,1.73503325352856e-10,True,up
WBGene00003716,4,1.0,PFOSA,1.114952994,1.74987520889889e-10,True,up
WBGene00016738,4,1.0,PFOSA,1.165812561,1.75794490841014e-10,True,up
WBGene00021493,4,1.0,PFOSA,1.060341275,1.75794490841014e-10,True,up
WBGene00001403,4,1.0,PFOSA,0.705684242,1.75956828701425e-10,True,up
WBGene00004380,4,1.0,PFOSA,1.764218493,1.77195591467064e-10,True,up
WBGene00015197,4,0.6,PFOSA,1.128724566,1.77962781412318e-10,True,up
WBGene00002133,4,1.0,PFOSA,1.556377672,1.79201010042032e-10,True,up
WBGene00021922,4,1.0,PFOSA,0.829854846,1.87572983768708e-10,True,up
WBGene00014004,4,1.0,PFOSA,0.915124695,1.87834363293e-10,True,up
WBGene00000980,4,1.0,PFOSA,1.28974422,1.90554742646546e-10,True,up
WBGene00011727,4,1.0,PFOSA,1.962125917,1.90702723466579e-10,True,up
WBGene00021371,4,1.0,PFOSA,1.48045887,1.92201787042005e-10,True,up
WBGene00011817,4,1.0,PFOSA,1.886846912,1.9461020871205801e-10,True,up
WBGene00022439,4,1.0,PFOSA,3.836226124,1.94873711447856e-10,True,up
WBGene00008820,4,1.0,PFOSA,0.93705555,1.94873711447856e-10,True,up
WBGene00000872,4,1.0,PFOSA,0.685155548,1.95658664006522e-10,True,up
WBGene00020153,4,1.0,PFOSA,1.596180749,1.99069342244088e-10,True,up
WBGene00018044,4,1.0,PFOSA,0.917883977,1.99620439128178e-10,True,up
WBGene00003822,4,1.0,PFOSA,0.71414647,2.03824243978586e-10,True,up
WBGene00007931,4,1.0,PFOSA,1.351571129,2.08925653879977e-10,True,up
WBGene00012339,4,1.0,PFOSA,1.076288381,2.10755982977674e-10,True,up
WBGene00016111,4,1.0,PFOSA,3.592892059,2.2429295353129601e-10,True,up
WBGene00016693,4,1.0,PFOSA,4.905757725,2.24943920965116e-10,True,up
WBGene00003209,4,1.0,PFOSA,0.70983855,2.37846774253846e-10,True,up
WBGene00194855,4,0.9333333333333333,PFOSA,1.471885956,2.4726476341948e-10,True,up
WBGene00019906,4,1.0,PFOSA,3.173908954,2.51774879618368e-10,True,up
WBGene00001189,4,1.0,PFOSA,0.836479474,2.54110788041996e-10,True,up
WBGene00015048,4,1.0,PFOSA,1.037386315,2.55127786650445e-10,True,up
WBGene00010427,4,1.0,PFOSA,0.655038489,2.55461569392275e-10,True,up
WBGene00016684,4,1.0,PFOSA,0.777940892,2.62121704839572e-10,True,up
WBGene00012360,4,1.0,PFOSA,1.076621351,2.6300722389080803e-10,True,up
WBGene00023417,4,1.0,PFOSA,1.310115964,2.66501403254347e-10,True,up
WBGene00003739,4,1.0,PFOSA,0.778672661,2.7108953683340203e-10,True,up
WBGene00007748,4,1.0,PFOSA,1.764293657,2.7467362618329403e-10,True,up
WBGene00003617,4,1.0,PFOSA,1.630000129,2.81379715799738e-10,True,up
WBGene00000542,4,1.0,PFOSA,0.649619485,2.85886125405785e-10,True,up
WBGene00017781,4,0.9666666666666667,PFOSA,1.295276994,2.92461995277133e-10,True,up
WBGene00012113,4,1.0,PFOSA,2.761965769,2.94104922776807e-10,True,up
WBGene00044280,4,1.0,PFOSA,1.515035949,2.99274383334191e-10,True,up
WBGene00004862,4,1.0,PFOSA,0.757304786,3.05689479783043e-10,True,up
WBGene00018269,4,1.0,PFOSA,1.991820799,3.09104023355205e-10,True,up
WBGene00011752,4,1.0,PFOSA,1.668762613,3.13753277022366e-10,True,up
WBGene00012668,4,1.0,PFOSA,1.278568139,3.13983863536934e-10,True,up
WBGene00001172,4,1.0,PFOSA,0.811172665,3.14638474414517e-10,True,up
WBGene00017675,4,1.0,PFOSA,0.742294801,3.21848169800803e-10,True,up
WBGene00017786,4,1.0,PFOSA,0.795466541,3.50664082466817e-10,True,up
WBGene00012412,4,1.0,PFOSA,3.046743044,3.51772852495086e-10,True,up
WBGene00010174,4,1.0,PFOSA,1.466155478,3.54404467078854e-10,True,up
WBGene00021253,4,1.0,PFOSA,1.036739989,3.62086464965454e-10,True,up
WBGene00002232,4,1.0,PFOSA,0.795999806,3.69033783349608e-10,True,up
WBGene00001391,4,1.0,PFOSA,2.674738774,3.7159440322229403e-10,True,up
WBGene00001462,4,1.0,PFOSA,0.703810128,3.73384962671148e-10,True,up
WBGene00018288,4,1.0,PFOSA,1.358416232,3.7769994693879303e-10,True,up
WBGene00018285,4,1.0,PFOSA,0.513053781,3.80029828737525e-10,True,up
WBGene00008311,4,1.0,PFOSA,0.850368784,3.822144000007e-10,True,up
WBGene00016167,4,1.0,PFOSA,0.45216753,3.84470162108678e-10,True,up
WBGene00001059,4,1.0,PFOSA,3.51570631,3.89709323554399e-10,True,up
WBGene00010037,4,1.0,PFOSA,0.522225192,3.94409867742991e-10,True,up
WBGene00007730,4,1.0,PFOSA,1.017719374,3.94952122301476e-10,True,up
WBGene00000415,4,1.0,PFOSA,0.667724622,3.9844231687687503e-10,True,up
WBGene00007981,4,1.0,PFOSA,1.0401616,3.9845608038169303e-10,True,up
WBGene00015470,4,1.0,PFOSA,0.432319994,4.11807579763091e-10,True,up
WBGene00022139,4,1.0,PFOSA,0.49909974,4.24970110858991e-10,True,up
WBGene00010133,4,1.0,PFOSA,1.864489897,4.31994955502698e-10,True,up
WBGene00007691,4,1.0,PFOSA,3.490160613,4.3253618878361103e-10,True,up
WBGene00015517,4,1.0,PFOSA,0.91770253,4.3253618878361103e-10,True,up
WBGene00011100,4,1.0,PFOSA,1.49090252,4.34479994350197e-10,True,up
WBGene00013144,4,1.0,PFOSA,0.795535078,4.35961612098277e-10,True,up
WBGene00016330,4,0.9333333333333333,PFOSA,1.229108091,4.48528376155012e-10,True,up
WBGene00004037,4,1.0,PFOSA,1.043370722,4.50330960839467e-10,True,up
WBGene00019742,4,0.9,PFOSA,1.073192838,4.54701549047658e-10,True,up
WBGene00008211,4,1.0,PFOSA,2.188447863,4.56251221633599e-10,True,up
WBGene00003626,4,1.0,PFOSA,0.834542775,4.64160314034075e-10,True,up
WBGene00001671,4,1.0,PFOSA,1.669337022,4.68389557558326e-10,True,up
WBGene00019592,4,1.0,PFOSA,1.432562183,4.70709971101547e-10,True,up
WBGene00008616,4,1.0,PFOSA,2.067960559,4.71777999134525e-10,True,up
WBGene00021156,4,1.0,PFOSA,2.151778091,4.96696785889932e-10,True,up
WBGene00009804,4,1.0,PFOSA,0.775326428,4.99360193213601e-10,True,up
WBGene00018384,4,1.0,PFOSA,2.85325167,5.25239472760086e-10,True,up
WBGene00019160,4,1.0,PFOSA,0.714319112,5.42306420871933e-10,True,up
WBGene00009820,4,1.0,PFOSA,2.240134382,5.42780444767355e-10,True,up
WBGene00019004,4,0.6,PFOSA,0.68731781,5.75431604835423e-10,True,up
WBGene00003812,4,0.9333333333333333,PFOSA,1.07908242,5.76838095756262e-10,True,up
WBGene00008576,4,1.0,PFOSA,0.875549941,5.80728177029863e-10,True,up
WBGene00018747,4,0.9,PFOSA,1.982323317,5.81523562133614e-10,True,up
WBGene00015938,4,0.9,PFOSA,0.577168885,5.97044919979755e-10,True,up
WBGene00020092,4,1.0,PFOSA,0.879654414,5.998322529922901e-10,True,up
WBGene00044167,4,1.0,PFOSA,1.872715161,6.08489271464261e-10,True,up
WBGene00003778,4,1.0,PFOSA,3.666927037,6.27057407585892e-10,True,up
WBGene00020562,4,1.0,PFOSA,0.765941283,6.39948770426927e-10,True,up
WBGene00007365,4,1.0,PFOSA,2.525885387,6.43359111538783e-10,True,up
WBGene00007973,4,1.0,PFOSA,1.914893474,6.43764588319352e-10,True,up
WBGene00019747,4,1.0,PFOSA,0.584749414,6.48086447811691e-10,True,up
WBGene00194692,4,1.0,PFOSA,1.379067132,6.58218777329769e-10,True,up
WBGene00014250,4,1.0,PFOSA,0.69770564,6.68379600242192e-10,True,up
WBGene00007499,4,1.0,PFOSA,0.616240481,6.70785593172694e-10,True,up
WBGene00021260,4,1.0,PFOSA,1.323968137,7.09961614205726e-10,True,up
WBGene00019831,4,1.0,PFOSA,0.705171375,7.50352626968034e-10,True,up
WBGene00018730,4,1.0,PFOSA,3.102747925,7.521025201575591e-10,True,up
WBGene00015219,4,1.0,PFOSA,0.60382995,7.56298898786638e-10,True,up
WBGene00020368,4,0.9333333333333333,PFOSA,0.663669761,7.62998025811153e-10,True,up
WBGene00015427,4,0.6,PFOSA,1.16701812,8.01951389323186e-10,True,up
WBGene00007545,4,1.0,PFOSA,0.59111285,8.312493285082281e-10,True,up
WBGene00000932,4,1.0,PFOSA,3.95459647,8.32743261064294e-10,True,up
WBGene00018351,4,1.0,PFOSA,1.517871359,8.40544342434836e-10,True,up
WBGene00019960,4,1.0,PFOSA,1.524774216,8.42384510444347e-10,True,up
WBGene00009243,4,0.5333333333333333,PFOSA,0.856043981,8.42384510444347e-10,True,up
WBGene00004237,4,1.0,PFOSA,0.672159904,8.51893765267e-10,True,up
WBGene00022012,4,1.0,PFOSA,2.066556857,8.62722951383548e-10,True,up
WBGene00016193,4,1.0,PFOSA,2.42546709,8.77837682632764e-10,True,up
WBGene00002142,4,1.0,PFOSA,2.263967615,9.04898696892652e-10,True,up
WBGene00022048,4,1.0,PFOSA,0.668512087,9.33749613985966e-10,True,up
WBGene00013734,4,1.0,PFOSA,0.840418246,9.44193640961313e-10,True,up
WBGene00021157,4,0.9333333333333333,PFOSA,2.365136664,9.47794549219491e-10,True,up
WBGene00012783,4,1.0,PFOSA,2.2203951,9.64679372878973e-10,True,up
WBGene00001496,4,1.0,PFOSA,1.037400438,9.67976533693842e-10,True,up
WBGene00020699,4,1.0,PFOSA,3.113208845,9.7464537345648e-10,True,up
WBGene00011540,4,1.0,PFOSA,1.23132104,9.76662209008807e-10,True,up
WBGene00016404,4,1.0,PFOSA,0.841039621,9.76662209008807e-10,True,up
WBGene00002129,4,0.9666666666666667,PFOSA,0.781828682,9.82050092221544e-10,True,up
WBGene00007990,4,0.5666666666666667,PFOSA,2.904588943,9.99124084777466e-10,True,up
WBGene00021522,4,1.0,PFOSA,0.652996409,9.99124084777466e-10,True,up
WBGene00008139,4,0.5666666666666667,PFOSA,2.019301362,1.0053132753341e-09,True,up
WBGene00012777,4,1.0,PFOSA,1.547288452,1.05552494460276e-09,True,up
WBGene00017195,4,1.0,PFOSA,0.692487234,1.05968761566325e-09,True,up
WBGene00017582,4,1.0,PFOSA,1.488600166,1.0647811398941701e-09,True,up
WBGene00020297,4,1.0,PFOSA,1.165721091,1.09546222812362e-09,True,up
WBGene00003689,4,0.9666666666666667,PFOSA,1.567721594,1.09942440176716e-09,True,up
WBGene00012068,4,0.6,PFOSA,1.776628675,1.11457098619041e-09,True,up
WBGene00006755,4,1.0,PFOSA,0.531147039,1.1513626621914e-09,True,up
WBGene00015430,4,1.0,PFOSA,0.784598123,1.1825263935909301e-09,True,up
WBGene00017274,4,1.0,PFOSA,0.538263696,1.1830234567171201e-09,True,up
WBGene00004807,4,1.0,PFOSA,0.334640638,1.2072432258651201e-09,True,up
WBGene00018485,4,1.0,PFOSA,0.728360726,1.2183314308805e-09,True,up
WBGene00019837,4,0.6333333333333333,PFOSA,1.07047078,1.24437123405399e-09,True,up
WBGene00044078,4,1.0,PFOSA,0.919961128,1.24676247173006e-09,True,up
WBGene00004169,4,1.0,PFOSA,0.922479723,1.28757584612451e-09,True,up
WBGene00010546,4,1.0,PFOSA,0.617222588,1.31435594767219e-09,True,up
WBGene00003151,4,0.9333333333333333,PFOSA,0.539595854,1.34603492917309e-09,True,up
WBGene00007219,4,1.0,PFOSA,0.862652899,1.37894207082974e-09,True,up
WBGene00018756,4,1.0,PFOSA,0.443302504,1.37894207082974e-09,True,up
WBGene00019489,4,0.5333333333333333,PFOSA,2.047678404,1.3855173295277401e-09,True,up
WBGene00003518,4,1.0,PFOSA,2.301084,1.41228805675829e-09,True,up
WBGene00017760,4,1.0,PFOSA,0.402082666,1.4358304695429302e-09,True,up
WBGene00010976,4,0.9333333333333333,PFOSA,0.885141895,1.47943471789835e-09,True,up
WBGene00003149,4,1.0,PFOSA,0.416638199,1.55817249496608e-09,True,up
WBGene00002265,4,1.0,PFOSA,2.064031553,1.5625646578159701e-09,True,up
WBGene00007886,4,1.0,PFOSA,1.215873354,1.56930027294722e-09,True,up
WBGene00006697,4,1.0,PFOSA,0.622942471,1.60196678379487e-09,True,up
WBGene00010541,4,1.0,PFOSA,1.488537468,1.60510616484785e-09,True,up
WBGene00021036,4,1.0,PFOSA,0.509778771,1.61463066955954e-09,True,up
WBGene00016929,4,0.9333333333333333,PFOSA,3.476590374,1.6153846220865302e-09,True,up
WBGene00003619,4,1.0,PFOSA,0.773724629,1.61730669399349e-09,True,up
WBGene00006996,4,1.0,PFOSA,1.072904908,1.6492730999393102e-09,True,up
WBGene00018018,4,1.0,PFOSA,0.444320797,1.66235949658634e-09,True,up
WBGene00017609,4,1.0,PFOSA,1.942355641,1.6769913521734202e-09,True,up
WBGene00016115,4,1.0,PFOSA,0.758303177,1.6820935187747802e-09,True,up
WBGene00008666,4,1.0,PFOSA,0.671189497,1.7053411913395201e-09,True,up
WBGene00007586,4,1.0,PFOSA,0.80968716,1.7116129274113201e-09,True,up
WBGene00020651,4,0.6666666666666666,PFOSA,0.951133657,1.7209284151335901e-09,True,up
WBGene00000041,4,1.0,PFOSA,0.654666858,1.7484315439583102e-09,True,up
WBGene00006702,4,1.0,PFOSA,0.733648741,1.7555198448451e-09,True,up
WBGene00020764,4,1.0,PFOSA,1.772822344,1.7987486692934e-09,True,up
WBGene00008530,4,1.0,PFOSA,0.750513396,1.88392348102075e-09,True,up
WBGene00020930,4,0.9,PFOSA,0.500114167,1.9034152212477302e-09,True,up
WBGene00004173,4,1.0,PFOSA,1.106869418,1.9190553467711203e-09,True,up
WBGene00018508,4,1.0,PFOSA,0.778597588,1.9524049146011e-09,True,up
WBGene00019326,4,0.5666666666666667,PFOSA,0.589894941,1.98997546077194e-09,True,up
WBGene00018213,4,1.0,PFOSA,1.997254817,1.9977648116897204e-09,True,up
WBGene00000545,4,1.0,PFOSA,0.908972528,1.9989516195115802e-09,True,up
WBGene00009562,4,1.0,PFOSA,0.641428058,2.04988261818683e-09,True,up
WBGene00009226,4,0.9666666666666667,PFOSA,4.353034556,2.06452781151465e-09,True,up
WBGene00007621,4,1.0,PFOSA,0.682865768,2.15169303403711e-09,True,up
WBGene00007745,4,1.0,PFOSA,0.926691898,2.2356162998483503e-09,True,up
WBGene00006738,4,1.0,PFOSA,0.740160186,2.2540704940766502e-09,True,up
WBGene00000723,4,1.0,PFOSA,2.076215705,2.25723867468628e-09,True,up
WBGene00008970,4,0.5666666666666667,PFOSA,1.49393554,2.29597550084495e-09,True,up
WBGene00004145,4,1.0,PFOSA,1.421930938,2.32962480104788e-09,True,up
WBGene00011737,4,1.0,PFOSA,1.290090056,2.35329267245679e-09,True,up
WBGene00013485,4,1.0,PFOSA,1.526301045,2.38546981985558e-09,True,up
WBGene00010236,4,1.0,PFOSA,0.633482078,2.39402068103482e-09,True,up
WBGene00009534,4,1.0,PFOSA,1.049186106,2.3976621614017703e-09,True,up
WBGene00016384,4,1.0,PFOSA,0.622769262,2.4928618119399503e-09,True,up
WBGene00015410,4,1.0,PFOSA,0.834682453,2.4958001960903503e-09,True,up
WBGene00010955,4,0.6333333333333333,PFOSA,4.478069485,2.56290636407443e-09,True,up
WBGene00017852,4,1.0,PFOSA,0.42684426,2.60965268538367e-09,True,up
WBGene00020030,4,0.9333333333333333,PFOSA,0.826188436,2.65448022109404e-09,True,up
WBGene00006103,4,1.0,PFOSA,2.199045437,2.66904984779878e-09,True,up
WBGene00017137,4,1.0,PFOSA,0.553444362,2.696436299866e-09,True,up
WBGene00001458,4,1.0,PFOSA,0.725380065,2.7196786416490602e-09,True,up
WBGene00015921,4,0.9333333333333333,PFOSA,1.320733004,2.79601070740435e-09,True,up
WBGene00001394,4,1.0,PFOSA,1.038959738,2.8629924079991304e-09,True,up
WBGene00020806,4,1.0,PFOSA,1.047381271,2.8846418956836e-09,True,up
WBGene00003654,4,1.0,PFOSA,0.904964345,2.9491131796322103e-09,True,up
WBGene00009049,4,0.9666666666666667,PFOSA,0.711105185,2.9946379924801e-09,True,up
WBGene00003582,4,1.0,PFOSA,0.554262384,3.03527187352883e-09,True,up
WBGene00011449,4,1.0,PFOSA,0.64928808,3.05673867955726e-09,True,up
WBGene00012759,4,1.0,PFOSA,0.508247276,3.1453781217777402e-09,True,up
WBGene00016845,4,1.0,PFOSA,3.661291704,3.17006772552308e-09,True,up
WBGene00008779,4,1.0,PFOSA,1.660637951,3.1770999530151603e-09,True,up
WBGene00006812,4,1.0,PFOSA,0.679106096,3.1990223895882804e-09,True,up
WBGene00001160,4,1.0,PFOSA,0.823875805,3.2947592894558502e-09,True,up
WBGene00020251,4,1.0,PFOSA,0.551104557,3.3032063938793804e-09,True,up
WBGene00015362,4,1.0,PFOSA,1.255905741,3.35515368903576e-09,True,up
WBGene00021965,4,0.7333333333333333,PFOSA,1.60459639,3.44261873139277e-09,True,up
WBGene00022307,4,0.8,PFOSA,0.978373392,3.50223484312656e-09,True,up
WBGene00011931,4,1.0,PFOSA,1.385278508,3.5679835189715203e-09,True,up
WBGene00017291,4,1.0,PFOSA,0.936447993,3.6176587450881404e-09,True,up
WBGene00002195,4,1.0,PFOSA,1.092340531,3.6701243000466404e-09,True,up
WBGene00007200,4,1.0,PFOSA,1.182670868,3.732470048878451e-09,True,up
WBGene00020931,4,1.0,PFOSA,0.801855134,3.830306337373651e-09,True,up
WBGene00010910,4,1.0,PFOSA,0.632410559,3.95472139672188e-09,True,up
WBGene00013969,4,0.5666666666666667,PFOSA,0.741860398,3.983784505897221e-09,True,up
WBGene00004740,4,1.0,PFOSA,0.598454168,4.1909431944087e-09,True,up
WBGene00016406,4,1.0,PFOSA,1.024930541,4.26557403489444e-09,True,up
WBGene00001803,4,1.0,PFOSA,1.211235865,4.2673262374192405e-09,True,up
WBGene00000233,4,1.0,PFOSA,1.055162957,4.3413542874363e-09,True,up
WBGene00015805,4,1.0,PFOSA,0.843187027,4.3993904956237305e-09,True,up
WBGene00003749,4,0.7666666666666667,PFOSA,0.585628329,4.40373291922872e-09,True,up
WBGene00018411,4,1.0,PFOSA,2.102896739,4.6610833819141406e-09,True,up
WBGene00017430,4,1.0,PFOSA,0.939054116,4.66116241365319e-09,True,up
WBGene00270322,4,1.0,PFOSA,1.048962621,4.671529471870191e-09,True,up
WBGene00016634,4,1.0,PFOSA,1.007801669,4.748952074706951e-09,True,up
WBGene00003884,4,1.0,PFOSA,0.950643186,4.7788561200526e-09,True,up
WBGene00012443,4,1.0,PFOSA,0.648326312,4.86399665334389e-09,True,up
WBGene00000899,4,1.0,PFOSA,0.58315615,4.927111631065061e-09,True,up
WBGene00008876,4,1.0,PFOSA,0.71791667,5.013468021710451e-09,True,up
WBGene00020334,4,1.0,PFOSA,0.581028608,5.05689308160916e-09,True,up
WBGene00016135,4,1.0,PFOSA,1.158746968,5.17021301794974e-09,True,up
WBGene00005832,4,0.9666666666666667,PFOSA,0.716009661,5.18795233193691e-09,True,up
WBGene00019399,4,0.9666666666666667,PFOSA,0.46185058,5.342725631837361e-09,True,up
WBGene00007126,4,1.0,PFOSA,1.032695433,5.434146234674631e-09,True,up
WBGene00006983,4,0.9666666666666667,PFOSA,1.559400042,5.461045631958481e-09,True,up
WBGene00021637,4,0.5333333333333333,PFOSA,0.501842563,5.838101212077e-09,True,up
WBGene00015479,4,1.0,PFOSA,1.531650947,5.88026895872679e-09,True,up
WBGene00008980,4,1.0,PFOSA,0.775991989,5.92373916269326e-09,True,up
WBGene00022358,4,1.0,PFOSA,0.431354644,6.002448691689791e-09,True,up
WBGene00003965,4,1.0,PFOSA,0.624684247,6.046085728238661e-09,True,up
WBGene00012554,4,1.0,PFOSA,0.734966313,6.418113010052121e-09,True,up
WBGene00009772,4,1.0,PFOSA,0.484753642,6.881781240303141e-09,True,up
WBGene00018788,4,1.0,PFOSA,0.652515077,6.88953361318556e-09,True,up
WBGene00015675,4,1.0,PFOSA,1.37995697,6.8966352000305106e-09,True,up
WBGene00007007,4,1.0,PFOSA,0.551214352,6.9163726445008605e-09,True,up
WBGene00000666,4,1.0,PFOSA,2.522670664,6.92294699340435e-09,True,up
WBGene00000174,4,1.0,PFOSA,1.843216298,7.07565252778532e-09,True,up
WBGene00010239,4,1.0,PFOSA,0.7419327,7.212817324189751e-09,True,up
WBGene00013639,4,1.0,PFOSA,0.707264856,7.265739505592681e-09,True,up
WBGene00019719,4,1.0,PFOSA,1.331231766,7.2919794289409e-09,True,up
WBGene00000020,4,0.9333333333333333,PFOSA,0.550761596,7.606070036217671e-09,True,up
WBGene00012444,4,1.0,PFOSA,0.947724132,7.680005508302541e-09,True,up
WBGene00000086,4,1.0,PFOSA,0.570744743,7.81619272705304e-09,True,up
WBGene00004945,4,1.0,PFOSA,0.50110466,7.81619272705304e-09,True,up
WBGene00003073,4,1.0,PFOSA,0.489085529,7.820976993556121e-09,True,up
WBGene00003607,4,1.0,PFOSA,0.810484007,7.84447725302636e-09,True,up
WBGene00020861,4,0.9666666666666667,PFOSA,1.114956588,7.87714585290115e-09,True,up
WBGene00017659,4,1.0,PFOSA,3.336413336,7.890020582922651e-09,True,up
WBGene00015809,4,1.0,PFOSA,0.688403073,8.189587225727641e-09,True,up
WBGene00003063,4,1.0,PFOSA,0.797666501,8.20776082102681e-09,True,up
WBGene00219283,4,1.0,PFOSA,3.058037165,8.244715065712441e-09,True,up
WBGene00006415,4,1.0,PFOSA,0.500141746,8.40633518968075e-09,True,up
WBGene00006762,4,1.0,PFOSA,0.761065844,8.55873228752336e-09,True,up
WBGene00015733,4,1.0,PFOSA,1.385392435,8.56448421391064e-09,True,up
WBGene00008515,4,1.0,PFOSA,0.927495676,8.69673959267285e-09,True,up
WBGene00008343,4,1.0,PFOSA,0.876977742,8.72529354182325e-09,True,up
WBGene00011326,4,0.7,PFOSA,0.528131623,8.72529354182325e-09,True,up
WBGene00018582,4,1.0,PFOSA,1.031013096,8.82314122946653e-09,True,up
WBGene00015748,4,1.0,PFOSA,1.653683715,8.907136672632311e-09,True,up
WBGene00009093,4,1.0,PFOSA,0.936961039,8.907136672632311e-09,True,up
WBGene00011171,4,0.9,PFOSA,1.34117484,9.023352202887761e-09,True,up
WBGene00000223,4,1.0,PFOSA,0.480344329,9.14948152401692e-09,True,up
WBGene00044071,4,0.5666666666666667,PFOSA,0.626576186,9.38666481779782e-09,True,up
WBGene00012824,4,0.9333333333333333,PFOSA,1.181008198,9.72215679779756e-09,True,up
WBGene00008859,4,1.0,PFOSA,1.040515044,1.02143056681736e-08,True,up
WBGene00013732,4,1.0,PFOSA,0.594268196,1.04872809181328e-08,True,up
WBGene00003834,4,1.0,PFOSA,0.52054675,1.05017037692977e-08,True,up
WBGene00001574,4,1.0,PFOSA,0.480362563,1.05278416411792e-08,True,up
WBGene00001445,4,1.0,PFOSA,0.824705982,1.08022464007286e-08,True,up
WBGene00016194,4,1.0,PFOSA,0.477269545,1.08666243326132e-08,True,up
WBGene00236809,4,0.7666666666666667,PFOSA,1.807309177,1.10523975190055e-08,True,up
WBGene00021215,4,0.9333333333333333,PFOSA,2.309984538,1.11241872488854e-08,True,up
WBGene00001461,4,1.0,PFOSA,0.884038633,1.12214962537266e-08,True,up
WBGene00004168,4,1.0,PFOSA,1.274796223,1.12290897617782e-08,True,up
WBGene00008830,4,0.9333333333333333,PFOSA,1.005046817,1.12290897617782e-08,True,up
WBGene00008677,4,1.0,PFOSA,2.297510951,1.15302115332522e-08,True,up
WBGene00016488,4,1.0,PFOSA,1.419702148,1.16036699344541e-08,True,up
WBGene00002112,4,0.9333333333333333,PFOSA,2.680030079,1.17078339597473e-08,True,up
WBGene00022077,4,1.0,PFOSA,0.794262049,1.17982122568669e-08,True,up
WBGene00011935,4,1.0,PFOSA,0.655089565,1.18705210233133e-08,True,up
WBGene00001577,4,1.0,PFOSA,1.7733766,1.19185469105978e-08,True,up
WBGene00044283,4,1.0,PFOSA,1.319566965,1.19597564643679e-08,True,up
WBGene00020595,4,1.0,PFOSA,1.523359351,1.20084761728583e-08,True,up
WBGene00020170,4,1.0,PFOSA,1.88628331,1.21345305191705e-08,True,up
WBGene00011966,4,1.0,PFOSA,1.399922654,1.21414564631435e-08,True,up
WBGene00001564,4,1.0,PFOSA,3.139568892,1.21873514301125e-08,True,up
WBGene00021855,4,1.0,PFOSA,0.725072743,1.21890910793707e-08,True,up
WBGene00009164,4,1.0,PFOSA,0.664948081,1.27175874356648e-08,True,up
WBGene00003740,4,1.0,PFOSA,1.212601845,1.29700156830956e-08,True,up
WBGene00019686,4,1.0,PFOSA,0.641918403,1.30110851519732e-08,True,up
WBGene00001911,4,1.0,PFOSA,0.774249384,1.30120695477212e-08,True,up
WBGene00011520,4,1.0,PFOSA,1.119177157,1.30808569317127e-08,True,up
WBGene00016128,4,1.0,PFOSA,0.637253593,1.30903087732633e-08,True,up
WBGene00015354,4,1.0,PFOSA,0.518799371,1.32062251776652e-08,True,up
WBGene00008100,4,1.0,PFOSA,0.639048158,1.33442782438341e-08,True,up
WBGene00005228,4,1.0,PFOSA,3.838862728,1.36416162513298e-08,True,up
WBGene00021586,4,0.8,PFOSA,2.915372116,1.36416162513298e-08,True,up
WBGene00001177,4,1.0,PFOSA,0.39401036,1.39779594068445e-08,True,up
WBGene00003423,4,1.0,PFOSA,0.436779733,1.42194963434082e-08,True,up
WBGene00000950,4,1.0,PFOSA,0.892562942,1.43730972807356e-08,True,up
WBGene00002192,4,0.9666666666666667,PFOSA,0.382961728,1.48163570156296e-08,True,up
WBGene00011060,4,1.0,PFOSA,1.292163829,1.50509120078775e-08,True,up
WBGene00008204,4,1.0,PFOSA,1.023275567,1.5185511339323e-08,True,up
WBGene00013202,4,1.0,PFOSA,0.546987505,1.53557015858582e-08,True,up
WBGene00004119,4,1.0,PFOSA,1.124238416,1.54112600126895e-08,True,up
WBGene00013869,4,1.0,PFOSA,1.180085239,1.55770910370094e-08,True,up
WBGene00004317,4,1.0,PFOSA,0.621368789,1.59727732344319e-08,True,up
WBGene00044761,4,1.0,PFOSA,1.184552215,1.62843915548247e-08,True,up
WBGene00004182,4,1.0,PFOSA,0.717834525,1.63948873269311e-08,True,up
WBGene00022748,4,1.0,PFOSA,0.414858151,1.66331119264239e-08,True,up
WBGene00002111,4,1.0,PFOSA,1.383958592,1.69364933120131e-08,True,up
WBGene00001194,4,1.0,PFOSA,0.508351046,1.78027319272329e-08,True,up
WBGene00219288,4,1.0,PFOSA,1.597603284,1.7853764030148e-08,True,up
WBGene00020260,4,0.9333333333333333,PFOSA,1.224804804,1.78800086264917e-08,True,up
WBGene00017671,4,1.0,PFOSA,0.617575665,1.80220250340432e-08,True,up
WBGene00019305,4,1.0,PFOSA,0.497966527,1.82506540835617e-08,True,up
WBGene00011397,4,1.0,PFOSA,1.706077706,1.82866720618459e-08,True,up
WBGene00044348,4,1.0,PFOSA,1.857996424,1.8437423614043e-08,True,up
WBGene00011592,4,1.0,PFOSA,2.613861121,1.85736509128241e-08,True,up
WBGene00019844,4,0.7,PFOSA,0.851056393,1.86582128682396e-08,True,up
WBGene00020229,4,1.0,PFOSA,0.611408044,1.87896144836966e-08,True,up
WBGene00008513,4,1.0,PFOSA,0.988763339,1.89686183770769e-08,True,up
WBGene00003609,4,1.0,PFOSA,0.603589957,1.9166917781833e-08,True,up
WBGene00015753,4,0.6666666666666666,PFOSA,1.408735923,1.96733899514448e-08,True,up
WBGene00006753,4,1.0,PFOSA,0.345484306,1.98112982076557e-08,True,up
WBGene00016751,4,1.0,PFOSA,0.703028651,1.98739897723573e-08,True,up
WBGene00019890,4,0.9666666666666667,PFOSA,0.580592541,1.99609427462834e-08,True,up
WBGene00001449,4,1.0,PFOSA,0.75683982,2.03126961902498e-08,True,up
WBGene00010072,4,1.0,PFOSA,2.756882076,2.11637606165888e-08,True,up
WBGene00015433,4,1.0,PFOSA,1.940799227,2.13339032984095e-08,True,up
WBGene00019998,4,1.0,PFOSA,1.207284357,2.14946463636412e-08,True,up
WBGene00020152,4,1.0,PFOSA,1.276189652,2.16279070177074e-08,True,up
WBGene00017304,4,1.0,PFOSA,1.624290592,2.16412331887443e-08,True,up
WBGene00021862,4,1.0,PFOSA,3.373648645,2.17122251421622e-08,True,up
WBGene00017385,4,1.0,PFOSA,0.527608649,2.18065533746687e-08,True,up
WBGene00007467,4,1.0,PFOSA,1.475518613,2.21966423059674e-08,True,up
WBGene00016504,4,1.0,PFOSA,0.7876864,2.31051133588123e-08,True,up
WBGene00008915,4,1.0,PFOSA,1.433371367,2.32781469331378e-08,True,up
WBGene00003724,4,1.0,PFOSA,0.83290184,2.34324224193529e-08,True,up
WBGene00017724,4,1.0,PFOSA,1.359761911,2.36111734472634e-08,True,up
WBGene00012031,4,0.9333333333333333,PFOSA,0.381528838,2.39445107153338e-08,True,up
WBGene00003009,4,1.0,PFOSA,0.399714527,2.39509616591852e-08,True,up
WBGene00003598,4,0.9666666666666667,PFOSA,0.42815014,2.40414031501655e-08,True,up
WBGene00017644,4,0.9333333333333333,PFOSA,0.814715361,2.42491725806303e-08,True,up
WBGene00012306,4,1.0,PFOSA,0.638062414,2.42943276421106e-08,True,up
WBGene00010870,4,0.9333333333333333,PFOSA,0.768373126,2.46765175906573e-08,True,up
WBGene00018274,4,1.0,PFOSA,0.999808941,2.51164171611202e-08,True,up
WBGene00008588,4,1.0,PFOSA,1.016330708,2.5469009405356e-08,True,up
WBGene00016766,4,1.0,PFOSA,0.930196467,2.61668587314181e-08,True,up
WBGene00003748,4,1.0,PFOSA,0.635211852,2.61668587314181e-08,True,up
WBGene00000095,4,1.0,PFOSA,0.424613032,2.61975076582685e-08,True,up
WBGene00017502,4,1.0,PFOSA,3.00972192,2.64034574926422e-08,True,up
WBGene00015705,4,1.0,PFOSA,1.436072554,2.64448021180435e-08,True,up
WBGene00010865,4,0.9,PFOSA,1.123450568,2.65634316548817e-08,True,up
WBGene00018349,4,1.0,PFOSA,0.554504635,2.76062563257107e-08,True,up
WBGene00010135,4,1.0,PFOSA,1.584206948,2.76669336641544e-08,True,up
WBGene00007923,4,0.5666666666666667,PFOSA,0.731932642,2.78288779942016e-08,True,up
WBGene00044513,4,1.0,PFOSA,1.141012637,2.82502420273985e-08,True,up
WBGene00008052,4,1.0,PFOSA,0.658161471,2.85020424066286e-08,True,up
WBGene00018375,4,1.0,PFOSA,2.932198889,2.90978050507629e-08,True,up
WBGene00010009,4,0.5666666666666667,PFOSA,0.895649606,2.94083679795807e-08,True,up
WBGene00021382,4,0.5666666666666667,PFOSA,1.655102902,3.01436490690393e-08,True,up
WBGene00012265,4,0.9666666666666667,PFOSA,2.042273155,3.03955125642884e-08,True,up
WBGene00015128,4,0.9333333333333333,PFOSA,0.56807684,3.112888240767e-08,True,up
WBGene00019612,4,0.9666666666666667,PFOSA,0.612688578,3.13634633472319e-08,True,up
WBGene00008897,4,0.5666666666666667,PFOSA,2.958401972,3.14826146138954e-08,True,up
WBGene00016366,4,1.0,PFOSA,1.003783885,3.16471741639806e-08,True,up
WBGene00007091,4,1.0,PFOSA,0.494927637,3.26308632469495e-08,True,up
WBGene00007551,4,1.0,PFOSA,1.72656459,3.30033238117044e-08,True,up
WBGene00019055,4,1.0,PFOSA,0.997732522,3.38496190166105e-08,True,up
WBGene00018145,4,1.0,PFOSA,0.719934052,3.39290605536741e-08,True,up
WBGene00006464,4,1.0,PFOSA,1.246502287,3.49555134386384e-08,True,up
WBGene00016768,4,0.7333333333333333,PFOSA,0.780216084,3.51792385846928e-08,True,up
WBGene00012364,4,1.0,PFOSA,1.213032527,3.76190397913911e-08,True,up
WBGene00017813,4,1.0,PFOSA,0.904072176,3.77264337908642e-08,True,up
WBGene00016883,4,1.0,PFOSA,1.504015053,3.80526790271606e-08,True,up
WBGene00006683,4,1.0,PFOSA,0.609172452,3.88090253419331e-08,True,up
WBGene00021456,4,0.9,PFOSA,0.592704225,3.89380372418199e-08,True,up
WBGene00018607,4,1.0,PFOSA,0.985041666,4.05632145190398e-08,True,up
WBGene00021057,4,0.9333333333333333,PFOSA,0.450299379,4.08520476254562e-08,True,up
WBGene00000692,4,1.0,PFOSA,1.580447671,4.11929635352654e-08,True,up
WBGene00011893,4,0.9333333333333333,PFOSA,0.891633975,4.12763152311573e-08,True,up
WBGene00016368,4,1.0,PFOSA,1.090768708,4.14456145539364e-08,True,up
WBGene00006495,4,1.0,PFOSA,0.703704114,4.18097311382599e-08,True,up
WBGene00019995,4,0.5666666666666667,PFOSA,0.678215577,4.20194668969764e-08,True,up
WBGene00045295,4,1.0,PFOSA,1.366128406,4.24158730830284e-08,True,up
WBGene00017850,4,0.9,PFOSA,0.797157143,4.27748328296433e-08,True,up
WBGene00019726,4,0.6666666666666666,PFOSA,0.500504035,4.333318752533e-08,True,up
WBGene00021509,4,1.0,PFOSA,0.610392238,4.47158547476065e-08,True,up
WBGene00007208,4,1.0,PFOSA,1.309598906,4.64154440082484e-08,True,up
WBGene00011189,4,1.0,PFOSA,0.949897816,4.79666775556154e-08,True,up
WBGene00017160,4,1.0,PFOSA,1.610936465,4.86508913935074e-08,True,up
WBGene00020721,4,0.8666666666666667,PFOSA,0.474395234,4.93986319888364e-08,True,up
WBGene00015371,4,1.0,PFOSA,2.204473564,5.00350762858461e-08,True,up
WBGene00007206,4,0.9666666666666667,PFOSA,1.432803684,5.01977492319092e-08,True,up
WBGene00000485,4,0.5333333333333333,PFOSA,0.544310532,5.05861416271077e-08,True,up
WBGene00011944,4,1.0,PFOSA,0.739360038,5.08128571132999e-08,True,up
WBGene00003718,4,1.0,PFOSA,0.967766004,5.13353369603036e-08,True,up
WBGene00022423,4,1.0,PFOSA,0.875386943,5.16214984287071e-08,True,up
WBGene00001441,4,1.0,PFOSA,0.715033729,5.17645252113808e-08,True,up
WBGene00001457,4,1.0,PFOSA,0.596630171,5.31759499862717e-08,True,up
WBGene00012868,4,1.0,PFOSA,0.449408509,5.34876633673452e-08,True,up
WBGene00011955,4,1.0,PFOSA,0.480980717,5.46393781048487e-08,True,up
WBGene00012421,4,1.0,PFOSA,0.436603907,5.46668336104826e-08,True,up
WBGene00021089,4,1.0,PFOSA,1.108489583,5.49262334102492e-08,True,up
WBGene00022383,4,1.0,PFOSA,2.152615513,5.51959371819973e-08,True,up
WBGene00000787,4,0.9333333333333333,PFOSA,0.553677451,5.5380685998168e-08,True,up
WBGene00008878,4,1.0,PFOSA,0.370188274,5.60570499836922e-08,True,up
WBGene00003712,4,0.5666666666666667,PFOSA,0.851855743,5.85468843065264e-08,True,up
WBGene00043995,4,0.7666666666666667,PFOSA,1.426181091,5.89544644704423e-08,True,up
WBGene00001133,4,0.9333333333333333,PFOSA,1.889027017,6.14379051968897e-08,True,up
WBGene00016602,4,1.0,PFOSA,0.450535885,6.17783715600857e-08,True,up
WBGene00016099,4,0.9666666666666667,PFOSA,1.482479944,6.29116215928934e-08,True,up
WBGene00009851,4,0.8,PFOSA,0.447237103,6.29301828495004e-08,True,up
WBGene00006331,4,1.0,PFOSA,0.586330483,6.31428748685072e-08,True,up
WBGene00000754,4,1.0,PFOSA,2.639845827,6.34255334639589e-08,True,up
WBGene00006621,4,0.6,PFOSA,1.562790531,6.40368227613268e-08,True,up
WBGene00012005,4,1.0,PFOSA,0.607414405,6.70978062024402e-08,True,up
WBGene00002078,4,1.0,PFOSA,0.507977292,6.79964680225455e-08,True,up
WBGene00010047,4,0.8333333333333334,PFOSA,0.574580903,7.0076785509331e-08,True,up
WBGene00006439,4,1.0,PFOSA,0.534448396,7.02120439850543e-08,True,up
WBGene00017557,4,1.0,PFOSA,0.640705109,7.1494780088388e-08,True,up
WBGene00006599,4,1.0,PFOSA,0.399104867,7.39658838060183e-08,True,up
WBGene00043297,4,1.0,PFOSA,1.303493305,7.43751626034086e-08,True,up
WBGene00021808,4,1.0,PFOSA,0.590854789,7.44491857585764e-08,True,up
WBGene00045356,4,0.5333333333333333,PFOSA,2.319336014,7.44638216393722e-08,True,up
WBGene00010039,4,1.0,PFOSA,1.283463565,7.67379468741343e-08,True,up
WBGene00012776,4,1.0,PFOSA,1.057918873,7.86979622600672e-08,True,up
WBGene00016332,4,1.0,PFOSA,2.296277152,7.89722350579807e-08,True,up
WBGene00012987,4,1.0,PFOSA,0.603938198,7.91986872592067e-08,True,up
WBGene00001053,4,0.9666666666666667,PFOSA,0.884863424,8.14331834027402e-08,True,up
WBGene00006594,4,0.9333333333333333,PFOSA,0.409109728,8.56223430504391e-08,True,up
WBGene00012424,4,1.0,PFOSA,1.273545133,8.57936549184482e-08,True,up
WBGene00022717,4,1.0,PFOSA,0.447993506,8.66929492267028e-08,True,up
WBGene00007204,4,0.7666666666666667,PFOSA,1.787811434,8.76965026413886e-08,True,up
WBGene00017038,4,0.7333333333333333,PFOSA,0.97475857,8.80535505831074e-08,True,up
WBGene00020530,4,1.0,PFOSA,0.578952903,8.81465367932425e-08,True,up
WBGene00019902,4,0.8333333333333334,PFOSA,0.771005185,8.86451460186151e-08,True,up
WBGene00003510,4,1.0,PFOSA,0.66669474,8.96836694003208e-08,True,up
WBGene00010028,4,0.9333333333333333,PFOSA,0.514559486,9.15672280295801e-08,True,up
WBGene00011479,4,0.5333333333333333,PFOSA,1.182331841,9.20405827214424e-08,True,up
WBGene00008356,4,1.0,PFOSA,0.470984873,9.20405827214424e-08,True,up
WBGene00008149,4,1.0,PFOSA,0.408737393,9.2135374573335e-08,True,up
WBGene00020577,4,1.0,PFOSA,0.99590489,9.23122092624677e-08,True,up
WBGene00015778,4,0.9666666666666667,PFOSA,0.75855039,9.35916536365599e-08,True,up
WBGene00008119,4,0.6666666666666666,PFOSA,0.372607253,9.38558512198814e-08,True,up
WBGene00016968,4,0.9666666666666667,PFOSA,0.486834036,9.4085424346803e-08,True,up
WBGene00021019,4,1.0,PFOSA,1.003538185,9.54322358621007e-08,True,up
WBGene00002992,4,1.0,PFOSA,0.884828808,9.5580075064942e-08,True,up
WBGene00007877,4,1.0,PFOSA,0.382489178,1.04838684345015e-07,True,up
WBGene00000832,4,0.9333333333333333,PFOSA,0.382980636,1.07787467056844e-07,True,up
WBGene00004122,4,1.0,PFOSA,0.681506576,1.0920506467408e-07,True,up
WBGene00016187,4,0.5666666666666667,PFOSA,2.597671562,1.10453976682818e-07,True,up
WBGene00007492,4,1.0,PFOSA,0.412418808,1.10710014751545e-07,True,up
WBGene00044615,4,0.7,PFOSA,1.027942618,1.1258580821553e-07,True,up
WBGene00007421,4,1.0,PFOSA,1.252129233,1.13273609569936e-07,True,up
WBGene00044636,4,1.0,PFOSA,1.000437283,1.17632689553411e-07,True,up
WBGene00003634,4,1.0,PFOSA,0.634742616,1.17632689553411e-07,True,up
WBGene00000681,4,1.0,PFOSA,2.997618176,1.18003940878122e-07,True,up
WBGene00044697,4,0.7333333333333333,PFOSA,1.676561343,1.20783911858576e-07,True,up
WBGene00009663,4,0.7666666666666667,PFOSA,1.208650274,1.20852048165649e-07,True,up
WBGene00011733,4,1.0,PFOSA,2.02344496,1.20970549377966e-07,True,up
WBGene00006460,4,1.0,PFOSA,0.318326432,1.23952307687586e-07,True,up
WBGene00010809,4,1.0,PFOSA,0.629778137,1.2517366763721e-07,True,up
WBGene00015232,4,0.9666666666666667,PFOSA,0.731479937,1.27223716796711e-07,True,up
WBGene00003659,4,1.0,PFOSA,0.554458331,1.28414662405554e-07,True,up
WBGene00013750,4,0.8,PFOSA,1.383169354,1.3607179279815e-07,True,up
WBGene00018763,4,0.9666666666666667,PFOSA,1.065221669,1.36703262062773e-07,True,up
WBGene00011732,4,1.0,PFOSA,0.532446198,1.37498193569922e-07,True,up
WBGene00016796,4,1.0,PFOSA,0.944287317,1.39072007351024e-07,True,up
WBGene00016237,4,1.0,PFOSA,0.870661691,1.40199214522637e-07,True,up
WBGene00044686,4,1.0,PFOSA,0.662968038,1.40511618546428e-07,True,up
WBGene00016310,4,1.0,PFOSA,1.108557071,1.40566229340997e-07,True,up
WBGene00004083,4,1.0,PFOSA,0.765954159,1.4264763804771e-07,True,up
WBGene00007883,4,1.0,PFOSA,0.696995681,1.46948454161772e-07,True,up
WBGene00003876,4,1.0,PFOSA,0.81767225,1.4991972272993e-07,True,up
WBGene00015063,4,1.0,PFOSA,0.836540295,1.50724559446347e-07,True,up
WBGene00001184,4,1.0,PFOSA,0.685823594,1.61077604849737e-07,True,up
WBGene00015409,4,0.6666666666666666,PFOSA,1.102505068,1.61283050089042e-07,True,up
WBGene00002163,4,1.0,PFOSA,1.252010917,1.62213655951594e-07,True,up
WBGene00017639,4,1.0,PFOSA,0.801448129,1.64539045092809e-07,True,up
WBGene00015549,4,1.0,PFOSA,2.600682592,1.67796308093079e-07,True,up
WBGene00019461,4,1.0,PFOSA,2.908389492,1.70123951117159e-07,True,up
WBGene00021843,4,1.0,PFOSA,0.74804096,1.70627757061638e-07,True,up
WBGene00000793,4,1.0,PFOSA,0.586635505,1.70998506504887e-07,True,up
WBGene00017128,4,0.6333333333333333,PFOSA,0.764265414,1.72685262878547e-07,True,up
WBGene00008953,4,0.5666666666666667,PFOSA,1.024061196,1.74150634718136e-07,True,up
WBGene00271701,4,0.9333333333333333,PFOSA,1.308817109,1.75580793316096e-07,True,up
WBGene00004928,4,0.9333333333333333,PFOSA,0.722757715,1.78882832877414e-07,True,up
WBGene00018260,4,0.9,PFOSA,0.784992198,1.79701468658667e-07,True,up
WBGene00015857,4,1.0,PFOSA,1.314362678,1.88037243278288e-07,True,up
WBGene00019204,4,0.9333333333333333,PFOSA,0.730496367,1.88566540999387e-07,True,up
WBGene00015126,4,1.0,PFOSA,0.43352849,1.90801500221841e-07,True,up
WBGene00006805,4,1.0,PFOSA,0.342678463,1.91845665945502e-07,True,up
WBGene00022353,4,1.0,PFOSA,0.938664047,1.96098271656333e-07,True,up
WBGene00000103,4,1.0,PFOSA,0.454457611,1.99268179048378e-07,True,up
WBGene00010871,4,1.0,PFOSA,1.162426946,2.01474252438758e-07,True,up
WBGene00001864,4,1.0,PFOSA,1.237624957,2.05791819169434e-07,True,up
WBGene00009068,4,1.0,PFOSA,0.942546709,2.09848732621277e-07,True,up
WBGene00011824,4,0.5333333333333333,PFOSA,0.71431458,2.14518743199557e-07,True,up
WBGene00011623,4,1.0,PFOSA,2.834289441,2.22749371576573e-07,True,up
WBGene00012204,4,0.7,PFOSA,0.392811159,2.26255586759242e-07,True,up
WBGene00010864,4,0.8,PFOSA,0.877609562,2.26441177542038e-07,True,up
WBGene00021598,4,1.0,PFOSA,1.934945289,2.26707021526048e-07,True,up
WBGene00009399,4,1.0,PFOSA,1.092147036,2.27060596791927e-07,True,up
WBGene00019006,4,1.0,PFOSA,0.724180995,2.27140085104784e-07,True,up
WBGene00303423,4,1.0,PFOSA,1.336223659,2.28395529769913e-07,True,up
WBGene00015811,4,1.0,PFOSA,0.790685161,2.29711154651991e-07,True,up
WBGene00009447,4,1.0,PFOSA,1.01070705,2.32917976721424e-07,True,up
WBGene00007063,4,1.0,PFOSA,0.692493533,2.34493719767005e-07,True,up
WBGene00019801,4,1.0,PFOSA,1.015349581,2.38657578805305e-07,True,up
WBGene00044536,4,1.0,PFOSA,2.264435246,2.40138771481113e-07,True,up
WBGene00007304,4,0.5666666666666667,PFOSA,1.095953316,2.52989108430689e-07,True,up
WBGene00011433,4,0.9666666666666667,PFOSA,0.507402971,2.57098870644617e-07,True,up
WBGene00001493,4,1.0,PFOSA,0.453960251,2.6058409430423e-07,True,up
WBGene00023407,4,0.9,PFOSA,1.478224977,2.62003424454294e-07,True,up
WBGene00001560,4,1.0,PFOSA,1.055119407,2.68768985661986e-07,True,up
WBGene00016017,4,0.7666666666666667,PFOSA,2.985977704,2.72942660322716e-07,True,up
WBGene00019666,4,1.0,PFOSA,0.631233808,2.82230569090529e-07,True,up
WBGene00011310,4,1.0,PFOSA,1.136921102,2.90564463721701e-07,True,up
WBGene00011259,4,1.0,PFOSA,0.410103423,2.92599485811632e-07,True,up
WBGene00011331,4,1.0,PFOSA,0.540926383,2.94555298317993e-07,True,up
WBGene00022356,4,1.0,PFOSA,2.051325589,2.96363389628371e-07,True,up
WBGene00016109,4,0.7666666666666667,PFOSA,1.71289439,2.98154398217868e-07,True,up
WBGene00009236,4,0.9666666666666667,PFOSA,2.437157362,2.99855452791074e-07,True,up
WBGene00012866,4,0.9,PFOSA,1.299997014,3.03343169325488e-07,True,up
WBGene00013317,4,1.0,PFOSA,0.621633208,3.10142484455911e-07,True,up
WBGene00007898,4,0.9666666666666667,PFOSA,0.824591995,3.12418880412431e-07,True,up
WBGene00002108,4,1.0,PFOSA,2.645560698,3.18229450837516e-07,True,up
WBGene00007592,4,0.5666666666666667,PFOSA,0.63577958,3.28351975131663e-07,True,up
WBGene00013632,4,0.9333333333333333,PFOSA,0.606487323,3.29505920616228e-07,True,up
WBGene00013603,4,1.0,PFOSA,0.706274721,3.37672202020423e-07,True,up
WBGene00003588,4,1.0,PFOSA,0.662889839,3.37884833406345e-07,True,up
WBGene00017951,4,0.9666666666666667,PFOSA,0.420882234,3.38431131456565e-07,True,up
WBGene00007860,4,0.9333333333333333,PFOSA,0.454886185,3.38762133228847e-07,True,up
WBGene00003558,4,1.0,PFOSA,0.596561243,3.49744172181005e-07,True,up
WBGene00022280,4,1.0,PFOSA,0.463656011,3.50798738633312e-07,True,up
WBGene00010348,4,1.0,PFOSA,1.289602532,3.50861074891437e-07,True,up
WBGene00019421,4,1.0,PFOSA,1.763274459,3.52748274719121e-07,True,up
WBGene00019781,4,1.0,PFOSA,0.655017313,3.57255824134986e-07,True,up
WBGene00004036,4,1.0,PFOSA,0.546969971,3.66588589280214e-07,True,up
WBGene00018216,4,1.0,PFOSA,0.622339043,3.68039614705515e-07,True,up
WBGene00013921,4,0.9666666666666667,PFOSA,0.658315428,3.81874035599006e-07,True,up
WBGene00000490,4,0.9666666666666667,PFOSA,0.72453877,3.9574010021329e-07,True,up
WBGene00001118,4,1.0,PFOSA,0.716137846,4.02116812811873e-07,True,up
WBGene00008910,4,1.0,PFOSA,0.710232346,4.06833050817231e-07,True,up
WBGene00022314,4,1.0,PFOSA,1.144835354,4.12234342127036e-07,True,up
WBGene00004879,4,1.0,PFOSA,0.504491061,4.15258128469994e-07,True,up
WBGene00004751,4,0.9666666666666667,PFOSA,0.47706634,4.25770481328667e-07,True,up
WBGene00019280,4,1.0,PFOSA,1.2265897,4.29831039133263e-07,True,up
WBGene00019651,4,0.9333333333333333,PFOSA,1.108614512,4.33298030314754e-07,True,up
WBGene00007911,4,1.0,PFOSA,2.128313958,4.35271764803621e-07,True,up
WBGene00006441,4,0.6666666666666666,PFOSA,0.597772926,4.35773711730712e-07,True,up
WBGene00003741,4,1.0,PFOSA,0.56910229,4.3983960477019e-07,True,up
WBGene00010484,4,1.0,PFOSA,0.93998791,4.4051702206903e-07,True,up
WBGene00008360,4,1.0,PFOSA,0.562170687,4.43510286399871e-07,True,up
WBGene00010200,4,1.0,PFOSA,0.684772188,4.60918594886937e-07,True,up
WBGene00021068,4,1.0,PFOSA,0.719073194,4.64417023546544e-07,True,up
WBGene00009948,4,1.0,PFOSA,1.823562379,4.73811399479185e-07,True,up
WBGene00007058,4,0.9333333333333333,PFOSA,0.46173868,4.91867905052984e-07,True,up
WBGene00021333,4,1.0,PFOSA,0.860800818,4.94407651843397e-07,True,up
WBGene00012244,4,1.0,PFOSA,0.527205814,5.00390869771058e-07,True,up
WBGene00002233,4,0.6333333333333333,PFOSA,0.58219659,5.04101605387367e-07,True,up
WBGene00010982,4,1.0,PFOSA,0.738564738,5.17634888324403e-07,True,up
WBGene00021691,4,1.0,PFOSA,0.607286175,5.18921944335215e-07,True,up
WBGene00016532,4,0.9666666666666667,PFOSA,0.728917506,5.26221802263385e-07,True,up
WBGene00012289,4,1.0,PFOSA,0.584747566,5.37413782449379e-07,True,up
WBGene00015751,4,1.0,PFOSA,1.008159772,5.40503448768818e-07,True,up
WBGene00002299,4,1.0,PFOSA,0.656479961,5.41963993728889e-07,True,up
WBGene00011227,4,0.6333333333333333,PFOSA,0.604698566,5.58122612014799e-07,True,up
WBGene00008531,4,0.9333333333333333,PFOSA,0.479053785,5.5985741232281e-07,True,up
WBGene00017504,4,1.0,PFOSA,0.901327598,5.60762401738757e-07,True,up
WBGene00008760,4,0.7666666666666667,PFOSA,0.586027551,5.62860706741591e-07,True,up
WBGene00021060,4,0.9666666666666667,PFOSA,0.857300958,5.6415006428479e-07,True,up
WBGene00013895,4,0.6666666666666666,PFOSA,0.888469036,5.64265907927897e-07,True,up
WBGene00017190,4,0.9333333333333333,PFOSA,0.596503641,5.67382323319667e-07,True,up
WBGene00017748,4,1.0,PFOSA,0.760999997,5.67676314870368e-07,True,up
WBGene00017692,4,1.0,PFOSA,1.158397503,5.71695599202283e-07,True,up
WBGene00020114,4,1.0,PFOSA,0.352762821,5.71695599202283e-07,True,up
WBGene00004926,4,1.0,PFOSA,0.5282031,5.82815994932195e-07,True,up
WBGene00022233,4,1.0,PFOSA,0.598281314,5.89840649894307e-07,True,up
WBGene00008421,4,0.5666666666666667,PFOSA,1.161006682,5.90140174273731e-07,True,up
WBGene00008357,4,1.0,PFOSA,0.594215441,5.90692394904607e-07,True,up
WBGene00004858,4,0.6333333333333333,PFOSA,0.897081103,5.9093523005244e-07,True,up
WBGene00006614,4,0.6333333333333333,PFOSA,0.489294196,5.93143204468473e-07,True,up
WBGene00009975,4,1.0,PFOSA,0.442313021,6.10021331131277e-07,True,up
WBGene00019211,4,1.0,PFOSA,0.379477691,6.10026152692866e-07,True,up
WBGene00018952,4,0.9666666666666667,PFOSA,0.724859726,6.13868399010392e-07,True,up
WBGene00013806,4,1.0,PFOSA,1.116504893,6.22368674613538e-07,True,up
WBGene00020827,4,1.0,PFOSA,0.616345237,6.2705202498349e-07,True,up
WBGene00019170,4,1.0,PFOSA,0.583077656,6.46055386832586e-07,True,up
WBGene00017547,4,1.0,PFOSA,0.540822399,6.5197717854414e-07,True,up
WBGene00001109,4,1.0,PFOSA,1.196920783,6.65038201798663e-07,True,up
WBGene00018837,4,1.0,PFOSA,0.37913454,6.65038201798663e-07,True,up
WBGene00006750,4,0.6,PFOSA,0.467051366,6.76775256269803e-07,True,up
WBGene00270319,4,1.0,PFOSA,0.81043298,6.79307076887521e-07,True,up
WBGene00007547,4,0.5666666666666667,PFOSA,0.568586074,6.85787966936426e-07,True,up
WBGene00013897,4,0.5333333333333333,PFOSA,1.500240973,6.97796917093553e-07,True,up
WBGene00000611,4,0.9666666666666667,PFOSA,1.182481982,7.35795031241343e-07,True,up
WBGene00009957,4,0.9666666666666667,PFOSA,1.669931871,7.48578123949256e-07,True,up
WBGene00000900,4,1.0,PFOSA,0.385528799,7.70517661616494e-07,True,up
WBGene00016458,4,1.0,PFOSA,1.172329475,7.76178691920484e-07,True,up
WBGene00012117,4,0.9666666666666667,PFOSA,0.743448644,7.76178691920484e-07,True,up
WBGene00003640,4,0.9666666666666667,PFOSA,0.759631778,7.96262141880282e-07,True,up
WBGene00008006,4,0.9333333333333333,PFOSA,0.428184662,7.98675873064695e-07,True,up
WBGene00001837,4,0.9333333333333333,PFOSA,0.399542184,8.02604571665248e-07,True,up
WBGene00008229,4,1.0,PFOSA,0.630408118,8.07338948173822e-07,True,up
WBGene00016138,4,1.0,PFOSA,0.742025467,8.30547985260497e-07,True,up
WBGene00022324,4,1.0,PFOSA,2.758381364,8.35272412282934e-07,True,up
WBGene00001519,4,1.0,PFOSA,0.451408135,8.37115058662533e-07,True,up
WBGene00012362,4,1.0,PFOSA,0.553021624,8.72153157505346e-07,True,up
WBGene00001517,4,0.8,PFOSA,0.686304815,8.84415437553603e-07,True,up
WBGene00014053,4,1.0,PFOSA,3.782046708,9.08204349992315e-07,True,up
WBGene00003616,4,0.5666666666666667,PFOSA,0.694807609,9.27673308223537e-07,True,up
WBGene00004384,4,1.0,PFOSA,0.436668416,9.31361371639562e-07,True,up
WBGene00002024,4,1.0,PFOSA,0.791333312,9.3781490170189e-07,True,up
WBGene00003388,4,0.9666666666666667,PFOSA,0.705706453,1.02633613240601e-06,True,up
WBGene00017380,4,0.7,PFOSA,0.395525522,1.02646042030276e-06,True,up
WBGene00000102,4,1.0,PFOSA,0.638804704,1.03057165667729e-06,True,up
WBGene00016044,4,1.0,PFOSA,0.822143952,1.04700802838322e-06,True,up
WBGene00007016,4,1.0,PFOSA,0.390372657,1.06172817064629e-06,True,up
WBGene00009850,4,0.9666666666666667,PFOSA,0.65218168,1.09116302331883e-06,True,up
WBGene00004991,4,1.0,PFOSA,2.183722029,1.10167659098239e-06,True,up
WBGene00012027,4,0.9333333333333333,PFOSA,1.502319252,1.11275343197098e-06,True,up
WBGene00017792,4,1.0,PFOSA,0.648538159,1.1625975995712e-06,True,up
WBGene00000553,4,1.0,PFOSA,0.472041389,1.17750527009424e-06,True,up
WBGene00020163,4,1.0,PFOSA,0.91582891,1.18680465759343e-06,True,up
WBGene00016465,4,0.5666666666666667,PFOSA,2.372960094,1.21181824809345e-06,True,up
WBGene00021858,4,1.0,PFOSA,1.996259872,1.23643256138742e-06,True,up
WBGene00000100,4,0.9666666666666667,PFOSA,0.391490018,1.2510894440307e-06,True,up
WBGene00004095,4,1.0,PFOSA,0.303721921,1.25145276749753e-06,True,up
WBGene00011261,4,1.0,PFOSA,0.678129602,1.27497053571177e-06,True,up
WBGene00004157,4,0.7,PFOSA,0.964620116,1.28438949300292e-06,True,up
WBGene00004286,4,1.0,PFOSA,0.532749822,1.45603342604673e-06,True,up
WBGene00021011,4,1.0,PFOSA,3.577752823,1.49168592756243e-06,True,up
WBGene00015047,4,1.0,PFOSA,0.468423015,1.54394028983034e-06,True,up
WBGene00017489,4,0.5666666666666667,PFOSA,0.906628876,1.57198936651172e-06,True,up
WBGene00019816,4,1.0,PFOSA,0.651302385,1.5746174772685e-06,True,up
WBGene00019313,4,1.0,PFOSA,1.082271585,1.57578962013986e-06,True,up
WBGene00009985,4,1.0,PFOSA,1.461335679,1.59895852758042e-06,True,up
WBGene00002036,4,1.0,PFOSA,0.365795594,1.62427643595949e-06,True,up
WBGene00003861,4,1.0,PFOSA,1.312248733,1.64280427386215e-06,True,up
WBGene00009466,4,0.8333333333333334,PFOSA,0.772557174,1.67814580716504e-06,True,up
WBGene00012139,4,0.9666666666666667,PFOSA,0.575870182,1.67958034280396e-06,True,up
WBGene00013499,4,1.0,PFOSA,1.039291677,1.68315475877418e-06,True,up
WBGene00004023,4,1.0,PFOSA,0.886244678,1.70527069719171e-06,True,up
WBGene00022254,4,0.6333333333333333,PFOSA,0.553547086,1.70545724002745e-06,True,up
WBGene00003163,4,1.0,PFOSA,0.905618214,1.70935476327867e-06,True,up
WBGene00003745,4,1.0,PFOSA,0.887488688,1.7168208084775e-06,True,up
WBGene00006923,4,1.0,PFOSA,0.805073752,1.7545352316711e-06,True,up
WBGene00000583,4,1.0,PFOSA,0.962881182,1.76009653214276e-06,True,up
WBGene00015993,4,1.0,PFOSA,4.544447507,1.83783228064157e-06,True,up
WBGene00013595,4,1.0,PFOSA,0.47019273,1.89463009229502e-06,True,up
WBGene00008021,4,0.9666666666666667,PFOSA,0.777813762,1.95093937975067e-06,True,up
WBGene00013802,4,0.8,PFOSA,1.025294347,1.96303820225857e-06,True,up
WBGene00009262,4,1.0,PFOSA,0.440688088,1.98447419257367e-06,True,up
WBGene00001796,4,1.0,PFOSA,0.748038645,2.02955308930224e-06,True,up
WBGene00001548,4,1.0,PFOSA,1.132013377,2.05359897164529e-06,True,up
WBGene00003750,4,1.0,PFOSA,0.780812945,2.15029153650084e-06,True,up
WBGene00044418,4,1.0,PFOSA,0.638189463,2.16486389311534e-06,True,up
WBGene00045195,4,0.9,PFOSA,1.379928018,2.20136167976364e-06,True,up
WBGene00016028,4,1.0,PFOSA,0.555003102,2.2132717982999e-06,True,up
WBGene00015346,4,1.0,PFOSA,0.409785378,2.24834700306819e-06,True,up
WBGene00012794,4,1.0,PFOSA,0.503365747,2.25740193498984e-06,True,up
WBGene00004300,4,1.0,PFOSA,3.280101899,2.2612173934337e-06,True,up
WBGene00021975,4,0.9,PFOSA,0.846306262,2.28211509486004e-06,True,up
WBGene00044354,4,1.0,PFOSA,1.897152259,2.28909625083047e-06,True,up
WBGene00003086,4,1.0,PFOSA,0.361876743,2.34444592435158e-06,True,up
WBGene00010522,4,1.0,PFOSA,0.678545341,2.35070510136706e-06,True,up
WBGene00016289,4,1.0,PFOSA,0.406347599,2.41528412867499e-06,True,up
WBGene00000820,4,1.0,PFOSA,1.233079075,2.47589502440807e-06,True,up
WBGene00023415,4,1.0,PFOSA,0.746610385,2.48520652119023e-06,True,up
WBGene00018511,4,1.0,PFOSA,0.68428756,2.51905344992052e-06,True,up
WBGene00001463,4,1.0,PFOSA,0.550913036,2.55812767299281e-06,True,up
WBGene00022487,4,1.0,PFOSA,1.792981913,2.60475776527892e-06,True,up
WBGene00011074,4,1.0,PFOSA,1.156255948,2.61678089529993e-06,True,up
WBGene00001707,4,1.0,PFOSA,0.754136458,2.62979679775983e-06,True,up
WBGene00019571,4,1.0,PFOSA,1.369925244,2.63187593004607e-06,True,up
WBGene00004038,4,1.0,PFOSA,0.467368263,2.63407522461539e-06,True,up
WBGene00013548,4,1.0,PFOSA,0.759459495,2.7552488774288e-06,True,up
WBGene00001512,4,0.9666666666666667,PFOSA,0.687052152,2.77883832200117e-06,True,up
WBGene00018164,4,0.9333333333333333,PFOSA,0.419617979,2.87471747470202e-06,True,up
WBGene00004132,4,1.0,PFOSA,0.276430216,2.92418784274515e-06,True,up
WBGene00194695,4,0.9333333333333333,PFOSA,1.831651479,3.01420039337575e-06,True,up
WBGene00012850,4,1.0,PFOSA,1.502674002,3.32589482577011e-06,True,up
WBGene00015393,4,0.9333333333333333,PFOSA,0.603428943,3.33083025055512e-06,True,up
WBGene00010848,4,1.0,PFOSA,0.88846099,3.44378102279593e-06,True,up
WBGene00020407,4,1.0,PFOSA,0.729661152,3.59893376104856e-06,True,up
WBGene00010110,4,1.0,PFOSA,0.673878144,3.60429930379838e-06,True,up
WBGene00013498,4,1.0,PFOSA,2.001088548,3.63908144242207e-06,True,up
WBGene00018319,4,1.0,PFOSA,0.342178531,3.70283400623462e-06,True,up
WBGene00013711,4,1.0,PFOSA,0.463583759,3.74191855412868e-06,True,up
WBGene00000616,4,1.0,PFOSA,2.030923216,3.80000558000533e-06,True,up
WBGene00011337,4,0.9333333333333333,PFOSA,0.452093839,3.82725780494417e-06,True,up
WBGene00011004,4,1.0,PFOSA,1.455838051,3.85683800972219e-06,True,up
WBGene00015642,4,0.9333333333333333,PFOSA,0.461819045,3.90494950485405e-06,True,up
WBGene00021740,4,1.0,PFOSA,0.754945872,3.92191447321799e-06,True,up
WBGene00016974,4,0.9333333333333333,PFOSA,0.676565533,3.92598660876045e-06,True,up
WBGene00022500,4,1.0,PFOSA,0.538230226,3.98183107425309e-06,True,up
WBGene00015056,4,1.0,PFOSA,0.697690894,3.9958408969503e-06,True,up
WBGene00006479,4,0.9333333333333333,PFOSA,0.334006813,4.039766433929e-06,True,up
WBGene00002101,4,1.0,PFOSA,0.783834954,4.06443871673754e-06,True,up
WBGene00006660,4,1.0,PFOSA,0.931001085,4.25027322832748e-06,True,up
WBGene00012254,4,0.6666666666666666,PFOSA,1.952093345,4.26369196999616e-06,True,up
WBGene00003167,4,1.0,PFOSA,0.66556727,4.3220032616481e-06,True,up
WBGene00006732,4,1.0,PFOSA,0.594673728,4.35693759358932e-06,True,up
WBGene00012919,4,0.5333333333333333,PFOSA,2.180144286,4.3929118434652e-06,True,up
WBGene00022392,4,0.9,PFOSA,1.497235054,4.41885463832381e-06,True,up
WBGene00011154,4,1.0,PFOSA,0.527076289,4.48013155563331e-06,True,up
WBGene00010977,4,0.6333333333333333,PFOSA,0.790457875,4.505939618211e-06,True,up
WBGene00017901,4,1.0,PFOSA,0.667310478,4.53489874937991e-06,True,up
WBGene00015650,4,1.0,PFOSA,0.851962936,4.79885345015945e-06,True,up
WBGene00006881,4,1.0,PFOSA,0.733857559,4.82787022415641e-06,True,up
WBGene00009743,4,0.9333333333333333,PFOSA,1.12780973,4.91657078305753e-06,True,up
WBGene00020887,4,1.0,PFOSA,0.701293211,4.95095996708991e-06,True,up
WBGene00005818,4,1.0,PFOSA,1.583908667,4.95275463872536e-06,True,up
WBGene00009776,4,0.9,PFOSA,0.53195897,5.27488272994352e-06,True,up
WBGene00002041,4,1.0,PFOSA,0.561086599,5.83764898842263e-06,True,up
WBGene00011400,4,1.0,PFOSA,1.297294785,6.06417415583284e-06,True,up
WBGene00001670,4,1.0,PFOSA,1.877712497,6.11284933802383e-06,True,up
WBGene00002176,4,0.6666666666666666,PFOSA,0.441115657,6.21672684986196e-06,True,up
WBGene00011103,4,0.8333333333333334,PFOSA,1.682592978,6.2248706053886e-06,True,up
WBGene00013560,4,1.0,PFOSA,0.658742784,6.3201499035557e-06,True,up
WBGene00012221,4,1.0,PFOSA,0.688334177,6.5376510016945e-06,True,up
WBGene00019014,4,1.0,PFOSA,1.141565363,6.55433801300212e-06,True,up
WBGene00004272,4,1.0,PFOSA,0.315801266,6.63460058693151e-06,True,up
WBGene00019536,4,0.9,PFOSA,0.693674417,6.66888297724282e-06,True,up
WBGene00000481,4,0.9,PFOSA,0.539763055,6.72308911405788e-06,True,up
WBGene00001325,4,1.0,PFOSA,0.362631151,6.8257134094942e-06,True,up
WBGene00004100,4,1.0,PFOSA,0.901204036,7.03755308461654e-06,True,up
WBGene00000403,4,1.0,PFOSA,0.456983494,7.0424690185176e-06,True,up
WBGene00001515,4,0.5666666666666667,PFOSA,0.408740287,7.13744391370222e-06,True,up
WBGene00010610,4,1.0,PFOSA,0.792600962,7.23151131161479e-06,True,up
WBGene00015002,4,0.5333333333333333,PFOSA,0.977477637,7.36543052790805e-06,True,up
WBGene00016842,4,1.0,PFOSA,0.921456743,7.59110047952073e-06,True,up
WBGene00003591,4,1.0,PFOSA,0.751926284,7.74044167298015e-06,True,up
WBGene00008610,4,1.0,PFOSA,0.862963824,7.81432742365387e-06,True,up
WBGene00017440,4,1.0,PFOSA,0.676127578,7.81432742365387e-06,True,up
WBGene00009584,4,1.0,PFOSA,0.495235924,8.42174992505965e-06,True,up
WBGene00018561,4,0.9666666666666667,PFOSA,1.096292123,8.57365328749521e-06,True,up
WBGene00014077,4,1.0,PFOSA,0.850372776,8.70217065069612e-06,True,up
WBGene00021629,4,1.0,PFOSA,0.552231002,8.79473873474039e-06,True,up
WBGene00206522,4,0.5666666666666667,PFOSA,0.867211296,8.92102364603218e-06,True,up
WBGene00003583,4,1.0,PFOSA,0.584687109,9.02306281095264e-06,True,up
WBGene00005191,4,0.9666666666666667,PFOSA,2.041067694,9.26325077442203e-06,True,up
WBGene00016383,4,1.0,PFOSA,0.582016754,9.28079731718282e-06,True,up
WBGene00001460,4,1.0,PFOSA,0.50621079,9.36676269453989e-06,True,up
WBGene00012440,4,0.9,PFOSA,0.446541661,9.36676269453989e-06,True,up
WBGene00044762,4,0.9666666666666667,PFOSA,0.479125049,9.65321213671997e-06,True,up
WBGene00003686,4,1.0,PFOSA,0.708109798,9.96890620824704e-06,True,up
WBGene00019872,4,1.0,PFOSA,0.512470835,1.0171906231957e-05,True,up
WBGene00019294,4,1.0,PFOSA,0.652998728,1.02349291949301e-05,True,up
WBGene00007345,4,1.0,PFOSA,1.047600745,1.02670438378071e-05,True,up
WBGene00013448,4,1.0,PFOSA,0.605827626,1.05619165213961e-05,True,up
WBGene00006941,4,0.5333333333333333,PFOSA,0.387862958,1.06479979464952e-05,True,up
WBGene00018214,4,0.8666666666666667,PFOSA,0.454314986,1.06967551446304e-05,True,up
WBGene00007416,4,1.0,PFOSA,0.915524543,1.15634599738888e-05,True,up
WBGene00016448,4,1.0,PFOSA,0.58128692,1.16583798049102e-05,True,up
WBGene00009374,4,1.0,PFOSA,0.800639871,1.18199702863342e-05,True,up
WBGene00019102,4,0.9,PFOSA,0.421580218,1.18344298174613e-05,True,up
WBGene00021639,4,1.0,PFOSA,1.411500622,1.18843738466247e-05,True,up
WBGene00007945,4,0.5666666666666667,PFOSA,0.79712377,1.19894627212062e-05,True,up
WBGene00001145,4,1.0,PFOSA,0.353441322,1.2989364822319e-05,True,up
WBGene00006321,4,0.9666666666666667,PFOSA,0.414795154,1.33559894107044e-05,True,up
WBGene00017031,4,1.0,PFOSA,0.459648666,1.37911604510072e-05,True,up
WBGene00022635,4,1.0,PFOSA,0.43341967,1.4322037831146e-05,True,up
WBGene00008198,4,1.0,PFOSA,0.583532945,1.47273889926675e-05,True,up
WBGene00015494,4,1.0,PFOSA,0.401819284,1.4883838115853e-05,True,up
WBGene00006791,4,1.0,PFOSA,0.316872761,1.50963439463419e-05,True,up
WBGene00020510,4,0.9666666666666667,PFOSA,0.489648378,1.52563955274822e-05,True,up
WBGene00016935,4,0.6333333333333333,PFOSA,0.591372716,1.53001828890269e-05,True,up
WBGene00010045,4,1.0,PFOSA,0.817120632,1.57266277924504e-05,True,up
WBGene00015935,4,0.9666666666666667,PFOSA,0.569880646,1.57497174535848e-05,True,up
WBGene00000092,4,0.8,PFOSA,0.440947383,1.67323249924645e-05,True,up
WBGene00022284,4,1.0,PFOSA,0.575633925,1.73160476549287e-05,True,up
WBGene00018415,4,1.0,PFOSA,0.691387191,1.74071265146283e-05,True,up
WBGene00003368,4,0.9333333333333333,PFOSA,0.347597104,1.781615213832e-05,True,up
WBGene00015647,4,0.5333333333333333,PFOSA,0.477521112,1.80101905760403e-05,True,up
WBGene00013222,4,1.0,PFOSA,0.609623916,1.84481343582855e-05,True,up
WBGene00009750,4,0.9333333333333333,PFOSA,1.724691727,1.84648726785924e-05,True,up
WBGene00013326,4,0.7666666666666667,PFOSA,0.468940234,1.86995522586995e-05,True,up
WBGene00015278,4,1.0,PFOSA,0.529080145,1.88591135063496e-05,True,up
WBGene00012100,4,1.0,PFOSA,0.413936062,1.93298682639555e-05,True,up
WBGene00008018,4,1.0,PFOSA,0.527535127,2.06200641649294e-05,True,up
WBGene00003653,4,1.0,PFOSA,0.910901203,2.06514877882552e-05,True,up
WBGene00017676,4,0.5333333333333333,PFOSA,0.51677497,2.10456392743184e-05,True,up
WBGene00014021,4,1.0,PFOSA,0.662036292,2.1483471642656e-05,True,up
WBGene00005654,4,1.0,PFOSA,1.78754726,2.17337821045057e-05,True,up
WBGene00017158,4,0.5333333333333333,PFOSA,0.435653082,2.25995467622716e-05,True,up
WBGene00005533,4,0.8,PFOSA,1.270426535,2.26468284175116e-05,True,up
WBGene00016316,4,0.5666666666666667,PFOSA,0.447532847,2.27559556773964e-05,True,up
WBGene00004057,4,1.0,PFOSA,0.331565467,2.3164323087497e-05,True,up
WBGene00021893,4,0.5333333333333333,PFOSA,0.51083485,2.31741419014398e-05,True,up
WBGene00000366,4,1.0,PFOSA,0.282435047,2.38096559100891e-05,True,up
WBGene00195176,4,0.9,PFOSA,0.574357106,2.38931392364801e-05,True,up
WBGene00017039,4,1.0,PFOSA,0.529950291,2.39944944277221e-05,True,up
WBGene00015402,4,1.0,PFOSA,1.519143384,2.4469230583158e-05,True,up
WBGene00019841,4,0.9,PFOSA,0.316604758,2.469620636874e-05,True,up
WBGene00011854,4,1.0,PFOSA,0.745800145,2.48868019632442e-05,True,up
WBGene00021504,4,1.0,PFOSA,2.236925622,2.54818147217415e-05,True,up
WBGene00015926,4,1.0,PFOSA,0.26069176,2.59711838550396e-05,True,up
WBGene00185092,4,1.0,PFOSA,0.960966561,2.61998107596364e-05,True,up
WBGene00016321,4,1.0,PFOSA,0.388337242,2.82137519484165e-05,True,up
WBGene00007517,4,1.0,PFOSA,2.11793644,2.83212217214069e-05,True,up
WBGene00022039,4,1.0,PFOSA,1.343690213,2.84933117831992e-05,True,up
WBGene00017353,4,1.0,PFOSA,0.687646177,2.87738338694406e-05,True,up
WBGene00304788,4,0.9,PFOSA,1.575276511,3.0689549011727e-05,True,up
WBGene00044568,4,0.5333333333333333,PFOSA,0.725143784,3.16676753651054e-05,True,up
WBGene00019750,4,1.0,PFOSA,0.815413685,3.30326159377432e-05,True,up
WBGene00017968,4,0.9333333333333333,PFOSA,0.588717307,3.31724015707092e-05,True,up
WBGene00009448,4,1.0,PFOSA,0.429712408,3.39823905755089e-05,True,up
WBGene00220259,4,1.0,PFOSA,1.19259552,3.52834828038844e-05,True,up
WBGene00002184,4,1.0,PFOSA,0.551319616,3.53587663174637e-05,True,up
WBGene00021561,4,1.0,PFOSA,0.41624941,3.61096351367943e-05,True,up
WBGene00003014,4,1.0,PFOSA,0.359009545,3.64279659325294e-05,True,up
WBGene00004030,4,0.9,PFOSA,0.740729872,3.75582311407044e-05,True,up
WBGene00021439,4,1.0,PFOSA,0.5669675,3.84523894436619e-05,True,up
WBGene00007227,4,1.0,PFOSA,0.301935806,3.9010230982948e-05,True,up
WBGene00004921,4,1.0,PFOSA,0.321263071,4.29756771722879e-05,True,up
WBGene00021185,4,1.0,PFOSA,0.589118954,4.34280313831778e-05,True,up
WBGene00016975,4,1.0,PFOSA,0.531426655,4.41843362135249e-05,True,up
WBGene00003403,4,1.0,PFOSA,1.074476969,4.57723379925802e-05,True,up
WBGene00044311,4,0.9666666666666667,PFOSA,0.770615463,4.60306408359276e-05,True,up
WBGene00004276,4,1.0,PFOSA,0.338768589,4.62093896915378e-05,True,up
WBGene00006602,4,1.0,PFOSA,0.606175756,5.00931690656911e-05,True,up
WBGene00019733,4,1.0,PFOSA,0.295075598,5.16873675546537e-05,True,up
WBGene00010655,4,0.9666666666666667,PFOSA,1.190301782,5.2053753942931e-05,True,up
WBGene00008224,4,1.0,PFOSA,0.617575168,5.27238850542003e-05,True,up
WBGene00001207,4,1.0,PFOSA,0.377271626,5.78382032807578e-05,True,up
WBGene00016046,4,1.0,PFOSA,1.031646516,5.87000970456519e-05,True,up
WBGene00003562,4,1.0,PFOSA,1.988258961,5.95344165309645e-05,True,up
WBGene00017894,4,0.7666666666666667,PFOSA,0.656873795,6.03402665228142e-05,True,up
WBGene00012644,4,0.7333333333333333,PFOSA,0.474773918,6.09875343257936e-05,True,up
WBGene00009221,4,1.0,PFOSA,2.613837603,6.10004631160448e-05,True,up
WBGene00012332,4,1.0,PFOSA,0.694863826,6.19969078188828e-05,True,up
WBGene00003575,4,1.0,PFOSA,0.701193152,6.25969877437692e-05,True,up
WBGene00015704,4,0.5666666666666667,PFOSA,0.446956457,6.46465061739441e-05,True,up
WBGene00011644,4,1.0,PFOSA,0.65805809,6.69269581001877e-05,True,up
WBGene00007772,4,0.5666666666666667,PFOSA,0.339027388,6.75177073217458e-05,True,up
WBGene00020777,4,1.0,PFOSA,0.689101925,7.00427198527004e-05,True,up
WBGene00000169,4,1.0,PFOSA,0.795611772,7.01062468481684e-05,True,up
WBGene00007980,4,0.9666666666666667,PFOSA,0.282924186,7.54019741144596e-05,True,up
WBGene00007260,4,1.0,PFOSA,0.920660692,7.64032050507954e-05,True,up
WBGene00010700,4,0.9,PFOSA,0.485889921,7.75926775374228e-05,True,up
WBGene00009387,4,1.0,PFOSA,0.820600838,8.30988855569888e-05,True,up
WBGene00001535,4,1.0,PFOSA,0.918126242,8.31362659084006e-05,True,up
WBGene00016540,4,0.5666666666666667,PFOSA,0.457055124,8.35180880661294e-05,True,up
WBGene00018281,4,0.5333333333333333,PFOSA,0.523414473,8.50674264561709e-05,True,up
WBGene00017299,4,0.7,PFOSA,0.595242582,9.03490061867406e-05,True,up
WBGene00007553,4,0.6666666666666666,PFOSA,0.493988524,9.26503222577337e-05,True,up
WBGene00017653,4,1.0,PFOSA,0.586385829,9.28132427333346e-05,True,up
WBGene00009547,4,1.0,PFOSA,0.759551311,9.55326534703171e-05,True,up
WBGene00003978,4,0.9666666666666667,PFOSA,0.397726779,9.662566229416e-05,True,up
WBGene00019840,4,1.0,PFOSA,0.796353142,9.69544195507143e-05,True,up
WBGene00001748,4,0.8,PFOSA,0.212421064,9.93639602003002e-05,True,up
WBGene00002086,4,0.9333333333333333,PFOSA,0.875017568,9.98654860593988e-05,True,up
WBGene00011279,4,1.0,PFOSA,0.403932389,0.000102367,True,up
WBGene00012389,4,0.9666666666666667,PFOSA,0.316890906,0.00010612,True,up
WBGene00007054,4,1.0,PFOSA,0.392927023,0.00010619,True,up
WBGene00015204,4,0.5333333333333333,PFOSA,0.36397699,0.000108592,True,up
WBGene00004897,4,1.0,PFOSA,0.26124692,0.000109096,True,up
WBGene00012282,4,0.9333333333333333,PFOSA,0.868023255,0.000110415,True,up
WBGene00020555,4,0.6333333333333333,PFOSA,1.596192846,0.000112494,True,up
WBGene00004949,4,0.9666666666666667,PFOSA,0.332762199,0.000117325,True,up
WBGene00001608,4,1.0,PFOSA,1.88525766,0.00011832,True,up
WBGene00009100,4,1.0,PFOSA,0.341713349,0.000125933,True,up
WBGene00007295,4,0.9,PFOSA,0.930930437,0.000129027,True,up
WBGene00012116,4,0.7333333333333333,PFOSA,0.832010763,0.000133269,True,up
WBGene00019628,4,1.0,PFOSA,0.29221674,0.000146005,True,up
WBGene00012643,4,0.6,PFOSA,0.338213947,0.000146888,True,up
WBGene00009974,4,0.9666666666666667,PFOSA,0.474092591,0.000148793,True,up
WBGene00017814,4,0.9333333333333333,PFOSA,0.810033915,0.00015118,True,up
WBGene00007892,4,0.6333333333333333,PFOSA,0.438698185,0.000155995,True,up
WBGene00014198,4,1.0,PFOSA,0.877386897,0.000160917,True,up
WBGene00009953,4,1.0,PFOSA,0.475305527,0.000161708,True,up
WBGene00018265,4,0.9666666666666667,PFOSA,0.472361127,0.000165864,True,up
WBGene00010188,4,0.6333333333333333,PFOSA,0.582874774,0.000166018,True,up
WBGene00019697,4,0.9666666666666667,PFOSA,0.234048612,0.000186311,True,up
WBGene00004345,4,1.0,PFOSA,0.412385,0.000197625,True,up
WBGene00195183,4,1.0,PFOSA,1.551749494,0.000210605,True,up
WBGene00015508,4,0.7666666666666667,PFOSA,0.378349255,0.000212558,True,up
WBGene00002240,4,1.0,PFOSA,0.4123547,0.000213319,True,up
WBGene00000911,4,1.0,PFOSA,0.25250702,0.000217687,True,up
WBGene00016454,4,0.5333333333333333,PFOSA,0.298489473,0.000219153,True,up
WBGene00001193,4,1.0,PFOSA,0.402198692,0.000219794,True,up
WBGene00014066,4,1.0,PFOSA,0.299006255,0.000223523,True,up
WBGene00009121,4,0.6666666666666666,PFOSA,0.458267981,0.000225918,True,up
WBGene00000530,4,0.9,PFOSA,0.53565772,0.000243832,True,up
WBGene00007075,4,0.9,PFOSA,0.47069558,0.000245525,True,up
WBGene00086553,4,0.5333333333333333,PFOSA,1.23562432,0.000249034,True,up
WBGene00011146,4,1.0,PFOSA,0.550356249,0.00026367,True,up
WBGene00004128,4,1.0,PFOSA,0.29435254,0.000276189,True,up
WBGene00021490,4,0.8,PFOSA,0.897823379,0.000300243,True,up
WBGene00006578,4,1.0,PFOSA,0.463384022,0.000303927,True,up
WBGene00017545,4,0.5666666666666667,PFOSA,1.788822954,0.000304731,True,up
WBGene00001544,4,1.0,PFOSA,0.614519467,0.00032025,True,up
WBGene00015744,4,1.0,PFOSA,0.433776937,0.000326178,True,up
WBGene00014989,4,0.6,PFOSA,0.436482425,0.000338874,True,up
WBGene00016303,4,0.9666666666666667,PFOSA,1.193776075,0.00034211,True,up
WBGene00021693,4,1.0,PFOSA,0.646260148,0.000342138,True,up
WBGene00003966,4,1.0,PFOSA,0.425584424,0.000343123,True,up
WBGene00019614,4,0.5666666666666667,PFOSA,0.996600735,0.000355917,True,up
WBGene00007502,4,0.9666666666666667,PFOSA,0.670742853,0.000372601,True,up
WBGene00007480,4,0.6666666666666666,PFOSA,0.493281305,0.000392538,True,up
WBGene00004013,4,0.5666666666666667,PFOSA,0.378748506,0.000393628,True,up
WBGene00044508,4,1.0,PFOSA,0.412227759,0.000397239,True,up
WBGene00001081,4,1.0,PFOSA,0.296791412,0.000397239,True,up
WBGene00016919,4,1.0,PFOSA,0.753419671,0.000424843,True,up
WBGene00012703,4,1.0,PFOSA,0.660013813,0.000432907,True,up
WBGene00044509,4,0.9666666666666667,PFOSA,0.588383797,0.000440521,True,up
WBGene00002889,4,0.6333333333333333,PFOSA,0.283523086,0.000447173,True,up
WBGene00020427,4,0.7333333333333333,PFOSA,0.406650544,0.000467106,True,up
WBGene00008505,4,0.8666666666666667,PFOSA,0.259850504,0.000494898,True,up
WBGene00012194,4,0.5666666666666667,PFOSA,0.36759366,0.000504218,True,up
WBGene00017762,4,1.0,PFOSA,0.659845995,0.000534926,True,up
WBGene00020209,4,1.0,PFOSA,0.286085761,0.000551858,True,up
WBGene00006767,4,0.5666666666666667,PFOSA,0.342327683,0.000552114,True,up
WBGene00002245,4,0.9333333333333333,PFOSA,0.235740159,0.000574031,True,up
WBGene00013692,4,1.0,PFOSA,0.3912108,0.000594742,True,up
WBGene00018075,4,0.7,PFOSA,0.249600686,0.000644652,True,up
WBGene00006693,4,0.5333333333333333,PFOSA,0.466872773,0.000683451,True,up
WBGene00010365,4,0.9333333333333333,PFOSA,1.304206382,0.000684537,True,up
WBGene00303364,4,1.0,PFOSA,0.853074631,0.000684838,True,up
WBGene00006654,4,0.9,PFOSA,0.839607312,0.000696752,True,up
WBGene00020939,4,0.5666666666666667,PFOSA,0.617937034,0.000755662,True,up
WBGene00013756,4,0.9666666666666667,PFOSA,0.823881112,0.000770987,True,up
WBGene00017411,4,1.0,PFOSA,0.847923558,0.000834027,True,up
WBGene00012585,4,1.0,PFOSA,1.474252439,0.000837538,True,up
WBGene00016865,4,1.0,PFOSA,0.543993072,0.000855393,True,up
WBGene00003003,4,0.6333333333333333,PFOSA,0.252605356,0.000855499,True,up
WBGene00002997,4,1.0,PFOSA,0.376213624,0.000873089,True,up
WBGene00011251,4,0.5333333333333333,PFOSA,0.690077055,0.000902815,True,up
WBGene00010010,4,0.9,PFOSA,0.558229562,0.001029747,True,up
WBGene00022749,4,0.5666666666666667,PFOSA,0.306852924,0.001067876,True,up
WBGene00010990,4,0.5666666666666667,PFOSA,0.220159397,0.001116275,True,up
WBGene00008206,4,1.0,PFOSA,0.339743814,0.001204722,True,up
WBGene00019665,4,1.0,PFOSA,0.632649521,0.001205505,True,up
WBGene00009738,4,0.6,PFOSA,0.413675841,0.001249045,True,up
WBGene00006450,4,0.9666666666666667,PFOSA,0.222199024,0.001459459,True,up
WBGene00010264,4,0.9333333333333333,PFOSA,0.348282433,0.001472125,True,up
WBGene00013805,4,1.0,PFOSA,0.250368748,0.001614032,True,up
WBGene00002990,4,0.5666666666666667,PFOSA,0.281935861,0.001646603,True,up
WBGene00007193,4,0.9333333333333333,PFOSA,0.303177657,0.001648312,True,up
WBGene00004284,4,0.5333333333333333,PFOSA,0.220569476,0.001782017,True,up
WBGene00006716,4,0.9333333333333333,PFOSA,0.685070091,0.001788484,True,up
WBGene00045336,4,0.9666666666666667,PFOSA,0.568801188,0.001869243,True,up
WBGene00011698,4,0.9333333333333333,PFOSA,0.862724527,0.001893666,True,up
WBGene00012387,4,0.9333333333333333,PFOSA,0.604743227,0.001926496,True,up
WBGene00013694,4,1.0,PFOSA,0.262937359,0.001931418,True,up
WBGene00020248,4,1.0,PFOSA,0.572943873,0.002007447,True,up
WBGene00019289,4,0.9666666666666667,PFOSA,0.318519925,0.002097155,True,up
WBGene00009296,4,1.0,PFOSA,1.20648415,0.002193779,True,up
WBGene00020007,4,0.7666666666666667,PFOSA,0.801035248,0.002542241,True,up
WBGene00022197,4,0.9,PFOSA,0.602120711,0.002590289,True,up
WBGene00011587,4,0.9666666666666667,PFOSA,0.710258772,0.003077466,True,up
WBGene00008315,4,0.5666666666666667,PFOSA,0.675018554,0.003107211,True,up
WBGene00016596,4,0.5666666666666667,PFOSA,1.097576747,0.003236034,True,up
WBGene00003038,4,0.9666666666666667,PFOSA,0.365015167,0.003324674,True,up
WBGene00000510,4,1.0,PFOSA,0.305394784,0.003433426,True,up
WBGene00016293,4,0.6666666666666666,PFOSA,0.782054828,0.003506359,True,up
WBGene00010642,4,1.0,PFOSA,0.487421458,0.003746709,True,up
WBGene00007408,4,1.0,PFOSA,0.727100226,0.00382796,True,up
WBGene00007722,4,1.0,PFOSA,0.570754879,0.004234025,True,up
WBGene00003698,4,1.0,PFOSA,0.576246218,0.004240229,True,up
WBGene00011263,4,0.6666666666666666,PFOSA,0.519167362,0.004313242,True,up
WBGene00009667,4,0.5666666666666667,PFOSA,0.264960544,0.004446388,True,up
WBGene00044553,4,1.0,PFOSA,0.475067636,0.00501123,True,up
WBGene00014074,4,1.0,PFOSA,0.399850417,0.005077471,True,up
WBGene00017066,4,0.8666666666666667,PFOSA,0.190164953,0.005118352,True,up
WBGene00012128,4,1.0,PFOSA,0.640641892,0.005163133,True,up
WBGene00014226,4,0.5666666666666667,PFOSA,0.370946066,0.005306108,True,up
WBGene00010790,4,0.9666666666666667,PFOSA,1.323863412,0.005803515,True,up
WBGene00001547,4,0.9666666666666667,PFOSA,0.469856902,0.006649408,True,up
WBGene00000678,4,1.0,PFOSA,1.433076174,0.00782974,True,up
WBGene00014159,4,0.6333333333333333,PFOSA,0.360585777,0.007959897,True,up
WBGene00012193,4,0.9,PFOSA,0.28652147,0.008042453,True,up
WBGene00020225,4,0.5333333333333333,PFOSA,1.158119485,0.009945248,True,up
WBGene00018355,4,0.5666666666666667,PFOSA,0.483361956,0.011776075,True,up
WBGene00020096,4,0.9,PFOSA,0.220079447,0.013441208,True,up
WBGene00018706,4,0.9666666666666667,PFOSA,1.004588056,0.013752383,True,up
WBGene00007469,4,0.9333333333333333,PFOSA,0.852499676,0.014145102,True,up
WBGene00007470,4,0.6333333333333333,PFOSA,0.725244558,0.01488754,True,up
WBGene00013093,4,1.0,PFOSA,0.294566198,0.015946219,True,up
WBGene00006949,4,1.0,PFOSA,0.269592098,0.01700616,True,up
WBGene00000797,4,0.6666666666666666,PFOSA,0.53992211,0.026057287,True,up
WBGene00012435,4,0.9,PFOSA,0.392513555,0.03374705,True,up
WBGene00016985,4,0.5333333333333333,PFOSA,0.752395093,0.039469669,True,up
