WB_id,consensus_module,consensus_strength,chemical,logFC,FDR,is_detected,direction
WBGene00011673,1,0.6,PFOS,8.69891402252418,2.19331115003797e-27,True,up
WBGene00010904,1,0.9666666666666667,PFOS,3.80272118829029,4.06451738408006e-26,True,up
WBGene00018206,1,0.9666666666666667,PFOS,4.91000177164173,7.577400907631341e-25,True,up
WBGene00000372,1,0.9666666666666667,PFOS,9.56997458188962,1.74410280458749e-22,True,up
WBGene00019515,1,0.9333333333333333,PFOS,4.36248550996964,6.93632402873221e-22,True,up
WBGene00018913,1,1.0,PFOS,11.2527505787342,1.01898688770956e-20,True,up
WBGene00000412,1,0.9666666666666667,PFOS,4.25242496898274,1.5557287322158e-20,True,up
WBGene00021567,1,1.0,PFOS,11.7211031320085,2.49110357321601e-20,True,up
WBGene00017244,1,0.9666666666666667,PFOS,2.7453432007508,5.12816051457902e-20,True,up
WBGene00011800,1,0.9666666666666667,PFOS,4.18583401912838,3.6418983592445e-19,True,up
WBGene00020592,1,0.9666666666666667,PFOS,1.70848568880242,6.726394587067931e-19,True,up
WBGene00003995,1,0.9666666666666667,PFOS,2.55543879902731,1.2961954867970299e-18,True,up
WBGene00019886,1,0.9666666666666667,PFOS,7.3530167163303,1.64167956817936e-16,True,up
WBGene00022261,1,0.9666666666666667,PFOS,2.6885298196373,8.55750596777564e-15,True,up
WBGene00019968,1,0.6,PFOS,4.02105204268227,3.06353504130537e-14,True,up
WBGene00016340,1,0.9666666666666667,PFOS,6.02969934529369,4.72706091254223e-14,True,up
WBGene00008043,1,0.9666666666666667,PFOS,2.35444429431723,2.63573515204138e-13,True,up
WBGene00044811,1,0.9333333333333333,PFOS,2.65999989282495,4.57644146845067e-13,True,up
WBGene00007073,1,0.8666666666666667,PFOS,1.88828970346967,4.39059761443636e-12,True,up
WBGene00002260,1,0.9,PFOS,2.76475574025881,5.17220247737686e-12,True,up
WBGene00004003,1,0.9666666666666667,PFOS,1.52337097520549,7.50568300509997e-12,True,up
WBGene00007946,1,0.9666666666666667,PFOS,4.12933922348278,1.03898955975386e-10,True,up
WBGene00011676,1,1.0,PFOS,1.32983819267789,2.12617136414948e-10,True,up
WBGene00010470,1,0.9333333333333333,PFOS,1.95428163698318,5.53747895035435e-10,True,up
WBGene00009165,1,1.0,PFOS,1.01370812624564,1.41656131512528e-08,True,up
WBGene00009048,1,0.9,PFOS,-1.3329832727001,2.48497548747878e-08,True,down
WBGene00013901,1,0.9666666666666667,PFOS,1.87650432686572,3.41884251357822e-08,True,up
WBGene00008810,1,0.9666666666666667,PFOS,2.31629337970954,5.1208120806639e-08,True,up
WBGene00015693,1,1.0,PFOS,1.38844015139965,2.86259670011367e-07,True,up
WBGene00019089,1,0.9666666666666667,PFOS,3.65308320734836,3.14530264536298e-07,True,up
WBGene00007331,1,1.0,PFOS,-0.897384178483835,9.33276970011337e-07,True,down
WBGene00008296,1,0.8666666666666667,PFOS,1.08860098314751,1.47195566362248e-06,True,up
WBGene00019100,1,0.9666666666666667,PFOS,1.38176913326546,4.74022066133528e-06,True,up
WBGene00009706,1,0.9666666666666667,PFOS,-2.40262818439311,4.86611656944006e-06,True,down
WBGene00001754,1,0.9666666666666667,PFOS,1.07017570764781,7.24696084707543e-06,True,up
WBGene00019164,1,1.0,PFOS,0.546087521165218,1.91232801630762e-05,True,up
WBGene00011675,1,0.9333333333333333,PFOS,2.27841966791579,2.28187328893228e-05,True,up
WBGene00004990,1,0.9,PFOS,-0.482623803891714,2.42771850922515e-05,True,down
WBGene00015087,1,0.9666666666666667,PFOS,0.797015459982246,3.24460403760091e-05,True,up
WBGene00010238,1,1.0,PFOS,0.899467350509774,0.0002939740961851,True,up
WBGene00002056,1,1.0,PFOS,-0.407293631872026,0.0002939740961851,True,down
WBGene00022076,1,1.0,PFOS,-0.796420117754629,0.0003171768273624,True,down
WBGene00013284,1,1.0,PFOS,0.535583175935181,0.0003291258153479,True,up
WBGene00007364,1,0.9666666666666667,PFOS,3.54441564210003,0.0005322081392347,True,up
WBGene00006636,1,1.0,PFOS,-0.450348737240939,0.0008494566108359,True,down
WBGene00008874,1,0.9666666666666667,PFOS,1.24586979247054,0.0010919923397023,True,up
WBGene00007068,1,0.9666666666666667,PFOS,0.464755938661042,0.0011590693535609,True,up
WBGene00007848,1,0.9666666666666667,PFOS,0.407836582055407,0.0012952537845947,True,up
WBGene00013176,1,1.0,PFOS,0.395741367700181,0.0013195122723535,True,up
WBGene00022252,1,1.0,PFOS,0.49171119202941,0.0013296155394601,True,up
WBGene00001753,1,0.8666666666666667,PFOS,1.44651300339044,0.0023676468969608,True,up
WBGene00020394,1,1.0,PFOS,1.2563891381673,0.0024329987176173,True,up
WBGene00021873,1,0.9,PFOS,-1.12624003855871,0.0024926979968768,True,down
WBGene00019660,1,1.0,PFOS,0.952294363969329,0.002712477317616,True,up
WBGene00016425,1,0.9666666666666667,PFOS,1.12407200687623,0.0027215633480855,True,up
WBGene00007404,1,0.5,PFOS,-1.16898408032702,0.0027698321830596,True,down
WBGene00004059,1,0.9666666666666667,PFOS,0.306456439426273,0.0028511829637206,True,up
WBGene00020938,1,1.0,PFOS,-0.823845457908137,0.0031262976988728,True,down
WBGene00015449,1,1.0,PFOS,0.948307928673139,0.0031879479814526,True,up
WBGene00002008,1,1.0,PFOS,0.38184874776123,0.0036543850893358,True,up
WBGene00009259,1,0.6666666666666666,PFOS,0.283836850397503,0.0041677252613271,True,up
WBGene00019730,1,1.0,PFOS,-0.581498482423839,0.004776110421394,True,down
WBGene00004999,1,1.0,PFOS,-0.402547042136407,0.0048462254085073,True,down
WBGene00000281,1,1.0,PFOS,0.326547254573086,0.0048732594626647,True,up
WBGene00007650,1,0.9,PFOS,-0.277241976460271,0.0071093855304609,True,down
WBGene00021895,1,1.0,PFOS,-0.369432690843976,0.0093307214977297,True,down
WBGene00016649,1,1.0,PFOS,0.580475569893344,0.0100097349391208,True,up
WBGene00019073,1,1.0,PFOS,0.576491934745784,0.0105512471230561,True,up
WBGene00270321,1,0.9666666666666667,PFOS,1.22427288343569,0.0106461134952841,True,up
WBGene00017727,1,1.0,PFOS,-0.286473445989388,0.0106461134952841,True,down
WBGene00018333,1,0.9333333333333333,PFOS,1.03340599008591,0.0109278419200819,True,up
WBGene00016646,1,1.0,PFOS,0.51794838955993,0.0113418033349677,True,up
WBGene00010660,1,0.8666666666666667,PFOS,0.422803204850461,0.011546067279515,True,up
WBGene00007228,1,0.9666666666666667,PFOS,0.716011006897562,0.0123166944738074,True,up
WBGene00008797,1,0.9,PFOS,1.09296706605064,0.0142628791358626,True,up
WBGene00019599,1,0.6333333333333333,PFOS,0.414339504049906,0.0159942881155,True,up
WBGene00016647,1,1.0,PFOS,0.537443411197655,0.0165146913312778,True,up
WBGene00013594,1,0.9666666666666667,PFOS,0.625767040049699,0.0165796225030018,True,up
WBGene00008809,1,0.8666666666666667,PFOS,1.48057827838385,0.0170735167618326,True,up
WBGene00017332,1,0.9,PFOS,0.787495869355557,0.0170781966128743,True,up
WBGene00003091,1,1.0,PFOS,0.686738627650245,0.01730481779269,True,up
WBGene00008462,1,0.9,PFOS,-1.51172519712088,0.0176746853131513,True,down
WBGene00019895,1,1.0,PFOS,-0.408192594084992,0.0178328310263249,True,down
WBGene00008794,1,1.0,PFOS,0.90291984553783,0.0190777006001023,True,up
WBGene00003507,1,0.9666666666666667,PFOS,-0.389887113411592,0.0197641148184327,True,down
WBGene00016450,1,1.0,PFOS,-0.427078708512296,0.0224283279658662,True,down
WBGene00000799,1,1.0,PFOS,0.556807997020674,0.0225482644696677,True,up
WBGene00013541,1,0.9666666666666667,PFOS,0.442071952268818,0.0235016341979913,True,up
WBGene00018860,1,0.9666666666666667,PFOS,0.3154792512995,0.0245934977710791,True,up
WBGene00008634,1,0.9666666666666667,PFOS,-0.573710579486328,0.0251922791831176,True,down
WBGene00002054,1,0.9666666666666667,PFOS,-0.434493564964126,0.0257084592598133,True,down
WBGene00018912,1,0.9666666666666667,PFOS,2.62823613588833,0.0273744251802477,True,up
WBGene00016648,1,1.0,PFOS,0.552422623152565,0.0273744251802477,True,up
WBGene00011094,1,0.5666666666666667,PFOS,-0.378162972041543,0.03049184930318,True,down
WBGene00000981,1,0.9,PFOS,0.576798277391292,0.0361080825094391,True,up
WBGene00012293,1,0.9666666666666667,PFOS,1.73831818911018,0.0366983611896382,True,up
WBGene00008538,1,1.0,PFOS,-0.813019306050951,0.0366983611896382,True,down
WBGene00017123,1,0.8666666666666667,PFOS,0.437007152238707,0.0408772529748211,True,up
WBGene00006493,1,0.9666666666666667,PFOS,-0.21715434669237,0.0500463289766574,False,down
WBGene00012911,1,0.9666666666666667,PFOS,0.343141674780647,0.0531998229260284,False,up
WBGene00011122,1,0.6666666666666666,PFOS,0.195419240459192,0.0567506844568929,False,up
WBGene00011830,1,1.0,PFOS,0.370562803243733,0.0570650848550548,False,up
WBGene00022661,1,0.9666666666666667,PFOS,1.12932037034101,0.0582482169199372,False,up
WBGene00015887,1,1.0,PFOS,0.347040207073706,0.0582482169199372,False,up
WBGene00018760,1,0.5666666666666667,PFOS,0.555961854612184,0.0604509992774887,False,up
WBGene00002055,1,1.0,PFOS,-0.669466085904573,0.0611394657483911,False,down
WBGene00017751,1,1.0,PFOS,-1.86983361132938,0.0682416408657754,False,down
WBGene00010515,1,1.0,PFOS,-0.510568875171314,0.0685563521929222,False,down
WBGene00017818,1,1.0,PFOS,-0.444529680255431,0.0697629989339656,False,down
WBGene00003233,1,0.6333333333333333,PFOS,-0.2442666580175,0.0734692491540612,False,down
WBGene00235114,1,1.0,PFOS,0.73386964978035,0.0748629341311881,False,up
WBGene00044396,1,0.9666666666666667,PFOS,0.416327694715654,0.0757440755626174,False,up
WBGene00001034,1,1.0,PFOS,0.159718613756709,0.0814552338742899,False,up
WBGene00005004,1,0.9,PFOS,-0.778322948486124,0.0839758633385091,False,down
WBGene00000216,1,0.9666666666666667,PFOS,0.201585228842876,0.0865329536817699,False,up
WBGene00003711,1,1.0,PFOS,0.432147790776929,0.0871104561945696,False,up
WBGene00010901,1,0.9,PFOS,-0.236391802155994,0.0871104561945696,False,down
WBGene00003828,1,1.0,PFOS,-0.517089550784411,0.0871104561945696,False,down
WBGene00013875,1,0.9333333333333333,PFOS,0.7559213539487,0.087452105054516,False,up
WBGene00009450,1,1.0,PFOS,0.343837789269224,0.0881254100331974,False,up
WBGene00021566,1,1.0,PFOS,1.93119858017556,0.0975448477920161,False,up
WBGene00009488,1,1.0,PFOS,-1.18631428842024,0.0987682276014694,False,down
WBGene00008654,1,0.9666666666666667,PFOS,-0.365780100400406,0.102545300789591,False,down
WBGene00010928,1,0.6333333333333333,PFOS,-1.57909563130605,0.102620497059092,False,down
WBGene00016610,1,0.9,PFOS,0.283259189928629,0.121342097485813,False,up
WBGene00017012,1,1.0,PFOS,0.387241153856633,0.124236554497429,False,up
WBGene00016998,1,1.0,PFOS,0.668544044813473,0.126148377384931,False,up
WBGene00002097,1,0.9666666666666667,PFOS,0.62490820710009,0.126779637643202,False,up
WBGene00000996,1,0.5666666666666667,PFOS,0.239117581259699,0.126779637643202,False,up
WBGene00002855,1,1.0,PFOS,0.175371375123423,0.129326767678946,False,up
WBGene00013035,1,1.0,PFOS,-0.249589057781066,0.141314089229205,False,down
WBGene00002137,1,1.0,PFOS,-0.163778372655014,0.144862809422228,False,down
WBGene00007819,1,1.0,PFOS,0.412046437224522,0.145951002408226,False,up
WBGene00009526,1,0.9666666666666667,PFOS,1.25591095805133,0.150836575761129,False,up
WBGene00206354,1,1.0,PFOS,-0.712998717622098,0.150836575761129,False,down
WBGene00013358,1,1.0,PFOS,0.199944440676283,0.155321714477281,False,up
WBGene00003773,1,0.9,PFOS,0.223961740448773,0.155457807804089,False,up
WBGene00017151,1,1.0,PFOS,0.370026945029067,0.155794216348541,False,up
WBGene00019279,1,1.0,PFOS,-0.309841945707617,0.155794216348541,False,down
WBGene00015098,1,1.0,PFOS,-0.880081265395727,0.155794216348541,False,down
WBGene00016663,1,0.5333333333333333,PFOS,0.295152576598228,0.156083020651445,False,up
WBGene00016939,1,1.0,PFOS,0.442495180834238,0.15759826234087,False,up
WBGene00015426,1,0.7,PFOS,1.11535091670593,0.158663060902332,False,up
WBGene00020128,1,0.8666666666666667,PFOS,0.575951900213681,0.158874893598866,False,up
WBGene00018424,1,1.0,PFOS,-0.772218132972379,0.169461229521748,False,down
WBGene00015333,1,0.9666666666666667,PFOS,0.60281433125765,0.17366145991139,False,up
WBGene00005712,1,0.9666666666666667,PFOS,0.275733202241688,0.185133923247062,False,up
WBGene00008596,1,0.9,PFOS,-0.498285734960982,0.185133923247062,False,down
WBGene00010471,1,0.9666666666666667,PFOS,0.173905249487673,0.187673588391171,False,up
WBGene00015280,1,0.5333333333333333,PFOS,-0.209096110868195,0.188121876998471,False,down
WBGene00007431,1,0.9333333333333333,PFOS,-0.373523605590238,0.188121876998471,False,down
WBGene00004191,1,0.9333333333333333,PFOS,0.292732363730263,0.18881569043804,False,up
WBGene00044001,1,0.9,PFOS,-0.717962262018945,0.18881569043804,False,down
WBGene00012149,1,0.9,PFOS,-0.353020342921396,0.191130679603855,False,down
WBGene00011936,1,1.0,PFOS,-0.183549747398557,0.196588298338542,False,down
WBGene00006886,1,1.0,PFOS,-0.402863662690156,0.199231855469151,False,down
WBGene00016957,1,1.0,PFOS,-0.345382170635747,0.207670909662946,False,down
WBGene00017688,1,0.9,PFOS,-0.359214714718662,0.207670909662946,False,down
WBGene00001767,1,1.0,PFOS,-0.620413875731372,0.207670909662946,False,down
WBGene00021582,1,1.0,PFOS,1.19064304465211,0.208834976859166,False,up
WBGene00013261,1,0.9333333333333333,PFOS,0.301683802498513,0.208834976859166,False,up
WBGene00016756,1,0.9,PFOS,-0.421692549958198,0.232623590323998,False,down
WBGene00044073,1,0.5333333333333333,PFOS,0.50118907796243,0.233786615908499,False,up
WBGene00004007,1,1.0,PFOS,-1.20160290899192,0.246962164653016,False,down
WBGene00018990,1,1.0,PFOS,0.263188667624762,0.249465433868228,False,up
WBGene00016781,1,1.0,PFOS,-0.287284952540798,0.255031200528749,False,down
WBGene00009124,1,1.0,PFOS,0.278034561173917,0.262187561233338,False,up
WBGene00004193,1,1.0,PFOS,0.265604766154186,0.277194054128666,False,up
WBGene00008425,1,1.0,PFOS,-0.376408308684315,0.284189711188017,False,down
WBGene00001500,1,1.0,PFOS,-0.519516262148112,0.30239565892864,False,down
WBGene00006658,1,1.0,PFOS,-0.643302732173064,0.307117723292937,False,down
WBGene00022891,1,1.0,PFOS,0.73960933699277,0.31361223579051,False,up
WBGene00019803,1,0.9666666666666667,PFOS,0.328306400557086,0.31361223579051,False,up
WBGene00022260,1,1.0,PFOS,0.304749331329979,0.314629211032981,False,up
WBGene00009824,1,1.0,PFOS,-0.696406871293585,0.317477846902072,False,down
WBGene00008300,1,0.7333333333333333,PFOS,0.424007263808538,0.31856543902233,False,up
WBGene00000781,1,1.0,PFOS,0.423165955781058,0.326051561466164,False,up
WBGene00020834,1,0.9,PFOS,0.846922309382947,0.33095279657884,False,up
WBGene00019619,1,0.7,PFOS,-0.517900138092758,0.342116303888201,False,down
WBGene00008575,1,1.0,PFOS,1.03143243081412,0.343040233164867,False,up
WBGene00008094,1,0.9666666666666667,PFOS,0.165122542348896,0.345154281535546,False,up
WBGene00020082,1,1.0,PFOS,-0.154285234421243,0.345609887882673,False,down
WBGene00194926,1,0.9666666666666667,PFOS,0.842250652394938,0.347087306945172,False,up
WBGene00020989,1,1.0,PFOS,0.254406730229784,0.34877199901375,False,up
WBGene00020589,1,0.9666666666666667,PFOS,-0.282730838719008,0.353057333648115,False,down
WBGene00008170,1,0.9666666666666667,PFOS,-0.526711676748845,0.353057333648115,False,down
WBGene00006751,1,1.0,PFOS,0.133946591715805,0.370470204704645,False,up
WBGene00043062,1,1.0,PFOS,-0.3850658784748,0.378243148734944,False,down
WBGene00018587,1,0.9333333333333333,PFOS,0.299508866547342,0.379270346966524,False,up
WBGene00003627,1,0.9666666666666667,PFOS,0.156475649394623,0.380762196021342,False,up
WBGene00012533,1,1.0,PFOS,-0.471631847921703,0.380762196021342,False,down
WBGene00014113,1,1.0,PFOS,-0.358833242835437,0.401672527576194,False,down
WBGene00044588,1,0.6,PFOS,0.542521522553088,0.4021070728191,False,up
WBGene00018113,1,0.9666666666666667,PFOS,0.588159085887266,0.402292115995106,False,up
WBGene00001960,1,0.9,PFOS,0.682193410319806,0.403281566654634,False,up
WBGene00008798,1,0.6,PFOS,0.59558229966864,0.410262378085238,False,up
WBGene00003474,1,1.0,PFOS,1.0794297600996,0.41796998390578,False,up
WBGene00001392,1,0.8666666666666667,PFOS,-0.300908716687005,0.418602632517525,False,down
WBGene00011209,1,1.0,PFOS,-0.804100345890035,0.42209222579354,False,down
WBGene00007726,1,0.5333333333333333,PFOS,-0.607236297144759,0.425887499738794,False,down
WBGene00015162,1,0.9333333333333333,PFOS,0.174493250461382,0.436865830273426,False,up
WBGene00008694,1,0.9333333333333333,PFOS,0.181133433096236,0.445260026793422,False,up
WBGene00008564,1,1.0,PFOS,0.200675076239168,0.452515644648568,False,up
WBGene00017027,1,0.7,PFOS,0.530792377930719,0.453566841987974,False,up
WBGene00004886,1,0.7,PFOS,-0.238467426642043,0.454059519405873,False,down
WBGene00012664,1,1.0,PFOS,-1.01331048633244,0.466900337209138,False,down
WBGene00009635,1,1.0,PFOS,-0.217749402373366,0.475536999712011,False,down
WBGene00004986,1,1.0,PFOS,-0.280911888526772,0.481379985007837,False,down
WBGene00194908,1,0.9666666666666667,PFOS,0.362808613958569,0.483596762800889,False,up
WBGene00010514,1,0.8666666666666667,PFOS,-0.58603018656446,0.49274794943555,False,down
WBGene00021028,1,1.0,PFOS,-0.731542722885467,0.509599505763861,False,down
WBGene00044807,1,0.9333333333333333,PFOS,-0.962577649801512,0.514988701929405,False,down
WBGene00009255,1,1.0,PFOS,1.70619673476112,0.52054872010053,False,up
WBGene00017443,1,0.9666666666666667,PFOS,0.327475794523279,0.521822988531044,False,up
WBGene00016451,1,1.0,PFOS,-0.799215604188148,0.522435294169158,False,down
WBGene00014092,1,1.0,PFOS,0.264096483221775,0.524122378925184,False,up
WBGene00009146,1,0.6333333333333333,PFOS,-0.44238927244811,0.524122378925184,False,down
WBGene00044455,1,0.9,PFOS,-0.45066038085053,0.525345602445571,False,down
WBGene00020047,1,0.9666666666666667,PFOS,0.42077846747571,0.537855254057038,False,up
WBGene00008577,1,0.6,PFOS,0.435873087966159,0.538093844372954,False,up
WBGene00019080,1,0.9333333333333333,PFOS,0.844040760374038,0.538579590506233,False,up
WBGene00009648,1,1.0,PFOS,-0.269110515345618,0.53951361285905,False,down
WBGene00008500,1,0.8666666666666667,PFOS,0.485429330925729,0.541931305163674,False,up
WBGene00020972,1,0.6333333333333333,PFOS,0.280466014116325,0.544223108252658,False,up
WBGene00000991,1,1.0,PFOS,0.271085794113068,0.544223108252658,False,up
WBGene00021532,1,0.9666666666666667,PFOS,-0.176734015381866,0.544223108252658,False,down
WBGene00008542,1,0.6,PFOS,-0.250598483251983,0.544223108252658,False,down
WBGene00021602,1,1.0,PFOS,-0.633534337292045,0.544223108252658,False,down
WBGene00007465,1,0.9666666666666667,PFOS,0.411506792084709,0.54907003333139,False,up
WBGene00020365,1,1.0,PFOS,-0.433940599396486,0.551310708980668,False,down
WBGene00012968,1,1.0,PFOS,-0.247840896938672,0.563304555801478,False,down
WBGene00003717,1,1.0,PFOS,-1.10754796441519,0.568490734362119,False,down
WBGene00022125,1,0.9666666666666667,PFOS,0.337804669765127,0.574216874261466,False,up
WBGene00019458,1,1.0,PFOS,-0.33199919996077,0.576043532835396,False,down
WBGene00022469,1,1.0,PFOS,0.254959678329335,0.57883356176347,False,up
WBGene00019725,1,0.9,PFOS,0.203042570226551,0.57883356176347,False,up
WBGene00017200,1,1.0,PFOS,-0.878055895010647,0.57883356176347,False,down
WBGene00011860,1,1.0,PFOS,0.214393848792339,0.581303763110371,False,up
WBGene00009796,1,0.8666666666666667,PFOS,0.240979264815295,0.584794189293515,False,up
WBGene00011476,1,1.0,PFOS,-0.244327898195339,0.584794189293515,False,down
WBGene00012251,1,1.0,PFOS,-0.253440483096203,0.591842540273123,False,down
WBGene00000784,1,0.5,PFOS,-0.257221269531545,0.596855801698535,False,down
WBGene00016585,1,0.5333333333333333,PFOS,0.25788734051295,0.605885985431588,False,up
WBGene00004358,1,1.0,PFOS,-0.226871682853514,0.613599651358053,False,down
WBGene00045357,1,0.6333333333333333,PFOS,-0.382986424601923,0.613952329587372,False,down
WBGene00002118,1,0.5333333333333333,PFOS,-0.324227501568837,0.625136570151554,False,down
WBGene00004346,1,0.9333333333333333,PFOS,0.23240153805658,0.626869575560312,False,up
WBGene00013281,1,1.0,PFOS,0.900954599578557,0.630019228394126,False,up
WBGene00011399,1,0.6666666666666666,PFOS,-0.271898360888022,0.632530212575324,False,down
WBGene00019653,1,1.0,PFOS,-0.390160499014091,0.633323490798842,False,down
WBGene00001150,1,0.7333333333333333,PFOS,0.735337150176159,0.634908115121741,False,up
WBGene00001786,1,0.6333333333333333,PFOS,0.607288285955862,0.639549195227884,False,up
WBGene00003767,1,0.9,PFOS,-0.509080108987652,0.639549195227884,False,down
WBGene00009169,1,1.0,PFOS,-1.50024332665348,0.639549195227884,False,down
WBGene00000467,1,0.6,PFOS,-0.310998436283356,0.639885124991368,False,down
WBGene00007867,1,0.9666666666666667,PFOS,-0.558553855707279,0.639885124991368,False,down
WBGene00016577,1,1.0,PFOS,-0.854693190173551,0.644628864042498,False,down
WBGene00004944,1,0.9666666666666667,PFOS,0.211585284074825,0.645064013685561,False,up
WBGene00219274,1,0.9666666666666667,PFOS,0.846106620192852,0.646373780412557,False,up
WBGene00012391,1,1.0,PFOS,-0.44231753076545,0.646373780412557,False,down
WBGene00008519,1,1.0,PFOS,0.452208327491393,0.647057543775446,False,up
WBGene00019496,1,0.9666666666666667,PFOS,0.408865658536014,0.647637592801524,False,up
WBGene00003094,1,0.9,PFOS,-0.924313565183832,0.655569633571967,False,down
WBGene00018191,1,0.9666666666666667,PFOS,0.270525574481477,0.661574047400132,False,up
WBGene00011767,1,0.9666666666666667,PFOS,-0.166592956406981,0.669106519642978,False,down
WBGene00015509,1,1.0,PFOS,-0.146824937996677,0.670119567943942,False,down
WBGene00019393,1,1.0,PFOS,0.62750985144915,0.670245314950338,False,up
WBGene00011451,1,0.9,PFOS,-0.24650620424293,0.672803615600581,False,down
WBGene00007324,1,1.0,PFOS,0.268220915423523,0.676300974786724,False,up
WBGene00009886,1,0.9,PFOS,-0.123151392206617,0.676300974786724,False,down
WBGene00018280,1,1.0,PFOS,-0.269236419802033,0.677586743724514,False,down
WBGene00010630,1,0.9333333333333333,PFOS,0.228785704246448,0.68353641028987,False,up
WBGene00016782,1,0.9,PFOS,-0.284049718591635,0.687922879187867,False,down
WBGene00022200,1,0.6,PFOS,0.189989361906237,0.690575590749061,False,up
WBGene00011090,1,0.9666666666666667,PFOS,0.241228441499165,0.691645378779928,False,up
WBGene00045048,1,1.0,PFOS,0.671650537426982,0.691869089813938,False,up
WBGene00009396,1,0.9,PFOS,0.16897606925377,0.696932758062499,False,up
WBGene00022093,1,0.9,PFOS,-0.217384347983261,0.697782841881906,False,down
WBGene00015799,1,1.0,PFOS,0.855393531719171,0.699971930512245,False,up
WBGene00010354,1,0.9,PFOS,0.462037446956237,0.701130961710296,False,up
WBGene00007368,1,0.9333333333333333,PFOS,-0.429185589828477,0.701130961710296,False,down
WBGene00011362,1,0.9333333333333333,PFOS,0.579270397784554,0.701942499022475,False,up
WBGene00015277,1,0.9,PFOS,0.637118204585548,0.703559916248859,False,up
WBGene00018137,1,0.9,PFOS,-0.28685040009402,0.703559916248859,False,down
WBGene00000439,1,0.9666666666666667,PFOS,-0.265432141614464,0.707440481818456,False,down
WBGene00018229,1,1.0,PFOS,-0.650825604136205,0.710465003172178,False,down
WBGene00008167,1,1.0,PFOS,0.216666947177434,0.71274003420811,False,up
WBGene00001494,1,1.0,PFOS,0.128579630202134,0.716942791698991,False,up
WBGene00019060,1,0.9,PFOS,0.290696244001534,0.717954087530594,False,up
WBGene00000478,1,1.0,PFOS,0.142132262859348,0.722557153328526,False,up
WBGene00019314,1,0.9333333333333333,PFOS,-0.481006819565131,0.723131868808542,False,down
WBGene00013559,1,1.0,PFOS,0.478536926831956,0.723503405382482,False,up
WBGene00018279,1,1.0,PFOS,-0.430732639003008,0.728030098772164,False,down
WBGene00009394,1,1.0,PFOS,-0.145850576928669,0.738043069049854,False,down
WBGene00010275,1,0.9,PFOS,0.350644135124005,0.73846819867061,False,up
WBGene00009166,1,1.0,PFOS,-1.0571582862035,0.740099651971885,False,down
WBGene00017376,1,1.0,PFOS,-0.246089881335781,0.741970671763024,False,down
WBGene00018802,1,0.5666666666666667,PFOS,-0.142336583477647,0.744459742423802,False,down
WBGene00001746,1,0.9666666666666667,PFOS,0.115179482851794,0.753518925739028,False,up
WBGene00007138,1,1.0,PFOS,0.35439640175493,0.761877194981183,False,up
WBGene00000418,1,0.6666666666666666,PFOS,-0.182310377160644,0.761877194981183,False,down
WBGene00007130,1,0.8666666666666667,PFOS,0.28353192145008,0.762494564017065,False,up
WBGene00206384,1,1.0,PFOS,0.942045629561607,0.762681463241819,False,up
WBGene00008005,1,0.6333333333333333,PFOS,-0.326503226269545,0.765836975313606,False,down
WBGene00017024,1,0.9666666666666667,PFOS,1.46271062428254,0.76749901709395,False,up
WBGene00001761,1,1.0,PFOS,-0.259450474587853,0.77033022579961,False,down
WBGene00000564,1,0.9666666666666667,PFOS,0.0942799553621138,0.771959240040603,False,up
WBGene00006918,1,0.7666666666666667,PFOS,-0.127607357201732,0.778641041774442,False,down
WBGene00011330,1,0.9,PFOS,0.17462371932465,0.781207965143433,False,up
WBGene00003095,1,1.0,PFOS,-0.715411470201303,0.782628341584188,False,down
WBGene00020280,1,0.6666666666666666,PFOS,-0.271027780164151,0.78517830154391,False,down
WBGene00013611,1,0.9333333333333333,PFOS,0.743381030885463,0.790041851626209,False,up
WBGene00009423,1,0.5666666666666667,PFOS,0.44181051793187,0.790041851626209,False,up
WBGene00013419,1,0.9666666666666667,PFOS,-0.421862063844662,0.790041851626209,False,down
WBGene00010931,1,1.0,PFOS,-0.405729174291045,0.791213214092243,False,down
WBGene00044644,1,0.9666666666666667,PFOS,0.724797258420763,0.795512855667731,False,up
WBGene00016089,1,0.9666666666666667,PFOS,0.327119622433523,0.795512855667731,False,up
WBGene00004195,1,0.8,PFOS,0.173097210955651,0.795512855667731,False,up
WBGene00004988,1,0.6,PFOS,-0.227149575091323,0.795512855667731,False,down
WBGene00017717,1,0.5,PFOS,0.264151937991363,0.798281711307461,False,up
WBGene00044440,1,0.6,PFOS,0.142826620940156,0.802543435168752,False,up
WBGene00003688,1,0.9666666666666667,PFOS,0.262378519780594,0.805352075851472,False,up
WBGene00013019,1,0.9666666666666667,PFOS,-0.256386907790371,0.815000675183356,False,down
WBGene00020509,1,0.5666666666666667,PFOS,0.171135421493147,0.82109366131076,False,up
WBGene00011926,1,0.9666666666666667,PFOS,-0.465741780484537,0.825022755814515,False,down
WBGene00010031,1,1.0,PFOS,-0.572495516408227,0.825022755814515,False,down
WBGene00019225,1,1.0,PFOS,0.200121247917069,0.827112135429054,False,up
WBGene00015080,1,0.9,PFOS,-0.466240329495492,0.827663677550986,False,down
WBGene00011089,1,1.0,PFOS,0.247626937317528,0.828711536527288,False,up
WBGene00011044,1,0.6333333333333333,PFOS,0.203361765706486,0.83491113231834,False,up
WBGene00002250,1,1.0,PFOS,0.156707151758995,0.83491113231834,False,up
WBGene00002146,1,0.8,PFOS,0.146651063961285,0.83491113231834,False,up
WBGene00003093,1,1.0,PFOS,-0.85064612810594,0.839965707924882,False,down
WBGene00045457,1,0.9666666666666667,PFOS,1.2340413778125,0.841489738118428,False,up
WBGene00010558,1,1.0,PFOS,0.169662037801006,0.84766535651354,False,up
WBGene00011886,1,1.0,PFOS,-0.373537402022052,0.854067822018737,False,down
WBGene00012781,1,0.5,PFOS,-0.65807128065555,0.861464802792119,False,down
WBGene00017448,1,1.0,PFOS,-0.129775656765679,0.863506416136474,False,down
WBGene00001876,1,0.9666666666666667,PFOS,-0.827047619148335,0.863506416136474,False,down
WBGene00018708,1,0.9666666666666667,PFOS,-0.363981896106823,0.868590852669687,False,down
WBGene00004890,1,1.0,PFOS,-0.159865360670573,0.869739223037923,False,down
WBGene00006463,1,0.9666666666666667,PFOS,-0.249716173177586,0.873017889639631,False,down
WBGene00000543,1,1.0,PFOS,0.12599294229145,0.879836700238297,False,up
WBGene00006712,1,0.6,PFOS,0.204648339048839,0.882908444241175,False,up
WBGene00011407,1,0.9666666666666667,PFOS,-0.324684133311259,0.885041983140663,False,down
WBGene00206371,1,1.0,PFOS,-0.463775034315138,0.885041983140663,False,down
WBGene00000970,1,0.9666666666666667,PFOS,0.122409687865448,0.886368473618857,False,up
WBGene00020760,1,0.6,PFOS,0.678830341920809,0.888026477098052,False,up
WBGene00017103,1,1.0,PFOS,0.590124904710463,0.888026477098052,False,up
WBGene00010124,1,0.9,PFOS,0.469473351872373,0.888026477098052,False,up
WBGene00012969,1,0.9,PFOS,0.428800609903218,0.888026477098052,False,up
WBGene00013917,1,1.0,PFOS,0.15718781456718,0.888026477098052,False,up
WBGene00016162,1,1.0,PFOS,0.112845721722209,0.888026477098052,False,up
WBGene00016721,1,1.0,PFOS,-0.198472503692537,0.888026477098052,False,down
WBGene00017720,1,0.9,PFOS,0.298311952418061,0.888436149624228,False,up
WBGene00006944,1,1.0,PFOS,0.125724682389879,0.888436149624228,False,up
WBGene00019465,1,1.0,PFOS,0.10787875263344,0.894051549759628,False,up
WBGene00022504,1,1.0,PFOS,-0.547509149439953,0.894051549759628,False,down
WBGene00002017,1,1.0,PFOS,0.565367904920484,0.897630778410644,False,up
WBGene00019249,1,1.0,PFOS,0.117919250826521,0.902370270826837,False,up
WBGene00005670,1,0.9,PFOS,0.506785528472326,0.903508258543383,False,up
WBGene00004285,1,1.0,PFOS,0.160917831816098,0.906525001503165,False,up
WBGene00007450,1,1.0,PFOS,-0.378860734872715,0.906525001503165,False,down
WBGene00002019,1,1.0,PFOS,0.599581468730836,0.907212133840133,False,up
WBGene00021683,1,1.0,PFOS,0.118401683062793,0.907212133840133,False,up
WBGene00004259,1,1.0,PFOS,-0.271834261264635,0.907212133840133,False,down
WBGene00008985,1,0.9666666666666667,PFOS,0.905988761094588,0.910565028515146,False,up
WBGene00009424,1,0.6,PFOS,0.39929243090249,0.910565028515146,False,up
WBGene00001480,1,1.0,PFOS,0.236862053504316,0.910565028515146,False,up
WBGene00014210,1,0.8666666666666667,PFOS,0.225308958529223,0.910565028515146,False,up
WBGene00001915,1,1.0,PFOS,-0.116981508792472,0.910565028515146,False,down
WBGene00010625,1,0.7,PFOS,-0.160499717556492,0.910565028515146,False,down
WBGene00014914,1,1.0,PFOS,-0.319655170054368,0.910565028515146,False,down
WBGene00009494,1,0.5666666666666667,PFOS,-0.560214978565702,0.910565028515146,False,down
WBGene00194742,1,0.9,PFOS,-0.683343947084908,0.910565028515146,False,down
WBGene00008102,1,1.0,PFOS,-0.705438622181249,0.910565028515146,False,down
WBGene00010508,1,0.9,PFOS,-1.08126978198031,0.910565028515146,False,down
WBGene00011129,1,0.6,PFOS,0.560210836044163,0.914763444084546,False,up
WBGene00021745,1,0.9,PFOS,0.332906885899075,0.917012460441165,False,up
WBGene00043279,1,0.9,PFOS,0.364872860039239,0.919660161830238,False,up
WBGene00010947,1,1.0,PFOS,-0.177798416400478,0.919660161830238,False,down
WBGene00011564,1,1.0,PFOS,0.101520527201197,0.921023373806881,False,up
WBGene00008940,1,1.0,PFOS,0.117009617964424,0.923380735466733,False,up
WBGene00006478,1,0.8666666666666667,PFOS,-0.0842229548156322,0.923380735466733,False,down
WBGene00007565,1,1.0,PFOS,-0.376110240359541,0.924856709544653,False,down
WBGene00012747,1,1.0,PFOS,-0.49608129549722,0.926356025745607,False,down
WBGene00010128,1,1.0,PFOS,-0.339858500754435,0.92774245745161,False,down
WBGene00017537,1,1.0,PFOS,0.318133900648823,0.928200581727589,False,up
WBGene00008368,1,0.9666666666666667,PFOS,0.180618260322622,0.928200581727589,False,up
WBGene00015125,1,1.0,PFOS,0.121525927596436,0.928200581727589,False,up
WBGene00000409,1,0.6333333333333333,PFOS,-0.12806939539252,0.928200581727589,False,down
WBGene00011311,1,1.0,PFOS,0.124602980438269,0.929490518497005,False,up
WBGene00020820,1,0.8,PFOS,0.121196000024691,0.929490518497005,False,up
WBGene00001919,1,0.9,PFOS,-0.473153570813433,0.929490518497005,False,down
WBGene00206359,1,0.9333333333333333,PFOS,-1.14768519394803,0.932075094133046,False,down
WBGene00014046,1,0.9666666666666667,PFOS,-0.759749331739491,0.933716999652349,False,down
WBGene00011821,1,1.0,PFOS,0.224834601089587,0.934227026700036,False,up
WBGene00000488,1,1.0,PFOS,0.171601793148881,0.934227026700036,False,up
WBGene00017071,1,1.0,PFOS,-0.28688001505183,0.934227026700036,False,down
WBGene00304201,1,1.0,PFOS,-0.831942940477629,0.934227026700036,False,down
WBGene00007267,1,0.6333333333333333,PFOS,-0.0878136835965531,0.935585722396336,False,down
WBGene00003397,1,0.9,PFOS,-0.116193355201877,0.937617993737826,False,down
WBGene00020156,1,1.0,PFOS,-0.286799179991327,0.937617993737826,False,down
WBGene00044759,1,0.9666666666666667,PFOS,0.333236282170894,0.938495762327181,False,up
WBGene00021131,1,1.0,PFOS,0.190052190318303,0.938495762327181,False,up
WBGene00000789,1,0.7666666666666667,PFOS,-0.149230833576145,0.938495762327181,False,down
WBGene00009849,1,0.9,PFOS,-0.767286389751434,0.938982318735626,False,down
WBGene00017775,1,1.0,PFOS,-0.135027674519529,0.939144146364556,False,down
WBGene00016217,1,1.0,PFOS,-0.278041218397944,0.939144146364556,False,down
WBGene00009785,1,0.9666666666666667,PFOS,0.397937343955464,0.939156783079216,False,up
WBGene00000988,1,1.0,PFOS,0.317387625896223,0.939156783079216,False,up
WBGene00017947,1,0.9,PFOS,-0.232420858538149,0.939156783079216,False,down
WBGene00021709,1,1.0,PFOS,0.314299051630895,0.943771413581152,False,up
WBGene00012782,1,1.0,PFOS,-0.108783034903855,0.943771413581152,False,down
WBGene00000150,1,0.6666666666666666,PFOS,0.0830943989685403,0.944226345065683,False,up
WBGene00017438,1,0.9,PFOS,0.560179427947565,0.950011037340283,False,up
WBGene00007942,1,1.0,PFOS,-0.0982655196654943,0.954685564100346,False,down
WBGene00017625,1,0.9666666666666667,PFOS,0.23824488930739,0.954828568558256,False,up
WBGene00009168,1,1.0,PFOS,-1.0330332848268,0.954828568558256,False,down
WBGene00012855,1,0.7666666666666667,PFOS,0.404857131409632,0.956479596428076,False,up
WBGene00015089,1,0.9666666666666667,PFOS,0.758936915266136,0.961420998414246,False,up
WBGene00007909,1,0.9666666666666667,PFOS,0.614818956062719,0.961420998414246,False,up
WBGene00020378,1,1.0,PFOS,-0.204816340321705,0.961420998414246,False,down
WBGene00001942,1,1.0,PFOS,-0.415601564883536,0.961420998414246,False,down
WBGene00009114,1,0.9,PFOS,1.36594160510893,0.961899229558555,False,up
WBGene00005110,1,1.0,PFOS,0.308937527616055,0.961899229558555,False,up
WBGene00001536,1,1.0,PFOS,0.241906683946907,0.961899229558555,False,up
WBGene00009256,1,1.0,PFOS,0.139153200621588,0.961899229558555,False,up
WBGene00001794,1,0.9,PFOS,-0.116817396325886,0.961899229558555,False,down
WBGene00022413,1,1.0,PFOS,-0.15356444358469,0.961899229558555,False,down
WBGene00015424,1,1.0,PFOS,-0.310303278744589,0.961899229558555,False,down
WBGene00008067,1,1.0,PFOS,-1.02412671708883,0.962034883100163,False,down
WBGene00018579,1,1.0,PFOS,-0.173761499863331,0.969169455553057,False,down
WBGene00006407,1,1.0,PFOS,0.0823817207347918,0.971109882652276,False,up
WBGene00019550,1,0.8666666666666667,PFOS,0.353694285363695,0.973095646425472,False,up
WBGene00007756,1,0.9333333333333333,PFOS,0.115701724461962,0.973095646425472,False,up
WBGene00020029,1,0.9666666666666667,PFOS,-0.141286136264158,0.973095646425472,False,down
WBGene00011238,1,1.0,PFOS,-0.405563183880801,0.973095646425472,False,down
WBGene00016022,1,0.8666666666666667,PFOS,0.211514573608302,0.973922501108299,False,up
WBGene00194955,1,0.6,PFOS,0.447711185716266,0.975765395755707,False,up
WBGene00017568,1,0.9,PFOS,-0.240731472163791,0.975765395755707,False,down
WBGene00019299,1,0.6,PFOS,-0.347788532294686,0.975765395755707,False,down
WBGene00019604,1,1.0,PFOS,-0.432027715165262,0.975765395755707,False,down
WBGene00044401,1,1.0,PFOS,0.154404417785101,0.979191460659024,False,up
WBGene00012670,1,0.6,PFOS,-0.782967865755628,0.979759906076227,False,down
WBGene00304806,1,0.9333333333333333,PFOS,-0.293391045828368,0.982179644486436,False,down
WBGene00009369,1,1.0,PFOS,0.0961238668309579,0.983623859897177,False,up
WBGene00010998,1,1.0,PFOS,-0.330435800212786,0.985428316092843,False,down
WBGene00018806,1,1.0,PFOS,-0.295774446935424,0.986095298215918,False,down
WBGene00194998,1,1.0,PFOS,0.421740684012909,0.992339409501936,False,up
WBGene00015388,1,0.9666666666666667,PFOS,0.584330714335715,0.99291952911692,False,up
WBGene00016159,1,1.0,PFOS,0.132428091966419,0.995377989652961,False,up
WBGene00016705,1,0.9333333333333333,PFOS,-0.147820687001803,0.995377989652961,False,down
WBGene00003764,1,0.9666666666666667,PFOS,0.258589618877261,0.998567234339378,False,up
WBGene00077684,1,0.9666666666666667,PFOS,0.835487341647085,0.999139297746776,False,up
WBGene00016063,1,0.9666666666666667,PFOS,0.725514573900998,0.999139297746776,False,up
WBGene00011841,1,1.0,PFOS,0.648770476813946,0.999139297746776,False,up
WBGene00001773,1,0.9666666666666667,PFOS,0.641671683586315,0.999139297746776,False,up
WBGene00009898,1,0.9666666666666667,PFOS,0.628439814547459,0.999139297746776,False,up
WBGene00010058,1,0.9,PFOS,0.616495470363374,0.999139297746776,False,up
WBGene00018412,1,0.9666666666666667,PFOS,0.598733853992405,0.999139297746776,False,up
WBGene00195177,1,0.9333333333333333,PFOS,0.580191424626922,0.999139297746776,False,up
WBGene00012308,1,0.9,PFOS,0.569375405435495,0.999139297746776,False,up
WBGene00017703,1,0.6333333333333333,PFOS,0.527158562361663,0.999139297746776,False,up
WBGene00019288,1,0.9,PFOS,0.518473693695292,0.999139297746776,False,up
WBGene00003763,1,0.9666666666666667,PFOS,0.515638835215256,0.999139297746776,False,up
WBGene00016226,1,0.6,PFOS,0.514166707275169,0.999139297746776,False,up
WBGene00010791,1,0.9666666666666667,PFOS,0.499912137971927,0.999139297746776,False,up
WBGene00021224,1,0.7666666666666667,PFOS,0.491890777565702,0.999139297746776,False,up
WBGene00012323,1,1.0,PFOS,0.474927141441471,0.999139297746776,False,up
WBGene00020227,1,0.9,PFOS,0.464910299942149,0.999139297746776,False,up
WBGene00007674,1,0.8666666666666667,PFOS,0.44266623869031,0.999139297746776,False,up
WBGene00019315,1,0.9,PFOS,0.438728822586303,0.999139297746776,False,up
WBGene00010148,1,1.0,PFOS,0.433840464908469,0.999139297746776,False,up
WBGene00012748,1,0.8,PFOS,0.433667071380477,0.999139297746776,False,up
WBGene00010353,1,0.6333333333333333,PFOS,0.433650762652752,0.999139297746776,False,up
WBGene00020797,1,0.9666666666666667,PFOS,0.42868705336664,0.999139297746776,False,up
WBGene00000008,1,0.9333333333333333,PFOS,0.427949434328098,0.999139297746776,False,up
WBGene00019090,1,0.9666666666666667,PFOS,0.426710524792957,0.999139297746776,False,up
WBGene00235133,1,0.9333333333333333,PFOS,0.426570810704634,0.999139297746776,False,up
WBGene00018910,1,0.7666666666666667,PFOS,0.423776371357246,0.999139297746776,False,up
WBGene00006979,1,1.0,PFOS,0.415701470398008,0.999139297746776,False,up
WBGene00001545,1,0.9,PFOS,0.41196560897591,0.999139297746776,False,up
WBGene00015373,1,0.8666666666666667,PFOS,0.411865100491398,0.999139297746776,False,up
WBGene00010821,1,0.9666666666666667,PFOS,0.408473468142315,0.999139297746776,False,up
WBGene00009073,1,0.5333333333333333,PFOS,0.399677478819528,0.999139297746776,False,up
WBGene00015623,1,1.0,PFOS,0.39534554845052,0.999139297746776,False,up
WBGene00007132,1,0.9666666666666667,PFOS,0.377292970960572,0.999139297746776,False,up
WBGene00020580,1,0.9666666666666667,PFOS,0.3761258717004,0.999139297746776,False,up
WBGene00022267,1,0.8,PFOS,0.370886316384358,0.999139297746776,False,up
WBGene00022406,1,0.5333333333333333,PFOS,0.368132909058756,0.999139297746776,False,up
WBGene00017959,1,1.0,PFOS,0.346885797944314,0.999139297746776,False,up
WBGene00021492,1,1.0,PFOS,0.341509031584969,0.999139297746776,False,up
WBGene00020637,1,0.9,PFOS,0.334145782196873,0.999139297746776,False,up
WBGene00010253,1,1.0,PFOS,0.332880613627786,0.999139297746776,False,up
WBGene00045415,1,0.6,PFOS,0.325976561488072,0.999139297746776,False,up
WBGene00001878,1,0.9666666666666667,PFOS,0.321654366392231,0.999139297746776,False,up
WBGene00021179,1,0.9666666666666667,PFOS,0.319515177996802,0.999139297746776,False,up
WBGene00011255,1,1.0,PFOS,0.319184578182014,0.999139297746776,False,up
WBGene00017072,1,0.9333333333333333,PFOS,0.315393046117088,0.999139297746776,False,up
WBGene00045253,1,1.0,PFOS,0.314783633211276,0.999139297746776,False,up
WBGene00022028,1,0.6666666666666666,PFOS,0.313938403288003,0.999139297746776,False,up
WBGene00017441,1,0.9666666666666667,PFOS,0.312043406991432,0.999139297746776,False,up
WBGene00194902,1,0.9666666666666667,PFOS,0.309388406453693,0.999139297746776,False,up
WBGene00044457,1,0.6,PFOS,0.307488536568204,0.999139297746776,False,up
WBGene00011062,1,0.9,PFOS,0.307258889849504,0.999139297746776,False,up
WBGene00005063,1,0.5,PFOS,0.306518483000709,0.999139297746776,False,up
WBGene00009692,1,0.6,PFOS,0.302586828773778,0.999139297746776,False,up
WBGene00015896,1,1.0,PFOS,0.300383878990165,0.999139297746776,False,up
WBGene00045331,1,1.0,PFOS,0.299329176575587,0.999139297746776,False,up
WBGene00020010,1,0.6,PFOS,0.290323014182191,0.999139297746776,False,up
WBGene00007303,1,0.9,PFOS,0.284806128625251,0.999139297746776,False,up
WBGene00008629,1,1.0,PFOS,0.282864764564832,0.999139297746776,False,up
WBGene00012597,1,1.0,PFOS,0.282685996578542,0.999139297746776,False,up
WBGene00019588,1,0.7,PFOS,0.28250811082497,0.999139297746776,False,up
WBGene00011539,1,0.8666666666666667,PFOS,0.278216745210613,0.999139297746776,False,up
WBGene00045401,1,0.9666666666666667,PFOS,0.271773839681966,0.999139297746776,False,up
WBGene00001903,1,0.9666666666666667,PFOS,0.270550252887142,0.999139297746776,False,up
WBGene00022870,1,0.9666666666666667,PFOS,0.270080919486887,0.999139297746776,False,up
WBGene00009866,1,0.9,PFOS,0.269945267014777,0.999139297746776,False,up
WBGene00018353,1,0.9666666666666667,PFOS,0.269593810724991,0.999139297746776,False,up
WBGene00004963,1,0.9666666666666667,PFOS,0.268129631828633,0.999139297746776,False,up
WBGene00015309,1,1.0,PFOS,0.267372191122539,0.999139297746776,False,up
WBGene00016013,1,0.9666666666666667,PFOS,0.2657459055444,0.999139297746776,False,up
WBGene00023492,1,1.0,PFOS,0.259158770563263,0.999139297746776,False,up
WBGene00000373,1,1.0,PFOS,0.256421644586541,0.999139297746776,False,up
WBGene00000190,1,0.9666666666666667,PFOS,0.252278381898279,0.999139297746776,False,up
WBGene00015829,1,0.9666666666666667,PFOS,0.24918219933724,0.999139297746776,False,up
WBGene00005652,1,0.5666666666666667,PFOS,0.247774301764927,0.999139297746776,False,up
WBGene00021136,1,0.7666666666666667,PFOS,0.240041197769243,0.999139297746776,False,up
WBGene00077573,1,0.9333333333333333,PFOS,0.233176819887081,0.999139297746776,False,up
WBGene00001940,1,1.0,PFOS,0.231079114936475,0.999139297746776,False,up
WBGene00011265,1,0.9,PFOS,0.230273471137493,0.999139297746776,False,up
WBGene00003714,1,0.9666666666666667,PFOS,0.229631691787969,0.999139297746776,False,up
WBGene00016686,1,0.9333333333333333,PFOS,0.22959725925741,0.999139297746776,False,up
WBGene00003571,1,0.6,PFOS,0.226938614648577,0.999139297746776,False,up
WBGene00022179,1,1.0,PFOS,0.226647647904016,0.999139297746776,False,up
WBGene00018345,1,0.9666666666666667,PFOS,0.225629624311881,0.999139297746776,False,up
WBGene00001894,1,0.9,PFOS,0.225331373956412,0.999139297746776,False,up
WBGene00021590,1,1.0,PFOS,0.225295273374607,0.999139297746776,False,up
WBGene00014135,1,0.8,PFOS,0.224409900525657,0.999139297746776,False,up
WBGene00016106,1,1.0,PFOS,0.224399543329978,0.999139297746776,False,up
WBGene00013294,1,0.9666666666666667,PFOS,0.223717436502685,0.999139297746776,False,up
WBGene00014254,1,0.9666666666666667,PFOS,0.2229083563646,0.999139297746776,False,up
WBGene00304787,1,0.6333333333333333,PFOS,0.22217711876275,0.999139297746776,False,up
WBGene00011101,1,0.9666666666666667,PFOS,0.221129325602104,0.999139297746776,False,up
WBGene00003862,1,0.9666666666666667,PFOS,0.218630906424338,0.999139297746776,False,up
WBGene00235158,1,1.0,PFOS,0.213169141666373,0.999139297746776,False,up
WBGene00018755,1,0.8666666666666667,PFOS,0.212431101279969,0.999139297746776,False,up
WBGene00012947,1,0.7333333333333333,PFOS,0.212018950624882,0.999139297746776,False,up
WBGene00009900,1,1.0,PFOS,0.209679208160212,0.999139297746776,False,up
WBGene00001787,1,0.9666666666666667,PFOS,0.209135904187842,0.999139297746776,False,up
WBGene00006667,1,0.9666666666666667,PFOS,0.208364225370482,0.999139297746776,False,up
WBGene00014801,1,1.0,PFOS,0.207898584013945,0.999139297746776,False,up
WBGene00019029,1,0.9666666666666667,PFOS,0.206965043132421,0.999139297746776,False,up
WBGene00044903,1,1.0,PFOS,0.205779818832924,0.999139297746776,False,up
WBGene00012067,1,0.6,PFOS,0.205563297845549,0.999139297746776,False,up
WBGene00008269,1,0.9666666666666667,PFOS,0.203326268220714,0.999139297746776,False,up
WBGene00001901,1,0.7333333333333333,PFOS,0.203107427101403,0.999139297746776,False,up
WBGene00022329,1,0.8,PFOS,0.203043770658038,0.999139297746776,False,up
WBGene00021066,1,0.9666666666666667,PFOS,0.202438771035331,0.999139297746776,False,up
WBGene00011207,1,0.9333333333333333,PFOS,0.201951322347516,0.999139297746776,False,up
WBGene00007835,1,0.7,PFOS,0.200933999344688,0.999139297746776,False,up
WBGene00016595,1,1.0,PFOS,0.198687742172893,0.999139297746776,False,up
WBGene00020220,1,1.0,PFOS,0.197957711036658,0.999139297746776,False,up
WBGene00018594,1,0.9666666666666667,PFOS,0.197371929503985,0.999139297746776,False,up
WBGene00022546,1,0.8,PFOS,0.195382891250033,0.999139297746776,False,up
WBGene00003099,1,0.9666666666666667,PFOS,0.19400835156213,0.999139297746776,False,up
WBGene00002199,1,0.9666666666666667,PFOS,0.19270603260086,0.999139297746776,False,up
WBGene00015741,1,0.7,PFOS,0.186742417058499,0.999139297746776,False,up
WBGene00004001,1,0.9666666666666667,PFOS,0.184706629445928,0.999139297746776,False,up
WBGene00021860,1,0.8666666666666667,PFOS,0.184024708844771,0.999139297746776,False,up
WBGene00018402,1,0.9,PFOS,0.181722190644678,0.999139297746776,False,up
WBGene00012042,1,0.8666666666666667,PFOS,0.17961860806194,0.999139297746776,False,up
WBGene00008184,1,1.0,PFOS,0.179142731208077,0.999139297746776,False,up
WBGene00013587,1,1.0,PFOS,0.176613187616266,0.999139297746776,False,up
WBGene00021928,1,0.9666666666666667,PFOS,0.174341736815807,0.999139297746776,False,up
WBGene00010830,1,0.9666666666666667,PFOS,0.17369688451948,0.999139297746776,False,up
WBGene00219493,1,0.9333333333333333,PFOS,0.173442231582871,0.999139297746776,False,up
WBGene00013540,1,0.9666666666666667,PFOS,0.169462131239906,0.999139297746776,False,up
WBGene00006947,1,0.7333333333333333,PFOS,0.168539394922461,0.999139297746776,False,up
WBGene00008917,1,0.9,PFOS,0.168297935043213,0.999139297746776,False,up
WBGene00008168,1,0.8666666666666667,PFOS,0.168105023731241,0.999139297746776,False,up
WBGene00017379,1,0.8333333333333334,PFOS,0.167603805060846,0.999139297746776,False,up
WBGene00009504,1,1.0,PFOS,0.167382806346538,0.999139297746776,False,up
WBGene00009782,1,0.6333333333333333,PFOS,0.167267478654398,0.999139297746776,False,up
WBGene00016809,1,0.9666666666666667,PFOS,0.164971714477765,0.999139297746776,False,up
WBGene00007367,1,0.9,PFOS,0.164879204902392,0.999139297746776,False,up
WBGene00008803,1,0.9,PFOS,0.164749900370446,0.999139297746776,False,up
WBGene00010822,1,0.8666666666666667,PFOS,0.164208027908492,0.999139297746776,False,up
WBGene00006845,1,0.9,PFOS,0.16361338613702,0.999139297746776,False,up
WBGene00001889,1,0.5333333333333333,PFOS,0.162849081599248,0.999139297746776,False,up
WBGene00022548,1,0.9666666666666667,PFOS,0.162361279833787,0.999139297746776,False,up
WBGene00018400,1,0.9333333333333333,PFOS,0.161840343791759,0.999139297746776,False,up
WBGene00015259,1,1.0,PFOS,0.161165417437689,0.999139297746776,False,up
WBGene00020901,1,0.9666666666666667,PFOS,0.161008114305907,0.999139297746776,False,up
WBGene00000982,1,0.9666666666666667,PFOS,0.160532779703078,0.999139297746776,False,up
WBGene00021583,1,0.9666666666666667,PFOS,0.155941894347453,0.999139297746776,False,up
WBGene00044663,1,0.9666666666666667,PFOS,0.155273531936832,0.999139297746776,False,up
WBGene00015768,1,0.9666666666666667,PFOS,0.153246169185783,0.999139297746776,False,up
WBGene00009397,1,1.0,PFOS,0.153075960004028,0.999139297746776,False,up
WBGene00015172,1,0.9666666666666667,PFOS,0.152974440439535,0.999139297746776,False,up
WBGene00008214,1,0.9666666666666667,PFOS,0.152635649679596,0.999139297746776,False,up
WBGene00022549,1,0.8666666666666667,PFOS,0.152530360264673,0.999139297746776,False,up
WBGene00000135,1,0.9,PFOS,0.151849066456843,0.999139297746776,False,up
WBGene00008486,1,0.9666666666666667,PFOS,0.15117236504878,0.999139297746776,False,up
WBGene00077757,1,0.8666666666666667,PFOS,0.150954139797051,0.999139297746776,False,up
WBGene00021814,1,1.0,PFOS,0.149553724212157,0.999139297746776,False,up
WBGene00020626,1,1.0,PFOS,0.148006505894366,0.999139297746776,False,up
WBGene00008826,1,0.9666666666666667,PFOS,0.147133764793141,0.999139297746776,False,up
WBGene00017530,1,1.0,PFOS,0.14632356908687,0.999139297746776,False,up
WBGene00009400,1,0.8666666666666667,PFOS,0.145816526143713,0.999139297746776,False,up
WBGene00017022,1,0.9666666666666667,PFOS,0.145721537359837,0.999139297746776,False,up
WBGene00004930,1,0.9333333333333333,PFOS,0.145236374909489,0.999139297746776,False,up
WBGene00016201,1,0.9666666666666667,PFOS,0.144771555357504,0.999139297746776,False,up
WBGene00019370,1,0.9,PFOS,0.144131089668883,0.999139297746776,False,up
WBGene00000972,1,1.0,PFOS,0.143833216560984,0.999139297746776,False,up
WBGene00007778,1,0.9666666666666667,PFOS,0.143392662387011,0.999139297746776,False,up
WBGene00013634,1,0.9666666666666667,PFOS,0.14301679663176,0.999139297746776,False,up
WBGene00007906,1,0.9666666666666667,PFOS,0.142349081483468,0.999139297746776,False,up
WBGene00001922,1,1.0,PFOS,0.141192655188901,0.999139297746776,False,up
WBGene00008584,1,1.0,PFOS,0.140083888760487,0.999139297746776,False,up
WBGene00009499,1,0.7,PFOS,0.139664285875935,0.999139297746776,False,up
WBGene00018310,1,0.8666666666666667,PFOS,0.139007849492007,0.999139297746776,False,up
WBGene00011997,1,0.9,PFOS,0.137673717140095,0.999139297746776,False,up
WBGene00018918,1,1.0,PFOS,0.136831007792919,0.999139297746776,False,up
WBGene00003385,1,1.0,PFOS,0.136761970158261,0.999139297746776,False,up
WBGene00007455,1,0.5,PFOS,0.1363357251566,0.999139297746776,False,up
WBGene00017156,1,0.8333333333333334,PFOS,0.134731824748449,0.999139297746776,False,up
WBGene00017214,1,0.8666666666666667,PFOS,0.133251453054626,0.999139297746776,False,up
WBGene00011945,1,1.0,PFOS,0.132911584062037,0.999139297746776,False,up
WBGene00003907,1,0.9666666666666667,PFOS,0.132477220669288,0.999139297746776,False,up
WBGene00012910,1,0.9666666666666667,PFOS,0.131765028733355,0.999139297746776,False,up
WBGene00021865,1,1.0,PFOS,0.1262759361736,0.999139297746776,False,up
WBGene00009529,1,0.6333333333333333,PFOS,0.125256917367151,0.999139297746776,False,up
WBGene00010559,1,0.8,PFOS,0.124219820257961,0.999139297746776,False,up
WBGene00008644,1,0.6,PFOS,0.123931888692897,0.999139297746776,False,up
WBGene00012252,1,0.9666666666666667,PFOS,0.123154790295585,0.999139297746776,False,up
WBGene00022657,1,0.9666666666666667,PFOS,0.122837454788499,0.999139297746776,False,up
WBGene00001705,1,0.5,PFOS,0.12240340065755,0.999139297746776,False,up
WBGene00004124,1,0.9333333333333333,PFOS,0.120738986525041,0.999139297746776,False,up
WBGene00000396,1,0.9666666666666667,PFOS,0.120554708523441,0.999139297746776,False,up
WBGene00018038,1,1.0,PFOS,0.119985726140542,0.999139297746776,False,up
WBGene00019763,1,0.6333333333333333,PFOS,0.118724097140039,0.999139297746776,False,up
WBGene00013564,1,0.9666666666666667,PFOS,0.118641511947928,0.999139297746776,False,up
WBGene00018920,1,0.6,PFOS,0.1183911284217,0.999139297746776,False,up
WBGene00019128,1,0.6,PFOS,0.11835567262845,0.999139297746776,False,up
WBGene00012788,1,0.9333333333333333,PFOS,0.117253503148832,0.999139297746776,False,up
WBGene00016559,1,0.9333333333333333,PFOS,0.114764772542948,0.999139297746776,False,up
WBGene00009077,1,0.6,PFOS,0.11468335904947,0.999139297746776,False,up
WBGene00000069,1,0.9666666666666667,PFOS,0.113351013462025,0.999139297746776,False,up
WBGene00011105,1,1.0,PFOS,0.112543617460338,0.999139297746776,False,up
WBGene00022365,1,1.0,PFOS,0.112504614910199,0.999139297746776,False,up
WBGene00003170,1,0.9666666666666667,PFOS,0.111507408482861,0.999139297746776,False,up
WBGene00003695,1,1.0,PFOS,0.111055320249134,0.999139297746776,False,up
WBGene00044468,1,0.9666666666666667,PFOS,0.110289929924413,0.999139297746776,False,up
WBGene00003891,1,0.9666666666666667,PFOS,0.110170305411145,0.999139297746776,False,up
WBGene00017971,1,1.0,PFOS,0.110065319100591,0.999139297746776,False,up
WBGene00016409,1,0.9666666666666667,PFOS,0.108927897057611,0.999139297746776,False,up
WBGene00010006,1,1.0,PFOS,0.108683925049929,0.999139297746776,False,up
WBGene00009430,1,0.9666666666666667,PFOS,0.107825657253335,0.999139297746776,False,up
WBGene00006064,1,0.9666666666666667,PFOS,0.105190354457451,0.999139297746776,False,up
WBGene00018543,1,1.0,PFOS,0.104088381295408,0.999139297746776,False,up
WBGene00015469,1,0.9,PFOS,0.103256733442588,0.999139297746776,False,up
WBGene00001984,1,1.0,PFOS,0.102938176217473,0.999139297746776,False,up
WBGene00001692,1,0.9666666666666667,PFOS,0.102853712939431,0.999139297746776,False,up
WBGene00016033,1,0.9,PFOS,0.102646243574877,0.999139297746776,False,up
WBGene00001885,1,0.9,PFOS,0.10258225729997,0.999139297746776,False,up
WBGene00004238,1,1.0,PFOS,0.102311546708698,0.999139297746776,False,up
WBGene00045393,1,0.9666666666666667,PFOS,0.101578273007788,0.999139297746776,False,up
WBGene00004804,1,1.0,PFOS,0.100901611435501,0.999139297746776,False,up
WBGene00044382,1,0.5666666666666667,PFOS,0.100560921606079,0.999139297746776,False,up
WBGene00013585,1,1.0,PFOS,0.100448273046956,0.999139297746776,False,up
WBGene00001879,1,0.9666666666666667,PFOS,0.100386291822194,0.999139297746776,False,up
WBGene00219420,1,1.0,PFOS,0.0997460696051585,0.999139297746776,False,up
WBGene00016635,1,0.8,PFOS,0.0994581453839192,0.999139297746776,False,up
WBGene00044767,1,0.9,PFOS,0.0993787812587877,0.999139297746776,False,up
WBGene00020182,1,0.9333333333333333,PFOS,0.0991924904568293,0.999139297746776,False,up
WBGene00004405,1,1.0,PFOS,0.0991699205673113,0.999139297746776,False,up
WBGene00019764,1,0.8666666666666667,PFOS,0.0988564094471844,0.999139297746776,False,up
WBGene00001896,1,0.7666666666666667,PFOS,0.0983269089072558,0.999139297746776,False,up
WBGene00008484,1,0.9666666666666667,PFOS,0.0982973697810371,0.999139297746776,False,up
WBGene00015378,1,1.0,PFOS,0.098167984795947,0.999139297746776,False,up
WBGene00015110,1,0.9333333333333333,PFOS,0.0972715622279955,0.999139297746776,False,up
WBGene00003511,1,0.8333333333333334,PFOS,0.0960399263182854,0.999139297746776,False,up
WBGene00019806,1,0.9,PFOS,0.0952072291177539,0.999139297746776,False,up
WBGene00001764,1,1.0,PFOS,0.095099411021458,0.999139297746776,False,up
WBGene00010597,1,0.9666666666666667,PFOS,0.0946336564672505,0.999139297746776,False,up
WBGene00020726,1,0.9666666666666667,PFOS,0.0942033519882204,0.999139297746776,False,up
WBGene00018117,1,0.7333333333333333,PFOS,0.0936797179277656,0.999139297746776,False,up
WBGene00019008,1,1.0,PFOS,0.0932092785781534,0.999139297746776,False,up
WBGene00020924,1,0.7333333333333333,PFOS,0.093084574353924,0.999139297746776,False,up
WBGene00006678,1,1.0,PFOS,0.0923151391047646,0.999139297746776,False,up
WBGene00016517,1,1.0,PFOS,0.0918346483656873,0.999139297746776,False,up
WBGene00000279,1,0.9666666666666667,PFOS,0.0903510410649453,0.999139297746776,False,up
WBGene00022240,1,1.0,PFOS,0.0900474410474955,0.999139297746776,False,up
WBGene00011212,1,1.0,PFOS,0.0899219354216706,0.999139297746776,False,up
WBGene00008996,1,0.8,PFOS,0.0896975987586471,0.999139297746776,False,up
WBGene00000968,1,0.9333333333333333,PFOS,0.089691505961573,0.999139297746776,False,up
WBGene00022505,1,0.9,PFOS,0.0895125623917321,0.999139297746776,False,up
WBGene00012530,1,1.0,PFOS,0.0889374735691567,0.999139297746776,False,up
WBGene00021223,1,1.0,PFOS,0.0888374828157833,0.999139297746776,False,up
WBGene00004369,1,0.9666666666666667,PFOS,0.0887788291852863,0.999139297746776,False,up
WBGene00008342,1,1.0,PFOS,0.088186906165299,0.999139297746776,False,up
WBGene00015052,1,0.9333333333333333,PFOS,0.0870568630401171,0.999139297746776,False,up
WBGene00007944,1,1.0,PFOS,0.087025899698383,0.999139297746776,False,up
WBGene00017806,1,0.9,PFOS,0.0868515017493064,0.999139297746776,False,up
WBGene00012168,1,1.0,PFOS,0.0866077734103287,0.999139297746776,False,up
WBGene00021897,1,0.9666666666666667,PFOS,0.0864209744871703,0.999139297746776,False,up
WBGene00012279,1,0.9666666666666667,PFOS,0.0863430916585448,0.999139297746776,False,up
WBGene00004197,1,1.0,PFOS,0.0863217498240066,0.999139297746776,False,up
WBGene00017467,1,0.5666666666666667,PFOS,0.0858903564416647,0.999139297746776,False,up
WBGene00007353,1,0.9333333333333333,PFOS,0.0846022214453388,0.999139297746776,False,up
WBGene00004172,1,0.9666666666666667,PFOS,0.0839341731127135,0.999139297746776,False,up
WBGene00019664,1,0.9666666666666667,PFOS,0.083712204007482,0.999139297746776,False,up
WBGene00003377,1,1.0,PFOS,0.0836655284874154,0.999139297746776,False,up
WBGene00007907,1,0.6333333333333333,PFOS,0.0834895288291975,0.999139297746776,False,up
WBGene00010296,1,0.9333333333333333,PFOS,0.0833793436964632,0.999139297746776,False,up
WBGene00012107,1,0.9333333333333333,PFOS,0.0822241046408294,0.999139297746776,False,up
WBGene00015834,1,0.9666666666666667,PFOS,0.0819897518414344,0.999139297746776,False,up
WBGene00020009,1,0.9666666666666667,PFOS,0.0814935649046097,0.999139297746776,False,up
WBGene00001906,1,0.9666666666666667,PFOS,0.0809945713129751,0.999139297746776,False,up
WBGene00019057,1,0.9666666666666667,PFOS,0.080945847133762,0.999139297746776,False,up
WBGene00018189,1,0.8,PFOS,0.0802819874412875,0.999139297746776,False,up
WBGene00007240,1,0.9333333333333333,PFOS,0.080158629312336,0.999139297746776,False,up
WBGene00000783,1,0.9666666666666667,PFOS,0.0800590652309782,0.999139297746776,False,up
WBGene00010970,1,0.9,PFOS,0.0796934185766297,0.999139297746776,False,up
WBGene00014172,1,0.9666666666666667,PFOS,0.0795854938582805,0.999139297746776,False,up
WBGene00015828,1,0.9666666666666667,PFOS,0.0794133110783698,0.999139297746776,False,up
WBGene00021518,1,1.0,PFOS,0.0788351425963004,0.999139297746776,False,up
WBGene00015382,1,0.9666666666666667,PFOS,0.0780960776271324,0.999139297746776,False,up
WBGene00018971,1,1.0,PFOS,0.0774863763938809,0.999139297746776,False,up
WBGene00012857,1,1.0,PFOS,0.0769605427393376,0.999139297746776,False,up
WBGene00015716,1,1.0,PFOS,0.075558682779558,0.999139297746776,False,up
WBGene00007991,1,1.0,PFOS,0.0754727930815587,0.999139297746776,False,up
WBGene00001090,1,1.0,PFOS,0.0753805100113727,0.999139297746776,False,up
WBGene00000022,1,0.9666666666666667,PFOS,0.0743631177201795,0.999139297746776,False,up
WBGene00020003,1,1.0,PFOS,0.0742651972113785,0.999139297746776,False,up
WBGene00019986,1,1.0,PFOS,0.0734223541931255,0.999139297746776,False,up
WBGene00009137,1,0.9666666666666667,PFOS,0.0733716808972389,0.999139297746776,False,up
WBGene00022756,1,1.0,PFOS,0.073161172698601,0.999139297746776,False,up
WBGene00015284,1,1.0,PFOS,0.072965277159528,0.999139297746776,False,up
WBGene00010784,1,1.0,PFOS,0.0728432843572155,0.999139297746776,False,up
WBGene00004860,1,0.9666666666666667,PFOS,0.0724104804399371,0.999139297746776,False,up
WBGene00017463,1,0.9666666666666667,PFOS,0.0721349908825651,0.999139297746776,False,up
WBGene00015122,1,0.5,PFOS,0.0719579961316122,0.999139297746776,False,up
WBGene00008050,1,1.0,PFOS,0.0713149450738415,0.999139297746776,False,up
WBGene00007558,1,1.0,PFOS,0.0712962237974292,0.999139297746776,False,up
WBGene00009475,1,0.9666666666666667,PFOS,0.0705291345616476,0.999139297746776,False,up
WBGene00003687,1,0.9,PFOS,0.0703313825446685,0.999139297746776,False,up
WBGene00194928,1,1.0,PFOS,0.0685777722252924,0.999139297746776,False,up
WBGene00003933,1,0.9666666666666667,PFOS,0.0683843741071163,0.999139297746776,False,up
WBGene00015223,1,0.8666666666666667,PFOS,0.0678978089519212,0.999139297746776,False,up
WBGene00015324,1,0.6,PFOS,0.0674601989718134,0.999139297746776,False,up
WBGene00011611,1,0.9666666666666667,PFOS,0.067339143295982,0.999139297746776,False,up
WBGene00003868,1,0.9666666666666667,PFOS,0.0671989694404272,0.999139297746776,False,up
WBGene00003611,1,1.0,PFOS,0.067075086793345,0.999139297746776,False,up
WBGene00020357,1,0.9666666666666667,PFOS,0.0663998783961328,0.999139297746776,False,up
WBGene00001046,1,0.9666666666666667,PFOS,0.0654346570065377,0.999139297746776,False,up
WBGene00003758,1,0.9666666666666667,PFOS,0.0645625549573194,0.999139297746776,False,up
WBGene00010965,1,0.5,PFOS,0.0645288083394654,0.999139297746776,False,up
WBGene00013215,1,1.0,PFOS,0.0641494755127247,0.999139297746776,False,up
WBGene00013604,1,1.0,PFOS,0.0641211300287535,0.999139297746776,False,up
WBGene00010962,1,1.0,PFOS,0.0640985780153125,0.999139297746776,False,up
WBGene00004810,1,0.9,PFOS,0.0639585827913701,0.999139297746776,False,up
WBGene00012594,1,1.0,PFOS,0.0638480863691302,0.999139297746776,False,up
WBGene00015739,1,1.0,PFOS,0.0637899421002564,0.999139297746776,False,up
WBGene00003530,1,0.9666666666666667,PFOS,0.0633570775884333,0.999139297746776,False,up
WBGene00000985,1,1.0,PFOS,0.0630787483455105,0.999139297746776,False,up
WBGene00004091,1,0.6,PFOS,0.0622900991539134,0.999139297746776,False,up
WBGene00012973,1,1.0,PFOS,0.0617715494168776,0.999139297746776,False,up
WBGene00012030,1,0.9666666666666667,PFOS,0.0615980174212466,0.999139297746776,False,up
WBGene00007094,1,1.0,PFOS,0.0613219641767945,0.999139297746776,False,up
WBGene00014215,1,0.9,PFOS,0.0603360683471199,0.999139297746776,False,up
WBGene00009096,1,0.7,PFOS,0.0602134631806722,0.999139297746776,False,up
WBGene00019580,1,1.0,PFOS,0.0592248345865823,0.999139297746776,False,up
WBGene00003624,1,1.0,PFOS,0.0588584644265027,0.999139297746776,False,up
WBGene00020556,1,0.9333333333333333,PFOS,0.0582495960277055,0.999139297746776,False,up
WBGene00002021,1,1.0,PFOS,0.0579304928737261,0.999139297746776,False,up
WBGene00007956,1,0.9666666666666667,PFOS,0.0577318711461805,0.999139297746776,False,up
WBGene00003555,1,0.5,PFOS,0.0574562843882144,0.999139297746776,False,up
WBGene00008395,1,0.6666666666666666,PFOS,0.0558545819699059,0.999139297746776,False,up
WBGene00014008,1,0.6,PFOS,0.0547627186029049,0.999139297746776,False,up
WBGene00001917,1,0.9,PFOS,0.05468056599694,0.999139297746776,False,up
WBGene00006423,1,0.8333333333333334,PFOS,0.0538347041971743,0.999139297746776,False,up
WBGene00009216,1,0.9666666666666667,PFOS,0.053741024864324,0.999139297746776,False,up
WBGene00015955,1,0.8666666666666667,PFOS,0.0531112122895268,0.999139297746776,False,up
WBGene00009813,1,0.9666666666666667,PFOS,0.0528301432340968,0.999139297746776,False,up
WBGene00022199,1,1.0,PFOS,0.0526947271245662,0.999139297746776,False,up
WBGene00012744,1,1.0,PFOS,0.0518053866316896,0.999139297746776,False,up
WBGene00008019,1,1.0,PFOS,0.0515239813105012,0.999139297746776,False,up
WBGene00013748,1,1.0,PFOS,0.051500683846211,0.999139297746776,False,up
WBGene00020151,1,0.9666666666666667,PFOS,0.0507917593138634,0.999139297746776,False,up
WBGene00045419,1,1.0,PFOS,0.050357540257174,0.999139297746776,False,up
WBGene00016144,1,1.0,PFOS,0.0499612570793122,0.999139297746776,False,up
WBGene00007330,1,0.6,PFOS,0.0489329556075031,0.999139297746776,False,up
WBGene00018986,1,1.0,PFOS,0.0483825406648713,0.999139297746776,False,up
WBGene00021936,1,0.9,PFOS,0.0482916022624062,0.999139297746776,False,up
WBGene00005649,1,0.9666666666666667,PFOS,0.0481864468936941,0.999139297746776,False,up
WBGene00003565,1,0.9666666666666667,PFOS,0.0480995389523731,0.999139297746776,False,up
WBGene00014115,1,1.0,PFOS,0.048068441050309,0.999139297746776,False,up
WBGene00006483,1,0.9666666666666667,PFOS,0.0477403142620692,0.999139297746776,False,up
WBGene00010282,1,0.5,PFOS,0.0473176624561665,0.999139297746776,False,up
WBGene00006975,1,1.0,PFOS,0.0472329368786484,0.999139297746776,False,up
WBGene00017023,1,0.9666666666666667,PFOS,0.0466983106363869,0.999139297746776,False,up
WBGene00022067,1,0.8666666666666667,PFOS,0.0460207790760765,0.999139297746776,False,up
WBGene00000245,1,0.9666666666666667,PFOS,0.0457344866768821,0.999139297746776,False,up
WBGene00001527,1,1.0,PFOS,0.0456697581473137,0.999139297746776,False,up
WBGene00005009,1,0.5666666666666667,PFOS,0.0454355621308361,0.999139297746776,False,up
WBGene00007656,1,0.9666666666666667,PFOS,0.0452175331422282,0.999139297746776,False,up
WBGene00008632,1,0.9666666666666667,PFOS,0.0450541413121674,0.999139297746776,False,up
WBGene00001892,1,0.9,PFOS,0.0450366996042729,0.999139297746776,False,up
WBGene00007297,1,0.9666666666666667,PFOS,0.044565177350339,0.999139297746776,False,up
WBGene00016246,1,0.5333333333333333,PFOS,0.0441405577987768,0.999139297746776,False,up
WBGene00022457,1,0.9,PFOS,0.0440131453379283,0.999139297746776,False,up
WBGene00009552,1,0.9666666666666667,PFOS,0.0439946723573719,0.999139297746776,False,up
WBGene00001694,1,0.9,PFOS,0.041441142328267,0.999139297746776,False,up
WBGene00000526,1,0.9666666666666667,PFOS,0.0410262239313986,0.999139297746776,False,up
WBGene00021159,1,1.0,PFOS,0.0406867685041057,0.999139297746776,False,up
WBGene00009393,1,0.9666666666666667,PFOS,0.0403199312880373,0.999139297746776,False,up
WBGene00020566,1,0.9,PFOS,0.0402142428213881,0.999139297746776,False,up
WBGene00001451,1,0.9666666666666667,PFOS,0.0399413386314869,0.999139297746776,False,up
WBGene00010840,1,1.0,PFOS,0.0394088732804938,0.999139297746776,False,up
WBGene00013597,1,1.0,PFOS,0.0393245127258273,0.999139297746776,False,up
WBGene00013746,1,1.0,PFOS,0.038573581391935,0.999139297746776,False,up
WBGene00015037,1,0.6333333333333333,PFOS,0.0385415637737666,0.999139297746776,False,up
WBGene00016087,1,0.7,PFOS,0.0384464095960267,0.999139297746776,False,up
WBGene00003919,1,1.0,PFOS,0.0382144321555771,0.999139297746776,False,up
WBGene00044403,1,1.0,PFOS,0.038069873357983,0.999139297746776,False,up
WBGene00007599,1,0.9666666666666667,PFOS,0.037976713109655,0.999139297746776,False,up
WBGene00012035,1,0.9666666666666667,PFOS,0.0377337283240819,0.999139297746776,False,up
WBGene00020402,1,0.9666666666666667,PFOS,0.0364879699629558,0.999139297746776,False,up
WBGene00044207,1,0.9666666666666667,PFOS,0.0358916839290268,0.999139297746776,False,up
WBGene00022247,1,0.8666666666666667,PFOS,0.0353195136389278,0.999139297746776,False,up
WBGene00000442,1,0.9666666666666667,PFOS,0.0351342993339538,0.999139297746776,False,up
WBGene00021647,1,0.7,PFOS,0.035113817650541,0.999139297746776,False,up
WBGene00009453,1,0.6666666666666666,PFOS,0.0347857844374749,0.999139297746776,False,up
WBGene00004323,1,0.9666666666666667,PFOS,0.0344210718812139,0.999139297746776,False,up
WBGene00003172,1,1.0,PFOS,0.0340891281971018,0.999139297746776,False,up
WBGene00011436,1,0.9666666666666667,PFOS,0.0339847085475791,0.999139297746776,False,up
WBGene00010666,1,0.5,PFOS,0.0333541692713662,0.999139297746776,False,up
WBGene00014243,1,0.9666666666666667,PFOS,0.033349432932519,0.999139297746776,False,up
WBGene00044435,1,0.6333333333333333,PFOS,0.0330019729448898,0.999139297746776,False,up
WBGene00017641,1,0.9666666666666667,PFOS,0.031856128717687,0.999139297746776,False,up
WBGene00206373,1,0.9666666666666667,PFOS,0.0316605025799226,0.999139297746776,False,up
WBGene00002191,1,1.0,PFOS,0.0315875177133316,0.999139297746776,False,up
WBGene00016657,1,1.0,PFOS,0.0310262792390245,0.999139297746776,False,up
WBGene00008819,1,0.8,PFOS,0.0308452352690611,0.999139297746776,False,up
WBGene00007751,1,0.5666666666666667,PFOS,0.0307023914808114,0.999139297746776,False,up
WBGene00001927,1,0.9333333333333333,PFOS,0.0304884519360922,0.999139297746776,False,up
WBGene00010421,1,1.0,PFOS,0.0303919578488115,0.999139297746776,False,up
WBGene00002274,1,0.6333333333333333,PFOS,0.0303603334042586,0.999139297746776,False,up
WBGene00021872,1,0.7,PFOS,0.0303421908333485,0.999139297746776,False,up
WBGene00015790,1,0.9666666666666667,PFOS,0.0298602772737686,0.999139297746776,False,up
WBGene00016555,1,0.8666666666666667,PFOS,0.0292155960626435,0.999139297746776,False,up
WBGene00001149,1,1.0,PFOS,0.0291894704833894,0.999139297746776,False,up
WBGene00012552,1,0.9666666666666667,PFOS,0.0285356973064359,0.999139297746776,False,up
WBGene00001538,1,1.0,PFOS,0.028528561444641,0.999139297746776,False,up
WBGene00008922,1,1.0,PFOS,0.028427645649167,0.999139297746776,False,up
WBGene00020364,1,0.9,PFOS,0.028164208107471,0.999139297746776,False,up
WBGene00008302,1,0.9333333333333333,PFOS,0.0278908458467081,0.999139297746776,False,up
WBGene00017650,1,0.6,PFOS,0.0273730351001392,0.999139297746776,False,up
WBGene00007574,1,0.6,PFOS,0.026868112893374,0.999139297746776,False,up
WBGene00002344,1,1.0,PFOS,0.0265385287719499,0.999139297746776,False,up
WBGene00007010,1,0.9666666666666667,PFOS,0.0260466227230139,0.999139297746776,False,up
WBGene00045475,1,1.0,PFOS,0.0255813846615106,0.999139297746776,False,up
WBGene00002249,1,1.0,PFOS,0.0254167442323884,0.999139297746776,False,up
WBGene00007904,1,0.5333333333333333,PFOS,0.0253904733408337,0.999139297746776,False,up
WBGene00004093,1,1.0,PFOS,0.0245847815029016,0.999139297746776,False,up
WBGene00008227,1,0.9333333333333333,PFOS,0.0241782389183377,0.999139297746776,False,up
WBGene00000068,1,0.8666666666666667,PFOS,0.0236228010631031,0.999139297746776,False,up
WBGene00012295,1,0.9666666666666667,PFOS,0.0234790751930138,0.999139297746776,False,up
WBGene00001760,1,0.9666666666666667,PFOS,0.0228690407216672,0.999139297746776,False,up
WBGene00000420,1,0.8666666666666667,PFOS,0.0228434211190677,0.999139297746776,False,up
WBGene00001882,1,0.9666666666666667,PFOS,0.0228271167531205,0.999139297746776,False,up
WBGene00000163,1,0.8666666666666667,PFOS,0.0228125900680873,0.999139297746776,False,up
WBGene00001602,1,1.0,PFOS,0.0223690445693365,0.999139297746776,False,up
WBGene00017599,1,0.9666666666666667,PFOS,0.0222893690578201,0.999139297746776,False,up
WBGene00015454,1,1.0,PFOS,0.022092705603307,0.999139297746776,False,up
WBGene00002717,1,0.9666666666666667,PFOS,0.0216173608090031,0.999139297746776,False,up
WBGene00022062,1,0.9666666666666667,PFOS,0.0215188950366082,0.999139297746776,False,up
WBGene00009686,1,0.6333333333333333,PFOS,0.0212212393257253,0.999139297746776,False,up
WBGene00004000,1,1.0,PFOS,0.0211103454493719,0.999139297746776,False,up
WBGene00001488,1,0.9666666666666667,PFOS,0.0210032753165302,0.999139297746776,False,up
WBGene00007317,1,1.0,PFOS,0.0204414992802573,0.999139297746776,False,up
WBGene00003733,1,0.9666666666666667,PFOS,0.0198677010790026,0.999139297746776,False,up
WBGene00020445,1,0.5666666666666667,PFOS,0.0197590582352795,0.999139297746776,False,up
WBGene00015225,1,0.9666666666666667,PFOS,0.0190711411310727,0.999139297746776,False,up
WBGene00017032,1,0.9333333333333333,PFOS,0.0188911358244093,0.999139297746776,False,up
WBGene00019907,1,0.9333333333333333,PFOS,0.0187759153550644,0.999139297746776,False,up
WBGene00007103,1,0.6333333333333333,PFOS,0.0182940808532624,0.999139297746776,False,up
WBGene00003413,1,1.0,PFOS,0.0182121178636554,0.999139297746776,False,up
WBGene00002891,1,0.6,PFOS,0.017848834961759,0.999139297746776,False,up
WBGene00006718,1,0.9666666666666667,PFOS,0.0171920014759014,0.999139297746776,False,up
WBGene00011940,1,0.5333333333333333,PFOS,0.0170617042442238,0.999139297746776,False,up
WBGene00006876,1,0.9666666666666667,PFOS,0.0165196715036791,0.999139297746776,False,up
WBGene00013446,1,0.8333333333333334,PFOS,0.0164423344716681,0.999139297746776,False,up
WBGene00017945,1,1.0,PFOS,0.0164381990387965,0.999139297746776,False,up
WBGene00016739,1,0.9666666666666667,PFOS,0.0163774423020005,0.999139297746776,False,up
WBGene00016073,1,1.0,PFOS,0.0163767648615054,0.999139297746776,False,up
WBGene00022490,1,1.0,PFOS,0.0163076526671166,0.999139297746776,False,up
WBGene00009347,1,0.6333333333333333,PFOS,0.0160314106879074,0.999139297746776,False,up
WBGene00012101,1,0.9666666666666667,PFOS,0.016017752835452,0.999139297746776,False,up
WBGene00006780,1,0.9666666666666667,PFOS,0.0158906288229785,0.999139297746776,False,up
WBGene00007131,1,0.8666666666666667,PFOS,0.0158739637545616,0.999139297746776,False,up
WBGene00004414,1,1.0,PFOS,0.0154533604306405,0.999139297746776,False,up
WBGene00007358,1,0.9,PFOS,0.0149789958540183,0.999139297746776,False,up
WBGene00015143,1,0.9333333333333333,PFOS,0.0149318025533956,0.999139297746776,False,up
WBGene00016763,1,1.0,PFOS,0.0148500520311028,0.999139297746776,False,up
WBGene00020732,1,0.9666666666666667,PFOS,0.0144252861191917,0.999139297746776,False,up
WBGene00003396,1,0.9666666666666667,PFOS,0.0142086795548019,0.999139297746776,False,up
WBGene00004048,1,0.9666666666666667,PFOS,0.0140455842585596,0.999139297746776,False,up
WBGene00007655,1,0.9666666666666667,PFOS,0.0136394901190631,0.999139297746776,False,up
WBGene00016987,1,0.9333333333333333,PFOS,0.0136138406235943,0.999139297746776,False,up
WBGene00001137,1,1.0,PFOS,0.0130453843758433,0.999139297746776,False,up
WBGene00001572,1,0.9,PFOS,0.0128068618203583,0.999139297746776,False,up
WBGene00007591,1,1.0,PFOS,0.012725423698317,0.999139297746776,False,up
WBGene00004809,1,0.9666666666666667,PFOS,0.0127222690507063,0.999139297746776,False,up
WBGene00006615,1,0.9,PFOS,0.0126464314098278,0.999139297746776,False,up
WBGene00007122,1,0.5666666666666667,PFOS,0.0126135586983908,0.999139297746776,False,up
WBGene00022881,1,0.6,PFOS,0.0114688482884462,0.999139297746776,False,up
WBGene00013766,1,0.9,PFOS,0.0109233395911743,0.999139297746776,False,up
WBGene00000528,1,0.9333333333333333,PFOS,0.0107256818054474,0.999139297746776,False,up
WBGene00000116,1,0.9,PFOS,0.0102638104677279,0.999139297746776,False,up
WBGene00007296,1,0.6333333333333333,PFOS,0.0101372399879134,0.999139297746776,False,up
WBGene00012091,1,0.9666666666666667,PFOS,0.0096155643072343,0.999139297746776,False,up
WBGene00020457,1,0.9666666666666667,PFOS,0.0095638154149543,0.999139297746776,False,up
WBGene00006633,1,0.9666666666666667,PFOS,0.0092044294200682,0.999139297746776,False,up
WBGene00044014,1,0.9666666666666667,PFOS,0.008579744473714,0.999139297746776,False,up
WBGene00001153,1,1.0,PFOS,0.0084860067317145,0.999139297746776,False,up
WBGene00004311,1,1.0,PFOS,0.0084025469576597,0.999139297746776,False,up
WBGene00008427,1,0.7,PFOS,0.0080287584114734,0.999139297746776,False,up
WBGene00022518,1,0.9666666666666667,PFOS,0.0079734947363297,0.999139297746776,False,up
WBGene00011437,1,1.0,PFOS,0.0077691356656934,0.999139297746776,False,up
WBGene00006513,1,0.9666666666666667,PFOS,0.0073786522937745,0.999139297746776,False,up
WBGene00013497,1,1.0,PFOS,0.0070640543997098,0.999139297746776,False,up
WBGene00007924,1,0.9,PFOS,0.0070414327613404,0.999139297746776,False,up
WBGene00006735,1,1.0,PFOS,0.0066333802824645,0.999139297746776,False,up
WBGene00000178,1,1.0,PFOS,0.006564102514059,0.999139297746776,False,up
WBGene00006999,1,0.9333333333333333,PFOS,0.0064740323373478,0.999139297746776,False,up
WBGene00001116,1,1.0,PFOS,0.0062014782030157,0.999139297746776,False,up
WBGene00006566,1,0.9,PFOS,0.0054466160006154,0.999139297746776,False,up
WBGene00020358,1,0.8666666666666667,PFOS,0.0047711833894675,0.999139297746776,False,up
WBGene00013959,1,0.6,PFOS,0.0041272759618986,0.999139297746776,False,up
WBGene00000822,1,0.9666666666666667,PFOS,0.0038553514755715,0.999139297746776,False,up
WBGene00004681,1,0.9666666666666667,PFOS,0.0036120334628335,0.999139297746776,False,up
WBGene00195093,1,0.6333333333333333,PFOS,0.0035428926090535,0.999139297746776,False,up
WBGene00016319,1,0.8666666666666667,PFOS,0.0034665233826062,0.999139297746776,False,up
WBGene00022817,1,1.0,PFOS,0.0034382841169925,0.999139297746776,False,up
WBGene00021556,1,1.0,PFOS,0.0034215457131451,0.999139297746776,False,up
WBGene00000779,1,1.0,PFOS,0.0025367241666026,0.999139297746776,False,up
WBGene00045365,1,1.0,PFOS,0.0019540334766342,0.999139297746776,False,up
WBGene00001490,1,1.0,PFOS,0.0018306896329275,0.999139297746776,False,up
WBGene00018715,1,1.0,PFOS,0.0016597439459367,0.999139297746776,False,up
WBGene00010844,1,0.9,PFOS,0.0014853534117443,0.999139297746776,False,up
WBGene00008948,1,1.0,PFOS,0.0013545955397698,0.999139297746776,False,up
WBGene00021901,1,0.7,PFOS,0.0010836919939137,0.999139297746776,False,up
WBGene00023497,1,0.9333333333333333,PFOS,-0.0005012809711953,0.999139297746776,False,down
WBGene00015088,1,0.5666666666666667,PFOS,-0.0010291765925619,0.999139297746776,False,down
WBGene00014207,1,1.0,PFOS,-0.0017559841984782,0.999139297746776,False,down
WBGene00007090,1,0.8333333333333334,PFOS,-0.0018524553402016,0.999139297746776,False,down
WBGene00001880,1,0.9666666666666667,PFOS,-0.0022898315847011,0.999139297746776,False,down
WBGene00019732,1,0.9666666666666667,PFOS,-0.0024336545634768,0.999139297746776,False,down
WBGene00012471,1,0.7333333333333333,PFOS,-0.0029524396167212,0.999139297746776,False,down
WBGene00014253,1,1.0,PFOS,-0.0035984668624628,0.999139297746776,False,down
WBGene00020360,1,1.0,PFOS,-0.0037554478726258,0.999139297746776,False,down
WBGene00001491,1,1.0,PFOS,-0.0038197260455012,0.999139297746776,False,down
WBGene00003369,1,0.5333333333333333,PFOS,-0.0042178377551491,0.999139297746776,False,down
WBGene00013650,1,0.9666666666666667,PFOS,-0.0050455522681636,0.999139297746776,False,down
WBGene00002223,1,1.0,PFOS,-0.0051651434227212,0.999139297746776,False,down
WBGene00015553,1,1.0,PFOS,-0.0058682582303897,0.999139297746776,False,down
WBGene00019355,1,1.0,PFOS,-0.0061750871052136,0.999139297746776,False,down
WBGene00008199,1,1.0,PFOS,-0.0071179409632801,0.999139297746776,False,down
WBGene00009789,1,1.0,PFOS,-0.0077620411387613,0.999139297746776,False,down
WBGene00022194,1,0.8666666666666667,PFOS,-0.0081518623851226,0.999139297746776,False,down
WBGene00001895,1,0.9,PFOS,-0.0083381238470053,0.999139297746776,False,down
WBGene00009678,1,0.5333333333333333,PFOS,-0.0087052581541499,0.999139297746776,False,down
WBGene00016292,1,1.0,PFOS,-0.0088443333650522,0.999139297746776,False,down
WBGene00015644,1,0.6333333333333333,PFOS,-0.0088859922071195,0.999139297746776,False,down
WBGene00019268,1,1.0,PFOS,-0.0097091661771365,0.999139297746776,False,down
WBGene00011236,1,0.6,PFOS,-0.0101464251026573,0.999139297746776,False,down
WBGene00000137,1,0.9666666666666667,PFOS,-0.010706639449922,0.999139297746776,False,down
WBGene00017080,1,1.0,PFOS,-0.010999003731147,0.999139297746776,False,down
WBGene00013160,1,0.8333333333333334,PFOS,-0.0121076808964859,0.999139297746776,False,down
WBGene00022346,1,0.9666666666666667,PFOS,-0.0125478864355815,0.999139297746776,False,down
WBGene00020955,1,1.0,PFOS,-0.0127538424616792,0.999139297746776,False,down
WBGene00009994,1,0.7,PFOS,-0.0127733320486653,0.999139297746776,False,down
WBGene00009825,1,1.0,PFOS,-0.0133051474862034,0.999139297746776,False,down
WBGene00022019,1,0.9,PFOS,-0.0134776028656032,0.999139297746776,False,down
WBGene00019908,1,0.7333333333333333,PFOS,-0.0134812731544601,0.999139297746776,False,down
WBGene00020048,1,0.9666666666666667,PFOS,-0.0141430296531449,0.999139297746776,False,down
WBGene00019109,1,0.9,PFOS,-0.0145333918648128,0.999139297746776,False,down
WBGene00018646,1,0.9666666666666667,PFOS,-0.0149735673747449,0.999139297746776,False,down
WBGene00012239,1,1.0,PFOS,-0.0151285016749901,0.999139297746776,False,down
WBGene00001699,1,0.9666666666666667,PFOS,-0.0153589232180549,0.999139297746776,False,down
WBGene00012280,1,0.6,PFOS,-0.0155918428102649,0.999139297746776,False,down
WBGene00001684,1,0.9666666666666667,PFOS,-0.0156551972193543,0.999139297746776,False,down
WBGene00001168,1,1.0,PFOS,-0.0158106784690285,0.999139297746776,False,down
WBGene00022848,1,1.0,PFOS,-0.0159726015908014,0.999139297746776,False,down
WBGene00271830,1,0.9,PFOS,-0.0161461973648909,0.999139297746776,False,down
WBGene00010411,1,1.0,PFOS,-0.016197984470023,0.999139297746776,False,down
WBGene00005648,1,0.9333333333333333,PFOS,-0.0163813505684651,0.999139297746776,False,down
WBGene00019068,1,0.5666666666666667,PFOS,-0.0165634229277913,0.999139297746776,False,down
WBGene00016769,1,1.0,PFOS,-0.0166147321891832,0.999139297746776,False,down
WBGene00001687,1,1.0,PFOS,-0.0167222987069081,0.999139297746776,False,down
WBGene00004152,1,0.9333333333333333,PFOS,-0.0172881977601404,0.999139297746776,False,down
WBGene00020658,1,0.9666666666666667,PFOS,-0.0172977983676154,0.999139297746776,False,down
WBGene00008993,1,1.0,PFOS,-0.0175530905175328,0.999139297746776,False,down
WBGene00006754,1,1.0,PFOS,-0.0179798441329977,0.999139297746776,False,down
WBGene00004421,1,0.5666666666666667,PFOS,-0.0183295883216608,0.999139297746776,False,down
WBGene00017125,1,1.0,PFOS,-0.018366673585432,0.999139297746776,False,down
WBGene00015185,1,1.0,PFOS,-0.0184042797598746,0.999139297746776,False,down
WBGene00006928,1,0.6333333333333333,PFOS,-0.0200501725567274,0.999139297746776,False,down
WBGene00000556,1,1.0,PFOS,-0.0204367309038903,0.999139297746776,False,down
WBGene00002978,1,1.0,PFOS,-0.0207192504923093,0.999139297746776,False,down
WBGene00016112,1,0.9333333333333333,PFOS,-0.0213560183326135,0.999139297746776,False,down
WBGene00007013,1,0.6,PFOS,-0.0220330950888422,0.999139297746776,False,down
WBGene00022801,1,1.0,PFOS,-0.0221821189384818,0.999139297746776,False,down
WBGene00006504,1,1.0,PFOS,-0.0222380716137685,0.999139297746776,False,down
WBGene00005582,1,1.0,PFOS,-0.0229261729729993,0.999139297746776,False,down
WBGene00001893,1,0.9333333333333333,PFOS,-0.0241187633901972,0.999139297746776,False,down
WBGene00018675,1,1.0,PFOS,-0.0244379156854619,0.999139297746776,False,down
WBGene00016571,1,0.9666666666666667,PFOS,-0.0244905369894697,0.999139297746776,False,down
WBGene00009876,1,1.0,PFOS,-0.0249574488771919,0.999139297746776,False,down
WBGene00013593,1,0.7333333333333333,PFOS,-0.0266572751512682,0.999139297746776,False,down
WBGene00004790,1,1.0,PFOS,-0.0268560584417074,0.999139297746776,False,down
WBGene00014108,1,1.0,PFOS,-0.0268957731035945,0.999139297746776,False,down
WBGene00023451,1,0.9,PFOS,-0.0272112510468145,0.999139297746776,False,down
WBGene00008180,1,0.5666666666666667,PFOS,-0.0275623581922497,0.999139297746776,False,down
WBGene00010111,1,0.7666666666666667,PFOS,-0.0278934175378876,0.999139297746776,False,down
WBGene00006764,1,0.9666666666666667,PFOS,-0.0279985356198453,0.999139297746776,False,down
WBGene00004218,1,1.0,PFOS,-0.0282376110364203,0.999139297746776,False,down
WBGene00008452,1,1.0,PFOS,-0.0283351572835468,0.999139297746776,False,down
WBGene00022286,1,0.5666666666666667,PFOS,-0.0285418403343191,0.999139297746776,False,down
WBGene00016323,1,1.0,PFOS,-0.0285996232168352,0.999139297746776,False,down
WBGene00016499,1,0.9666666666666667,PFOS,-0.0289836787028373,0.999139297746776,False,down
WBGene00021564,1,0.9333333333333333,PFOS,-0.0292185410248546,0.999139297746776,False,down
WBGene00008735,1,1.0,PFOS,-0.0293093624115518,0.999139297746776,False,down
WBGene00015906,1,1.0,PFOS,-0.0295751370299268,0.999139297746776,False,down
WBGene00006369,1,0.9666666666666667,PFOS,-0.029711894611381,0.999139297746776,False,down
WBGene00003633,1,1.0,PFOS,-0.0302693571413337,0.999139297746776,False,down
WBGene00002063,1,0.8666666666666667,PFOS,-0.0304590175158139,0.999139297746776,False,down
WBGene00015336,1,0.9333333333333333,PFOS,-0.030562914274444,0.999139297746776,False,down
WBGene00000472,1,1.0,PFOS,-0.0312454026057129,0.999139297746776,False,down
WBGene00044260,1,0.6333333333333333,PFOS,-0.0312768967486196,0.999139297746776,False,down
WBGene00008793,1,1.0,PFOS,-0.0320622730506383,0.999139297746776,False,down
WBGene00000217,1,0.9,PFOS,-0.0320726924624744,0.999139297746776,False,down
WBGene00016435,1,1.0,PFOS,-0.0321472903422018,0.999139297746776,False,down
WBGene00003253,1,0.6333333333333333,PFOS,-0.0327557258404255,0.999139297746776,False,down
WBGene00018174,1,0.9666666666666667,PFOS,-0.0334148281782115,0.999139297746776,False,down
WBGene00020307,1,0.6333333333333333,PFOS,-0.033486670115167,0.999139297746776,False,down
WBGene00018153,1,0.9,PFOS,-0.0340890486473827,0.999139297746776,False,down
WBGene00019362,1,1.0,PFOS,-0.0346032777970752,0.999139297746776,False,down
WBGene00006309,1,0.9666666666666667,PFOS,-0.0349512347947811,0.999139297746776,False,down
WBGene00010620,1,0.6666666666666666,PFOS,-0.0352541746353665,0.999139297746776,False,down
WBGene00019367,1,1.0,PFOS,-0.0352756475227544,0.999139297746776,False,down
WBGene00003371,1,0.9666666666666667,PFOS,-0.035732408760768,0.999139297746776,False,down
WBGene00000959,1,1.0,PFOS,-0.0359974030144596,0.999139297746776,False,down
WBGene00020143,1,1.0,PFOS,-0.0362594988641054,0.999139297746776,False,down
WBGene00014214,1,0.8666666666666667,PFOS,-0.0363070461932635,0.999139297746776,False,down
WBGene00000074,1,0.8666666666666667,PFOS,-0.0365588523136354,0.999139297746776,False,down
WBGene00003097,1,1.0,PFOS,-0.0375156797877016,0.999139297746776,False,down
WBGene00022572,1,0.9666666666666667,PFOS,-0.0376760396480836,0.999139297746776,False,down
WBGene00019504,1,1.0,PFOS,-0.0380265218637331,0.999139297746776,False,down
WBGene00010053,1,0.5666666666666667,PFOS,-0.0380449076506515,0.999139297746776,False,down
WBGene00009554,1,0.9,PFOS,-0.0380606679891547,0.999139297746776,False,down
WBGene00020346,1,0.5666666666666667,PFOS,-0.0381162307976744,0.999139297746776,False,down
WBGene00011282,1,0.7333333333333333,PFOS,-0.0385525334386423,0.999139297746776,False,down
WBGene00019457,1,0.6,PFOS,-0.0387486058089238,0.999139297746776,False,down
WBGene00010605,1,1.0,PFOS,-0.0393045929895266,0.999139297746776,False,down
WBGene00008521,1,0.9333333333333333,PFOS,-0.0397088625237307,0.999139297746776,False,down
WBGene00019579,1,0.9666666666666667,PFOS,-0.0399363929932914,0.999139297746776,False,down
WBGene00010326,1,1.0,PFOS,-0.0402215471493276,0.999139297746776,False,down
WBGene00018478,1,0.7,PFOS,-0.0404538917518282,0.999139297746776,False,down
WBGene00045488,1,0.9666666666666667,PFOS,-0.0404737559587858,0.999139297746776,False,down
WBGene00011510,1,1.0,PFOS,-0.0411600204015281,0.999139297746776,False,down
WBGene00021749,1,0.9666666666666667,PFOS,-0.0416245442300206,0.999139297746776,False,down
WBGene00011868,1,0.7666666666666667,PFOS,-0.0420571052240097,0.999139297746776,False,down
WBGene00021043,1,1.0,PFOS,-0.0426041608631492,0.999139297746776,False,down
WBGene00009774,1,0.9666666666666667,PFOS,-0.0428367665817417,0.999139297746776,False,down
WBGene00000786,1,1.0,PFOS,-0.0430379318111925,0.999139297746776,False,down
WBGene00001918,1,0.5666666666666667,PFOS,-0.0434249160482737,0.999139297746776,False,down
WBGene00004896,1,0.8333333333333334,PFOS,-0.0439846252991854,0.999139297746776,False,down
WBGene00014864,1,0.9666666666666667,PFOS,-0.044026212423276,0.999139297746776,False,down
WBGene00011832,1,1.0,PFOS,-0.0443265949751772,0.999139297746776,False,down
WBGene00010902,1,0.9,PFOS,-0.0446107981461426,0.999139297746776,False,down
WBGene00016034,1,0.9666666666666667,PFOS,-0.0446635521869466,0.999139297746776,False,down
WBGene00022169,1,0.9,PFOS,-0.0455898682287494,0.999139297746776,False,down
WBGene00007153,1,1.0,PFOS,-0.0456676819312136,0.999139297746776,False,down
WBGene00018765,1,1.0,PFOS,-0.0457296329911454,0.999139297746776,False,down
WBGene00009358,1,0.9666666666666667,PFOS,-0.0462187060410479,0.999139297746776,False,down
WBGene00020884,1,1.0,PFOS,-0.0466544628822542,0.999139297746776,False,down
WBGene00022127,1,0.9666666666666667,PFOS,-0.0469228056024128,0.999139297746776,False,down
WBGene00011474,1,0.9666666666666667,PFOS,-0.0470199515832556,0.999139297746776,False,down
WBGene00001685,1,0.9,PFOS,-0.0475418919198268,0.999139297746776,False,down
WBGene00006649,1,1.0,PFOS,-0.0478914126679241,0.999139297746776,False,down
WBGene00000114,1,1.0,PFOS,-0.0479061612845502,0.999139297746776,False,down
WBGene00019917,1,0.9,PFOS,-0.0489088488671287,0.999139297746776,False,down
WBGene00006434,1,0.9666666666666667,PFOS,-0.0491844552304621,0.999139297746776,False,down
WBGene00015823,1,1.0,PFOS,-0.0494646589543391,0.999139297746776,False,down
WBGene00000840,1,0.8666666666666667,PFOS,-0.0503723303795787,0.999139297746776,False,down
WBGene00003111,1,0.6333333333333333,PFOS,-0.050408660627456,0.999139297746776,False,down
WBGene00002694,1,1.0,PFOS,-0.0504440999866619,0.999139297746776,False,down
WBGene00009433,1,0.9666666666666667,PFOS,-0.050601247737878,0.999139297746776,False,down
WBGene00016096,1,1.0,PFOS,-0.0506933214086638,0.999139297746776,False,down
WBGene00011880,1,1.0,PFOS,-0.0511158455787042,0.999139297746776,False,down
WBGene00004002,1,0.7,PFOS,-0.0511782392704454,0.999139297746776,False,down
WBGene00022691,1,0.9666666666666667,PFOS,-0.0514913156509346,0.999139297746776,False,down
WBGene00009947,1,1.0,PFOS,-0.0522768901448532,0.999139297746776,False,down
WBGene00018678,1,0.9333333333333333,PFOS,-0.0526733736622254,0.999139297746776,False,down
WBGene00021915,1,1.0,PFOS,-0.0527879333786887,0.999139297746776,False,down
WBGene00018738,1,0.9,PFOS,-0.0536875098956168,0.999139297746776,False,down
WBGene00021983,1,0.5666666666666667,PFOS,-0.0539532324190601,0.999139297746776,False,down
WBGene00017166,1,0.9333333333333333,PFOS,-0.0539630248768307,0.999139297746776,False,down
WBGene00003495,1,0.5666666666666667,PFOS,-0.0542082722394451,0.999139297746776,False,down
WBGene00003642,1,1.0,PFOS,-0.0542821391325243,0.999139297746776,False,down
WBGene00019207,1,1.0,PFOS,-0.0552323580411941,0.999139297746776,False,down
WBGene00008301,1,0.9666666666666667,PFOS,-0.0557031096858753,0.999139297746776,False,down
WBGene00013078,1,0.7666666666666667,PFOS,-0.0558622600576122,0.999139297746776,False,down
WBGene00011776,1,0.5666666666666667,PFOS,-0.0559509217869753,0.999139297746776,False,down
WBGene00021081,1,0.9666666666666667,PFOS,-0.0561200364277209,0.999139297746776,False,down
WBGene00005342,1,0.9666666666666667,PFOS,-0.0563145160694521,0.999139297746776,False,down
WBGene00010280,1,0.9666666666666667,PFOS,-0.0563658072913449,0.999139297746776,False,down
WBGene00000049,1,1.0,PFOS,-0.0589247768318806,0.999139297746776,False,down
WBGene00009389,1,0.8,PFOS,-0.0599751803558956,0.999139297746776,False,down
WBGene00017936,1,0.6333333333333333,PFOS,-0.0605049068446563,0.999139297746776,False,down
WBGene00012439,1,1.0,PFOS,-0.0608926397573288,0.999139297746776,False,down
WBGene00015646,1,0.5666666666666667,PFOS,-0.0617857471024846,0.999139297746776,False,down
WBGene00020908,1,1.0,PFOS,-0.0623067049291789,0.999139297746776,False,down
WBGene00019843,1,1.0,PFOS,-0.0625752019027013,0.999139297746776,False,down
WBGene00001647,1,1.0,PFOS,-0.0632642210667054,0.999139297746776,False,down
WBGene00013876,1,0.6,PFOS,-0.0636254321576821,0.999139297746776,False,down
WBGene00010778,1,1.0,PFOS,-0.0637967051575104,0.999139297746776,False,down
WBGene00009354,1,0.9666666666666667,PFOS,-0.0639064411703716,0.999139297746776,False,down
WBGene00004402,1,1.0,PFOS,-0.0650543463906612,0.999139297746776,False,down
WBGene00004049,1,0.9,PFOS,-0.0653670333715737,0.999139297746776,False,down
WBGene00021183,1,0.6333333333333333,PFOS,-0.0656930125356923,0.999139297746776,False,down
WBGene00007482,1,1.0,PFOS,-0.0657571196083815,0.999139297746776,False,down
WBGene00013289,1,1.0,PFOS,-0.0661434008920908,0.999139297746776,False,down
WBGene00018921,1,1.0,PFOS,-0.0668673917439286,0.999139297746776,False,down
WBGene00001939,1,0.9666666666666667,PFOS,-0.068473857760773,0.999139297746776,False,down
WBGene00017592,1,0.9,PFOS,-0.0685480306679794,0.999139297746776,False,down
WBGene00010988,1,0.5333333333333333,PFOS,-0.0686270657826714,0.999139297746776,False,down
WBGene00011774,1,0.9666666666666667,PFOS,-0.0690752234224257,0.999139297746776,False,down
WBGene00020088,1,1.0,PFOS,-0.0692508162528968,0.999139297746776,False,down
WBGene00010503,1,1.0,PFOS,-0.0704049460007425,0.999139297746776,False,down
WBGene00007786,1,0.9666666666666667,PFOS,-0.071348417100799,0.999139297746776,False,down
WBGene00012112,1,0.9333333333333333,PFOS,-0.0715583107419413,0.999139297746776,False,down
WBGene00007221,1,0.9666666666666667,PFOS,-0.0716143205610136,0.999139297746776,False,down
WBGene00006514,1,0.6333333333333333,PFOS,-0.071751965733937,0.999139297746776,False,down
WBGene00011528,1,1.0,PFOS,-0.0725593357499097,0.999139297746776,False,down
WBGene00005893,1,1.0,PFOS,-0.0726267426888316,0.999139297746776,False,down
WBGene00044666,1,0.5,PFOS,-0.0727752107137376,0.999139297746776,False,down
WBGene00003934,1,1.0,PFOS,-0.0728655325744689,0.999139297746776,False,down
WBGene00001740,1,0.5666666666666667,PFOS,-0.0732398885520797,0.999139297746776,False,down
WBGene00017121,1,1.0,PFOS,-0.0736127006152273,0.999139297746776,False,down
WBGene00000929,1,0.9666666666666667,PFOS,-0.0736468661151287,0.999139297746776,False,down
WBGene00010637,1,1.0,PFOS,-0.0741077669136444,0.999139297746776,False,down
WBGene00270320,1,1.0,PFOS,-0.0741897855853287,0.999139297746776,False,down
WBGene00010337,1,1.0,PFOS,-0.0745314171148097,0.999139297746776,False,down
WBGene00015227,1,0.9666666666666667,PFOS,-0.0750523153177129,0.999139297746776,False,down
WBGene00018702,1,0.5,PFOS,-0.0753976716767269,0.999139297746776,False,down
WBGene00000283,1,0.7,PFOS,-0.0756499135614151,0.999139297746776,False,down
WBGene00007617,1,0.9333333333333333,PFOS,-0.0757139041647922,0.999139297746776,False,down
WBGene00006638,1,0.5666666666666667,PFOS,-0.0759258084342886,0.999139297746776,False,down
WBGene00012125,1,0.9666666666666667,PFOS,-0.0762666223991628,0.999139297746776,False,down
WBGene00006730,1,1.0,PFOS,-0.0764647796420794,0.999139297746776,False,down
WBGene00001946,1,0.7666666666666667,PFOS,-0.0764920926660091,0.999139297746776,False,down
WBGene00011765,1,0.6333333333333333,PFOS,-0.0765098201157498,0.999139297746776,False,down
WBGene00009061,1,0.9666666666666667,PFOS,-0.0768550678361587,0.999139297746776,False,down
WBGene00007322,1,0.9333333333333333,PFOS,-0.0771382673078175,0.999139297746776,False,down
WBGene00017777,1,1.0,PFOS,-0.0784445201405287,0.999139297746776,False,down
WBGene00004781,1,0.7666666666666667,PFOS,-0.0799324615977393,0.999139297746776,False,down
WBGene00010450,1,1.0,PFOS,-0.0799710306611445,0.999139297746776,False,down
WBGene00219451,1,1.0,PFOS,-0.0803024985670909,0.999139297746776,False,down
WBGene00016150,1,0.8666666666666667,PFOS,-0.080302516710909,0.999139297746776,False,down
WBGene00020612,1,1.0,PFOS,-0.0806648731840466,0.999139297746776,False,down
WBGene00006533,1,0.5666666666666667,PFOS,-0.0816007528472821,0.999139297746776,False,down
WBGene00001854,1,1.0,PFOS,-0.0816613852518417,0.999139297746776,False,down
WBGene00008267,1,0.9666666666666667,PFOS,-0.0821201931356508,0.999139297746776,False,down
WBGene00011258,1,0.9,PFOS,-0.082531197738341,0.999139297746776,False,down
WBGene00015224,1,0.9666666666666667,PFOS,-0.0827119816829384,0.999139297746776,False,down
WBGene00015167,1,0.8666666666666667,PFOS,-0.0827581542473687,0.999139297746776,False,down
WBGene00019731,1,0.7333333333333333,PFOS,-0.0829063997665111,0.999139297746776,False,down
WBGene00006562,1,0.6333333333333333,PFOS,-0.0841612603666648,0.999139297746776,False,down
WBGene00017397,1,0.7,PFOS,-0.0843018698656848,0.999139297746776,False,down
WBGene00020335,1,0.5,PFOS,-0.0856651606171362,0.999139297746776,False,down
WBGene00022606,1,1.0,PFOS,-0.0857335141754889,0.999139297746776,False,down
WBGene00016045,1,0.7,PFOS,-0.0869969325998728,0.999139297746776,False,down
WBGene00012921,1,1.0,PFOS,-0.0871137293572706,0.999139297746776,False,down
WBGene00018467,1,1.0,PFOS,-0.0872177685410427,0.999139297746776,False,down
WBGene00017506,1,1.0,PFOS,-0.0879838669175661,0.999139297746776,False,down
WBGene00017322,1,0.5333333333333333,PFOS,-0.0885229824835412,0.999139297746776,False,down
WBGene00015894,1,1.0,PFOS,-0.088562430596507,0.999139297746776,False,down
WBGene00020709,1,1.0,PFOS,-0.0886031463344224,0.999139297746776,False,down
WBGene00018692,1,1.0,PFOS,-0.0886433249878645,0.999139297746776,False,down
WBGene00002974,1,0.6,PFOS,-0.0890587407163235,0.999139297746776,False,down
WBGene00001702,1,0.9666666666666667,PFOS,-0.0892846851465189,0.999139297746776,False,down
WBGene00005931,1,0.6666666666666666,PFOS,-0.0894113613599229,0.999139297746776,False,down
WBGene00014057,1,1.0,PFOS,-0.0896322140180331,0.999139297746776,False,down
WBGene00013840,1,1.0,PFOS,-0.091120668980932,0.999139297746776,False,down
WBGene00015711,1,0.9333333333333333,PFOS,-0.0915507357183278,0.999139297746776,False,down
WBGene00019240,1,0.9333333333333333,PFOS,-0.0920713231708082,0.999139297746776,False,down
WBGene00011262,1,1.0,PFOS,-0.0934337343831385,0.999139297746776,False,down
WBGene00017755,1,0.9333333333333333,PFOS,-0.0941091823196786,0.999139297746776,False,down
WBGene00008022,1,0.9333333333333333,PFOS,-0.0941737502118489,0.999139297746776,False,down
WBGene00008099,1,0.9333333333333333,PFOS,-0.0942965232609459,0.999139297746776,False,down
WBGene00021835,1,0.7,PFOS,-0.0943674364975928,0.999139297746776,False,down
WBGene00014252,1,0.9666666666666667,PFOS,-0.0950445364828563,0.999139297746776,False,down
WBGene00009995,1,1.0,PFOS,-0.0950785403115703,0.999139297746776,False,down
WBGene00009480,1,0.5,PFOS,-0.0953391096707766,0.999139297746776,False,down
WBGene00009577,1,0.6333333333333333,PFOS,-0.0958846230952808,0.999139297746776,False,down
WBGene00016717,1,0.9666666666666667,PFOS,-0.0961162116777557,0.999139297746776,False,down
WBGene00010773,1,0.9,PFOS,-0.0966780789656392,0.999139297746776,False,down
WBGene00007056,1,1.0,PFOS,-0.0968895918705822,0.999139297746776,False,down
WBGene00004823,1,1.0,PFOS,-0.0970426628743754,0.999139297746776,False,down
WBGene00019214,1,0.9666666666666667,PFOS,-0.0972293973540721,0.999139297746776,False,down
WBGene00013292,1,0.9666666666666667,PFOS,-0.0973352719505237,0.999139297746776,False,down
WBGene00016811,1,0.9,PFOS,-0.0974576615405832,0.999139297746776,False,down
WBGene00011967,1,1.0,PFOS,-0.0985049939836394,0.999139297746776,False,down
WBGene00004796,1,1.0,PFOS,-0.0988736598663735,0.999139297746776,False,down
WBGene00001923,1,0.9,PFOS,-0.0989036564861657,0.999139297746776,False,down
WBGene00023483,1,1.0,PFOS,-0.0995352815644225,0.999139297746776,False,down
WBGene00003224,1,0.7666666666666667,PFOS,-0.10065417404015,0.999139297746776,False,down
WBGene00009971,1,1.0,PFOS,-0.101123293184766,0.999139297746776,False,down
WBGene00012591,1,0.9,PFOS,-0.101130143852158,0.999139297746776,False,down
WBGene00016048,1,0.7666666666666667,PFOS,-0.101404541845601,0.999139297746776,False,down
WBGene00003992,1,0.5666666666666667,PFOS,-0.101442166076831,0.999139297746776,False,down
WBGene00009518,1,1.0,PFOS,-0.102178951300508,0.999139297746776,False,down
WBGene00019058,1,1.0,PFOS,-0.102451917873237,0.999139297746776,False,down
WBGene00009334,1,1.0,PFOS,-0.102483000006896,0.999139297746776,False,down
WBGene00015759,1,0.5333333333333333,PFOS,-0.102832030431458,0.999139297746776,False,down
WBGene00018144,1,0.8666666666666667,PFOS,-0.103485578966521,0.999139297746776,False,down
WBGene00015514,1,0.7333333333333333,PFOS,-0.103586654828453,0.999139297746776,False,down
WBGene00022847,1,0.9666666666666667,PFOS,-0.10379241879223,0.999139297746776,False,down
WBGene00044772,1,1.0,PFOS,-0.104081231125011,0.999139297746776,False,down
WBGene00001926,1,0.9333333333333333,PFOS,-0.104334258009728,0.999139297746776,False,down
WBGene00011990,1,1.0,PFOS,-0.105104176892642,0.999139297746776,False,down
WBGene00009157,1,1.0,PFOS,-0.105477330014605,0.999139297746776,False,down
WBGene00015327,1,0.6,PFOS,-0.106222091883314,0.999139297746776,False,down
WBGene00007384,1,1.0,PFOS,-0.106492692723092,0.999139297746776,False,down
WBGene00009511,1,0.6,PFOS,-0.107018325427857,0.999139297746776,False,down
WBGene00019846,1,1.0,PFOS,-0.107089006802223,0.999139297746776,False,down
WBGene00009200,1,0.6,PFOS,-0.107196299741223,0.999139297746776,False,down
WBGene00001928,1,0.9,PFOS,-0.10737263701488,0.999139297746776,False,down
WBGene00012726,1,0.9666666666666667,PFOS,-0.108394363621354,0.999139297746776,False,down
WBGene00020166,1,1.0,PFOS,-0.108405985285851,0.999139297746776,False,down
WBGene00001204,1,0.9,PFOS,-0.109105481014764,0.999139297746776,False,down
WBGene00001780,1,0.8666666666666667,PFOS,-0.109449864210287,0.999139297746776,False,down
WBGene00020743,1,1.0,PFOS,-0.10975061550851,0.999139297746776,False,down
WBGene00000795,1,1.0,PFOS,-0.109765530838016,0.999139297746776,False,down
WBGene00003736,1,0.5,PFOS,-0.110278006946957,0.999139297746776,False,down
WBGene00014091,1,0.9666666666666667,PFOS,-0.112140581335592,0.999139297746776,False,down
WBGene00000522,1,0.6666666666666666,PFOS,-0.112259801248897,0.999139297746776,False,down
WBGene00001766,1,0.9,PFOS,-0.112265525953134,0.999139297746776,False,down
WBGene00010080,1,1.0,PFOS,-0.112745260312854,0.999139297746776,False,down
WBGene00001793,1,0.9666666666666667,PFOS,-0.112833937920531,0.999139297746776,False,down
WBGene00013266,1,1.0,PFOS,-0.11344400860155,0.999139297746776,False,down
WBGene00000964,1,1.0,PFOS,-0.113536975710569,0.999139297746776,False,down
WBGene00015050,1,1.0,PFOS,-0.113539931727907,0.999139297746776,False,down
WBGene00006587,1,0.6333333333333333,PFOS,-0.113742741734101,0.999139297746776,False,down
WBGene00009617,1,1.0,PFOS,-0.114337525640113,0.999139297746776,False,down
WBGene00004005,1,0.9666666666666667,PFOS,-0.117896618819861,0.999139297746776,False,down
WBGene00001432,1,0.5666666666666667,PFOS,-0.118459050849616,0.999139297746776,False,down
WBGene00012152,1,0.9333333333333333,PFOS,-0.119062203397205,0.999139297746776,False,down
WBGene00019677,1,0.7,PFOS,-0.120764747163653,0.999139297746776,False,down
WBGene00000451,1,0.9666666666666667,PFOS,-0.121455327199177,0.999139297746776,False,down
WBGene00007163,1,1.0,PFOS,-0.122212422205998,0.999139297746776,False,down
WBGene00016817,1,1.0,PFOS,-0.12222636142373,0.999139297746776,False,down
WBGene00018839,1,1.0,PFOS,-0.123073744111411,0.999139297746776,False,down
WBGene00017093,1,0.9666666666666667,PFOS,-0.123224901133866,0.999139297746776,False,down
WBGene00011575,1,0.8333333333333334,PFOS,-0.123354587239461,0.999139297746776,False,down
WBGene00022766,1,1.0,PFOS,-0.124972094956423,0.999139297746776,False,down
WBGene00019644,1,0.9666666666666667,PFOS,-0.126124535505383,0.999139297746776,False,down
WBGene00001719,1,0.5666666666666667,PFOS,-0.126315886328003,0.999139297746776,False,down
WBGene00009735,1,0.9333333333333333,PFOS,-0.127250430711628,0.999139297746776,False,down
WBGene00011708,1,0.9666666666666667,PFOS,-0.127297235497986,0.999139297746776,False,down
WBGene00016061,1,1.0,PFOS,-0.127610987408584,0.999139297746776,False,down
WBGene00011532,1,1.0,PFOS,-0.128221013251547,0.999139297746776,False,down
WBGene00012688,1,1.0,PFOS,-0.128253853213353,0.999139297746776,False,down
WBGene00002057,1,1.0,PFOS,-0.128475004975196,0.999139297746776,False,down
WBGene00013752,1,1.0,PFOS,-0.128546141065588,0.999139297746776,False,down
WBGene00020862,1,0.5,PFOS,-0.128644672851248,0.999139297746776,False,down
WBGene00021526,1,0.6333333333333333,PFOS,-0.128661746674916,0.999139297746776,False,down
WBGene00044469,1,0.7,PFOS,-0.130290606020555,0.999139297746776,False,down
WBGene00004390,1,0.7,PFOS,-0.13077510705054,0.999139297746776,False,down
WBGene00044067,1,0.9666666666666667,PFOS,-0.133942142816169,0.999139297746776,False,down
WBGene00011235,1,1.0,PFOS,-0.134466171777514,0.999139297746776,False,down
WBGene00014206,1,1.0,PFOS,-0.135081240793859,0.999139297746776,False,down
WBGene00021213,1,1.0,PFOS,-0.135266863778847,0.999139297746776,False,down
WBGene00021008,1,0.9666666666666667,PFOS,-0.136065971912945,0.999139297746776,False,down
WBGene00008390,1,0.6,PFOS,-0.136084852327273,0.999139297746776,False,down
WBGene00001618,1,0.9333333333333333,PFOS,-0.137688476508831,0.999139297746776,False,down
WBGene00010774,1,1.0,PFOS,-0.138719879822915,0.999139297746776,False,down
WBGene00016190,1,1.0,PFOS,-0.140022046563985,0.999139297746776,False,down
WBGene00004225,1,0.5333333333333333,PFOS,-0.140113784906765,0.999139297746776,False,down
WBGene00007015,1,1.0,PFOS,-0.141306140555729,0.999139297746776,False,down
WBGene00009031,1,1.0,PFOS,-0.142512212908683,0.999139297746776,False,down
WBGene00010504,1,1.0,PFOS,-0.142798461522162,0.999139297746776,False,down
WBGene00020141,1,1.0,PFOS,-0.143024521820827,0.999139297746776,False,down
WBGene00009495,1,0.9333333333333333,PFOS,-0.143365041584308,0.999139297746776,False,down
WBGene00020311,1,1.0,PFOS,-0.143850988832746,0.999139297746776,False,down
WBGene00001877,1,1.0,PFOS,-0.14418888807647,0.999139297746776,False,down
WBGene00012023,1,0.9666666666666667,PFOS,-0.144893641991818,0.999139297746776,False,down
WBGene00006461,1,0.6333333333333333,PFOS,-0.147940840357622,0.999139297746776,False,down
WBGene00016424,1,0.9666666666666667,PFOS,-0.148273863000718,0.999139297746776,False,down
WBGene00015557,1,0.9333333333333333,PFOS,-0.1493726851002,0.999139297746776,False,down
WBGene00013935,1,1.0,PFOS,-0.149527586640563,0.999139297746776,False,down
WBGene00019738,1,0.9,PFOS,-0.149863245366002,0.999139297746776,False,down
WBGene00015190,1,0.9666666666666667,PFOS,-0.150192626903652,0.999139297746776,False,down
WBGene00012967,1,0.9666666666666667,PFOS,-0.151547114084917,0.999139297746776,False,down
WBGene00009056,1,1.0,PFOS,-0.152659461354054,0.999139297746776,False,down
WBGene00015807,1,1.0,PFOS,-0.153945467453526,0.999139297746776,False,down
WBGene00020137,1,1.0,PFOS,-0.155274646661898,0.999139297746776,False,down
WBGene00009902,1,1.0,PFOS,-0.155413222986749,0.999139297746776,False,down
WBGene00009943,1,0.9,PFOS,-0.156317868854178,0.999139297746776,False,down
WBGene00001905,1,0.9333333333333333,PFOS,-0.157064049958071,0.999139297746776,False,down
WBGene00001644,1,1.0,PFOS,-0.15716269677789,0.999139297746776,False,down
WBGene00044416,1,1.0,PFOS,-0.157479680572847,0.999139297746776,False,down
WBGene00008152,1,1.0,PFOS,-0.158678905358075,0.999139297746776,False,down
WBGene00017257,1,0.9,PFOS,-0.159997935941215,0.999139297746776,False,down
WBGene00018067,1,1.0,PFOS,-0.160443137971771,0.999139297746776,False,down
WBGene00044574,1,1.0,PFOS,-0.160763936353429,0.999139297746776,False,down
WBGene00044316,1,0.9666666666666667,PFOS,-0.161254296378984,0.999139297746776,False,down
WBGene00004275,1,0.6,PFOS,-0.162257275853568,0.999139297746776,False,down
WBGene00018354,1,0.9666666666666667,PFOS,-0.162606679213884,0.999139297746776,False,down
WBGene00044898,1,1.0,PFOS,-0.162723770270472,0.999139297746776,False,down
WBGene00013602,1,0.6666666666666666,PFOS,-0.163273035962362,0.999139297746776,False,down
WBGene00007134,1,0.9666666666666667,PFOS,-0.165123822506906,0.999139297746776,False,down
WBGene00011906,1,0.9,PFOS,-0.166718270258494,0.999139297746776,False,down
WBGene00017957,1,1.0,PFOS,-0.166944160863682,0.999139297746776,False,down
WBGene00010646,1,1.0,PFOS,-0.171595120013349,0.999139297746776,False,down
WBGene00003096,1,0.8333333333333334,PFOS,-0.172032511634221,0.999139297746776,False,down
WBGene00019552,1,1.0,PFOS,-0.172410151291204,0.999139297746776,False,down
WBGene00011668,1,0.9333333333333333,PFOS,-0.175406086563937,0.999139297746776,False,down
WBGene00008495,1,0.9,PFOS,-0.177295657500129,0.999139297746776,False,down
WBGene00018902,1,1.0,PFOS,-0.177608402425948,0.999139297746776,False,down
WBGene00002272,1,1.0,PFOS,-0.178600487525441,0.999139297746776,False,down
WBGene00001399,1,1.0,PFOS,-0.178666285121469,0.999139297746776,False,down
WBGene00012753,1,1.0,PFOS,-0.181314486609328,0.999139297746776,False,down
WBGene00001771,1,1.0,PFOS,-0.186721618773518,0.999139297746776,False,down
WBGene00020359,1,0.7,PFOS,-0.186953640975428,0.999139297746776,False,down
WBGene00001933,1,0.9666666666666667,PFOS,-0.188769834319906,0.999139297746776,False,down
WBGene00045416,1,0.9666666666666667,PFOS,-0.189440105255574,0.999139297746776,False,down
WBGene00008492,1,1.0,PFOS,-0.190155723262145,0.999139297746776,False,down
WBGene00003765,1,1.0,PFOS,-0.190895195480451,0.999139297746776,False,down
WBGene00015100,1,0.9666666666666667,PFOS,-0.19103358947373,0.999139297746776,False,down
WBGene00010050,1,0.8,PFOS,-0.191786521526353,0.999139297746776,False,down
WBGene00000212,1,0.9,PFOS,-0.193430378137362,0.999139297746776,False,down
WBGene00011762,1,0.9,PFOS,-0.196683328597602,0.999139297746776,False,down
WBGene00000712,1,0.9666666666666667,PFOS,-0.19705332882165,0.999139297746776,False,down
WBGene00010649,1,0.6,PFOS,-0.197632279286743,0.999139297746776,False,down
WBGene00007978,1,1.0,PFOS,-0.198829912419765,0.999139297746776,False,down
WBGene00001931,1,0.9666666666666667,PFOS,-0.199620928696649,0.999139297746776,False,down
WBGene00003769,1,0.9666666666666667,PFOS,-0.201033964304176,0.999139297746776,False,down
WBGene00194646,1,0.9666666666666667,PFOS,-0.201159047570658,0.999139297746776,False,down
WBGene00007660,1,0.9666666666666667,PFOS,-0.205172529614973,0.999139297746776,False,down
WBGene00001925,1,0.9333333333333333,PFOS,-0.206292133959816,0.999139297746776,False,down
WBGene00044291,1,0.9,PFOS,-0.208502441814634,0.999139297746776,False,down
WBGene00017645,1,1.0,PFOS,-0.208903797569047,0.999139297746776,False,down
WBGene00008553,1,0.9,PFOS,-0.20897538655035,0.999139297746776,False,down
WBGene00005585,1,0.9333333333333333,PFOS,-0.210420557118509,0.999139297746776,False,down
WBGene00010566,1,0.6333333333333333,PFOS,-0.210812113937237,0.999139297746776,False,down
WBGene00235113,1,0.9666666666666667,PFOS,-0.210964387728958,0.999139297746776,False,down
WBGene00014052,1,0.6,PFOS,-0.218121265879968,0.999139297746776,False,down
WBGene00005484,1,0.9666666666666667,PFOS,-0.220307922465085,0.999139297746776,False,down
WBGene00015291,1,1.0,PFOS,-0.223538703444367,0.999139297746776,False,down
WBGene00021403,1,0.7333333333333333,PFOS,-0.226017114288061,0.999139297746776,False,down
WBGene00003771,1,1.0,PFOS,-0.227712785988846,0.999139297746776,False,down
WBGene00009361,1,1.0,PFOS,-0.228278357535047,0.999139297746776,False,down
WBGene00011852,1,0.9,PFOS,-0.229179597853785,0.999139297746776,False,down
WBGene00001921,1,1.0,PFOS,-0.230482760982408,0.999139297746776,False,down
WBGene00001932,1,1.0,PFOS,-0.230513107603072,0.999139297746776,False,down
WBGene00284844,1,1.0,PFOS,-0.230575369130816,0.999139297746776,False,down
WBGene00022642,1,1.0,PFOS,-0.231757158262674,0.999139297746776,False,down
WBGene00012589,1,1.0,PFOS,-0.232109487481795,0.999139297746776,False,down
WBGene00017658,1,0.9333333333333333,PFOS,-0.23280902146409,0.999139297746776,False,down
WBGene00001881,1,0.9666666666666667,PFOS,-0.233136885109751,0.999139297746776,False,down
WBGene00138721,1,0.9666666666666667,PFOS,-0.236308972216112,0.999139297746776,False,down
WBGene00012324,1,0.9,PFOS,-0.237746571344497,0.999139297746776,False,down
WBGene00011223,1,1.0,PFOS,-0.241575319298388,0.999139297746776,False,down
WBGene00010659,1,0.8,PFOS,-0.24176176344121,0.999139297746776,False,down
WBGene00011757,1,1.0,PFOS,-0.245626303296171,0.999139297746776,False,down
WBGene00044132,1,1.0,PFOS,-0.246326274653342,0.999139297746776,False,down
WBGene00001886,1,0.5,PFOS,-0.246528164442826,0.999139297746776,False,down
WBGene00013980,1,0.6,PFOS,-0.247876058340381,0.999139297746776,False,down
WBGene00010123,1,1.0,PFOS,-0.249094241946746,0.999139297746776,False,down
WBGene00015473,1,0.6333333333333333,PFOS,-0.254083867725979,0.999139297746776,False,down
WBGene00010516,1,1.0,PFOS,-0.256500751782933,0.999139297746776,False,down
WBGene00044028,1,1.0,PFOS,-0.259239637367429,0.999139297746776,False,down
WBGene00013904,1,0.9666666666666667,PFOS,-0.262986648950264,0.999139297746776,False,down
WBGene00012155,1,1.0,PFOS,-0.270847011956412,0.999139297746776,False,down
WBGene00007841,1,1.0,PFOS,-0.273302579104443,0.999139297746776,False,down
WBGene00013381,1,1.0,PFOS,-0.273830914008915,0.999139297746776,False,down
WBGene00010004,1,0.5666666666666667,PFOS,-0.274890935749708,0.999139297746776,False,down
WBGene00045297,1,0.9333333333333333,PFOS,-0.275485856223868,0.999139297746776,False,down
WBGene00001609,1,0.6,PFOS,-0.275560559870931,0.999139297746776,False,down
WBGene00020472,1,0.9666666666666667,PFOS,-0.275930949702545,0.999139297746776,False,down
WBGene00010563,1,0.5333333333333333,PFOS,-0.276152177657426,0.999139297746776,False,down
WBGene00008477,1,0.9333333333333333,PFOS,-0.277578766276944,0.999139297746776,False,down
WBGene00009983,1,1.0,PFOS,-0.278446704240327,0.999139297746776,False,down
WBGene00044034,1,0.9666666666666667,PFOS,-0.281378836409963,0.999139297746776,False,down
WBGene00002095,1,1.0,PFOS,-0.285121581878725,0.999139297746776,False,down
WBGene00007183,1,0.9666666666666667,PFOS,-0.286579117087771,0.999139297746776,False,down
WBGene00013820,1,1.0,PFOS,-0.289841052832954,0.999139297746776,False,down
WBGene00012840,1,1.0,PFOS,-0.291154326299119,0.999139297746776,False,down
WBGene00022497,1,0.6333333333333333,PFOS,-0.292490610315542,0.999139297746776,False,down
WBGene00021000,1,0.6333333333333333,PFOS,-0.292944010369536,0.999139297746776,False,down
WBGene00017867,1,0.9,PFOS,-0.293724224005237,0.999139297746776,False,down
WBGene00195165,1,0.9666666666666667,PFOS,-0.294595211350498,0.999139297746776,False,down
WBGene00021768,1,0.8666666666666667,PFOS,-0.295765300961116,0.999139297746776,False,down
WBGene00015455,1,0.9666666666666667,PFOS,-0.297150755110076,0.999139297746776,False,down
WBGene00010745,1,1.0,PFOS,-0.303810567702376,0.999139297746776,False,down
WBGene00022644,1,0.7666666666666667,PFOS,-0.30434632549033,0.999139297746776,False,down
WBGene00009413,1,1.0,PFOS,-0.306270669117384,0.999139297746776,False,down
WBGene00007891,1,1.0,PFOS,-0.307368917320924,0.999139297746776,False,down
WBGene00164973,1,1.0,PFOS,-0.308590067811344,0.999139297746776,False,down
WBGene00016360,1,0.8,PFOS,-0.311961303502785,0.999139297746776,False,down
WBGene00077692,1,0.9666666666666667,PFOS,-0.314647274904937,0.999139297746776,False,down
WBGene00009170,1,1.0,PFOS,-0.325777182176941,0.999139297746776,False,down
WBGene00018393,1,1.0,PFOS,-0.326646296658535,0.999139297746776,False,down
WBGene00194645,1,0.9666666666666667,PFOS,-0.32907114163521,0.999139297746776,False,down
WBGene00012593,1,0.8333333333333334,PFOS,-0.330235685421157,0.999139297746776,False,down
WBGene00086560,1,0.9333333333333333,PFOS,-0.340699576544058,0.999139297746776,False,down
WBGene00017881,1,1.0,PFOS,-0.341549017065509,0.999139297746776,False,down
WBGene00044237,1,0.9666666666666667,PFOS,-0.344783543950192,0.999139297746776,False,down
WBGene00000979,1,0.6666666666666666,PFOS,-0.345135880523842,0.999139297746776,False,down
WBGene00006952,1,1.0,PFOS,-0.345987660503197,0.999139297746776,False,down
WBGene00271605,1,0.9666666666666667,PFOS,-0.347360711102133,0.999139297746776,False,down
WBGene00014761,1,1.0,PFOS,-0.348345357557983,0.999139297746776,False,down
WBGene00021580,1,0.5,PFOS,-0.350508506731916,0.999139297746776,False,down
WBGene00020648,1,1.0,PFOS,-0.359649516921507,0.999139297746776,False,down
WBGene00011952,1,0.6333333333333333,PFOS,-0.361358299303466,0.999139297746776,False,down
WBGene00007866,1,0.5333333333333333,PFOS,-0.36490691306162,0.999139297746776,False,down
WBGene00018903,1,0.8666666666666667,PFOS,-0.364952311662293,0.999139297746776,False,down
WBGene00018591,1,0.9666666666666667,PFOS,-0.368438424159187,0.999139297746776,False,down
WBGene00005925,1,1.0,PFOS,-0.371866013923834,0.999139297746776,False,down
WBGene00001937,1,0.9333333333333333,PFOS,-0.376146456908242,0.999139297746776,False,down
WBGene00010034,1,1.0,PFOS,-0.377452191447009,0.999139297746776,False,down
WBGene00009215,1,0.9333333333333333,PFOS,-0.378606855362136,0.999139297746776,False,down
WBGene00012583,1,0.9333333333333333,PFOS,-0.387034771295737,0.999139297746776,False,down
WBGene00012822,1,0.9666666666666667,PFOS,-0.38706671852259,0.999139297746776,False,down
WBGene00015794,1,0.9666666666666667,PFOS,-0.38783128561121,0.999139297746776,False,down
WBGene00005293,1,0.9,PFOS,-0.388999447505504,0.999139297746776,False,down
WBGene00015913,1,0.9666666666666667,PFOS,-0.391186733546803,0.999139297746776,False,down
WBGene00013417,1,0.9666666666666667,PFOS,-0.391343177258116,0.999139297746776,False,down
WBGene00016274,1,0.8666666666666667,PFOS,-0.391849708609345,0.999139297746776,False,down
WBGene00195045,1,0.7,PFOS,-0.392133637031417,0.999139297746776,False,down
WBGene00004149,1,0.9666666666666667,PFOS,-0.401903593597731,0.999139297746776,False,down
WBGene00015046,1,0.9666666666666667,PFOS,-0.403039725901145,0.999139297746776,False,down
WBGene00044707,1,0.9666666666666667,PFOS,-0.403380987496868,0.999139297746776,False,down
WBGene00012592,1,0.6333333333333333,PFOS,-0.40475222060465,0.999139297746776,False,down
WBGene00007657,1,0.9666666666666667,PFOS,-0.404847163310796,0.999139297746776,False,down
WBGene00001929,1,0.9,PFOS,-0.406844462060407,0.999139297746776,False,down
WBGene00011530,1,1.0,PFOS,-0.412178789610083,0.999139297746776,False,down
WBGene00016892,1,1.0,PFOS,-0.41585911739774,0.999139297746776,False,down
WBGene00007659,1,0.9666666666666667,PFOS,-0.419891233362879,0.999139297746776,False,down
WBGene00022375,1,0.9666666666666667,PFOS,-0.432303099260718,0.999139297746776,False,down
WBGene00011076,1,1.0,PFOS,-0.443183591096742,0.999139297746776,False,down
WBGene00009311,1,0.7333333333333333,PFOS,-0.461947706875836,0.999139297746776,False,down
WBGene00015933,1,1.0,PFOS,-0.484922842281483,0.999139297746776,False,down
WBGene00019945,1,1.0,PFOS,-0.487458795410281,0.999139297746776,False,down
WBGene00000521,1,1.0,PFOS,-0.493844768554322,0.999139297746776,False,down
WBGene00012400,1,0.9666666666666667,PFOS,-0.499452484125775,0.999139297746776,False,down
WBGene00018313,1,0.7,PFOS,-0.504874747414946,0.999139297746776,False,down
WBGene00012456,1,1.0,PFOS,-0.507267860070336,0.999139297746776,False,down
WBGene00044375,1,0.5333333333333333,PFOS,-0.513187681995893,0.999139297746776,False,down
WBGene00001914,1,0.9333333333333333,PFOS,-0.515570688945302,0.999139297746776,False,down
WBGene00086568,1,0.9666666666666667,PFOS,-0.536523832226185,0.999139297746776,False,down
WBGene00012505,1,0.9666666666666667,PFOS,-0.541633294876956,0.999139297746776,False,down
WBGene00086558,1,0.6333333333333333,PFOS,-0.569229528836673,0.999139297746776,False,down
WBGene00015226,1,0.9666666666666667,PFOS,-0.576976967471333,0.999139297746776,False,down
WBGene00019961,1,0.9,PFOS,-0.599523931114677,0.999139297746776,False,down
WBGene00219309,1,1.0,PFOS,-0.609655267032647,0.999139297746776,False,down
WBGene00008858,1,0.9666666666666667,PFOS,-0.613436937866806,0.999139297746776,False,down
WBGene00007661,1,0.9666666666666667,PFOS,-0.64808022433366,0.999139297746776,False,down
WBGene00194746,1,0.9666666666666667,PFOS,-0.673206640100092,0.999139297746776,False,down
WBGene00007662,1,0.9666666666666667,PFOS,-0.692190015787601,0.999139297746776,False,down
WBGene00044212,1,0.9666666666666667,PFOS,-0.745879227183836,0.999139297746776,False,down
WBGene00007658,1,0.9666666666666667,PFOS,-0.76384068443058,0.999139297746776,False,down
WBGene00044708,1,0.9666666666666667,PFOS,-0.768907729350189,0.999139297746776,False,down
WBGene00015890,1,1.0,PFOS,-0.824645249252267,0.999139297746776,False,down
WBGene00003879,1,0.7,PFOS,-0.849096818461445,0.999139297746776,False,down
WBGene00007682,1,0.9333333333333333,PFOS,-0.866968713178181,0.999139297746776,False,down
WBGene00008068,1,1.0,PFOS,-0.884571572421917,0.999139297746776,False,down
WBGene00044201,1,0.9666666666666667,PFOS,-0.99438413856477,0.999139297746776,False,down
WBGene00195181,1,0.9333333333333333,PFOS,-1.3242290545238,0.999139297746776,False,down
WBGene00010206,1,0.9666666666666667,PFOS,-1.8466165218811,0.999139297746776,False,down
WBGene00018955,1,1.0,PFOS,0.0014479228304345,0.999181353806444,False,up
WBGene00017874,1,0.6333333333333333,PFOS,0.0005994123219303,0.999181353806444,False,up
WBGene00022283,1,0.6333333333333333,PFOS,0.00053099739161,0.999986460519043,False,up
WBGene00006588,1,1.0,PFOS,0.000457556078192,0.999986460519043,False,up
WBGene00003625,1,0.9666666666666667,PFOS,0.000242730018975,0.999986460519043,False,up
WBGene00021193,1,0.8,PFOS,-0.002161462823467,0.999986460519043,False,down
WBGene00011130,1,1.0,PFOS,-0.0028538481725565,0.999986460519043,False,down
WBGene00008507,1,0.9666666666666667,PFOS,-0.0030557034351529,0.999986460519043,False,down
