WB_id,consensus_module,consensus_strength,chemical,logFC,FDR,is_detected,direction
WBGene00011673,1,0.6,PFOSA,8.70690673,2.12819734542715e-27,True,up
WBGene00019515,1,0.9333333333333333,PFOSA,4.580444854,7.23254646367269e-23,True,up
WBGene00010904,1,0.9666666666666667,PFOSA,2.661999597,1.0439314434241901e-21,True,up
WBGene00000372,1,0.9666666666666667,PFOSA,8.765412105,1.56008462593458e-21,True,up
WBGene00018206,1,0.9666666666666667,PFOSA,3.672241426,1.6943211483493702e-21,True,up
WBGene00011800,1,0.9666666666666667,PFOSA,4.046997825,3.75371142190458e-19,True,up
WBGene00017244,1,0.9666666666666667,PFOSA,2.430903623,6.913366580795391e-19,True,up
WBGene00000412,1,0.9666666666666667,PFOSA,3.535541872,2.5456833536622798e-18,True,up
WBGene00003995,1,0.9666666666666667,PFOSA,2.061682152,2.45479464556098e-16,True,up
WBGene00007946,1,0.9666666666666667,PFOSA,5.352513851,4.03797613494706e-16,True,up
WBGene00020592,1,0.9666666666666667,PFOSA,1.239615206,3.296082512241e-15,True,up
WBGene00016340,1,0.9666666666666667,PFOSA,5.685507436,2.5340884569274702e-14,True,up
WBGene00007073,1,0.8666666666666667,PFOSA,1.975689319,5.4739634472460205e-14,True,up
WBGene00007455,1,0.5,PFOSA,-1.391831223,9.214167408671321e-14,True,down
WBGene00019968,1,0.6,PFOSA,3.479319555,2.18454507637739e-13,True,up
WBGene00022261,1,0.9666666666666667,PFOSA,2.199290986,4.38615928492715e-13,True,up
WBGene00044811,1,0.9333333333333333,PFOSA,2.253661173,5.5260886305513496e-12,True,up
WBGene00021567,1,1.0,PFOSA,8.126400377,8.43327165883246e-12,True,up
WBGene00019886,1,0.9666666666666667,PFOSA,5.856503389,9.957127125706789e-12,True,up
WBGene00015759,1,0.5333333333333333,PFOSA,-1.010298909,1.2586450585111398e-11,True,down
WBGene00008043,1,0.9666666666666667,PFOSA,1.867823436,1.2820531542641198e-11,True,up
WBGene00018913,1,1.0,PFOSA,7.61686192,1.92272345401566e-11,True,up
WBGene00219274,1,0.9666666666666667,PFOSA,2.879348478,3.1653175251012797e-11,True,up
WBGene00010470,1,0.9333333333333333,PFOSA,1.827609201,1.0314871546784501e-10,True,up
WBGene00022267,1,0.8,PFOSA,3.101464755,1.75495011446766e-10,True,up
WBGene00011675,1,0.9333333333333333,PFOSA,2.88529314,2.57969292080016e-10,True,up
WBGene00007331,1,1.0,PFOSA,-1.080223787,2.92918902062102e-10,True,down
WBGene00018333,1,0.9333333333333333,PFOSA,1.859065698,5.99062204049067e-10,True,up
WBGene00022076,1,1.0,PFOSA,-1.27882456,6.35885385400162e-10,True,down
WBGene00008803,1,0.9,PFOSA,1.01885739,7.521025201575591e-10,True,up
WBGene00012593,1,0.8333333333333334,PFOSA,3.450847137,1.12994117800141e-09,True,up
WBGene00004003,1,0.9666666666666667,PFOSA,1.094529971,1.55727225185949e-09,True,up
WBGene00012592,1,0.6333333333333333,PFOSA,3.425812883,1.5979999373224401e-09,True,up
WBGene00008519,1,1.0,PFOSA,1.501958498,4.89196184909589e-09,True,up
WBGene00010791,1,0.9666666666666667,PFOSA,2.596101121,7.30010557594219e-09,True,up
WBGene00003233,1,0.6333333333333333,PFOSA,-0.543972205,8.05758970150349e-09,True,down
WBGene00019730,1,1.0,PFOSA,-0.970347942,1.28790516620736e-08,True,down
WBGene00009347,1,0.6333333333333333,PFOSA,0.682031988,1.54112600126895e-08,True,up
WBGene00017806,1,0.9,PFOSA,2.1475372,1.60672930882315e-08,True,up
WBGene00006636,1,1.0,PFOSA,-0.651251732,1.78718972464551e-08,True,down
WBGene00015449,1,1.0,PFOSA,1.458160537,1.87144354754715e-08,True,up
WBGene00015646,1,0.5666666666666667,PFOSA,-0.799882404,3.56312424157188e-08,True,down
WBGene00017166,1,0.9333333333333333,PFOSA,0.385975299,3.83224936156525e-08,True,up
WBGene00000784,1,0.5,PFOSA,-0.782913675,6.64210503470634e-08,True,down
WBGene00009396,1,0.9,PFOSA,0.538090182,8.35032919704721e-08,True,up
WBGene00009577,1,0.6333333333333333,PFOSA,0.559332355,1.03214732755823e-07,True,up
WBGene00013875,1,0.9333333333333333,PFOSA,1.451460575,1.31861838978481e-07,True,up
WBGene00019100,1,0.9666666666666667,PFOSA,1.347205545,1.61314077472459e-07,True,up
WBGene00016610,1,0.9,PFOSA,0.577908857,1.64359993609451e-07,True,up
WBGene00008634,1,0.9666666666666667,PFOSA,-0.961620504,3.17724006590269e-07,True,down
WBGene00019619,1,0.7,PFOSA,-1.244815477,4.23656200938439e-07,True,down
WBGene00022497,1,0.6333333333333333,PFOSA,-1.60565174,4.27911482404278e-07,True,down
WBGene00004358,1,1.0,PFOSA,-0.625920024,5.99142928596121e-07,True,down
WBGene00020394,1,1.0,PFOSA,1.565648894,6.09787021370324e-07,True,up
WBGene00004990,1,0.9,PFOSA,-0.472825548,7.14785569412532e-07,True,down
WBGene00006562,1,0.6333333333333333,PFOSA,-0.555266251,7.38101410927766e-07,True,down
WBGene00019089,1,0.9666666666666667,PFOSA,3.018801694,1.2955392908335e-06,True,up
WBGene00000981,1,0.9,PFOSA,0.912511503,1.30770838005319e-06,True,up
WBGene00007650,1,0.9,PFOSA,-0.376222211,1.42145401221686e-06,True,down
WBGene00009255,1,1.0,PFOSA,3.41390305,1.4316493237918e-06,True,up
WBGene00009706,1,0.9666666666666667,PFOSA,-1.988158634,1.5731841792266e-06,True,down
WBGene00010778,1,1.0,PFOSA,-0.291717465,1.63556426477444e-06,True,down
WBGene00008564,1,1.0,PFOSA,-0.47044032,1.92271726145344e-06,True,down
WBGene00008874,1,0.9666666666666667,PFOSA,1.400717802,2.03206547373968e-06,True,up
WBGene00017874,1,0.6333333333333333,PFOSA,-0.439933056,2.07738693431918e-06,True,down
WBGene00003758,1,0.9666666666666667,PFOSA,0.726370401,2.8383030991149e-06,True,up
WBGene00007368,1,0.9333333333333333,PFOSA,0.982265655,3.25460006464589e-06,True,up
WBGene00019738,1,0.9,PFOSA,-0.868926929,3.30493561336709e-06,True,down
WBGene00003571,1,0.6,PFOSA,0.957023323,3.6299844963903e-06,True,up
WBGene00008296,1,0.8666666666666667,PFOSA,0.842754475,5.19326098475879e-06,True,up
WBGene00010660,1,0.8666666666666667,PFOSA,0.542375231,7.05889047215968e-06,True,up
WBGene00018903,1,0.8666666666666667,PFOSA,-1.537172665,7.23179154242495e-06,True,down
WBGene00022549,1,0.8666666666666667,PFOSA,-0.703636292,7.5169075958995e-06,True,down
WBGene00019090,1,0.9666666666666667,PFOSA,1.499786481,9.1814971220619e-06,True,up
WBGene00003611,1,1.0,PFOSA,0.567430256,1.01859395570138e-05,True,up
WBGene00001753,1,0.8666666666666667,PFOSA,1.576938176,1.28187433700109e-05,True,up
WBGene00007330,1,0.6,PFOSA,-0.976205363,1.59116696451509e-05,True,down
WBGene00017818,1,1.0,PFOSA,-0.665419038,1.62454746026543e-05,True,down
WBGene00010625,1,0.7,PFOSA,-0.474863115,1.6571754520911e-05,True,down
WBGene00007450,1,1.0,PFOSA,-1.179677124,1.86396753748857e-05,True,down
WBGene00011094,1,0.5666666666666667,PFOSA,-0.506120046,1.90291496655559e-05,True,down
WBGene00002057,1,1.0,PFOSA,-0.60114773,2.02212101905072e-05,True,down
WBGene00010124,1,0.9,PFOSA,1.214903085,2.06123220659972e-05,True,up
WBGene00012471,1,0.7333333333333333,PFOSA,-0.279795836,2.43982700065207e-05,True,down
WBGene00001896,1,0.7666666666666667,PFOSA,1.014419601,2.65888873032785e-05,True,up
WBGene00002118,1,0.5333333333333333,PFOSA,-0.719894221,2.81733369872575e-05,True,down
WBGene00000528,1,0.9333333333333333,PFOSA,0.522451646,2.95529320470052e-05,True,up
WBGene00008810,1,0.9666666666666667,PFOSA,1.46122613,3.19170878204108e-05,True,up
WBGene00007183,1,0.9666666666666667,PFOSA,2.224884498,3.2889174898535e-05,True,up
WBGene00009423,1,0.5666666666666667,PFOSA,1.074848326,3.57157053931028e-05,True,up
WBGene00019599,1,0.6333333333333333,PFOSA,0.494107633,3.74697491538876e-05,True,up
WBGene00044001,1,0.9,PFOSA,-1.252896141,3.76221423528246e-05,True,down
WBGene00007130,1,0.8666666666666667,PFOSA,0.652946147,4.47388703347094e-05,True,up
WBGene00018910,1,0.7666666666666667,PFOSA,1.567425485,5.05435463903936e-05,True,up
WBGene00008538,1,1.0,PFOSA,-1.041186111,5.5753437289125e-05,True,down
WBGene00007122,1,0.5666666666666667,PFOSA,-0.318827592,6.23393679313239e-05,True,down
WBGene00044073,1,0.5333333333333333,PFOSA,0.791883956,6.32350858227242e-05,True,up
WBGene00009424,1,0.6,PFOSA,1.05398944,6.6080244671708e-05,True,up
WBGene00007565,1,1.0,PFOSA,-1.042622771,6.93283876152324e-05,True,down
WBGene00043062,1,1.0,PFOSA,-0.696560783,7.13991261587644e-05,True,down
WBGene00021224,1,0.7666666666666667,PFOSA,1.550446928,7.15266541163446e-05,True,up
WBGene00010928,1,0.6333333333333333,PFOSA,-2.526515882,7.71825686007887e-05,True,down
WBGene00015088,1,0.5666666666666667,PFOSA,0.350073997,7.97497771565477e-05,True,up
WBGene00044457,1,0.6,PFOSA,1.122581117,8.80386498214775e-05,True,up
WBGene00020658,1,0.9666666666666667,PFOSA,0.579190554,9.31259365718999e-05,True,up
WBGene00021872,1,0.7,PFOSA,0.737006137,9.76235892872397e-05,True,up
WBGene00007848,1,0.9666666666666667,PFOSA,0.370504541,0.000100931,True,up
WBGene00012591,1,0.9,PFOSA,2.054886969,0.000101878,True,up
WBGene00020128,1,0.8666666666666667,PFOSA,0.837481199,0.000114691,True,up
WBGene00013901,1,0.9666666666666667,PFOSA,0.997375652,0.0001152,True,up
WBGene00020445,1,0.5666666666666667,PFOSA,0.573303679,0.000145231,True,up
WBGene00000996,1,0.5666666666666667,PFOSA,-0.331782586,0.000146212,True,down
WBGene00010515,1,1.0,PFOSA,-0.644416796,0.000156772,True,down
WBGene00002146,1,0.8,PFOSA,0.330781944,0.000158256,True,up
WBGene00009995,1,1.0,PFOSA,-0.278072332,0.000165646,True,down
WBGene00018802,1,0.5666666666666667,PFOSA,-0.301797266,0.000171978,True,down
WBGene00009796,1,0.8666666666666667,PFOSA,0.447103957,0.000188554,True,up
WBGene00008492,1,1.0,PFOSA,-0.823013799,0.000193206,True,down
WBGene00017592,1,0.9,PFOSA,0.496012367,0.000194842,True,up
WBGene00009354,1,0.9666666666666667,PFOSA,-0.641058273,0.000204892,True,down
WBGene00019731,1,0.7333333333333333,PFOSA,-0.826833057,0.00020826,True,down
WBGene00009077,1,0.6,PFOSA,1.800094279,0.000209029,True,up
WBGene00016577,1,1.0,PFOSA,-1.866964288,0.00022077,True,down
WBGene00016190,1,1.0,PFOSA,-0.48262909,0.000225693,True,down
WBGene00022644,1,0.7666666666666667,PFOSA,-1.087999106,0.000236037,True,down
WBGene00009824,1,1.0,PFOSA,-1.134036126,0.000240138,True,down
WBGene00017322,1,0.5333333333333333,PFOSA,-0.568579784,0.000245185,True,down
WBGene00013587,1,1.0,PFOSA,-0.619033297,0.00026349,True,down
WBGene00003773,1,0.9,PFOSA,0.302273307,0.000269179,True,up
WBGene00003633,1,1.0,PFOSA,-0.632714133,0.000273399,True,down
WBGene00006886,1,1.0,PFOSA,-0.571988954,0.000280238,True,down
WBGene00011122,1,0.6666666666666666,PFOSA,-0.229093231,0.000299231,True,down
WBGene00045415,1,0.6,PFOSA,1.80000493,0.000300004,True,up
WBGene00001754,1,0.9666666666666667,PFOSA,0.668280775,0.000304259,True,up
WBGene00044468,1,0.9666666666666667,PFOSA,0.580571164,0.000313486,True,up
WBGene00012969,1,0.9,PFOSA,0.89746113,0.000317339,True,up
WBGene00002056,1,1.0,PFOSA,-0.306810061,0.000323589,True,down
WBGene00007364,1,0.9666666666666667,PFOSA,2.970068713,0.000344532,True,up
WBGene00007296,1,0.6333333333333333,PFOSA,-0.292361956,0.000359619,True,down
WBGene00194955,1,0.6,PFOSA,1.039114663,0.000368834,True,up
WBGene00017332,1,0.9,PFOSA,0.788453014,0.000407135,True,up
WBGene00011676,1,1.0,PFOSA,0.543707481,0.000417429,True,up
WBGene00004007,1,1.0,PFOSA,-1.828364174,0.000452845,True,down
WBGene00003093,1,1.0,PFOSA,-1.851344782,0.000463586,True,down
WBGene00001572,1,0.9,PFOSA,0.338793626,0.000473281,True,up
WBGene00017438,1,0.9,PFOSA,1.223584123,0.000475851,True,up
WBGene00010630,1,0.9333333333333333,PFOSA,0.415407567,0.000477679,True,up
WBGene00017123,1,0.8666666666666667,PFOSA,0.471602262,0.000494898,True,up
WBGene00018921,1,1.0,PFOSA,-0.779565399,0.000496686,True,down
WBGene00004195,1,0.8,PFOSA,0.341341581,0.000514751,True,up
WBGene00004810,1,0.9,PFOSA,1.0231432,0.000515321,True,up
WBGene00012664,1,1.0,PFOSA,-1.654604989,0.000517514,True,down
WBGene00016663,1,0.5333333333333333,PFOSA,0.373987627,0.00054165,True,up
WBGene00001685,1,0.9,PFOSA,0.30440248,0.000553158,True,up
WBGene00013594,1,0.9666666666666667,PFOSA,0.607518607,0.000563081,True,up
WBGene00004172,1,0.9666666666666667,PFOSA,0.29504482,0.000571577,True,up
WBGene00009849,1,0.9,PFOSA,-2.249039905,0.00057692,True,down
WBGene00008793,1,1.0,PFOSA,-0.786901453,0.000617773,True,down
WBGene00006587,1,0.6333333333333333,PFOSA,-0.374972541,0.000638958,True,down
WBGene00000988,1,1.0,PFOSA,-0.754114198,0.000644652,True,down
WBGene00010034,1,1.0,PFOSA,-1.324981566,0.00065823,True,down
WBGene00000556,1,1.0,PFOSA,-1.179626992,0.000677457,True,down
WBGene00021647,1,0.7,PFOSA,-0.341663491,0.000728849,True,down
WBGene00000799,1,1.0,PFOSA,0.542101873,0.000758145,True,up
WBGene00019279,1,1.0,PFOSA,-0.378002139,0.000889394,True,down
WBGene00001889,1,0.5333333333333333,PFOSA,1.116528195,0.000891194,True,up
WBGene00019644,1,0.9666666666666667,PFOSA,-1.017199103,0.000915543,True,down
WBGene00021895,1,1.0,PFOSA,-0.323443152,0.000929586,True,down
WBGene00015469,1,0.9,PFOSA,0.41136131,0.000952549,True,up
WBGene00000409,1,0.6333333333333333,PFOSA,-0.280486786,0.000976917,True,down
WBGene00010004,1,0.5666666666666667,PFOSA,1.432051805,0.00098916,True,up
WBGene00011539,1,0.8666666666666667,PFOSA,1.141527689,0.001071929,True,up
WBGene00007904,1,0.5333333333333333,PFOSA,0.484988205,0.00107632,True,up
WBGene00304806,1,0.9333333333333333,PFOSA,-0.726745891,0.001078101,True,down
WBGene00003495,1,0.5666666666666667,PFOSA,-0.231293952,0.001100388,True,down
WBGene00008694,1,0.9333333333333333,PFOSA,-0.267722512,0.00110362,True,down
WBGene00005004,1,0.9,PFOSA,-0.841466891,0.001159749,True,down
WBGene00012251,1,1.0,PFOSA,-0.407172584,0.001175553,True,down
WBGene00019917,1,0.9,PFOSA,0.808357598,0.001184353,True,up
WBGene00020732,1,0.9666666666666667,PFOSA,0.272882955,0.001248442,True,up
WBGene00009048,1,0.9,PFOSA,-0.552391577,0.001251475,True,down
WBGene00009096,1,0.7,PFOSA,-0.407001278,0.001323842,True,down
WBGene00235133,1,0.9333333333333333,PFOSA,1.588123731,0.001356954,True,up
WBGene00013840,1,1.0,PFOSA,-0.971949006,0.001370893,True,down
WBGene00010988,1,0.5333333333333333,PFOSA,-0.555691992,0.001379286,True,down
WBGene00007756,1,0.9333333333333333,PFOSA,0.259686126,0.001401565,True,up
WBGene00003253,1,0.6333333333333333,PFOSA,-0.15837507,0.001430498,True,down
WBGene00015896,1,1.0,PFOSA,0.84000794,0.0014391,True,up
WBGene00009146,1,0.6333333333333333,PFOSA,-0.674008981,0.001460982,True,down
WBGene00012583,1,0.9333333333333333,PFOSA,-0.944679948,0.001573582,True,down
WBGene00001090,1,1.0,PFOSA,-0.246419287,0.001609129,True,down
WBGene00044588,1,0.6,PFOSA,0.72237288,0.001613553,True,up
WBGene00018860,1,0.9666666666666667,PFOSA,0.288263066,0.001618138,True,up
WBGene00016061,1,1.0,PFOSA,0.382791317,0.001651951,True,up
WBGene00015087,1,0.9666666666666667,PFOSA,0.466144696,0.001653079,True,up
WBGene00002274,1,0.6333333333333333,PFOSA,-0.333926064,0.001786463,True,down
WBGene00007228,1,0.9666666666666667,PFOSA,0.608375992,0.001798491,True,up
WBGene00009692,1,0.6,PFOSA,-0.95555832,0.001806999,True,down
WBGene00018765,1,1.0,PFOSA,-0.32092071,0.001839729,True,down
WBGene00013904,1,0.9666666666666667,PFOSA,-0.661929544,0.001863094,True,down
WBGene00015623,1,1.0,PFOSA,-1.416771791,0.001906804,True,down
WBGene00018760,1,0.5666666666666667,PFOSA,-0.57324187,0.00191839,True,down
WBGene00011906,1,0.9,PFOSA,-0.791664913,0.00199217,True,down
WBGene00004091,1,0.6,PFOSA,0.320060184,0.001992832,True,up
WBGene00020307,1,0.6333333333333333,PFOSA,0.334226407,0.002073744,True,up
WBGene00017214,1,0.8666666666666667,PFOSA,1.636848765,0.002107609,True,up
WBGene00021136,1,0.7666666666666667,PFOSA,1.1776517,0.002240203,True,up
WBGene00001894,1,0.9,PFOSA,0.915328402,0.002249795,True,up
WBGene00003095,1,1.0,PFOSA,-1.317577692,0.002276433,True,down
WBGene00008495,1,0.9,PFOSA,-0.470223967,0.002281052,True,down
WBGene00019457,1,0.6,PFOSA,-0.199919469,0.002296099,True,down
WBGene00013176,1,1.0,PFOSA,-0.275065077,0.002386236,True,down
WBGene00003096,1,0.8333333333333334,PFOSA,0.862511088,0.0024134,True,up
WBGene00021583,1,0.9666666666666667,PFOSA,0.412616041,0.002453865,True,up
WBGene00003736,1,0.5,PFOSA,0.326025603,0.002482843,True,up
WBGene00022546,1,0.8,PFOSA,1.248093388,0.00251632,True,up
WBGene00007726,1,0.5333333333333333,PFOSA,-0.825093641,0.002583264,True,down
WBGene00020182,1,0.9333333333333333,PFOSA,-0.902720624,0.002601741,True,down
WBGene00022179,1,1.0,PFOSA,0.826686806,0.002601902,True,up
WBGene00017775,1,1.0,PFOSA,-0.273282989,0.002611514,True,down
WBGene00016022,1,0.8666666666666667,PFOSA,0.443088694,0.002651843,True,up
WBGene00014113,1,1.0,PFOSA,-0.467882866,0.00282151,True,down
WBGene00015711,1,0.9333333333333333,PFOSA,1.008952429,0.002824798,True,up
WBGene00015333,1,0.9666666666666667,PFOSA,0.657805658,0.002847165,True,up
WBGene00195177,1,0.9333333333333333,PFOSA,1.290554631,0.003019027,True,up
WBGene00019458,1,1.0,PFOSA,-0.478240261,0.003039356,True,down
WBGene00013593,1,0.7333333333333333,PFOSA,-0.168313912,0.003050029,True,down
WBGene00016274,1,0.8666666666666667,PFOSA,-1.312654413,0.00308308,True,down
WBGene00001399,1,1.0,PFOSA,-2.043673614,0.003109175,True,down
WBGene00014008,1,0.6,PFOSA,-1.109267912,0.003181906,True,down
WBGene00019843,1,1.0,PFOSA,-0.371792506,0.003250733,True,down
WBGene00011362,1,0.9333333333333333,PFOSA,-1.050620872,0.003283217,True,down
WBGene00014135,1,0.8,PFOSA,0.898994866,0.003298871,True,up
WBGene00008794,1,1.0,PFOSA,-0.95377987,0.003336429,True,down
WBGene00010282,1,0.5,PFOSA,0.738571399,0.003443598,True,up
WBGene00044807,1,0.9333333333333333,PFOSA,0.977461934,0.003446187,True,up
WBGene00001915,1,1.0,PFOSA,-0.217780252,0.003493842,True,down
WBGene00018279,1,1.0,PFOSA,-0.696856686,0.003526497,True,down
WBGene00018280,1,1.0,PFOSA,-0.408657201,0.003560067,True,down
WBGene00001740,1,0.5666666666666667,PFOSA,-0.272924035,0.003599697,True,down
WBGene00008577,1,0.6,PFOSA,-0.646511782,0.003673034,True,down
WBGene00010123,1,1.0,PFOSA,-0.966138271,0.003715696,True,down
WBGene00007131,1,0.8666666666666667,PFOSA,1.365981993,0.003795622,True,up
WBGene00009169,1,1.0,PFOSA,-2.505413345,0.0038448,True,down
WBGene00270321,1,0.9666666666666667,PFOSA,0.962881828,0.003846302,True,up
WBGene00007153,1,1.0,PFOSA,-0.318584282,0.003882262,True,down
WBGene00010745,1,1.0,PFOSA,-0.954919283,0.003988104,True,down
WBGene00017376,1,1.0,PFOSA,-0.386804641,0.004048329,True,down
WBGene00006735,1,1.0,PFOSA,-0.195602657,0.004123994,True,down
WBGene00022127,1,0.9666666666666667,PFOSA,-0.21119238,0.004124897,True,down
WBGene00007303,1,0.9,PFOSA,-0.791509381,0.004138372,True,down
WBGene00001767,1,1.0,PFOSA,-0.674472445,0.004204729,True,down
WBGene00019961,1,0.9,PFOSA,-1.464350825,0.004242176,True,down
WBGene00009994,1,0.7,PFOSA,-0.276135946,0.004261365,True,down
WBGene00003224,1,0.7666666666666667,PFOSA,-0.338573904,0.004401237,True,down
WBGene00010354,1,0.9,PFOSA,0.669916199,0.004404941,True,up
WBGene00019763,1,0.6333333333333333,PFOSA,-0.706633853,0.004420093,True,down
WBGene00022125,1,0.9666666666666667,PFOSA,0.456498711,0.004462144,True,up
WBGene00006947,1,0.7333333333333333,PFOSA,-1.261308141,0.004491757,True,down
WBGene00001500,1,1.0,PFOSA,-0.600991978,0.004542983,True,down
WBGene00219309,1,1.0,PFOSA,-1.988225548,0.004629171,True,down
WBGene00008809,1,0.8666666666666667,PFOSA,1.199331716,0.004743551,True,up
WBGene00013446,1,0.8333333333333334,PFOSA,-0.332391372,0.004836504,True,down
WBGene00016555,1,0.8666666666666667,PFOSA,0.470123864,0.00485014,True,up
WBGene00002891,1,0.6,PFOSA,-0.17178303,0.004892803,True,down
WBGene00206371,1,1.0,PFOSA,-0.81769397,0.005049884,True,down
WBGene00012597,1,1.0,PFOSA,0.947085186,0.005068265,True,up
WBGene00005670,1,0.9,PFOSA,0.826270695,0.005261158,True,up
WBGene00019068,1,0.5666666666666667,PFOSA,-0.23098545,0.0055369,True,down
WBGene00011399,1,0.6666666666666666,PFOSA,-0.376758312,0.005552066,True,down
WBGene00020566,1,0.9,PFOSA,0.483053735,0.00556292,True,up
WBGene00007404,1,0.5,PFOSA,0.624917673,0.00563126,True,up
WBGene00008094,1,0.9666666666666667,PFOSA,0.191019655,0.005642452,True,up
WBGene00017027,1,0.7,PFOSA,0.640699643,0.005681263,True,up
WBGene00008068,1,1.0,PFOSA,-2.177086615,0.005751439,True,down
WBGene00004002,1,0.7,PFOSA,-0.794049828,0.005791468,True,down
WBGene00009400,1,0.8666666666666667,PFOSA,-0.950354894,0.005796135,True,down
WBGene00018067,1,1.0,PFOSA,-0.370423199,0.005863712,True,down
WBGene00020637,1,0.9,PFOSA,1.794005591,0.005926878,True,up
WBGene00001699,1,0.9666666666666667,PFOSA,0.353367318,0.006111038,True,up
WBGene00008477,1,0.9333333333333333,PFOSA,0.546290387,0.006115889,True,up
WBGene00015167,1,0.8666666666666667,PFOSA,-0.663797761,0.006148085,True,down
WBGene00016686,1,0.9333333333333333,PFOSA,1.411089967,0.00629447,True,up
WBGene00015223,1,0.8666666666666667,PFOSA,1.365121593,0.006389102,True,up
WBGene00001432,1,0.5666666666666667,PFOSA,-0.432844492,0.006529044,True,down
WBGene00016769,1,1.0,PFOSA,-0.289948748,0.006594677,True,down
WBGene00019552,1,1.0,PFOSA,-0.843458535,0.00669318,True,down
WBGene00003688,1,0.9666666666666667,PFOSA,0.399843745,0.006737857,True,up
WBGene00044666,1,0.5,PFOSA,-0.381127759,0.006739829,True,down
WBGene00219493,1,0.9333333333333333,PFOSA,1.737302728,0.006745969,True,up
WBGene00021183,1,0.6333333333333333,PFOSA,0.758777626,0.006855798,True,up
WBGene00021564,1,0.9333333333333333,PFOSA,-0.223111973,0.006861699,True,down
WBGene00009073,1,0.5333333333333333,PFOSA,-1.272806736,0.00689014,True,down
WBGene00007482,1,1.0,PFOSA,0.442940045,0.006941968,True,up
WBGene00004093,1,1.0,PFOSA,-0.582276387,0.006957837,True,down
WBGene00001886,1,0.5,PFOSA,0.71739839,0.006993972,True,up
WBGene00008390,1,0.6,PFOSA,-0.971749356,0.007176072,True,down
WBGene00001153,1,1.0,PFOSA,-0.225077416,0.007261784,True,down
WBGene00009495,1,0.9333333333333333,PFOSA,-0.645778516,0.007294072,True,down
WBGene00010597,1,0.9666666666666667,PFOSA,0.315653878,0.007601554,True,up
WBGene00015823,1,1.0,PFOSA,-0.235271154,0.007627539,True,down
WBGene00015426,1,0.7,PFOSA,1.072124832,0.007681847,True,up
WBGene00009943,1,0.9,PFOSA,-0.306579304,0.007693818,True,down
WBGene00001918,1,0.5666666666666667,PFOSA,0.890821415,0.007720604,True,up
WBGene00004886,1,0.7,PFOSA,-0.281594931,0.007923466,True,down
WBGene00020358,1,0.8666666666666667,PFOSA,0.620921164,0.008088409,True,up
WBGene00022283,1,0.6333333333333333,PFOSA,-0.885845178,0.008142814,True,down
WBGene00010659,1,0.8,PFOSA,0.573578313,0.008170813,True,up
WBGene00010238,1,1.0,PFOSA,-0.511876557,0.008170813,True,down
WBGene00020760,1,0.6,PFOSA,1.02688061,0.008243924,True,up
WBGene00011532,1,1.0,PFOSA,-0.337369918,0.008255971,True,down
WBGene00011757,1,1.0,PFOSA,-0.880888255,0.008290235,True,down
WBGene00008797,1,0.9,PFOSA,-1.047156321,0.008365084,True,down
WBGene00009259,1,0.6666666666666666,PFOSA,-0.183398109,0.008424955,True,down
WBGene00009678,1,0.5333333333333333,PFOSA,-0.274516154,0.008577056,True,down
WBGene00006478,1,0.8666666666666667,PFOSA,-0.142310194,0.008771384,True,down
WBGene00086560,1,0.9333333333333333,PFOSA,1.378788164,0.008792726,True,up
WBGene00044440,1,0.6,PFOSA,0.210151686,0.008810973,True,up
WBGene00020365,1,1.0,PFOSA,-0.538933812,0.008909593,True,down
WBGene00017703,1,0.6333333333333333,PFOSA,-1.588653327,0.008982674,True,down
WBGene00007431,1,0.9333333333333333,PFOSA,-0.36096304,0.009062677,True,down
WBGene00022413,1,1.0,PFOSA,-0.275952118,0.009131346,True,down
WBGene00011451,1,0.9,PFOSA,-0.328890635,0.009228389,True,down
WBGene00015424,1,1.0,PFOSA,-0.565825703,0.009488678,True,down
WBGene00001942,1,1.0,PFOSA,-0.765079564,0.009615417,True,down
WBGene00013541,1,0.9666666666666667,PFOSA,0.326327135,0.00972987,True,up
WBGene00001684,1,0.9666666666666667,PFOSA,0.212797777,0.009756659,True,up
WBGene00018912,1,0.9666666666666667,PFOSA,2.124553523,0.009849345,True,up
WBGene00019080,1,0.9333333333333333,PFOSA,0.982537163,0.010062708,True,up
WBGene00009686,1,0.6333333333333333,PFOSA,-0.75284778,0.010212609,True,down
WBGene00008302,1,0.9333333333333333,PFOSA,1.285943706,0.010229988,True,up
WBGene00000991,1,1.0,PFOSA,-0.32914504,0.010283053,True,down
WBGene00013980,1,0.6,PFOSA,1.259550822,0.010365193,True,up
WBGene00019677,1,0.7,PFOSA,-0.384664431,0.010368029,True,down
WBGene00017568,1,0.9,PFOSA,-0.437829311,0.010462754,True,down
WBGene00011330,1,0.9,PFOSA,0.248127089,0.010483099,True,up
WBGene00022661,1,0.9666666666666667,PFOSA,0.922982372,0.01065314,True,up
WBGene00006658,1,1.0,PFOSA,-0.658858596,0.010848865,True,down
WBGene00018918,1,1.0,PFOSA,-1.575639057,0.010888203,True,down
WBGene00013284,1,1.0,PFOSA,0.279641631,0.010916078,True,up
WBGene00009876,1,1.0,PFOSA,-0.464504971,0.010953803,True,down
WBGene00045357,1,0.6333333333333333,PFOSA,-0.478708559,0.011055814,True,down
WBGene00001895,1,0.9,PFOSA,0.704486211,0.011130386,True,up
WBGene00009450,1,1.0,PFOSA,0.288351508,0.011233158,True,up
WBGene00010296,1,0.9333333333333333,PFOSA,-0.504957824,0.011244512,True,down
WBGene00004225,1,0.5333333333333333,PFOSA,0.31400819,0.011351123,True,up
WBGene00019496,1,0.9666666666666667,PFOSA,0.5079295,0.011514605,True,up
WBGene00020509,1,0.5666666666666667,PFOSA,0.24541717,0.011655985,True,up
WBGene00014215,1,0.9,PFOSA,0.220870497,0.011713003,True,up
WBGene00004152,1,0.9333333333333333,PFOSA,0.132363416,0.011819945,True,up
WBGene00014052,1,0.6,PFOSA,-0.530763634,0.01200189,True,down
WBGene00020082,1,1.0,PFOSA,-0.161855706,0.012011567,True,down
WBGene00002974,1,0.6,PFOSA,-0.17387162,0.012095951,True,down
WBGene00002008,1,1.0,PFOSA,-0.232739173,0.012210828,True,down
WBGene00044435,1,0.6333333333333333,PFOSA,-0.437598212,0.012600084,True,down
WBGene00011090,1,0.9666666666666667,PFOSA,0.308797602,0.012631913,True,up
WBGene00000970,1,0.9666666666666667,PFOSA,0.183004282,0.012640241,True,up
WBGene00012107,1,0.9333333333333333,PFOSA,0.538757468,0.01293291,True,up
WBGene00005063,1,0.5,PFOSA,0.531340603,0.013011072,True,up
WBGene00011207,1,0.9333333333333333,PFOSA,0.416532886,0.013011674,True,up
WBGene00001702,1,0.9666666666666667,PFOSA,0.31814003,0.013040456,True,up
WBGene00021193,1,0.8,PFOSA,0.965637468,0.013063741,True,up
WBGene00013358,1,1.0,PFOSA,-0.179165981,0.0130831,True,down
WBGene00015122,1,0.5,PFOSA,0.243541173,0.013112522,True,up
WBGene00007267,1,0.6333333333333333,PFOSA,-0.143462321,0.013169575,True,down
WBGene00021835,1,0.7,PFOSA,-0.30173893,0.013236146,True,down
WBGene00008300,1,0.7333333333333333,PFOSA,0.425937778,0.013242121,True,up
WBGene00022329,1,0.8,PFOSA,0.533929546,0.013244288,True,up
WBGene00004049,1,0.9,PFOSA,-0.253224007,0.01332054,True,down
WBGene00016811,1,0.9,PFOSA,-0.229215738,0.014097186,True,down
WBGene00021028,1,1.0,PFOSA,-0.821321463,0.01422876,True,down
WBGene00020311,1,1.0,PFOSA,-0.426298072,0.014374492,True,down
WBGene00010947,1,1.0,PFOSA,-0.278157463,0.014599776,True,down
WBGene00000783,1,0.9666666666666667,PFOSA,0.262789422,0.014687388,True,up
WBGene00000418,1,0.6666666666666666,PFOSA,-0.24199485,0.014835021,True,down
WBGene00017103,1,1.0,PFOSA,0.831590945,0.015042745,True,up
WBGene00007674,1,0.8666666666666667,PFOSA,1.421835872,0.015316669,True,up
WBGene00001692,1,0.9666666666666667,PFOSA,0.440459908,0.01532302,True,up
WBGene00012788,1,0.9333333333333333,PFOSA,-0.882440243,0.015412647,True,down
WBGene00010822,1,0.8666666666666667,PFOSA,0.344292534,0.015438938,True,up
WBGene00044212,1,0.9666666666666667,PFOSA,1.020168774,0.015468008,True,up
WBGene00011223,1,1.0,PFOSA,-0.478020463,0.0155587,True,down
WBGene00000283,1,0.7,PFOSA,-0.202517438,0.015740136,True,down
WBGene00004860,1,0.9666666666666667,PFOSA,-0.232925149,0.015770846,True,down
WBGene00007978,1,1.0,PFOSA,-0.38283555,0.015883066,True,down
WBGene00013266,1,1.0,PFOSA,-0.214279147,0.016060409,True,down
WBGene00015277,1,0.9,PFOSA,0.775506068,0.01623453,True,up
WBGene00012293,1,0.9666666666666667,PFOSA,1.31469037,0.016275275,True,up
WBGene00015327,1,0.6,PFOSA,-0.289991976,0.016309986,True,down
WBGene00002855,1,1.0,PFOSA,0.146231735,0.016487043,True,up
WBGene00021403,1,0.7333333333333333,PFOSA,-0.429404837,0.016505619,True,down
WBGene00016360,1,0.8,PFOSA,0.612137832,0.016567993,True,up
WBGene00019240,1,0.9333333333333333,PFOSA,-0.207228845,0.016739351,True,down
WBGene00003413,1,1.0,PFOSA,-0.378048474,0.016939745,True,down
WBGene00009480,1,0.5,PFOSA,0.776648857,0.017178429,True,up
WBGene00008180,1,0.5666666666666667,PFOSA,-1.031993862,0.01738525,True,down
WBGene00021602,1,1.0,PFOSA,-0.703063269,0.017401607,True,down
WBGene00012308,1,0.9,PFOSA,1.133479952,0.017564636,True,up
WBGene00001116,1,1.0,PFOSA,-0.199987092,0.018172294,True,down
WBGene00019550,1,0.8666666666666667,PFOSA,-0.621083781,0.018369856,True,down
WBGene00044898,1,1.0,PFOSA,-0.547868934,0.01866021,True,down
WBGene00008152,1,1.0,PFOSA,0.501046484,0.018663302,True,up
WBGene00006999,1,0.9333333333333333,PFOSA,-0.138360781,0.018901246,True,down
WBGene00020580,1,0.9666666666666667,PFOSA,0.715976602,0.018954623,True,up
WBGene00003627,1,0.9666666666666667,PFOSA,0.155394702,0.019448552,True,up
WBGene00044663,1,0.9666666666666667,PFOSA,0.734109443,0.019587541,True,up
WBGene00001490,1,1.0,PFOSA,-0.14568437,0.019663392,True,down
WBGene00019060,1,0.9,PFOSA,0.358507479,0.019687096,True,up
WBGene00010649,1,0.6,PFOSA,-0.37902218,0.019696445,True,down
WBGene00010275,1,0.9,PFOSA,0.430744821,0.019965857,True,up
WBGene00006918,1,0.7666666666666667,PFOSA,-0.163205264,0.020604274,True,down
WBGene00271830,1,0.9,PFOSA,-0.793955967,0.020611384,True,down
WBGene00022505,1,0.9,PFOSA,0.34024572,0.02063064,True,up
WBGene00008022,1,0.9333333333333333,PFOSA,-0.443634143,0.020928856,True,down
WBGene00015098,1,1.0,PFOSA,-0.698035776,0.021029777,True,down
WBGene00009735,1,0.9333333333333333,PFOSA,-0.461493645,0.021063874,True,down
WBGene00016319,1,0.8666666666666667,PFOSA,-0.690391414,0.021149944,True,down
WBGene00008542,1,0.6,PFOSA,-0.270181978,0.021200642,True,down
WBGene00010050,1,0.8,PFOSA,-0.347898172,0.021326952,True,down
WBGene00009369,1,1.0,PFOSA,-0.157418454,0.021446562,True,down
WBGene00001960,1,0.9,PFOSA,0.669041145,0.021520739,True,up
WBGene00001150,1,0.7333333333333333,PFOSA,0.820594652,0.021852641,True,up
WBGene00001545,1,0.9,PFOSA,0.683334285,0.021877953,True,up
WBGene00086558,1,0.6333333333333333,PFOSA,1.12735332,0.022043245,True,up
WBGene00018678,1,0.9333333333333333,PFOSA,-0.216139516,0.022075129,True,down
WBGene00016425,1,0.9666666666666667,PFOSA,0.635566145,0.022382635,True,up
WBGene00000467,1,0.6,PFOSA,-0.352771668,0.022386891,True,down
WBGene00022642,1,1.0,PFOSA,0.602504577,0.022411544,True,up
WBGene00003625,1,0.9666666666666667,PFOSA,0.155445075,0.022609755,True,up
WBGene00007617,1,0.9333333333333333,PFOSA,-0.251323943,0.022609755,True,down
WBGene00044903,1,1.0,PFOSA,0.366217844,0.02283142,True,up
WBGene00021901,1,0.7,PFOSA,-0.15366129,0.022938806,True,down
WBGene00011209,1,1.0,PFOSA,-0.782028056,0.022971043,True,down
WBGene00017625,1,0.9666666666666667,PFOSA,0.357873098,0.023092574,True,up
WBGene00021000,1,0.6333333333333333,PFOSA,-0.535343228,0.023101903,True,down
WBGene00020709,1,1.0,PFOSA,-0.154381515,0.023560984,True,down
WBGene00012589,1,1.0,PFOSA,-0.513987536,0.023633782,True,down
WBGene00002095,1,1.0,PFOSA,-0.765316692,0.023674332,True,down
WBGene00011886,1,1.0,PFOSA,-0.494551647,0.023951339,True,down
WBGene00007367,1,0.9,PFOSA,-0.479921443,0.024026718,True,down
WBGene00015739,1,1.0,PFOSA,-0.517898205,0.024283806,True,down
WBGene00020010,1,0.6,PFOSA,0.462818059,0.024285001,True,up
WBGene00011952,1,0.6333333333333333,PFOSA,-0.844345416,0.024490071,True,down
WBGene00194742,1,0.9,PFOSA,-1.007954343,0.024674462,True,down
WBGene00010563,1,0.5333333333333333,PFOSA,-0.997344682,0.024847452,True,down
WBGene00012748,1,0.8,PFOSA,0.867531671,0.025428708,True,up
WBGene00018189,1,0.8,PFOSA,1.017972092,0.025695239,True,up
WBGene00001705,1,0.5,PFOSA,0.642896779,0.02597031,True,up
WBGene00007907,1,0.6333333333333333,PFOSA,-0.341316472,0.026166034,True,down
WBGene00017397,1,0.7,PFOSA,-0.307467353,0.026278256,True,down
WBGene00011880,1,1.0,PFOSA,-0.284790122,0.026278351,True,down
WBGene00018587,1,0.9333333333333333,PFOSA,0.280910757,0.026527396,True,up
WBGene00021936,1,0.9,PFOSA,-0.194547194,0.026891821,True,down
WBGene00006928,1,0.6333333333333333,PFOSA,-1.091040212,0.026919568,True,down
WBGene00011852,1,0.9,PFOSA,-0.37447053,0.027092468,True,down
WBGene00010514,1,0.8666666666666667,PFOSA,-0.581003635,0.027134457,True,down
WBGene00011762,1,0.9,PFOSA,-0.362644806,0.027215968,True,down
WBGene00001786,1,0.6333333333333333,PFOSA,-0.799621599,0.027379028,True,down
WBGene00018646,1,0.9666666666666667,PFOSA,0.471263041,0.027424001,True,up
WBGene00018137,1,0.9,PFOSA,-0.327967178,0.028077522,True,down
WBGene00009200,1,0.6,PFOSA,-0.19740542,0.028187793,True,down
WBGene00010031,1,1.0,PFOSA,-0.723634757,0.028340993,True,down
WBGene00003555,1,0.5,PFOSA,0.232089315,0.028512455,True,up
WBGene00009393,1,0.9666666666666667,PFOSA,0.223757172,0.028512455,True,up
WBGene00012947,1,0.7333333333333333,PFOSA,1.369782533,0.028671851,True,up
WBGene00007384,1,1.0,PFOSA,-0.241821591,0.028943783,True,down
WBGene00012781,1,0.5,PFOSA,-0.858251604,0.029168405,True,down
WBGene00003511,1,0.8333333333333334,PFOSA,-0.608540659,0.029213649,True,down
WBGene00006566,1,0.9,PFOSA,-0.206801295,0.029317467,True,down
WBGene00001893,1,0.9333333333333333,PFOSA,0.565350299,0.029436459,True,up
WBGene00007835,1,0.7,PFOSA,0.464971506,0.029483471,True,up
WBGene00007013,1,0.6,PFOSA,-0.189283105,0.029669222,True,down
WBGene00016647,1,1.0,PFOSA,-0.33326845,0.02968772,True,down
WBGene00007163,1,1.0,PFOSA,-0.82587818,0.029802504,True,down
WBGene00219451,1,1.0,PFOSA,-0.310723214,0.02985991,True,down
WBGene00000135,1,0.9,PFOSA,0.288673333,0.029960304,True,up
WBGene00014914,1,1.0,PFOSA,-0.43878184,0.030455828,True,down
WBGene00016705,1,0.9333333333333333,PFOSA,-0.228779047,0.030474405,True,down
WBGene00001618,1,0.9333333333333333,PFOSA,-0.504487473,0.030474405,True,down
WBGene00022457,1,0.9,PFOSA,0.249598143,0.030498824,True,up
WBGene00020378,1,1.0,PFOSA,-0.302298892,0.030672225,True,down
WBGene00007841,1,1.0,PFOSA,-0.481815381,0.0307168,True,down
WBGene00018153,1,0.9,PFOSA,0.502587531,0.030828335,True,up
WBGene00015557,1,0.9333333333333333,PFOSA,-0.311618497,0.030939369,True,down
WBGene00009453,1,0.6666666666666666,PFOSA,0.241128906,0.030990665,True,up
WBGene00016648,1,1.0,PFOSA,-0.358517918,0.031214457,True,down
WBGene00000964,1,1.0,PFOSA,-0.326412662,0.031312307,True,down
WBGene00077692,1,0.9666666666666667,PFOSA,0.948509695,0.031457729,True,up
WBGene00002272,1,1.0,PFOSA,-0.344420434,0.031505845,True,down
WBGene00015037,1,0.6333333333333333,PFOSA,-0.276879625,0.031753059,True,down
WBGene00004988,1,0.6,PFOSA,-0.272233894,0.031794196,True,down
WBGene00020047,1,0.9666666666666667,PFOSA,0.416204493,0.031802507,True,up
WBGene00012391,1,1.0,PFOSA,-0.470964762,0.031807146,True,down
WBGene00018229,1,1.0,PFOSA,-0.733319266,0.031807146,True,down
WBGene00018738,1,0.9,PFOSA,-0.430653179,0.031873533,True,down
WBGene00004390,1,0.7,PFOSA,-0.219339323,0.03189552,True,down
WBGene00015473,1,0.6333333333333333,PFOSA,-0.837213645,0.03189552,True,down
WBGene00004790,1,1.0,PFOSA,-0.280328137,0.032071378,True,down
WBGene00019895,1,1.0,PFOSA,-0.241129282,0.032107234,True,down
WBGene00010666,1,0.5,PFOSA,0.348599855,0.032119918,True,up
WBGene00001892,1,0.9,PFOSA,0.811928351,0.032209963,True,up
WBGene00000979,1,0.6666666666666666,PFOSA,-0.986966018,0.032231157,True,down
WBGene00000789,1,0.7666666666666667,PFOSA,0.210049597,0.032552053,True,up
WBGene00022247,1,0.8666666666666667,PFOSA,-0.458361734,0.032552053,True,down
WBGene00015336,1,0.9333333333333333,PFOSA,-0.202530039,0.032851854,True,down
WBGene00008553,1,0.9,PFOSA,-0.678742181,0.03309152,True,down
WBGene00004781,1,0.7666666666666667,PFOSA,-0.251831026,0.033106075,True,down
WBGene00001929,1,0.9,PFOSA,0.736738061,0.033177642,True,up
WBGene00015933,1,1.0,PFOSA,-0.814260337,0.033177642,True,down
WBGene00020280,1,0.6666666666666666,PFOSA,-0.317605728,0.03379486,True,down
WBGene00006461,1,0.6333333333333333,PFOSA,-0.36579565,0.034017042,True,down
WBGene00003642,1,1.0,PFOSA,-0.623806712,0.034217775,True,down
WBGene00012456,1,1.0,PFOSA,-0.7955835,0.034236081,True,down
WBGene00013160,1,0.8333333333333334,PFOSA,-0.127043267,0.034568292,True,down
WBGene00020834,1,0.9,PFOSA,0.739642994,0.034817377,True,up
WBGene00006533,1,0.5666666666666667,PFOSA,-0.132997181,0.034869332,True,down
WBGene00194998,1,1.0,PFOSA,0.608952286,0.034885862,True,up
WBGene00021131,1,1.0,PFOSA,-0.273514421,0.035169356,True,down
WBGene00002017,1,1.0,PFOSA,-0.749080869,0.03549799,True,down
WBGene00022881,1,0.6,PFOSA,-0.185580055,0.035752989,True,down
WBGene00011236,1,0.6,PFOSA,-0.417685759,0.035810482,True,down
WBGene00004402,1,1.0,PFOSA,-0.663063417,0.035920087,True,down
WBGene00013419,1,0.9666666666666667,PFOSA,-0.489589211,0.035943708,True,down
WBGene00195045,1,0.7,PFOSA,-0.78118195,0.036051606,True,down
WBGene00001946,1,0.7666666666666667,PFOSA,-0.19243691,0.036081911,True,down
WBGene00000116,1,0.9,PFOSA,0.238539179,0.036087527,True,up
WBGene00011258,1,0.9,PFOSA,0.275114484,0.036402178,True,up
WBGene00194926,1,0.9666666666666667,PFOSA,0.736686455,0.036403251,True,up
WBGene00009166,1,1.0,PFOSA,-1.194730153,0.036403251,True,down
WBGene00015110,1,0.9333333333333333,PFOSA,0.303244483,0.036549899,True,up
WBGene00011044,1,0.6333333333333333,PFOSA,-0.251188929,0.036720246,True,down
WBGene00003687,1,0.9,PFOSA,0.112768937,0.036725381,True,up
WBGene00016450,1,1.0,PFOSA,-0.250598448,0.036791174,True,down
WBGene00195093,1,0.6333333333333333,PFOSA,-0.187875953,0.037429589,True,down
WBGene00008099,1,0.9333333333333333,PFOSA,0.439770988,0.037481744,True,up
WBGene00018144,1,0.8666666666666667,PFOSA,-0.40203581,0.037928886,True,down
WBGene00007297,1,0.9666666666666667,PFOSA,0.460246365,0.038437801,True,up
WBGene00012155,1,1.0,PFOSA,-0.45563358,0.038571232,True,down
WBGene00018478,1,0.7,PFOSA,-0.612052105,0.038572006,True,down
WBGene00012112,1,0.9333333333333333,PFOSA,-0.2890425,0.03863439,True,down
WBGene00008005,1,0.6333333333333333,PFOSA,-0.366543666,0.038809843,True,down
WBGene00043279,1,0.9,PFOSA,0.467603068,0.03910017,True,up
WBGene00020743,1,1.0,PFOSA,-0.564563768,0.039401029,True,down
WBGene00013876,1,0.6,PFOSA,-0.29619997,0.03940953,True,down
WBGene00016045,1,0.7,PFOSA,-0.163483469,0.039422087,True,down
WBGene00017971,1,1.0,PFOSA,0.190469067,0.03951889,True,up
WBGene00001771,1,1.0,PFOSA,-0.450711266,0.039521635,True,down
WBGene00017537,1,1.0,PFOSA,0.41949461,0.039523767,True,up
WBGene00019803,1,0.9666666666666667,PFOSA,-0.277854126,0.039524592,True,down
WBGene00003111,1,0.6333333333333333,PFOSA,-0.200154706,0.039641967,True,down
WBGene00000216,1,0.9666666666666667,PFOSA,0.135689756,0.039924037,True,up
WBGene00009902,1,1.0,PFOSA,-0.711857441,0.03998834,True,down
WBGene00001719,1,0.5666666666666667,PFOSA,-0.384229789,0.040005334,True,down
WBGene00017755,1,0.9333333333333333,PFOSA,-0.310249708,0.040356317,True,down
WBGene00016424,1,0.9666666666666667,PFOSA,0.49479848,0.040465269,True,up
WBGene00015741,1,0.7,PFOSA,0.318475822,0.040502807,True,up
WBGene00010128,1,1.0,PFOSA,-0.449490923,0.040516007,True,down
WBGene00015768,1,0.9666666666666667,PFOSA,0.282378376,0.040814437,True,up
WBGene00016892,1,1.0,PFOSA,-0.628479977,0.040901184,True,down
WBGene00016323,1,1.0,PFOSA,-0.204204735,0.040970684,True,down
WBGene00000008,1,0.9333333333333333,PFOSA,0.994957676,0.041127806,True,up
WBGene00000795,1,1.0,PFOSA,-0.188393182,0.041154722,True,down
WBGene00017463,1,0.9666666666666667,PFOSA,0.220664507,0.041476993,True,up
WBGene00018400,1,0.9333333333333333,PFOSA,0.61474506,0.041764369,True,up
WBGene00000217,1,0.9,PFOSA,0.229069439,0.041828922,True,up
WBGene00002978,1,1.0,PFOSA,-0.144454024,0.04194178,True,down
WBGene00011990,1,1.0,PFOSA,-0.182061085,0.042143035,True,down
WBGene00008102,1,1.0,PFOSA,-0.913185921,0.042177496,True,down
WBGene00011868,1,0.7666666666666667,PFOSA,0.236980623,0.042196328,True,up
WBGene00009499,1,0.7,PFOSA,0.202068618,0.042614466,True,up
WBGene00017658,1,0.9333333333333333,PFOSA,-1.391822434,0.042614466,True,down
WBGene00009529,1,0.6333333333333333,PFOSA,0.271051427,0.04266504,True,up
WBGene00304201,1,1.0,PFOSA,-1.13889275,0.042732317,True,down
WBGene00007015,1,1.0,PFOSA,-0.299753305,0.042964833,True,down
WBGene00001917,1,0.9,PFOSA,0.635853967,0.042965213,True,up
WBGene00010353,1,0.6333333333333333,PFOSA,0.684586918,0.043084106,True,up
WBGene00015162,1,0.9333333333333333,PFOSA,0.154218657,0.043242892,True,up
WBGene00013959,1,0.6,PFOSA,-0.188476544,0.043325524,True,down
WBGene00010421,1,1.0,PFOSA,0.327115144,0.043347611,True,up
WBGene00015125,1,1.0,PFOSA,-0.1586525,0.043538271,True,down
WBGene00016106,1,1.0,PFOSA,-0.610344185,0.043640123,True,down
WBGene00009475,1,0.9666666666666667,PFOSA,0.274829949,0.043849359,True,up
WBGene00008996,1,0.8,PFOSA,0.300872226,0.043966367,True,up
WBGene00010053,1,0.5666666666666667,PFOSA,-0.390059239,0.044079578,True,down
WBGene00006638,1,0.5666666666666667,PFOSA,-0.164405614,0.044133296,True,down
WBGene00009782,1,0.6333333333333333,PFOSA,0.530964022,0.044170383,True,up
WBGene00007103,1,0.6333333333333333,PFOSA,-0.232396497,0.04432407,True,down
WBGene00008019,1,1.0,PFOSA,-0.128943709,0.044428267,True,down
WBGene00045297,1,0.9333333333333333,PFOSA,-0.519851734,0.044532073,True,down
WBGene00016112,1,0.9333333333333333,PFOSA,-0.200268335,0.044748154,True,down
WBGene00010504,1,1.0,PFOSA,-0.226530609,0.044763388,True,down
WBGene00002019,1,1.0,PFOSA,-0.771236408,0.044763388,True,down
WBGene00019109,1,0.9,PFOSA,0.465029157,0.04498401,True,up
WBGene00001926,1,0.9333333333333333,PFOSA,0.489582231,0.045266346,True,up
WBGene00009031,1,1.0,PFOSA,-0.893359463,0.04535451,True,down
WBGene00008395,1,0.6666666666666666,PFOSA,-0.269767542,0.045378424,True,down
WBGene00022252,1,1.0,PFOSA,-0.223547708,0.045445046,True,down
WBGene00021580,1,0.5,PFOSA,1.591982793,0.04581452,True,up
WBGene00006712,1,0.6,PFOSA,0.240726949,0.046200861,True,up
WBGene00020955,1,1.0,PFOSA,-0.187180935,0.0462299,True,down
WBGene00018313,1,0.7,PFOSA,-0.91068595,0.046362663,True,down
WBGene00019128,1,0.6,PFOSA,0.271784566,0.046502597,True,up
WBGene00010566,1,0.6333333333333333,PFOSA,-0.396466691,0.046672142,True,down
WBGene00006678,1,1.0,PFOSA,0.250191395,0.046780105,True,up
WBGene00009866,1,0.9,PFOSA,0.856361338,0.046813961,True,up
WBGene00013261,1,0.9333333333333333,PFOSA,0.226000793,0.046938414,True,up
WBGene00018117,1,0.7333333333333333,PFOSA,0.18530793,0.047064641,True,up
WBGene00007751,1,0.5666666666666667,PFOSA,-0.338228642,0.047293988,True,down
WBGene00010620,1,0.6666666666666666,PFOSA,0.134483936,0.047403646,True,up
WBGene00013381,1,1.0,PFOSA,-0.597376354,0.048254058,True,down
WBGene00021768,1,0.8666666666666667,PFOSA,-0.565727324,0.048447481,True,down
WBGene00010080,1,1.0,PFOSA,-0.254960168,0.048620464,True,down
WBGene00011765,1,0.6333333333333333,PFOSA,-0.198879439,0.049277242,True,down
WBGene00021081,1,0.9666666666666667,PFOSA,0.989469026,0.049475027,True,up
WBGene00022028,1,0.6666666666666666,PFOSA,-0.64648254,0.049954384,True,down
WBGene00021223,1,1.0,PFOSA,-1.095669332,0.049975648,True,down
WBGene00009635,1,1.0,PFOSA,-0.189891291,0.050386734,False,down
WBGene00017650,1,0.6,PFOSA,0.450842414,0.050512828,False,up
WBGene00010931,1,1.0,PFOSA,-0.436939355,0.050634206,False,down
WBGene00019370,1,0.9,PFOSA,0.268370712,0.050728193,False,up
WBGene00016073,1,1.0,PFOSA,-0.172597572,0.050739549,False,down
WBGene00008500,1,0.8666666666666667,PFOSA,0.439078411,0.051186518,False,up
WBGene00044644,1,0.9666666666666667,PFOSA,0.774619381,0.051370806,False,up
WBGene00022847,1,0.9666666666666667,PFOSA,0.255418215,0.05194548,False,up
WBGene00003091,1,1.0,PFOSA,-0.366606028,0.053890137,False,down
WBGene00010646,1,1.0,PFOSA,-0.317650707,0.054569205,False,down
WBGene00044375,1,0.5333333333333333,PFOSA,-0.840747783,0.054830161,False,down
WBGene00017506,1,1.0,PFOSA,-0.428403778,0.054870355,False,down
WBGene00000526,1,0.9666666666666667,PFOSA,0.225218198,0.054974527,False,up
WBGene00009785,1,0.9666666666666667,PFOSA,0.498452189,0.055071642,False,up
WBGene00016763,1,1.0,PFOSA,-0.234422694,0.055731386,False,down
WBGene00007068,1,0.9666666666666667,PFOSA,0.197329104,0.05580147,False,up
WBGene00008584,1,1.0,PFOSA,0.615022962,0.055870515,False,up
WBGene00011528,1,1.0,PFOSA,-0.167521783,0.05593187,False,down
WBGene00010450,1,1.0,PFOSA,-0.192094426,0.055990176,False,down
WBGene00012030,1,0.9666666666666667,PFOSA,0.140052983,0.056834124,False,up
WBGene00012280,1,0.6,PFOSA,-0.330058142,0.056952404,False,down
WBGene00017720,1,0.9,PFOSA,0.339050893,0.057000012,False,up
WBGene00019908,1,0.7333333333333333,PFOSA,-0.195991483,0.058095104,False,down
WBGene00002097,1,0.9666666666666667,PFOSA,0.41438662,0.05911391,False,up
WBGene00004000,1,1.0,PFOSA,-0.295798437,0.059621808,False,down
WBGene00304787,1,0.6333333333333333,PFOSA,-0.597855859,0.060144985,False,down
WBGene00006309,1,0.9666666666666667,PFOSA,-0.180642384,0.060330854,False,down
WBGene00012067,1,0.6,PFOSA,-1.599222392,0.0607329,False,down
WBGene00018393,1,1.0,PFOSA,-1.121764663,0.060984256,False,down
WBGene00012747,1,1.0,PFOSA,-0.597089665,0.06111946,False,down
WBGene00018310,1,0.8666666666666667,PFOSA,0.353321805,0.061156422,False,up
WBGene00017156,1,0.8333333333333334,PFOSA,0.288290194,0.061419344,False,up
WBGene00001602,1,1.0,PFOSA,0.173862914,0.061688105,False,up
WBGene00012533,1,1.0,PFOSA,-0.364652488,0.062890622,False,down
WBGene00016033,1,0.9,PFOSA,0.151103062,0.063280792,False,up
WBGene00020364,1,0.9,PFOSA,0.885842494,0.063608343,False,up
WBGene00001746,1,0.9666666666666667,PFOSA,0.115322958,0.064107035,False,up
WBGene00012670,1,0.6,PFOSA,-1.045666899,0.064258366,False,down
WBGene00011997,1,0.9,PFOSA,0.203358303,0.064429308,False,up
WBGene00001928,1,0.9,PFOSA,0.569456764,0.06477386,False,up
WBGene00001766,1,0.9,PFOSA,1.119742756,0.06488178,False,up
WBGene00001609,1,0.6,PFOSA,-0.379932207,0.06488178,False,down
WBGene00020472,1,0.9666666666666667,PFOSA,1.011203213,0.06522019,False,up
WBGene00011967,1,1.0,PFOSA,-0.148876036,0.065368989,False,down
WBGene00011821,1,1.0,PFOSA,-0.274449973,0.065447442,False,down
WBGene00017936,1,0.6333333333333333,PFOSA,-0.270704518,0.065462371,False,down
WBGene00019299,1,0.6,PFOSA,-0.445924762,0.065683133,False,down
WBGene00003891,1,0.9666666666666667,PFOSA,0.180207664,0.065685298,False,up
WBGene00077573,1,0.9333333333333333,PFOSA,0.759655788,0.065905676,False,up
WBGene00009648,1,1.0,PFOSA,-0.226650397,0.06676717,False,down
WBGene00001927,1,0.9333333333333333,PFOSA,0.463727931,0.066943433,False,up
WBGene00012921,1,1.0,PFOSA,-0.480234846,0.067330312,False,down
WBGene00018920,1,0.6,PFOSA,-0.576237973,0.067472638,False,down
WBGene00000781,1,1.0,PFOSA,-0.316718416,0.067748299,False,down
WBGene00022019,1,0.9,PFOSA,0.09236097,0.067776437,False,up
WBGene00044767,1,0.9,PFOSA,0.255407528,0.068554312,False,up
WBGene00000163,1,0.8666666666666667,PFOSA,-0.083918461,0.068933129,False,down
WBGene00016144,1,1.0,PFOSA,-0.149014282,0.069030511,False,down
WBGene00010111,1,0.7666666666666667,PFOSA,-0.169004909,0.069342251,False,down
WBGene00009361,1,1.0,PFOSA,-0.432336047,0.069421517,False,down
WBGene00001480,1,1.0,PFOSA,0.269100981,0.070605281,False,up
WBGene00007924,1,0.9,PFOSA,-0.12149336,0.071787962,False,down
WBGene00018755,1,0.8666666666666667,PFOSA,0.39517135,0.072054967,False,up
WBGene00016013,1,0.9666666666666667,PFOSA,0.585818936,0.072202342,False,up
WBGene00020227,1,0.9,PFOSA,1.290303633,0.072344924,False,up
WBGene00044469,1,0.7,PFOSA,-0.277817892,0.072397162,False,down
WBGene00000522,1,0.6666666666666666,PFOSA,0.325556707,0.072511161,False,up
WBGene00006434,1,0.9666666666666667,PFOSA,-0.155507112,0.072618211,False,down
WBGene00008168,1,0.8666666666666667,PFOSA,0.281641271,0.072711408,False,up
WBGene00012439,1,1.0,PFOSA,0.269863719,0.072896925,False,up
WBGene00044260,1,0.6333333333333333,PFOSA,-0.208571212,0.073755416,False,down
WBGene00015324,1,0.6,PFOSA,0.193776427,0.073918804,False,up
WBGene00016499,1,0.9666666666666667,PFOSA,0.235647251,0.073934821,False,up
WBGene00011476,1,1.0,PFOSA,-0.206823174,0.073934821,False,down
WBGene00005648,1,0.9333333333333333,PFOSA,0.139744705,0.075128082,False,up
WBGene00003934,1,1.0,PFOSA,-0.125062995,0.075128432,False,down
WBGene00015280,1,0.5333333333333333,PFOSA,0.137010346,0.075159825,False,up
WBGene00001885,1,0.9,PFOSA,0.475149318,0.075325745,False,up
WBGene00001538,1,1.0,PFOSA,-0.195199436,0.075673649,False,down
WBGene00008917,1,0.9,PFOSA,0.501199061,0.075694608,False,up
WBGene00001793,1,0.9666666666666667,PFOSA,-0.161551952,0.07587543,False,down
WBGene00019846,1,1.0,PFOSA,-0.379670601,0.07596945,False,down
WBGene00021873,1,0.9,PFOSA,-0.418360888,0.080318661,False,down
WBGene00019660,1,1.0,PFOSA,0.406308517,0.080551958,False,up
WBGene00017257,1,0.9,PFOSA,0.250669932,0.08185842,False,up
WBGene00013611,1,0.9333333333333333,PFOSA,0.709511525,0.083585534,False,up
WBGene00003369,1,0.5333333333333333,PFOSA,-0.126324767,0.084300023,False,down
WBGene00014253,1,1.0,PFOSA,0.185452244,0.084474834,False,up
WBGene00018708,1,0.9666666666666667,PFOSA,-0.366055878,0.08488084,False,down
WBGene00021582,1,1.0,PFOSA,0.810373995,0.085421209,False,up
WBGene00016435,1,1.0,PFOSA,-0.235659253,0.086408397,False,down
WBGene00001925,1,0.9333333333333333,PFOSA,0.420806159,0.086672409,False,up
WBGene00004421,1,0.5666666666666667,PFOSA,-0.12408554,0.087353697,False,down
WBGene00009334,1,1.0,PFOSA,-0.163217242,0.087705463,False,down
WBGene00018402,1,0.9,PFOSA,0.223457878,0.088127708,False,up
WBGene00001933,1,0.9666666666666667,PFOSA,0.444936766,0.088168235,False,up
WBGene00016649,1,1.0,PFOSA,-0.268351355,0.088349232,False,down
WBGene00009947,1,1.0,PFOSA,0.207667998,0.088586209,False,up
WBGene00015388,1,0.9666666666666667,PFOSA,0.687486886,0.089053751,False,up
WBGene00008067,1,1.0,PFOSA,-1.203308052,0.091615031,False,down
WBGene00012840,1,1.0,PFOSA,-0.562973899,0.093989697,False,down
WBGene00077684,1,0.9666666666666667,PFOSA,1.188066855,0.094489943,False,up
WBGene00016987,1,0.9333333333333333,PFOSA,-0.23167999,0.095043474,False,down
WBGene00021179,1,0.9666666666666667,PFOSA,1.313550068,0.09522568,False,up
WBGene00017717,1,0.5,PFOSA,0.245374729,0.095226027,False,up
WBGene00009170,1,1.0,PFOSA,-0.990324773,0.095265842,False,down
WBGene00001901,1,0.7333333333333333,PFOSA,0.378094862,0.095987534,False,up
WBGene00016781,1,1.0,PFOSA,-0.187070807,0.0966615,False,down
WBGene00012822,1,0.9666666666666667,PFOSA,0.768457658,0.097318871,False,up
WBGene00016657,1,1.0,PFOSA,0.36778979,0.097994344,False,up
WBGene00004275,1,0.6,PFOSA,-0.449044329,0.098912198,False,down
WBGene00007956,1,0.9666666666666667,PFOSA,0.111879501,0.098928663,False,up
WBGene00002054,1,0.9666666666666667,PFOSA,-0.20491295,0.099094805,False,down
WBGene00003371,1,0.9666666666666667,PFOSA,-0.125507103,0.099116636,False,down
WBGene00017881,1,1.0,PFOSA,-0.600995763,0.099116636,False,down
WBGene00013634,1,0.9666666666666667,PFOSA,0.761029298,0.100126975,False,up
WBGene00012594,1,1.0,PFOSA,0.833238655,0.10086981,False,up
WBGene00009433,1,0.9666666666666667,PFOSA,0.227963463,0.101104783,False,up
WBGene00012295,1,0.9666666666666667,PFOSA,0.344437537,0.102481616,False,up
WBGene00004896,1,0.8333333333333334,PFOSA,-0.128464347,0.102995537,False,down
WBGene00022817,1,1.0,PFOSA,0.143939263,0.103214566,False,up
WBGene00011101,1,0.9666666666666667,PFOSA,0.306781019,0.103710264,False,up
WBGene00019214,1,0.9666666666666667,PFOSA,-1.129099872,0.103713641,False,down
WBGene00004944,1,0.9666666666666667,PFOSA,0.171433435,0.104321378,False,up
WBGene00013602,1,0.6666666666666666,PFOSA,0.388317489,0.104470885,False,up
WBGene00021518,1,1.0,PFOSA,-0.258484153,0.10456133,False,down
WBGene00044034,1,0.9666666666666667,PFOSA,0.48595248,0.105424403,False,up
WBGene00022286,1,0.5666666666666667,PFOSA,-0.098383012,0.105611352,False,down
WBGene00018702,1,0.5,PFOSA,-0.183929977,0.105875096,False,down
WBGene00017443,1,0.9666666666666667,PFOSA,0.244030176,0.105983974,False,up
WBGene00001923,1,0.9,PFOSA,0.402887283,0.106603713,False,up
WBGene00019806,1,0.9,PFOSA,0.166451717,0.107393417,False,up
WBGene00009511,1,0.6,PFOSA,0.192314436,0.109049506,False,up
WBGene00012400,1,0.9666666666666667,PFOSA,0.814513483,0.109210468,False,up
WBGene00015227,1,0.9666666666666667,PFOSA,0.916190018,0.109548846,False,up
WBGene00010774,1,1.0,PFOSA,-0.303460042,0.109864196,False,down
WBGene00020556,1,0.9333333333333333,PFOSA,0.178110313,0.110611077,False,up
WBGene00000779,1,1.0,PFOSA,0.158307225,0.111357488,False,up
WBGene00007599,1,0.9666666666666667,PFOSA,0.291423399,0.111613005,False,up
WBGene00016635,1,0.8,PFOSA,0.213314331,0.112145122,False,up
WBGene00007132,1,0.9666666666666667,PFOSA,0.723802978,0.114161102,False,up
WBGene00045488,1,0.9666666666666667,PFOSA,0.779561073,0.114403847,False,up
WBGene00015050,1,1.0,PFOSA,-0.212212893,0.11445263,False,down
WBGene00009168,1,1.0,PFOSA,-1.095509744,0.114528102,False,down
WBGene00016646,1,1.0,PFOSA,-0.223947422,0.115222571,False,down
WBGene00019164,1,1.0,PFOSA,0.151329773,0.117049891,False,up
WBGene00019288,1,0.9,PFOSA,0.740275809,0.117480618,False,up
WBGene00020357,1,0.9666666666666667,PFOSA,0.804618052,0.117498516,False,up
WBGene00021159,1,1.0,PFOSA,-0.190455123,0.117742144,False,down
WBGene00022199,1,1.0,PFOSA,0.108372188,0.117792456,False,up
WBGene00018543,1,1.0,PFOSA,-0.760283293,0.117987526,False,down
WBGene00019315,1,0.9,PFOSA,0.61140478,0.120222963,False,up
WBGene00008644,1,0.6,PFOSA,0.249014441,0.120456549,False,up
WBGene00007786,1,0.9666666666666667,PFOSA,0.093252826,0.120913566,False,up
WBGene00003919,1,1.0,PFOSA,-0.107469235,0.121891957,False,down
WBGene00000245,1,0.9666666666666667,PFOSA,0.203117943,0.122589879,False,up
WBGene00001937,1,0.9333333333333333,PFOSA,0.652999323,0.123413367,False,up
WBGene00021213,1,1.0,PFOSA,-0.434536705,0.123434653,False,down
WBGene00009886,1,0.9,PFOSA,-0.096580329,0.125373758,False,down
WBGene00009389,1,0.8,PFOSA,0.125676502,0.125422934,False,up
WBGene00006764,1,0.9666666666666667,PFOSA,0.09476019,0.125553668,False,up
WBGene00001137,1,1.0,PFOSA,-0.084187241,0.127672979,False,down
WBGene00008798,1,0.6,PFOSA,0.398697597,0.128534219,False,up
WBGene00019945,1,1.0,PFOSA,-0.571654222,0.128958898,False,down
WBGene00000840,1,0.8666666666666667,PFOSA,-0.093586473,0.129366679,False,down
WBGene00008368,1,0.9666666666666667,PFOSA,0.175568462,0.131845654,False,up
WBGene00020359,1,0.7,PFOSA,0.278722232,0.131868319,False,up
WBGene00015955,1,0.8666666666666667,PFOSA,0.137070109,0.132056149,False,up
WBGene00002055,1,1.0,PFOSA,-0.316390586,0.132245889,False,down
WBGene00044396,1,0.9666666666666667,PFOSA,0.203613911,0.132937249,False,up
WBGene00022169,1,0.9,PFOSA,-0.096559863,0.133656019,False,down
WBGene00017945,1,1.0,PFOSA,-0.262141344,0.13378282,False,down
WBGene00004124,1,0.9333333333333333,PFOSA,-0.193592753,0.136356153,False,down
WBGene00016451,1,1.0,PFOSA,-0.518866385,0.137399152,False,down
WBGene00003992,1,0.5666666666666667,PFOSA,-0.174005222,0.139642324,False,down
WBGene00007465,1,0.9666666666666667,PFOSA,0.288220949,0.140005612,False,up
WBGene00007909,1,0.9666666666666667,PFOSA,0.611458089,0.140009753,False,up
WBGene00011575,1,0.8333333333333334,PFOSA,0.169639594,0.140018533,False,up
WBGene00001794,1,0.9,PFOSA,-0.118596957,0.140198097,False,down
WBGene00010844,1,0.9,PFOSA,-0.099066199,0.140624827,False,down
WBGene00010337,1,1.0,PFOSA,-0.125898235,0.143704599,False,down
WBGene00015716,1,1.0,PFOSA,-0.190286137,0.145099109,False,down
WBGene00016957,1,1.0,PFOSA,-0.188173277,0.146267614,False,down
WBGene00017072,1,0.9333333333333333,PFOSA,0.566035172,0.146925733,False,up
WBGene00007778,1,0.9666666666666667,PFOSA,0.511678014,0.147129114,False,up
WBGene00012782,1,1.0,PFOSA,-0.104940132,0.147495369,False,down
WBGene00019008,1,1.0,PFOSA,-0.253091518,0.148981122,False,down
WBGene00004346,1,0.9333333333333333,PFOSA,0.165503318,0.149556314,False,up
WBGene00019907,1,0.9333333333333333,PFOSA,0.145642018,0.150473607,False,up
WBGene00012911,1,0.9666666666666667,PFOSA,-0.154027229,0.150633947,False,down
WBGene00011062,1,0.9,PFOSA,0.589314002,0.150766873,False,up
WBGene00007090,1,0.8333333333333334,PFOSA,0.089531698,0.151784802,False,up
WBGene00018902,1,1.0,PFOSA,-0.309783697,0.151995616,False,down
WBGene00000178,1,1.0,PFOSA,-0.103478368,0.152177778,False,down
WBGene00194902,1,0.9666666666666667,PFOSA,0.829878494,0.152223512,False,up
WBGene00011089,1,1.0,PFOSA,0.203011914,0.153406225,False,up
WBGene00017022,1,0.9666666666666667,PFOSA,0.321169225,0.154378187,False,up
WBGene00002063,1,0.8666666666666667,PFOSA,0.260887653,0.154590248,False,up
WBGene00018038,1,1.0,PFOSA,-0.577663304,0.154735437,False,down
WBGene00010559,1,0.8,PFOSA,0.234246338,0.156533916,False,up
WBGene00006514,1,0.6333333333333333,PFOSA,-0.120703161,0.156856062,False,down
WBGene00008184,1,1.0,PFOSA,-0.635806451,0.157636898,False,down
WBGene00019653,1,1.0,PFOSA,-0.267721316,0.157817277,False,down
WBGene00019504,1,1.0,PFOSA,-0.074162917,0.158638596,False,down
WBGene00138721,1,0.9666666666666667,PFOSA,0.78309858,0.159204212,False,up
WBGene00004414,1,1.0,PFOSA,-0.09443746,0.160729832,False,down
WBGene00022657,1,0.9666666666666667,PFOSA,0.262375257,0.161421632,False,up
WBGene00016721,1,1.0,PFOSA,-0.167043861,0.162094937,False,down
WBGene00002694,1,1.0,PFOSA,-0.089789025,0.162108182,False,down
WBGene00015225,1,0.9666666666666667,PFOSA,0.826055412,0.162316082,False,up
WBGene00009526,1,0.9666666666666667,PFOSA,0.673295687,0.162331231,False,up
WBGene00017959,1,1.0,PFOSA,-0.46014095,0.163825142,False,down
WBGene00004059,1,0.9666666666666667,PFOSA,0.10133256,0.164961045,False,up
WBGene00020457,1,0.9666666666666667,PFOSA,0.160620295,0.166562502,False,up
WBGene00011265,1,0.9,PFOSA,0.281806837,0.166952312,False,up
WBGene00017599,1,0.9666666666666667,PFOSA,0.338707122,0.167033231,False,up
WBGene00005484,1,0.9666666666666667,PFOSA,0.54976799,0.167574845,False,up
WBGene00000521,1,1.0,PFOSA,-0.65662905,0.167721285,False,down
WBGene00015052,1,0.9333333333333333,PFOSA,0.495928156,0.16822968,False,up
WBGene00003907,1,0.9666666666666667,PFOSA,0.140987639,0.168237296,False,up
WBGene00007682,1,0.9333333333333333,PFOSA,0.806837183,0.169075444,False,up
WBGene00009813,1,0.9666666666666667,PFOSA,0.184894574,0.169327312,False,up
WBGene00014057,1,1.0,PFOSA,-0.226794758,0.169609847,False,down
WBGene00002199,1,0.9666666666666667,PFOSA,0.283200407,0.169937407,False,up
WBGene00003711,1,1.0,PFOSA,0.197489861,0.171893925,False,up
WBGene00007891,1,1.0,PFOSA,-1.35066273,0.173289558,False,down
WBGene00022766,1,1.0,PFOSA,-0.244832265,0.173539304,False,down
WBGene00016089,1,0.9666666666666667,PFOSA,0.250252762,0.173807424,False,up
WBGene00011530,1,1.0,PFOSA,-0.502416486,0.174197004,False,down
WBGene00022260,1,1.0,PFOSA,-0.172830206,0.174530243,False,down
WBGene00008735,1,1.0,PFOSA,-0.124409127,0.175200999,False,down
WBGene00019207,1,1.0,PFOSA,-0.125733015,0.176166657,False,down
WBGene00195181,1,0.9333333333333333,PFOSA,0.888058461,0.176508423,False,up
WBGene00015046,1,0.9666666666666667,PFOSA,0.771985422,0.176674734,False,up
WBGene00022891,1,1.0,PFOSA,-0.475287589,0.177644307,False,down
WBGene00017151,1,1.0,PFOSA,0.180958467,0.177933041,False,up
WBGene00044708,1,0.9666666666666667,PFOSA,0.86607216,0.179035346,False,up
WBGene00011776,1,0.5666666666666667,PFOSA,-0.098168824,0.179171158,False,down
WBGene00008214,1,0.9666666666666667,PFOSA,0.171428674,0.18064221,False,up
WBGene00005293,1,0.9,PFOSA,-0.804844104,0.180719764,False,down
WBGene00004259,1,1.0,PFOSA,-0.226560723,0.18089926,False,down
WBGene00000712,1,0.9666666666666667,PFOSA,0.333028459,0.181371295,False,up
WBGene00002250,1,1.0,PFOSA,-0.12138766,0.181787382,False,down
WBGene00001204,1,0.9,PFOSA,0.170156583,0.181824686,False,up
WBGene00008167,1,1.0,PFOSA,-0.154937927,0.181842194,False,down
WBGene00006649,1,1.0,PFOSA,-0.153690688,0.182715555,False,down
WBGene00008521,1,0.9333333333333333,PFOSA,0.087066165,0.182916497,False,up
WBGene00001878,1,0.9666666666666667,PFOSA,0.484588647,0.1830667,False,up
WBGene00011129,1,0.6,PFOSA,0.475766877,0.183931631,False,up
WBGene00014864,1,0.9666666666666667,PFOSA,-0.223201113,0.185619757,False,down
WBGene00020648,1,1.0,PFOSA,-0.38893496,0.185691008,False,down
WBGene00018579,1,1.0,PFOSA,-0.158147977,0.18687743,False,down
WBGene00000543,1,1.0,PFOSA,-0.099336736,0.190739999,False,down
WBGene00011936,1,1.0,PFOSA,-0.090310778,0.191101938,False,down
WBGene00008596,1,0.9,PFOSA,0.225801439,0.191535839,False,up
WBGene00012091,1,0.9666666666666667,PFOSA,0.766631786,0.191764439,False,up
WBGene00005649,1,0.9666666666666667,PFOSA,0.348021537,0.192587178,False,up
WBGene00015644,1,0.6333333333333333,PFOSA,-0.070612875,0.192997208,False,down
WBGene00011262,1,1.0,PFOSA,-0.327616416,0.192997208,False,down
WBGene00018990,1,1.0,PFOSA,0.13502825,0.193012523,False,up
WBGene00000022,1,0.9666666666666667,PFOSA,-0.123326628,0.194045183,False,down
WBGene00017093,1,0.9666666666666667,PFOSA,-0.534689032,0.194799662,False,down
WBGene00012252,1,0.9666666666666667,PFOSA,0.18992653,0.196048384,False,up
WBGene00045331,1,1.0,PFOSA,-0.729384312,0.196187113,False,down
WBGene00007221,1,0.9666666666666667,PFOSA,0.114107338,0.19709277,False,up
WBGene00008269,1,0.9666666666666667,PFOSA,0.95904547,0.198162702,False,up
WBGene00001694,1,0.9,PFOSA,0.633984993,0.198752448,False,up
WBGene00001905,1,0.9333333333333333,PFOSA,0.369823316,0.199182229,False,up
WBGene00007574,1,0.6,PFOSA,-0.183771862,0.200228458,False,down
WBGene00011945,1,1.0,PFOSA,-0.244671694,0.200228458,False,down
WBGene00045457,1,0.9666666666666667,PFOSA,0.947678069,0.201857068,False,up
WBGene00011767,1,0.9666666666666667,PFOSA,-0.10841831,0.202282124,False,down
WBGene00007138,1,1.0,PFOSA,0.248547032,0.202518962,False,up
WBGene00005009,1,0.5666666666666667,PFOSA,0.069009514,0.202908464,False,up
WBGene00018675,1,1.0,PFOSA,-0.5088074,0.203203382,False,down
WBGene00086568,1,0.9666666666666667,PFOSA,0.641098223,0.203726668,False,up
WBGene00003624,1,1.0,PFOSA,-0.122606384,0.203802148,False,down
WBGene00023492,1,1.0,PFOSA,0.858561328,0.206630708,False,up
WBGene00022200,1,0.6,PFOSA,-0.12497243,0.207985879,False,down
WBGene00001647,1,1.0,PFOSA,-0.253596172,0.208856095,False,down
WBGene00015913,1,0.9666666666666667,PFOSA,1.059661265,0.210007616,False,up
WBGene00235114,1,1.0,PFOSA,-0.331105639,0.211893955,False,down
WBGene00003172,1,1.0,PFOSA,-0.091195062,0.212758063,False,down
WBGene00014207,1,1.0,PFOSA,0.115832744,0.213683764,False,up
WBGene00014046,1,0.9666666666666667,PFOSA,-0.601226988,0.21373217,False,down
WBGene00008427,1,0.7,PFOSA,-0.384995582,0.213807335,False,down
WBGene00011238,1,1.0,PFOSA,-0.344797491,0.213900037,False,down
WBGene00014252,1,0.9666666666666667,PFOSA,0.119536145,0.215535552,False,up
WBGene00014172,1,0.9666666666666667,PFOSA,0.103767563,0.21815251,False,up
WBGene00009900,1,1.0,PFOSA,-0.294723339,0.218215792,False,down
WBGene00015259,1,1.0,PFOSA,-0.48881869,0.218777486,False,down
WBGene00010508,1,0.9,PFOSA,0.640213355,0.220165163,False,up
WBGene00010784,1,1.0,PFOSA,-0.168366243,0.221415077,False,down
WBGene00013650,1,0.9666666666666667,PFOSA,-0.145657831,0.223933735,False,down
WBGene00018191,1,0.9666666666666667,PFOSA,0.168068717,0.224242322,False,up
WBGene00001392,1,0.8666666666666667,PFOSA,0.158169778,0.225516276,False,up
WBGene00011311,1,1.0,PFOSA,-0.098816241,0.228188322,False,down
WBGene00010998,1,1.0,PFOSA,-0.280504922,0.229073696,False,down
WBGene00000985,1,1.0,PFOSA,-0.074192041,0.22966607,False,down
WBGene00021532,1,0.9666666666666667,PFOSA,-0.099282656,0.231796673,False,down
WBGene00006952,1,1.0,PFOSA,-0.387426916,0.232479828,False,down
WBGene00013585,1,1.0,PFOSA,-0.202071338,0.232940399,False,down
WBGene00020335,1,0.5,PFOSA,0.251041134,0.23459185,False,up
WBGene00001914,1,0.9333333333333333,PFOSA,0.515628709,0.234597669,False,up
WBGene00010058,1,0.9,PFOSA,0.601271134,0.234622352,False,up
WBGene00001919,1,0.9,PFOSA,0.321359916,0.236469626,False,up
WBGene00012968,1,1.0,PFOSA,-0.138455354,0.238042569,False,down
WBGene00015100,1,0.9666666666666667,PFOSA,0.353567898,0.238537198,False,up
WBGene00013748,1,1.0,PFOSA,-0.427382081,0.23869661,False,down
WBGene00008507,1,0.9666666666666667,PFOSA,0.740110483,0.238799317,False,up
WBGene00017023,1,0.9666666666666667,PFOSA,0.099923475,0.23902091,False,up
WBGene00000488,1,1.0,PFOSA,0.133203406,0.239473542,False,up
WBGene00023483,1,1.0,PFOSA,-0.760687985,0.239473542,False,down
WBGene00001877,1,1.0,PFOSA,-0.287527188,0.23952717,False,down
WBGene00007322,1,0.9333333333333333,PFOSA,-0.288759397,0.239627223,False,down
WBGene00013935,1,1.0,PFOSA,-0.638645917,0.240712901,False,down
WBGene00001984,1,1.0,PFOSA,-0.179453549,0.242473038,False,down
WBGene00013292,1,0.9666666666666667,PFOSA,0.116191733,0.245194515,False,up
WBGene00018354,1,0.9666666666666667,PFOSA,0.315851901,0.2455621,False,up
WBGene00021915,1,1.0,PFOSA,0.120116755,0.245852104,False,up
WBGene00015906,1,1.0,PFOSA,0.374574311,0.24697364,False,up
WBGene00008425,1,1.0,PFOSA,-0.17048646,0.247247243,False,down
WBGene00008462,1,0.9,PFOSA,-0.410256043,0.247595573,False,down
WBGene00017467,1,0.5666666666666667,PFOSA,0.358699044,0.248166394,False,up
WBGene00012035,1,0.9666666666666667,PFOSA,0.185049522,0.250040635,False,up
WBGene00016782,1,0.9,PFOSA,0.163639722,0.251665087,False,up
WBGene00016246,1,0.5333333333333333,PFOSA,0.13866819,0.252854049,False,up
WBGene00001882,1,0.9666666666666667,PFOSA,0.430078527,0.253381561,False,up
WBGene00015807,1,1.0,PFOSA,-0.170714963,0.253753788,False,down
WBGene00015553,1,1.0,PFOSA,-0.06198548,0.25497243,False,down
WBGene00284844,1,1.0,PFOSA,-0.387788629,0.25589759,False,down
WBGene00003764,1,0.9666666666666667,PFOSA,0.2123693,0.256163262,False,up
WBGene00009358,1,0.9666666666666667,PFOSA,-0.197958485,0.256601436,False,down
WBGene00001644,1,1.0,PFOSA,0.138473552,0.257593919,False,up
WBGene00206359,1,0.9333333333333333,PFOSA,0.636114898,0.257653448,False,up
WBGene00015089,1,0.9666666666666667,PFOSA,0.597645663,0.258950124,False,up
WBGene00003733,1,0.9666666666666667,PFOSA,0.087184641,0.259392024,False,up
WBGene00009488,1,1.0,PFOSA,-0.390175259,0.262395996,False,down
WBGene00017777,1,1.0,PFOSA,-0.101079964,0.263012404,False,down
WBGene00009518,1,1.0,PFOSA,-0.239799544,0.265779475,False,down
WBGene00013294,1,0.9666666666666667,PFOSA,0.563518708,0.265858316,False,up
WBGene00014801,1,1.0,PFOSA,0.190204661,0.265987456,False,up
WBGene00003771,1,1.0,PFOSA,-0.29428235,0.267900615,False,down
WBGene00020938,1,1.0,PFOSA,0.196816802,0.269261474,False,up
WBGene00000281,1,1.0,PFOSA,0.089752716,0.272060223,False,up
WBGene00000420,1,0.8666666666666667,PFOSA,-0.098286045,0.273063818,False,down
WBGene00022870,1,0.9666666666666667,PFOSA,0.382766638,0.273297996,False,up
WBGene00022504,1,1.0,PFOSA,-0.355413212,0.273689054,False,down
WBGene00013078,1,0.7666666666666667,PFOSA,0.126703345,0.273766176,False,up
WBGene00000396,1,0.9666666666666667,PFOSA,0.100658996,0.274925547,False,up
WBGene00019588,1,0.7,PFOSA,-0.376104608,0.275475232,False,down
WBGene00045475,1,1.0,PFOSA,-0.751045513,0.276397095,False,down
WBGene00002249,1,1.0,PFOSA,-0.059839773,0.278084248,False,down
WBGene00008629,1,1.0,PFOSA,-0.333417648,0.278473589,False,down
WBGene00008826,1,0.9666666666666667,PFOSA,0.412611319,0.278499612,False,up
WBGene00007660,1,0.9666666666666667,PFOSA,0.576306778,0.279968623,False,up
WBGene00007944,1,1.0,PFOSA,0.077607735,0.280403035,False,up
WBGene00011436,1,0.9666666666666667,PFOSA,0.105723907,0.280486424,False,up
WBGene00008632,1,0.9666666666666667,PFOSA,-0.369527454,0.280976787,False,down
WBGene00013820,1,1.0,PFOSA,-0.355851934,0.282204374,False,down
WBGene00019362,1,1.0,PFOSA,-0.109304777,0.282949731,False,down
WBGene00045393,1,0.9666666666666667,PFOSA,0.63531237,0.286574637,False,up
WBGene00020088,1,1.0,PFOSA,-0.08441939,0.28675486,False,down
WBGene00000373,1,1.0,PFOSA,-0.40293184,0.287227963,False,down
WBGene00012152,1,0.9333333333333333,PFOSA,0.168362436,0.287233835,False,up
WBGene00021865,1,1.0,PFOSA,-0.340977511,0.287233835,False,down
WBGene00020862,1,0.5,PFOSA,0.114161232,0.290642502,False,up
WBGene00020908,1,1.0,PFOSA,-0.095298537,0.293982468,False,down
WBGene00020220,1,1.0,PFOSA,-0.48361198,0.294998467,False,down
WBGene00018412,1,0.9666666666666667,PFOSA,0.516179704,0.295956112,False,up
WBGene00004681,1,0.9666666666666667,PFOSA,-0.056950633,0.298655968,False,down
WBGene00020141,1,1.0,PFOSA,0.180231244,0.299310605,False,up
WBGene00011407,1,0.9666666666666667,PFOSA,-0.199849402,0.299446623,False,down
WBGene00009789,1,1.0,PFOSA,-0.13812197,0.300020724,False,down
WBGene00020972,1,0.6333333333333333,PFOSA,-0.141477712,0.300192475,False,down
WBGene00022606,1,1.0,PFOSA,-0.27262997,0.300289082,False,down
WBGene00008227,1,0.9333333333333333,PFOSA,0.136727386,0.300829238,False,up
WBGene00020989,1,1.0,PFOSA,0.111795945,0.30115241,False,up
WBGene00000786,1,1.0,PFOSA,0.136897514,0.302794865,False,up
WBGene00003933,1,0.9666666666666667,PFOSA,0.107185919,0.303015837,False,up
WBGene00010773,1,0.9,PFOSA,0.132000327,0.303286964,False,up
WBGene00012753,1,1.0,PFOSA,-0.175239616,0.305044843,False,down
WBGene00022406,1,0.5333333333333333,PFOSA,0.420332981,0.309257255,False,up
WBGene00001932,1,1.0,PFOSA,-0.257054066,0.313431896,False,down
WBGene00017727,1,1.0,PFOSA,-0.076470102,0.316883381,False,down
WBGene00019732,1,0.9666666666666667,PFOSA,-0.114874776,0.320457965,False,down
WBGene00194645,1,0.9666666666666667,PFOSA,-0.607409142,0.321230658,False,down
WBGene00018345,1,0.9666666666666667,PFOSA,0.6176154,0.321421053,False,up
WBGene00003097,1,1.0,PFOSA,0.081242866,0.321887953,False,up
WBGene00019604,1,1.0,PFOSA,-0.292855366,0.322518711,False,down
WBGene00010253,1,1.0,PFOSA,-0.814778255,0.323506488,False,down
WBGene00015894,1,1.0,PFOSA,-0.472229177,0.324281154,False,down
WBGene00009430,1,0.9666666666666667,PFOSA,0.182834019,0.324913419,False,up
WBGene00012855,1,0.7666666666666667,PFOSA,-0.301099199,0.325432282,False,down
WBGene00014761,1,1.0,PFOSA,-0.24814734,0.325984236,False,down
WBGene00009504,1,1.0,PFOSA,0.12145388,0.327752367,False,up
WBGene00015829,1,0.9666666666666667,PFOSA,-0.405291121,0.330368588,False,down
WBGene00017200,1,1.0,PFOSA,-0.378363052,0.3305388,False,down
WBGene00016226,1,0.6,PFOSA,0.537766258,0.332458382,False,up
WBGene00013766,1,0.9,PFOSA,0.092086765,0.332624036,False,up
WBGene00004369,1,0.9666666666666667,PFOSA,0.068364975,0.3336277,False,up
WBGene00001034,1,1.0,PFOSA,-0.051373057,0.333634957,False,down
WBGene00003530,1,0.9666666666666667,PFOSA,0.123335028,0.33513215,False,up
WBGene00003765,1,1.0,PFOSA,-0.263268468,0.335423104,False,down
WBGene00004191,1,0.9333333333333333,PFOSA,-0.108840816,0.336218971,False,down
WBGene00001903,1,0.9666666666666667,PFOSA,0.475762098,0.336419383,False,up
WBGene00009494,1,0.5666666666666667,PFOSA,-0.325283555,0.34077225,False,down
WBGene00022375,1,0.9666666666666667,PFOSA,-0.512689224,0.341621946,False,down
WBGene00021745,1,0.9,PFOSA,-0.215685513,0.34168272,False,down
WBGene00001149,1,1.0,PFOSA,-0.081450453,0.342962766,False,down
WBGene00012552,1,0.9666666666666667,PFOSA,0.140711823,0.343964886,False,up
WBGene00020166,1,1.0,PFOSA,0.132843584,0.344603762,False,up
WBGene00014091,1,0.9666666666666667,PFOSA,-0.080461936,0.345018063,False,down
WBGene00004193,1,1.0,PFOSA,0.102122329,0.345466963,False,up
WBGene00044237,1,0.9666666666666667,PFOSA,0.576382789,0.346504534,False,up
WBGene00044455,1,0.9,PFOSA,0.183060975,0.346576638,False,up
WBGene00018955,1,1.0,PFOSA,-0.196769563,0.348091583,False,down
WBGene00016063,1,0.9666666666666667,PFOSA,0.913131945,0.348926249,False,up
WBGene00004809,1,0.9666666666666667,PFOSA,0.082629438,0.349254182,False,up
WBGene00004823,1,1.0,PFOSA,-0.154550242,0.349554442,False,down
WBGene00017448,1,1.0,PFOSA,-0.072385714,0.350181857,False,down
WBGene00018806,1,1.0,PFOSA,-0.195055065,0.350416248,False,down
WBGene00006845,1,0.9,PFOSA,0.141759399,0.351443045,False,up
WBGene00003763,1,0.9666666666666667,PFOSA,-0.410268478,0.351725413,False,down
WBGene00012323,1,1.0,PFOSA,-0.37090239,0.352119933,False,down
WBGene00008940,1,1.0,PFOSA,-0.071423295,0.352216393,False,down
WBGene00015834,1,0.9666666666666667,PFOSA,0.69594015,0.352767906,False,up
WBGene00001168,1,1.0,PFOSA,0.048020752,0.353297082,False,up
WBGene00017012,1,1.0,PFOSA,0.126375671,0.353747661,False,up
WBGene00013035,1,1.0,PFOSA,-0.082281225,0.355332774,False,down
WBGene00018971,1,1.0,PFOSA,-0.154720446,0.35622775,False,down
WBGene00020884,1,1.0,PFOSA,-0.071484269,0.356630872,False,down
WBGene00002021,1,1.0,PFOSA,-0.125884704,0.356716872,False,down
WBGene00194746,1,0.9666666666666667,PFOSA,0.378280061,0.358774052,False,up
WBGene00013019,1,0.9666666666666667,PFOSA,-0.132598214,0.360884673,False,down
WBGene00001527,1,1.0,PFOSA,-0.055384013,0.362413544,False,down
WBGene00004986,1,1.0,PFOSA,0.116581416,0.363390489,False,up
WBGene00003879,1,0.7,PFOSA,0.506650558,0.363610465,False,up
WBGene00016717,1,0.9666666666666667,PFOSA,-0.152785969,0.364252069,False,down
WBGene00000959,1,1.0,PFOSA,0.058586254,0.367285938,False,up
WBGene00003695,1,1.0,PFOSA,0.146535032,0.368368599,False,up
WBGene00020924,1,0.7333333333333333,PFOSA,0.152193754,0.368395298,False,up
WBGene00004285,1,1.0,PFOSA,-0.09216048,0.371160444,False,down
WBGene00011926,1,0.9666666666666667,PFOSA,-0.231095499,0.372074719,False,down
WBGene00015284,1,1.0,PFOSA,0.133204879,0.372232851,False,up
WBGene00004890,1,1.0,PFOSA,-0.085701936,0.37279476,False,down
WBGene00021897,1,0.9666666666666667,PFOSA,0.127612826,0.374031041,False,up
WBGene00001761,1,1.0,PFOSA,-0.128107683,0.374453016,False,down
WBGene00011940,1,0.5333333333333333,PFOSA,0.067886717,0.374713052,False,up
WBGene00014206,1,1.0,PFOSA,-0.333112161,0.374807467,False,down
WBGene00009983,1,1.0,PFOSA,-0.359663673,0.374847069,False,down
WBGene00006615,1,0.9,PFOSA,0.06438421,0.375548788,False,up
WBGene00004963,1,0.9666666666666667,PFOSA,0.359107091,0.375842167,False,up
WBGene00019764,1,0.8666666666666667,PFOSA,0.132158675,0.378287488,False,up
WBGene00022801,1,1.0,PFOSA,-0.092315555,0.378663915,False,down
WBGene00000982,1,0.9666666666666667,PFOSA,-0.117826645,0.378663915,False,down
WBGene00044707,1,0.9666666666666667,PFOSA,0.499429982,0.381526245,False,up
WBGene00016087,1,0.7,PFOSA,-0.095472862,0.383477455,False,down
WBGene00008301,1,0.9666666666666667,PFOSA,0.480706841,0.385305272,False,up
WBGene00014210,1,0.8666666666666667,PFOSA,0.125878285,0.386866371,False,up
WBGene00017530,1,1.0,PFOSA,0.131757653,0.387315464,False,up
WBGene00005931,1,0.6666666666666666,PFOSA,0.192900367,0.39014832,False,up
WBGene00015887,1,1.0,PFOSA,-0.096066918,0.390859836,False,down
WBGene00044403,1,1.0,PFOSA,0.158985694,0.39133167,False,up
WBGene00020901,1,0.9666666666666667,PFOSA,0.114097266,0.391474562,False,up
WBGene00016162,1,1.0,PFOSA,-0.05942985,0.391828561,False,down
WBGene00004001,1,0.9666666666666667,PFOSA,-0.133293022,0.397181072,False,down
WBGene00000212,1,0.9,PFOSA,0.152227442,0.398098208,False,up
WBGene00007240,1,0.9333333333333333,PFOSA,-0.14067714,0.398173908,False,down
WBGene00021683,1,1.0,PFOSA,0.063336045,0.399638591,False,up
WBGene00009554,1,0.9,PFOSA,0.221258745,0.400144074,False,up
WBGene00005893,1,1.0,PFOSA,-0.252203937,0.400280714,False,down
WBGene00015291,1,1.0,PFOSA,-0.209532774,0.401255165,False,down
WBGene00016809,1,0.9666666666666667,PFOSA,0.11341315,0.402285191,False,up
WBGene00019225,1,1.0,PFOSA,0.098207018,0.402312632,False,up
WBGene00011564,1,1.0,PFOSA,0.055531535,0.403428887,False,up
WBGene00000074,1,0.8666666666666667,PFOSA,-0.074510329,0.403987322,False,down
WBGene00011255,1,1.0,PFOSA,-0.412935785,0.404647417,False,down
WBGene00015373,1,0.8666666666666667,PFOSA,0.309351617,0.406959253,False,up
WBGene00013564,1,0.9666666666666667,PFOSA,0.327148239,0.407073985,False,up
WBGene00015890,1,1.0,PFOSA,-0.901423966,0.413018357,False,down
WBGene00003767,1,0.9,PFOSA,-0.204284779,0.413232283,False,down
WBGene00016817,1,1.0,PFOSA,-0.140595927,0.413427043,False,down
WBGene00009256,1,1.0,PFOSA,0.079824018,0.414350914,False,up
WBGene00015799,1,1.0,PFOSA,0.394474168,0.415328665,False,up
WBGene00019355,1,1.0,PFOSA,-0.097119342,0.415922607,False,down
WBGene00206354,1,1.0,PFOSA,-0.193494399,0.41946307,False,down
WBGene00007134,1,0.9666666666666667,PFOSA,0.542211125,0.41992121,False,up
WBGene00012688,1,1.0,PFOSA,-0.200452497,0.41992121,False,down
WBGene00044401,1,1.0,PFOSA,-0.090578708,0.420674292,False,down
WBGene00004323,1,0.9666666666666667,PFOSA,0.063337504,0.420887765,False,up
WBGene00015172,1,0.9666666666666667,PFOSA,0.116101206,0.421137514,False,up
WBGene00018467,1,1.0,PFOSA,-0.070791823,0.421660868,False,down
WBGene00009137,1,0.9666666666666667,PFOSA,0.101639797,0.425162909,False,up
WBGene00001488,1,0.9666666666666667,PFOSA,-0.081850504,0.425749312,False,down
WBGene00011832,1,1.0,PFOSA,0.080735914,0.426116233,False,up
WBGene00007658,1,0.9666666666666667,PFOSA,0.526917354,0.427659287,False,up
WBGene00016585,1,0.5333333333333333,PFOSA,-0.1047437,0.427856972,False,down
WBGene00000472,1,1.0,PFOSA,-0.039551359,0.429529822,False,down
WBGene00022548,1,0.9666666666666667,PFOSA,0.360142475,0.429706765,False,up
WBGene00019073,1,1.0,PFOSA,-0.125765057,0.432541119,False,down
WBGene00007656,1,0.9666666666666667,PFOSA,0.535982658,0.432612966,False,up
WBGene00021526,1,0.6333333333333333,PFOSA,0.459287214,0.432724765,False,up
WBGene00022848,1,1.0,PFOSA,-0.086385571,0.433884946,False,down
WBGene00015454,1,1.0,PFOSA,0.051520586,0.4341946,False,up
WBGene00017957,1,1.0,PFOSA,-0.134097296,0.434445323,False,down
WBGene00164973,1,1.0,PFOSA,-0.184442012,0.435009864,False,down
WBGene00001687,1,1.0,PFOSA,-0.132570556,0.435085084,False,down
WBGene00044759,1,0.9666666666666667,PFOSA,0.177391668,0.435856879,False,up
WBGene00019249,1,1.0,PFOSA,-0.057618452,0.438944093,False,down
WBGene00005652,1,0.5666666666666667,PFOSA,0.171846949,0.440996124,False,up
WBGene00021492,1,1.0,PFOSA,0.218651233,0.446011479,False,up
WBGene00271605,1,0.9666666666666667,PFOSA,-0.26779137,0.446589142,False,down
WBGene00006730,1,1.0,PFOSA,-0.05553454,0.448639677,False,down
WBGene00021709,1,1.0,PFOSA,-0.167378969,0.449039874,False,down
WBGene00017032,1,0.9333333333333333,PFOSA,0.179083629,0.449503396,False,up
WBGene00008342,1,1.0,PFOSA,-0.098360783,0.449693822,False,down
WBGene00016048,1,0.7666666666666667,PFOSA,0.214864475,0.450488962,False,up
WBGene00006423,1,0.8333333333333334,PFOSA,0.055529731,0.453261301,False,up
WBGene00007867,1,0.9666666666666667,PFOSA,-0.207725824,0.456709905,False,down
WBGene00017441,1,0.9666666666666667,PFOSA,0.280734827,0.458760702,False,up
WBGene00021860,1,0.8666666666666667,PFOSA,0.412807165,0.459088431,False,up
WBGene00004197,1,1.0,PFOSA,-0.101676169,0.459088431,False,down
WBGene00001906,1,0.9666666666666667,PFOSA,0.157463004,0.46195545,False,up
WBGene00011668,1,0.9333333333333333,PFOSA,0.356228103,0.462171603,False,up
WBGene00020402,1,0.9666666666666667,PFOSA,0.074154045,0.462284845,False,up
WBGene00009061,1,0.9666666666666667,PFOSA,0.422724519,0.462639557,False,up
WBGene00016201,1,0.9666666666666667,PFOSA,0.144579915,0.463961547,False,up
WBGene00001939,1,0.9666666666666667,PFOSA,0.242163351,0.464354319,False,up
WBGene00001451,1,0.9666666666666667,PFOSA,0.085612695,0.4645722,False,up
WBGene00012530,1,1.0,PFOSA,-0.067734645,0.466437705,False,down
WBGene00009617,1,1.0,PFOSA,-0.085956922,0.468671967,False,down
WBGene00011212,1,1.0,PFOSA,0.085111855,0.469386592,False,up
WBGene00008484,1,0.9666666666666667,PFOSA,-0.147388826,0.469658267,False,down
WBGene00004005,1,0.9666666666666667,PFOSA,0.125860142,0.470695511,False,up
WBGene00001879,1,0.9666666666666667,PFOSA,0.258132161,0.470962941,False,up
WBGene00007558,1,1.0,PFOSA,-0.135638619,0.471280939,False,down
WBGene00016756,1,0.9,PFOSA,-0.115351968,0.473816363,False,down
WBGene00020029,1,0.9666666666666667,PFOSA,0.070849849,0.477083632,False,up
WBGene00004238,1,1.0,PFOSA,-0.054916106,0.478294047,False,down
WBGene00020726,1,0.9666666666666667,PFOSA,-0.078802816,0.479106934,False,down
WBGene00004405,1,1.0,PFOSA,-0.080761828,0.480150846,False,down
WBGene00016292,1,1.0,PFOSA,-0.051800916,0.482902667,False,down
WBGene00007866,1,0.5333333333333333,PFOSA,0.283726792,0.487162825,False,up
WBGene00019029,1,0.9666666666666667,PFOSA,0.226982336,0.487162825,False,up
WBGene00007657,1,0.9666666666666667,PFOSA,0.443157563,0.487942604,False,up
WBGene00019058,1,1.0,PFOSA,-0.147612822,0.489313048,False,down
WBGene00002717,1,0.9666666666666667,PFOSA,-0.042030209,0.489488465,False,down
WBGene00012149,1,0.9,PFOSA,0.092622957,0.490637864,False,up
WBGene00016409,1,0.9666666666666667,PFOSA,0.060807797,0.491734102,False,up
WBGene00009413,1,1.0,PFOSA,0.215788792,0.493900403,False,up
WBGene00045416,1,0.9666666666666667,PFOSA,0.288321893,0.496722281,False,up
WBGene00015224,1,0.9666666666666667,PFOSA,0.35241846,0.498347352,False,up
WBGene00002223,1,1.0,PFOSA,0.041069901,0.500674143,False,up
WBGene00016939,1,1.0,PFOSA,-0.114152171,0.502384996,False,down
WBGene00012910,1,0.9666666666666667,PFOSA,0.277203517,0.502432051,False,up
WBGene00018839,1,1.0,PFOSA,-0.252382886,0.502915028,False,down
WBGene00007591,1,1.0,PFOSA,0.077332003,0.503343062,False,up
WBGene00077757,1,0.8666666666666667,PFOSA,-0.301535976,0.503485872,False,down
WBGene00008948,1,1.0,PFOSA,-0.037245558,0.504640056,False,down
WBGene00016217,1,1.0,PFOSA,-0.12289415,0.506016563,False,down
WBGene00012042,1,0.8666666666666667,PFOSA,0.168873978,0.50698256,False,up
WBGene00015226,1,0.9666666666666667,PFOSA,0.395522581,0.507049431,False,up
WBGene00206384,1,1.0,PFOSA,-0.434380261,0.507618604,False,down
WBGene00000049,1,1.0,PFOSA,-0.154227516,0.507644152,False,down
WBGene00002260,1,0.9,PFOSA,-0.26511006,0.50817061,False,down
WBGene00021749,1,0.9666666666666667,PFOSA,0.057061686,0.508998626,False,up
WBGene00044014,1,0.9666666666666667,PFOSA,0.422495089,0.509525796,False,up
WBGene00018715,1,1.0,PFOSA,-0.116127025,0.510148407,False,down
WBGene00206373,1,0.9666666666666667,PFOSA,0.157888511,0.511143689,False,up
WBGene00004930,1,0.9333333333333333,PFOSA,-0.088430134,0.514188731,False,down
WBGene00002344,1,1.0,PFOSA,0.03809268,0.516639862,False,up
WBGene00044574,1,1.0,PFOSA,-0.174678519,0.518151758,False,down
WBGene00001876,1,0.9666666666666667,PFOSA,-0.286770097,0.529358343,False,down
WBGene00019314,1,0.9333333333333333,PFOSA,0.151619797,0.53142542,False,up
WBGene00044067,1,0.9666666666666667,PFOSA,-0.131383708,0.53142542,False,down
WBGene00010206,1,0.9666666666666667,PFOSA,0.57639341,0.531633927,False,up
WBGene00007659,1,0.9666666666666667,PFOSA,0.398937828,0.534507806,False,up
WBGene00006463,1,0.9666666666666667,PFOSA,-0.092900506,0.536784347,False,down
WBGene00018424,1,1.0,PFOSA,-0.164810602,0.538976544,False,down
WBGene00007906,1,0.9666666666666667,PFOSA,0.065037435,0.541008803,False,up
WBGene00194928,1,1.0,PFOSA,-0.389839894,0.545236381,False,down
WBGene00001760,1,0.9666666666666667,PFOSA,-0.405474622,0.545755021,False,down
WBGene00009165,1,1.0,PFOSA,0.08404017,0.54832637,False,up
WBGene00006667,1,0.9666666666666667,PFOSA,0.110478442,0.549440138,False,up
WBGene00012973,1,1.0,PFOSA,-0.03630669,0.54957733,False,down
WBGene00004218,1,1.0,PFOSA,-0.093938735,0.54965594,False,down
WBGene00015185,1,1.0,PFOSA,-0.050256513,0.552216993,False,down
WBGene00011437,1,1.0,PFOSA,-0.078583422,0.552664375,False,down
WBGene00000068,1,0.8666666666666667,PFOSA,0.038139897,0.553813563,False,up
WBGene00013281,1,1.0,PFOSA,0.297029544,0.554213079,False,up
WBGene00044772,1,1.0,PFOSA,-0.190387192,0.554427889,False,down
WBGene00023451,1,0.9,PFOSA,-0.165997253,0.556396557,False,down
WBGene00011235,1,1.0,PFOSA,-0.196522277,0.559472113,False,down
WBGene00009898,1,0.9666666666666667,PFOSA,0.501700177,0.560646241,False,up
WBGene00007056,1,1.0,PFOSA,-0.077326996,0.56111556,False,down
WBGene00270320,1,1.0,PFOSA,-0.201001449,0.568326509,False,down
WBGene00011510,1,1.0,PFOSA,-0.032455223,0.570043437,False,down
WBGene00020156,1,1.0,PFOSA,0.107029464,0.57182339,False,up
WBGene00008199,1,1.0,PFOSA,0.094598342,0.572069107,False,up
WBGene00044416,1,1.0,PFOSA,-0.568534702,0.574717752,False,down
WBGene00008575,1,1.0,PFOSA,-0.278919267,0.575267637,False,down
WBGene00022572,1,0.9666666666666667,PFOSA,0.190731221,0.576104994,False,up
WBGene00016096,1,1.0,PFOSA,-0.146068065,0.576244495,False,down
WBGene00008050,1,1.0,PFOSA,-0.148447488,0.577947236,False,down
WBGene00000069,1,0.9666666666666667,PFOSA,0.061218294,0.578255348,False,up
WBGene00010902,1,0.9,PFOSA,0.083327864,0.579977079,False,up
WBGene00015143,1,0.9333333333333333,PFOSA,0.034270272,0.580803912,False,up
WBGene00013417,1,0.9666666666666667,PFOSA,-0.157278925,0.583153249,False,down
WBGene00017867,1,0.9,PFOSA,0.143582866,0.58362791,False,up
WBGene00019725,1,0.9,PFOSA,0.055363845,0.585362511,False,up
WBGene00006493,1,0.9666666666666667,PFOSA,-0.037825009,0.585362511,False,down
WBGene00011076,1,1.0,PFOSA,-0.287283528,0.585506545,False,down
WBGene00006944,1,1.0,PFOSA,-0.042929164,0.590582301,False,down
WBGene00009394,1,1.0,PFOSA,-0.04382978,0.591439382,False,down
WBGene00044291,1,0.9,PFOSA,0.084409956,0.593027962,False,up
WBGene00017125,1,1.0,PFOSA,-0.043335714,0.596848181,False,down
WBGene00018113,1,0.9666666666666667,PFOSA,0.147231054,0.597168847,False,up
WBGene00008452,1,1.0,PFOSA,-0.035521936,0.601311932,False,down
WBGene00013497,1,1.0,PFOSA,-0.072856462,0.602677982,False,down
WBGene00009157,1,1.0,PFOSA,-0.103812949,0.602800607,False,down
WBGene00001494,1,1.0,PFOSA,0.036901701,0.603701014,False,up
WBGene00015080,1,0.9,PFOSA,0.130718407,0.60543753,False,up
WBGene00004804,1,1.0,PFOSA,0.052144533,0.605750329,False,up
WBGene00045401,1,0.9666666666666667,PFOSA,0.278715238,0.607818353,False,up
WBGene00012101,1,0.9666666666666667,PFOSA,0.176890561,0.609340232,False,up
WBGene00010516,1,1.0,PFOSA,-0.120385748,0.610442346,False,down
WBGene00016559,1,0.9333333333333333,PFOSA,0.090907895,0.614447894,False,up
WBGene00044382,1,0.5666666666666667,PFOSA,-0.126113285,0.615144712,False,down
WBGene00017751,1,1.0,PFOSA,0.22391848,0.615992744,False,up
WBGene00017379,1,0.8333333333333334,PFOSA,0.106034148,0.617066024,False,up
WBGene00004311,1,1.0,PFOSA,0.040041199,0.6180604,False,up
WBGene00017080,1,1.0,PFOSA,-0.041054505,0.618573477,False,down
WBGene00022490,1,1.0,PFOSA,-0.065031944,0.618573477,False,down
WBGene00004796,1,1.0,PFOSA,0.048112936,0.624674224,False,up
WBGene00010637,1,1.0,PFOSA,0.111632229,0.627394093,False,up
WBGene00020589,1,0.9666666666666667,PFOSA,0.05794374,0.628656719,False,up
WBGene00015790,1,0.9666666666666667,PFOSA,-0.040806812,0.629762402,False,down
WBGene00012324,1,0.9,PFOSA,-0.115596575,0.631444876,False,down
WBGene00017071,1,1.0,PFOSA,-0.093738866,0.631950556,False,down
WBGene00019664,1,0.9666666666666667,PFOSA,0.040398932,0.634752488,False,up
WBGene00020346,1,0.5666666666666667,PFOSA,0.043507523,0.638796414,False,up
WBGene00010965,1,0.5,PFOSA,-0.043538692,0.640579326,False,down
WBGene00022518,1,0.9666666666666667,PFOSA,0.029375233,0.64063409,False,up
WBGene00009056,1,1.0,PFOSA,0.169487313,0.644004611,False,up
WBGene00007317,1,1.0,PFOSA,0.036423361,0.645617414,False,up
WBGene00023497,1,0.9333333333333333,PFOSA,0.030419339,0.650227546,False,up
WBGene00007662,1,0.9666666666666667,PFOSA,0.304111351,0.652335479,False,up
WBGene00006483,1,0.9666666666666667,PFOSA,0.023931222,0.653975975,False,up
WBGene00008858,1,0.9666666666666667,PFOSA,0.200814319,0.654416674,False,up
WBGene00010471,1,0.9666666666666667,PFOSA,-0.030167656,0.656454911,False,down
WBGene00022365,1,1.0,PFOSA,0.04346141,0.660074136,False,up
WBGene00003170,1,0.9666666666666667,PFOSA,0.069405577,0.660388419,False,up
WBGene00006369,1,0.9666666666666667,PFOSA,0.030341389,0.665813034,False,up
WBGene00008819,1,0.8,PFOSA,0.039295872,0.666659696,False,up
WBGene00001881,1,0.9666666666666667,PFOSA,0.137275803,0.668849676,False,up
WBGene00195165,1,0.9666666666666667,PFOSA,-0.29206122,0.66887185,False,down
WBGene00000968,1,0.9333333333333333,PFOSA,0.074343611,0.669294783,False,up
WBGene00016034,1,0.9666666666666667,PFOSA,0.056772916,0.671744104,False,up
WBGene00045048,1,1.0,PFOSA,0.163496438,0.67272291,False,up
WBGene00007991,1,1.0,PFOSA,-0.069506779,0.673374473,False,down
WBGene00012726,1,0.9666666666666667,PFOSA,0.270693256,0.67396285,False,up
WBGene00008654,1,0.9666666666666667,PFOSA,-0.053452914,0.674665253,False,down
WBGene00012744,1,1.0,PFOSA,-0.149309615,0.680450977,False,down
WBGene00017121,1,1.0,PFOSA,-0.03595732,0.682178692,False,down
WBGene00007655,1,0.9666666666666667,PFOSA,0.259447033,0.684346062,False,up
WBGene00007353,1,0.9333333333333333,PFOSA,0.051220753,0.685420594,False,up
WBGene00001780,1,0.8666666666666667,PFOSA,-0.219556927,0.6864712,False,down
WBGene00044316,1,0.9666666666666667,PFOSA,-0.103357044,0.686714249,False,down
WBGene00022093,1,0.9,PFOSA,-0.046457013,0.692990346,False,down
WBGene00007010,1,0.9666666666666667,PFOSA,0.030063921,0.69643302,False,up
WBGene00003565,1,0.9666666666666667,PFOSA,0.05028006,0.699005738,False,up
WBGene00006407,1,1.0,PFOSA,-0.023231258,0.699005738,False,down
WBGene00010830,1,0.9666666666666667,PFOSA,0.127152094,0.699497716,False,up
WBGene00009215,1,0.9333333333333333,PFOSA,-0.155915406,0.699747077,False,down
WBGene00000822,1,0.9666666666666667,PFOSA,-0.031608129,0.701687193,False,down
WBGene00001922,1,1.0,PFOSA,-0.096520393,0.702149272,False,down
WBGene00001046,1,0.9666666666666667,PFOSA,0.070661968,0.7047102,False,up
WBGene00009397,1,1.0,PFOSA,0.059442764,0.706744675,False,up
WBGene00011774,1,0.9666666666666667,PFOSA,0.05563356,0.706744675,False,up
WBGene00012967,1,0.9666666666666667,PFOSA,-0.071143176,0.708706622,False,down
WBGene00012857,1,1.0,PFOSA,-0.044399311,0.709659663,False,down
WBGene00003717,1,1.0,PFOSA,-0.174351007,0.710549412,False,down
WBGene00011611,1,0.9666666666666667,PFOSA,0.058145616,0.712412649,False,up
WBGene00044207,1,0.9666666666666667,PFOSA,-0.264238711,0.712423605,False,down
WBGene00235158,1,1.0,PFOSA,-0.089358958,0.715304693,False,down
WBGene00020048,1,0.9666666666666667,PFOSA,0.105445916,0.718068205,False,up
WBGene00021043,1,1.0,PFOSA,-0.053926796,0.718726217,False,down
WBGene00022194,1,0.8666666666666667,PFOSA,0.05928717,0.719702457,False,up
WBGene00010962,1,1.0,PFOSA,0.03468799,0.719986318,False,up
WBGene00003507,1,0.9666666666666667,PFOSA,0.039356664,0.720511723,False,up
WBGene00006064,1,0.9666666666666667,PFOSA,0.069669225,0.723361431,False,up
WBGene00000451,1,0.9666666666666667,PFOSA,0.091165649,0.723719937,False,up
WBGene00013597,1,1.0,PFOSA,-0.026235189,0.723719937,False,down
WBGene00005342,1,0.9666666666666667,PFOSA,-0.175574055,0.723719937,False,down
WBGene00021008,1,0.9666666666666667,PFOSA,0.089070598,0.723859728,False,up
WBGene00003377,1,1.0,PFOSA,0.117652023,0.725263305,False,up
WBGene00001854,1,1.0,PFOSA,-0.055850684,0.725263305,False,down
WBGene00017641,1,0.9666666666666667,PFOSA,0.045631961,0.726162036,False,up
WBGene00003397,1,0.9,PFOSA,-0.028235071,0.726447739,False,down
WBGene00000190,1,0.9666666666666667,PFOSA,0.168202518,0.728237963,False,up
WBGene00011474,1,0.9666666666666667,PFOSA,-0.035318595,0.728237963,False,down
WBGene00021983,1,0.5666666666666667,PFOSA,0.033343806,0.728385005,False,up
WBGene00015509,1,1.0,PFOSA,0.027278238,0.728960113,False,up
WBGene00010148,1,1.0,PFOSA,-0.181188285,0.728960113,False,down
WBGene00004048,1,0.9666666666666667,PFOSA,0.029559649,0.730677986,False,up
WBGene00005110,1,1.0,PFOSA,0.078496766,0.731011178,False,up
WBGene00018174,1,0.9666666666666667,PFOSA,-0.039301132,0.734297015,False,down
WBGene00194646,1,0.9666666666666667,PFOSA,-0.241342081,0.742222594,False,down
WBGene00008267,1,0.9666666666666667,PFOSA,0.205122466,0.744288855,False,up
WBGene00018591,1,0.9666666666666667,PFOSA,-0.102902871,0.745020038,False,down
WBGene00015309,1,1.0,PFOSA,-0.113609343,0.747905678,False,down
WBGene00001940,1,1.0,PFOSA,-0.110318221,0.748876285,False,down
WBGene00020009,1,0.9666666666666667,PFOSA,-0.072050668,0.752458906,False,down
WBGene00005582,1,1.0,PFOSA,-0.157749527,0.752679075,False,down
WBGene00006513,1,0.9666666666666667,PFOSA,0.023075863,0.755681218,False,up
WBGene00012239,1,1.0,PFOSA,0.068857119,0.757781549,False,up
WBGene00022346,1,0.9666666666666667,PFOSA,0.051654374,0.759757358,False,up
WBGene00010503,1,1.0,PFOSA,0.039643037,0.762535164,False,up
WBGene00010605,1,1.0,PFOSA,-0.025876719,0.763262397,False,down
WBGene00019057,1,0.9666666666666667,PFOSA,0.043290395,0.76401204,False,up
WBGene00015514,1,0.7333333333333333,PFOSA,0.027690398,0.764584201,False,up
WBGene00235113,1,0.9666666666666667,PFOSA,-0.08712081,0.766010278,False,down
WBGene00013746,1,1.0,PFOSA,-0.039115442,0.768179521,False,down
WBGene00013215,1,1.0,PFOSA,0.035844102,0.768818571,False,up
WBGene00013917,1,1.0,PFOSA,0.029648512,0.768818571,False,up
WBGene00003868,1,0.9666666666666667,PFOSA,0.030311813,0.771148152,False,up
WBGene00016159,1,1.0,PFOSA,0.029350499,0.771148152,False,up
WBGene00014214,1,0.8666666666666667,PFOSA,0.025999873,0.773242408,False,up
WBGene00018692,1,1.0,PFOSA,0.034761978,0.775975766,False,up
WBGene00012168,1,1.0,PFOSA,-0.085161743,0.777735978,False,down
WBGene00016739,1,0.9666666666666667,PFOSA,-0.016162624,0.779258362,False,down
WBGene00010006,1,1.0,PFOSA,0.02470325,0.781245673,False,up
WBGene00003769,1,0.9666666666666667,PFOSA,-0.071226638,0.781737577,False,down
WBGene00011830,1,1.0,PFOSA,0.034206831,0.782377236,False,up
WBGene00013540,1,0.9666666666666667,PFOSA,0.037930264,0.782708291,False,up
WBGene00022756,1,1.0,PFOSA,-0.088538438,0.783620307,False,down
WBGene00014115,1,1.0,PFOSA,-0.02039271,0.786239219,False,down
WBGene00022469,1,1.0,PFOSA,-0.035629022,0.787394158,False,down
WBGene00001921,1,1.0,PFOSA,-0.098467208,0.790819535,False,down
WBGene00012505,1,0.9666666666666667,PFOSA,-0.138314845,0.790865297,False,down
WBGene00013559,1,1.0,PFOSA,0.074759867,0.79124711,False,up
WBGene00045365,1,1.0,PFOSA,-0.049467644,0.791949808,False,down
WBGene00006979,1,1.0,PFOSA,-0.104968011,0.792551078,False,down
WBGene00009114,1,0.9,PFOSA,0.307725824,0.79314999,False,up
WBGene00021814,1,1.0,PFOSA,0.042040736,0.795928512,False,up
WBGene00004149,1,0.9666666666666667,PFOSA,0.206289722,0.799566179,False,up
WBGene00020626,1,1.0,PFOSA,-0.064763124,0.799835482,False,down
WBGene00019986,1,1.0,PFOSA,-0.023721028,0.800825411,False,down
WBGene00011841,1,1.0,PFOSA,-0.167960295,0.801270975,False,down
WBGene00021556,1,1.0,PFOSA,0.028601934,0.801329433,False,up
WBGene00018594,1,0.9666666666666667,PFOSA,-0.04467093,0.801692253,False,down
WBGene00194908,1,0.9666666666666667,PFOSA,-0.044861312,0.802416983,False,down
WBGene00003094,1,0.9,PFOSA,0.10444137,0.802953851,False,up
WBGene00011282,1,0.7333333333333333,PFOSA,0.017510242,0.804364415,False,up
WBGene00010326,1,1.0,PFOSA,0.014632171,0.806146256,False,up
WBGene00000137,1,0.9666666666666667,PFOSA,0.022724095,0.806381545,False,up
WBGene00015828,1,0.9666666666666667,PFOSA,0.151029626,0.808835477,False,up
WBGene00006780,1,0.9666666666666667,PFOSA,0.020186466,0.81272861,False,up
WBGene00009552,1,0.9666666666666667,PFOSA,0.018529972,0.81449426,False,up
WBGene00000279,1,0.9666666666666667,PFOSA,-0.034135117,0.815430584,False,down
WBGene00007942,1,1.0,PFOSA,0.016514127,0.815446391,False,up
WBGene00006876,1,0.9666666666666667,PFOSA,0.025717676,0.815940575,False,up
WBGene00006754,1,1.0,PFOSA,0.01888262,0.816452798,False,up
WBGene00022067,1,0.8666666666666667,PFOSA,0.022244581,0.816845408,False,up
WBGene00015794,1,0.9666666666666667,PFOSA,0.092253537,0.817036969,False,up
WBGene00000929,1,0.9666666666666667,PFOSA,0.018385823,0.819240509,False,up
WBGene00014108,1,1.0,PFOSA,-0.018941316,0.819946489,False,down
WBGene00003099,1,0.9666666666666667,PFOSA,0.116994593,0.820333833,False,up
WBGene00003396,1,0.9666666666666667,PFOSA,-0.023986536,0.820496129,False,down
WBGene00008486,1,0.9666666666666667,PFOSA,0.064617387,0.82134362,False,up
WBGene00010280,1,0.9666666666666667,PFOSA,-0.015120561,0.821885763,False,down
WBGene00012279,1,0.9666666666666667,PFOSA,0.060610884,0.822804101,False,up
WBGene00006633,1,0.9666666666666667,PFOSA,0.027355569,0.823191657,False,up
WBGene00019367,1,1.0,PFOSA,0.059291746,0.82558816,False,up
WBGene00006751,1,1.0,PFOSA,0.01337059,0.825818202,False,up
WBGene00007358,1,0.9,PFOSA,-0.077960533,0.828257435,False,down
WBGene00013604,1,1.0,PFOSA,0.027110477,0.830529867,False,up
WBGene00044201,1,0.9666666666666667,PFOSA,0.261660415,0.831898144,False,up
WBGene00010821,1,0.9666666666666667,PFOSA,0.184661641,0.832068718,False,up
WBGene00020797,1,0.9666666666666667,PFOSA,0.104032769,0.834844978,False,up
WBGene00006504,1,1.0,PFOSA,-0.016562806,0.836141284,False,down
WBGene00018353,1,0.9666666666666667,PFOSA,0.081203848,0.842910692,False,up
WBGene00022691,1,0.9666666666666667,PFOSA,-0.062300662,0.845898268,False,down
WBGene00014243,1,0.9666666666666667,PFOSA,-0.01853097,0.849732928,False,down
WBGene00001773,1,0.9666666666666667,PFOSA,0.214771095,0.85208691,False,up
WBGene00010558,1,1.0,PFOSA,-0.019926568,0.853908451,False,down
WBGene00045419,1,1.0,PFOSA,-0.011812716,0.854615592,False,down
WBGene00006718,1,0.9666666666666667,PFOSA,0.035402142,0.855186914,False,up
WBGene00016595,1,1.0,PFOSA,0.088212913,0.855788889,False,up
WBGene00003714,1,0.9666666666666667,PFOSA,-0.046958703,0.85736094,False,down
WBGene00011130,1,1.0,PFOSA,0.14296746,0.857694613,False,up
WBGene00015382,1,0.9666666666666667,PFOSA,-0.039244679,0.859414899,False,down
WBGene00019579,1,0.9666666666666667,PFOSA,0.046216772,0.859899144,False,up
WBGene00020003,1,1.0,PFOSA,-0.048957166,0.863569777,False,down
WBGene00000478,1,1.0,PFOSA,0.014088806,0.864233424,False,up
WBGene00007094,1,1.0,PFOSA,-0.019560535,0.866106273,False,down
WBGene00007324,1,1.0,PFOSA,0.025149989,0.867252503,False,up
WBGene00010901,1,0.9,PFOSA,-0.014014268,0.867518818,False,down
WBGene00021590,1,1.0,PFOSA,-0.047658943,0.867758884,False,down
WBGene00017947,1,0.9,PFOSA,0.027031597,0.868777856,False,up
WBGene00015693,1,1.0,PFOSA,0.038023703,0.87019067,False,up
WBGene00017024,1,0.9666666666666667,PFOSA,-0.182840832,0.870345925,False,down
WBGene00009311,1,0.7333333333333333,PFOSA,-0.089323813,0.873408751,False,down
WBGene00000564,1,0.9666666666666667,PFOSA,0.008808819,0.875934344,False,up
WBGene00001764,1,1.0,PFOSA,-0.065159459,0.876683506,False,down
WBGene00219420,1,1.0,PFOSA,0.056555979,0.877377766,False,up
WBGene00017645,1,1.0,PFOSA,0.051534707,0.884151725,False,up
WBGene00021566,1,1.0,PFOSA,0.134951393,0.885652081,False,up
WBGene00013752,1,1.0,PFOSA,-0.018243185,0.888942169,False,down
WBGene00014092,1,1.0,PFOSA,-0.018710487,0.888951057,False,down
WBGene00005585,1,0.9333333333333333,PFOSA,0.054700572,0.889457989,False,up
WBGene00001931,1,0.9666666666666667,PFOSA,0.053166124,0.890732825,False,up
WBGene00019465,1,1.0,PFOSA,0.009865863,0.890898152,False,up
WBGene00016150,1,0.8666666666666667,PFOSA,0.020396822,0.892823381,False,up
WBGene00001880,1,0.9666666666666667,PFOSA,-0.044810466,0.893165767,False,down
WBGene00020612,1,1.0,PFOSA,-0.018984496,0.893625965,False,down
WBGene00003385,1,1.0,PFOSA,0.018883379,0.897807086,False,up
WBGene00001491,1,1.0,PFOSA,-0.010952175,0.899552578,False,down
WBGene00000972,1,1.0,PFOSA,-0.035286319,0.899740641,False,down
WBGene00001536,1,1.0,PFOSA,-0.02339798,0.899812366,False,down
WBGene00006975,1,1.0,PFOSA,0.007126662,0.901327266,False,up
WBGene00015378,1,1.0,PFOSA,0.015062124,0.902540703,False,up
WBGene00002191,1,1.0,PFOSA,-0.00649902,0.903052192,False,down
WBGene00003862,1,0.9666666666666667,PFOSA,0.029028416,0.903143485,False,up
WBGene00003828,1,1.0,PFOSA,0.022529457,0.903143485,False,up
WBGene00018986,1,1.0,PFOSA,-0.018766169,0.905003533,False,down
WBGene00022240,1,1.0,PFOSA,0.014321468,0.906933588,False,up
WBGene00020820,1,0.8,PFOSA,0.009652558,0.911399059,False,up
WBGene00000439,1,0.9666666666666667,PFOSA,-0.016516015,0.911429359,False,down
WBGene00009825,1,1.0,PFOSA,0.009651457,0.913517716,False,up
WBGene00005925,1,1.0,PFOSA,-0.043143614,0.914113904,False,down
WBGene00006588,1,1.0,PFOSA,0.013364263,0.91425676,False,up
WBGene00044028,1,1.0,PFOSA,-0.025529829,0.91425676,False,down
WBGene00020137,1,1.0,PFOSA,0.022353623,0.915025534,False,up
WBGene00016517,1,1.0,PFOSA,-0.026040359,0.9150451,False,down
WBGene00015455,1,0.9666666666666667,PFOSA,-0.034462804,0.91557387,False,down
WBGene00021928,1,0.9666666666666667,PFOSA,-0.019189867,0.919565557,False,down
WBGene00008170,1,0.9666666666666667,PFOSA,0.022447607,0.919915915,False,up
WBGene00019393,1,1.0,PFOSA,-0.037668293,0.921891235,False,down
WBGene00044132,1,1.0,PFOSA,-0.028531577,0.926336394,False,down
WBGene00019268,1,1.0,PFOSA,-0.01742788,0.92738988,False,down
WBGene00012125,1,0.9666666666666667,PFOSA,-0.009791709,0.928384282,False,down
WBGene00005712,1,0.9666666666666667,PFOSA,0.009842866,0.93091706,False,up
WBGene00015190,1,0.9666666666666667,PFOSA,0.011208137,0.933011104,False,up
WBGene00000442,1,0.9666666666666667,PFOSA,-0.025398417,0.933011104,False,down
WBGene00009216,1,0.9666666666666667,PFOSA,0.012245956,0.937052594,False,up
WBGene00011105,1,1.0,PFOSA,0.016382946,0.937310005,False,up
WBGene00020151,1,0.9666666666666667,PFOSA,-0.025401948,0.94409953,False,down
WBGene00002137,1,1.0,PFOSA,-0.004329987,0.946041902,False,down
WBGene00019580,1,1.0,PFOSA,-0.021692294,0.946896532,False,down
WBGene00014254,1,0.9666666666666667,PFOSA,0.013832159,0.947430451,False,up
WBGene00020143,1,1.0,PFOSA,-0.00558922,0.948227376,False,down
WBGene00003474,1,1.0,PFOSA,0.033859358,0.948247596,False,up
WBGene00001787,1,0.9666666666666667,PFOSA,-0.017607088,0.952279835,False,down
WBGene00022062,1,0.9666666666666667,PFOSA,0.01624147,0.953657381,False,up
WBGene00010970,1,0.9,PFOSA,0.009648456,0.955483577,False,up
WBGene00016571,1,0.9666666666666667,PFOSA,0.014638456,0.961924019,False,up
WBGene00009971,1,1.0,PFOSA,-0.008816995,0.964386447,False,down
WBGene00020360,1,1.0,PFOSA,0.004771835,0.96874102,False,up
WBGene00011860,1,1.0,PFOSA,-0.004510721,0.968949233,False,down
WBGene00012023,1,0.9666666666666667,PFOSA,-0.011217048,0.969173275,False,down
WBGene00009774,1,0.9666666666666667,PFOSA,-0.006823762,0.969919903,False,down
WBGene00010840,1,1.0,PFOSA,-0.00265944,0.971424279,False,down
WBGene00008922,1,1.0,PFOSA,0.006288706,0.971613917,False,up
WBGene00017688,1,0.9,PFOSA,0.005163409,0.971674289,False,up
WBGene00016998,1,1.0,PFOSA,0.009803207,0.971766372,False,up
WBGene00008985,1,0.9666666666666667,PFOSA,0.023805229,0.972209545,False,up
WBGene00011708,1,0.9666666666666667,PFOSA,0.004379601,0.973485005,False,up
WBGene00013289,1,1.0,PFOSA,0.004094854,0.973594672,False,up
WBGene00021066,1,0.9666666666666667,PFOSA,0.017540669,0.976435514,False,up
WBGene00007661,1,0.9666666666666667,PFOSA,0.021709149,0.978190583,False,up
WBGene00045253,1,1.0,PFOSA,0.00758238,0.979953997,False,up
WBGene00007819,1,1.0,PFOSA,0.003638948,0.982745076,False,up
WBGene00000150,1,0.6666666666666666,PFOSA,0.00117191,0.985292844,False,up
WBGene00008993,1,1.0,PFOSA,0.003695273,0.985731855,False,up
WBGene00010411,1,1.0,PFOSA,0.006120872,0.992153406,False,up
WBGene00009124,1,1.0,PFOSA,-0.000598822,0.996386559,False,down
WBGene00004999,1,1.0,PFOSA,0.000202125,0.998749834,False,up
WBGene00000114,1,1.0,PFOSA,8.27414058676079e-05,0.99939614,False,up
