WB_id,consensus_module,consensus_strength,chemical,logFC,FDR,is_detected,direction
WBGene00001814,0,1.0,PFOS,-0.220867339558435,0.137911808975554,False,down
WBGene00008692,0,1.0,PFOS,-0.317743203769809,0.41796998390578,False,down
WBGene00021335,0,0.9,PFOS,-0.538919055679454,0.476405459092426,False,down
WBGene00004918,0,1.0,PFOS,-0.259119296966614,0.507796500867022,False,down
WBGene00015814,0,1.0,PFOS,-0.445756024537379,0.524122378925184,False,down
WBGene00002092,0,1.0,PFOS,0.710647771070322,0.544223108252658,False,up
WBGene00016906,0,1.0,PFOS,-0.171001651153652,0.547660214798976,False,down
WBGene00000155,0,1.0,PFOS,-0.18528102222861,0.574216874261466,False,down
WBGene00017939,0,0.9666666666666667,PFOS,-0.201331316615826,0.581303763110371,False,down
WBGene00017948,0,1.0,PFOS,0.243501479728371,0.584794189293515,False,up
WBGene00017283,0,1.0,PFOS,-0.163217608834931,0.643536803368372,False,down
WBGene00018721,0,1.0,PFOS,-0.230523891622796,0.654597174186415,False,down
WBGene00016203,0,0.9666666666666667,PFOS,0.164318927351929,0.654871593455322,False,up
WBGene00001774,0,1.0,PFOS,-0.307839079951069,0.690575590749061,False,down
WBGene00004920,0,1.0,PFOS,-0.243533109650381,0.701130961710296,False,down
WBGene00000804,0,1.0,PFOS,-0.352649139513723,0.707913332036058,False,down
WBGene00015703,0,1.0,PFOS,-0.166064732267122,0.721825668406734,False,down
WBGene00012497,0,1.0,PFOS,-0.105082621278366,0.747246665973153,False,down
WBGene00009274,0,1.0,PFOS,-0.212735896548256,0.752090319177219,False,down
WBGene00007350,0,1.0,PFOS,-0.107059511852755,0.77033022579961,False,down
WBGene00020511,0,1.0,PFOS,-0.090746457879392,0.773054317868114,False,down
WBGene00008000,0,1.0,PFOS,-0.150418113829626,0.777586967911764,False,down
WBGene00021850,0,1.0,PFOS,-0.403024955479713,0.795512855667731,False,down
WBGene00000406,0,0.9666666666666667,PFOS,0.193076457909654,0.797061312463157,False,up
WBGene00004989,0,1.0,PFOS,0.466019878587618,0.802543435168752,False,up
WBGene00017436,0,0.9666666666666667,PFOS,0.259937710790882,0.827663677550986,False,up
WBGene00017163,0,0.9666666666666667,PFOS,-0.237655755292671,0.827663677550986,False,down
WBGene00001999,0,1.0,PFOS,-0.144934277707836,0.839961855383494,False,down
WBGene00003877,0,1.0,PFOS,-0.203549280579503,0.841701544524767,False,down
WBGene00020392,0,1.0,PFOS,-0.22561504221688,0.84599954686981,False,down
WBGene00020788,0,1.0,PFOS,-0.163340199483874,0.869739223037923,False,down
WBGene00009290,0,0.9666666666666667,PFOS,0.0942786987475436,0.871218183282977,False,up
WBGene00022201,0,1.0,PFOS,-0.124717805943831,0.871856147692342,False,down
WBGene00016103,0,1.0,PFOS,-0.202194201664466,0.873017889639631,False,down
WBGene00012834,0,1.0,PFOS,-0.197305128853958,0.879129975165861,False,down
WBGene00019717,0,0.7666666666666667,PFOS,-0.213093908351412,0.882908444241175,False,down
WBGene00044746,0,1.0,PFOS,-0.264028114538305,0.882908444241175,False,down
WBGene00020340,0,1.0,PFOS,-0.165131771660339,0.885041983140663,False,down
WBGene00022141,0,1.0,PFOS,-0.290991926601835,0.886368473618857,False,down
WBGene00008741,0,0.6333333333333333,PFOS,0.173005723924184,0.888026477098052,False,up
WBGene00000121,0,1.0,PFOS,-0.194780576495468,0.900998745173771,False,down
WBGene00002216,0,1.0,PFOS,0.122861004329252,0.906525001503165,False,up
WBGene00003134,0,1.0,PFOS,-0.133626843428158,0.906525001503165,False,down
WBGene00000498,0,1.0,PFOS,-0.204425925142389,0.908578118920255,False,down
WBGene00022416,0,1.0,PFOS,0.192561689850537,0.910565028515146,False,up
WBGene00000475,0,1.0,PFOS,-0.0981861737604853,0.910565028515146,False,down
WBGene00020466,0,1.0,PFOS,-0.272970841797892,0.910565028515146,False,down
WBGene00008921,0,1.0,PFOS,-0.274966004943044,0.910565028515146,False,down
WBGene00001235,0,1.0,PFOS,-0.155722948526148,0.91145753020803,False,down
WBGene00013892,0,1.0,PFOS,-0.144218875185243,0.916627434790977,False,down
WBGene00020813,0,1.0,PFOS,-0.227007688833334,0.919660161830238,False,down
WBGene00009966,0,1.0,PFOS,-0.159248329885471,0.92058660727951,False,down
WBGene00020160,0,1.0,PFOS,-0.140687433848683,0.921023373806881,False,down
WBGene00022056,0,0.9666666666666667,PFOS,-0.137493066469247,0.929490518497005,False,down
WBGene00012983,0,1.0,PFOS,-0.0981753331536793,0.933716999652349,False,down
WBGene00010330,0,1.0,PFOS,-0.236920284346048,0.933716999652349,False,down
WBGene00013740,0,1.0,PFOS,0.129240951400843,0.934227026700036,False,up
WBGene00004338,0,0.8666666666666667,PFOS,-0.185217131532369,0.938573621804957,False,down
WBGene00007118,0,1.0,PFOS,-0.162160402946975,0.938982318735626,False,down
WBGene00002046,0,1.0,PFOS,-0.145522665112058,0.950011037340283,False,down
WBGene00000047,0,0.8333333333333334,PFOS,-0.179659968248939,0.950011037340283,False,down
WBGene00012996,0,1.0,PFOS,-0.159186222208618,0.954828568558256,False,down
WBGene00022612,0,1.0,PFOS,-0.381986861895089,0.954847598607419,False,down
WBGene00206361,0,0.5,PFOS,-0.395451040600899,0.954847598607419,False,down
WBGene00235268,0,1.0,PFOS,-0.837195142798135,0.954847598607419,False,down
WBGene00003392,0,1.0,PFOS,-0.116754781280213,0.961420998414246,False,down
WBGene00012936,0,1.0,PFOS,-0.22715810721731,0.961420998414246,False,down
WBGene00003762,0,0.9666666666666667,PFOS,-0.238302265281964,0.961420998414246,False,down
WBGene00006447,0,1.0,PFOS,-0.126168327462366,0.961899229558555,False,down
WBGene00011482,0,0.9,PFOS,-0.140171822615061,0.961899229558555,False,down
WBGene00018836,0,1.0,PFOS,-0.106150438595307,0.975765395755707,False,down
WBGene00001320,0,1.0,PFOS,-0.112570542331054,0.975765395755707,False,down
WBGene00004888,0,1.0,PFOS,-0.176271158944839,0.975765395755707,False,down
WBGene00017832,0,1.0,PFOS,-0.239933040289929,0.975765395755707,False,down
WBGene00003037,0,1.0,PFOS,-0.160401148129582,0.977888640845812,False,down
WBGene00001758,0,1.0,PFOS,-0.326838710525096,0.979937390716047,False,down
WBGene00002061,0,1.0,PFOS,-0.103746221054831,0.983623859897177,False,down
WBGene00022180,0,1.0,PFOS,-0.124728592352424,0.995377989652961,False,down
WBGene00018613,0,1.0,PFOS,-0.279839978637414,0.995377989652961,False,down
WBGene00004981,0,1.0,PFOS,-0.173463176303628,0.996060347715216,False,down
WBGene00012429,0,0.9,PFOS,0.449623600986923,0.999139297746776,False,up
WBGene00044032,0,1.0,PFOS,0.289895611737524,0.999139297746776,False,up
WBGene00022013,0,0.8333333333333334,PFOS,0.277310114993368,0.999139297746776,False,up
WBGene00019508,0,1.0,PFOS,0.275376179498048,0.999139297746776,False,up
WBGene00008292,0,1.0,PFOS,0.263566712562237,0.999139297746776,False,up
WBGene00003522,0,1.0,PFOS,0.257713170878375,0.999139297746776,False,up
WBGene00005194,0,0.5666666666666667,PFOS,0.223209659902805,0.999139297746776,False,up
WBGene00009713,0,0.8666666666666667,PFOS,0.222390866162398,0.999139297746776,False,up
WBGene00077690,0,1.0,PFOS,0.198183964544852,0.999139297746776,False,up
WBGene00000005,0,1.0,PFOS,0.186012541174682,0.999139297746776,False,up
WBGene00017969,0,1.0,PFOS,0.173951617196533,0.999139297746776,False,up
WBGene00021638,0,1.0,PFOS,0.172709007129987,0.999139297746776,False,up
WBGene00008567,0,1.0,PFOS,0.169169777543673,0.999139297746776,False,up
WBGene00018828,0,0.7666666666666667,PFOS,0.156164055673764,0.999139297746776,False,up
WBGene00010771,0,1.0,PFOS,0.15579487289465,0.999139297746776,False,up
WBGene00003991,0,1.0,PFOS,0.149961210158646,0.999139297746776,False,up
WBGene00021441,0,1.0,PFOS,0.145852518245354,0.999139297746776,False,up
WBGene00007927,0,1.0,PFOS,0.142082265079114,0.999139297746776,False,up
WBGene00017798,0,1.0,PFOS,0.141407672845167,0.999139297746776,False,up
WBGene00001636,0,1.0,PFOS,0.141263006881803,0.999139297746776,False,up
WBGene00011139,0,0.9333333333333333,PFOS,0.133755167529246,0.999139297746776,False,up
WBGene00019587,0,1.0,PFOS,0.133426562935836,0.999139297746776,False,up
WBGene00022493,0,1.0,PFOS,0.132092008062758,0.999139297746776,False,up
WBGene00011803,0,1.0,PFOS,0.131853792934351,0.999139297746776,False,up
WBGene00004156,0,1.0,PFOS,0.131283476735417,0.999139297746776,False,up
WBGene00021044,0,1.0,PFOS,0.123529522810762,0.999139297746776,False,up
WBGene00012998,0,1.0,PFOS,0.122504334441302,0.999139297746776,False,up
WBGene00017329,0,1.0,PFOS,0.120728081658169,0.999139297746776,False,up
WBGene00008122,0,1.0,PFOS,0.120057861790422,0.999139297746776,False,up
WBGene00000887,0,1.0,PFOS,0.12005153932829,0.999139297746776,False,up
WBGene00013362,0,1.0,PFOS,0.115354542790144,0.999139297746776,False,up
WBGene00006590,0,1.0,PFOS,0.115296940038566,0.999139297746776,False,up
WBGene00018593,0,1.0,PFOS,0.112566040895864,0.999139297746776,False,up
WBGene00010905,0,1.0,PFOS,0.109219347774756,0.999139297746776,False,up
WBGene00008426,0,1.0,PFOS,0.108321066646977,0.999139297746776,False,up
WBGene00015145,0,0.5333333333333333,PFOS,0.108109174224667,0.999139297746776,False,up
WBGene00016812,0,1.0,PFOS,0.106583809162779,0.999139297746776,False,up
WBGene00007257,0,0.9666666666666667,PFOS,0.105365498603382,0.999139297746776,False,up
WBGene00010364,0,0.9666666666666667,PFOS,0.105046095710691,0.999139297746776,False,up
WBGene00011857,0,1.0,PFOS,0.103433727525873,0.999139297746776,False,up
WBGene00018827,0,1.0,PFOS,0.101781985918939,0.999139297746776,False,up
WBGene00021841,0,1.0,PFOS,0.0985644328644705,0.999139297746776,False,up
WBGene00021754,0,1.0,PFOS,0.0959517312466251,0.999139297746776,False,up
WBGene00045379,0,1.0,PFOS,0.0959128254853858,0.999139297746776,False,up
WBGene00000550,0,1.0,PFOS,0.0946229709424257,0.999139297746776,False,up
WBGene00007943,0,1.0,PFOS,0.0944813766673878,0.999139297746776,False,up
WBGene00022371,0,1.0,PFOS,0.0939826858325429,0.999139297746776,False,up
WBGene00008690,0,1.0,PFOS,0.0939479246143178,0.999139297746776,False,up
WBGene00010858,0,0.9,PFOS,0.0937635552193885,0.999139297746776,False,up
WBGene00013880,0,1.0,PFOS,0.0936571972459078,0.999139297746776,False,up
WBGene00006675,0,1.0,PFOS,0.0925956642399883,0.999139297746776,False,up
WBGene00007197,0,1.0,PFOS,0.0918423176585091,0.999139297746776,False,up
WBGene00015940,0,1.0,PFOS,0.0902490893405906,0.999139297746776,False,up
WBGene00018270,0,1.0,PFOS,0.0891279210141093,0.999139297746776,False,up
WBGene00020263,0,1.0,PFOS,0.0880672341665611,0.999139297746776,False,up
WBGene00001134,0,0.9,PFOS,0.0879652697072636,0.999139297746776,False,up
WBGene00004185,0,1.0,PFOS,0.0856764819373311,0.999139297746776,False,up
WBGene00007668,0,1.0,PFOS,0.0856736726176419,0.999139297746776,False,up
WBGene00016606,0,1.0,PFOS,0.0854459534357174,0.999139297746776,False,up
WBGene00017319,0,1.0,PFOS,0.0850665730286661,0.999139297746776,False,up
WBGene00021021,0,1.0,PFOS,0.0847290908870384,0.999139297746776,False,up
WBGene00010118,0,0.9666666666666667,PFOS,0.0844544432608474,0.999139297746776,False,up
WBGene00021934,0,1.0,PFOS,0.0844372569472265,0.999139297746776,False,up
WBGene00006430,0,1.0,PFOS,0.083726670471777,0.999139297746776,False,up
WBGene00011806,0,0.9333333333333333,PFOS,0.0834741206206537,0.999139297746776,False,up
WBGene00017169,0,1.0,PFOS,0.0829654671559678,0.999139297746776,False,up
WBGene00000235,0,1.0,PFOS,0.0824406992889671,0.999139297746776,False,up
WBGene00008774,0,1.0,PFOS,0.0823886353051499,0.999139297746776,False,up
WBGene00020558,0,0.5333333333333333,PFOS,0.081285150186629,0.999139297746776,False,up
WBGene00021752,0,1.0,PFOS,0.0811871715923324,0.999139297746776,False,up
WBGene00021929,0,1.0,PFOS,0.0808654910491542,0.999139297746776,False,up
WBGene00003882,0,1.0,PFOS,0.0806257354699698,0.999139297746776,False,up
WBGene00006749,0,0.8333333333333334,PFOS,0.0801763772411723,0.999139297746776,False,up
WBGene00010893,0,1.0,PFOS,0.079971157515709,0.999139297746776,False,up
WBGene00008578,0,1.0,PFOS,0.0797713146620771,0.999139297746776,False,up
WBGene00010161,0,0.9666666666666667,PFOS,0.0791142993771526,0.999139297746776,False,up
WBGene00018891,0,1.0,PFOS,0.0790601540888868,0.999139297746776,False,up
WBGene00004034,0,1.0,PFOS,0.0789975885684182,0.999139297746776,False,up
WBGene00016469,0,1.0,PFOS,0.0781344283076198,0.999139297746776,False,up
WBGene00013601,0,1.0,PFOS,0.0777456714300009,0.999139297746776,False,up
WBGene00010042,0,1.0,PFOS,0.0769567438910065,0.999139297746776,False,up
WBGene00012649,0,1.0,PFOS,0.0769549357827814,0.999139297746776,False,up
WBGene00011688,0,1.0,PFOS,0.0766751500999331,0.999139297746776,False,up
WBGene00011897,0,1.0,PFOS,0.0756553614025135,0.999139297746776,False,up
WBGene00021715,0,1.0,PFOS,0.0745783804751335,0.999139297746776,False,up
WBGene00021831,0,1.0,PFOS,0.0737120868483015,0.999139297746776,False,up
WBGene00020693,0,1.0,PFOS,0.0735409662780724,0.999139297746776,False,up
WBGene00011058,0,1.0,PFOS,0.0730451481865534,0.999139297746776,False,up
WBGene00017686,0,1.0,PFOS,0.0727362381282988,0.999139297746776,False,up
WBGene00021613,0,1.0,PFOS,0.0725497504378506,0.999139297746776,False,up
WBGene00044630,0,0.9666666666666667,PFOS,0.0723384440393242,0.999139297746776,False,up
WBGene00009921,0,1.0,PFOS,0.0718917666485234,0.999139297746776,False,up
WBGene00006438,0,0.7,PFOS,0.0705695666286833,0.999139297746776,False,up
WBGene00021276,0,1.0,PFOS,0.0690140758975534,0.999139297746776,False,up
WBGene00000196,0,1.0,PFOS,0.0687144211434597,0.999139297746776,False,up
WBGene00022722,0,0.5333333333333333,PFOS,0.0684582437135811,0.999139297746776,False,up
WBGene00017769,0,1.0,PFOS,0.0683113394322021,0.999139297746776,False,up
WBGene00015463,0,1.0,PFOS,0.0678978870372464,0.999139297746776,False,up
WBGene00010502,0,0.9333333333333333,PFOS,0.067871789419426,0.999139297746776,False,up
WBGene00002025,0,1.0,PFOS,0.067811778080806,0.999139297746776,False,up
WBGene00012341,0,1.0,PFOS,0.0675062805715038,0.999139297746776,False,up
WBGene00016644,0,1.0,PFOS,0.0671354979047634,0.999139297746776,False,up
WBGene00007045,0,0.9333333333333333,PFOS,0.0667101308508584,0.999139297746776,False,up
WBGene00007770,0,1.0,PFOS,0.065922877287437,0.999139297746776,False,up
WBGene00009012,0,1.0,PFOS,0.065894283736719,0.999139297746776,False,up
WBGene00003020,0,1.0,PFOS,0.065786270013376,0.999139297746776,False,up
WBGene00003048,0,1.0,PFOS,0.0656079651982998,0.999139297746776,False,up
WBGene00004975,0,1.0,PFOS,0.0655527235543733,0.999139297746776,False,up
WBGene00020953,0,1.0,PFOS,0.0651758462747362,0.999139297746776,False,up
WBGene00018863,0,1.0,PFOS,0.0646828416898797,0.999139297746776,False,up
WBGene00010701,0,1.0,PFOS,0.0640231241628157,0.999139297746776,False,up
WBGene00021888,0,1.0,PFOS,0.0639641819234213,0.999139297746776,False,up
WBGene00016002,0,1.0,PFOS,0.0633545040078703,0.999139297746776,False,up
WBGene00022577,0,0.9,PFOS,0.0632659598673783,0.999139297746776,False,up
WBGene00011032,0,1.0,PFOS,0.0629034420298622,0.999139297746776,False,up
WBGene00022176,0,1.0,PFOS,0.0628048187146727,0.999139297746776,False,up
WBGene00007593,0,1.0,PFOS,0.0627543460348086,0.999139297746776,False,up
WBGene00006666,0,1.0,PFOS,0.0623478798702341,0.999139297746776,False,up
WBGene00009408,0,1.0,PFOS,0.0615331385441191,0.999139297746776,False,up
WBGene00020109,0,0.9666666666666667,PFOS,0.061528241544417,0.999139297746776,False,up
WBGene00007859,0,1.0,PFOS,0.0613780189366833,0.999139297746776,False,up
WBGene00002135,0,0.5333333333333333,PFOS,0.0609787036423566,0.999139297746776,False,up
WBGene00015266,0,1.0,PFOS,0.0609511311702055,0.999139297746776,False,up
WBGene00021073,0,1.0,PFOS,0.0603653799316296,0.999139297746776,False,up
WBGene00009654,0,1.0,PFOS,0.0602900178850528,0.999139297746776,False,up
WBGene00015802,0,1.0,PFOS,0.0602328795116421,0.999139297746776,False,up
WBGene00020682,0,1.0,PFOS,0.0600203617267761,0.999139297746776,False,up
WBGene00006829,0,1.0,PFOS,0.059600497914827,0.999139297746776,False,up
WBGene00020691,0,1.0,PFOS,0.059448021586983,0.999139297746776,False,up
WBGene00019882,0,1.0,PFOS,0.0593627342728256,0.999139297746776,False,up
WBGene00012423,0,0.8333333333333334,PFOS,0.0593269900878625,0.999139297746776,False,up
WBGene00007017,0,1.0,PFOS,0.0591075500084134,0.999139297746776,False,up
WBGene00016508,0,1.0,PFOS,0.0587518531836261,0.999139297746776,False,up
WBGene00009521,0,1.0,PFOS,0.0587111291410453,0.999139297746776,False,up
WBGene00002081,0,0.9333333333333333,PFOS,0.0584744192895774,0.999139297746776,False,up
WBGene00008781,0,1.0,PFOS,0.0583324129538212,0.999139297746776,False,up
WBGene00007556,0,1.0,PFOS,0.05823671116276,0.999139297746776,False,up
WBGene00018512,0,1.0,PFOS,0.0580270141620367,0.999139297746776,False,up
WBGene00002028,0,1.0,PFOS,0.057962189133194,0.999139297746776,False,up
WBGene00010178,0,1.0,PFOS,0.0579096967718031,0.999139297746776,False,up
WBGene00018156,0,1.0,PFOS,0.0575524974037092,0.999139297746776,False,up
WBGene00022154,0,1.0,PFOS,0.0572269653009366,0.999139297746776,False,up
WBGene00011761,0,1.0,PFOS,0.0571839821496618,0.999139297746776,False,up
WBGene00018542,0,1.0,PFOS,0.0571799572372086,0.999139297746776,False,up
WBGene00003847,0,1.0,PFOS,0.056957349390044,0.999139297746776,False,up
WBGene00022576,0,1.0,PFOS,0.0569337222706605,0.999139297746776,False,up
WBGene00013668,0,1.0,PFOS,0.0567727746574952,0.999139297746776,False,up
WBGene00007050,0,1.0,PFOS,0.0566546379576997,0.999139297746776,False,up
WBGene00011759,0,1.0,PFOS,0.0566132422678373,0.999139297746776,False,up
WBGene00019680,0,1.0,PFOS,0.0563865496672309,0.999139297746776,False,up
WBGene00012652,0,1.0,PFOS,0.0561146234011825,0.999139297746776,False,up
WBGene00011771,0,1.0,PFOS,0.0560764348460682,0.999139297746776,False,up
WBGene00006736,0,1.0,PFOS,0.055790766735409,0.999139297746776,False,up
WBGene00016614,0,1.0,PFOS,0.0550417746174085,0.999139297746776,False,up
WBGene00007488,0,1.0,PFOS,0.0543922846401669,0.999139297746776,False,up
WBGene00020112,0,1.0,PFOS,0.0541973725065835,0.999139297746776,False,up
WBGene00022138,0,0.7333333333333333,PFOS,0.0538961599702474,0.999139297746776,False,up
WBGene00006379,0,1.0,PFOS,0.0534899815623922,0.999139297746776,False,up
WBGene00003066,0,1.0,PFOS,0.0531737334873735,0.999139297746776,False,up
WBGene00006888,0,1.0,PFOS,0.052713169117886,0.999139297746776,False,up
WBGene00020999,0,1.0,PFOS,0.0524694464038536,0.999139297746776,False,up
WBGene00022149,0,0.5333333333333333,PFOS,0.0522944502451972,0.999139297746776,False,up
WBGene00022134,0,1.0,PFOS,0.0521829464612166,0.999139297746776,False,up
WBGene00015273,0,1.0,PFOS,0.052176498922919,0.999139297746776,False,up
WBGene00011306,0,1.0,PFOS,0.0520162305938964,0.999139297746776,False,up
WBGene00050885,0,1.0,PFOS,0.0518335290709669,0.999139297746776,False,up
WBGene00008405,0,0.9333333333333333,PFOS,0.0515800817367776,0.999139297746776,False,up
WBGene00021931,0,1.0,PFOS,0.0511637254613134,0.999139297746776,False,up
WBGene00007028,0,1.0,PFOS,0.0510721028481457,0.999139297746776,False,up
WBGene00000222,0,1.0,PFOS,0.0506189149900426,0.999139297746776,False,up
WBGene00012934,0,1.0,PFOS,0.0505198014981721,0.999139297746776,False,up
WBGene00001632,0,1.0,PFOS,0.050391946221107,0.999139297746776,False,up
WBGene00013724,0,1.0,PFOS,0.0501726499116316,0.999139297746776,False,up
WBGene00004370,0,1.0,PFOS,0.0499718070089874,0.999139297746776,False,up
WBGene00000382,0,0.9666666666666667,PFOS,0.0498091196253361,0.999139297746776,False,up
WBGene00015245,0,1.0,PFOS,0.049622001805103,0.999139297746776,False,up
WBGene00004788,0,1.0,PFOS,0.049553436629782,0.999139297746776,False,up
WBGene00017773,0,1.0,PFOS,0.0495314437506614,0.999139297746776,False,up
WBGene00000424,0,0.9333333333333333,PFOS,0.0491271493391596,0.999139297746776,False,up
WBGene00011017,0,1.0,PFOS,0.0490030239628618,0.999139297746776,False,up
WBGene00018769,0,1.0,PFOS,0.0488232217410427,0.999139297746776,False,up
WBGene00012317,0,1.0,PFOS,0.0487969045426561,0.999139297746776,False,up
WBGene00022564,0,0.9666666666666667,PFOS,0.0483463142915503,0.999139297746776,False,up
WBGene00006836,0,1.0,PFOS,0.0481694287681026,0.999139297746776,False,up
WBGene00000816,0,1.0,PFOS,0.0477275351628755,0.999139297746776,False,up
WBGene00020867,0,1.0,PFOS,0.0475537775077895,0.999139297746776,False,up
WBGene00015096,0,1.0,PFOS,0.047273359633144,0.999139297746776,False,up
WBGene00006868,0,1.0,PFOS,0.0471255417904093,0.999139297746776,False,up
WBGene00007215,0,1.0,PFOS,0.0470802352264484,0.999139297746776,False,up
WBGene00004756,0,1.0,PFOS,0.0469741771994143,0.999139297746776,False,up
WBGene00010909,0,1.0,PFOS,0.0467921895798476,0.999139297746776,False,up
WBGene00008422,0,1.0,PFOS,0.0467874170005415,0.999139297746776,False,up
WBGene00001747,0,1.0,PFOS,0.0465768994707758,0.999139297746776,False,up
WBGene00022057,0,1.0,PFOS,0.0465592303743474,0.999139297746776,False,up
WBGene00007925,0,1.0,PFOS,0.0465257741198191,0.999139297746776,False,up
WBGene00011443,0,1.0,PFOS,0.0464326139193426,0.999139297746776,False,up
WBGene00002076,0,1.0,PFOS,0.0463891525499188,0.999139297746776,False,up
WBGene00007622,0,1.0,PFOS,0.0463888360519364,0.999139297746776,False,up
WBGene00022044,0,1.0,PFOS,0.0461953687830505,0.999139297746776,False,up
WBGene00007626,0,1.0,PFOS,0.0461726916702677,0.999139297746776,False,up
WBGene00000159,0,1.0,PFOS,0.0458845961141257,0.999139297746776,False,up
WBGene00007952,0,1.0,PFOS,0.0458837308039537,0.999139297746776,False,up
WBGene00017981,0,1.0,PFOS,0.0456779848984758,0.999139297746776,False,up
WBGene00005024,0,1.0,PFOS,0.0454742923024535,0.999139297746776,False,up
WBGene00013360,0,1.0,PFOS,0.0454285274168615,0.999139297746776,False,up
WBGene00021813,0,1.0,PFOS,0.0451839825892643,0.999139297746776,False,up
WBGene00021753,0,1.0,PFOS,0.0451241321332826,0.999139297746776,False,up
WBGene00006530,0,1.0,PFOS,0.0450048933788613,0.999139297746776,False,up
WBGene00017989,0,1.0,PFOS,0.0449238759635224,0.999139297746776,False,up
WBGene00001406,0,0.8666666666666667,PFOS,0.0436538563897692,0.999139297746776,False,up
WBGene00008532,0,1.0,PFOS,0.043611324089899,0.999139297746776,False,up
WBGene00008502,0,1.0,PFOS,0.0433533910394004,0.999139297746776,False,up
WBGene00007529,0,1.0,PFOS,0.043087364614988,0.999139297746776,False,up
WBGene00000908,0,1.0,PFOS,0.04289231356158,0.999139297746776,False,up
WBGene00013075,0,1.0,PFOS,0.0428530070744986,0.999139297746776,False,up
WBGene00016139,0,1.0,PFOS,0.0427855226519678,0.999139297746776,False,up
WBGene00001630,0,1.0,PFOS,0.0425863873545166,0.999139297746776,False,up
WBGene00020501,0,1.0,PFOS,0.0425204758637345,0.999139297746776,False,up
WBGene00013189,0,0.9333333333333333,PFOS,0.0424778743360799,0.999139297746776,False,up
WBGene00003477,0,1.0,PFOS,0.0421978024605608,0.999139297746776,False,up
WBGene00175030,0,0.9,PFOS,0.0420967854916699,0.999139297746776,False,up
WBGene00000395,0,1.0,PFOS,0.0420711440083014,0.999139297746776,False,up
WBGene00003567,0,1.0,PFOS,0.0418952533376546,0.999139297746776,False,up
WBGene00020115,0,1.0,PFOS,0.0415395500499056,0.999139297746776,False,up
WBGene00009131,0,1.0,PFOS,0.0413318675674853,0.999139297746776,False,up
WBGene00004371,0,1.0,PFOS,0.0412601606017109,0.999139297746776,False,up
WBGene00001159,0,1.0,PFOS,0.0410193138314299,0.999139297746776,False,up
WBGene00006601,0,1.0,PFOS,0.0408289113615142,0.999139297746776,False,up
WBGene00007062,0,1.0,PFOS,0.0407476301233803,0.999139297746776,False,up
WBGene00022492,0,1.0,PFOS,0.0406413544260192,0.999139297746776,False,up
WBGene00017799,0,1.0,PFOS,0.0402416853592363,0.999139297746776,False,up
WBGene00011796,0,1.0,PFOS,0.0400143689820957,0.999139297746776,False,up
WBGene00009352,0,1.0,PFOS,0.0399007194715629,0.999139297746776,False,up
WBGene00012124,0,1.0,PFOS,0.0398758259292478,0.999139297746776,False,up
WBGene00022373,0,1.0,PFOS,0.0396099379532847,0.999139297746776,False,up
WBGene00018612,0,1.0,PFOS,0.039501807572691,0.999139297746776,False,up
WBGene00006781,0,1.0,PFOS,0.0394190696704558,0.999139297746776,False,up
WBGene00004090,0,1.0,PFOS,0.0392480696245873,0.999139297746776,False,up
WBGene00011558,0,1.0,PFOS,0.0392427220672451,0.999139297746776,False,up
WBGene00018017,0,1.0,PFOS,0.0392309245167657,0.999139297746776,False,up
WBGene00006396,0,1.0,PFOS,0.0391488868528319,0.999139297746776,False,up
WBGene00004787,0,0.9666666666666667,PFOS,0.0389816341635143,0.999139297746776,False,up
WBGene00018161,0,1.0,PFOS,0.0389038961180012,0.999139297746776,False,up
WBGene00000381,0,1.0,PFOS,0.0384484838149557,0.999139297746776,False,up
WBGene00007128,0,0.9,PFOS,0.0384104561399517,0.999139297746776,False,up
WBGene00013415,0,0.9,PFOS,0.0383051645040393,0.999139297746776,False,up
WBGene00006437,0,1.0,PFOS,0.0382717959105751,0.999139297746776,False,up
WBGene00017314,0,1.0,PFOS,0.0382659209449118,0.999139297746776,False,up
WBGene00015282,0,1.0,PFOS,0.0381900922025037,0.999139297746776,False,up
WBGene00016431,0,1.0,PFOS,0.0381404823911523,0.999139297746776,False,up
WBGene00008775,0,1.0,PFOS,0.0381323064790249,0.999139297746776,False,up
WBGene00008411,0,1.0,PFOS,0.0380943390638293,0.999139297746776,False,up
WBGene00021933,0,1.0,PFOS,0.0379779090550227,0.999139297746776,False,up
WBGene00043985,0,1.0,PFOS,0.0378668477693532,0.999139297746776,False,up
WBGene00003964,0,1.0,PFOS,0.0378609309191177,0.999139297746776,False,up
WBGene00018340,0,1.0,PFOS,0.0378148338537005,0.999139297746776,False,up
WBGene00020600,0,1.0,PFOS,0.037789131694733,0.999139297746776,False,up
WBGene00010284,0,1.0,PFOS,0.0377463154985388,0.999139297746776,False,up
WBGene00000923,0,1.0,PFOS,0.037564752108093,0.999139297746776,False,up
WBGene00018370,0,1.0,PFOS,0.0374642328748447,0.999139297746776,False,up
WBGene00003258,0,1.0,PFOS,0.0368595024892714,0.999139297746776,False,up
WBGene00009734,0,1.0,PFOS,0.0365961863123946,0.999139297746776,False,up
WBGene00008769,0,1.0,PFOS,0.0362331309139659,0.999139297746776,False,up
WBGene00009293,0,1.0,PFOS,0.0361909659220923,0.999139297746776,False,up
WBGene00008860,0,1.0,PFOS,0.0360484682567751,0.999139297746776,False,up
WBGene00006584,0,1.0,PFOS,0.0360282843289804,0.999139297746776,False,up
WBGene00006473,0,1.0,PFOS,0.03593714041404,0.999139297746776,False,up
WBGene00019209,0,1.0,PFOS,0.0359163711835528,0.999139297746776,False,up
WBGene00011939,0,1.0,PFOS,0.0358959201631156,0.999139297746776,False,up
WBGene00010815,0,0.9333333333333333,PFOS,0.0357658669084163,0.999139297746776,False,up
WBGene00000112,0,1.0,PFOS,0.0356887248251025,0.999139297746776,False,up
WBGene00020037,0,1.0,PFOS,0.0355800788190926,0.999139297746776,False,up
WBGene00019983,0,1.0,PFOS,0.0352734025275477,0.999139297746776,False,up
WBGene00019855,0,1.0,PFOS,0.0351142350608201,0.999139297746776,False,up
WBGene00021248,0,1.0,PFOS,0.0350361348912361,0.999139297746776,False,up
WBGene00011527,0,0.9333333333333333,PFOS,0.0350087255282777,0.999139297746776,False,up
WBGene00003915,0,1.0,PFOS,0.0348572225564181,0.999139297746776,False,up
WBGene00000274,0,1.0,PFOS,0.0347425563687189,0.999139297746776,False,up
WBGene00013422,0,1.0,PFOS,0.0347029791107052,0.999139297746776,False,up
WBGene00014156,0,1.0,PFOS,0.0345633408279601,0.999139297746776,False,up
WBGene00077526,0,1.0,PFOS,0.0343341621486598,0.999139297746776,False,up
WBGene00006815,0,1.0,PFOS,0.0341289656797987,0.999139297746776,False,up
WBGene00021329,0,1.0,PFOS,0.0339429508634794,0.999139297746776,False,up
WBGene00001492,0,1.0,PFOS,0.0336483412756491,0.999139297746776,False,up
WBGene00006776,0,1.0,PFOS,0.0335609886708903,0.999139297746776,False,up
WBGene00002134,0,0.9,PFOS,0.0333807848412413,0.999139297746776,False,up
WBGene00017797,0,1.0,PFOS,0.033370173084102,0.999139297746776,False,up
WBGene00003241,0,1.0,PFOS,0.0333577498335512,0.999139297746776,False,up
WBGene00000834,0,1.0,PFOS,0.0332504491936707,0.999139297746776,False,up
WBGene00002348,0,1.0,PFOS,0.0331860660905483,0.999139297746776,False,up
WBGene00009366,0,0.9666666666666667,PFOS,0.0331183159104733,0.999139297746776,False,up
WBGene00022470,0,1.0,PFOS,0.0331121074507613,0.999139297746776,False,up
WBGene00007352,0,1.0,PFOS,0.0325872069533258,0.999139297746776,False,up
WBGene00017065,0,1.0,PFOS,0.0325616271138062,0.999139297746776,False,up
WBGene00001025,0,1.0,PFOS,0.0325243035241817,0.999139297746776,False,up
WBGene00022117,0,1.0,PFOS,0.0324076823139565,0.999139297746776,False,up
WBGene00013919,0,1.0,PFOS,0.0322915001219372,0.999139297746776,False,up
WBGene00006572,0,1.0,PFOS,0.0321508630374786,0.999139297746776,False,up
WBGene00004315,0,1.0,PFOS,0.0320849767314667,0.999139297746776,False,up
WBGene00004395,0,1.0,PFOS,0.0319416874207458,0.999139297746776,False,up
WBGene00004462,0,1.0,PFOS,0.0318842741345672,0.999139297746776,False,up
WBGene00015971,0,1.0,PFOS,0.0317423903624856,0.999139297746776,False,up
WBGene00010923,0,1.0,PFOS,0.0316705271673944,0.999139297746776,False,up
WBGene00021247,0,1.0,PFOS,0.0312608169938022,0.999139297746776,False,up
WBGene00012676,0,1.0,PFOS,0.0312377983588686,0.999139297746776,False,up
WBGene00000774,0,1.0,PFOS,0.0310857026218601,0.999139297746776,False,up
WBGene00302974,0,1.0,PFOS,0.031084224877457,0.999139297746776,False,up
WBGene00001508,0,1.0,PFOS,0.0310594544621967,0.999139297746776,False,up
WBGene00012990,0,1.0,PFOS,0.0307558201112134,0.999139297746776,False,up
WBGene00001650,0,1.0,PFOS,0.0307373045148464,0.999139297746776,False,up
WBGene00020498,0,1.0,PFOS,0.0301569580390141,0.999139297746776,False,up
WBGene00017800,0,1.0,PFOS,0.0301240093838938,0.999139297746776,False,up
WBGene00001229,0,1.0,PFOS,0.0299121152036225,0.999139297746776,False,up
WBGene00000874,0,0.9666666666666667,PFOS,0.0298910090351416,0.999139297746776,False,up
WBGene00022852,0,1.0,PFOS,0.0298270706005903,0.999139297746776,False,up
WBGene00012230,0,0.9666666666666667,PFOS,0.0294874427828964,0.999139297746776,False,up
WBGene00004140,0,1.0,PFOS,0.0293778729660881,0.999139297746776,False,up
WBGene00018781,0,1.0,PFOS,0.0292751671963458,0.999139297746776,False,up
WBGene00023409,0,1.0,PFOS,0.0289917693324935,0.999139297746776,False,up
WBGene00012396,0,1.0,PFOS,0.0289182027465552,0.999139297746776,False,up
WBGene00013458,0,1.0,PFOS,0.0287719119578451,0.999139297746776,False,up
WBGene00010922,0,1.0,PFOS,0.0285955456576409,0.999139297746776,False,up
WBGene00016793,0,1.0,PFOS,0.0285443981723575,0.999139297746776,False,up
WBGene00001389,0,1.0,PFOS,0.0282908692454652,0.999139297746776,False,up
WBGene00010624,0,1.0,PFOS,0.0282663589176636,0.999139297746776,False,up
WBGene00022087,0,1.0,PFOS,0.0280716253439269,0.999139297746776,False,up
WBGene00013543,0,1.0,PFOS,0.0280059890576449,0.999139297746776,False,up
WBGene00010409,0,1.0,PFOS,0.0278759519404552,0.999139297746776,False,up
WBGene00012322,0,1.0,PFOS,0.0277382604209132,0.999139297746776,False,up
WBGene00017892,0,0.5333333333333333,PFOS,0.0274256811754228,0.999139297746776,False,up
WBGene00013225,0,1.0,PFOS,0.0271086115890669,0.999139297746776,False,up
WBGene00020717,0,1.0,PFOS,0.0270689629060669,0.999139297746776,False,up
WBGene00001582,0,0.5333333333333333,PFOS,0.0268854236687882,0.999139297746776,False,up
WBGene00006494,0,1.0,PFOS,0.0267952055655012,0.999139297746776,False,up
WBGene00003787,0,1.0,PFOS,0.0263665756673789,0.999139297746776,False,up
WBGene00007000,0,1.0,PFOS,0.0263655467446674,0.999139297746776,False,up
WBGene00007784,0,1.0,PFOS,0.0262915229884902,0.999139297746776,False,up
WBGene00022153,0,1.0,PFOS,0.0262450941929449,0.999139297746776,False,up
WBGene00009404,0,1.0,PFOS,0.026180123048203,0.999139297746776,False,up
WBGene00016264,0,1.0,PFOS,0.0260693685390211,0.999139297746776,False,up
WBGene00012950,0,1.0,PFOS,0.0260329543524869,0.999139297746776,False,up
WBGene00021697,0,1.0,PFOS,0.0260084195683179,0.999139297746776,False,up
WBGene00000987,0,1.0,PFOS,0.0259761192643313,0.999139297746776,False,up
WBGene00013168,0,1.0,PFOS,0.0258270703655314,0.999139297746776,False,up
WBGene00001231,0,1.0,PFOS,0.025803998430227,0.999139297746776,False,up
WBGene00009944,0,1.0,PFOS,0.0257745997420981,0.999139297746776,False,up
WBGene00003143,0,1.0,PFOS,0.0257166465274415,0.999139297746776,False,up
WBGene00003986,0,1.0,PFOS,0.0251546254639917,0.999139297746776,False,up
WBGene00021783,0,1.0,PFOS,0.0247755419440635,0.999139297746776,False,up
WBGene00001815,0,1.0,PFOS,0.0246268159197742,0.999139297746776,False,up
WBGene00044061,0,1.0,PFOS,0.0244476578775714,0.999139297746776,False,up
WBGene00000939,0,0.8666666666666667,PFOS,0.0244154956718842,0.999139297746776,False,up
WBGene00002123,0,0.9,PFOS,0.0242520047760433,0.999139297746776,False,up
WBGene00006882,0,0.9,PFOS,0.0241881924976966,0.999139297746776,False,up
WBGene00185001,0,1.0,PFOS,0.023831127905954,0.999139297746776,False,up
WBGene00004755,0,1.0,PFOS,0.023815505748314,0.999139297746776,False,up
WBGene00006373,0,1.0,PFOS,0.0237700543237306,0.999139297746776,False,up
WBGene00021655,0,1.0,PFOS,0.0236831867668441,0.999139297746776,False,up
WBGene00001949,0,1.0,PFOS,0.0236148991708257,0.999139297746776,False,up
WBGene00015168,0,1.0,PFOS,0.023423647797033,0.999139297746776,False,up
WBGene00009158,0,1.0,PFOS,0.0234198598286402,0.999139297746776,False,up
WBGene00007107,0,1.0,PFOS,0.0233679348659757,0.999139297746776,False,up
WBGene00000585,0,1.0,PFOS,0.0231928576966403,0.999139297746776,False,up
WBGene00015916,0,1.0,PFOS,0.0230289846950481,0.999139297746776,False,up
WBGene00006945,0,1.0,PFOS,0.0229068882312429,0.999139297746776,False,up
WBGene00020195,0,0.5,PFOS,0.0228674621609395,0.999139297746776,False,up
WBGene00019219,0,1.0,PFOS,0.0227672562489099,0.999139297746776,False,up
WBGene00013737,0,1.0,PFOS,0.0226813730309119,0.999139297746776,False,up
WBGene00009843,0,1.0,PFOS,0.0224396869555012,0.999139297746776,False,up
WBGene00001030,0,1.0,PFOS,0.0220436580635594,0.999139297746776,False,up
WBGene00009057,0,1.0,PFOS,0.0220305718686143,0.999139297746776,False,up
WBGene00006934,0,1.0,PFOS,0.0220196950244337,0.999139297746776,False,up
WBGene00022202,0,1.0,PFOS,0.021962526403109,0.999139297746776,False,up
WBGene00001352,0,1.0,PFOS,0.0218902528725805,0.999139297746776,False,up
WBGene00018604,0,1.0,PFOS,0.0218112321716792,0.999139297746776,False,up
WBGene00000838,0,1.0,PFOS,0.0217966607042581,0.999139297746776,False,up
WBGene00007235,0,1.0,PFOS,0.0215885795817672,0.999139297746776,False,up
WBGene00003026,0,1.0,PFOS,0.0215276678550359,0.999139297746776,False,up
WBGene00019401,0,1.0,PFOS,0.0215269844766706,0.999139297746776,False,up
WBGene00020097,0,1.0,PFOS,0.0213619378332628,0.999139297746776,False,up
WBGene00009542,0,1.0,PFOS,0.0211244004966208,0.999139297746776,False,up
WBGene00005077,0,1.0,PFOS,0.0211157066330166,0.999139297746776,False,up
WBGene00022361,0,1.0,PFOS,0.0211157018436736,0.999139297746776,False,up
WBGene00016249,0,1.0,PFOS,0.0210164522279497,0.999139297746776,False,up
WBGene00022425,0,1.0,PFOS,0.0208052960423795,0.999139297746776,False,up
WBGene00004782,0,0.9333333333333333,PFOS,0.0207379860693839,0.999139297746776,False,up
WBGene00017924,0,1.0,PFOS,0.0206542846810444,0.999139297746776,False,up
WBGene00001092,0,0.6666666666666666,PFOS,0.0204798318056556,0.999139297746776,False,up
WBGene00010437,0,1.0,PFOS,0.0203658405574736,0.999139297746776,False,up
WBGene00021351,0,1.0,PFOS,0.020157797388488,0.999139297746776,False,up
WBGene00007514,0,1.0,PFOS,0.0200688917983796,0.999139297746776,False,up
WBGene00016118,0,1.0,PFOS,0.0197828869619282,0.999139297746776,False,up
WBGene00001337,0,1.0,PFOS,0.0195528139885397,0.999139297746776,False,up
WBGene00001037,0,1.0,PFOS,0.0195430600146003,0.999139297746776,False,up
WBGene00018482,0,1.0,PFOS,0.0194511951015569,0.999139297746776,False,up
WBGene00012665,0,1.0,PFOS,0.0193564571709064,0.999139297746776,False,up
WBGene00017419,0,1.0,PFOS,0.0192744583839898,0.999139297746776,False,up
WBGene00006307,0,1.0,PFOS,0.0189902732768312,0.999139297746776,False,up
WBGene00001333,0,1.0,PFOS,0.0189286082456162,0.999139297746776,False,up
WBGene00015956,0,1.0,PFOS,0.0189110701302525,0.999139297746776,False,up
WBGene00000962,0,1.0,PFOS,0.0182829836930869,0.999139297746776,False,up
WBGene00010713,0,1.0,PFOS,0.0180849391337767,0.999139297746776,False,up
WBGene00016583,0,1.0,PFOS,0.0177552415256049,0.999139297746776,False,up
WBGene00019607,0,0.9,PFOS,0.0174143411153542,0.999139297746776,False,up
WBGene00015635,0,1.0,PFOS,0.0173427652317293,0.999139297746776,False,up
WBGene00020391,0,1.0,PFOS,0.0172976223296201,0.999139297746776,False,up
WBGene00000380,0,1.0,PFOS,0.0172717584981158,0.999139297746776,False,up
WBGene00001645,0,0.5333333333333333,PFOS,0.0172442335034748,0.999139297746776,False,up
WBGene00012386,0,1.0,PFOS,0.0172238567614901,0.999139297746776,False,up
WBGene00044163,0,0.9,PFOS,0.0170774509344156,0.999139297746776,False,up
WBGene00012123,0,0.9,PFOS,0.0170531247376038,0.999139297746776,False,up
WBGene00003222,0,1.0,PFOS,0.0169669298208202,0.999139297746776,False,up
WBGene00001230,0,1.0,PFOS,0.0169306124725904,0.999139297746776,False,up
WBGene00000890,0,1.0,PFOS,0.0167967888347158,0.999139297746776,False,up
WBGene00006308,0,0.8333333333333334,PFOS,0.0166241473803281,0.999139297746776,False,up
WBGene00007972,0,1.0,PFOS,0.0165716840046268,0.999139297746776,False,up
WBGene00007720,0,1.0,PFOS,0.0165105733101205,0.999139297746776,False,up
WBGene00002244,0,1.0,PFOS,0.0161689521400697,0.999139297746776,False,up
WBGene00013344,0,1.0,PFOS,0.0160298147342728,0.999139297746776,False,up
WBGene00018904,0,1.0,PFOS,0.0158403240276885,0.999139297746776,False,up
WBGene00009829,0,1.0,PFOS,0.0157404615924022,0.999139297746776,False,up
WBGene00019003,0,1.0,PFOS,0.0156935189301397,0.999139297746776,False,up
WBGene00020683,0,1.0,PFOS,0.015650983052019,0.999139297746776,False,up
WBGene00010721,0,1.0,PFOS,0.0156141182333407,0.999139297746776,False,up
WBGene00008645,0,0.8666666666666667,PFOS,0.0156054757356644,0.999139297746776,False,up
WBGene00006059,0,1.0,PFOS,0.0156047306587025,0.999139297746776,False,up
WBGene00014219,0,1.0,PFOS,0.0155842995782857,0.999139297746776,False,up
WBGene00016978,0,1.0,PFOS,0.0153669121747595,0.999139297746776,False,up
WBGene00001824,0,1.0,PFOS,0.0153561920627797,0.999139297746776,False,up
WBGene00006715,0,0.8666666666666667,PFOS,0.0151635905637114,0.999139297746776,False,up
WBGene00017435,0,1.0,PFOS,0.0150115189744573,0.999139297746776,False,up
WBGene00004889,0,1.0,PFOS,0.0149974766567041,0.999139297746776,False,up
WBGene00000863,0,1.0,PFOS,0.0148467477636516,0.999139297746776,False,up
WBGene00020920,0,1.0,PFOS,0.0148188854007301,0.999139297746776,False,up
WBGene00000377,0,1.0,PFOS,0.014812372682321,0.999139297746776,False,up
WBGene00000158,0,1.0,PFOS,0.0145372888045161,0.999139297746776,False,up
WBGene00016313,0,1.0,PFOS,0.0145048499955922,0.999139297746776,False,up
WBGene00017855,0,1.0,PFOS,0.014434362539332,0.999139297746776,False,up
WBGene00022697,0,1.0,PFOS,0.0144267090041164,0.999139297746776,False,up
WBGene00004768,0,0.9333333333333333,PFOS,0.014408734123609,0.999139297746776,False,up
WBGene00000767,0,1.0,PFOS,0.0143614541953245,0.999139297746776,False,up
WBGene00044321,0,1.0,PFOS,0.0143340213592226,0.999139297746776,False,up
WBGene00001258,0,1.0,PFOS,0.0142852326339843,0.999139297746776,False,up
WBGene00019259,0,1.0,PFOS,0.0141853730623819,0.999139297746776,False,up
WBGene00020636,0,1.0,PFOS,0.013995361407186,0.999139297746776,False,up
WBGene00000182,0,1.0,PFOS,0.0139356854053948,0.999139297746776,False,up
WBGene00011481,0,1.0,PFOS,0.0138154487328561,0.999139297746776,False,up
WBGene00017119,0,0.9333333333333333,PFOS,0.0135138982994973,0.999139297746776,False,up
WBGene00006708,0,1.0,PFOS,0.0130285092955694,0.999139297746776,False,up
WBGene00011144,0,1.0,PFOS,0.0127707447188856,0.999139297746776,False,up
WBGene00018431,0,1.0,PFOS,0.012754604130166,0.999139297746776,False,up
WBGene00017381,0,1.0,PFOS,0.0126935379826829,0.999139297746776,False,up
WBGene00011731,0,0.8666666666666667,PFOS,0.0126779265884561,0.999139297746776,False,up
WBGene00002062,0,0.5,PFOS,0.0125899933470441,0.999139297746776,False,up
WBGene00011760,0,1.0,PFOS,0.0124144555713195,0.999139297746776,False,up
WBGene00003703,0,1.0,PFOS,0.0124078810233013,0.999139297746776,False,up
WBGene00016608,0,1.0,PFOS,0.0123555644092281,0.999139297746776,False,up
WBGene00004459,0,1.0,PFOS,0.0122959722952656,0.999139297746776,False,up
WBGene00019275,0,1.0,PFOS,0.0121672275051803,0.999139297746776,False,up
WBGene00008258,0,0.5333333333333333,PFOS,0.0120635147055749,0.999139297746776,False,up
WBGene00021994,0,1.0,PFOS,0.0117851102293735,0.999139297746776,False,up
WBGene00000502,0,1.0,PFOS,0.0117352727114289,0.999139297746776,False,up
WBGene00018373,0,1.0,PFOS,0.0116696569004138,0.999139297746776,False,up
WBGene00004214,0,1.0,PFOS,0.0115712084656076,0.999139297746776,False,up
WBGene00012984,0,1.0,PFOS,0.0115021199672158,0.999139297746776,False,up
WBGene00022174,0,1.0,PFOS,0.0114708394013363,0.999139297746776,False,up
WBGene00004978,0,1.0,PFOS,0.0112828072959474,0.999139297746776,False,up
WBGene00020936,0,1.0,PFOS,0.0112229465824069,0.999139297746776,False,up
WBGene00015927,0,1.0,PFOS,0.0112044100078171,0.999139297746776,False,up
WBGene00000567,0,1.0,PFOS,0.0111263671029697,0.999139297746776,False,up
WBGene00021920,0,1.0,PFOS,0.0111174677457482,0.999139297746776,False,up
WBGene00016113,0,1.0,PFOS,0.0111052174543886,0.999139297746776,False,up
WBGene00007001,0,1.0,PFOS,0.0108136827888611,0.999139297746776,False,up
WBGene00013143,0,1.0,PFOS,0.0105147668180521,0.999139297746776,False,up
WBGene00015525,0,1.0,PFOS,0.0104020342559656,0.999139297746776,False,up
WBGene00022173,0,1.0,PFOS,0.0103851113885102,0.999139297746776,False,up
WBGene00006793,0,1.0,PFOS,0.0102871819569541,0.999139297746776,False,up
WBGene00012648,0,1.0,PFOS,0.0102032037585776,0.999139297746776,False,up
WBGene00000379,0,1.0,PFOS,0.010202308256681,0.999139297746776,False,up
WBGene00043156,0,1.0,PFOS,0.0100926395472712,0.999139297746776,False,up
WBGene00004752,0,0.9333333333333333,PFOS,0.0100304937326443,0.999139297746776,False,up
WBGene00012184,0,1.0,PFOS,0.0099317253852105,0.999139297746776,False,up
WBGene00021844,0,1.0,PFOS,0.009731121377188,0.999139297746776,False,up
WBGene00004189,0,1.0,PFOS,0.0096781466104903,0.999139297746776,False,up
WBGene00017217,0,1.0,PFOS,0.0096732654420707,0.999139297746776,False,up
WBGene00012465,0,1.0,PFOS,0.0096658773377907,0.999139297746776,False,up
WBGene00007464,0,1.0,PFOS,0.0095579859963574,0.999139297746776,False,up
WBGene00010645,0,1.0,PFOS,0.0095512958394726,0.999139297746776,False,up
WBGene00001225,0,1.0,PFOS,0.0093984075156311,0.999139297746776,False,up
WBGene00010912,0,1.0,PFOS,0.0092738944137353,0.999139297746776,False,up
WBGene00001284,0,1.0,PFOS,0.0092289985556355,0.999139297746776,False,up
WBGene00002007,0,1.0,PFOS,0.0090519503347211,0.999139297746776,False,up
WBGene00008990,0,1.0,PFOS,0.0088063653588141,0.999139297746776,False,up
WBGene00011391,0,1.0,PFOS,0.0086462366068412,0.999139297746776,False,up
WBGene00016209,0,0.8,PFOS,0.0083917914759252,0.999139297746776,False,up
WBGene00011638,0,1.0,PFOS,0.0083844388671844,0.999139297746776,False,up
WBGene00002005,0,0.9,PFOS,0.0082870420717364,0.999139297746776,False,up
WBGene00003514,0,1.0,PFOS,0.008203606131918,0.999139297746776,False,up
WBGene00008428,0,1.0,PFOS,0.0081056277685039,0.999139297746776,False,up
WBGene00002152,0,1.0,PFOS,0.0080857896201985,0.999139297746776,False,up
WBGene00008800,0,1.0,PFOS,0.0078239871174744,0.999139297746776,False,up
WBGene00021548,0,0.9333333333333333,PFOS,0.0075421039634657,0.999139297746776,False,up
WBGene00009211,0,1.0,PFOS,0.0075362131083585,0.999139297746776,False,up
WBGene00006970,0,1.0,PFOS,0.0075221032183774,0.999139297746776,False,up
WBGene00022792,0,1.0,PFOS,0.0074393067674286,0.999139297746776,False,up
WBGene00303026,0,0.9666666666666667,PFOS,0.0073052295835922,0.999139297746776,False,up
WBGene00018151,0,1.0,PFOS,0.0070717834797617,0.999139297746776,False,up
WBGene00007429,0,1.0,PFOS,0.0070404746335409,0.999139297746776,False,up
WBGene00021512,0,1.0,PFOS,0.0069080286696154,0.999139297746776,False,up
WBGene00009276,0,1.0,PFOS,0.0068973567662522,0.999139297746776,False,up
WBGene00004307,0,1.0,PFOS,0.0068879887361266,0.999139297746776,False,up
WBGene00006794,0,1.0,PFOS,0.0068097844635537,0.999139297746776,False,up
WBGene00008166,0,1.0,PFOS,0.0067559351976166,0.999139297746776,False,up
WBGene00044608,0,1.0,PFOS,0.0064663217772707,0.999139297746776,False,up
WBGene00006489,0,1.0,PFOS,0.0064236304024826,0.999139297746776,False,up
WBGene00044344,0,1.0,PFOS,0.0063782863709993,0.999139297746776,False,up
WBGene00013530,0,1.0,PFOS,0.0062932150053709,0.999139297746776,False,up
WBGene00001045,0,1.0,PFOS,0.0062243808149002,0.999139297746776,False,up
WBGene00013324,0,1.0,PFOS,0.006151902881876,0.999139297746776,False,up
WBGene00004190,0,1.0,PFOS,0.0060283516735344,0.999139297746776,False,up
WBGene00019323,0,1.0,PFOS,0.0060223427035816,0.999139297746776,False,up
WBGene00007630,0,1.0,PFOS,0.0060007628083889,0.999139297746776,False,up
WBGene00018295,0,1.0,PFOS,0.0059994042617689,0.999139297746776,False,up
WBGene00007150,0,1.0,PFOS,0.0059856007935459,0.999139297746776,False,up
WBGene00013997,0,1.0,PFOS,0.0058695742831548,0.999139297746776,False,up
WBGene00001983,0,1.0,PFOS,0.0058665377829775,0.999139297746776,False,up
WBGene00010703,0,1.0,PFOS,0.0058323529920597,0.999139297746776,False,up
WBGene00010015,0,1.0,PFOS,0.0058294411756463,0.999139297746776,False,up
WBGene00010097,0,1.0,PFOS,0.0056052849083634,0.999139297746776,False,up
WBGene00006424,0,1.0,PFOS,0.0055591158998493,0.999139297746776,False,up
WBGene00003247,0,1.0,PFOS,0.0054512413846289,0.999139297746776,False,up
WBGene00004343,0,1.0,PFOS,0.0054059710267912,0.999139297746776,False,up
WBGene00016374,0,1.0,PFOS,0.0053667002358271,0.999139297746776,False,up
WBGene00020481,0,1.0,PFOS,0.0053624008469843,0.999139297746776,False,up
WBGene00010496,0,1.0,PFOS,0.0052529657671175,0.999139297746776,False,up
WBGene00021952,0,1.0,PFOS,0.0052461285923869,0.999139297746776,False,up
WBGene00004085,0,1.0,PFOS,0.0046909281709296,0.999139297746776,False,up
WBGene00002053,0,1.0,PFOS,0.0046492774526749,0.999139297746776,False,up
WBGene00003851,0,1.0,PFOS,0.0045346658901376,0.999139297746776,False,up
WBGene00018960,0,1.0,PFOS,0.0044315991744242,0.999139297746776,False,up
WBGene00012555,0,1.0,PFOS,0.0044208057969716,0.999139297746776,False,up
WBGene00004134,0,1.0,PFOS,0.0044177262545641,0.999139297746776,False,up
WBGene00009092,0,1.0,PFOS,0.0043538268664528,0.999139297746776,False,up
WBGene00000931,0,1.0,PFOS,0.0043035048717429,0.999139297746776,False,up
WBGene00016104,0,1.0,PFOS,0.0042358316260839,0.999139297746776,False,up
WBGene00003130,0,1.0,PFOS,0.0040115849120578,0.999139297746776,False,up
WBGene00001163,0,1.0,PFOS,0.0039634858395312,0.999139297746776,False,up
WBGene00004463,0,1.0,PFOS,0.0038048136367336,0.999139297746776,False,up
WBGene00012000,0,1.0,PFOS,0.0037163762146463,0.999139297746776,False,up
WBGene00013460,0,1.0,PFOS,0.0036026890660766,0.999139297746776,False,up
WBGene00001628,0,1.0,PFOS,0.0035993392600314,0.999139297746776,False,up
WBGene00302980,0,1.0,PFOS,0.0035673891751552,0.999139297746776,False,up
WBGene00016129,0,1.0,PFOS,0.0035398329251021,0.999139297746776,False,up
WBGene00002127,0,1.0,PFOS,0.00351524380624,0.999139297746776,False,up
WBGene00009583,0,1.0,PFOS,0.0034912585099759,0.999139297746776,False,up
WBGene00021660,0,1.0,PFOS,0.0034571226897724,0.999139297746776,False,up
WBGene00001227,0,1.0,PFOS,0.0034459283662665,0.999139297746776,False,up
WBGene00013267,0,1.0,PFOS,0.0033863019300032,0.999139297746776,False,up
WBGene00000093,0,1.0,PFOS,0.0032859942334428,0.999139297746776,False,up
WBGene00013549,0,0.5666666666666667,PFOS,0.0032255416342068,0.999139297746776,False,up
WBGene00003788,0,1.0,PFOS,0.0031878607128476,0.999139297746776,False,up
WBGene00001020,0,1.0,PFOS,0.0030789103547673,0.999139297746776,False,up
WBGene00011253,0,1.0,PFOS,0.0029976714815004,0.999139297746776,False,up
WBGene00021816,0,1.0,PFOS,0.0028960328100377,0.999139297746776,False,up
WBGene00007686,0,1.0,PFOS,0.0026043546853278,0.999139297746776,False,up
WBGene00018737,0,0.5,PFOS,0.0025335775647973,0.999139297746776,False,up
WBGene00001635,0,1.0,PFOS,0.0023128605807948,0.999139297746776,False,up
WBGene00017237,0,1.0,PFOS,0.00217678952457,0.999139297746776,False,up
WBGene00004411,0,1.0,PFOS,0.0020444807668973,0.999139297746776,False,up
WBGene00002066,0,1.0,PFOS,0.0018771094286037,0.999139297746776,False,up
WBGene00012197,0,1.0,PFOS,0.0018723398943018,0.999139297746776,False,up
WBGene00010766,0,1.0,PFOS,0.0018540391407998,0.999139297746776,False,up
WBGene00021012,0,1.0,PFOS,0.0017935006612204,0.999139297746776,False,up
WBGene00010557,0,0.9333333333333333,PFOS,0.0017526866383306,0.999139297746776,False,up
WBGene00021757,0,1.0,PFOS,0.0016692016911046,0.999139297746776,False,up
WBGene00009204,0,1.0,PFOS,0.001665124833699,0.999139297746776,False,up
WBGene00006359,0,1.0,PFOS,0.001564131508397,0.999139297746776,False,up
WBGene00002850,0,1.0,PFOS,0.0015096379092918,0.999139297746776,False,up
WBGene00013738,0,1.0,PFOS,0.0014708736696308,0.999139297746776,False,up
WBGene00010984,0,1.0,PFOS,0.0014492750269765,0.999139297746776,False,up
WBGene00011043,0,1.0,PFOS,0.0013162021208292,0.999139297746776,False,up
WBGene00011775,0,1.0,PFOS,0.0013017495017077,0.999139297746776,False,up
WBGene00021506,0,1.0,PFOS,0.0012818823085595,0.999139297746776,False,up
WBGene00022235,0,1.0,PFOS,0.0010862052007941,0.999139297746776,False,up
WBGene00013151,0,1.0,PFOS,0.0010721056119896,0.999139297746776,False,up
WBGene00044916,0,1.0,PFOS,0.0010720728276435,0.999139297746776,False,up
WBGene00009322,0,1.0,PFOS,0.0007981984651029,0.999139297746776,False,up
WBGene00001031,0,1.0,PFOS,0.0007479090669657,0.999139297746776,False,up
WBGene00006518,0,1.0,PFOS,0.0007205520160582,0.999139297746776,False,up
WBGene00000482,0,1.0,PFOS,0.0006480303302966,0.999139297746776,False,up
WBGene00022381,0,1.0,PFOS,-0.0006241947858696,0.999139297746776,False,down
WBGene00019118,0,1.0,PFOS,-0.00067018320511,0.999139297746776,False,down
WBGene00004467,0,0.9666666666666667,PFOS,-0.0006765947477546,0.999139297746776,False,down
WBGene00000066,0,1.0,PFOS,-0.0007556659505531,0.999139297746776,False,down
WBGene00020296,0,1.0,PFOS,-0.0009542692830921,0.999139297746776,False,down
WBGene00016439,0,1.0,PFOS,-0.0009921952377557,0.999139297746776,False,down
WBGene00000083,0,1.0,PFOS,-0.0010488424836648,0.999139297746776,False,down
WBGene00008414,0,0.5333333333333333,PFOS,-0.0011907498718038,0.999139297746776,False,down
WBGene00006613,0,1.0,PFOS,-0.0012079210578774,0.999139297746776,False,down
WBGene00022739,0,1.0,PFOS,-0.001358440218363,0.999139297746776,False,down
WBGene00011398,0,1.0,PFOS,-0.0015172713314558,0.999139297746776,False,down
WBGene00021826,0,1.0,PFOS,-0.0017386270375379,0.999139297746776,False,down
WBGene00019836,0,1.0,PFOS,-0.0017961343741147,0.999139297746776,False,down
WBGene00014114,0,0.8666666666666667,PFOS,-0.0018391651783961,0.999139297746776,False,down
WBGene00007615,0,1.0,PFOS,-0.0019277001413684,0.999139297746776,False,down
WBGene00022347,0,1.0,PFOS,-0.0019665080867456,0.999139297746776,False,down
WBGene00015425,0,1.0,PFOS,-0.0019760820633647,0.999139297746776,False,down
WBGene00001186,0,0.9333333333333333,PFOS,-0.0021076012593321,0.999139297746776,False,down
WBGene00008768,0,1.0,PFOS,-0.0021865616329031,0.999139297746776,False,down
WBGene00000148,0,1.0,PFOS,-0.0022473735381711,0.999139297746776,False,down
WBGene00008762,0,1.0,PFOS,-0.0023047725237746,0.999139297746776,False,down
WBGene00006574,0,1.0,PFOS,-0.0023982996678439,0.999139297746776,False,down
WBGene00003928,0,1.0,PFOS,-0.0024746703786002,0.999139297746776,False,down
WBGene00004458,0,0.9333333333333333,PFOS,-0.0024880902608043,0.999139297746776,False,down
WBGene00008237,0,0.9666666666666667,PFOS,-0.0025829832380587,0.999139297746776,False,down
WBGene00022350,0,1.0,PFOS,-0.0026245045290361,0.999139297746776,False,down
WBGene00016913,0,1.0,PFOS,-0.0028301794466673,0.999139297746776,False,down
WBGene00016140,0,1.0,PFOS,-0.002902835868686,0.999139297746776,False,down
WBGene00012953,0,1.0,PFOS,-0.0029483914429592,0.999139297746776,False,down
WBGene00019544,0,1.0,PFOS,-0.002986296150671,0.999139297746776,False,down
WBGene00019245,0,0.9333333333333333,PFOS,-0.003033307120299,0.999139297746776,False,down
WBGene00019241,0,1.0,PFOS,-0.0031203072103078,0.999139297746776,False,down
WBGene00008586,0,0.9333333333333333,PFOS,-0.0031646614106765,0.999139297746776,False,down
WBGene00000401,0,1.0,PFOS,-0.0032227992922818,0.999139297746776,False,down
WBGene00010303,0,1.0,PFOS,-0.0033035762313084,0.999139297746776,False,down
WBGene00004466,0,1.0,PFOS,-0.0033238378526107,0.999139297746776,False,down
WBGene00022159,0,1.0,PFOS,-0.0033356017060596,0.999139297746776,False,down
WBGene00022516,0,1.0,PFOS,-0.003439782848096,0.999139297746776,False,down
WBGene00001513,0,0.9333333333333333,PFOS,-0.0035100264070458,0.999139297746776,False,down
WBGene00009189,0,1.0,PFOS,-0.0036028631282843,0.999139297746776,False,down
WBGene00013018,0,1.0,PFOS,-0.0037691428691984,0.999139297746776,False,down
WBGene00003921,0,1.0,PFOS,-0.003831873088987,0.999139297746776,False,down
WBGene00017028,0,1.0,PFOS,-0.0038350467590439,0.999139297746776,False,down
WBGene00006935,0,0.9333333333333333,PFOS,-0.0039027847423057,0.999139297746776,False,down
WBGene00004505,0,0.9333333333333333,PFOS,-0.0040731946913438,0.999139297746776,False,down
WBGene00018239,0,1.0,PFOS,-0.0041032195616137,0.999139297746776,False,down
WBGene00008639,0,1.0,PFOS,-0.0041920030842325,0.999139297746776,False,down
WBGene00000160,0,0.5333333333333333,PFOS,-0.0042626898210221,0.999139297746776,False,down
WBGene00011112,0,1.0,PFOS,-0.0042998142217174,0.999139297746776,False,down
WBGene00022738,0,1.0,PFOS,-0.0043874640846585,0.999139297746776,False,down
WBGene00021292,0,1.0,PFOS,-0.0045700443501272,0.999139297746776,False,down
WBGene00010139,0,1.0,PFOS,-0.0045951281989439,0.999139297746776,False,down
WBGene00007043,0,1.0,PFOS,-0.0048332006087649,0.999139297746776,False,down
WBGene00010622,0,0.9333333333333333,PFOS,-0.0048694808496297,0.999139297746776,False,down
WBGene00012932,0,1.0,PFOS,-0.0048924587738663,0.999139297746776,False,down
WBGene00020423,0,1.0,PFOS,-0.0049346534322192,0.999139297746776,False,down
WBGene00009784,0,1.0,PFOS,-0.0050646120948977,0.999139297746776,False,down
WBGene00007436,0,1.0,PFOS,-0.0052264818323828,0.999139297746776,False,down
WBGene00003082,0,1.0,PFOS,-0.0052316283194105,0.999139297746776,False,down
WBGene00019264,0,1.0,PFOS,-0.0052371605682089,0.999139297746776,False,down
WBGene00010537,0,0.9333333333333333,PFOS,-0.0053260675846954,0.999139297746776,False,down
WBGene00011488,0,1.0,PFOS,-0.0054580189838939,0.999139297746776,False,down
WBGene00018391,0,1.0,PFOS,-0.0054781088502091,0.999139297746776,False,down
WBGene00008877,0,0.5333333333333333,PFOS,-0.0056203086802838,0.999139297746776,False,down
WBGene00003148,0,1.0,PFOS,-0.0056525430133535,0.999139297746776,False,down
WBGene00006931,0,0.9666666666666667,PFOS,-0.0056741978019131,0.999139297746776,False,down
WBGene00015803,0,1.0,PFOS,-0.0056853928171106,0.999139297746776,False,down
WBGene00004015,0,1.0,PFOS,-0.0057707285141484,0.999139297746776,False,down
WBGene00004504,0,0.9666666666666667,PFOS,-0.0057827724701238,0.999139297746776,False,down
WBGene00001057,0,0.9666666666666667,PFOS,-0.0058065903308983,0.999139297746776,False,down
WBGene00019030,0,0.9666666666666667,PFOS,-0.0058074721763866,0.999139297746776,False,down
WBGene00003485,0,0.9666666666666667,PFOS,-0.0058384130052311,0.999139297746776,False,down
WBGene00001498,0,1.0,PFOS,-0.0058578170035343,0.999139297746776,False,down
WBGene00018422,0,1.0,PFOS,-0.005883505930272,0.999139297746776,False,down
WBGene00018210,0,1.0,PFOS,-0.0060854449957154,0.999139297746776,False,down
WBGene00015160,0,1.0,PFOS,-0.0060902960361265,0.999139297746776,False,down
WBGene00017004,0,0.9666666666666667,PFOS,-0.0061076323788129,0.999139297746776,False,down
WBGene00003804,0,1.0,PFOS,-0.0061171025421456,0.999139297746776,False,down
WBGene00006826,0,1.0,PFOS,-0.0062400556491064,0.999139297746776,False,down
WBGene00011977,0,1.0,PFOS,-0.0062785880794126,0.999139297746776,False,down
WBGene00020437,0,1.0,PFOS,-0.0063134676724593,0.999139297746776,False,down
WBGene00001234,0,1.0,PFOS,-0.0063302720935183,0.999139297746776,False,down
WBGene00008215,0,0.9,PFOS,-0.0063465113518618,0.999139297746776,False,down
WBGene00010560,0,1.0,PFOS,-0.0064075512061788,0.999139297746776,False,down
WBGene00016611,0,1.0,PFOS,-0.0064263483738613,0.999139297746776,False,down
WBGene00014221,0,1.0,PFOS,-0.0065914200076195,0.999139297746776,False,down
WBGene00013985,0,1.0,PFOS,-0.006670465175903,0.999139297746776,False,down
WBGene00013983,0,1.0,PFOS,-0.0068221758713351,0.999139297746776,False,down
WBGene00017300,0,1.0,PFOS,-0.0068867890322145,0.999139297746776,False,down
WBGene00010941,0,0.9666666666666667,PFOS,-0.006898983875985,0.999139297746776,False,down
WBGene00021845,0,1.0,PFOS,-0.0070735311260408,0.999139297746776,False,down
WBGene00022380,0,1.0,PFOS,-0.0071510875578217,0.999139297746776,False,down
WBGene00020796,0,0.9333333333333333,PFOS,-0.0071523443625652,0.999139297746776,False,down
WBGene00003393,0,1.0,PFOS,-0.0072686901180309,0.999139297746776,False,down
WBGene00006472,0,1.0,PFOS,-0.0075048224432113,0.999139297746776,False,down
WBGene00015752,0,1.0,PFOS,-0.0076923068086142,0.999139297746776,False,down
WBGene00007646,0,1.0,PFOS,-0.0077736917639457,0.999139297746776,False,down
WBGene00021323,0,1.0,PFOS,-0.0081083454121362,0.999139297746776,False,down
WBGene00022672,0,1.0,PFOS,-0.0083359328529792,0.999139297746776,False,down
WBGene00008646,0,1.0,PFOS,-0.0084151778724247,0.999139297746776,False,down
WBGene00004355,0,1.0,PFOS,-0.0084978075165321,0.999139297746776,False,down
WBGene00021840,0,0.9333333333333333,PFOS,-0.0085047171238677,0.999139297746776,False,down
WBGene00019276,0,0.9666666666666667,PFOS,-0.0085051368652444,0.999139297746776,False,down
WBGene00012977,0,1.0,PFOS,-0.0085965379658593,0.999139297746776,False,down
WBGene00001027,0,1.0,PFOS,-0.0086036279839609,0.999139297746776,False,down
WBGene00022858,0,1.0,PFOS,-0.0086738314306471,0.999139297746776,False,down
WBGene00020184,0,1.0,PFOS,-0.0088714460483952,0.999139297746776,False,down
WBGene00004766,0,0.9666666666666667,PFOS,-0.0089638180460366,0.999139297746776,False,down
WBGene00010160,0,1.0,PFOS,-0.0090263354453141,0.999139297746776,False,down
WBGene00004461,0,1.0,PFOS,-0.0090853674816815,0.999139297746776,False,down
WBGene00023422,0,1.0,PFOS,-0.0091452550461149,0.999139297746776,False,down
WBGene00018007,0,1.0,PFOS,-0.0093220406785414,0.999139297746776,False,down
WBGene00001166,0,1.0,PFOS,-0.0093450900221058,0.999139297746776,False,down
WBGene00006512,0,1.0,PFOS,-0.0093453756360942,0.999139297746776,False,down
WBGene00004764,0,0.9666666666666667,PFOS,-0.0094151863961652,0.999139297746776,False,down
WBGene00002001,0,1.0,PFOS,-0.0094177727970153,0.999139297746776,False,down
WBGene00022420,0,1.0,PFOS,-0.0097217908790403,0.999139297746776,False,down
WBGene00010783,0,1.0,PFOS,-0.0098313176325115,0.999139297746776,False,down
WBGene00001977,0,1.0,PFOS,-0.0099130957044901,0.999139297746776,False,down
WBGene00006706,0,1.0,PFOS,-0.0101099473002166,0.999139297746776,False,down
WBGene00185067,0,1.0,PFOS,-0.0102001002867535,0.999139297746776,False,down
WBGene00022052,0,1.0,PFOS,-0.0102118415139705,0.999139297746776,False,down
WBGene00021686,0,1.0,PFOS,-0.0104258592323218,0.999139297746776,False,down
WBGene00006737,0,1.0,PFOS,-0.0104401202238179,0.999139297746776,False,down
WBGene00010052,0,0.9333333333333333,PFOS,-0.010446072256127,0.999139297746776,False,down
WBGene00001001,0,1.0,PFOS,-0.010468946693819,0.999139297746776,False,down
WBGene00019953,0,1.0,PFOS,-0.0106244582272997,0.999139297746776,False,down
WBGene00018932,0,1.0,PFOS,-0.01067119390226,0.999139297746776,False,down
WBGene00022037,0,0.5333333333333333,PFOS,-0.0109534083141157,0.999139297746776,False,down
WBGene00000157,0,1.0,PFOS,-0.0109892990882498,0.999139297746776,False,down
WBGene00012474,0,1.0,PFOS,-0.0111415846184607,0.999139297746776,False,down
WBGene00020348,0,1.0,PFOS,-0.0112264173111753,0.999139297746776,False,down
WBGene00006700,0,1.0,PFOS,-0.0112924955813775,0.999139297746776,False,down
WBGene00001744,0,1.0,PFOS,-0.0116348123873052,0.999139297746776,False,down
WBGene00009128,0,1.0,PFOS,-0.0117380846063655,0.999139297746776,False,down
WBGene00020919,0,1.0,PFOS,-0.0118024141417539,0.999139297746776,False,down
WBGene00006432,0,1.0,PFOS,-0.0118212410486386,0.999139297746776,False,down
WBGene00001638,0,0.9333333333333333,PFOS,-0.0119631180651729,0.999139297746776,False,down
WBGene00013260,0,1.0,PFOS,-0.0121065116145312,0.999139297746776,False,down
WBGene00020719,0,1.0,PFOS,-0.0121092705108264,0.999139297746776,False,down
WBGene00001426,0,1.0,PFOS,-0.0121920691746381,0.999139297746776,False,down
WBGene00011802,0,1.0,PFOS,-0.0122060794428063,0.999139297746776,False,down
WBGene00000995,0,1.0,PFOS,-0.0122483048232673,0.999139297746776,False,down
WBGene00002060,0,1.0,PFOS,-0.0123752416272858,0.999139297746776,False,down
WBGene00007333,0,0.5333333333333333,PFOS,-0.0124150268942665,0.999139297746776,False,down
WBGene00006617,0,1.0,PFOS,-0.012458447618584,0.999139297746776,False,down
WBGene00009674,0,1.0,PFOS,-0.0124776896815837,0.999139297746776,False,down
WBGene00020172,0,1.0,PFOS,-0.0125606707568602,0.999139297746776,False,down
WBGene00012375,0,1.0,PFOS,-0.0125874455059721,0.999139297746776,False,down
WBGene00000836,0,1.0,PFOS,-0.0126598078150684,0.999139297746776,False,down
WBGene00045433,0,1.0,PFOS,-0.012731926014457,0.999139297746776,False,down
WBGene00002071,0,1.0,PFOS,-0.0128398898209472,0.999139297746776,False,down
WBGene00008413,0,1.0,PFOS,-0.0129064221010069,0.999139297746776,False,down
WBGene00015510,0,1.0,PFOS,-0.0129793101619274,0.999139297746776,False,down
WBGene00020269,0,1.0,PFOS,-0.0129935062554519,0.999139297746776,False,down
WBGene00020027,0,1.0,PFOS,-0.01310230782055,0.999139297746776,False,down
WBGene00001497,0,1.0,PFOS,-0.0132326038258201,0.999139297746776,False,down
WBGene00003792,0,1.0,PFOS,-0.0133690864633537,0.999139297746776,False,down
WBGene00009013,0,1.0,PFOS,-0.0134045547561102,0.999139297746776,False,down
WBGene00015538,0,1.0,PFOS,-0.0134066652592864,0.999139297746776,False,down
WBGene00007258,0,1.0,PFOS,-0.0134675756924792,0.999139297746776,False,down
WBGene00012550,0,1.0,PFOS,-0.013500218153423,0.999139297746776,False,down
WBGene00009004,0,1.0,PFOS,-0.0136364511957525,0.999139297746776,False,down
WBGene00003047,0,0.9666666666666667,PFOS,-0.0136460050554016,0.999139297746776,False,down
WBGene00003055,0,1.0,PFOS,-0.0140926506588575,0.999139297746776,False,down
WBGene00000003,0,0.8333333333333334,PFOS,-0.0142110218918352,0.999139297746776,False,down
WBGene00021425,0,1.0,PFOS,-0.0142166232251965,0.999139297746776,False,down
WBGene00015181,0,1.0,PFOS,-0.0142170239341271,0.999139297746776,False,down
WBGene00003920,0,1.0,PFOS,-0.014222087518527,0.999139297746776,False,down
WBGene00017356,0,1.0,PFOS,-0.0143966192594727,0.999139297746776,False,down
WBGene00000183,0,1.0,PFOS,-0.014403832293246,0.999139297746776,False,down
WBGene00009395,0,1.0,PFOS,-0.0144243724103681,0.999139297746776,False,down
WBGene00012059,0,1.0,PFOS,-0.0146503151234731,0.999139297746776,False,down
WBGene00003790,0,1.0,PFOS,-0.014838279992443,0.999139297746776,False,down
WBGene00016844,0,1.0,PFOS,-0.0148675861667344,0.999139297746776,False,down
WBGene00164968,0,1.0,PFOS,-0.0149126929315799,0.999139297746776,False,down
WBGene00018008,0,1.0,PFOS,-0.0149657346254609,0.999139297746776,False,down
WBGene00021279,0,1.0,PFOS,-0.015059381024647,0.999139297746776,False,down
WBGene00007463,0,1.0,PFOS,-0.0151415435627718,0.999139297746776,False,down
WBGene00017999,0,1.0,PFOS,-0.0151695569688239,0.999139297746776,False,down
WBGene00017997,0,1.0,PFOS,-0.0152180282933926,0.999139297746776,False,down
WBGene00022270,0,1.0,PFOS,-0.0153046632541627,0.999139297746776,False,down
WBGene00021899,0,1.0,PFOS,-0.015453208387231,0.999139297746776,False,down
WBGene00011480,0,1.0,PFOS,-0.0155414367904261,0.999139297746776,False,down
WBGene00012472,0,1.0,PFOS,-0.0155701365092309,0.999139297746776,False,down
WBGene00000225,0,0.9666666666666667,PFOS,-0.0156884338829104,0.999139297746776,False,down
WBGene00018160,0,0.9666666666666667,PFOS,-0.0158811210403733,0.999139297746776,False,down
WBGene00010405,0,1.0,PFOS,-0.0159428993796642,0.999139297746776,False,down
WBGene00009726,0,1.0,PFOS,-0.0161048431748192,0.999139297746776,False,down
WBGene00004111,0,1.0,PFOS,-0.0161275798499873,0.999139297746776,False,down
WBGene00004014,0,1.0,PFOS,-0.0161985168974267,0.999139297746776,False,down
WBGene00018357,0,1.0,PFOS,-0.0162163502061722,0.999139297746776,False,down
WBGene00012192,0,1.0,PFOS,-0.0164114869910308,0.999139297746776,False,down
WBGene00022830,0,1.0,PFOS,-0.0164361888080569,0.999139297746776,False,down
WBGene00004464,0,1.0,PFOS,-0.0164587018368776,0.999139297746776,False,down
WBGene00013849,0,1.0,PFOS,-0.0164718178881652,0.999139297746776,False,down
WBGene00015021,0,0.9666666666666667,PFOS,-0.0165450817015837,0.999139297746776,False,down
WBGene00019617,0,1.0,PFOS,-0.0165688540263245,0.999139297746776,False,down
WBGene00022182,0,1.0,PFOS,-0.0165856332198193,0.999139297746776,False,down
WBGene00006604,0,1.0,PFOS,-0.0166499155633126,0.999139297746776,False,down
WBGene00007625,0,1.0,PFOS,-0.016730040175233,0.999139297746776,False,down
WBGene00011302,0,1.0,PFOS,-0.0167690380130805,0.999139297746776,False,down
WBGene00013312,0,1.0,PFOS,-0.0168409054479861,0.999139297746776,False,down
WBGene00045483,0,1.0,PFOS,-0.0169470720262486,0.999139297746776,False,down
WBGene00017993,0,1.0,PFOS,-0.0171907945957245,0.999139297746776,False,down
WBGene00008918,0,1.0,PFOS,-0.0173643545450625,0.999139297746776,False,down
WBGene00022072,0,1.0,PFOS,-0.0175805999640973,0.999139297746776,False,down
WBGene00021406,0,1.0,PFOS,-0.0175982617891986,0.999139297746776,False,down
WBGene00020950,0,0.9333333333333333,PFOS,-0.0177447910568615,0.999139297746776,False,down
WBGene00016740,0,1.0,PFOS,-0.0177499567263095,0.999139297746776,False,down
WBGene00022793,0,1.0,PFOS,-0.0179111572353589,0.999139297746776,False,down
WBGene00021227,0,1.0,PFOS,-0.0181740039151463,0.999139297746776,False,down
WBGene00018421,0,1.0,PFOS,-0.018355966444818,0.999139297746776,False,down
WBGene00017768,0,1.0,PFOS,-0.0184068776304729,0.999139297746776,False,down
WBGene00022394,0,1.0,PFOS,-0.0184375263287393,0.999139297746776,False,down
WBGene00020215,0,1.0,PFOS,-0.0185428332842112,0.999139297746776,False,down
WBGene00007623,0,1.0,PFOS,-0.0186829997958544,0.999139297746776,False,down
WBGene00022022,0,1.0,PFOS,-0.0187708686289757,0.999139297746776,False,down
WBGene00014249,0,1.0,PFOS,-0.0188427487247044,0.999139297746776,False,down
WBGene00000479,0,1.0,PFOS,-0.018854426065392,0.999139297746776,False,down
WBGene00021170,0,1.0,PFOS,-0.0190720621324865,0.999139297746776,False,down
WBGene00012316,0,1.0,PFOS,-0.0192517302303103,0.999139297746776,False,down
WBGene00018305,0,1.0,PFOS,-0.0192575127958987,0.999139297746776,False,down
WBGene00003065,0,1.0,PFOS,-0.019278156382345,0.999139297746776,False,down
WBGene00001169,0,1.0,PFOS,-0.019342212232311,0.999139297746776,False,down
WBGene00012887,0,1.0,PFOS,-0.0194481470297139,0.999139297746776,False,down
WBGene00003415,0,1.0,PFOS,-0.0194791953840395,0.999139297746776,False,down
WBGene00016355,0,0.8,PFOS,-0.0199392964190049,0.999139297746776,False,down
WBGene00013311,0,1.0,PFOS,-0.0199507266312165,0.999139297746776,False,down
WBGene00016062,0,1.0,PFOS,-0.0199583252142695,0.999139297746776,False,down
WBGene00009498,0,1.0,PFOS,-0.019978618024158,0.999139297746776,False,down
WBGene00022832,0,1.0,PFOS,-0.020154148516713,0.999139297746776,False,down
WBGene00019727,0,1.0,PFOS,-0.0202525814946556,0.999139297746776,False,down
WBGene00016014,0,1.0,PFOS,-0.020477899229552,0.999139297746776,False,down
WBGene00011875,0,1.0,PFOS,-0.0204852173394806,0.999139297746776,False,down
WBGene00004050,0,0.7,PFOS,-0.0205733067644873,0.999139297746776,False,down
WBGene00009319,0,1.0,PFOS,-0.0206864776987895,0.999139297746776,False,down
WBGene00020601,0,1.0,PFOS,-0.0206982313279876,0.999139297746776,False,down
WBGene00019334,0,1.0,PFOS,-0.0207553533526881,0.999139297746776,False,down
WBGene00006936,0,1.0,PFOS,-0.0208473945471693,0.999139297746776,False,down
WBGene00011904,0,1.0,PFOS,-0.0210488553389419,0.999139297746776,False,down
WBGene00017816,0,1.0,PFOS,-0.0211063934765337,0.999139297746776,False,down
WBGene00004895,0,1.0,PFOS,-0.0211300729565205,0.999139297746776,False,down
WBGene00002070,0,1.0,PFOS,-0.0212051103038638,0.999139297746776,False,down
WBGene00001089,0,1.0,PFOS,-0.0212194055039724,0.999139297746776,False,down
WBGene00021959,0,0.9666666666666667,PFOS,-0.0212741044469219,0.999139297746776,False,down
WBGene00010307,0,1.0,PFOS,-0.0213418284831695,0.999139297746776,False,down
WBGene00010845,0,1.0,PFOS,-0.0213954033551323,0.999139297746776,False,down
WBGene00302978,0,1.0,PFOS,-0.0215410425295113,0.999139297746776,False,down
WBGene00012904,0,0.8333333333333334,PFOS,-0.0215687256776392,0.999139297746776,False,down
WBGene00003238,0,0.9333333333333333,PFOS,-0.0217089889789946,0.999139297746776,False,down
WBGene00007587,0,1.0,PFOS,-0.0217727369983739,0.999139297746776,False,down
WBGene00002957,0,1.0,PFOS,-0.0217958918876018,0.999139297746776,False,down
WBGene00022069,0,1.0,PFOS,-0.0217975638849641,0.999139297746776,False,down
WBGene00011033,0,1.0,PFOS,-0.0218352396405981,0.999139297746776,False,down
WBGene00006061,0,1.0,PFOS,-0.0218605403582037,0.999139297746776,False,down
WBGene00008924,0,1.0,PFOS,-0.0219014165525672,0.999139297746776,False,down
WBGene00010685,0,1.0,PFOS,-0.0219486320009503,0.999139297746776,False,down
WBGene00013343,0,1.0,PFOS,-0.0220959395606745,0.999139297746776,False,down
WBGene00013340,0,1.0,PFOS,-0.0221295430265407,0.999139297746776,False,down
WBGene00021932,0,1.0,PFOS,-0.0224109063164182,0.999139297746776,False,down
WBGene00008410,0,1.0,PFOS,-0.0224747474122899,0.999139297746776,False,down
WBGene00021789,0,1.0,PFOS,-0.0227568290405794,0.999139297746776,False,down
WBGene00009006,0,1.0,PFOS,-0.0230990792424317,0.999139297746776,False,down
WBGene00015344,0,1.0,PFOS,-0.0231930654334084,0.999139297746776,False,down
WBGene00015791,0,0.5333333333333333,PFOS,-0.0232717093182049,0.999139297746776,False,down
WBGene00009336,0,1.0,PFOS,-0.0232875443629923,0.999139297746776,False,down
WBGene00010094,0,0.9333333333333333,PFOS,-0.0233904035624078,0.999139297746776,False,down
WBGene00021595,0,1.0,PFOS,-0.0234517569582495,0.999139297746776,False,down
WBGene00011605,0,1.0,PFOS,-0.0235403196127169,0.999139297746776,False,down
WBGene00016170,0,0.9666666666666667,PFOS,-0.0238819154740735,0.999139297746776,False,down
WBGene00004283,0,1.0,PFOS,-0.024010040522981,0.999139297746776,False,down
WBGene00022774,0,1.0,PFOS,-0.0240269872427452,0.999139297746776,False,down
WBGene00016629,0,1.0,PFOS,-0.0242030258610491,0.999139297746776,False,down
WBGene00001303,0,1.0,PFOS,-0.0242093760941173,0.999139297746776,False,down
WBGene00020199,0,0.9333333333333333,PFOS,-0.0242391983044184,0.999139297746776,False,down
WBGene00008514,0,1.0,PFOS,-0.0243339888769741,0.999139297746776,False,down
WBGene00004873,0,1.0,PFOS,-0.0245105827705394,0.999139297746776,False,down
WBGene00022114,0,1.0,PFOS,-0.0245968616016249,0.999139297746776,False,down
WBGene00001151,0,1.0,PFOS,-0.0246096738588444,0.999139297746776,False,down
WBGene00000248,0,1.0,PFOS,-0.0246975080048048,0.999139297746776,False,down
WBGene00019543,0,1.0,PFOS,-0.0248233136693068,0.999139297746776,False,down
WBGene00006785,0,0.9666666666666667,PFOS,-0.0248762927999427,0.999139297746776,False,down
WBGene00001661,0,1.0,PFOS,-0.0249200213391066,0.999139297746776,False,down
WBGene00015329,0,1.0,PFOS,-0.0249300881327785,0.999139297746776,False,down
WBGene00000549,0,1.0,PFOS,-0.0253940212261976,0.999139297746776,False,down
WBGene00019629,0,1.0,PFOS,-0.0254780968075533,0.999139297746776,False,down
WBGene00001433,0,1.0,PFOS,-0.0255509658987328,0.999139297746776,False,down
WBGene00003789,0,1.0,PFOS,-0.0256904699911488,0.999139297746776,False,down
WBGene00005153,0,0.9333333333333333,PFOS,-0.0256942722670361,0.999139297746776,False,down
WBGene00017426,0,1.0,PFOS,-0.025728997357527,0.999139297746776,False,down
WBGene00012978,0,1.0,PFOS,-0.0257885192175349,0.999139297746776,False,down
WBGene00016888,0,1.0,PFOS,-0.0258174057283672,0.999139297746776,False,down
WBGene00002238,0,1.0,PFOS,-0.0258192622587416,0.999139297746776,False,down
WBGene00018015,0,1.0,PFOS,-0.0259025458917366,0.999139297746776,False,down
WBGene00019433,0,0.9666666666666667,PFOS,-0.0259431636443133,0.999139297746776,False,down
WBGene00022119,0,1.0,PFOS,-0.0260104964828073,0.999139297746776,False,down
WBGene00013301,0,1.0,PFOS,-0.0260113717868384,0.999139297746776,False,down
WBGene00009254,0,1.0,PFOS,-0.0260163239183154,0.999139297746776,False,down
WBGene00011713,0,0.8666666666666667,PFOS,-0.0261344573503109,0.999139297746776,False,down
WBGene00010524,0,1.0,PFOS,-0.0261701154359931,0.999139297746776,False,down
WBGene00004383,0,1.0,PFOS,-0.0262551068991001,0.999139297746776,False,down
WBGene00020068,0,1.0,PFOS,-0.0262887007945913,0.999139297746776,False,down
WBGene00001340,0,0.9333333333333333,PFOS,-0.0264386032125216,0.999139297746776,False,down
WBGene00011758,0,1.0,PFOS,-0.0264661036282808,0.999139297746776,False,down
WBGene00006856,0,1.0,PFOS,-0.0264809969678269,0.999139297746776,False,down
WBGene00020798,0,1.0,PFOS,-0.0265469736787402,0.999139297746776,False,down
WBGene00020113,0,1.0,PFOS,-0.02657792994604,0.999139297746776,False,down
WBGene00022301,0,1.0,PFOS,-0.026639716698572,0.999139297746776,False,down
WBGene00004774,0,1.0,PFOS,-0.0266577161444813,0.999139297746776,False,down
WBGene00020687,0,1.0,PFOS,-0.0267388430262933,0.999139297746776,False,down
WBGene00011526,0,1.0,PFOS,-0.0268273377163847,0.999139297746776,False,down
WBGene00003076,0,1.0,PFOS,-0.0269334565220759,0.999139297746776,False,down
WBGene00019380,0,1.0,PFOS,-0.0271039756115628,0.999139297746776,False,down
WBGene00018890,0,1.0,PFOS,-0.0274819158710929,0.999139297746776,False,down
WBGene00000933,0,1.0,PFOS,-0.0276649449887332,0.999139297746776,False,down
WBGene00010727,0,1.0,PFOS,-0.0277373347023206,0.999139297746776,False,down
WBGene00004698,0,1.0,PFOS,-0.0277896330850632,0.999139297746776,False,down
WBGene00021476,0,0.8666666666666667,PFOS,-0.0279126099970938,0.999139297746776,False,down
WBGene00015915,0,1.0,PFOS,-0.0279473565027395,0.999139297746776,False,down
WBGene00021327,0,1.0,PFOS,-0.0281290043798587,0.999139297746776,False,down
WBGene00003704,0,0.9,PFOS,-0.0282569417102898,0.999139297746776,False,down
WBGene00000740,0,0.5333333333333333,PFOS,-0.0282833189862073,0.999139297746776,False,down
WBGene00003926,0,0.9666666666666667,PFOS,-0.0283169071552545,0.999139297746776,False,down
WBGene00016408,0,1.0,PFOS,-0.0286183957945828,0.999139297746776,False,down
WBGene00013376,0,1.0,PFOS,-0.0286341446721075,0.999139297746776,False,down
WBGene00007169,0,1.0,PFOS,-0.0286732892979024,0.999139297746776,False,down
WBGene00003123,0,1.0,PFOS,-0.0287371887207209,0.999139297746776,False,down
WBGene00022388,0,1.0,PFOS,-0.0287845506280084,0.999139297746776,False,down
WBGene00018898,0,1.0,PFOS,-0.0288724347965987,0.999139297746776,False,down
WBGene00003930,0,1.0,PFOS,-0.0291757108394301,0.999139297746776,False,down
WBGene00002213,0,1.0,PFOS,-0.0292081400681841,0.999139297746776,False,down
WBGene00015920,0,1.0,PFOS,-0.029222760501417,0.999139297746776,False,down
WBGene00022488,0,1.0,PFOS,-0.0292640171637864,0.999139297746776,False,down
WBGene00002075,0,1.0,PFOS,-0.0293599628585366,0.999139297746776,False,down
WBGene00009771,0,0.8666666666666667,PFOS,-0.0294518818992767,0.999139297746776,False,down
WBGene00001048,0,1.0,PFOS,-0.0294734565004841,0.999139297746776,False,down
WBGene00020422,0,0.9,PFOS,-0.0295846548559917,0.999139297746776,False,down
WBGene00021828,0,1.0,PFOS,-0.029625938343255,0.999139297746776,False,down
WBGene00021636,0,1.0,PFOS,-0.0296321515965616,0.999139297746776,False,down
WBGene00014120,0,1.0,PFOS,-0.0298108222968902,0.999139297746776,False,down
WBGene00001226,0,1.0,PFOS,-0.0298784705053736,0.999139297746776,False,down
WBGene00006889,0,1.0,PFOS,-0.0299253478500707,0.999139297746776,False,down
WBGene00003800,0,1.0,PFOS,-0.0299676756757577,0.999139297746776,False,down
WBGene00001041,0,1.0,PFOS,-0.0301434205661167,0.999139297746776,False,down
WBGene00022598,0,0.9333333333333333,PFOS,-0.0302340272359615,0.999139297746776,False,down
WBGene00003963,0,1.0,PFOS,-0.0302354979245884,0.999139297746776,False,down
WBGene00022148,0,1.0,PFOS,-0.030301235783574,0.999139297746776,False,down
WBGene00006920,0,1.0,PFOS,-0.0303464964600968,0.999139297746776,False,down
WBGene00020836,0,1.0,PFOS,-0.0304777810931298,0.999139297746776,False,down
WBGene00016446,0,0.9333333333333333,PFOS,-0.0305096931886736,0.999139297746776,False,down
WBGene00003951,0,0.9666666666666667,PFOS,-0.0305387292961741,0.999139297746776,False,down
WBGene00004116,0,1.0,PFOS,-0.0305827262150456,0.999139297746776,False,down
WBGene00011412,0,1.0,PFOS,-0.0306286363502202,0.999139297746776,False,down
WBGene00020915,0,1.0,PFOS,-0.0306572798434465,0.999139297746776,False,down
WBGene00006915,0,1.0,PFOS,-0.0307296458984953,0.999139297746776,False,down
WBGene00001827,0,1.0,PFOS,-0.030769505964374,0.999139297746776,False,down
WBGene00009002,0,0.9666666666666667,PFOS,-0.0307780938057151,0.999139297746776,False,down
WBGene00012896,0,1.0,PFOS,-0.0307792385943118,0.999139297746776,False,down
WBGene00010677,0,1.0,PFOS,-0.0307867800736349,0.999139297746776,False,down
WBGene00001834,0,1.0,PFOS,-0.0308295764657058,0.999139297746776,False,down
WBGene00018625,0,1.0,PFOS,-0.03083982313797,0.999139297746776,False,down
WBGene00004304,0,1.0,PFOS,-0.0308979513773922,0.999139297746776,False,down
WBGene00000202,0,1.0,PFOS,-0.0311626443661094,0.999139297746776,False,down
WBGene00010225,0,1.0,PFOS,-0.0315191624806658,0.999139297746776,False,down
WBGene00001047,0,1.0,PFOS,-0.0315361310764886,0.999139297746776,False,down
WBGene00017749,0,1.0,PFOS,-0.0318135034179964,0.999139297746776,False,down
WBGene00011064,0,1.0,PFOS,-0.0318440716756657,0.999139297746776,False,down
WBGene00013958,0,1.0,PFOS,-0.0319830695354554,0.999139297746776,False,down
WBGene00007435,0,1.0,PFOS,-0.0319920527259128,0.999139297746776,False,down
WBGene00021830,0,1.0,PFOS,-0.0323501233896017,0.999139297746776,False,down
WBGene00006958,0,1.0,PFOS,-0.0324478321633023,0.999139297746776,False,down
WBGene00000063,0,1.0,PFOS,-0.0324848860684431,0.999139297746776,False,down
WBGene00006626,0,1.0,PFOS,-0.0325024276351093,0.999139297746776,False,down
WBGene00000272,0,1.0,PFOS,-0.0325151011560952,0.999139297746776,False,down
WBGene00004188,0,1.0,PFOS,-0.0325669724931259,0.999139297746776,False,down
WBGene00001000,0,1.0,PFOS,-0.0327810628034206,0.999139297746776,False,down
WBGene00007207,0,1.0,PFOS,-0.0328253615559106,0.999139297746776,False,down
WBGene00006924,0,1.0,PFOS,-0.0328385731983651,0.999139297746776,False,down
WBGene00008710,0,1.0,PFOS,-0.0329887497777624,0.999139297746776,False,down
WBGene00016898,0,1.0,PFOS,-0.0331716712907881,0.999139297746776,False,down
WBGene00003367,0,1.0,PFOS,-0.0331846864614609,0.999139297746776,False,down
WBGene00006491,0,1.0,PFOS,-0.0332035157817764,0.999139297746776,False,down
WBGene00004726,0,0.9666666666666667,PFOS,-0.0332111070920902,0.999139297746776,False,down
WBGene00015777,0,1.0,PFOS,-0.0332901255685296,0.999139297746776,False,down
WBGene00017280,0,1.0,PFOS,-0.0334476211278754,0.999139297746776,False,down
WBGene00003797,0,1.0,PFOS,-0.033765375313621,0.999139297746776,False,down
WBGene00018341,0,1.0,PFOS,-0.0338451914671728,0.999139297746776,False,down
WBGene00005544,0,1.0,PFOS,-0.0338561717646362,0.999139297746776,False,down
WBGene00012484,0,1.0,PFOS,-0.033899664952678,0.999139297746776,False,down
WBGene00002153,0,0.9333333333333333,PFOS,-0.0340593537319905,0.999139297746776,False,down
WBGene00004025,0,1.0,PFOS,-0.0340642166327833,0.999139297746776,False,down
WBGene00022599,0,1.0,PFOS,-0.0341653428343407,0.999139297746776,False,down
WBGene00008338,0,1.0,PFOS,-0.0341929068484669,0.999139297746776,False,down
WBGene00013025,0,1.0,PFOS,-0.0342117894446239,0.999139297746776,False,down
WBGene00001154,0,1.0,PFOS,-0.0344738938007778,0.999139297746776,False,down
WBGene00009732,0,1.0,PFOS,-0.0345866406127151,0.999139297746776,False,down
WBGene00000800,0,1.0,PFOS,-0.0347081098975167,0.999139297746776,False,down
WBGene00008134,0,1.0,PFOS,-0.0349328801671387,0.999139297746776,False,down
WBGene00008397,0,1.0,PFOS,-0.0351370922093194,0.999139297746776,False,down
WBGene00018181,0,1.0,PFOS,-0.0351439301222527,0.999139297746776,False,down
WBGene00006672,0,1.0,PFOS,-0.035174949217006,0.999139297746776,False,down
WBGene00019077,0,1.0,PFOS,-0.0351821604839473,0.999139297746776,False,down
WBGene00007387,0,1.0,PFOS,-0.0354780119458679,0.999139297746776,False,down
WBGene00011730,0,1.0,PFOS,-0.0355420202881885,0.999139297746776,False,down
WBGene00008409,0,1.0,PFOS,-0.035583427113861,0.999139297746776,False,down
WBGene00013006,0,1.0,PFOS,-0.0356930852412601,0.999139297746776,False,down
WBGene00019212,0,1.0,PFOS,-0.0358169142553739,0.999139297746776,False,down
WBGene00018409,0,1.0,PFOS,-0.0360541175650233,0.999139297746776,False,down
WBGene00003681,0,1.0,PFOS,-0.0361199595807986,0.999139297746776,False,down
WBGene00017348,0,1.0,PFOS,-0.0361662258486218,0.999139297746776,False,down
WBGene00002080,0,1.0,PFOS,-0.0362895330821378,0.999139297746776,False,down
WBGene00007194,0,1.0,PFOS,-0.036377527429838,0.999139297746776,False,down
WBGene00004468,0,1.0,PFOS,-0.0365537559387567,0.999139297746776,False,down
WBGene00018987,0,1.0,PFOS,-0.036735954036202,0.999139297746776,False,down
WBGene00016607,0,1.0,PFOS,-0.036763033285621,0.999139297746776,False,down
WBGene00018934,0,1.0,PFOS,-0.0368310493484582,0.999139297746776,False,down
WBGene00000891,0,1.0,PFOS,-0.036911545943566,0.999139297746776,False,down
WBGene00002804,0,1.0,PFOS,-0.0370007899538884,0.999139297746776,False,down
WBGene00003406,0,1.0,PFOS,-0.037032280718359,0.999139297746776,False,down
WBGene00009207,0,1.0,PFOS,-0.0370389628741248,0.999139297746776,False,down
WBGene00012714,0,1.0,PFOS,-0.0372346853964937,0.999139297746776,False,down
WBGene00020718,0,1.0,PFOS,-0.037255945962308,0.999139297746776,False,down
WBGene00021854,0,1.0,PFOS,-0.0372986244385864,0.999139297746776,False,down
WBGene00009812,0,1.0,PFOS,-0.0373283986215425,0.999139297746776,False,down
WBGene00020216,0,1.0,PFOS,-0.0373324142506413,0.999139297746776,False,down
WBGene00000883,0,1.0,PFOS,-0.037362516810102,0.999139297746776,False,down
WBGene00008805,0,0.5333333333333333,PFOS,-0.0374796560237365,0.999139297746776,False,down
WBGene00003802,0,1.0,PFOS,-0.0375006737707829,0.999139297746776,False,down
WBGene00013213,0,1.0,PFOS,-0.0377881162799779,0.999139297746776,False,down
WBGene00021112,0,1.0,PFOS,-0.0379310798143631,0.999139297746776,False,down
WBGene00000871,0,1.0,PFOS,-0.0380444304006882,0.999139297746776,False,down
WBGene00019168,0,1.0,PFOS,-0.0382420674016281,0.999139297746776,False,down
WBGene00018475,0,1.0,PFOS,-0.0383094050678614,0.999139297746776,False,down
WBGene00017245,0,1.0,PFOS,-0.0383448783849335,0.999139297746776,False,down
WBGene00001233,0,1.0,PFOS,-0.0383477130568245,0.999139297746776,False,down
WBGene00006490,0,1.0,PFOS,-0.0385266303731962,0.999139297746776,False,down
WBGene00009305,0,1.0,PFOS,-0.0387268206207982,0.999139297746776,False,down
WBGene00001005,0,1.0,PFOS,-0.038770108490723,0.999139297746776,False,down
WBGene00010458,0,1.0,PFOS,-0.0387872152434167,0.999139297746776,False,down
WBGene00005015,0,1.0,PFOS,-0.0388142946232868,0.999139297746776,False,down
WBGene00004754,0,1.0,PFOS,-0.0389861992323039,0.999139297746776,False,down
WBGene00013803,0,0.9666666666666667,PFOS,-0.039077390348883,0.999139297746776,False,down
WBGene00012562,0,0.9333333333333333,PFOS,-0.0391034926017387,0.999139297746776,False,down
WBGene00008361,0,1.0,PFOS,-0.0391206283787374,0.999139297746776,False,down
WBGene00003776,0,1.0,PFOS,-0.0395642525288358,0.999139297746776,False,down
WBGene00018893,0,1.0,PFOS,-0.0396845202096986,0.999139297746776,False,down
WBGene00001559,0,1.0,PFOS,-0.03979427137335,0.999139297746776,False,down
WBGene00003675,0,1.0,PFOS,-0.0398414129649642,0.999139297746776,False,down
WBGene00021857,0,1.0,PFOS,-0.039946195726528,0.999139297746776,False,down
WBGene00008459,0,1.0,PFOS,-0.0399472916379606,0.999139297746776,False,down
WBGene00020207,0,1.0,PFOS,-0.040015213619475,0.999139297746776,False,down
WBGene00013131,0,1.0,PFOS,-0.0402055191408936,0.999139297746776,False,down
WBGene00013557,0,0.8333333333333334,PFOS,-0.0404186760405665,0.999139297746776,False,down
WBGene00009141,0,1.0,PFOS,-0.0405758437061475,0.999139297746776,False,down
WBGene00002083,0,1.0,PFOS,-0.0407603145112718,0.999139297746776,False,down
WBGene00012697,0,1.0,PFOS,-0.0407646054366758,0.999139297746776,False,down
WBGene00303009,0,1.0,PFOS,-0.0408166462169935,0.999139297746776,False,down
WBGene00000387,0,1.0,PFOS,-0.0408312772587141,0.999139297746776,False,down
WBGene00001259,0,0.9666666666666667,PFOS,-0.0410864725498918,0.999139297746776,False,down
WBGene00006942,0,1.0,PFOS,-0.0412636758716441,0.999139297746776,False,down
WBGene00008503,0,1.0,PFOS,-0.0412847315181039,0.999139297746776,False,down
WBGene00015157,0,1.0,PFOS,-0.0413552837330943,0.999139297746776,False,down
WBGene00007188,0,0.7333333333333333,PFOS,-0.0413885178173038,0.999139297746776,False,down
WBGene00004386,0,1.0,PFOS,-0.0413961826046882,0.999139297746776,False,down
WBGene00004706,0,1.0,PFOS,-0.0414974095588092,0.999139297746776,False,down
WBGene00002169,0,1.0,PFOS,-0.0416839149143017,0.999139297746776,False,down
WBGene00021536,0,1.0,PFOS,-0.0416978575268888,0.999139297746776,False,down
WBGene00007195,0,1.0,PFOS,-0.041731778727747,0.999139297746776,False,down
WBGene00020932,0,1.0,PFOS,-0.041754769696977,0.999139297746776,False,down
WBGene00018961,0,1.0,PFOS,-0.0418534478096189,0.999139297746776,False,down
WBGene00012343,0,1.0,PFOS,-0.0419141350494672,0.999139297746776,False,down
WBGene00013263,0,1.0,PFOS,-0.041928727768735,0.999139297746776,False,down
WBGene00008131,0,1.0,PFOS,-0.0419628471504734,0.999139297746776,False,down
WBGene00001228,0,1.0,PFOS,-0.0420398851119314,0.999139297746776,False,down
WBGene00002275,0,1.0,PFOS,-0.0421178524694848,0.999139297746776,False,down
WBGene00303021,0,1.0,PFOS,-0.0421314948103826,0.999139297746776,False,down
WBGene00004502,0,0.9666666666666667,PFOS,-0.0421454246777889,0.999139297746776,False,down
WBGene00010812,0,1.0,PFOS,-0.0421694184849472,0.999139297746776,False,down
WBGene00015545,0,0.9666666666666667,PFOS,-0.042211075096789,0.999139297746776,False,down
WBGene00001161,0,1.0,PFOS,-0.0422179107710654,0.999139297746776,False,down
WBGene00020185,0,1.0,PFOS,-0.0422995517834544,0.999139297746776,False,down
WBGene00004738,0,1.0,PFOS,-0.0423510418038146,0.999139297746776,False,down
WBGene00011679,0,1.0,PFOS,-0.0424118240902216,0.999139297746776,False,down
WBGene00021277,0,1.0,PFOS,-0.0424567641507303,0.999139297746776,False,down
WBGene00017162,0,1.0,PFOS,-0.042482519857837,0.999139297746776,False,down
WBGene00019987,0,1.0,PFOS,-0.042497441493616,0.999139297746776,False,down
WBGene00012166,0,1.0,PFOS,-0.042937534998377,0.999139297746776,False,down
WBGene00007724,0,1.0,PFOS,-0.0430942234391438,0.999139297746776,False,down
WBGene00006496,0,1.0,PFOS,-0.0431170784695452,0.999139297746776,False,down
WBGene00010075,0,1.0,PFOS,-0.043207139547418,0.999139297746776,False,down
WBGene00013765,0,1.0,PFOS,-0.0432155661930858,0.999139297746776,False,down
WBGene00019679,0,1.0,PFOS,-0.0432432712563285,0.999139297746776,False,down
WBGene00004312,0,0.5,PFOS,-0.0433435072577793,0.999139297746776,False,down
WBGene00003622,0,1.0,PFOS,-0.0434813966125826,0.999139297746776,False,down
WBGene00001049,0,0.8,PFOS,-0.0435588682529981,0.999139297746776,False,down
WBGene00021486,0,1.0,PFOS,-0.0436846323948446,0.999139297746776,False,down
WBGene00015481,0,1.0,PFOS,-0.0437582541160405,0.999139297746776,False,down
WBGene00003133,0,1.0,PFOS,-0.0438263921628577,0.999139297746776,False,down
WBGene00015133,0,1.0,PFOS,-0.0438399294503459,0.999139297746776,False,down
WBGene00006724,0,1.0,PFOS,-0.0440849239115484,0.999139297746776,False,down
WBGene00017003,0,1.0,PFOS,-0.0444241553646219,0.999139297746776,False,down
WBGene00009330,0,1.0,PFOS,-0.0444297101026865,0.999139297746776,False,down
WBGene00015486,0,1.0,PFOS,-0.0448156387355233,0.999139297746776,False,down
WBGene00000940,0,1.0,PFOS,-0.0448489494178378,0.999139297746776,False,down
WBGene00004270,0,1.0,PFOS,-0.0448569558217691,0.999139297746776,False,down
WBGene00003061,0,1.0,PFOS,-0.0449760821700481,0.999139297746776,False,down
WBGene00016015,0,1.0,PFOS,-0.0450931630673226,0.999139297746776,False,down
WBGene00022129,0,0.9666666666666667,PFOS,-0.0451055721768827,0.999139297746776,False,down
WBGene00022075,0,1.0,PFOS,-0.0452877653082737,0.999139297746776,False,down
WBGene00011441,0,1.0,PFOS,-0.0454297395708266,0.999139297746776,False,down
WBGene00016964,0,0.8333333333333334,PFOS,-0.0457613291044474,0.999139297746776,False,down
WBGene00009084,0,1.0,PFOS,-0.0457770978881464,0.999139297746776,False,down
WBGene00012939,0,1.0,PFOS,-0.0458106534784858,0.999139297746776,False,down
WBGene00003923,0,0.9666666666666667,PFOS,-0.0458865935863531,0.999139297746776,False,down
WBGene00002247,0,1.0,PFOS,-0.0459448912061444,0.999139297746776,False,down
WBGene00013237,0,1.0,PFOS,-0.0461880442885519,0.999139297746776,False,down
WBGene00020442,0,0.9666666666666667,PFOS,-0.0462256354872191,0.999139297746776,False,down
WBGene00004326,0,1.0,PFOS,-0.0463037640359995,0.999139297746776,False,down
WBGene00010896,0,1.0,PFOS,-0.0463099599099397,0.999139297746776,False,down
WBGene00021392,0,1.0,PFOS,-0.0465310047098471,0.999139297746776,False,down
WBGene00010478,0,1.0,PFOS,-0.0467375621519661,0.999139297746776,False,down
WBGene00010033,0,1.0,PFOS,-0.0469164686112475,0.999139297746776,False,down
WBGene00003390,0,1.0,PFOS,-0.0469680901500998,0.999139297746776,False,down
WBGene00017154,0,1.0,PFOS,-0.0470153153948892,0.999139297746776,False,down
WBGene00000879,0,1.0,PFOS,-0.0472585006389813,0.999139297746776,False,down
WBGene00010847,0,1.0,PFOS,-0.0472706002104694,0.999139297746776,False,down
WBGene00011281,0,1.0,PFOS,-0.0473967599916575,0.999139297746776,False,down
WBGene00014177,0,1.0,PFOS,-0.0474290707414157,0.999139297746776,False,down
WBGene00006964,0,1.0,PFOS,-0.047496791376511,0.999139297746776,False,down
WBGene00000197,0,1.0,PFOS,-0.0476110022765649,0.999139297746776,False,down
WBGene00015734,0,1.0,PFOS,-0.0476164262279204,0.999139297746776,False,down
WBGene00017085,0,1.0,PFOS,-0.0477495894426434,0.999139297746776,False,down
WBGene00018046,0,1.0,PFOS,-0.0477848938285129,0.999139297746776,False,down
WBGene00021950,0,0.9333333333333333,PFOS,-0.0479079344625499,0.999139297746776,False,down
WBGene00018418,0,1.0,PFOS,-0.0479925336330504,0.999139297746776,False,down
WBGene00001042,0,1.0,PFOS,-0.0479988996325599,0.999139297746776,False,down
WBGene00001428,0,1.0,PFOS,-0.0480187694438942,0.999139297746776,False,down
WBGene00010582,0,1.0,PFOS,-0.048022224652648,0.999139297746776,False,down
WBGene00011059,0,1.0,PFOS,-0.0480694405507026,0.999139297746776,False,down
WBGene00015943,0,1.0,PFOS,-0.0481406233575785,0.999139297746776,False,down
WBGene00015104,0,1.0,PFOS,-0.0482049195958266,0.999139297746776,False,down
WBGene00007681,0,1.0,PFOS,-0.048362339106127,0.999139297746776,False,down
WBGene00021930,0,1.0,PFOS,-0.0484335306662429,0.999139297746776,False,down
WBGene00002003,0,1.0,PFOS,-0.0487055407180986,0.999139297746776,False,down
WBGene00012995,0,1.0,PFOS,-0.0487916008501944,0.999139297746776,False,down
WBGene00007101,0,1.0,PFOS,-0.0487966145816717,0.999139297746776,False,down
WBGene00016412,0,1.0,PFOS,-0.0488338296060137,0.999139297746776,False,down
WBGene00020274,0,1.0,PFOS,-0.048879484840851,0.999139297746776,False,down
WBGene00000877,0,1.0,PFOS,-0.0490524733266168,0.999139297746776,False,down
WBGene00017988,0,1.0,PFOS,-0.0490774509318689,0.999139297746776,False,down
WBGene00003829,0,1.0,PFOS,-0.0492971942712917,0.999139297746776,False,down
WBGene00003799,0,1.0,PFOS,-0.0493435021402081,0.999139297746776,False,down
WBGene00001209,0,1.0,PFOS,-0.049348946276181,0.999139297746776,False,down
WBGene00014083,0,1.0,PFOS,-0.0493988861744898,0.999139297746776,False,down
WBGene00003990,0,1.0,PFOS,-0.0494388770957936,0.999139297746776,False,down
WBGene00013238,0,1.0,PFOS,-0.049447651254276,0.999139297746776,False,down
WBGene00002079,0,1.0,PFOS,-0.0494478573619813,0.999139297746776,False,down
WBGene00012094,0,1.0,PFOS,-0.0496442038993705,0.999139297746776,False,down
WBGene00007564,0,1.0,PFOS,-0.0496983169921389,0.999139297746776,False,down
WBGene00003372,0,0.9333333333333333,PFOS,-0.0497371526524833,0.999139297746776,False,down
WBGene00009553,0,1.0,PFOS,-0.0497659359208901,0.999139297746776,False,down
WBGene00008431,0,0.7666666666666667,PFOS,-0.0497793719528896,0.999139297746776,False,down
WBGene00012830,0,1.0,PFOS,-0.0498263992852434,0.999139297746776,False,down
WBGene00021681,0,1.0,PFOS,-0.0499403375325801,0.999139297746776,False,down
WBGene00013219,0,1.0,PFOS,-0.0499882512942897,0.999139297746776,False,down
WBGene00018474,0,1.0,PFOS,-0.0500466126318205,0.999139297746776,False,down
WBGene00010833,0,0.9666666666666667,PFOS,-0.0500678155219729,0.999139297746776,False,down
WBGene00009981,0,1.0,PFOS,-0.0500909311620658,0.999139297746776,False,down
WBGene00008624,0,1.0,PFOS,-0.0502477933101852,0.999139297746776,False,down
WBGene00003931,0,1.0,PFOS,-0.0502524451986936,0.999139297746776,False,down
WBGene00016496,0,1.0,PFOS,-0.0502601816240602,0.999139297746776,False,down
WBGene00019762,0,1.0,PFOS,-0.0503583379593859,0.999139297746776,False,down
WBGene00010942,0,1.0,PFOS,-0.0503661638031997,0.999139297746776,False,down
WBGene00006647,0,1.0,PFOS,-0.0504099351181635,0.999139297746776,False,down
WBGene00012999,0,1.0,PFOS,-0.0507003052630507,0.999139297746776,False,down
WBGene00003803,0,1.0,PFOS,-0.0507932480713958,0.999139297746776,False,down
WBGene00003785,0,0.9666666666666667,PFOS,-0.0509023401816653,0.999139297746776,False,down
WBGene00012966,0,1.0,PFOS,-0.0514250490060431,0.999139297746776,False,down
WBGene00009939,0,1.0,PFOS,-0.051427633574054,0.999139297746776,False,down
WBGene00006787,0,1.0,PFOS,-0.0514655430820312,0.999139297746776,False,down
WBGene00012829,0,0.9333333333333333,PFOS,-0.051598085385872,0.999139297746776,False,down
WBGene00010627,0,1.0,PFOS,-0.0516412072911479,0.999139297746776,False,down
WBGene00013239,0,1.0,PFOS,-0.0516626896720837,0.999139297746776,False,down
WBGene00003939,0,0.8666666666666667,PFOS,-0.051813308285267,0.999139297746776,False,down
WBGene00012342,0,1.0,PFOS,-0.0519907595809718,0.999139297746776,False,down
WBGene00009118,0,1.0,PFOS,-0.0519945842826719,0.999139297746776,False,down
WBGene00002256,0,1.0,PFOS,-0.0525101774054992,0.999139297746776,False,down
WBGene00003144,0,0.9666666666666667,PFOS,-0.0525994367752445,0.999139297746776,False,down
WBGene00014222,0,0.9666666666666667,PFOS,-0.0526118773129249,0.999139297746776,False,down
WBGene00011740,0,1.0,PFOS,-0.0526346750014127,0.999139297746776,False,down
WBGene00016808,0,1.0,PFOS,-0.0526652991019612,0.999139297746776,False,down
WBGene00008722,0,1.0,PFOS,-0.0527623203094698,0.999139297746776,False,down
WBGene00012483,0,1.0,PFOS,-0.0527756433922591,0.999139297746776,False,down
WBGene00007284,0,1.0,PFOS,-0.052912105104365,0.999139297746776,False,down
WBGene00000123,0,1.0,PFOS,-0.0531472397863089,0.999139297746776,False,down
WBGene00001330,0,1.0,PFOS,-0.0532707966717784,0.999139297746776,False,down
WBGene00018830,0,1.0,PFOS,-0.0533505499383237,0.999139297746776,False,down
WBGene00011307,0,1.0,PFOS,-0.0534228816341233,0.999139297746776,False,down
WBGene00006921,0,0.9666666666666667,PFOS,-0.0534735963335888,0.999139297746776,False,down
WBGene00003989,0,1.0,PFOS,-0.0535617805494197,0.999139297746776,False,down
WBGene00020479,0,1.0,PFOS,-0.0535888987366979,0.999139297746776,False,down
WBGene00010720,0,1.0,PFOS,-0.0536385661625002,0.999139297746776,False,down
WBGene00003806,0,1.0,PFOS,-0.0537161464776913,0.999139297746776,False,down
WBGene00011037,0,1.0,PFOS,-0.0540197076954008,0.999139297746776,False,down
WBGene00017830,0,1.0,PFOS,-0.054021916018747,0.999139297746776,False,down
WBGene00007712,0,1.0,PFOS,-0.0540661566185977,0.999139297746776,False,down
WBGene00001309,0,1.0,PFOS,-0.0541281619534082,0.999139297746776,False,down
WBGene00007111,0,1.0,PFOS,-0.0542254824893329,0.999139297746776,False,down
WBGene00004874,0,1.0,PFOS,-0.0543442822475725,0.999139297746776,False,down
WBGene00007444,0,1.0,PFOS,-0.0544251605911855,0.999139297746776,False,down
WBGene00016664,0,1.0,PFOS,-0.0544533883183081,0.999139297746776,False,down
WBGene00015702,0,1.0,PFOS,-0.0545216982626624,0.999139297746776,False,down
WBGene00012740,0,1.0,PFOS,-0.0546898840501191,0.999139297746776,False,down
WBGene00003798,0,1.0,PFOS,-0.0548282895696316,0.999139297746776,False,down
WBGene00004702,0,1.0,PFOS,-0.0550819019576678,0.999139297746776,False,down
WBGene00018230,0,1.0,PFOS,-0.0552143861630252,0.999139297746776,False,down
WBGene00015687,0,0.9666666666666667,PFOS,-0.0554778323277738,0.999139297746776,False,down
WBGene00019693,0,1.0,PFOS,-0.0555803255496807,0.999139297746776,False,down
WBGene00021270,0,1.0,PFOS,-0.055868284054626,0.999139297746776,False,down
WBGene00011128,0,1.0,PFOS,-0.0560258965385267,0.999139297746776,False,down
WBGene00011928,0,1.0,PFOS,-0.0561842818975968,0.999139297746776,False,down
WBGene00004465,0,1.0,PFOS,-0.0562428039236294,0.999139297746776,False,down
WBGene00019663,0,1.0,PFOS,-0.0562586425122548,0.999139297746776,False,down
WBGene00012738,0,1.0,PFOS,-0.0562739160883862,0.999139297746776,False,down
WBGene00016588,0,1.0,PFOS,-0.0563145214841168,0.999139297746776,False,down
WBGene00010439,0,1.0,PFOS,-0.056389196535073,0.999139297746776,False,down
WBGene00012513,0,1.0,PFOS,-0.0564834328741165,0.999139297746776,False,down
WBGene00002219,0,1.0,PFOS,-0.0566042914794521,0.999139297746776,False,down
WBGene00019678,0,1.0,PFOS,-0.0566214997581831,0.999139297746776,False,down
WBGene00011349,0,1.0,PFOS,-0.0566623815687222,0.999139297746776,False,down
WBGene00010032,0,1.0,PFOS,-0.0567232959881436,0.999139297746776,False,down
WBGene00001029,0,1.0,PFOS,-0.05672728545386,0.999139297746776,False,down
WBGene00008571,0,1.0,PFOS,-0.056770049792089,0.999139297746776,False,down
WBGene00012658,0,1.0,PFOS,-0.0567934785601367,0.999139297746776,False,down
WBGene00003254,0,0.8333333333333334,PFOS,-0.0568977050062249,0.999139297746776,False,down
WBGene00006565,0,1.0,PFOS,-0.0570280091496232,0.999139297746776,False,down
WBGene00000106,0,1.0,PFOS,-0.0571546115085417,0.999139297746776,False,down
WBGene00004228,0,1.0,PFOS,-0.0572467529260831,0.999139297746776,False,down
WBGene00022463,0,1.0,PFOS,-0.0573672839819993,0.999139297746776,False,down
WBGene00003801,0,1.0,PFOS,-0.0574111324832377,0.999139297746776,False,down
WBGene00010670,0,1.0,PFOS,-0.0574365753677839,0.999139297746776,False,down
WBGene00008605,0,1.0,PFOS,-0.0574546023715208,0.999139297746776,False,down
WBGene00000765,0,1.0,PFOS,-0.0575703536203344,0.999139297746776,False,down
WBGene00006367,0,1.0,PFOS,-0.0576452068797983,0.999139297746776,False,down
WBGene00009559,0,1.0,PFOS,-0.0577079197909455,0.999139297746776,False,down
WBGene00001232,0,1.0,PFOS,-0.0578238968703489,0.999139297746776,False,down
WBGene00018533,0,1.0,PFOS,-0.0579109664615891,0.999139297746776,False,down
WBGene00022122,0,1.0,PFOS,-0.0580219632322375,0.999139297746776,False,down
WBGene00000961,0,0.9333333333333333,PFOS,-0.0580395893196975,0.999139297746776,False,down
WBGene00022146,0,1.0,PFOS,-0.0583200247779947,0.999139297746776,False,down
WBGene00001637,0,1.0,PFOS,-0.0583904711200287,0.999139297746776,False,down
WBGene00019654,0,0.9666666666666667,PFOS,-0.058426731829105,0.999139297746776,False,down
WBGene00022531,0,1.0,PFOS,-0.0585183882201756,0.999139297746776,False,down
WBGene00007402,0,1.0,PFOS,-0.0585769822079478,0.999139297746776,False,down
WBGene00019510,0,1.0,PFOS,-0.0585952432732097,0.999139297746776,False,down
WBGene00006515,0,1.0,PFOS,-0.0588294938758827,0.999139297746776,False,down
WBGene00019481,0,1.0,PFOS,-0.0590236710012863,0.999139297746776,False,down
WBGene00008205,0,1.0,PFOS,-0.059081249679167,0.999139297746776,False,down
WBGene00016055,0,1.0,PFOS,-0.0591829808967718,0.999139297746776,False,down
WBGene00002077,0,1.0,PFOS,-0.0593813011493507,0.999139297746776,False,down
WBGene00012469,0,1.0,PFOS,-0.0594476447706296,0.999139297746776,False,down
WBGene00017571,0,1.0,PFOS,-0.0595080312247591,0.999139297746776,False,down
WBGene00003482,0,1.0,PFOS,-0.059515064414892,0.999139297746776,False,down
WBGene00012126,0,1.0,PFOS,-0.0595816405493326,0.999139297746776,False,down
WBGene00020273,0,1.0,PFOS,-0.0596603303730924,0.999139297746776,False,down
WBGene00012361,0,1.0,PFOS,-0.0596659916126359,0.999139297746776,False,down
WBGene00019627,0,0.9666666666666667,PFOS,-0.0596723756079653,0.999139297746776,False,down
WBGene00003815,0,1.0,PFOS,-0.0597257929708861,0.999139297746776,False,down
WBGene00000165,0,1.0,PFOS,-0.0597922820034271,0.999139297746776,False,down
WBGene00016918,0,1.0,PFOS,-0.0598374945070745,0.999139297746776,False,down
WBGene00019220,0,1.0,PFOS,-0.0598588858890643,0.999139297746776,False,down
WBGene00002998,0,1.0,PFOS,-0.0599586302781762,0.999139297746776,False,down
WBGene00019800,0,1.0,PFOS,-0.0599954008279211,0.999139297746776,False,down
WBGene00017064,0,1.0,PFOS,-0.0600808147547177,0.999139297746776,False,down
WBGene00002027,0,1.0,PFOS,-0.0601203579021257,0.999139297746776,False,down
WBGene00012018,0,1.0,PFOS,-0.0604718544796652,0.999139297746776,False,down
WBGene00000766,0,1.0,PFOS,-0.0606106333753419,0.999139297746776,False,down
WBGene00012713,0,1.0,PFOS,-0.0606475210030499,0.999139297746776,False,down
WBGene00013924,0,1.0,PFOS,-0.0607793105013471,0.999139297746776,False,down
WBGene00003950,0,0.9666666666666667,PFOS,-0.0607972789544816,0.999139297746776,False,down
WBGene00021133,0,1.0,PFOS,-0.0609635410129146,0.999139297746776,False,down
WBGene00012964,0,1.0,PFOS,-0.0609922672055433,0.999139297746776,False,down
WBGene00012659,0,1.0,PFOS,-0.0610554036264782,0.999139297746776,False,down
WBGene00021960,0,1.0,PFOS,-0.061140613266679,0.999139297746776,False,down
WBGene00007312,0,1.0,PFOS,-0.0613600507860957,0.999139297746776,False,down
WBGene00007443,0,1.0,PFOS,-0.0615408351646472,0.999139297746776,False,down
WBGene00021088,0,1.0,PFOS,-0.0616882875368669,0.999139297746776,False,down
WBGene00017534,0,1.0,PFOS,-0.0618520928324395,0.999139297746776,False,down
WBGene00022862,0,1.0,PFOS,-0.0621920582382535,0.999139297746776,False,down
WBGene00019333,0,0.9333333333333333,PFOS,-0.0624009151628053,0.999139297746776,False,down
WBGene00021963,0,1.0,PFOS,-0.0624328555944479,0.999139297746776,False,down
WBGene00012205,0,1.0,PFOS,-0.0624612936248547,0.999139297746776,False,down
WBGene00003738,0,1.0,PFOS,-0.0625207470383761,0.999139297746776,False,down
WBGene00003904,0,1.0,PFOS,-0.0625829806656174,0.999139297746776,False,down
WBGene00003925,0,1.0,PFOS,-0.0625839683139992,0.999139297746776,False,down
WBGene00018900,0,0.9666666666666667,PFOS,-0.0626344694576352,0.999139297746776,False,down
WBGene00003893,0,1.0,PFOS,-0.0628764849093104,0.999139297746776,False,down
WBGene00001113,0,1.0,PFOS,-0.063287576310728,0.999139297746776,False,down
WBGene00013435,0,1.0,PFOS,-0.0633547919192076,0.999139297746776,False,down
WBGene00003036,0,1.0,PFOS,-0.0634723204706773,0.999139297746776,False,down
WBGene00006481,0,1.0,PFOS,-0.0634858484300669,0.999139297746776,False,down
WBGene00017044,0,1.0,PFOS,-0.0634907167766694,0.999139297746776,False,down
WBGene00044323,0,1.0,PFOS,-0.0639051144439791,0.999139297746776,False,down
WBGene00009922,0,0.9333333333333333,PFOS,-0.064018234788855,0.999139297746776,False,down
WBGene00019162,0,1.0,PFOS,-0.0641063821329573,0.999139297746776,False,down
WBGene00001331,0,1.0,PFOS,-0.0643717659708006,0.999139297746776,False,down
WBGene00010709,0,0.6333333333333333,PFOS,-0.0644193018895996,0.999139297746776,False,down
WBGene00021829,0,1.0,PFOS,-0.0644605787548293,0.999139297746776,False,down
WBGene00017984,0,1.0,PFOS,-0.0645133816216104,0.999139297746776,False,down
WBGene00017960,0,1.0,PFOS,-0.0645330056228235,0.999139297746776,False,down
WBGene00003870,0,1.0,PFOS,-0.0647083898792123,0.999139297746776,False,down
WBGene00020110,0,1.0,PFOS,-0.0648482682721258,0.999139297746776,False,down
WBGene00009722,0,1.0,PFOS,-0.0648788723360359,0.999139297746776,False,down
WBGene00010738,0,1.0,PFOS,-0.0649136420729178,0.999139297746776,False,down
WBGene00003504,0,1.0,PFOS,-0.0649787215749426,0.999139297746776,False,down
WBGene00003796,0,1.0,PFOS,-0.0650732325725788,0.999139297746776,False,down
WBGene00013083,0,1.0,PFOS,-0.0651024821128523,0.999139297746776,False,down
WBGene00009444,0,1.0,PFOS,-0.0651841952551993,0.999139297746776,False,down
WBGene00019277,0,0.9666666666666667,PFOS,-0.0653202647455302,0.999139297746776,False,down
WBGene00185048,0,0.9666666666666667,PFOS,-0.0654739360009134,0.999139297746776,False,down
WBGene00008806,0,1.0,PFOS,-0.0655294921137643,0.999139297746776,False,down
WBGene00016411,0,1.0,PFOS,-0.0657708315319059,0.999139297746776,False,down
WBGene00022591,0,1.0,PFOS,-0.0658258129659772,0.999139297746776,False,down
WBGene00003012,0,1.0,PFOS,-0.066197063312762,0.999139297746776,False,down
WBGene00017062,0,1.0,PFOS,-0.0662696144441253,0.999139297746776,False,down
WBGene00022253,0,1.0,PFOS,-0.0662699863284243,0.999139297746776,False,down
WBGene00008107,0,1.0,PFOS,-0.0662895692232288,0.999139297746776,False,down
WBGene00021784,0,1.0,PFOS,-0.06640439983401,0.999139297746776,False,down
WBGene00008143,0,1.0,PFOS,-0.0667427636583688,0.999139297746776,False,down
WBGene00004952,0,1.0,PFOS,-0.0673052751983096,0.999139297746776,False,down
WBGene00003160,0,1.0,PFOS,-0.067409963139989,0.999139297746776,False,down
WBGene00018159,0,1.0,PFOS,-0.0674830589680358,0.999139297746776,False,down
WBGene00011883,0,0.5333333333333333,PFOS,-0.0675109509003472,0.999139297746776,False,down
WBGene00001068,0,1.0,PFOS,-0.0679066986617509,0.999139297746776,False,down
WBGene00004385,0,1.0,PFOS,-0.0680486843327627,0.999139297746776,False,down
WBGene00015267,0,1.0,PFOS,-0.0680514243299128,0.999139297746776,False,down
WBGene00011820,0,1.0,PFOS,-0.0683208772086255,0.999139297746776,False,down
WBGene00009045,0,1.0,PFOS,-0.0684892150778048,0.999139297746776,False,down
WBGene00010056,0,1.0,PFOS,-0.0685162806886686,0.999139297746776,False,down
WBGene00001073,0,1.0,PFOS,-0.068518257004605,0.999139297746776,False,down
WBGene00015391,0,0.5333333333333333,PFOS,-0.0685650378590257,0.999139297746776,False,down
WBGene00006640,0,1.0,PFOS,-0.0685695715270881,0.999139297746776,False,down
WBGene00003400,0,1.0,PFOS,-0.0687489392052731,0.999139297746776,False,down
WBGene00007105,0,1.0,PFOS,-0.0691164509102545,0.999139297746776,False,down
WBGene00019820,0,1.0,PFOS,-0.0691833350109661,0.999139297746776,False,down
WBGene00008714,0,1.0,PFOS,-0.0693351959894172,0.999139297746776,False,down
WBGene00001094,0,1.0,PFOS,-0.0696427002560977,0.999139297746776,False,down
WBGene00001869,0,1.0,PFOS,-0.0697657992662605,0.999139297746776,False,down
WBGene00002637,0,1.0,PFOS,-0.069924641277578,0.999139297746776,False,down
WBGene00015464,0,1.0,PFOS,-0.0700513372044625,0.999139297746776,False,down
WBGene00011408,0,1.0,PFOS,-0.0700732722690564,0.999139297746776,False,down
WBGene00000236,0,1.0,PFOS,-0.0701822174348642,0.999139297746776,False,down
WBGene00022103,0,1.0,PFOS,-0.070446174424774,0.999139297746776,False,down
WBGene00004248,0,1.0,PFOS,-0.0705107967718197,0.999139297746776,False,down
WBGene00017746,0,1.0,PFOS,-0.0707887080869331,0.999139297746776,False,down
WBGene00021004,0,1.0,PFOS,-0.0709453238373447,0.999139297746776,False,down
WBGene00009880,0,1.0,PFOS,-0.0709825677075941,0.999139297746776,False,down
WBGene00006408,0,1.0,PFOS,-0.0712656206396608,0.999139297746776,False,down
WBGene00000206,0,1.0,PFOS,-0.0712784993875326,0.999139297746776,False,down
WBGene00007152,0,1.0,PFOS,-0.071627572371948,0.999139297746776,False,down
WBGene00019076,0,1.0,PFOS,-0.071801956656322,0.999139297746776,False,down
WBGene00006536,0,1.0,PFOS,-0.0718639435292885,0.999139297746776,False,down
WBGene00003791,0,1.0,PFOS,-0.0720012275056278,0.999139297746776,False,down
WBGene00022121,0,0.7,PFOS,-0.0721547818939768,0.999139297746776,False,down
WBGene00021093,0,1.0,PFOS,-0.0722468128435259,0.999139297746776,False,down
WBGene00020742,0,1.0,PFOS,-0.0722936717207627,0.999139297746776,False,down
WBGene00002000,0,1.0,PFOS,-0.0724024195144145,0.999139297746776,False,down
WBGene00019994,0,1.0,PFOS,-0.0725234546008704,0.999139297746776,False,down
WBGene00008123,0,1.0,PFOS,-0.0726411552058226,0.999139297746776,False,down
WBGene00001570,0,1.0,PFOS,-0.0728140064542649,0.999139297746776,False,down
WBGene00022759,0,0.9,PFOS,-0.0729017507363622,0.999139297746776,False,down
WBGene00012992,0,1.0,PFOS,-0.0732704536151768,0.999139297746776,False,down
WBGene00006528,0,1.0,PFOS,-0.0734062979182878,0.999139297746776,False,down
WBGene00020808,0,1.0,PFOS,-0.0734495300638602,0.999139297746776,False,down
WBGene00016749,0,1.0,PFOS,-0.0735859782385356,0.999139297746776,False,down
WBGene00013835,0,1.0,PFOS,-0.0737292977047836,0.999139297746776,False,down
WBGene00006393,0,1.0,PFOS,-0.073792088558086,0.999139297746776,False,down
WBGene00001816,0,1.0,PFOS,-0.0743863264265371,0.999139297746776,False,down
WBGene00022835,0,0.7,PFOS,-0.0746527295673662,0.999139297746776,False,down
WBGene00015461,0,1.0,PFOS,-0.0747979052797345,0.999139297746776,False,down
WBGene00018853,0,1.0,PFOS,-0.0748360806072357,0.999139297746776,False,down
WBGene00004305,0,1.0,PFOS,-0.074839777327839,0.999139297746776,False,down
WBGene00044069,0,1.0,PFOS,-0.0749443717730336,0.999139297746776,False,down
WBGene00021466,0,1.0,PFOS,-0.0752504511969345,0.999139297746776,False,down
WBGene00022851,0,1.0,PFOS,-0.0754794751175702,0.999139297746776,False,down
WBGene00018897,0,1.0,PFOS,-0.0754838623704718,0.999139297746776,False,down
WBGene00020171,0,1.0,PFOS,-0.0755826518991153,0.999139297746776,False,down
WBGene00000941,0,1.0,PFOS,-0.0756732062456959,0.999139297746776,False,down
WBGene00004302,0,1.0,PFOS,-0.0756915256968463,0.999139297746776,False,down
WBGene00022734,0,1.0,PFOS,-0.0757701772857003,0.999139297746776,False,down
WBGene00003794,0,1.0,PFOS,-0.0757979313124099,0.999139297746776,False,down
WBGene00017738,0,1.0,PFOS,-0.07606036974421,0.999139297746776,False,down
WBGene00011831,0,1.0,PFOS,-0.0764995090638259,0.999139297746776,False,down
WBGene00021919,0,1.0,PFOS,-0.0770294197568734,0.999139297746776,False,down
WBGene00016653,0,1.0,PFOS,-0.0770521098872615,0.999139297746776,False,down
WBGene00015075,0,1.0,PFOS,-0.0771299723396804,0.999139297746776,False,down
WBGene00021921,0,0.9666666666666667,PFOS,-0.0773983883604956,0.999139297746776,False,down
WBGene00016195,0,1.0,PFOS,-0.0775038318741286,0.999139297746776,False,down
WBGene00013674,0,1.0,PFOS,-0.0777068189342252,0.999139297746776,False,down
WBGene00018744,0,1.0,PFOS,-0.0777226475128297,0.999139297746776,False,down
WBGene00016837,0,1.0,PFOS,-0.0777827658971434,0.999139297746776,False,down
WBGene00006723,0,1.0,PFOS,-0.0779588571837076,0.999139297746776,False,down
WBGene00004917,0,1.0,PFOS,-0.0780711580454728,0.999139297746776,False,down
WBGene00019537,0,1.0,PFOS,-0.0781893774914241,0.999139297746776,False,down
WBGene00011239,0,1.0,PFOS,-0.0782148509508144,0.999139297746776,False,down
WBGene00022816,0,1.0,PFOS,-0.0782532108586565,0.999139297746776,False,down
WBGene00021563,0,1.0,PFOS,-0.0783869732064943,0.999139297746776,False,down
WBGene00013339,0,1.0,PFOS,-0.0784919300469261,0.999139297746776,False,down
WBGene00011318,0,1.0,PFOS,-0.0785853466692418,0.999139297746776,False,down
WBGene00009051,0,1.0,PFOS,-0.0786289830412174,0.999139297746776,False,down
WBGene00018064,0,0.9,PFOS,-0.0787925851171236,0.999139297746776,False,down
WBGene00006319,0,0.9333333333333333,PFOS,-0.0795966869163509,0.999139297746776,False,down
WBGene00018679,0,1.0,PFOS,-0.0806156491917688,0.999139297746776,False,down
WBGene00002879,0,1.0,PFOS,-0.0807264165921181,0.999139297746776,False,down
WBGene00011447,0,1.0,PFOS,-0.0809321345934985,0.999139297746776,False,down
WBGene00001431,0,1.0,PFOS,-0.081163621443556,0.999139297746776,False,down
WBGene00003158,0,1.0,PFOS,-0.0813266678671909,0.999139297746776,False,down
WBGene00013407,0,1.0,PFOS,-0.0816304758909887,0.999139297746776,False,down
WBGene00017328,0,1.0,PFOS,-0.0817065899175835,0.999139297746776,False,down
WBGene00009627,0,1.0,PFOS,-0.081841789333153,0.999139297746776,False,down
WBGene00013790,0,1.0,PFOS,-0.0821331480564074,0.999139297746776,False,down
WBGene00010725,0,1.0,PFOS,-0.0826355267187976,0.999139297746776,False,down
WBGene00004723,0,1.0,PFOS,-0.0827652805395241,0.999139297746776,False,down
WBGene00004701,0,1.0,PFOS,-0.0827838703203425,0.999139297746776,False,down
WBGene00044063,0,1.0,PFOS,-0.0828685648133576,0.999139297746776,False,down
WBGene00009342,0,1.0,PFOS,-0.0831697087452771,0.999139297746776,False,down
WBGene00003079,0,1.0,PFOS,-0.0832755401239699,0.999139297746776,False,down
WBGene00021420,0,1.0,PFOS,-0.0832908157660936,0.999139297746776,False,down
WBGene00011694,0,1.0,PFOS,-0.0835946765846589,0.999139297746776,False,down
WBGene00003229,0,1.0,PFOS,-0.0836249268740371,0.999139297746776,False,down
WBGene00017238,0,1.0,PFOS,-0.0837678955614669,0.999139297746776,False,down
WBGene00007684,0,0.8666666666666667,PFOS,-0.0841130160225776,0.999139297746776,False,down
WBGene00014153,0,1.0,PFOS,-0.08413575156393,0.999139297746776,False,down
WBGene00045078,0,1.0,PFOS,-0.0842011041667032,0.999139297746776,False,down
WBGene00012363,0,0.8333333333333334,PFOS,-0.0842981013246924,0.999139297746776,False,down
WBGene00010834,0,1.0,PFOS,-0.0843518362998346,0.999139297746776,False,down
WBGene00017317,0,1.0,PFOS,-0.0844342978790138,0.999139297746776,False,down
WBGene00006795,0,1.0,PFOS,-0.0844806367210423,0.999139297746776,False,down
WBGene00004914,0,1.0,PFOS,-0.0848686110386287,0.999139297746776,False,down
WBGene00013532,0,1.0,PFOS,-0.0848791441388259,0.999139297746776,False,down
WBGene00001016,0,1.0,PFOS,-0.0849107878692185,0.999139297746776,False,down
WBGene00009367,0,1.0,PFOS,-0.0850454066511588,0.999139297746776,False,down
WBGene00022188,0,1.0,PFOS,-0.08512438752668,0.999139297746776,False,down
WBGene00012804,0,1.0,PFOS,-0.0853125523870606,0.999139297746776,False,down
WBGene00007400,0,1.0,PFOS,-0.0855507148091505,0.999139297746776,False,down
WBGene00010230,0,1.0,PFOS,-0.0857401443731222,0.999139297746776,False,down
WBGene00015233,0,1.0,PFOS,-0.0859812668999639,0.999139297746776,False,down
WBGene00019900,0,1.0,PFOS,-0.085988829201262,0.999139297746776,False,down
WBGene00009132,0,1.0,PFOS,-0.0861644505886069,0.999139297746776,False,down
WBGene00000209,0,1.0,PFOS,-0.086271210058364,0.999139297746776,False,down
WBGene00004704,0,1.0,PFOS,-0.0863222805746625,0.999139297746776,False,down
WBGene00003805,0,1.0,PFOS,-0.0863841365894553,0.999139297746776,False,down
WBGene00002110,0,1.0,PFOS,-0.0864168627162369,0.999139297746776,False,down
WBGene00011393,0,1.0,PFOS,-0.0865858539305661,0.999139297746776,False,down
WBGene00002497,0,1.0,PFOS,-0.0866588797320965,0.999139297746776,False,down
WBGene00013482,0,1.0,PFOS,-0.0873088963817322,0.999139297746776,False,down
WBGene00017774,0,1.0,PFOS,-0.0874863644001076,0.999139297746776,False,down
WBGene00011908,0,1.0,PFOS,-0.087614853515362,0.999139297746776,False,down
WBGene00003119,0,1.0,PFOS,-0.0876980777640898,0.999139297746776,False,down
WBGene00021475,0,1.0,PFOS,-0.0879934580395799,0.999139297746776,False,down
WBGene00010616,0,1.0,PFOS,-0.0883430791782087,0.999139297746776,False,down
WBGene00013038,0,1.0,PFOS,-0.0885842439086339,0.999139297746776,False,down
WBGene00009653,0,1.0,PFOS,-0.0885904217988259,0.999139297746776,False,down
WBGene00003795,0,1.0,PFOS,-0.0888087913963877,0.999139297746776,False,down
WBGene00011734,0,0.8333333333333334,PFOS,-0.0890935284800011,0.999139297746776,False,down
WBGene00003405,0,1.0,PFOS,-0.0891194296448568,0.999139297746776,False,down
WBGene00007479,0,1.0,PFOS,-0.0895061247160543,0.999139297746776,False,down
WBGene00018967,0,1.0,PFOS,-0.0895215948827594,0.999139297746776,False,down
WBGene00013321,0,1.0,PFOS,-0.0896362911053294,0.999139297746776,False,down
WBGene00021815,0,1.0,PFOS,-0.08988422389816,0.999139297746776,False,down
WBGene00020089,0,1.0,PFOS,-0.090248709679615,0.999139297746776,False,down
WBGene00013531,0,1.0,PFOS,-0.0910257335382716,0.999139297746776,False,down
WBGene00019819,0,0.9333333333333333,PFOS,-0.0910705524193703,0.999139297746776,False,down
WBGene00011856,0,0.5666666666666667,PFOS,-0.0911407178854682,0.999139297746776,False,down
WBGene00014205,0,1.0,PFOS,-0.0914273479044864,0.999139297746776,False,down
WBGene00000369,0,1.0,PFOS,-0.091436573170299,0.999139297746776,False,down
WBGene00021883,0,1.0,PFOS,-0.0914523925248751,0.999139297746776,False,down
WBGene00014176,0,1.0,PFOS,-0.0922287633790136,0.999139297746776,False,down
WBGene00021026,0,1.0,PFOS,-0.0924368251282651,0.999139297746776,False,down
WBGene00008458,0,1.0,PFOS,-0.0929055618802677,0.999139297746776,False,down
WBGene00017447,0,0.9666666666666667,PFOS,-0.0929448479026817,0.999139297746776,False,down
WBGene00020868,0,1.0,PFOS,-0.0931112927435824,0.999139297746776,False,down
WBGene00019498,0,1.0,PFOS,-0.0938780512969806,0.999139297746776,False,down
WBGene00004703,0,1.0,PFOS,-0.0941204416295655,0.999139297746776,False,down
WBGene00001035,0,1.0,PFOS,-0.0942138876019927,0.999139297746776,False,down
WBGene00000064,0,1.0,PFOS,-0.0946616888174572,0.999139297746776,False,down
WBGene00004387,0,1.0,PFOS,-0.0950136503627601,0.999139297746776,False,down
WBGene00013156,0,1.0,PFOS,-0.0954148479884886,0.999139297746776,False,down
WBGene00003730,0,1.0,PFOS,-0.0955558640361935,0.999139297746776,False,down
WBGene00005022,0,1.0,PFOS,-0.0961232135713394,0.999139297746776,False,down
WBGene00022765,0,1.0,PFOS,-0.0962962559892916,0.999139297746776,False,down
WBGene00001840,0,1.0,PFOS,-0.0963990577630738,0.999139297746776,False,down
WBGene00012650,0,1.0,PFOS,-0.0968038068027482,0.999139297746776,False,down
WBGene00000065,0,1.0,PFOS,-0.0968308531738146,0.999139297746776,False,down
WBGene00044324,0,1.0,PFOS,-0.0971032371337173,0.999139297746776,False,down
WBGene00003587,0,1.0,PFOS,-0.0973948819436449,0.999139297746776,False,down
WBGene00004955,0,1.0,PFOS,-0.0974035781604106,0.999139297746776,False,down
WBGene00013268,0,1.0,PFOS,-0.0974727980793875,0.999139297746776,False,down
WBGene00001566,0,1.0,PFOS,-0.0975708693291284,0.999139297746776,False,down
WBGene00015298,0,1.0,PFOS,-0.0976731741209318,0.999139297746776,False,down
WBGene00009078,0,0.9666666666666667,PFOS,-0.0979562173110632,0.999139297746776,False,down
WBGene00018778,0,1.0,PFOS,-0.0989191838469834,0.999139297746776,False,down
WBGene00009133,0,1.0,PFOS,-0.0989821839800009,0.999139297746776,False,down
WBGene00045246,0,1.0,PFOS,-0.0992590908635889,0.999139297746776,False,down
WBGene00012723,0,1.0,PFOS,-0.099567936274808,0.999139297746776,False,down
WBGene00000515,0,1.0,PFOS,-0.0995770037035093,0.999139297746776,False,down
WBGene00015404,0,1.0,PFOS,-0.0995817216216444,0.999139297746776,False,down
WBGene00012628,0,1.0,PFOS,-0.0996048128229478,0.999139297746776,False,down
WBGene00001427,0,1.0,PFOS,-0.100179155298796,0.999139297746776,False,down
WBGene00015954,0,1.0,PFOS,-0.10045583254522,0.999139297746776,False,down
WBGene00012236,0,0.9,PFOS,-0.100472794086985,0.999139297746776,False,down
WBGene00001281,0,0.9666666666666667,PFOS,-0.10080079075191,0.999139297746776,False,down
WBGene00016142,0,1.0,PFOS,-0.100877482851381,0.999139297746776,False,down
WBGene00004915,0,1.0,PFOS,-0.101175736812522,0.999139297746776,False,down
WBGene00001061,0,1.0,PFOS,-0.101419724836624,0.999139297746776,False,down
WBGene00003962,0,1.0,PFOS,-0.101431420829547,0.999139297746776,False,down
WBGene00008642,0,1.0,PFOS,-0.10160924746001,0.999139297746776,False,down
WBGene00005078,0,1.0,PFOS,-0.101619642240123,0.999139297746776,False,down
WBGene00020902,0,1.0,PFOS,-0.102136288924595,0.999139297746776,False,down
WBGene00005011,0,1.0,PFOS,-0.102981338443401,0.999139297746776,False,down
WBGene00003162,0,1.0,PFOS,-0.103079087210729,0.999139297746776,False,down
WBGene00009368,0,1.0,PFOS,-0.103104312732481,0.999139297746776,False,down
WBGene00012722,0,1.0,PFOS,-0.103313132349492,0.999139297746776,False,down
WBGene00007501,0,1.0,PFOS,-0.103553524204325,0.999139297746776,False,down
WBGene00018743,0,1.0,PFOS,-0.104197132142041,0.999139297746776,False,down
WBGene00007971,0,1.0,PFOS,-0.10470354656241,0.999139297746776,False,down
WBGene00009163,0,1.0,PFOS,-0.104709812775996,0.999139297746776,False,down
WBGene00017990,0,1.0,PFOS,-0.104862108558858,0.999139297746776,False,down
WBGene00000773,0,1.0,PFOS,-0.104997462808268,0.999139297746776,False,down
WBGene00022107,0,1.0,PFOS,-0.105007350164839,0.999139297746776,False,down
WBGene00000080,0,0.5333333333333333,PFOS,-0.105045394182365,0.999139297746776,False,down
WBGene00000702,0,1.0,PFOS,-0.105346914073341,0.999139297746776,False,down
WBGene00011440,0,0.5333333333333333,PFOS,-0.105432139468877,0.999139297746776,False,down
WBGene00018656,0,1.0,PFOS,-0.10544374971435,0.999139297746776,False,down
WBGene00004229,0,1.0,PFOS,-0.106183253728579,0.999139297746776,False,down
WBGene00009740,0,1.0,PFOS,-0.10623426400047,0.999139297746776,False,down
WBGene00004699,0,1.0,PFOS,-0.106391170377648,0.999139297746776,False,down
WBGene00008330,0,0.5666666666666667,PFOS,-0.106450873752666,0.999139297746776,False,down
WBGene00003836,0,1.0,PFOS,-0.106487745940963,0.999139297746776,False,down
WBGene00009094,0,1.0,PFOS,-0.106689982880846,0.999139297746776,False,down
WBGene00016133,0,1.0,PFOS,-0.106832678599275,0.999139297746776,False,down
WBGene00019760,0,1.0,PFOS,-0.107313820443657,0.999139297746776,False,down
WBGene00016746,0,1.0,PFOS,-0.107513725386109,0.999139297746776,False,down
WBGene00023500,0,1.0,PFOS,-0.107519228615538,0.999139297746776,False,down
WBGene00021546,0,0.9666666666666667,PFOS,-0.107523058666599,0.999139297746776,False,down
WBGene00007685,0,0.9333333333333333,PFOS,-0.108178435206677,0.999139297746776,False,down
WBGene00000992,0,1.0,PFOS,-0.108362859540996,0.999139297746776,False,down
WBGene00008987,0,1.0,PFOS,-0.108632094523425,0.999139297746776,False,down
WBGene00006537,0,1.0,PFOS,-0.108795200704604,0.999139297746776,False,down
WBGene00044138,0,1.0,PFOS,-0.109063323780088,0.999139297746776,False,down
WBGene00006534,0,1.0,PFOS,-0.109182520519751,0.999139297746776,False,down
WBGene00014224,0,1.0,PFOS,-0.109273765516206,0.999139297746776,False,down
WBGene00018362,0,1.0,PFOS,-0.109372420734484,0.999139297746776,False,down
WBGene00015268,0,1.0,PFOS,-0.109541734170445,0.999139297746776,False,down
WBGene00004340,0,1.0,PFOS,-0.1099304794731,0.999139297746776,False,down
WBGene00022458,0,1.0,PFOS,-0.110100648263211,0.999139297746776,False,down
WBGene00009731,0,1.0,PFOS,-0.110159800568614,0.999139297746776,False,down
WBGene00001002,0,1.0,PFOS,-0.11073030411599,0.999139297746776,False,down
WBGene00019322,0,1.0,PFOS,-0.111107151593635,0.999139297746776,False,down
WBGene00001423,0,1.0,PFOS,-0.11130977712996,0.999139297746776,False,down
WBGene00019426,0,1.0,PFOS,-0.11155263677238,0.999139297746776,False,down
WBGene00003577,0,1.0,PFOS,-0.112378403422954,0.999139297746776,False,down
WBGene00015523,0,1.0,PFOS,-0.112451482101775,0.999139297746776,False,down
WBGene00003410,0,1.0,PFOS,-0.112654038356685,0.999139297746776,False,down
WBGene00000896,0,1.0,PFOS,-0.112880216504842,0.999139297746776,False,down
WBGene00009818,0,1.0,PFOS,-0.11297527484581,0.999139297746776,False,down
WBGene00007934,0,1.0,PFOS,-0.113366655941264,0.999139297746776,False,down
WBGene00011272,0,1.0,PFOS,-0.113429584542483,0.999139297746776,False,down
WBGene00019246,0,1.0,PFOS,-0.113661325314236,0.999139297746776,False,down
WBGene00015472,0,1.0,PFOS,-0.113967091636102,0.999139297746776,False,down
WBGene00000238,0,1.0,PFOS,-0.114067994114688,0.999139297746776,False,down
WBGene00001950,0,1.0,PFOS,-0.114393932569027,0.999139297746776,False,down
WBGene00019087,0,1.0,PFOS,-0.114415030841708,0.999139297746776,False,down
WBGene00007616,0,1.0,PFOS,-0.114779032636475,0.999139297746776,False,down
WBGene00000179,0,1.0,PFOS,-0.114892602839501,0.999139297746776,False,down
WBGene00004388,0,1.0,PFOS,-0.115355357798407,0.999139297746776,False,down
WBGene00002273,0,0.9333333333333333,PFOS,-0.115755055505577,0.999139297746776,False,down
WBGene00302993,0,1.0,PFOS,-0.115788130449584,0.999139297746776,False,down
WBGene00195248,0,1.0,PFOS,-0.115954436556615,0.999139297746776,False,down
WBGene00003062,0,1.0,PFOS,-0.116359870822235,0.999139297746776,False,down
WBGene00002037,0,1.0,PFOS,-0.116365384720937,0.999139297746776,False,down
WBGene00005014,0,0.9333333333333333,PFOS,-0.116395392548355,0.999139297746776,False,down
WBGene00009123,0,1.0,PFOS,-0.116412224651057,0.999139297746776,False,down
WBGene00004700,0,1.0,PFOS,-0.116428945575395,0.999139297746776,False,down
WBGene00011142,0,0.9666666666666667,PFOS,-0.116501027420021,0.999139297746776,False,down
WBGene00015620,0,1.0,PFOS,-0.116644258044025,0.999139297746776,False,down
WBGene00022160,0,1.0,PFOS,-0.116857516739107,0.999139297746776,False,down
WBGene00019947,0,1.0,PFOS,-0.117119705047294,0.999139297746776,False,down
WBGene00009620,0,1.0,PFOS,-0.117430574477875,0.999139297746776,False,down
WBGene00015941,0,1.0,PFOS,-0.117756561117543,0.999139297746776,False,down
WBGene00012997,0,1.0,PFOS,-0.118427703679104,0.999139297746776,False,down
WBGene00018762,0,1.0,PFOS,-0.118839598564652,0.999139297746776,False,down
WBGene00023419,0,1.0,PFOS,-0.11893599930483,0.999139297746776,False,down
WBGene00007186,0,1.0,PFOS,-0.119128308904472,0.999139297746776,False,down
WBGene00020107,0,1.0,PFOS,-0.119216863985622,0.999139297746776,False,down
WBGene00021347,0,1.0,PFOS,-0.119592776243924,0.999139297746776,False,down
WBGene00017546,0,1.0,PFOS,-0.120447847041477,0.999139297746776,False,down
WBGene00011247,0,1.0,PFOS,-0.120545607546092,0.999139297746776,False,down
WBGene00010785,0,1.0,PFOS,-0.120906659211871,0.999139297746776,False,down
WBGene00004737,0,1.0,PFOS,-0.120966723465211,0.999139297746776,False,down
WBGene00003018,0,1.0,PFOS,-0.121173880849696,0.999139297746776,False,down
WBGene00012972,0,1.0,PFOS,-0.121201265356763,0.999139297746776,False,down
WBGene00011744,0,0.8,PFOS,-0.121744276163805,0.999139297746776,False,down
WBGene00009980,0,1.0,PFOS,-0.122121209870047,0.999139297746776,False,down
WBGene00012909,0,1.0,PFOS,-0.122190735707455,0.999139297746776,False,down
WBGene00003080,0,1.0,PFOS,-0.122290338582966,0.999139297746776,False,down
WBGene00044631,0,1.0,PFOS,-0.122381437107608,0.999139297746776,False,down
WBGene00021149,0,1.0,PFOS,-0.122627203483024,0.999139297746776,False,down
WBGene00022232,0,1.0,PFOS,-0.1229417446221,0.999139297746776,False,down
WBGene00015554,0,1.0,PFOS,-0.123162869771054,0.999139297746776,False,down
WBGene00001832,0,1.0,PFOS,-0.123261286196274,0.999139297746776,False,down
WBGene00004043,0,1.0,PFOS,-0.123689017770593,0.999139297746776,False,down
WBGene00010093,0,1.0,PFOS,-0.123895674685728,0.999139297746776,False,down
WBGene00016067,0,1.0,PFOS,-0.123935318932028,0.999139297746776,False,down
WBGene00009889,0,1.0,PFOS,-0.12477386724042,0.999139297746776,False,down
WBGene00001829,0,1.0,PFOS,-0.125302523391096,0.999139297746776,False,down
WBGene00017643,0,1.0,PFOS,-0.125612962897686,0.999139297746776,False,down
WBGene00000875,0,1.0,PFOS,-0.125931684664145,0.999139297746776,False,down
WBGene00008963,0,1.0,PFOS,-0.126459126844913,0.999139297746776,False,down
WBGene00018275,0,1.0,PFOS,-0.126667428044596,0.999139297746776,False,down
WBGene00006529,0,1.0,PFOS,-0.127505176600301,0.999139297746776,False,down
WBGene00017098,0,1.0,PFOS,-0.127678110925146,0.999139297746776,False,down
WBGene00016057,0,1.0,PFOS,-0.127946495296935,0.999139297746776,False,down
WBGene00013605,0,1.0,PFOS,-0.128215408146761,0.999139297746776,False,down
WBGene00002229,0,1.0,PFOS,-0.128640646248916,0.999139297746776,False,down
WBGene00003418,0,1.0,PFOS,-0.128649595220879,0.999139297746776,False,down
WBGene00017132,0,1.0,PFOS,-0.12884362897043,0.999139297746776,False,down
WBGene00010274,0,1.0,PFOS,-0.12901723902365,0.999139297746776,False,down
WBGene00004224,0,1.0,PFOS,-0.13007908621642,0.999139297746776,False,down
WBGene00012545,0,1.0,PFOS,-0.13046157799931,0.999139297746776,False,down
WBGene00000870,0,1.0,PFOS,-0.130546476539122,0.999139297746776,False,down
WBGene00002827,0,1.0,PFOS,-0.131057894174784,0.999139297746776,False,down
WBGene00017360,0,1.0,PFOS,-0.131347870877765,0.999139297746776,False,down
WBGene00017721,0,1.0,PFOS,-0.133355607879419,0.999139297746776,False,down
WBGene00012556,0,1.0,PFOS,-0.133440642832898,0.999139297746776,False,down
WBGene00006940,0,0.8,PFOS,-0.134260392857674,0.999139297746776,False,down
WBGene00002228,0,1.0,PFOS,-0.134374798435777,0.999139297746776,False,down
WBGene00003157,0,1.0,PFOS,-0.134467204422181,0.999139297746776,False,down
WBGene00020855,0,1.0,PFOS,-0.134728807242822,0.999139297746776,False,down
WBGene00000039,0,1.0,PFOS,-0.134860977955042,0.999139297746776,False,down
WBGene00001430,0,1.0,PFOS,-0.134895811040654,0.999139297746776,False,down
WBGene00007731,0,0.9333333333333333,PFOS,-0.135235888004371,0.999139297746776,False,down
WBGene00017501,0,1.0,PFOS,-0.135600276485566,0.999139297746776,False,down
WBGene00008936,0,1.0,PFOS,-0.136238220958081,0.999139297746776,False,down
WBGene00018682,0,1.0,PFOS,-0.136982101252158,0.999139297746776,False,down
WBGene00000990,0,1.0,PFOS,-0.13737309283998,0.999139297746776,False,down
WBGene00021427,0,1.0,PFOS,-0.137486383404423,0.999139297746776,False,down
WBGene00013984,0,1.0,PFOS,-0.13763423775214,0.999139297746776,False,down
WBGene00019710,0,0.9666666666666667,PFOS,-0.137962643655887,0.999139297746776,False,down
WBGene00004916,0,1.0,PFOS,-0.138362469050314,0.999139297746776,False,down
WBGene00009926,0,1.0,PFOS,-0.138437938333115,0.999139297746776,False,down
WBGene00021095,0,1.0,PFOS,-0.138564164789139,0.999139297746776,False,down
WBGene00022046,0,1.0,PFOS,-0.138790679002853,0.999139297746776,False,down
WBGene00021460,0,1.0,PFOS,-0.139091211479322,0.999139297746776,False,down
WBGene00219208,0,1.0,PFOS,-0.139369152097603,0.999139297746776,False,down
WBGene00000275,0,1.0,PFOS,-0.139544852746689,0.999139297746776,False,down
WBGene00016943,0,0.5333333333333333,PFOS,-0.139587711476203,0.999139297746776,False,down
WBGene00017570,0,1.0,PFOS,-0.140399029194709,0.999139297746776,False,down
WBGene00000541,0,1.0,PFOS,-0.140731345194271,0.999139297746776,False,down
WBGene00010277,0,1.0,PFOS,-0.141034852970748,0.999139297746776,False,down
WBGene00018271,0,1.0,PFOS,-0.141322518351884,0.999139297746776,False,down
WBGene00001079,0,1.0,PFOS,-0.141477555988644,0.999139297746776,False,down
WBGene00016790,0,1.0,PFOS,-0.14176675326105,0.999139297746776,False,down
WBGene00016235,0,1.0,PFOS,-0.142101788699851,0.999139297746776,False,down
WBGene00020499,0,1.0,PFOS,-0.144127437416179,0.999139297746776,False,down
WBGene00007394,0,1.0,PFOS,-0.144717430647097,0.999139297746776,False,down
WBGene00012198,0,1.0,PFOS,-0.144832930831341,0.999139297746776,False,down
WBGene00016422,0,1.0,PFOS,-0.145050882580895,0.999139297746776,False,down
WBGene00020382,0,1.0,PFOS,-0.145245305924209,0.999139297746776,False,down
WBGene00004216,0,1.0,PFOS,-0.145326037488765,0.999139297746776,False,down
WBGene00015676,0,1.0,PFOS,-0.14622749686157,0.999139297746776,False,down
WBGene00013209,0,1.0,PFOS,-0.14650560003837,0.999139297746776,False,down
WBGene00002047,0,1.0,PFOS,-0.146814091937046,0.999139297746776,False,down
WBGene00022274,0,1.0,PFOS,-0.146894054365236,0.999139297746776,False,down
WBGene00001790,0,1.0,PFOS,-0.147215560365654,0.999139297746776,False,down
WBGene00016392,0,0.8666666666666667,PFOS,-0.14732701393763,0.999139297746776,False,down
WBGene00010061,0,1.0,PFOS,-0.147430334321005,0.999139297746776,False,down
WBGene00002039,0,1.0,PFOS,-0.147504135054354,0.999139297746776,False,down
WBGene00011182,0,1.0,PFOS,-0.147657221181272,0.999139297746776,False,down
WBGene00009621,0,1.0,PFOS,-0.147951405257732,0.999139297746776,False,down
WBGene00001689,0,1.0,PFOS,-0.148511746074094,0.999139297746776,False,down
WBGene00007504,0,0.9666666666666667,PFOS,-0.148668397137657,0.999139297746776,False,down
WBGene00000099,0,1.0,PFOS,-0.149521266162651,0.999139297746776,False,down
WBGene00002246,0,1.0,PFOS,-0.149954628951135,0.999139297746776,False,down
WBGene00004042,0,1.0,PFOS,-0.150541091763298,0.999139297746776,False,down
WBGene00002258,0,1.0,PFOS,-0.150582894847178,0.999139297746776,False,down
WBGene00004919,0,1.0,PFOS,-0.150922002632902,0.999139297746776,False,down
WBGene00021348,0,1.0,PFOS,-0.152211856198458,0.999139297746776,False,down
WBGene00018951,0,0.9333333333333333,PFOS,-0.152254962504676,0.999139297746776,False,down
WBGene00023489,0,1.0,PFOS,-0.152804486146847,0.999139297746776,False,down
WBGene00003214,0,1.0,PFOS,-0.152865013957472,0.999139297746776,False,down
WBGene00003156,0,1.0,PFOS,-0.153585508393052,0.999139297746776,False,down
WBGene00000888,0,1.0,PFOS,-0.15389602701596,0.999139297746776,False,down
WBGene00001833,0,1.0,PFOS,-0.15521190419427,0.999139297746776,False,down
WBGene00000402,0,1.0,PFOS,-0.156429123774412,0.999139297746776,False,down
WBGene00019759,0,1.0,PFOS,-0.157520950380666,0.999139297746776,False,down
WBGene00018572,0,1.0,PFOS,-0.15838947510816,0.999139297746776,False,down
WBGene00012156,0,1.0,PFOS,-0.158617653823885,0.999139297746776,False,down
WBGene00003154,0,1.0,PFOS,-0.159060902883774,0.999139297746776,False,down
WBGene00001688,0,1.0,PFOS,-0.160786487293388,0.999139297746776,False,down
WBGene00000413,0,1.0,PFOS,-0.161898657800216,0.999139297746776,False,down
WBGene00011836,0,0.6666666666666666,PFOS,-0.164450337040274,0.999139297746776,False,down
WBGene00008041,0,1.0,PFOS,-0.165463485922559,0.999139297746776,False,down
WBGene00006817,0,1.0,PFOS,-0.165602185939976,0.999139297746776,False,down
WBGene00021648,0,1.0,PFOS,-0.167409340935513,0.999139297746776,False,down
WBGene00044618,0,1.0,PFOS,-0.167937805175148,0.999139297746776,False,down
WBGene00016148,0,1.0,PFOS,-0.168164932436496,0.999139297746776,False,down
WBGene00022455,0,1.0,PFOS,-0.169213217490344,0.999139297746776,False,down
WBGene00013673,0,1.0,PFOS,-0.169358933698343,0.999139297746776,False,down
WBGene00020561,0,1.0,PFOS,-0.169745875857484,0.999139297746776,False,down
WBGene00004398,0,1.0,PFOS,-0.171153419444235,0.999139297746776,False,down
WBGene00010609,0,1.0,PFOS,-0.171869873373345,0.999139297746776,False,down
WBGene00001511,0,1.0,PFOS,-0.172002938073013,0.999139297746776,False,down
WBGene00302964,0,1.0,PFOS,-0.17444265395374,0.999139297746776,False,down
WBGene00013405,0,1.0,PFOS,-0.174901155296031,0.999139297746776,False,down
WBGene00001077,0,1.0,PFOS,-0.175306901213172,0.999139297746776,False,down
WBGene00013241,0,1.0,PFOS,-0.175522060567977,0.999139297746776,False,down
WBGene00001831,0,1.0,PFOS,-0.177529417363786,0.999139297746776,False,down
WBGene00013426,0,0.9666666666666667,PFOS,-0.17827807556424,0.999139297746776,False,down
WBGene00003553,0,1.0,PFOS,-0.178770889261414,0.999139297746776,False,down
WBGene00008641,0,1.0,PFOS,-0.179096687500214,0.999139297746776,False,down
WBGene00000411,0,1.0,PFOS,-0.179204270039362,0.999139297746776,False,down
WBGene00004181,0,1.0,PFOS,-0.179986978215828,0.999139297746776,False,down
WBGene00018366,0,1.0,PFOS,-0.180117743490934,0.999139297746776,False,down
WBGene00019658,0,1.0,PFOS,-0.180752010220263,0.999139297746776,False,down
WBGene00008354,0,1.0,PFOS,-0.180868800600746,0.999139297746776,False,down
WBGene00020083,0,1.0,PFOS,-0.182452081232908,0.999139297746776,False,down
WBGene00003155,0,1.0,PFOS,-0.183058996594158,0.999139297746776,False,down
WBGene00004017,0,1.0,PFOS,-0.183450963962674,0.999139297746776,False,down
WBGene00018240,0,1.0,PFOS,-0.187061224024779,0.999139297746776,False,down
WBGene00000731,0,1.0,PFOS,-0.188332977063683,0.999139297746776,False,down
WBGene00044466,0,0.9666666666666667,PFOS,-0.188354745359492,0.999139297746776,False,down
WBGene00008035,0,1.0,PFOS,-0.189046864446947,0.999139297746776,False,down
WBGene00004392,0,1.0,PFOS,-0.189112591841241,0.999139297746776,False,down
WBGene00004233,0,1.0,PFOS,-0.189662887449055,0.999139297746776,False,down
WBGene00000794,0,1.0,PFOS,-0.190240009542308,0.999139297746776,False,down
WBGene00013150,0,0.5,PFOS,-0.191697474661146,0.999139297746776,False,down
WBGene00000882,0,1.0,PFOS,-0.19171194071407,0.999139297746776,False,down
WBGene00011309,0,1.0,PFOS,-0.192067899779923,0.999139297746776,False,down
WBGene00002393,0,1.0,PFOS,-0.192879754083523,0.999139297746776,False,down
WBGene00021470,0,1.0,PFOS,-0.194367828342787,0.999139297746776,False,down
WBGene00007375,0,1.0,PFOS,-0.194376274945077,0.999139297746776,False,down
WBGene00000098,0,1.0,PFOS,-0.195228118171032,0.999139297746776,False,down
WBGene00002231,0,1.0,PFOS,-0.195601651133439,0.999139297746776,False,down
WBGene00009624,0,1.0,PFOS,-0.197634151150682,0.999139297746776,False,down
WBGene00013862,0,1.0,PFOS,-0.199946324137644,0.999139297746776,False,down
WBGene00006366,0,1.0,PFOS,-0.200863184172396,0.999139297746776,False,down
WBGene00003955,0,1.0,PFOS,-0.201544941320095,0.999139297746776,False,down
WBGene00017201,0,1.0,PFOS,-0.204088774155258,0.999139297746776,False,down
WBGene00011038,0,1.0,PFOS,-0.204451264712566,0.999139297746776,False,down
WBGene00015515,0,1.0,PFOS,-0.204639247246965,0.999139297746776,False,down
WBGene00004219,0,1.0,PFOS,-0.206491253289152,0.999139297746776,False,down
WBGene00005036,0,0.5333333333333333,PFOS,-0.207620968914252,0.999139297746776,False,down
WBGene00022099,0,1.0,PFOS,-0.212088839823468,0.999139297746776,False,down
WBGene00021082,0,0.9666666666666667,PFOS,-0.212337914872609,0.999139297746776,False,down
WBGene00004391,0,1.0,PFOS,-0.21858800078477,0.999139297746776,False,down
WBGene00009982,0,1.0,PFOS,-0.219037386885539,0.999139297746776,False,down
WBGene00021675,0,1.0,PFOS,-0.22000412586037,0.999139297746776,False,down
WBGene00189958,0,1.0,PFOS,-0.22039169531198,0.999139297746776,False,down
WBGene00016449,0,1.0,PFOS,-0.220932278381079,0.999139297746776,False,down
WBGene00007170,0,1.0,PFOS,-0.220951752725805,0.999139297746776,False,down
WBGene00008708,0,1.0,PFOS,-0.222443409455449,0.999139297746776,False,down
WBGene00008218,0,1.0,PFOS,-0.224289285953526,0.999139297746776,False,down
WBGene00000399,0,1.0,PFOS,-0.226694316083598,0.999139297746776,False,down
WBGene00017794,0,0.9666666666666667,PFOS,-0.227184073099687,0.999139297746776,False,down
WBGene00003159,0,1.0,PFOS,-0.229883653033016,0.999139297746776,False,down
WBGene00012255,0,1.0,PFOS,-0.232452043680741,0.999139297746776,False,down
WBGene00016074,0,1.0,PFOS,-0.232965472610887,0.999139297746776,False,down
WBGene00021976,0,1.0,PFOS,-0.237176817365387,0.999139297746776,False,down
WBGene00007168,0,1.0,PFOS,-0.240474164402174,0.999139297746776,False,down
WBGene00012445,0,1.0,PFOS,-0.242768457157569,0.999139297746776,False,down
WBGene00000405,0,1.0,PFOS,-0.244350898241019,0.999139297746776,False,down
WBGene00002073,0,1.0,PFOS,-0.245448074138725,0.999139297746776,False,down
WBGene00015795,0,1.0,PFOS,-0.245687436674791,0.999139297746776,False,down
WBGene00001958,0,1.0,PFOS,-0.2459118934681,0.999139297746776,False,down
WBGene00016877,0,1.0,PFOS,-0.246603038514998,0.999139297746776,False,down
WBGene00009371,0,1.0,PFOS,-0.250845625165336,0.999139297746776,False,down
WBGene00007999,0,1.0,PFOS,-0.251545789141788,0.999139297746776,False,down
WBGene00019318,0,1.0,PFOS,-0.252260470534064,0.999139297746776,False,down
WBGene00011846,0,0.9333333333333333,PFOS,-0.25256386770113,0.999139297746776,False,down
WBGene00001242,0,1.0,PFOS,-0.252936552547861,0.999139297746776,False,down
WBGene00012261,0,1.0,PFOS,-0.25320636965819,0.999139297746776,False,down
WBGene00044620,0,1.0,PFOS,-0.257486281869954,0.999139297746776,False,down
WBGene00044394,0,1.0,PFOS,-0.257669527485711,0.999139297746776,False,down
WBGene00001072,0,1.0,PFOS,-0.258524263945884,0.999139297746776,False,down
WBGene00003107,0,0.9666666666666667,PFOS,-0.26048379868624,0.999139297746776,False,down
WBGene00012186,0,1.0,PFOS,-0.261220680683714,0.999139297746776,False,down
WBGene00020487,0,1.0,PFOS,-0.262987443431759,0.999139297746776,False,down
WBGene00007533,0,1.0,PFOS,-0.265041798592028,0.999139297746776,False,down
WBGene00007573,0,1.0,PFOS,-0.271361067016168,0.999139297746776,False,down
WBGene00020194,0,1.0,PFOS,-0.273723990387027,0.999139297746776,False,down
WBGene00004180,0,0.8333333333333334,PFOS,-0.275916179157689,0.999139297746776,False,down
WBGene00013852,0,1.0,PFOS,-0.279646183817997,0.999139297746776,False,down
WBGene00001069,0,1.0,PFOS,-0.28523119529997,0.999139297746776,False,down
WBGene00012256,0,1.0,PFOS,-0.291353681469492,0.999139297746776,False,down
WBGene00044641,0,1.0,PFOS,-0.292099970916581,0.999139297746776,False,down
WBGene00001064,0,1.0,PFOS,-0.293550516664503,0.999139297746776,False,down
WBGene00001071,0,1.0,PFOS,-0.297552431575403,0.999139297746776,False,down
WBGene00000722,0,1.0,PFOS,-0.306422504191004,0.999139297746776,False,down
WBGene00015781,0,1.0,PFOS,-0.314278314857244,0.999139297746776,False,down
WBGene00002282,0,1.0,PFOS,-0.315184453503346,0.999139297746776,False,down
WBGene00020702,0,1.0,PFOS,-0.318109553634893,0.999139297746776,False,down
WBGene00019148,0,1.0,PFOS,-0.319272319634909,0.999139297746776,False,down
WBGene00001107,0,1.0,PFOS,-0.32238013136797,0.999139297746776,False,down
WBGene00000168,0,1.0,PFOS,-0.332284472597834,0.999139297746776,False,down
WBGene00018133,0,1.0,PFOS,-0.3391871870726,0.999139297746776,False,down
WBGene00019154,0,1.0,PFOS,-0.339929574197092,0.999139297746776,False,down
WBGene00004264,0,1.0,PFOS,-0.352349218239075,0.999139297746776,False,down
WBGene00010621,0,1.0,PFOS,-0.35621086623099,0.999139297746776,False,down
WBGene00006956,0,1.0,PFOS,-0.364084196321371,0.999139297746776,False,down
WBGene00007552,0,1.0,PFOS,-0.364533586005777,0.999139297746776,False,down
WBGene00019520,0,0.9666666666666667,PFOS,-0.366651423030867,0.999139297746776,False,down
WBGene00018515,0,1.0,PFOS,-0.36828993969915,0.999139297746776,False,down
WBGene00020704,0,1.0,PFOS,-0.373140960003315,0.999139297746776,False,down
WBGene00000928,0,1.0,PFOS,-0.378671354799499,0.999139297746776,False,down
WBGene00001065,0,1.0,PFOS,-0.380947218633602,0.999139297746776,False,down
WBGene00012046,0,1.0,PFOS,-0.390211864378901,0.999139297746776,False,down
WBGene00007938,0,1.0,PFOS,-0.394660880584415,0.999139297746776,False,down
WBGene00009108,0,1.0,PFOS,-0.39878455610023,0.999139297746776,False,down
WBGene00012257,0,1.0,PFOS,-0.406459901771853,0.999139297746776,False,down
WBGene00000623,0,1.0,PFOS,-0.423078712333065,0.999139297746776,False,down
WBGene00018510,0,1.0,PFOS,-0.426159690897757,0.999139297746776,False,down
WBGene00020465,0,1.0,PFOS,-0.426761760989239,0.999139297746776,False,down
WBGene00020250,0,1.0,PFOS,-0.435059332784979,0.999139297746776,False,down
WBGene00050939,0,1.0,PFOS,-0.456859002683991,0.999139297746776,False,down
WBGene00022415,0,1.0,PFOS,-0.480362458765645,0.999139297746776,False,down
WBGene00017991,0,1.0,PFOS,-0.545777369773324,0.999139297746776,False,down
WBGene00008563,0,1.0,PFOS,-0.0016142205561206,0.999181353806444,False,down
WBGene00021305,0,0.7666666666666667,PFOS,0.0003061614632154,0.999941732553148,False,up
WBGene00019595,0,1.0,PFOS,0.0005551160050183,0.999986460519043,False,up
WBGene00011971,0,1.0,PFOS,0.0003848156202398,0.999986460519043,False,up
WBGene00013361,0,1.0,PFOS,0.0003333097606884,0.999986460519043,False,up
WBGene00016641,0,1.0,PFOS,0.0001600312842412,0.999986460519043,False,up
WBGene00000378,0,1.0,PFOS,-1.09264509980883e-06,0.999986460519043,False,down
WBGene00019893,0,0.9666666666666667,PFOS,-1.85523710831637e-05,0.999986460519043,False,down
WBGene00022615,0,1.0,PFOS,-2.05558831738533e-05,0.999986460519043,False,down
WBGene00019711,0,1.0,PFOS,-5.29422246639552e-05,0.999986460519043,False,down
WBGene00004187,0,1.0,PFOS,-7.69758525881954e-05,0.999986460519043,False,down
WBGene00007696,0,1.0,PFOS,-0.0001146490577937,0.999986460519043,False,down
WBGene00020102,0,1.0,PFOS,-0.0001610649828939,0.999986460519043,False,down
WBGene00018866,0,1.0,PFOS,-0.0002614693183518,0.999986460519043,False,down
WBGene00003911,0,1.0,PFOS,-0.000298917955775,0.999986460519043,False,down
WBGene00019898,0,1.0,PFOS,-0.000319085112207,0.999986460519043,False,down
WBGene00008401,0,0.9666666666666667,PFOS,-0.000346792416062,0.999986460519043,False,down
