WB_id,consensus_module,consensus_strength,chemical,logFC,FDR,is_detected,direction
WBGene00011671,3,0.9,PFOS,8.28534042226992,5.17108674522083e-22,True,up
WBGene00022813,3,0.9333333333333333,PFOS,4.16106243659853,4.25438872180918e-20,True,up
WBGene00001756,3,1.0,PFOS,6.92360991798049,2.41453685281469e-19,True,up
WBGene00015044,3,0.8,PFOS,5.42810429220751,4.66145640981904e-16,True,up
WBGene00011672,3,0.9,PFOS,3.12432774862309,2.3060803217187703e-15,True,up
WBGene00017480,3,1.0,PFOS,1.20237085009835,8.55750596777564e-15,True,up
WBGene00008273,3,0.8666666666666667,PFOS,1.61632062529035,1.06559080866361e-14,True,up
WBGene00019516,3,1.0,PFOS,2.4562340350198,6.39322329523822e-13,True,up
WBGene00006890,3,1.0,PFOS,1.11094675064359,5.96533370129099e-12,True,up
WBGene00007072,3,0.9,PFOS,2.66223117030005,6.29840298960178e-12,True,up
WBGene00019645,3,0.5333333333333333,PFOS,2.18520412688943,7.0921943588815796e-12,True,up
WBGene00015045,3,0.6333333333333333,PFOS,5.82519249680254,1.1536352839749099e-11,True,up
WBGene00000977,3,0.5666666666666667,PFOS,2.31660022672834,1.9842395881966897e-11,True,up
WBGene00016863,3,1.0,PFOS,3.74201892580818,3.9566684620466294e-11,True,up
WBGene00000986,3,1.0,PFOS,2.97429069786641,1.91470204242645e-10,True,up
WBGene00010706,3,0.5333333333333333,PFOS,2.27869558034374,4.3776418814269006e-10,True,up
WBGene00007811,3,1.0,PFOS,1.2548247654627,4.3776418814269006e-10,True,up
WBGene00001781,3,0.9333333333333333,PFOS,2.92890082120891,4.59848768358304e-10,True,up
WBGene00007810,3,1.0,PFOS,1.45944307523877,1.5112247066414502e-09,True,up
WBGene00020895,3,1.0,PFOS,0.907223577682579,7.2146517472505305e-09,True,up
WBGene00015930,3,0.8333333333333334,PFOS,0.973042981011817,9.8527330262241e-09,True,up
WBGene00012531,3,1.0,PFOS,1.14490478675093,2.48497548747878e-08,True,up
WBGene00001262,3,0.9333333333333333,PFOS,0.782148248190588,3.33788995340294e-08,True,up
WBGene00020909,3,0.6666666666666666,PFOS,1.96426820468691,3.41884251357822e-08,True,up
WBGene00009110,3,0.9,PFOS,2.00705108752821,2.27854286976008e-07,True,up
WBGene00003696,3,1.0,PFOS,1.3394020665242,2.72354330467391e-07,True,up
WBGene00011190,3,1.0,PFOS,2.12877813436689,3.83893499952016e-07,True,up
WBGene00019675,3,0.6,PFOS,5.85934256018126,1.14190129959339e-06,True,up
WBGene00018430,3,1.0,PFOS,1.13700519731069,1.23512904203472e-06,True,up
WBGene00017431,3,0.9666666666666667,PFOS,0.864733112141737,1.56237923831283e-06,True,up
WBGene00018226,3,0.9666666666666667,PFOS,0.392752647304397,1.66632608024935e-06,True,up
WBGene00020587,3,1.0,PFOS,0.814699503837291,3.18798565981924e-06,True,up
WBGene00043097,3,1.0,PFOS,1.13006083348406,3.3681475197094e-06,True,up
WBGene00016174,3,0.9,PFOS,1.24192834083133,2.72991534611583e-05,True,up
WBGene00011798,3,1.0,PFOS,1.49101479286579,3.65071964894709e-05,True,up
WBGene00017515,3,1.0,PFOS,0.973225426116246,5.88986673761687e-05,True,up
WBGene00019965,3,1.0,PFOS,0.604968550371404,6.84834684442789e-05,True,up
WBGene00044481,3,1.0,PFOS,1.02977439941873,7.8318654904314e-05,True,up
WBGene00011756,3,1.0,PFOS,0.460432288679412,0.0001960906752589,True,up
WBGene00003409,3,1.0,PFOS,0.646783885568186,0.0002047573961953,True,up
WBGene00011002,3,1.0,PFOS,1.18350438026312,0.0002433058963124,True,up
WBGene00008602,3,1.0,PFOS,1.45306688421133,0.0002832855362923,True,up
WBGene00017336,3,1.0,PFOS,1.38852193313874,0.0003968443644062,True,up
WBGene00010665,3,1.0,PFOS,0.729919747180955,0.0004293851622865,True,up
WBGene00001792,3,1.0,PFOS,1.97171127697393,0.0007312539762829,True,up
WBGene00011799,3,0.9666666666666667,PFOS,1.099644661112,0.000755841261362,True,up
WBGene00044514,3,0.9333333333333333,PFOS,2.06361922473827,0.0010919923397023,True,up
WBGene00006418,3,0.9666666666666667,PFOS,1.37634172375124,0.0015402788841633,True,up
WBGene00007605,3,0.9666666666666667,PFOS,0.898087663687572,0.0024721829090309,True,up
WBGene00018334,3,1.0,PFOS,0.770045058544225,0.0025290660391601,True,up
WBGene00019022,3,0.8333333333333334,PFOS,0.593075328099578,0.0025290660391601,True,up
WBGene00017510,3,1.0,PFOS,1.14189305044926,0.0025467490046291,True,up
WBGene00008678,3,1.0,PFOS,1.37486144843888,0.0025476862043337,True,up
WBGene00011009,3,0.9666666666666667,PFOS,2.13019897579621,0.002918085592024,True,up
WBGene00016335,3,1.0,PFOS,0.505934136426432,0.0039325478744294,True,up
WBGene00016506,3,1.0,PFOS,0.738438296355586,0.0041677252613271,True,up
WBGene00011684,3,0.9333333333333333,PFOS,0.517433115166162,0.0048732594626647,True,up
WBGene00004236,3,1.0,PFOS,1.82986589188513,0.0055293538152231,True,up
WBGene00001755,3,0.5333333333333333,PFOS,1.59671945562667,0.0055293538152231,True,up
WBGene00019404,3,0.5333333333333333,PFOS,1.02717893664148,0.0089945653395697,True,up
WBGene00009973,3,1.0,PFOS,0.498123026938572,0.011546067279515,True,up
WBGene00002259,3,1.0,PFOS,0.782188507380622,0.0118095620465353,True,up
WBGene00004194,3,1.0,PFOS,0.274593328076176,0.0118095620465353,True,up
WBGene00012494,3,1.0,PFOS,0.495311781015071,0.0121484675365927,True,up
WBGene00014697,3,1.0,PFOS,0.775205016849371,0.0206521764174886,True,up
WBGene00011674,3,0.9666666666666667,PFOS,3.38423181594587,0.0209798895146879,True,up
WBGene00000111,3,0.9333333333333333,PFOS,0.627791977125215,0.021506977046405,True,up
WBGene00011801,3,1.0,PFOS,0.544076430935464,0.0260068150934033,True,up
WBGene00008032,3,0.9,PFOS,0.414798804766334,0.0273744251802477,True,up
WBGene00001578,3,1.0,PFOS,0.760294281249018,0.0274664954551429,True,up
WBGene00015042,3,1.0,PFOS,2.89150001495117,0.0296891274083999,True,up
WBGene00021635,3,1.0,PFOS,0.324909131801914,0.0335758481983767,True,up
WBGene00008044,3,1.0,PFOS,-1.2129525016087,0.0342688062565345,True,down
WBGene00017681,3,1.0,PFOS,0.418395419632409,0.0395979906224743,True,up
WBGene00019967,3,1.0,PFOS,0.477375526214595,0.0444451239907484,True,up
WBGene00050957,3,0.5333333333333333,PFOS,1.04041373218173,0.0533662680860343,False,up
WBGene00022593,3,0.9,PFOS,0.438048178811231,0.0551394798243939,False,up
WBGene00003786,3,0.9,PFOS,0.347171044953047,0.0567506844568929,False,up
WBGene00021587,3,1.0,PFOS,0.719758618806675,0.0581584126980982,False,up
WBGene00019471,3,0.9666666666666667,PFOS,-1.36523500006982,0.0734692491540612,False,down
WBGene00045208,3,0.9,PFOS,-0.390323035228371,0.0748629341311881,False,down
WBGene00006575,3,0.9,PFOS,0.200868616809625,0.0784294263585176,False,up
WBGene00012721,3,0.5333333333333333,PFOS,0.913797912550549,0.0809023195754842,False,up
WBGene00007964,3,0.6333333333333333,PFOS,0.503839837260836,0.0886968805464888,False,up
WBGene00001672,3,0.9666666666666667,PFOS,0.805651022108616,0.0902567448118954,False,up
WBGene00020741,3,1.0,PFOS,-0.77346172460811,0.0939190817716232,False,down
WBGene00015400,3,1.0,PFOS,-0.794240118728247,0.0939190817716232,False,down
WBGene00011616,3,0.7,PFOS,1.08395009342255,0.0990334426976311,False,up
WBGene00009877,3,0.9,PFOS,0.754547141512862,0.109184743184331,False,up
WBGene00001762,3,0.8333333333333334,PFOS,1.66184856595239,0.110391125899807,False,up
WBGene00017048,3,0.8333333333333334,PFOS,0.390351328289216,0.11876396699585,False,up
WBGene00003652,3,1.0,PFOS,0.344601686025566,0.121766715901888,False,up
WBGene00009600,3,0.9333333333333333,PFOS,1.37137186315561,0.126445393832105,False,up
WBGene00219216,3,0.9333333333333333,PFOS,-0.915615085388987,0.126779637643202,False,down
WBGene00022258,3,1.0,PFOS,0.542014628564461,0.136544659381373,False,up
WBGene00012492,3,1.0,PFOS,-0.886073317553162,0.138518664199727,False,down
WBGene00008481,3,1.0,PFOS,0.473950711880111,0.13919863801273,False,up
WBGene00011166,3,1.0,PFOS,-0.497506331636357,0.145417144108479,False,down
WBGene00017398,3,1.0,PFOS,0.41281647600081,0.152126676508154,False,up
WBGene00016728,3,0.9666666666666667,PFOS,0.334134386182362,0.155321714477281,False,up
WBGene00018958,3,1.0,PFOS,0.334228916347765,0.155794216348541,False,up
WBGene00021352,3,1.0,PFOS,0.235028637836435,0.158663060902332,False,up
WBGene00004932,3,1.0,PFOS,-1.37836390879078,0.162208396352185,False,down
WBGene00001841,3,1.0,PFOS,0.834966236664852,0.164121665843018,False,up
WBGene00001157,3,1.0,PFOS,0.437535407194316,0.165620961473563,False,up
WBGene00000512,3,1.0,PFOS,0.439672222547682,0.166821529487632,False,up
WBGene00016862,3,0.7666666666666667,PFOS,0.362435217047328,0.167035498961571,False,up
WBGene00015303,3,1.0,PFOS,0.229964675397964,0.169461229521748,False,up
WBGene00008266,3,1.0,PFOS,-0.211960088191417,0.180808238755048,False,down
WBGene00019261,3,0.9,PFOS,-0.212551044196836,0.181872205963159,False,down
WBGene00006656,3,1.0,PFOS,0.364529912239247,0.184581021040431,False,up
WBGene00015381,3,1.0,PFOS,0.466484445776554,0.185133923247062,False,up
WBGene00003475,3,1.0,PFOS,0.205865003102558,0.185133923247062,False,up
WBGene00044423,3,0.7,PFOS,0.46497760477057,0.188121876998471,False,up
WBGene00002113,3,0.9,PFOS,0.212933577539015,0.191130679603855,False,up
WBGene00004196,3,1.0,PFOS,0.264465207132025,0.195041724529279,False,up
WBGene00015337,3,0.9666666666666667,PFOS,1.4821087935575,0.214205066179299,False,up
WBGene00003669,3,1.0,PFOS,0.349494079006331,0.220352662881748,False,up
WBGene00022515,3,0.6333333333333333,PFOS,-0.296994083017189,0.220352662881748,False,down
WBGene00019177,3,1.0,PFOS,0.468944205515319,0.226437435130676,False,up
WBGene00020502,3,1.0,PFOS,0.217418248619053,0.231798493420713,False,up
WBGene00003408,3,1.0,PFOS,0.204527642795288,0.232686143760385,False,up
WBGene00021879,3,0.9,PFOS,-0.238549182918994,0.232686143760385,False,down
WBGene00000540,3,1.0,PFOS,0.219371264573837,0.233786615908499,False,up
WBGene00008274,3,0.9,PFOS,0.150308646025617,0.237158866595628,False,up
WBGene00015680,3,1.0,PFOS,0.151618419457617,0.241932550018873,False,up
WBGene00019589,3,1.0,PFOS,0.617648766743631,0.245546951977702,False,up
WBGene00023414,3,1.0,PFOS,0.259955572570416,0.252426198885382,False,up
WBGene00003720,3,1.0,PFOS,0.309335905309363,0.265305222226072,False,up
WBGene00005422,3,0.9333333333333333,PFOS,-0.772759537063806,0.268164518442046,False,down
WBGene00021820,3,1.0,PFOS,0.17676793535851,0.27603859980711,False,up
WBGene00019438,3,1.0,PFOS,0.784529518311077,0.288708690078896,False,up
WBGene00016507,3,1.0,PFOS,0.366989114069851,0.306402909466911,False,up
WBGene00015399,3,1.0,PFOS,-1.76547711652911,0.317477846902072,False,down
WBGene00014000,3,0.9666666666666667,PFOS,0.475056604900949,0.31856543902233,False,up
WBGene00016365,3,1.0,PFOS,0.440584629351561,0.326051561466164,False,up
WBGene00008730,3,1.0,PFOS,0.377840887748696,0.326051561466164,False,up
WBGene00003621,3,0.9666666666666667,PFOS,0.419867013040731,0.331293128818984,False,up
WBGene00013439,3,0.5333333333333333,PFOS,-0.399790132950983,0.332643383355683,False,down
WBGene00005552,3,0.7666666666666667,PFOS,0.740953708052018,0.342116303888201,False,up
WBGene00008663,3,0.9666666666666667,PFOS,0.419963149634937,0.345154281535546,False,up
WBGene00043983,3,1.0,PFOS,0.28830315464773,0.34877199901375,False,up
WBGene00007175,3,1.0,PFOS,0.235331435369262,0.348864230400008,False,up
WBGene00010019,3,0.8333333333333334,PFOS,0.777212914752886,0.349905932028743,False,up
WBGene00009120,3,0.9666666666666667,PFOS,0.167253078428721,0.387164375164494,False,up
WBGene00011106,3,0.5666666666666667,PFOS,-0.151396682711748,0.407956532493824,False,down
WBGene00013136,3,1.0,PFOS,0.215225871011171,0.414989151287373,False,up
WBGene00015535,3,1.0,PFOS,1.39253579785069,0.441175306226505,False,up
WBGene00015903,3,1.0,PFOS,-1.78124359879976,0.454059519405873,False,down
WBGene00017985,3,1.0,PFOS,-0.778223174080521,0.455922624637308,False,down
WBGene00206485,3,0.9,PFOS,0.902249057887614,0.457836882940034,False,up
WBGene00006916,3,0.9,PFOS,0.224082124520036,0.457947077346239,False,up
WBGene00013164,3,1.0,PFOS,0.224719805480379,0.458786022819751,False,up
WBGene00012014,3,1.0,PFOS,0.236473120305118,0.46024671077907,False,up
WBGene00271812,3,1.0,PFOS,0.550045860832959,0.465021241815376,False,up
WBGene00019329,3,0.8,PFOS,0.351634968431372,0.467938768427346,False,up
WBGene00018405,3,1.0,PFOS,0.211210206378175,0.468905120464848,False,up
WBGene00019830,3,1.0,PFOS,0.664779147620066,0.469471223694598,False,up
WBGene00015043,3,0.9333333333333333,PFOS,0.386688292020764,0.471869542943068,False,up
WBGene00000138,3,0.9666666666666667,PFOS,0.234626060598745,0.476405459092426,False,up
WBGene00011167,3,0.9666666666666667,PFOS,-0.94998359853002,0.477682482395604,False,down
WBGene00021168,3,1.0,PFOS,0.834309115024445,0.483596762800889,False,up
WBGene00007405,3,0.9,PFOS,0.268269860061807,0.484044752513118,False,up
WBGene00008969,3,0.9,PFOS,0.321741390160728,0.486409057279885,False,up
WBGene00023432,3,1.0,PFOS,-0.354184312079577,0.486409057279885,False,down
WBGene00004006,3,1.0,PFOS,-0.272074668781061,0.514988701929405,False,down
WBGene00044654,3,1.0,PFOS,0.519643661749261,0.521822988531044,False,up
WBGene00003892,3,1.0,PFOS,0.323737862589679,0.526349378099649,False,up
WBGene00006109,3,1.0,PFOS,1.50442649959398,0.538093844372954,False,up
WBGene00016090,3,0.5333333333333333,PFOS,0.826356253482236,0.538093844372954,False,up
WBGene00003610,3,0.9,PFOS,0.345880524330506,0.53951361285905,False,up
WBGene00007885,3,0.7666666666666667,PFOS,0.35600853293768,0.540329928299128,False,up
WBGene00011030,3,0.9666666666666667,PFOS,0.256134515961717,0.542314076485897,False,up
WBGene00013584,3,0.9333333333333333,PFOS,0.31499853224801,0.544223108252658,False,up
WBGene00019513,3,0.9,PFOS,0.198486803530507,0.547660214798976,False,up
WBGene00019859,3,1.0,PFOS,-0.302589690261416,0.551310708980668,False,down
WBGene00019265,3,0.9,PFOS,-0.387739433531076,0.554095640082868,False,down
WBGene00022131,3,1.0,PFOS,0.353103034547237,0.578100788045554,False,up
WBGene00013515,3,0.9,PFOS,0.35955664591963,0.57883356176347,False,up
WBGene00017574,3,0.5333333333333333,PFOS,0.195542782370843,0.57883356176347,False,up
WBGene00004277,3,1.0,PFOS,0.171679530225437,0.579760655874829,False,up
WBGene00010628,3,1.0,PFOS,0.337965568137857,0.581303763110371,False,up
WBGene00010426,3,1.0,PFOS,2.08412770268725,0.584794189293515,False,up
WBGene00003702,3,0.9333333333333333,PFOS,0.353251055085549,0.591842540273123,False,up
WBGene00001518,3,1.0,PFOS,0.167928974207367,0.592653090907106,False,up
WBGene00008625,3,0.9666666666666667,PFOS,-1.36701587681244,0.592653090907106,False,down
WBGene00010643,3,0.9666666666666667,PFOS,0.372492402163208,0.596855801698535,False,up
WBGene00018262,3,0.9,PFOS,-0.44701680763297,0.596855801698535,False,down
WBGene00045412,3,1.0,PFOS,-0.570419002050238,0.596855801698535,False,down
WBGene00022631,3,1.0,PFOS,0.350027177915198,0.598633758791246,False,up
WBGene00022588,3,0.9,PFOS,0.488169761238248,0.600624333378163,False,up
WBGene00016966,3,0.7333333333333333,PFOS,-0.194156785131578,0.601924744663884,False,down
WBGene00022750,3,0.9666666666666667,PFOS,0.14369382604311,0.613599651358053,False,up
WBGene00001532,3,1.0,PFOS,-0.476938238499603,0.625270457957176,False,down
WBGene00015156,3,0.7,PFOS,0.192934245824192,0.626869575560312,False,up
WBGene00004209,3,0.9,PFOS,0.249744613691986,0.630810944878108,False,up
WBGene00000449,3,1.0,PFOS,0.220357519948316,0.631849619011933,False,up
WBGene00015419,3,0.9333333333333333,PFOS,0.829750826258211,0.634908115121741,False,up
WBGene00000966,3,1.0,PFOS,0.437554742295303,0.637755605360626,False,up
WBGene00008220,3,1.0,PFOS,-0.411170000983241,0.637755605360626,False,down
WBGene00022893,3,0.6333333333333333,PFOS,-0.21353557628303,0.647057543775446,False,down
WBGene00012970,3,0.9666666666666667,PFOS,0.401413886507654,0.654597174186415,False,up
WBGene00013197,3,0.9666666666666667,PFOS,0.236911493209192,0.655490158552125,False,up
WBGene00013562,3,1.0,PFOS,-0.457981529207611,0.655490158552125,False,down
WBGene00012624,3,1.0,PFOS,0.275165734896873,0.659311766748636,False,up
WBGene00014006,3,0.5333333333333333,PFOS,0.43232554212466,0.661926119669496,False,up
WBGene00019472,3,1.0,PFOS,-1.14558903229618,0.661926119669496,False,down
WBGene00017699,3,1.0,PFOS,0.101384251209783,0.668726406831243,False,up
WBGene00003639,3,0.9666666666666667,PFOS,0.139072352176198,0.670119567943942,False,up
WBGene00015532,3,1.0,PFOS,1.05526989851625,0.671862325635056,False,up
WBGene00017180,3,0.9,PFOS,0.38719878975229,0.676300974786724,False,up
WBGene00007513,3,1.0,PFOS,-0.215532725531515,0.676300974786724,False,down
WBGene00011754,3,0.9333333333333333,PFOS,0.513063915230168,0.68353641028987,False,up
WBGene00011124,3,0.9666666666666667,PFOS,0.547754464861793,0.690566708875677,False,up
WBGene00021370,3,1.0,PFOS,0.282333751074379,0.690575590749061,False,up
WBGene00008453,3,0.9,PFOS,0.236176558807778,0.690575590749061,False,up
WBGene00020504,3,0.9,PFOS,0.115031039589693,0.690575590749061,False,up
WBGene00018241,3,0.9333333333333333,PFOS,0.344847959748779,0.691369894388787,False,up
WBGene00007609,3,0.8333333333333334,PFOS,-0.186293168390881,0.691869089813938,False,down
WBGene00015188,3,0.6333333333333333,PFOS,-0.228146385673838,0.691869089813938,False,down
WBGene00019691,3,0.9,PFOS,0.294509970394199,0.699971930512245,False,up
WBGene00006075,3,1.0,PFOS,-0.778720021989191,0.701090454000977,False,down
WBGene00017060,3,1.0,PFOS,0.42527041276478,0.701898727442697,False,up
WBGene00018403,3,1.0,PFOS,0.353842747744348,0.707440481818456,False,up
WBGene00020095,3,1.0,PFOS,0.158023747873056,0.707440481818456,False,up
WBGene00011215,3,1.0,PFOS,0.62269891422739,0.710465003172178,False,up
WBGene00000973,3,0.5333333333333333,PFOS,0.29346237331621,0.710465003172178,False,up
WBGene00018298,3,1.0,PFOS,0.203499717912376,0.710465003172178,False,up
WBGene00011571,3,0.9,PFOS,-0.192872962427289,0.710465003172178,False,down
WBGene00011088,3,1.0,PFOS,0.363362001759931,0.710535982135927,False,up
WBGene00015220,3,1.0,PFOS,0.287261380011118,0.71274003420811,False,up
WBGene00017374,3,1.0,PFOS,-0.150686584565383,0.71274003420811,False,down
WBGene00000447,3,1.0,PFOS,0.415565720306475,0.713705427405417,False,up
WBGene00012432,3,0.9,PFOS,0.814605029783948,0.714768731769951,False,up
WBGene00012616,3,1.0,PFOS,-0.970166939363066,0.722982263713537,False,down
WBGene00011996,3,0.9,PFOS,0.432706609576262,0.723131868808542,False,up
WBGene00015866,3,1.0,PFOS,0.171645669901204,0.723503405382482,False,up
WBGene00020155,3,0.5666666666666667,PFOS,-0.125874825011123,0.724989052507775,False,down
WBGene00008255,3,1.0,PFOS,-0.394308647157872,0.73124007043593,False,down
WBGene00011591,3,1.0,PFOS,-0.443635280887902,0.736059944724407,False,down
WBGene00012582,3,1.0,PFOS,-0.343170123161927,0.741804786990174,False,down
WBGene00007694,3,1.0,PFOS,0.511451313059574,0.741970671763024,False,up
WBGene00044077,3,1.0,PFOS,0.100473999904232,0.741970671763024,False,up
WBGene00018195,3,1.0,PFOS,-0.441897573012842,0.744459742423802,False,down
WBGene00008341,3,1.0,PFOS,-0.499515621254931,0.760318146931367,False,down
WBGene00016040,3,0.9,PFOS,1.40211660533133,0.761877194981183,False,up
WBGene00016530,3,0.9666666666666667,PFOS,-0.233516425078687,0.762494564017065,False,down
WBGene00010589,3,1.0,PFOS,0.682578082633393,0.762590932679894,False,up
WBGene00003674,3,0.9333333333333333,PFOS,0.236798439630921,0.765170420369651,False,up
WBGene00008284,3,1.0,PFOS,0.294307305379956,0.76577952663881,False,up
WBGene00012272,3,1.0,PFOS,-0.334679640131434,0.76749901709395,False,down
WBGene00004759,3,0.9,PFOS,0.0861046137276342,0.773899674729813,False,up
WBGene00004056,3,0.9666666666666667,PFOS,0.14898180425689,0.775663626680528,False,up
WBGene00044006,3,1.0,PFOS,0.280480150329628,0.777586967911764,False,up
WBGene00008850,3,1.0,PFOS,0.64422424679382,0.778233110161105,False,up
WBGene00015611,3,1.0,PFOS,0.621534114544474,0.785337303633586,False,up
WBGene00015729,3,0.9,PFOS,0.35417005851574,0.78608625515738,False,up
WBGene00015783,3,0.9333333333333333,PFOS,-0.283100709385504,0.788054500538744,False,down
WBGene00010475,3,1.0,PFOS,0.296606704115184,0.790041851626209,False,up
WBGene00021394,3,1.0,PFOS,0.104490057526459,0.791213214092243,False,up
WBGene00020313,3,0.9666666666666667,PFOS,0.786982334480598,0.795512855667731,False,up
WBGene00006639,3,1.0,PFOS,0.535318067339689,0.795512855667731,False,up
WBGene00019339,3,1.0,PFOS,0.461096621807413,0.795512855667731,False,up
WBGene00003676,3,1.0,PFOS,0.140254553927966,0.795512855667731,False,up
WBGene00020058,3,0.5333333333333333,PFOS,0.23070135936561,0.797061312463157,False,up
WBGene00008880,3,1.0,PFOS,0.192722885502805,0.799934909293279,False,up
WBGene00008419,3,1.0,PFOS,0.249787434181853,0.802543435168752,False,up
WBGene00020903,3,1.0,PFOS,0.297826366754114,0.805303412668464,False,up
WBGene00010943,3,1.0,PFOS,-0.326086889846071,0.810426080290793,False,down
WBGene00015918,3,0.9,PFOS,1.17895578175202,0.815000675183356,False,up
WBGene00015423,3,0.9666666666666667,PFOS,0.220407267310514,0.817766697698423,False,up
WBGene00044459,3,1.0,PFOS,0.424473188416214,0.825315491680471,False,up
WBGene00194934,3,1.0,PFOS,-0.249590548877697,0.827663677550986,False,down
WBGene00017095,3,1.0,PFOS,1.69536707149882,0.83491113231834,False,up
WBGene00010375,3,1.0,PFOS,0.281413621108753,0.83491113231834,False,up
WBGene00011381,3,0.9666666666666667,PFOS,0.242238516497198,0.83491113231834,False,up
WBGene00001135,3,1.0,PFOS,0.164208542203936,0.83491113231834,False,up
WBGene00019492,3,0.6333333333333333,PFOS,-0.23947545663586,0.83491113231834,False,down
WBGene00019931,3,1.0,PFOS,-0.955255540416702,0.83491113231834,False,down
WBGene00019025,3,0.9666666666666667,PFOS,0.487523804881456,0.834995919195468,False,up
WBGene00014047,3,1.0,PFOS,-0.818405504405491,0.841489738118428,False,down
WBGene00021513,3,0.9,PFOS,1.09678195061941,0.842077332486017,False,up
WBGene00019909,3,1.0,PFOS,0.973957409919333,0.842077332486017,False,up
WBGene00016004,3,0.9666666666666667,PFOS,-0.317375766805237,0.842077332486017,False,down
WBGene00303233,3,0.6333333333333333,PFOS,0.751703329193393,0.843951318497175,False,up
WBGene00007761,3,1.0,PFOS,0.140929572052476,0.845509387177378,False,up
WBGene00019480,3,1.0,PFOS,0.239129000619462,0.84599954686981,False,up
WBGene00013957,3,0.6333333333333333,PFOS,0.508319707069764,0.84766535651354,False,up
WBGene00019203,3,1.0,PFOS,0.220578441595233,0.84766535651354,False,up
WBGene00022474,3,0.9666666666666667,PFOS,-0.204527616298466,0.851566744692667,False,down
WBGene00007669,3,1.0,PFOS,0.60927421119948,0.854067822018737,False,up
WBGene00009183,3,1.0,PFOS,0.38713584078633,0.854465102405096,False,up
WBGene00007817,3,1.0,PFOS,0.253015338323368,0.860052454081177,False,up
WBGene00007672,3,1.0,PFOS,-0.634184392492131,0.861464802792119,False,down
WBGene00014093,3,1.0,PFOS,-1.13610213104829,0.861464802792119,False,down
WBGene00001789,3,1.0,PFOS,0.458502298452031,0.863506416136474,False,up
WBGene00013574,3,1.0,PFOS,0.26597813806103,0.864343709147523,False,up
WBGene00000535,3,1.0,PFOS,0.2174282939817,0.867155589281136,False,up
WBGene00016175,3,1.0,PFOS,0.869853938961717,0.86897686013565,False,up
WBGene00000088,3,0.9666666666666667,PFOS,0.177133840811984,0.86897686013565,False,up
WBGene00014148,3,1.0,PFOS,0.113158724345356,0.871856147692342,False,up
WBGene00015527,3,1.0,PFOS,0.21729359610191,0.873017889639631,False,up
WBGene00016927,3,1.0,PFOS,-0.638129604694496,0.873017889639631,False,down
WBGene00015756,3,1.0,PFOS,-0.191804525052726,0.874140759149398,False,down
WBGene00206532,3,1.0,PFOS,0.389518664227742,0.876246752320602,False,up
WBGene00018696,3,1.0,PFOS,0.351027703640005,0.87981606800053,False,up
WBGene00001152,3,1.0,PFOS,0.206098496952046,0.879836700238297,False,up
WBGene00013119,3,1.0,PFOS,0.273175631312541,0.882908444241175,False,up
WBGene00007563,3,1.0,PFOS,0.58796260468804,0.885041983140663,False,up
WBGene00016262,3,1.0,PFOS,0.28162398768634,0.885041983140663,False,up
WBGene00003182,3,0.7333333333333333,PFOS,0.231597164204804,0.885041983140663,False,up
WBGene00022605,3,1.0,PFOS,-0.869017266673321,0.886368473618857,False,down
WBGene00011622,3,0.9333333333333333,PFOS,0.902816527910279,0.888026477098052,False,up
WBGene00020869,3,0.6333333333333333,PFOS,0.625583458679376,0.888026477098052,False,up
WBGene00012961,3,1.0,PFOS,0.566121331083145,0.888026477098052,False,up
WBGene00017667,3,0.9333333333333333,PFOS,0.523609112920427,0.888026477098052,False,up
WBGene00008335,3,0.7,PFOS,0.362040473234333,0.888026477098052,False,up
WBGene00006757,3,1.0,PFOS,0.110430697213951,0.888026477098052,False,up
WBGene00000782,3,1.0,PFOS,-1.12856499941334,0.888026477098052,False,down
WBGene00007963,3,0.9333333333333333,PFOS,0.43825207281198,0.888436149624228,False,up
WBGene00012962,3,0.6333333333333333,PFOS,0.30652102381917,0.888436149624228,False,up
WBGene00021339,3,1.0,PFOS,-0.593003003912269,0.888436149624228,False,down
WBGene00044245,3,1.0,PFOS,1.16967831357177,0.88909539912994,False,up
WBGene00021336,3,0.5,PFOS,-0.564894789540155,0.88909539912994,False,down
WBGene00015864,3,1.0,PFOS,0.594596506321189,0.892916887382038,False,up
WBGene00020985,3,1.0,PFOS,0.544340520590784,0.892916887382038,False,up
WBGene00020725,3,1.0,PFOS,0.215265143010116,0.897159067862941,False,up
WBGene00016093,3,0.9666666666666667,PFOS,0.229363341979727,0.897630778410644,False,up
WBGene00012578,3,1.0,PFOS,-0.109800887887753,0.897630778410644,False,down
WBGene00002224,3,1.0,PFOS,-0.248563517014397,0.899470405312987,False,down
WBGene00018610,3,0.9333333333333333,PFOS,0.200562235066005,0.900998745173771,False,up
WBGene00007453,3,1.0,PFOS,0.439169126143984,0.90141746915039,False,up
WBGene00009623,3,1.0,PFOS,0.388996103236259,0.903508258543383,False,up
WBGene00004401,3,1.0,PFOS,0.223546802135794,0.903508258543383,False,up
WBGene00019456,3,0.7666666666666667,PFOS,0.17334183811484,0.903508258543383,False,up
WBGene00006688,3,1.0,PFOS,0.61642751050058,0.903903312304651,False,up
WBGene00013456,3,1.0,PFOS,0.228514024837983,0.907212133840133,False,up
WBGene00022004,3,0.9666666666666667,PFOS,0.188728693057896,0.907212133840133,False,up
WBGene00019772,3,0.9333333333333333,PFOS,0.173386120021366,0.907212133840133,False,up
WBGene00000089,3,0.9666666666666667,PFOS,0.149585509214332,0.907212133840133,False,up
WBGene00016415,3,1.0,PFOS,-0.101657717031284,0.907212133840133,False,down
WBGene00015483,3,0.9,PFOS,-0.267430043758517,0.907212133840133,False,down
WBGene00020467,3,1.0,PFOS,-0.570767376052496,0.907212133840133,False,down
WBGene00006609,3,0.9,PFOS,-0.275338675025942,0.907622120353289,False,down
WBGene00005719,3,1.0,PFOS,1.14278259842488,0.908478520710639,False,up
WBGene00003840,3,0.9666666666666667,PFOS,0.404680445255756,0.908478520710639,False,up
WBGene00004198,3,0.9,PFOS,0.173660678155038,0.908478520710639,False,up
WBGene00008656,3,0.9666666666666667,PFOS,0.170672680439827,0.908578118920255,False,up
WBGene00007753,3,1.0,PFOS,0.154417640068347,0.909688591393144,False,up
WBGene00001667,3,1.0,PFOS,0.819010516751071,0.910565028515146,False,up
WBGene00020825,3,0.8,PFOS,0.403226743548014,0.910565028515146,False,up
WBGene00019226,3,1.0,PFOS,0.276811043352315,0.910565028515146,False,up
WBGene00008499,3,1.0,PFOS,0.248343112175017,0.910565028515146,False,up
WBGene00022736,3,1.0,PFOS,0.18993095492262,0.910565028515146,False,up
WBGene00000110,3,1.0,PFOS,0.16419936898539,0.910565028515146,False,up
WBGene00003677,3,0.9,PFOS,0.151901069405839,0.910565028515146,False,up
WBGene00003166,3,1.0,PFOS,0.107553914531606,0.910565028515146,False,up
WBGene00000219,3,1.0,PFOS,-0.142570811323485,0.910565028515146,False,down
WBGene00022562,3,0.7,PFOS,-0.249621148990896,0.910565028515146,False,down
WBGene00020043,3,1.0,PFOS,-0.315503041321678,0.910565028515146,False,down
WBGene00000009,3,1.0,PFOS,-0.444160673222118,0.910565028515146,False,down
WBGene00015301,3,1.0,PFOS,0.109773256898426,0.910755875946422,False,up
WBGene00013828,3,1.0,PFOS,-0.700708352737765,0.910755875946422,False,down
WBGene00008195,3,1.0,PFOS,-0.174930958926347,0.91145753020803,False,down
WBGene00011850,3,0.9666666666666667,PFOS,0.249564959109631,0.91826874520058,False,up
WBGene00017578,3,1.0,PFOS,-0.172061624123952,0.91826874520058,False,down
WBGene00235352,3,0.9666666666666667,PFOS,-0.280538474814641,0.91826874520058,False,down
WBGene00011738,3,0.9666666666666667,PFOS,0.107664589640035,0.919660161830238,False,up
WBGene00020786,3,1.0,PFOS,0.369743748664128,0.92048786251004,False,up
WBGene00017615,3,0.9666666666666667,PFOS,-1.21901348436401,0.92058660727951,False,down
WBGene00008403,3,1.0,PFOS,0.334038278922442,0.923380735466733,False,up
WBGene00014051,3,1.0,PFOS,0.0845279212877038,0.923380735466733,False,up
WBGene00007241,3,1.0,PFOS,0.309803777419351,0.924293381859891,False,up
WBGene00016575,3,0.9,PFOS,-0.24525410735854,0.924293381859891,False,down
WBGene00002173,3,1.0,PFOS,0.15675993172617,0.924557246490993,False,up
WBGene00022485,3,1.0,PFOS,0.218203771861733,0.924835294020974,False,up
WBGene00001900,3,0.6,PFOS,-0.455347286406427,0.924835294020974,False,down
WBGene00013298,3,0.9666666666666667,PFOS,0.581548619404558,0.926356025745607,False,up
WBGene00008432,3,1.0,PFOS,-0.193031095808044,0.926356025745607,False,down
WBGene00008323,3,0.6333333333333333,PFOS,0.910854636383533,0.928200581727589,False,up
WBGene00003411,3,1.0,PFOS,0.160418584636539,0.928200581727589,False,up
WBGene00022802,3,0.9,PFOS,-0.313352962997155,0.928200581727589,False,down
WBGene00012404,3,1.0,PFOS,-0.359295607124484,0.928200581727589,False,down
WBGene00044677,3,1.0,PFOS,0.337843061927392,0.929484116340887,False,up
WBGene00004150,3,1.0,PFOS,0.602733008539558,0.929490518497005,False,up
WBGene00022168,3,0.5,PFOS,0.162296385344653,0.929490518497005,False,up
WBGene00013736,3,0.9333333333333333,PFOS,0.123093747676201,0.929490518497005,False,up
WBGene00022554,3,0.9666666666666667,PFOS,-0.139002516671344,0.929490518497005,False,down
WBGene00021787,3,1.0,PFOS,-0.680216362617055,0.929490518497005,False,down
WBGene00017576,3,1.0,PFOS,0.230694885914221,0.930492006037059,False,up
WBGene00010453,3,0.5333333333333333,PFOS,0.320218069837019,0.933716999652349,False,up
WBGene00015539,3,0.9666666666666667,PFOS,0.187989689091554,0.933716999652349,False,up
WBGene00019521,3,1.0,PFOS,0.167806967963084,0.933716999652349,False,up
WBGene00013243,3,1.0,PFOS,0.138001715506308,0.933716999652349,False,up
WBGene00015264,3,1.0,PFOS,-0.337554091571301,0.933716999652349,False,down
WBGene00018103,3,1.0,PFOS,-1.21682947799837,0.933716999652349,False,down
WBGene00007338,3,1.0,PFOS,0.297693862229333,0.934227026700036,False,up
WBGene00015577,3,0.8333333333333334,PFOS,0.171755625891941,0.934227026700036,False,up
WBGene00021510,3,1.0,PFOS,0.116821639632803,0.936990132456059,False,up
WBGene00019749,3,0.9666666666666667,PFOS,0.204718233877687,0.937471106381316,False,up
WBGene00020594,3,0.9666666666666667,PFOS,0.709670806449259,0.938982318735626,False,up
WBGene00020929,3,1.0,PFOS,-0.162047997448548,0.939156783079216,False,down
WBGene00007716,3,0.9666666666666667,PFOS,0.527060338504974,0.943771413581152,False,up
WBGene00010049,3,1.0,PFOS,-0.137467006162942,0.943771413581152,False,down
WBGene00007515,3,0.9333333333333333,PFOS,-0.489467163681134,0.943771413581152,False,down
WBGene00270303,3,0.9666666666666667,PFOS,0.703219084668719,0.944226345065683,False,up
WBGene00021208,3,1.0,PFOS,-0.154018263537414,0.944226345065683,False,down
WBGene00020023,3,1.0,PFOS,0.254399667551485,0.947896275821401,False,up
WBGene00022571,3,0.5333333333333333,PFOS,-0.530695670485328,0.949840010305717,False,down
WBGene00010063,3,1.0,PFOS,0.229483394846635,0.950011037340283,False,up
WBGene00009201,3,0.9,PFOS,0.0845031817550126,0.950011037340283,False,up
WBGene00013609,3,1.0,PFOS,-0.223015716218651,0.950011037340283,False,down
WBGene00018874,3,1.0,PFOS,-0.381714716745366,0.950011037340283,False,down
WBGene00021412,3,0.9666666666666667,PFOS,0.441772033593778,0.951433786000603,False,up
WBGene00019623,3,0.9666666666666667,PFOS,0.431657841108661,0.954828568558256,False,up
WBGene00019105,3,1.0,PFOS,-0.296328599410412,0.954828568558256,False,down
WBGene00008443,3,1.0,PFOS,0.121089872541983,0.954847598607419,False,up
WBGene00020393,3,1.0,PFOS,-0.178417668761976,0.954847598607419,False,down
WBGene00194674,3,1.0,PFOS,-0.534897437824422,0.954847598607419,False,down
WBGene00012034,3,1.0,PFOS,-0.696833914494986,0.959620262812667,False,down
WBGene00016976,3,1.0,PFOS,0.318320416392541,0.961420998414246,False,up
WBGene00003031,3,1.0,PFOS,0.237673957388694,0.961420998414246,False,up
WBGene00011456,3,1.0,PFOS,0.21426373726734,0.961420998414246,False,up
WBGene00017513,3,1.0,PFOS,0.163641476163906,0.961420998414246,False,up
WBGene00012528,3,0.9666666666666667,PFOS,0.0872061592281589,0.961420998414246,False,up
WBGene00023485,3,1.0,PFOS,-0.339825132720361,0.961420998414246,False,down
WBGene00020326,3,0.9666666666666667,PFOS,-0.589317926275372,0.961420998414246,False,down
WBGene00007929,3,1.0,PFOS,0.369859761956071,0.961493561782644,False,up
WBGene00016568,3,1.0,PFOS,0.318922601679793,0.961762528346694,False,up
WBGene00016204,3,0.9666666666666667,PFOS,-0.289146635974292,0.961762528346694,False,down
WBGene00020401,3,1.0,PFOS,0.246338793746057,0.961899229558555,False,up
WBGene00009544,3,1.0,PFOS,0.222970085718526,0.961899229558555,False,up
WBGene00006527,3,1.0,PFOS,0.0954825209748417,0.961899229558555,False,up
WBGene00008680,3,0.9,PFOS,-1.40828072855452,0.961899229558555,False,down
WBGene00015270,3,1.0,PFOS,-0.307960544788451,0.970569346873031,False,down
WBGene00194921,3,1.0,PFOS,0.296798701423373,0.97078085657533,False,up
WBGene00015218,3,1.0,PFOS,-0.273369226903975,0.971604990151441,False,down
WBGene00013822,3,1.0,PFOS,-0.321412651705306,0.971604990151441,False,down
WBGene00013949,3,0.9666666666666667,PFOS,0.292635138460006,0.973095646425472,False,up
WBGene00019549,3,0.9,PFOS,0.574853061214564,0.973922501108299,False,up
WBGene00016100,3,1.0,PFOS,0.374823158662253,0.973922501108299,False,up
WBGene00011593,3,1.0,PFOS,0.345639310720228,0.973922501108299,False,up
WBGene00007752,3,0.9,PFOS,0.094947213450281,0.975765395755707,False,up
WBGene00016494,3,1.0,PFOS,-0.156173927863458,0.975765395755707,False,down
WBGene00005671,3,0.9,PFOS,-0.529222093532569,0.975765395755707,False,down
WBGene00003699,3,0.9666666666666667,PFOS,0.160951351627425,0.979191460659024,False,up
WBGene00013643,3,1.0,PFOS,-0.211217190528715,0.979191460659024,False,down
WBGene00005703,3,1.0,PFOS,-0.379689230013024,0.979191460659024,False,down
WBGene00000082,3,1.0,PFOS,-0.435796497972694,0.979191460659024,False,down
WBGene00007173,3,0.9666666666666667,PFOS,-0.34297615109136,0.979937390716047,False,down
WBGene00010724,3,1.0,PFOS,0.158143635621579,0.982138383749122,False,up
WBGene00003221,3,0.5333333333333333,PFOS,0.115346347860486,0.982179644486436,False,up
WBGene00006412,3,0.7333333333333333,PFOS,0.10764032687166,0.983437101809436,False,up
WBGene00000830,3,1.0,PFOS,0.246026767838587,0.983623859897177,False,up
WBGene00021238,3,0.9666666666666667,PFOS,0.11741440853673,0.983623859897177,False,up
WBGene00018869,3,1.0,PFOS,0.0706813490516114,0.983623859897177,False,up
WBGene00008961,3,1.0,PFOS,-0.487566897418972,0.983623859897177,False,down
WBGene00009490,3,1.0,PFOS,-0.495869078815405,0.983623859897177,False,down
WBGene00019473,3,0.6,PFOS,-0.313249818693942,0.985638409613415,False,down
WBGene00022592,3,1.0,PFOS,0.127647481908839,0.992115487608309,False,up
WBGene00235287,3,1.0,PFOS,0.275880434250225,0.99291952911692,False,up
WBGene00018727,3,1.0,PFOS,0.450830153558291,0.995377989652961,False,up
WBGene00044304,3,1.0,PFOS,0.23871044007854,0.995377989652961,False,up
WBGene00002136,3,1.0,PFOS,-0.351210127480059,0.995377989652961,False,down
WBGene00219455,3,1.0,PFOS,0.665582035280644,0.996060347715216,False,up
WBGene00009808,3,1.0,PFOS,0.433073067226656,0.996060347715216,False,up
WBGene00009781,3,0.9,PFOS,0.168705984485994,0.996060347715216,False,up
WBGene00001510,3,1.0,PFOS,0.122834684117197,0.996060347715216,False,up
WBGene00013509,3,0.9,PFOS,-0.228629462160438,0.997469382915978,False,down
WBGene00003976,3,0.9,PFOS,0.497915742544825,0.998567234339378,False,up
WBGene00010413,3,0.9666666666666667,PFOS,2.41799635868841,0.999139297746776,False,up
WBGene00013493,3,0.9333333333333333,PFOS,1.06702095418887,0.999139297746776,False,up
WBGene00010256,3,1.0,PFOS,0.960697713687268,0.999139297746776,False,up
WBGene00013586,3,0.9666666666666667,PFOS,0.93435638932665,0.999139297746776,False,up
WBGene00010717,3,1.0,PFOS,0.930944621898652,0.999139297746776,False,up
WBGene00021494,3,1.0,PFOS,0.874777045607632,0.999139297746776,False,up
WBGene00015149,3,0.9666666666666667,PFOS,0.873272256587369,0.999139297746776,False,up
WBGene00018380,3,0.6333333333333333,PFOS,0.850192848734358,0.999139297746776,False,up
WBGene00001765,3,1.0,PFOS,0.801859276340955,0.999139297746776,False,up
WBGene00012026,3,0.9,PFOS,0.796722927568792,0.999139297746776,False,up
WBGene00009964,3,0.8,PFOS,0.789158269005124,0.999139297746776,False,up
WBGene00017315,3,1.0,PFOS,0.772860668308764,0.999139297746776,False,up
WBGene00013399,3,0.9,PFOS,0.757616024423367,0.999139297746776,False,up
WBGene00012914,3,0.8666666666666667,PFOS,0.728498644921673,0.999139297746776,False,up
WBGene00013832,3,0.9,PFOS,0.696840382667013,0.999139297746776,False,up
WBGene00017469,3,1.0,PFOS,0.693005823925412,0.999139297746776,False,up
WBGene00018645,3,1.0,PFOS,0.690933152657125,0.999139297746776,False,up
WBGene00008849,3,1.0,PFOS,0.680765537265932,0.999139297746776,False,up
WBGene00016329,3,1.0,PFOS,0.675635093268007,0.999139297746776,False,up
WBGene00009535,3,1.0,PFOS,0.674291311537874,0.999139297746776,False,up
WBGene00017390,3,1.0,PFOS,0.642901029599827,0.999139297746776,False,up
WBGene00022713,3,1.0,PFOS,0.636631061126614,0.999139297746776,False,up
WBGene00015599,3,1.0,PFOS,0.636433046126588,0.999139297746776,False,up
WBGene00009308,3,0.9666666666666667,PFOS,0.630384219933271,0.999139297746776,False,up
WBGene00015386,3,0.9666666666666667,PFOS,0.623550374668583,0.999139297746776,False,up
WBGene00012070,3,0.9666666666666667,PFOS,0.611545198384471,0.999139297746776,False,up
WBGene00002012,3,1.0,PFOS,0.594176212945204,0.999139297746776,False,up
WBGene00018694,3,0.7333333333333333,PFOS,0.589901595656073,0.999139297746776,False,up
WBGene00005205,3,1.0,PFOS,0.586604377401634,0.999139297746776,False,up
WBGene00016697,3,0.9333333333333333,PFOS,0.577338208595259,0.999139297746776,False,up
WBGene00008550,3,1.0,PFOS,0.570614797311319,0.999139297746776,False,up
WBGene00007314,3,1.0,PFOS,0.567028990813902,0.999139297746776,False,up
WBGene00271821,3,1.0,PFOS,0.562949493934129,0.999139297746776,False,up
WBGene00009312,3,1.0,PFOS,0.562829269959456,0.999139297746776,False,up
WBGene00005437,3,0.6666666666666666,PFOS,0.560112769864613,0.999139297746776,False,up
WBGene00003574,3,0.9,PFOS,0.556457167915711,0.999139297746776,False,up
WBGene00008334,3,1.0,PFOS,0.547361835837554,0.999139297746776,False,up
WBGene00000650,3,0.9,PFOS,0.539053177942984,0.999139297746776,False,up
WBGene00007507,3,0.9666666666666667,PFOS,0.535083104355383,0.999139297746776,False,up
WBGene00012808,3,0.9333333333333333,PFOS,0.531506573672394,0.999139297746776,False,up
WBGene00007361,3,0.9666666666666667,PFOS,0.53135683667663,0.999139297746776,False,up
WBGene00023515,3,1.0,PFOS,0.526544604649119,0.999139297746776,False,up
WBGene00006208,3,0.9666666666666667,PFOS,0.523898654771865,0.999139297746776,False,up
WBGene00015601,3,1.0,PFOS,0.520708525830804,0.999139297746776,False,up
WBGene00014698,3,1.0,PFOS,0.517739232975561,0.999139297746776,False,up
WBGene00013303,3,0.9666666666666667,PFOS,0.512548545198534,0.999139297746776,False,up
WBGene00002026,3,0.5333333333333333,PFOS,0.50866536501339,0.999139297746776,False,up
WBGene00016247,3,1.0,PFOS,0.507705034896862,0.999139297746776,False,up
WBGene00015701,3,1.0,PFOS,0.506950534026846,0.999139297746776,False,up
WBGene00019913,3,0.7666666666666667,PFOS,0.499776328072216,0.999139297746776,False,up
WBGene00011136,3,1.0,PFOS,0.498725064037013,0.999139297746776,False,up
WBGene00006627,3,1.0,PFOS,0.495126745744048,0.999139297746776,False,up
WBGene00003548,3,0.9,PFOS,0.492260069781263,0.999139297746776,False,up
WBGene00007868,3,1.0,PFOS,0.487916512943437,0.999139297746776,False,up
WBGene00011429,3,0.7,PFOS,0.485422070651641,0.999139297746776,False,up
WBGene00019231,3,0.7666666666666667,PFOS,0.485224156673825,0.999139297746776,False,up
WBGene00012631,3,1.0,PFOS,0.480838271923829,0.999139297746776,False,up
WBGene00010746,3,0.7333333333333333,PFOS,0.480161941187536,0.999139297746776,False,up
WBGene00007423,3,1.0,PFOS,0.477721981957394,0.999139297746776,False,up
WBGene00019564,3,1.0,PFOS,0.476260379115135,0.999139297746776,False,up
WBGene00021117,3,1.0,PFOS,0.475934966256364,0.999139297746776,False,up
WBGene00008010,3,1.0,PFOS,0.475198070369616,0.999139297746776,False,up
WBGene00016003,3,0.9,PFOS,0.472550161888467,0.999139297746776,False,up
WBGene00018988,3,0.9666666666666667,PFOS,0.470860873068383,0.999139297746776,False,up
WBGene00010446,3,0.9666666666666667,PFOS,0.467501453421453,0.999139297746776,False,up
WBGene00020565,3,1.0,PFOS,0.462867429047847,0.999139297746776,False,up
WBGene00014073,3,1.0,PFOS,0.452684072906193,0.999139297746776,False,up
WBGene00219289,3,1.0,PFOS,0.45114468094593,0.999139297746776,False,up
WBGene00015622,3,1.0,PFOS,0.45086216621529,0.999139297746776,False,up
WBGene00020033,3,0.9666666666666667,PFOS,0.450662187580451,0.999139297746776,False,up
WBGene00008679,3,0.7333333333333333,PFOS,0.448260139380632,0.999139297746776,False,up
WBGene00017341,3,1.0,PFOS,0.447520555568413,0.999139297746776,False,up
WBGene00185005,3,1.0,PFOS,0.44710301319779,0.999139297746776,False,up
WBGene00010789,3,0.5,PFOS,0.44703334679496,0.999139297746776,False,up
WBGene00021167,3,0.9,PFOS,0.445230755463861,0.999139297746776,False,up
WBGene00045215,3,1.0,PFOS,0.443983748694295,0.999139297746776,False,up
WBGene00007437,3,1.0,PFOS,0.44340389877852,0.999139297746776,False,up
WBGene00009390,3,1.0,PFOS,0.439882611523599,0.999139297746776,False,up
WBGene00020746,3,0.9333333333333333,PFOS,0.439595766288558,0.999139297746776,False,up
WBGene00235271,3,1.0,PFOS,0.432129487664508,0.999139297746776,False,up
WBGene00012596,3,1.0,PFOS,0.432088382375406,0.999139297746776,False,up
WBGene00007509,3,1.0,PFOS,0.426387638293918,0.999139297746776,False,up
WBGene00284848,3,0.9666666666666667,PFOS,0.419887935049573,0.999139297746776,False,up
WBGene00021121,3,1.0,PFOS,0.417840369328776,0.999139297746776,False,up
WBGene00007471,3,1.0,PFOS,0.417275083213958,0.999139297746776,False,up
WBGene00010136,3,1.0,PFOS,0.408905019888876,0.999139297746776,False,up
WBGene00022476,3,1.0,PFOS,0.408278265330757,0.999139297746776,False,up
WBGene00202512,3,1.0,PFOS,0.407063480922797,0.999139297746776,False,up
WBGene00011450,3,1.0,PFOS,0.404095275770109,0.999139297746776,False,up
WBGene00044788,3,1.0,PFOS,0.40313450077833,0.999139297746776,False,up
WBGene00010781,3,1.0,PFOS,0.402796314540369,0.999139297746776,False,up
WBGene00020774,3,0.6,PFOS,0.400661537666595,0.999139297746776,False,up
WBGene00044020,3,1.0,PFOS,0.399749007698673,0.999139297746776,False,up
WBGene00206514,3,1.0,PFOS,0.399014055161795,0.999139297746776,False,up
WBGene00007370,3,0.9666666666666667,PFOS,0.398103138269251,0.999139297746776,False,up
WBGene00012938,3,1.0,PFOS,0.392764774582329,0.999139297746776,False,up
WBGene00014255,3,1.0,PFOS,0.388199668243515,0.999139297746776,False,up
WBGene00015858,3,1.0,PFOS,0.388036928423614,0.999139297746776,False,up
WBGene00001782,3,1.0,PFOS,0.385910104245141,0.999139297746776,False,up
WBGene00010545,3,1.0,PFOS,0.385268170741513,0.999139297746776,False,up
WBGene00005262,3,0.7333333333333333,PFOS,0.38395106322118,0.999139297746776,False,up
WBGene00011133,3,1.0,PFOS,0.383542325644862,0.999139297746776,False,up
WBGene00011321,3,0.9666666666666667,PFOS,0.382330887627465,0.999139297746776,False,up
WBGene00008757,3,1.0,PFOS,0.382281861736386,0.999139297746776,False,up
WBGene00013028,3,0.6666666666666666,PFOS,0.38109787194053,0.999139297746776,False,up
WBGene00006539,3,1.0,PFOS,0.380089770564179,0.999139297746776,False,up
WBGene00015822,3,1.0,PFOS,0.375603298285145,0.999139297746776,False,up
WBGene00005245,3,0.9333333333333333,PFOS,0.375415941759474,0.999139297746776,False,up
WBGene00016467,3,1.0,PFOS,0.37344747090688,0.999139297746776,False,up
WBGene00304808,3,0.9333333333333333,PFOS,0.371791823884062,0.999139297746776,False,up
WBGene00019939,3,1.0,PFOS,0.370297618714718,0.999139297746776,False,up
WBGene00021491,3,1.0,PFOS,0.370209401125273,0.999139297746776,False,up
WBGene00015437,3,1.0,PFOS,0.370129135671934,0.999139297746776,False,up
WBGene00045405,3,0.9333333333333333,PFOS,0.369907301248609,0.999139297746776,False,up
WBGene00044066,3,0.6,PFOS,0.369668772373286,0.999139297746776,False,up
WBGene00194726,3,1.0,PFOS,0.36347881564142,0.999139297746776,False,up
WBGene00005032,3,0.9,PFOS,0.363369761686756,0.999139297746776,False,up
WBGene00015720,3,1.0,PFOS,0.363238280994691,0.999139297746776,False,up
WBGene00008234,3,0.9,PFOS,0.357620254631513,0.999139297746776,False,up
WBGene00020157,3,0.5333333333333333,PFOS,0.356324238035433,0.999139297746776,False,up
WBGene00002093,3,1.0,PFOS,0.353535922496925,0.999139297746776,False,up
WBGene00021256,3,1.0,PFOS,0.353098224406515,0.999139297746776,False,up
WBGene00015666,3,1.0,PFOS,0.352992978501343,0.999139297746776,False,up
WBGene00003092,3,1.0,PFOS,0.352847899010955,0.999139297746776,False,up
WBGene00011293,3,1.0,PFOS,0.352351361448959,0.999139297746776,False,up
WBGene00007506,3,1.0,PFOS,0.35173489910208,0.999139297746776,False,up
WBGene00000655,3,0.6333333333333333,PFOS,0.351406007049874,0.999139297746776,False,up
WBGene00009549,3,1.0,PFOS,0.34771059041385,0.999139297746776,False,up
WBGene00011191,3,1.0,PFOS,0.347662625474035,0.999139297746776,False,up
WBGene00011327,3,1.0,PFOS,0.346963541588909,0.999139297746776,False,up
WBGene00015936,3,1.0,PFOS,0.346687196229307,0.999139297746776,False,up
WBGene00007818,3,0.9666666666666667,PFOS,0.34665454813105,0.999139297746776,False,up
WBGene00001523,3,1.0,PFOS,0.345114727911005,0.999139297746776,False,up
WBGene00009839,3,0.7,PFOS,0.343106095063575,0.999139297746776,False,up
WBGene00138711,3,1.0,PFOS,0.342822523975883,0.999139297746776,False,up
WBGene00017015,3,1.0,PFOS,0.338581159732517,0.999139297746776,False,up
WBGene00018052,3,1.0,PFOS,0.337793082427885,0.999139297746776,False,up
WBGene00077751,3,1.0,PFOS,0.336686960479556,0.999139297746776,False,up
WBGene00022345,3,1.0,PFOS,0.331934113682186,0.999139297746776,False,up
WBGene00044534,3,0.9333333333333333,PFOS,0.331881423413408,0.999139297746776,False,up
WBGene00011453,3,0.6666666666666666,PFOS,0.331153223789486,0.999139297746776,False,up
WBGene00269432,3,1.0,PFOS,0.329456960225852,0.999139297746776,False,up
WBGene00206366,3,0.9666666666666667,PFOS,0.329374857257529,0.999139297746776,False,up
WBGene00019391,3,1.0,PFOS,0.327962707237744,0.999139297746776,False,up
WBGene00018404,3,1.0,PFOS,0.327195534735773,0.999139297746776,False,up
WBGene00044611,3,1.0,PFOS,0.326937645744188,0.999139297746776,False,up
WBGene00003856,3,0.9,PFOS,0.325725330330587,0.999139297746776,False,up
WBGene00010250,3,1.0,PFOS,0.325526713682172,0.999139297746776,False,up
WBGene00008617,3,0.9,PFOS,0.324215426103198,0.999139297746776,False,up
WBGene00021600,3,0.9333333333333333,PFOS,0.323884947005361,0.999139297746776,False,up
WBGene00284867,3,1.0,PFOS,0.322131835331225,0.999139297746776,False,up
WBGene00001769,3,0.9666666666666667,PFOS,0.321740959388688,0.999139297746776,False,up
WBGene00019648,3,1.0,PFOS,0.315526504931272,0.999139297746776,False,up
WBGene00001397,3,0.7,PFOS,0.314439930194252,0.999139297746776,False,up
WBGene00001936,3,1.0,PFOS,0.314112142697297,0.999139297746776,False,up
WBGene00001750,3,0.9666666666666667,PFOS,0.313982632297533,0.999139297746776,False,up
WBGene00010574,3,1.0,PFOS,0.311235572950427,0.999139297746776,False,up
WBGene00013830,3,1.0,PFOS,0.309867580363605,0.999139297746776,False,up
WBGene00019139,3,0.9333333333333333,PFOS,0.30857305003979,0.999139297746776,False,up
WBGene00019885,3,1.0,PFOS,0.308295882112833,0.999139297746776,False,up
WBGene00000487,3,1.0,PFOS,0.307982072178255,0.999139297746776,False,up
WBGene00022527,3,1.0,PFOS,0.307823597979978,0.999139297746776,False,up
WBGene00011003,3,0.9666666666666667,PFOS,0.307103613627995,0.999139297746776,False,up
WBGene00018470,3,1.0,PFOS,0.306961767126896,0.999139297746776,False,up
WBGene00022040,3,1.0,PFOS,0.306735393331621,0.999139297746776,False,up
WBGene00018684,3,1.0,PFOS,0.306489774018515,0.999139297746776,False,up
WBGene00012473,3,1.0,PFOS,0.302350529828421,0.999139297746776,False,up
WBGene00044736,3,1.0,PFOS,0.301992757805336,0.999139297746776,False,up
WBGene00016281,3,0.5333333333333333,PFOS,0.30004671356227,0.999139297746776,False,up
WBGene00235312,3,1.0,PFOS,0.298600213761104,0.999139297746776,False,up
WBGene00022498,3,1.0,PFOS,0.297369592981267,0.999139297746776,False,up
WBGene00013825,3,1.0,PFOS,0.296666995086856,0.999139297746776,False,up
WBGene00011340,3,1.0,PFOS,0.296287124826344,0.999139297746776,False,up
WBGene00008773,3,1.0,PFOS,0.295810860862831,0.999139297746776,False,up
WBGene00023490,3,1.0,PFOS,0.294930945942808,0.999139297746776,False,up
WBGene00045510,3,1.0,PFOS,0.294106015282895,0.999139297746776,False,up
WBGene00001757,3,1.0,PFOS,0.293381184243602,0.999139297746776,False,up
WBGene00019352,3,1.0,PFOS,0.292083386470985,0.999139297746776,False,up
WBGene00175027,3,0.9666666666666667,PFOS,0.292059247108296,0.999139297746776,False,up
WBGene00010654,3,1.0,PFOS,0.291491415202761,0.999139297746776,False,up
WBGene00006628,3,0.9666666666666667,PFOS,0.291016651732408,0.999139297746776,False,up
WBGene00019262,3,1.0,PFOS,0.289299789852082,0.999139297746776,False,up
WBGene00009854,3,0.6333333333333333,PFOS,0.289240209000263,0.999139297746776,False,up
WBGene00006987,3,0.5,PFOS,0.289061475289883,0.999139297746776,False,up
WBGene00015963,3,0.9666666666666667,PFOS,0.288476314138325,0.999139297746776,False,up
WBGene00010473,3,0.8333333333333334,PFOS,0.288256066393748,0.999139297746776,False,up
WBGene00009625,3,1.0,PFOS,0.287606358236486,0.999139297746776,False,up
WBGene00021094,3,0.9,PFOS,0.287582005818181,0.999139297746776,False,up
WBGene00019525,3,1.0,PFOS,0.287438624762332,0.999139297746776,False,up
WBGene00008490,3,1.0,PFOS,0.287413747596161,0.999139297746776,False,up
WBGene00001549,3,0.9666666666666667,PFOS,0.287383514238535,0.999139297746776,False,up
WBGene00013169,3,1.0,PFOS,0.287026017669561,0.999139297746776,False,up
WBGene00000700,3,0.9666666666666667,PFOS,0.286992851242968,0.999139297746776,False,up
WBGene00044525,3,1.0,PFOS,0.286711690467678,0.999139297746776,False,up
WBGene00015028,3,1.0,PFOS,0.286109145863039,0.999139297746776,False,up
WBGene00017804,3,1.0,PFOS,0.28267587144606,0.999139297746776,False,up
WBGene00013477,3,1.0,PFOS,0.280739027646561,0.999139297746776,False,up
WBGene00011305,3,1.0,PFOS,0.27951723657314,0.999139297746776,False,up
WBGene00010202,3,0.9666666666666667,PFOS,0.279104413345447,0.999139297746776,False,up
WBGene00219423,3,0.9,PFOS,0.277534311445409,0.999139297746776,False,up
WBGene00015397,3,0.9666666666666667,PFOS,0.277274506882774,0.999139297746776,False,up
WBGene00017051,3,1.0,PFOS,0.27400955329967,0.999139297746776,False,up
WBGene00189987,3,1.0,PFOS,0.273268043261408,0.999139297746776,False,up
WBGene00008130,3,1.0,PFOS,0.273181290552803,0.999139297746776,False,up
WBGene00001778,3,0.9666666666666667,PFOS,0.272802084260782,0.999139297746776,False,up
WBGene00017756,3,0.7666666666666667,PFOS,0.27189936989137,0.999139297746776,False,up
WBGene00006374,3,1.0,PFOS,0.270494352598671,0.999139297746776,False,up
WBGene00019302,3,1.0,PFOS,0.270207074416309,0.999139297746776,False,up
WBGene00011811,3,1.0,PFOS,0.270204692875457,0.999139297746776,False,up
WBGene00016016,3,1.0,PFOS,0.269633233730704,0.999139297746776,False,up
WBGene00022627,3,1.0,PFOS,0.269271740666905,0.999139297746776,False,up
WBGene00008591,3,0.9333333333333333,PFOS,0.268863122125065,0.999139297746776,False,up
WBGene00005640,3,1.0,PFOS,0.268860130951043,0.999139297746776,False,up
WBGene00044661,3,1.0,PFOS,0.268485414615636,0.999139297746776,False,up
WBGene00044478,3,0.7333333333333333,PFOS,0.267043322819286,0.999139297746776,False,up
WBGene00021204,3,0.9666666666666667,PFOS,0.266555465224242,0.999139297746776,False,up
WBGene00009601,3,1.0,PFOS,0.266080092432581,0.999139297746776,False,up
WBGene00007670,3,1.0,PFOS,0.265266726913076,0.999139297746776,False,up
WBGene00020851,3,0.9666666666666667,PFOS,0.265142670814303,0.999139297746776,False,up
WBGene00020574,3,1.0,PFOS,0.264324380055492,0.999139297746776,False,up
WBGene00219422,3,1.0,PFOS,0.263963338671834,0.999139297746776,False,up
WBGene00010747,3,1.0,PFOS,0.263632475826549,0.999139297746776,False,up
WBGene00015849,3,1.0,PFOS,0.263443730283434,0.999139297746776,False,up
WBGene00016514,3,1.0,PFOS,0.263332349498669,0.999139297746776,False,up
WBGene00043982,3,0.9666666666666667,PFOS,0.262537987721447,0.999139297746776,False,up
WBGene00017091,3,1.0,PFOS,0.262239277252248,0.999139297746776,False,up
WBGene00007362,3,0.6333333333333333,PFOS,0.262121676661331,0.999139297746776,False,up
WBGene00006611,3,1.0,PFOS,0.261506231467373,0.999139297746776,False,up
WBGene00022285,3,1.0,PFOS,0.261423680410358,0.999139297746776,False,up
WBGene00017628,3,1.0,PFOS,0.260606844087875,0.999139297746776,False,up
WBGene00022522,3,1.0,PFOS,0.260567091873496,0.999139297746776,False,up
WBGene00023431,3,1.0,PFOS,0.259949944277814,0.999139297746776,False,up
WBGene00020720,3,0.9,PFOS,0.258383503003543,0.999139297746776,False,up
WBGene00017807,3,1.0,PFOS,0.257646658536729,0.999139297746776,False,up
WBGene00206374,3,0.9666666666666667,PFOS,0.257005648248654,0.999139297746776,False,up
WBGene00010680,3,0.6333333333333333,PFOS,0.255830911517093,0.999139297746776,False,up
WBGene00009107,3,1.0,PFOS,0.254181165853889,0.999139297746776,False,up
WBGene00010138,3,1.0,PFOS,0.252857535201893,0.999139297746776,False,up
WBGene00022108,3,1.0,PFOS,0.252747186052994,0.999139297746776,False,up
WBGene00010693,3,1.0,PFOS,0.252268318215705,0.999139297746776,False,up
WBGene00195185,3,0.6,PFOS,0.251737423657144,0.999139297746776,False,up
WBGene00007928,3,0.9666666666666667,PFOS,0.251569278439151,0.999139297746776,False,up
WBGene00008009,3,1.0,PFOS,0.251194949921635,0.999139297746776,False,up
WBGene00016091,3,0.9666666666666667,PFOS,0.251126781480195,0.999139297746776,False,up
WBGene00021511,3,1.0,PFOS,0.251034975056278,0.999139297746776,False,up
WBGene00015559,3,1.0,PFOS,0.250192231408935,0.999139297746776,False,up
WBGene00021075,3,0.5333333333333333,PFOS,0.248727839827056,0.999139297746776,False,up
WBGene00001957,3,0.9,PFOS,0.24838355355926,0.999139297746776,False,up
WBGene00017394,3,1.0,PFOS,0.248042460844469,0.999139297746776,False,up
WBGene00021818,3,1.0,PFOS,0.247537761913597,0.999139297746776,False,up
WBGene00004255,3,1.0,PFOS,0.247083432159189,0.999139297746776,False,up
WBGene00008240,3,1.0,PFOS,0.246712377518822,0.999139297746776,False,up
WBGene00017243,3,1.0,PFOS,0.24613367089726,0.999139297746776,False,up
WBGene00015568,3,1.0,PFOS,0.245553239850453,0.999139297746776,False,up
WBGene00022061,3,0.9,PFOS,0.244565689581294,0.999139297746776,False,up
WBGene00008994,3,1.0,PFOS,0.243709751202847,0.999139297746776,False,up
WBGene00019047,3,1.0,PFOS,0.242700308188527,0.999139297746776,False,up
WBGene00009814,3,0.7333333333333333,PFOS,0.242600517256864,0.999139297746776,False,up
WBGene00007741,3,1.0,PFOS,0.242403416181921,0.999139297746776,False,up
WBGene00018614,3,1.0,PFOS,0.241732217568596,0.999139297746776,False,up
WBGene00019388,3,1.0,PFOS,0.241099286081784,0.999139297746776,False,up
WBGene00011430,3,1.0,PFOS,0.240718376216993,0.999139297746776,False,up
WBGene00012449,3,1.0,PFOS,0.237116044111758,0.999139297746776,False,up
WBGene00008904,3,1.0,PFOS,0.236497583009292,0.999139297746776,False,up
WBGene00011879,3,1.0,PFOS,0.236287546002907,0.999139297746776,False,up
WBGene00009855,3,0.5333333333333333,PFOS,0.235531330604432,0.999139297746776,False,up
WBGene00018250,3,1.0,PFOS,0.234998343596091,0.999139297746776,False,up
WBGene00000701,3,1.0,PFOS,0.234619014805064,0.999139297746776,False,up
WBGene00013402,3,1.0,PFOS,0.234534171796619,0.999139297746776,False,up
WBGene00016645,3,1.0,PFOS,0.233186599769738,0.999139297746776,False,up
WBGene00013295,3,1.0,PFOS,0.231850764814218,0.999139297746776,False,up
WBGene00010310,3,1.0,PFOS,0.231846346586148,0.999139297746776,False,up
WBGene00014152,3,1.0,PFOS,0.231838963312781,0.999139297746776,False,up
WBGene00017255,3,1.0,PFOS,0.231835683194137,0.999139297746776,False,up
WBGene00007844,3,0.9,PFOS,0.230766249161891,0.999139297746776,False,up
WBGene00012146,3,0.7,PFOS,0.230647580587298,0.999139297746776,False,up
WBGene00000563,3,1.0,PFOS,0.229472989312455,0.999139297746776,False,up
WBGene00009192,3,1.0,PFOS,0.228919567881542,0.999139297746776,False,up
WBGene00012852,3,1.0,PFOS,0.227656821302078,0.999139297746776,False,up
WBGene00009041,3,1.0,PFOS,0.225879409820702,0.999139297746776,False,up
WBGene00016628,3,0.9,PFOS,0.225584178105546,0.999139297746776,False,up
WBGene00000683,3,1.0,PFOS,0.224741773955053,0.999139297746776,False,up
WBGene00014145,3,0.9666666666666667,PFOS,0.22436129818251,0.999139297746776,False,up
WBGene00194895,3,1.0,PFOS,0.223665424285592,0.999139297746776,False,up
WBGene00018859,3,1.0,PFOS,0.223430075494406,0.999139297746776,False,up
WBGene00007827,3,0.9,PFOS,0.223090580193151,0.999139297746776,False,up
WBGene00020586,3,0.5,PFOS,0.222536267230805,0.999139297746776,False,up
WBGene00045338,3,1.0,PFOS,0.222193701974347,0.999139297746776,False,up
WBGene00269387,3,0.9333333333333333,PFOS,0.22205462392229,0.999139297746776,False,up
WBGene00009070,3,0.9333333333333333,PFOS,0.221925058744728,0.999139297746776,False,up
WBGene00044557,3,1.0,PFOS,0.221627213455219,0.999139297746776,False,up
WBGene00005612,3,1.0,PFOS,0.220939417502588,0.999139297746776,False,up
WBGene00005271,3,0.9,PFOS,0.219901669489344,0.999139297746776,False,up
WBGene00004221,3,1.0,PFOS,0.219785693577979,0.999139297746776,False,up
WBGene00018363,3,1.0,PFOS,0.219594598682115,0.999139297746776,False,up
WBGene00045382,3,0.7,PFOS,0.218403701066733,0.999139297746776,False,up
WBGene00002227,3,1.0,PFOS,0.217109056388244,0.999139297746776,False,up
WBGene00001506,3,1.0,PFOS,0.216718402239805,0.999139297746776,False,up
WBGene00019187,3,0.9,PFOS,0.21662435513796,0.999139297746776,False,up
WBGene00020015,3,0.6333333333333333,PFOS,0.214816366557587,0.999139297746776,False,up
WBGene00022003,3,1.0,PFOS,0.214749564959239,0.999139297746776,False,up
WBGene00022506,3,1.0,PFOS,0.213174270940091,0.999139297746776,False,up
WBGene00045482,3,0.5666666666666667,PFOS,0.213065247620576,0.999139297746776,False,up
WBGene00020563,3,0.5,PFOS,0.212829183787486,0.999139297746776,False,up
WBGene00044206,3,1.0,PFOS,0.212720567933685,0.999139297746776,False,up
WBGene00007635,3,1.0,PFOS,0.212269436446985,0.999139297746776,False,up
WBGene00021219,3,1.0,PFOS,0.211961228377856,0.999139297746776,False,up
WBGene00003705,3,1.0,PFOS,0.21186960940347,0.999139297746776,False,up
WBGene00020011,3,0.9666666666666667,PFOS,0.211553825807858,0.999139297746776,False,up
WBGene00009724,3,0.6333333333333333,PFOS,0.2115476519889,0.999139297746776,False,up
WBGene00015484,3,1.0,PFOS,0.210692297015484,0.999139297746776,False,up
WBGene00017197,3,1.0,PFOS,0.210113472732621,0.999139297746776,False,up
WBGene00018879,3,1.0,PFOS,0.2096749179577,0.999139297746776,False,up
WBGene00013950,3,0.9333333333333333,PFOS,0.20947372586228,0.999139297746776,False,up
WBGene00018771,3,0.9666666666666667,PFOS,0.209393654857308,0.999139297746776,False,up
WBGene00020302,3,0.9333333333333333,PFOS,0.208336944142036,0.999139297746776,False,up
WBGene00013175,3,0.9333333333333333,PFOS,0.207837609877523,0.999139297746776,False,up
WBGene00007890,3,1.0,PFOS,0.207808721160744,0.999139297746776,False,up
WBGene00003602,3,1.0,PFOS,0.207045466929346,0.999139297746776,False,up
WBGene00012634,3,0.9666666666666667,PFOS,0.206908630748935,0.999139297746776,False,up
WBGene00010985,3,0.9666666666666667,PFOS,0.206157828667792,0.999139297746776,False,up
WBGene00077525,3,1.0,PFOS,0.205785626728162,0.999139297746776,False,up
WBGene00005481,3,1.0,PFOS,0.205765679567299,0.999139297746776,False,up
WBGene00001751,3,0.7333333333333333,PFOS,0.205417467769922,0.999139297746776,False,up
WBGene00008744,3,1.0,PFOS,0.203926543503434,0.999139297746776,False,up
WBGene00001916,3,0.9,PFOS,0.203518748122246,0.999139297746776,False,up
WBGene00010043,3,0.9,PFOS,0.203358884726653,0.999139297746776,False,up
WBGene00018855,3,1.0,PFOS,0.203275917624421,0.999139297746776,False,up
WBGene00012394,3,1.0,PFOS,0.202395014474366,0.999139297746776,False,up
WBGene00007723,3,0.6666666666666666,PFOS,0.202246771984821,0.999139297746776,False,up
WBGene00001723,3,1.0,PFOS,0.201226192811269,0.999139297746776,False,up
WBGene00022668,3,0.9,PFOS,0.20079831554364,0.999139297746776,False,up
WBGene00013608,3,0.7,PFOS,0.200148026868034,0.999139297746776,False,up
WBGene00009901,3,0.9,PFOS,0.199912682295166,0.999139297746776,False,up
WBGene00011554,3,0.9,PFOS,0.199351568372634,0.999139297746776,False,up
WBGene00001763,3,1.0,PFOS,0.199177789981189,0.999139297746776,False,up
WBGene00010001,3,0.5333333333333333,PFOS,0.198288117685276,0.999139297746776,False,up
WBGene00014200,3,0.9,PFOS,0.197816889647663,0.999139297746776,False,up
WBGene00009156,3,1.0,PFOS,0.197427078779699,0.999139297746776,False,up
WBGene00010321,3,0.9333333333333333,PFOS,0.197380686007102,0.999139297746776,False,up
WBGene00013717,3,0.5333333333333333,PFOS,0.197040215398079,0.999139297746776,False,up
WBGene00007351,3,0.9,PFOS,0.196667762355618,0.999139297746776,False,up
WBGene00010223,3,1.0,PFOS,0.196634884325865,0.999139297746776,False,up
WBGene00000902,3,1.0,PFOS,0.196253916484766,0.999139297746776,False,up
WBGene00019304,3,0.9333333333333333,PFOS,0.195833845135894,0.999139297746776,False,up
WBGene00013079,3,0.9333333333333333,PFOS,0.1955481498694,0.999139297746776,False,up
WBGene00001665,3,1.0,PFOS,0.194004869308568,0.999139297746776,False,up
WBGene00044297,3,0.9,PFOS,0.193781378970151,0.999139297746776,False,up
WBGene00020249,3,0.6333333333333333,PFOS,0.193111215094329,0.999139297746776,False,up
WBGene00013180,3,0.9,PFOS,0.192797064020946,0.999139297746776,False,up
WBGene00010367,3,0.9,PFOS,0.192591458377746,0.999139297746776,False,up
WBGene00077490,3,0.8333333333333334,PFOS,0.192519190947985,0.999139297746776,False,up
WBGene00013698,3,1.0,PFOS,0.192217287061915,0.999139297746776,False,up
WBGene00015999,3,1.0,PFOS,0.191953222993085,0.999139297746776,False,up
WBGene00009225,3,1.0,PFOS,0.191772252646945,0.999139297746776,False,up
WBGene00020976,3,1.0,PFOS,0.191418011746744,0.999139297746776,False,up
WBGene00015600,3,0.6333333333333333,PFOS,0.191223129211555,0.999139297746776,False,up
WBGene00009060,3,0.8333333333333334,PFOS,0.190831169286877,0.999139297746776,False,up
WBGene00020008,3,0.9,PFOS,0.189742983776098,0.999139297746776,False,up
WBGene00011695,3,0.9666666666666667,PFOS,0.189638858322571,0.999139297746776,False,up
WBGene00011590,3,1.0,PFOS,0.188346877539541,0.999139297746776,False,up
WBGene00021978,3,0.9,PFOS,0.187612014395656,0.999139297746776,False,up
WBGene00012682,3,1.0,PFOS,0.187363182768361,0.999139297746776,False,up
WBGene00001129,3,1.0,PFOS,0.187090596708565,0.999139297746776,False,up
WBGene00003643,3,1.0,PFOS,0.186299881194228,0.999139297746776,False,up
WBGene00206538,3,1.0,PFOS,0.185012249430415,0.999139297746776,False,up
WBGene00017660,3,0.9666666666666667,PFOS,0.184724139656195,0.999139297746776,False,up
WBGene00009178,3,1.0,PFOS,0.184395814400271,0.999139297746776,False,up
WBGene00010740,3,0.9,PFOS,0.183826306078297,0.999139297746776,False,up
WBGene00003807,3,0.7666666666666667,PFOS,0.183034457723329,0.999139297746776,False,up
WBGene00007854,3,0.9333333333333333,PFOS,0.182731349956738,0.999139297746776,False,up
WBGene00017174,3,1.0,PFOS,0.182501825569908,0.999139297746776,False,up
WBGene00018311,3,1.0,PFOS,0.181445263770802,0.999139297746776,False,up
WBGene00004393,3,1.0,PFOS,0.181080112146684,0.999139297746776,False,up
WBGene00003844,3,1.0,PFOS,0.180903594566393,0.999139297746776,False,up
WBGene00001466,3,0.5666666666666667,PFOS,0.180060461098836,0.999139297746776,False,up
WBGene00008314,3,1.0,PFOS,0.178549095027048,0.999139297746776,False,up
WBGene00010074,3,1.0,PFOS,0.177128723997102,0.999139297746776,False,up
WBGene00007758,3,0.6666666666666666,PFOS,0.176512396168944,0.999139297746776,False,up
WBGene00009142,3,0.9666666666666667,PFOS,0.176071775147235,0.999139297746776,False,up
WBGene00021704,3,1.0,PFOS,0.175353249868832,0.999139297746776,False,up
WBGene00019605,3,0.9666666666666667,PFOS,0.17529685756522,0.999139297746776,False,up
WBGene00017422,3,0.9666666666666667,PFOS,0.174899017167861,0.999139297746776,False,up
WBGene00021977,3,0.9333333333333333,PFOS,0.1748696940373,0.999139297746776,False,up
WBGene00010023,3,0.9666666666666667,PFOS,0.174404163785409,0.999139297746776,False,up
WBGene00003519,3,1.0,PFOS,0.17418187465257,0.999139297746776,False,up
WBGene00010632,3,0.8666666666666667,PFOS,0.173546460179394,0.999139297746776,False,up
WBGene00005163,3,0.9,PFOS,0.173333259711053,0.999139297746776,False,up
WBGene00017854,3,1.0,PFOS,0.173006437633903,0.999139297746776,False,up
WBGene00011896,3,1.0,PFOS,0.171534430677522,0.999139297746776,False,up
WBGene00010788,3,0.6,PFOS,0.171374120036255,0.999139297746776,False,up
WBGene00011244,3,0.9,PFOS,0.171297890790953,0.999139297746776,False,up
WBGene00006862,3,1.0,PFOS,0.171123200681435,0.999139297746776,False,up
WBGene00045386,3,0.9333333333333333,PFOS,0.17010720570957,0.999139297746776,False,up
WBGene00007247,3,1.0,PFOS,0.169877095426109,0.999139297746776,False,up
WBGene00013220,3,1.0,PFOS,0.16973074679224,0.999139297746776,False,up
WBGene00000664,3,0.9,PFOS,0.169575981738005,0.999139297746776,False,up
WBGene00016283,3,1.0,PFOS,0.169377916860845,0.999139297746776,False,up
WBGene00008265,3,0.6,PFOS,0.168552621247762,0.999139297746776,False,up
WBGene00017861,3,1.0,PFOS,0.168119313965324,0.999139297746776,False,up
WBGene00005246,3,0.9,PFOS,0.167983791633156,0.999139297746776,False,up
WBGene00003526,3,1.0,PFOS,0.167739248562772,0.999139297746776,False,up
WBGene00195142,3,1.0,PFOS,0.166850918355142,0.999139297746776,False,up
WBGene00018102,3,1.0,PFOS,0.166744467380216,0.999139297746776,False,up
WBGene00005655,3,1.0,PFOS,0.166277813098632,0.999139297746776,False,up
WBGene00005713,3,1.0,PFOS,0.16569415847399,0.999139297746776,False,up
WBGene00012448,3,1.0,PFOS,0.165471018731926,0.999139297746776,False,up
WBGene00003715,3,0.8333333333333334,PFOS,0.165351799675664,0.999139297746776,False,up
WBGene00015057,3,0.8333333333333334,PFOS,0.165032651906941,0.999139297746776,False,up
WBGene00003713,3,1.0,PFOS,0.16493372872435,0.999139297746776,False,up
WBGene00000831,3,1.0,PFOS,0.164929068406222,0.999139297746776,False,up
WBGene00044150,3,1.0,PFOS,0.164782451925326,0.999139297746776,False,up
WBGene00011960,3,0.7,PFOS,0.164656577390076,0.999139297746776,False,up
WBGene00008051,3,1.0,PFOS,0.164556452056634,0.999139297746776,False,up
WBGene00015574,3,0.9,PFOS,0.164190183174391,0.999139297746776,False,up
WBGene00012085,3,0.5666666666666667,PFOS,0.16416115197458,0.999139297746776,False,up
WBGene00000934,3,1.0,PFOS,0.164007875189539,0.999139297746776,False,up
WBGene00016314,3,1.0,PFOS,0.163885797069428,0.999139297746776,False,up
WBGene00007932,3,1.0,PFOS,0.16363484039176,0.999139297746776,False,up
WBGene00012859,3,0.7333333333333333,PFOS,0.163336042263841,0.999139297746776,False,up
WBGene00010765,3,1.0,PFOS,0.163098796297026,0.999139297746776,False,up
WBGene00009457,3,1.0,PFOS,0.162988568571084,0.999139297746776,False,up
WBGene00010972,3,1.0,PFOS,0.162688651763699,0.999139297746776,False,up
WBGene00022656,3,0.6666666666666666,PFOS,0.161962998292484,0.999139297746776,False,up
WBGene00018804,3,1.0,PFOS,0.161796856001452,0.999139297746776,False,up
WBGene00004068,3,0.9666666666666667,PFOS,0.161423109201626,0.999139297746776,False,up
WBGene00011416,3,1.0,PFOS,0.161082618939512,0.999139297746776,False,up
WBGene00007440,3,0.9,PFOS,0.161080086486827,0.999139297746776,False,up
WBGene00003660,3,0.9,PFOS,0.160225609388183,0.999139297746776,False,up
WBGene00017702,3,0.7333333333333333,PFOS,0.159942586839515,0.999139297746776,False,up
WBGene00010644,3,0.9666666666666667,PFOS,0.159563131127489,0.999139297746776,False,up
WBGene00012750,3,1.0,PFOS,0.159355089094882,0.999139297746776,False,up
WBGene00005253,3,1.0,PFOS,0.159233259097247,0.999139297746776,False,up
WBGene00011677,3,0.9666666666666667,PFOS,0.159186561694664,0.999139297746776,False,up
WBGene00021163,3,1.0,PFOS,0.159174285887533,0.999139297746776,False,up
WBGene00044387,3,1.0,PFOS,0.159154047219606,0.999139297746776,False,up
WBGene00019233,3,1.0,PFOS,0.15906202988154,0.999139297746776,False,up
WBGene00013425,3,1.0,PFOS,0.158889563451979,0.999139297746776,False,up
WBGene00000085,3,0.9666666666666667,PFOS,0.158409473443864,0.999139297746776,False,up
WBGene00018468,3,1.0,PFOS,0.158201058998605,0.999139297746776,False,up
WBGene00004114,3,0.9,PFOS,0.158177445104584,0.999139297746776,False,up
WBGene00003232,3,1.0,PFOS,0.157869155060193,0.999139297746776,False,up
WBGene00017427,3,1.0,PFOS,0.156671864998609,0.999139297746776,False,up
WBGene00004131,3,1.0,PFOS,0.156362109708378,0.999139297746776,False,up
WBGene00021505,3,0.9,PFOS,0.156150405588342,0.999139297746776,False,up
WBGene00012062,3,1.0,PFOS,0.156122055777133,0.999139297746776,False,up
WBGene00013043,3,1.0,PFOS,0.155369104964768,0.999139297746776,False,up
WBGene00001555,3,0.8666666666666667,PFOS,0.155228712526832,0.999139297746776,False,up
WBGene00020697,3,0.9666666666666667,PFOS,0.154691399284685,0.999139297746776,False,up
WBGene00010335,3,1.0,PFOS,0.154235007969369,0.999139297746776,False,up
WBGene00018255,3,0.9,PFOS,0.154103275579922,0.999139297746776,False,up
WBGene00008912,3,1.0,PFOS,0.153874141910251,0.999139297746776,False,up
WBGene00011545,3,1.0,PFOS,0.153372143815347,0.999139297746776,False,up
WBGene00018615,3,1.0,PFOS,0.153240876473819,0.999139297746776,False,up
WBGene00008226,3,1.0,PFOS,0.152953929143948,0.999139297746776,False,up
WBGene00009097,3,1.0,PFOS,0.152892385819619,0.999139297746776,False,up
WBGene00018602,3,1.0,PFOS,0.152737182791544,0.999139297746776,False,up
WBGene00002107,3,1.0,PFOS,0.152654568650145,0.999139297746776,False,up
WBGene00001779,3,1.0,PFOS,0.152635205375926,0.999139297746776,False,up
WBGene00012595,3,0.9333333333333333,PFOS,0.152332669299869,0.999139297746776,False,up
WBGene00008662,3,0.7666666666666667,PFOS,0.152280238151589,0.999139297746776,False,up
WBGene00017150,3,1.0,PFOS,0.152213301499334,0.999139297746776,False,up
WBGene00000597,3,0.9666666666666667,PFOS,0.151947459342898,0.999139297746776,False,up
WBGene00271744,3,0.7,PFOS,0.151582177762912,0.999139297746776,False,up
WBGene00004139,3,1.0,PFOS,0.151538442378464,0.999139297746776,False,up
WBGene00050899,3,1.0,PFOS,0.150939598355643,0.999139297746776,False,up
WBGene00006669,3,1.0,PFOS,0.150767813761009,0.999139297746776,False,up
WBGene00007926,3,0.9,PFOS,0.150405296517477,0.999139297746776,False,up
WBGene00009500,3,0.6333333333333333,PFOS,0.150086688229201,0.999139297746776,False,up
WBGene00021645,3,0.9666666666666667,PFOS,0.150077296373521,0.999139297746776,False,up
WBGene00013896,3,1.0,PFOS,0.149849275656351,0.999139297746776,False,up
WBGene00005132,3,0.6,PFOS,0.149392688631031,0.999139297746776,False,up
WBGene00001440,3,0.9333333333333333,PFOS,0.148531789180621,0.999139297746776,False,up
WBGene00018937,3,0.9666666666666667,PFOS,0.14840254868636,0.999139297746776,False,up
WBGene00003645,3,0.9,PFOS,0.147287391466594,0.999139297746776,False,up
WBGene00010795,3,1.0,PFOS,0.146745635765259,0.999139297746776,False,up
WBGene00013359,3,1.0,PFOS,0.146414803367297,0.999139297746776,False,up
WBGene00012462,3,1.0,PFOS,0.14615805835941,0.999139297746776,False,up
WBGene00011958,3,1.0,PFOS,0.146135272425793,0.999139297746776,False,up
WBGene00011678,3,0.7,PFOS,0.146015529823551,0.999139297746776,False,up
WBGene00044646,3,1.0,PFOS,0.14585331106151,0.999139297746776,False,up
WBGene00016503,3,0.6,PFOS,0.145680749970512,0.999139297746776,False,up
WBGene00013704,3,1.0,PFOS,0.144229154498881,0.999139297746776,False,up
WBGene00006677,3,1.0,PFOS,0.143962255191839,0.999139297746776,False,up
WBGene00044528,3,1.0,PFOS,0.143903632491225,0.999139297746776,False,up
WBGene00003747,3,1.0,PFOS,0.143430637476305,0.999139297746776,False,up
WBGene00044949,3,0.7,PFOS,0.142538023331726,0.999139297746776,False,up
WBGene00018043,3,1.0,PFOS,0.142497373841819,0.999139297746776,False,up
WBGene00016719,3,0.9,PFOS,0.142294871076218,0.999139297746776,False,up
WBGene00016619,3,1.0,PFOS,0.141973833097037,0.999139297746776,False,up
WBGene00002982,3,1.0,PFOS,0.141839822798829,0.999139297746776,False,up
WBGene00022288,3,1.0,PFOS,0.141825845757426,0.999139297746776,False,up
WBGene00015049,3,1.0,PFOS,0.141411712553748,0.999139297746776,False,up
WBGene00017747,3,0.9666666666666667,PFOS,0.141176304224635,0.999139297746776,False,up
WBGene00006486,3,0.7666666666666667,PFOS,0.141069213995582,0.999139297746776,False,up
WBGene00022873,3,1.0,PFOS,0.141054515740353,0.999139297746776,False,up
WBGene00017361,3,0.6333333333333333,PFOS,0.140793092663548,0.999139297746776,False,up
WBGene00015536,3,1.0,PFOS,0.140679565608396,0.999139297746776,False,up
WBGene00043992,3,1.0,PFOS,0.140433840985106,0.999139297746776,False,up
WBGene00013080,3,1.0,PFOS,0.140414468403849,0.999139297746776,False,up
WBGene00009811,3,1.0,PFOS,0.139815333139793,0.999139297746776,False,up
WBGene00015969,3,1.0,PFOS,0.139502542754885,0.999139297746776,False,up
WBGene00009819,3,0.5333333333333333,PFOS,0.139179875433035,0.999139297746776,False,up
WBGene00019069,3,1.0,PFOS,0.139047180186731,0.999139297746776,False,up
WBGene00003497,3,1.0,PFOS,0.138885880951308,0.999139297746776,False,up
WBGene00017418,3,0.9333333333333333,PFOS,0.138279525863675,0.999139297746776,False,up
WBGene00018886,3,0.9666666666666667,PFOS,0.138240812315588,0.999139297746776,False,up
WBGene00022823,3,0.9666666666666667,PFOS,0.138202944035413,0.999139297746776,False,up
WBGene00010248,3,1.0,PFOS,0.137791160694808,0.999139297746776,False,up
WBGene00004321,3,0.7,PFOS,0.137651196528231,0.999139297746776,False,up
WBGene00015728,3,1.0,PFOS,0.137449725500752,0.999139297746776,False,up
WBGene00011028,3,1.0,PFOS,0.137214439297872,0.999139297746776,False,up
WBGene00013708,3,0.9333333333333333,PFOS,0.137161197542567,0.999139297746776,False,up
WBGene00012195,3,1.0,PFOS,0.136876206589842,0.999139297746776,False,up
WBGene00018233,3,1.0,PFOS,0.136745893650696,0.999139297746776,False,up
WBGene00019565,3,1.0,PFOS,0.136742035788234,0.999139297746776,False,up
WBGene00012130,3,0.7,PFOS,0.136318427230312,0.999139297746776,False,up
WBGene00007516,3,1.0,PFOS,0.136276772413027,0.999139297746776,False,up
WBGene00011299,3,1.0,PFOS,0.136160935595663,0.999139297746776,False,up
WBGene00304203,3,1.0,PFOS,0.135807188149287,0.999139297746776,False,up
WBGene00206529,3,1.0,PFOS,0.135550684284607,0.999139297746776,False,up
WBGene00010741,3,1.0,PFOS,0.135485554251202,0.999139297746776,False,up
WBGene00045387,3,0.9666666666666667,PFOS,0.135169162269147,0.999139297746776,False,up
WBGene00016438,3,1.0,PFOS,0.134516228564068,0.999139297746776,False,up
WBGene00013647,3,1.0,PFOS,0.134362949920919,0.999139297746776,False,up
WBGene00015692,3,1.0,PFOS,0.133572498144237,0.999139297746776,False,up
WBGene00012629,3,1.0,PFOS,0.133222595940273,0.999139297746776,False,up
WBGene00007316,3,0.9666666666666667,PFOS,0.13322195619546,0.999139297746776,False,up
WBGene00019979,3,0.5,PFOS,0.133096680469758,0.999139297746776,False,up
WBGene00022313,3,1.0,PFOS,0.132156737399415,0.999139297746776,False,up
WBGene00010737,3,0.9666666666666667,PFOS,0.132098487177405,0.999139297746776,False,up
WBGene00235274,3,1.0,PFOS,0.131962061735949,0.999139297746776,False,up
WBGene00017198,3,1.0,PFOS,0.131690910275896,0.999139297746776,False,up
WBGene00009350,3,0.9333333333333333,PFOS,0.131684639170052,0.999139297746776,False,up
WBGene00003885,3,1.0,PFOS,0.131332479880539,0.999139297746776,False,up
WBGene00000455,3,1.0,PFOS,0.131285421681969,0.999139297746776,False,up
WBGene00022354,3,1.0,PFOS,0.131223814628143,0.999139297746776,False,up
WBGene00019828,3,1.0,PFOS,0.131187802131718,0.999139297746776,False,up
WBGene00009493,3,1.0,PFOS,0.130956668021296,0.999139297746776,False,up
WBGene00022727,3,0.7333333333333333,PFOS,0.13090191547364,0.999139297746776,False,up
WBGene00008856,3,1.0,PFOS,0.130807217573984,0.999139297746776,False,up
WBGene00000645,3,0.7666666666666667,PFOS,0.13064418407567,0.999139297746776,False,up
WBGene00018257,3,0.9666666666666667,PFOS,0.129482029212674,0.999139297746776,False,up
WBGene00016522,3,1.0,PFOS,0.129363075123855,0.999139297746776,False,up
WBGene00007115,3,0.9666666666666667,PFOS,0.128520698264675,0.999139297746776,False,up
WBGene00008002,3,1.0,PFOS,0.128456585956964,0.999139297746776,False,up
WBGene00013845,3,1.0,PFOS,0.128321376139969,0.999139297746776,False,up
WBGene00004979,3,1.0,PFOS,0.128286545398096,0.999139297746776,False,up
WBGene00016315,3,1.0,PFOS,0.128207991664938,0.999139297746776,False,up
WBGene00007392,3,0.5333333333333333,PFOS,0.128177645892141,0.999139297746776,False,up
WBGene00006782,3,1.0,PFOS,0.127823484079563,0.999139297746776,False,up
WBGene00003655,3,1.0,PFOS,0.12744101166404,0.999139297746776,False,up
WBGene00000193,3,1.0,PFOS,0.12723727788923,0.999139297746776,False,up
WBGene00002109,3,1.0,PFOS,0.126947453190941,0.999139297746776,False,up
WBGene00021611,3,0.9,PFOS,0.126827847311503,0.999139297746776,False,up
WBGene00006535,3,1.0,PFOS,0.12675900266062,0.999139297746776,False,up
WBGene00022503,3,1.0,PFOS,0.126487217988012,0.999139297746776,False,up
WBGene00016397,3,1.0,PFOS,0.125864050094395,0.999139297746776,False,up
WBGene00009485,3,0.9,PFOS,0.125664024798602,0.999139297746776,False,up
WBGene00009533,3,0.9333333333333333,PFOS,0.125591660163977,0.999139297746776,False,up
WBGene00004911,3,1.0,PFOS,0.125466514967731,0.999139297746776,False,up
WBGene00006809,3,1.0,PFOS,0.12546149398581,0.999139297746776,False,up
WBGene00007299,3,0.9,PFOS,0.125061625728796,0.999139297746776,False,up
WBGene00008890,3,1.0,PFOS,0.125050044929711,0.999139297746776,False,up
WBGene00012813,3,0.6333333333333333,PFOS,0.124859563616629,0.999139297746776,False,up
WBGene00015839,3,0.6,PFOS,0.124189687295463,0.999139297746776,False,up
WBGene00009920,3,0.9666666666666667,PFOS,0.124088961439688,0.999139297746776,False,up
WBGene00020564,3,0.6,PFOS,0.123995547291063,0.999139297746776,False,up
WBGene00077775,3,1.0,PFOS,0.123976138302908,0.999139297746776,False,up
WBGene00020363,3,1.0,PFOS,0.12373276329091,0.999139297746776,False,up
WBGene00001669,3,0.9333333333333333,PFOS,0.123379780524962,0.999139297746776,False,up
WBGene00007495,3,0.7,PFOS,0.123297736935056,0.999139297746776,False,up
WBGene00008233,3,0.9666666666666667,PFOS,0.122817120236154,0.999139297746776,False,up
WBGene00003620,3,0.9333333333333333,PFOS,0.122120605144908,0.999139297746776,False,up
WBGene00009406,3,1.0,PFOS,0.121646259816697,0.999139297746776,False,up
WBGene00000738,3,0.7666666666666667,PFOS,0.121457040032841,0.999139297746776,False,up
WBGene00021503,3,0.9,PFOS,0.121332279796302,0.999139297746776,False,up
WBGene00001924,3,1.0,PFOS,0.121310835803388,0.999139297746776,False,up
WBGene00018346,3,1.0,PFOS,0.120737443075036,0.999139297746776,False,up
WBGene00008230,3,0.9,PFOS,0.120608809651732,0.999139297746776,False,up
WBGene00018791,3,0.9333333333333333,PFOS,0.120607198744551,0.999139297746776,False,up
WBGene00009638,3,0.9,PFOS,0.120475425194982,0.999139297746776,False,up
WBGene00008275,3,1.0,PFOS,0.120247389973255,0.999139297746776,False,up
WBGene00003970,3,0.9666666666666667,PFOS,0.120089284048953,0.999139297746776,False,up
WBGene00021262,3,0.9333333333333333,PFOS,0.119959775071852,0.999139297746776,False,up
WBGene00013878,3,1.0,PFOS,0.119893938598666,0.999139297746776,False,up
WBGene00009222,3,0.9,PFOS,0.119675205694715,0.999139297746776,False,up
WBGene00001666,3,0.8333333333333334,PFOS,0.11938495185738,0.999139297746776,False,up
WBGene00007967,3,1.0,PFOS,0.119256300668808,0.999139297746776,False,up
WBGene00020448,3,0.9,PFOS,0.119157201605239,0.999139297746776,False,up
WBGene00021732,3,1.0,PFOS,0.118927885975322,0.999139297746776,False,up
WBGene00017983,3,0.5666666666666667,PFOS,0.11886354595903,0.999139297746776,False,up
WBGene00019867,3,1.0,PFOS,0.118782688991441,0.999139297746776,False,up
WBGene00010722,3,1.0,PFOS,0.11865342528262,0.999139297746776,False,up
WBGene00014001,3,1.0,PFOS,0.118479310560563,0.999139297746776,False,up
WBGene00007590,3,1.0,PFOS,0.118040681078902,0.999139297746776,False,up
WBGene00019180,3,1.0,PFOS,0.117359574740411,0.999139297746776,False,up
WBGene00019408,3,0.9333333333333333,PFOS,0.116905548582424,0.999139297746776,False,up
WBGene00021127,3,0.9,PFOS,0.116793059940879,0.999139297746776,False,up
WBGene00016926,3,0.9666666666666667,PFOS,0.116742485613027,0.999139297746776,False,up
WBGene00006685,3,0.9333333333333333,PFOS,0.116523452550681,0.999139297746776,False,up
WBGene00021337,3,1.0,PFOS,0.116403430376827,0.999139297746776,False,up
WBGene00219378,3,1.0,PFOS,0.116273590397185,0.999139297746776,False,up
WBGene00000211,3,1.0,PFOS,0.116240282220434,0.999139297746776,False,up
WBGene00020767,3,0.9,PFOS,0.115981451994916,0.999139297746776,False,up
WBGene00020853,3,0.9,PFOS,0.115636976984495,0.999139297746776,False,up
WBGene00010810,3,0.9,PFOS,0.115437265700623,0.999139297746776,False,up
WBGene00044757,3,1.0,PFOS,0.11490218715071,0.999139297746776,False,up
WBGene00003683,3,1.0,PFOS,0.114882805374371,0.999139297746776,False,up
WBGene00014002,3,0.9333333333333333,PFOS,0.114852114450016,0.999139297746776,False,up
WBGene00003998,3,1.0,PFOS,0.114650387812292,0.999139297746776,False,up
WBGene00009239,3,0.5,PFOS,0.114573329783994,0.999139297746776,False,up
WBGene00019290,3,0.7666666666666667,PFOS,0.114390075215562,0.999139297746776,False,up
WBGene00020559,3,1.0,PFOS,0.114335066323902,0.999139297746776,False,up
WBGene00009162,3,0.9333333333333333,PFOS,0.114154025884491,0.999139297746776,False,up
WBGene00003692,3,0.9666666666666667,PFOS,0.114112970727826,0.999139297746776,False,up
WBGene00008954,3,1.0,PFOS,0.114086783776445,0.999139297746776,False,up
WBGene00022142,3,0.9666666666666667,PFOS,0.113666044926079,0.999139297746776,False,up
WBGene00013098,3,1.0,PFOS,0.113585243323095,0.999139297746776,False,up
WBGene00016744,3,1.0,PFOS,0.113053265260574,0.999139297746776,False,up
WBGene00018078,3,0.9666666666666667,PFOS,0.112459664606593,0.999139297746776,False,up
WBGene00010707,3,0.9,PFOS,0.112407117420715,0.999139297746776,False,up
WBGene00004064,3,0.5666666666666667,PFOS,0.112219603027598,0.999139297746776,False,up
WBGene00011352,3,1.0,PFOS,0.112164402798702,0.999139297746776,False,up
WBGene00019129,3,1.0,PFOS,0.11214817599085,0.999139297746776,False,up
WBGene00007989,3,0.9,PFOS,0.111988534717545,0.999139297746776,False,up
WBGene00009634,3,1.0,PFOS,0.111924260900269,0.999139297746776,False,up
WBGene00006363,3,0.8,PFOS,0.111855160290395,0.999139297746776,False,up
WBGene00008711,3,1.0,PFOS,0.111546031810297,0.999139297746776,False,up
WBGene00017042,3,1.0,PFOS,0.111405380844484,0.999139297746776,False,up
WBGene00017907,3,1.0,PFOS,0.110668537482398,0.999139297746776,False,up
WBGene00044512,3,1.0,PFOS,0.110457361603682,0.999139297746776,False,up
WBGene00010827,3,0.9666666666666667,PFOS,0.110345730374543,0.999139297746776,False,up
WBGene00269421,3,1.0,PFOS,0.110302162499148,0.999139297746776,False,up
WBGene00013964,3,1.0,PFOS,0.110257336789379,0.999139297746776,False,up
WBGene00006686,3,0.9,PFOS,0.110076194083399,0.999139297746776,False,up
WBGene00013870,3,1.0,PFOS,0.110023122579458,0.999139297746776,False,up
WBGene00001587,3,0.9666666666666667,PFOS,0.109848117047276,0.999139297746776,False,up
WBGene00018728,3,1.0,PFOS,0.109789878962987,0.999139297746776,False,up
WBGene00019479,3,0.9666666666666667,PFOS,0.109701226974062,0.999139297746776,False,up
WBGene00022712,3,1.0,PFOS,0.109521675003376,0.999139297746776,False,up
WBGene00016191,3,0.5333333333333333,PFOS,0.109242692737058,0.999139297746776,False,up
WBGene00008742,3,1.0,PFOS,0.109072394195575,0.999139297746776,False,up
WBGene00002151,3,0.9666666666666667,PFOS,0.108956974368754,0.999139297746776,False,up
WBGene00010873,3,0.9666666666666667,PFOS,0.108861758938411,0.999139297746776,False,up
WBGene00043067,3,1.0,PFOS,0.108809964419305,0.999139297746776,False,up
WBGene00006710,3,1.0,PFOS,0.108412183298744,0.999139297746776,False,up
WBGene00012901,3,1.0,PFOS,0.108126039738358,0.999139297746776,False,up
WBGene00008695,3,1.0,PFOS,0.107937589504211,0.999139297746776,False,up
WBGene00003030,3,1.0,PFOS,0.107927705241901,0.999139297746776,False,up
WBGene00021195,3,1.0,PFOS,0.10789559865942,0.999139297746776,False,up
WBGene00008587,3,1.0,PFOS,0.107780932179491,0.999139297746776,False,up
WBGene00001664,3,1.0,PFOS,0.107578748565043,0.999139297746776,False,up
WBGene00050941,3,0.9,PFOS,0.107360125461688,0.999139297746776,False,up
WBGene00000081,3,0.9,PFOS,0.107169201691068,0.999139297746776,False,up
WBGene00003722,3,0.5333333333333333,PFOS,0.107060068752835,0.999139297746776,False,up
WBGene00020506,3,1.0,PFOS,0.10703943338254,0.999139297746776,False,up
WBGene00021842,3,1.0,PFOS,0.106864595526217,0.999139297746776,False,up
WBGene00012920,3,0.5,PFOS,0.106851821535881,0.999139297746776,False,up
WBGene00022825,3,0.9666666666666667,PFOS,0.106838704497169,0.999139297746776,False,up
WBGene00011364,3,1.0,PFOS,0.10679837535378,0.999139297746776,False,up
WBGene00016219,3,1.0,PFOS,0.106544334560441,0.999139297746776,False,up
WBGene00010520,3,0.5666666666666667,PFOS,0.106471431488184,0.999139297746776,False,up
WBGene00003850,3,0.6333333333333333,PFOS,0.106346684585285,0.999139297746776,False,up
WBGene00021984,3,0.9,PFOS,0.106065656932467,0.999139297746776,False,up
WBGene00012606,3,1.0,PFOS,0.105951719334813,0.999139297746776,False,up
WBGene00017771,3,1.0,PFOS,0.10562395827971,0.999139297746776,False,up
WBGene00016911,3,0.5333333333333333,PFOS,0.105438927669116,0.999139297746776,False,up
WBGene00013257,3,1.0,PFOS,0.105421223260097,0.999139297746776,False,up
WBGene00003759,3,0.9,PFOS,0.105198447027225,0.999139297746776,False,up
WBGene00010592,3,0.9,PFOS,0.105061772577713,0.999139297746776,False,up
WBGene00017880,3,1.0,PFOS,0.104947236498206,0.999139297746776,False,up
WBGene00009799,3,1.0,PFOS,0.104834672972979,0.999139297746776,False,up
WBGene00001788,3,0.9,PFOS,0.104650179898995,0.999139297746776,False,up
WBGene00004771,3,1.0,PFOS,0.104533199845639,0.999139297746776,False,up
WBGene00013490,3,0.9666666666666667,PFOS,0.104509947481726,0.999139297746776,False,up
WBGene00009435,3,0.6333333333333333,PFOS,0.104167882874053,0.999139297746776,False,up
WBGene00008570,3,1.0,PFOS,0.104074467426629,0.999139297746776,False,up
WBGene00007391,3,1.0,PFOS,0.104007074473762,0.999139297746776,False,up
WBGene00011829,3,0.9,PFOS,0.103872863594792,0.999139297746776,False,up
WBGene00022366,3,1.0,PFOS,0.103862825311342,0.999139297746776,False,up
WBGene00017247,3,0.9,PFOS,0.103855469423661,0.999139297746776,False,up
WBGene00000262,3,0.7333333333333333,PFOS,0.10380290285315,0.999139297746776,False,up
WBGene00018609,3,1.0,PFOS,0.10367769763701,0.999139297746776,False,up
WBGene00017787,3,0.8333333333333334,PFOS,0.103499090596993,0.999139297746776,False,up
WBGene00001709,3,1.0,PFOS,0.103315580732782,0.999139297746776,False,up
WBGene00007717,3,0.6,PFOS,0.103259932652924,0.999139297746776,False,up
WBGene00016801,3,1.0,PFOS,0.103129265934469,0.999139297746776,False,up
WBGene00004281,3,0.9,PFOS,0.102564476680494,0.999139297746776,False,up
WBGene00015980,3,0.9666666666666667,PFOS,0.10213350362336,0.999139297746776,False,up
WBGene00010807,3,1.0,PFOS,0.102090510421913,0.999139297746776,False,up
WBGene00013234,3,0.9666666666666667,PFOS,0.102072219685544,0.999139297746776,False,up
WBGene00007833,3,1.0,PFOS,0.101410653781423,0.999139297746776,False,up
WBGene00010986,3,1.0,PFOS,0.101287981149253,0.999139297746776,False,up
WBGene00003384,3,1.0,PFOS,0.101242244308952,0.999139297746776,False,up
WBGene00013662,3,0.7333333333333333,PFOS,0.101099366055411,0.999139297746776,False,up
WBGene00020321,3,1.0,PFOS,0.101007104648361,0.999139297746776,False,up
WBGene00011188,3,0.9,PFOS,0.100974884139384,0.999139297746776,False,up
WBGene00018219,3,1.0,PFOS,0.100648261795218,0.999139297746776,False,up
WBGene00077763,3,1.0,PFOS,0.100472656900068,0.999139297746776,False,up
WBGene00006505,3,0.5333333333333333,PFOS,0.100216842156508,0.999139297746776,False,up
WBGene00006657,3,1.0,PFOS,0.0998726935338573,0.999139297746776,False,up
WBGene00003248,3,0.9,PFOS,0.0990429944474198,0.999139297746776,False,up
WBGene00006959,3,1.0,PFOS,0.0986882537209306,0.999139297746776,False,up
WBGene00011725,3,1.0,PFOS,0.0986631817898343,0.999139297746776,False,up
WBGene00195212,3,1.0,PFOS,0.0986189392430102,0.999139297746776,False,up
WBGene00008691,3,1.0,PFOS,0.0980437438848048,0.999139297746776,False,up
WBGene00008348,3,1.0,PFOS,0.097965772636121,0.999139297746776,False,up
WBGene00021926,3,1.0,PFOS,0.0977027951086031,0.999139297746776,False,up
WBGene00019344,3,1.0,PFOS,0.0976068606956906,0.999139297746776,False,up
WBGene00014076,3,1.0,PFOS,0.0975441529868183,0.999139297746776,False,up
WBGene00015293,3,1.0,PFOS,0.0975438896152401,0.999139297746776,False,up
WBGene00017331,3,0.9,PFOS,0.0973863288455477,0.999139297746776,False,up
WBGene00020865,3,0.8333333333333334,PFOS,0.0972599433203495,0.999139297746776,False,up
WBGene00019478,3,1.0,PFOS,0.0971545259058395,0.999139297746776,False,up
WBGene00006986,3,1.0,PFOS,0.0971137286459374,0.999139297746776,False,up
WBGene00008117,3,1.0,PFOS,0.096908995457545,0.999139297746776,False,up
WBGene00002072,3,1.0,PFOS,0.0965501887189274,0.999139297746776,False,up
WBGene00011288,3,0.9333333333333333,PFOS,0.0964857580651185,0.999139297746776,False,up
WBGene00003690,3,1.0,PFOS,0.0964644238246616,0.999139297746776,False,up
WBGene00007984,3,0.9,PFOS,0.0961821469388185,0.999139297746776,False,up
WBGene00011417,3,1.0,PFOS,0.0961739260070215,0.999139297746776,False,up
WBGene00011699,3,1.0,PFOS,0.0955973602382599,0.999139297746776,False,up
WBGene00019590,3,1.0,PFOS,0.0946675941167837,0.999139297746776,False,up
WBGene00044289,3,1.0,PFOS,0.0946011354592354,0.999139297746776,False,up
WBGene00022255,3,1.0,PFOS,0.0945595111807382,0.999139297746776,False,up
WBGene00020456,3,0.9333333333333333,PFOS,0.0941915914568376,0.999139297746776,False,up
WBGene00020188,3,1.0,PFOS,0.094185405129612,0.999139297746776,False,up
WBGene00008783,3,0.9,PFOS,0.0941845035779612,0.999139297746776,False,up
WBGene00000983,3,0.9666666666666667,PFOS,0.0939913831287504,0.999139297746776,False,up
WBGene00007347,3,1.0,PFOS,0.0935468705548814,0.999139297746776,False,up
WBGene00000457,3,1.0,PFOS,0.0933545989098468,0.999139297746776,False,up
WBGene00018657,3,0.9,PFOS,0.0933354192414971,0.999139297746776,False,up
WBGene00021344,3,1.0,PFOS,0.0932217047005221,0.999139297746776,False,up
WBGene00019753,3,0.7666666666666667,PFOS,0.0924411081396231,0.999139297746776,False,up
WBGene00020366,3,0.6333333333333333,PFOS,0.092425888453644,0.999139297746776,False,up
WBGene00020673,3,1.0,PFOS,0.092124077070341,0.999139297746776,False,up
WBGene00003585,3,1.0,PFOS,0.0920580126080424,0.999139297746776,False,up
WBGene00194651,3,1.0,PFOS,0.0917756607452972,0.999139297746776,False,up
WBGene00008073,3,1.0,PFOS,0.0917715585125867,0.999139297746776,False,up
WBGene00001554,3,0.9666666666666667,PFOS,0.0916554877974008,0.999139297746776,False,up
WBGene00019774,3,1.0,PFOS,0.0916309750037988,0.999139297746776,False,up
WBGene00007711,3,1.0,PFOS,0.0916155629663147,0.999139297746776,False,up
WBGene00008455,3,0.9666666666666667,PFOS,0.0913287222259164,0.999139297746776,False,up
WBGene00016363,3,1.0,PFOS,0.0912921604249738,0.999139297746776,False,up
WBGene00016095,3,0.9666666666666667,PFOS,0.091256629478469,0.999139297746776,False,up
WBGene00003603,3,1.0,PFOS,0.0911670095202268,0.999139297746776,False,up
WBGene00003623,3,0.9333333333333333,PFOS,0.0910191362380551,0.999139297746776,False,up
WBGene00013124,3,1.0,PFOS,0.0909185783930486,0.999139297746776,False,up
WBGene00006603,3,0.7333333333333333,PFOS,0.0905173178978376,0.999139297746776,False,up
WBGene00001478,3,0.9666666666666667,PFOS,0.0903151163139243,0.999139297746776,False,up
WBGene00015231,3,1.0,PFOS,0.0900513047095788,0.999139297746776,False,up
WBGene00194869,3,1.0,PFOS,0.0900024773709653,0.999139297746776,False,up
WBGene00004359,3,1.0,PFOS,0.0899797048435987,0.999139297746776,False,up
WBGene00009595,3,1.0,PFOS,0.0896754557790362,0.999139297746776,False,up
WBGene00015451,3,1.0,PFOS,0.0895984644035388,0.999139297746776,False,up
WBGene00020822,3,0.9,PFOS,0.0894762312490634,0.999139297746776,False,up
WBGene00012428,3,1.0,PFOS,0.0894527504996801,0.999139297746776,False,up
WBGene00002040,3,1.0,PFOS,0.0894514581303725,0.999139297746776,False,up
WBGene00007452,3,1.0,PFOS,0.0894169176030367,0.999139297746776,False,up
WBGene00009174,3,1.0,PFOS,0.0894166171502026,0.999139297746776,False,up
WBGene00004126,3,0.9,PFOS,0.0890622759344241,0.999139297746776,False,up
WBGene00000454,3,1.0,PFOS,0.0889771551272417,0.999139297746776,False,up
WBGene00044181,3,1.0,PFOS,0.088965558815308,0.999139297746776,False,up
WBGene00000437,3,1.0,PFOS,0.0889187740430211,0.999139297746776,False,up
WBGene00018665,3,1.0,PFOS,0.088824821804734,0.999139297746776,False,up
WBGene00003590,3,0.9666666666666667,PFOS,0.0887229826972557,0.999139297746776,False,up
WBGene00000453,3,0.7333333333333333,PFOS,0.0887092637044327,0.999139297746776,False,up
WBGene00015107,3,0.7,PFOS,0.0886924112188665,0.999139297746776,False,up
WBGene00004310,3,1.0,PFOS,0.0885970105918282,0.999139297746776,False,up
WBGene00019911,3,1.0,PFOS,0.0880173414412537,0.999139297746776,False,up
WBGene00021641,3,0.9666666666666667,PFOS,0.0879070157141639,0.999139297746776,False,up
WBGene00044406,3,1.0,PFOS,0.0871177544871674,0.999139297746776,False,up
WBGene00006752,3,1.0,PFOS,0.0870608512002372,0.999139297746776,False,up
WBGene00014171,3,0.6333333333333333,PFOS,0.0869290469770467,0.999139297746776,False,up
WBGene00021296,3,1.0,PFOS,0.0869155876311959,0.999139297746776,False,up
WBGene00001533,3,1.0,PFOS,0.0867173042259804,0.999139297746776,False,up
WBGene00001835,3,0.6,PFOS,0.086551257099947,0.999139297746776,False,up
WBGene00021372,3,1.0,PFOS,0.0865075334064296,0.999139297746776,False,up
WBGene00013539,3,1.0,PFOS,0.0863768225546928,0.999139297746776,False,up
WBGene00001368,3,1.0,PFOS,0.0861015641558828,0.999139297746776,False,up
WBGene00000057,3,0.9,PFOS,0.0858720667575671,0.999139297746776,False,up
WBGene00020386,3,1.0,PFOS,0.0858034739734916,0.999139297746776,False,up
WBGene00020678,3,1.0,PFOS,0.0857686854454226,0.999139297746776,False,up
WBGene00007620,3,0.9666666666666667,PFOS,0.0855506617559407,0.999139297746776,False,up
WBGene00001396,3,0.9,PFOS,0.0854860652035156,0.999139297746776,False,up
WBGene00018672,3,1.0,PFOS,0.0850273226825158,0.999139297746776,False,up
WBGene00008307,3,0.9333333333333333,PFOS,0.0850038876805745,0.999139297746776,False,up
WBGene00004739,3,0.9333333333333333,PFOS,0.08498311604987,0.999139297746776,False,up
WBGene00013934,3,1.0,PFOS,0.084946706159815,0.999139297746776,False,up
WBGene00010331,3,1.0,PFOS,0.084657475984505,0.999139297746776,False,up
WBGene00015978,3,0.5333333333333333,PFOS,0.0846404478094595,0.999139297746776,False,up
WBGene00018188,3,0.9666666666666667,PFOS,0.0843696710530999,0.999139297746776,False,up
WBGene00020844,3,0.9666666666666667,PFOS,0.084334956513171,0.999139297746776,False,up
WBGene00003040,3,1.0,PFOS,0.0841576960552779,0.999139297746776,False,up
WBGene00001676,3,1.0,PFOS,0.0841456723919997,0.999139297746776,False,up
WBGene00016019,3,1.0,PFOS,0.0840509271491233,0.999139297746776,False,up
WBGene00013865,3,1.0,PFOS,0.0839484538222915,0.999139297746776,False,up
WBGene00009000,3,1.0,PFOS,0.0839218017374214,0.999139297746776,False,up
WBGene00011242,3,0.9666666666666667,PFOS,0.0837016525982185,0.999139297746776,False,up
WBGene00004258,3,1.0,PFOS,0.0836237031472811,0.999139297746776,False,up
WBGene00022677,3,1.0,PFOS,0.0835957886505153,0.999139297746776,False,up
WBGene00022245,3,1.0,PFOS,0.0835170303779804,0.999139297746776,False,up
WBGene00013576,3,0.9333333333333333,PFOS,0.0834583661281195,0.999139297746776,False,up
WBGene00017646,3,0.9,PFOS,0.0832077573228698,0.999139297746776,False,up
WBGene00006831,3,0.9666666666666667,PFOS,0.0831573216654107,0.999139297746776,False,up
WBGene00021314,3,1.0,PFOS,0.0829814380761124,0.999139297746776,False,up
WBGene00010131,3,1.0,PFOS,0.0829481562838665,0.999139297746776,False,up
WBGene00019944,3,0.9333333333333333,PFOS,0.0828962374037708,0.999139297746776,False,up
WBGene00003755,3,1.0,PFOS,0.0823617635224399,0.999139297746776,False,up
WBGene00017770,3,1.0,PFOS,0.0823250699057938,0.999139297746776,False,up
WBGene00008739,3,1.0,PFOS,0.0823017191459892,0.999139297746776,False,up
WBGene00001410,3,1.0,PFOS,0.082137625162775,0.999139297746776,False,up
WBGene00010552,3,1.0,PFOS,0.0820526012051962,0.999139297746776,False,up
WBGene00007067,3,0.9333333333333333,PFOS,0.0819971459813671,0.999139297746776,False,up
WBGene00000096,3,1.0,PFOS,0.0818603362275275,0.999139297746776,False,up
WBGene00004876,3,0.9,PFOS,0.0816724698780945,0.999139297746776,False,up
WBGene00010191,3,1.0,PFOS,0.0814304603626352,0.999139297746776,False,up
WBGene00016792,3,1.0,PFOS,0.0813498985888023,0.999139297746776,False,up
WBGene00020447,3,1.0,PFOS,0.0813055749512368,0.999139297746776,False,up
WBGene00012347,3,1.0,PFOS,0.0811197927446778,0.999139297746776,False,up
WBGene00008555,3,0.9333333333333333,PFOS,0.0810746125128948,0.999139297746776,False,up
WBGene00000287,3,1.0,PFOS,0.0808647747584339,0.999139297746776,False,up
WBGene00010731,3,0.9,PFOS,0.0808236395395778,0.999139297746776,False,up
WBGene00011198,3,1.0,PFOS,0.080669092659097,0.999139297746776,False,up
WBGene00000963,3,0.9666666666666667,PFOS,0.0805421584642361,0.999139297746776,False,up
WBGene00017036,3,1.0,PFOS,0.0804977519807563,0.999139297746776,False,up
WBGene00019978,3,1.0,PFOS,0.0801876067940331,0.999139297746776,False,up
WBGene00001374,3,0.9666666666666667,PFOS,0.0800441368814938,0.999139297746776,False,up
WBGene00004055,3,0.9666666666666667,PFOS,0.0796069269425508,0.999139297746776,False,up
WBGene00015934,3,1.0,PFOS,0.0792987796276324,0.999139297746776,False,up
WBGene00016806,3,0.9666666666666667,PFOS,0.0792875902298945,0.999139297746776,False,up
WBGene00000425,3,1.0,PFOS,0.0790741277551599,0.999139297746776,False,up
WBGene00000938,3,1.0,PFOS,0.0790458299964441,0.999139297746776,False,up
WBGene00011763,3,0.8666666666666667,PFOS,0.0790321274293725,0.999139297746776,False,up
WBGene00008008,3,0.9666666666666667,PFOS,0.0790282317210408,0.999139297746776,False,up
WBGene00010994,3,1.0,PFOS,0.0787562487496201,0.999139297746776,False,up
WBGene00015567,3,1.0,PFOS,0.0782688592856495,0.999139297746776,False,up
WBGene00015352,3,0.9,PFOS,0.0779912554297508,0.999139297746776,False,up
WBGene00008191,3,1.0,PFOS,0.0779005499404566,0.999139297746776,False,up
WBGene00015619,3,0.9,PFOS,0.0778161929798015,0.999139297746776,False,up
WBGene00006306,3,1.0,PFOS,0.0777832011415795,0.999139297746776,False,up
WBGene00018492,3,1.0,PFOS,0.0777503901059155,0.999139297746776,False,up
WBGene00001615,3,0.7,PFOS,0.0776335854142862,0.999139297746776,False,up
WBGene00008748,3,0.9,PFOS,0.077546030791829,0.999139297746776,False,up
WBGene00019455,3,1.0,PFOS,0.0772726010697384,0.999139297746776,False,up
WBGene00011956,3,1.0,PFOS,0.0770846364736133,0.999139297746776,False,up
WBGene00022530,3,0.9,PFOS,0.0768879494710451,0.999139297746776,False,up
WBGene00018716,3,1.0,PFOS,0.0768666721673325,0.999139297746776,False,up
WBGene00008885,3,0.9,PFOS,0.0767059444835276,0.999139297746776,False,up
WBGene00021244,3,1.0,PFOS,0.0762631671550662,0.999139297746776,False,up
WBGene00015996,3,0.5,PFOS,0.0762523765550843,0.999139297746776,False,up
WBGene00015159,3,1.0,PFOS,0.0761772151424513,0.999139297746776,False,up
WBGene00004265,3,1.0,PFOS,0.0761678131865013,0.999139297746776,False,up
WBGene00019603,3,0.9666666666666667,PFOS,0.0755453218473491,0.999139297746776,False,up
WBGene00003707,3,0.5,PFOS,0.0754932767044233,0.999139297746776,False,up
WBGene00008599,3,1.0,PFOS,0.0751934764475277,0.999139297746776,False,up
WBGene00000841,3,0.9333333333333333,PFOS,0.0751334147320365,0.999139297746776,False,up
WBGene00019103,3,1.0,PFOS,0.0751249093840148,0.999139297746776,False,up
WBGene00001989,3,1.0,PFOS,0.0750588113287074,0.999139297746776,False,up
WBGene00004349,3,1.0,PFOS,0.0750436421683269,0.999139297746776,False,up
WBGene00021375,3,1.0,PFOS,0.0750434403616523,0.999139297746776,False,up
WBGene00013569,3,0.9,PFOS,0.0746522944744752,0.999139297746776,False,up
WBGene00007837,3,1.0,PFOS,0.0744292086559433,0.999139297746776,False,up
WBGene00022325,3,1.0,PFOS,0.074263573073549,0.999139297746776,False,up
WBGene00008438,3,0.8666666666666667,PFOS,0.0742561038925355,0.999139297746776,False,up
WBGene00009677,3,1.0,PFOS,0.07413480227693,0.999139297746776,False,up
WBGene00001101,3,0.9666666666666667,PFOS,0.074017918235642,0.999139297746776,False,up
WBGene00017310,3,1.0,PFOS,0.0738572736695968,0.999139297746776,False,up
WBGene00011428,3,1.0,PFOS,0.0738421903674355,0.999139297746776,False,up
WBGene00006543,3,0.9333333333333333,PFOS,0.0737563204039095,0.999139297746776,False,up
WBGene00005542,3,1.0,PFOS,0.0732622948233831,0.999139297746776,False,up
WBGene00235164,3,1.0,PFOS,0.0732324640746805,0.999139297746776,False,up
WBGene00017178,3,0.9333333333333333,PFOS,0.0732226063177707,0.999139297746776,False,up
WBGene00020652,3,1.0,PFOS,0.0730394313226045,0.999139297746776,False,up
WBGene00012348,3,0.7,PFOS,0.0729189493408067,0.999139297746776,False,up
WBGene00011069,3,1.0,PFOS,0.0728365847946604,0.999139297746776,False,up
WBGene00010752,3,1.0,PFOS,0.072624201958308,0.999139297746776,False,up
WBGene00017973,3,0.8666666666666667,PFOS,0.0726227449582749,0.999139297746776,False,up
WBGene00022745,3,1.0,PFOS,0.0725829240267397,0.999139297746776,False,up
WBGene00006646,3,1.0,PFOS,0.0725481796451067,0.999139297746776,False,up
WBGene00044210,3,1.0,PFOS,0.0724349841205466,0.999139297746776,False,up
WBGene00011414,3,0.7333333333333333,PFOS,0.0723376426178085,0.999139297746776,False,up
WBGene00020710,3,0.9,PFOS,0.0722616039387164,0.999139297746776,False,up
WBGene00010507,3,0.9666666666666667,PFOS,0.0721711704639784,0.999139297746776,False,up
WBGene00019741,3,0.7666666666666667,PFOS,0.0720248848942908,0.999139297746776,False,up
WBGene00017858,3,1.0,PFOS,0.0719453973806562,0.999139297746776,False,up
WBGene00017375,3,1.0,PFOS,0.0719105276262433,0.999139297746776,False,up
WBGene00001649,3,1.0,PFOS,0.0717749046804535,0.999139297746776,False,up
WBGene00003661,3,1.0,PFOS,0.0714424752914746,0.999139297746776,False,up
WBGene00000466,3,0.9666666666666667,PFOS,0.0713948643068464,0.999139297746776,False,up
WBGene00017124,3,1.0,PFOS,0.0713213439653373,0.999139297746776,False,up
WBGene00010736,3,0.9,PFOS,0.0712021546504608,0.999139297746776,False,up
WBGene00009476,3,1.0,PFOS,0.0711320537011242,0.999139297746776,False,up
WBGene00011964,3,1.0,PFOS,0.0710088568982896,0.999139297746776,False,up
WBGene00004347,3,0.9333333333333333,PFOS,0.0707176759657905,0.999139297746776,False,up
WBGene00002189,3,1.0,PFOS,0.0706492324923275,0.999139297746776,False,up
WBGene00003597,3,0.9,PFOS,0.0706301423712835,0.999139297746776,False,up
WBGene00004316,3,0.9333333333333333,PFOS,0.0706066523248774,0.999139297746776,False,up
WBGene00007522,3,0.9,PFOS,0.070488508110712,0.999139297746776,False,up
WBGene00006874,3,0.6333333333333333,PFOS,0.0704229229550201,0.999139297746776,False,up
WBGene00004053,3,1.0,PFOS,0.0703839841580375,0.999139297746776,False,up
WBGene00012546,3,0.9,PFOS,0.070352342081902,0.999139297746776,False,up
WBGene00006641,3,1.0,PFOS,0.0703486624362232,0.999139297746776,False,up
WBGene00007812,3,0.9,PFOS,0.0703284395229689,0.999139297746776,False,up
WBGene00007203,3,0.6333333333333333,PFOS,0.070270989286042,0.999139297746776,False,up
WBGene00008857,3,0.9666666666666667,PFOS,0.0695651858820649,0.999139297746776,False,up
WBGene00010221,3,1.0,PFOS,0.069553883320828,0.999139297746776,False,up
WBGene00001008,3,1.0,PFOS,0.0695424004009718,0.999139297746776,False,up
WBGene00011283,3,0.9,PFOS,0.0694086296252803,0.999139297746776,False,up
WBGene00019097,3,1.0,PFOS,0.0693144878569176,0.999139297746776,False,up
WBGene00001447,3,0.9666666666666667,PFOS,0.069246527788069,0.999139297746776,False,up
WBGene00016158,3,1.0,PFOS,0.0691429272402033,0.999139297746776,False,up
WBGene00012674,3,1.0,PFOS,0.0689581493947814,0.999139297746776,False,up
WBGene00003593,3,0.9333333333333333,PFOS,0.0689032855742349,0.999139297746776,False,up
WBGene00018740,3,0.9,PFOS,0.0688512675929933,0.999139297746776,False,up
WBGene00021516,3,1.0,PFOS,0.0687571468104775,0.999139297746776,False,up
WBGene00015735,3,1.0,PFOS,0.0687492153836636,0.999139297746776,False,up
WBGene00006632,3,1.0,PFOS,0.0684702512698129,0.999139297746776,False,up
WBGene00001565,3,1.0,PFOS,0.0684463544428631,0.999139297746776,False,up
WBGene00010422,3,1.0,PFOS,0.0683578726360075,0.999139297746776,False,up
WBGene00001475,3,1.0,PFOS,0.0682983755018085,0.999139297746776,False,up
WBGene00016841,3,1.0,PFOS,0.0682901631686618,0.999139297746776,False,up
WBGene00008345,3,1.0,PFOS,0.0682420412891301,0.999139297746776,False,up
WBGene00005647,3,1.0,PFOS,0.0678971062815426,0.999139297746776,False,up
WBGene00011019,3,1.0,PFOS,0.0678885605833273,0.999139297746776,False,up
WBGene00003728,3,1.0,PFOS,0.0674237602613783,0.999139297746776,False,up
WBGene00018036,3,1.0,PFOS,0.0673892235632084,0.999139297746776,False,up
WBGene00007518,3,0.9333333333333333,PFOS,0.0672774196640965,0.999139297746776,False,up
WBGene00011473,3,1.0,PFOS,0.0672543205112811,0.999139297746776,False,up
WBGene00016367,3,1.0,PFOS,0.0668501359085706,0.999139297746776,False,up
WBGene00021158,3,1.0,PFOS,0.0664277257313168,0.999139297746776,False,up
WBGene00006827,3,0.6333333333333333,PFOS,0.0663541802973295,0.999139297746776,False,up
WBGene00004154,3,1.0,PFOS,0.0663175910160206,0.999139297746776,False,up
WBGene00020912,3,1.0,PFOS,0.0662768419825,0.999139297746776,False,up
WBGene00019698,3,1.0,PFOS,0.0661947673679537,0.999139297746776,False,up
WBGene00007799,3,0.9333333333333333,PFOS,0.0661718331938893,0.999139297746776,False,up
WBGene00007191,3,0.7666666666666667,PFOS,0.0657149990059302,0.999139297746776,False,up
WBGene00003378,3,0.9666666666666667,PFOS,0.0657125822202296,0.999139297746776,False,up
WBGene00001991,3,1.0,PFOS,0.0656404101015119,0.999139297746776,False,up
WBGene00004273,3,1.0,PFOS,0.0655325580624801,0.999139297746776,False,up
WBGene00004947,3,1.0,PFOS,0.0654963950298348,0.999139297746776,False,up
WBGene00006727,3,0.9333333333333333,PFOS,0.065463095540559,0.999139297746776,False,up
WBGene00000276,3,1.0,PFOS,0.0654138945482044,0.999139297746776,False,up
WBGene00007363,3,0.6333333333333333,PFOS,0.0653343262894472,0.999139297746776,False,up
WBGene00009452,3,1.0,PFOS,0.0652280655720336,0.999139297746776,False,up
WBGene00009945,3,1.0,PFOS,0.0650724773099019,0.999139297746776,False,up
WBGene00014181,3,1.0,PFOS,0.064991764576712,0.999139297746776,False,up
WBGene00007664,3,0.9,PFOS,0.0648745022050697,0.999139297746776,False,up
WBGene00020341,3,1.0,PFOS,0.0648085819331932,0.999139297746776,False,up
WBGene00001450,3,0.9666666666666667,PFOS,0.0645999172362174,0.999139297746776,False,up
WBGene00017563,3,1.0,PFOS,0.0642179842856638,0.999139297746776,False,up
WBGene00004758,3,1.0,PFOS,0.0641974306257449,0.999139297746776,False,up
WBGene00019888,3,0.9,PFOS,0.0639491450855648,0.999139297746776,False,up
WBGene00012929,3,0.7,PFOS,0.0637634796882732,0.999139297746776,False,up
WBGene00010012,3,0.9333333333333333,PFOS,0.063628566610236,0.999139297746776,False,up
WBGene00003668,3,1.0,PFOS,0.0636048184320554,0.999139297746776,False,up
WBGene00044029,3,1.0,PFOS,0.0635495678575294,0.999139297746776,False,up
WBGene00011221,3,1.0,PFOS,0.0634984633888643,0.999139297746776,False,up
WBGene00007076,3,0.9,PFOS,0.0633463612933438,0.999139297746776,False,up
WBGene00003827,3,0.9666666666666667,PFOS,0.0633028448720182,0.999139297746776,False,up
WBGene00011723,3,0.9,PFOS,0.0631631601442581,0.999139297746776,False,up
WBGene00007801,3,0.9,PFOS,0.0631471925736342,0.999139297746776,False,up
WBGene00020436,3,0.7,PFOS,0.0630888479788684,0.999139297746776,False,up
WBGene00022623,3,1.0,PFOS,0.0628404055156965,0.999139297746776,False,up
WBGene00010449,3,0.9666666666666667,PFOS,0.0628380310739843,0.999139297746776,False,up
WBGene00002140,3,0.7,PFOS,0.062640448056765,0.999139297746776,False,up
WBGene00002979,3,0.9333333333333333,PFOS,0.062599605427825,0.999139297746776,False,up
WBGene00018264,3,1.0,PFOS,0.0625891053389097,0.999139297746776,False,up
WBGene00000501,3,1.0,PFOS,0.0624267616886859,0.999139297746776,False,up
WBGene00004457,3,1.0,PFOS,0.0623838744970797,0.999139297746776,False,up
WBGene00003089,3,1.0,PFOS,0.0619752656172481,0.999139297746776,False,up
WBGene00019224,3,1.0,PFOS,0.0618131065897145,0.999139297746776,False,up
WBGene00013538,3,1.0,PFOS,0.0615659720488217,0.999139297746776,False,up
WBGene00007155,3,0.9,PFOS,0.0615212136955211,0.999139297746776,False,up
WBGene00020954,3,1.0,PFOS,0.0615159341923533,0.999139297746776,False,up
WBGene00012869,3,1.0,PFOS,0.0614182070278479,0.999139297746776,False,up
WBGene00018261,3,0.9666666666666667,PFOS,0.0613538168125651,0.999139297746776,False,up
WBGene00014232,3,1.0,PFOS,0.0611168221074715,0.999139297746776,False,up
WBGene00011274,3,1.0,PFOS,0.060696748804681,0.999139297746776,False,up
WBGene00004106,3,1.0,PFOS,0.0606931020252561,0.999139297746776,False,up
WBGene00014118,3,1.0,PFOS,0.0606877828469796,0.999139297746776,False,up
WBGene00007321,3,0.9333333333333333,PFOS,0.0606810379759059,0.999139297746776,False,up
WBGene00001546,3,0.8,PFOS,0.0606134854362417,0.999139297746776,False,up
WBGene00010329,3,1.0,PFOS,0.060473464457054,0.999139297746776,False,up
WBGene00004161,3,0.6,PFOS,0.0603010164892222,0.999139297746776,False,up
WBGene00001884,3,0.9,PFOS,0.0602717221463381,0.999139297746776,False,up
WBGene00022796,3,0.9333333333333333,PFOS,0.0600264931903972,0.999139297746776,False,up
WBGene00006870,3,0.6333333333333333,PFOS,0.0600224589106481,0.999139297746776,False,up
WBGene00007882,3,0.9333333333333333,PFOS,0.0599869826496117,0.999139297746776,False,up
WBGene00006388,3,1.0,PFOS,0.0598453609034027,0.999139297746776,False,up
WBGene00008652,3,1.0,PFOS,0.0597301824736028,0.999139297746776,False,up
WBGene00013963,3,1.0,PFOS,0.0597132234602204,0.999139297746776,False,up
WBGene00000464,3,0.9666666666666667,PFOS,0.0595541868321947,0.999139297746776,False,up
WBGene00001393,3,1.0,PFOS,0.0595152058481378,0.999139297746776,False,up
WBGene00021328,3,0.9666666666666667,PFOS,0.0593842889425543,0.999139297746776,False,up
WBGene00007651,3,1.0,PFOS,0.059286583458865,0.999139297746776,False,up
WBGene00018514,3,1.0,PFOS,0.0591504965084398,0.999139297746776,False,up
WBGene00013962,3,1.0,PFOS,0.0591008625091733,0.999139297746776,False,up
WBGene00003600,3,0.9666666666666667,PFOS,0.0588188004865587,0.999139297746776,False,up
WBGene00019779,3,0.6333333333333333,PFOS,0.0588093667652752,0.999139297746776,False,up
WBGene00017744,3,1.0,PFOS,0.0587729529499105,0.999139297746776,False,up
WBGene00002267,3,1.0,PFOS,0.0586485365717838,0.999139297746776,False,up
WBGene00010799,3,0.9,PFOS,0.0585229757880262,0.999139297746776,False,up
WBGene00016119,3,1.0,PFOS,0.0584432190561551,0.999139297746776,False,up
WBGene00001556,3,1.0,PFOS,0.0584123279203899,0.999139297746776,False,up
WBGene00014079,3,1.0,PFOS,0.058388288507604,0.999139297746776,False,up
WBGene00013008,3,1.0,PFOS,0.0583812128652531,0.999139297746776,False,up
WBGene00013334,3,1.0,PFOS,0.0581412117856304,0.999139297746776,False,up
WBGene00017885,3,1.0,PFOS,0.0579874841682567,0.999139297746776,False,up
WBGene00007162,3,1.0,PFOS,0.057889483766911,0.999139297746776,False,up
WBGene00016207,3,0.9,PFOS,0.0578563438339896,0.999139297746776,False,up
WBGene00045390,3,1.0,PFOS,0.0578546499226068,0.999139297746776,False,up
WBGene00005638,3,0.9,PFOS,0.0574874745436134,0.999139297746776,False,up
WBGene00003374,3,0.9666666666666667,PFOS,0.0574307513526371,0.999139297746776,False,up
WBGene00018317,3,1.0,PFOS,0.0574233545123875,0.999139297746776,False,up
WBGene00009081,3,0.9333333333333333,PFOS,0.0572796209167047,0.999139297746776,False,up
WBGene00009112,3,0.9666666666666667,PFOS,0.0572584539974211,0.999139297746776,False,up
WBGene00020663,3,1.0,PFOS,0.0571262402352394,0.999139297746776,False,up
WBGene00007840,3,0.9,PFOS,0.0571019495493868,0.999139297746776,False,up
WBGene00008095,3,1.0,PFOS,0.057096294961638,0.999139297746776,False,up
WBGene00022400,3,1.0,PFOS,0.0569843948912725,0.999139297746776,False,up
WBGene00012352,3,0.6333333333333333,PFOS,0.056787593003033,0.999139297746776,False,up
WBGene00004368,3,1.0,PFOS,0.0566034771290532,0.999139297746776,False,up
WBGene00015113,3,1.0,PFOS,0.056304759170186,0.999139297746776,False,up
WBGene00012993,3,1.0,PFOS,0.0562355004096345,0.999139297746776,False,up
WBGene00002999,3,0.9666666666666667,PFOS,0.0561820041049665,0.999139297746776,False,up
WBGene00017260,3,1.0,PFOS,0.0560993151948317,0.999139297746776,False,up
WBGene00006742,3,0.9,PFOS,0.0558866601723398,0.999139297746776,False,up
WBGene00020149,3,1.0,PFOS,0.0556411821425844,0.999139297746776,False,up
WBGene00000180,3,0.5333333333333333,PFOS,0.055638872741796,0.999139297746776,False,up
WBGene00015787,3,1.0,PFOS,0.0556239596767667,0.999139297746776,False,up
WBGene00206362,3,0.9,PFOS,0.05557115804275,0.999139297746776,False,up
WBGene00021721,3,0.7666666666666667,PFOS,0.0555365999581587,0.999139297746776,False,up
WBGene00044009,3,0.9,PFOS,0.0554683483590388,0.999139297746776,False,up
WBGene00003000,3,1.0,PFOS,0.0553093876968412,0.999139297746776,False,up
WBGene00006499,3,1.0,PFOS,0.0552720360750333,0.999139297746776,False,up
WBGene00019347,3,1.0,PFOS,0.0550238924347665,0.999139297746776,False,up
WBGene00004803,3,0.9,PFOS,0.0547637856451988,0.999139297746776,False,up
WBGene00011419,3,0.9333333333333333,PFOS,0.0547237342756778,0.999139297746776,False,up
WBGene00000109,3,1.0,PFOS,0.0547231447793028,0.999139297746776,False,up
WBGene00021939,3,1.0,PFOS,0.0545930700474458,0.999139297746776,False,up
WBGene00019018,3,0.7,PFOS,0.0544636807856326,0.999139297746776,False,up
WBGene00194747,3,0.6333333333333333,PFOS,0.0543345232978187,0.999139297746776,False,up
WBGene00006561,3,0.9333333333333333,PFOS,0.0542990541272157,0.999139297746776,False,up
WBGene00017826,3,0.9,PFOS,0.0542005941452589,0.999139297746776,False,up
WBGene00044742,3,1.0,PFOS,0.0540988140244026,0.999139297746776,False,up
WBGene00016849,3,0.9,PFOS,0.0540756224546675,0.999139297746776,False,up
WBGene00006310,3,1.0,PFOS,0.0536088809544051,0.999139297746776,False,up
WBGene00003878,3,1.0,PFOS,0.0534093221857585,0.999139297746776,False,up
WBGene00003841,3,1.0,PFOS,0.05314927425444,0.999139297746776,False,up
WBGene00077761,3,1.0,PFOS,0.052956820876698,0.999139297746776,False,up
WBGene00017126,3,0.6333333333333333,PFOS,0.0529185215483624,0.999139297746776,False,up
WBGene00001930,3,0.7666666666666667,PFOS,0.0527499561495499,0.999139297746776,False,up
WBGene00000051,3,0.9,PFOS,0.0527477553182367,0.999139297746776,False,up
WBGene00007862,3,0.9666666666666667,PFOS,0.0526550380476855,0.999139297746776,False,up
WBGene00015401,3,1.0,PFOS,0.0525017471060518,0.999139297746776,False,up
WBGene00006818,3,1.0,PFOS,0.0523924970538318,0.999139297746776,False,up
WBGene00000862,3,1.0,PFOS,0.0523416974875781,0.999139297746776,False,up
WBGene00019955,3,1.0,PFOS,0.0522022502578739,0.999139297746776,False,up
WBGene00001562,3,1.0,PFOS,0.0521832085161943,0.999139297746776,False,up
WBGene00011231,3,1.0,PFOS,0.0521436258109102,0.999139297746776,False,up
WBGene00012319,3,0.6333333333333333,PFOS,0.0521165912655875,0.999139297746776,False,up
WBGene00018954,3,0.9666666666666667,PFOS,0.0517918693956985,0.999139297746776,False,up
WBGene00022396,3,0.6333333333333333,PFOS,0.0515691315898876,0.999139297746776,False,up
WBGene00010454,3,0.9666666666666667,PFOS,0.0514467197549885,0.999139297746776,False,up
WBGene00010850,3,1.0,PFOS,0.051351621176816,0.999139297746776,False,up
WBGene00010868,3,1.0,PFOS,0.0512053365671338,0.999139297746776,False,up
WBGene00013859,3,1.0,PFOS,0.0511484824248666,0.999139297746776,False,up
WBGene00000554,3,1.0,PFOS,0.0510629467774347,0.999139297746776,False,up
WBGene00018042,3,1.0,PFOS,0.0508550287005473,0.999139297746776,False,up
WBGene00019652,3,1.0,PFOS,0.0507772139167242,0.999139297746776,False,up
WBGene00001398,3,1.0,PFOS,0.0506184999797245,0.999139297746776,False,up
WBGene00021340,3,1.0,PFOS,0.0503263335903486,0.999139297746776,False,up
WBGene00008932,3,0.9666666666666667,PFOS,0.0502570077084503,0.999139297746776,False,up
WBGene00011396,3,1.0,PFOS,0.0500376894158859,0.999139297746776,False,up
WBGene00013216,3,1.0,PFOS,0.0499010571969426,0.999139297746776,False,up
WBGene00019127,3,0.9,PFOS,0.0496290383641002,0.999139297746776,False,up
WBGene00003596,3,1.0,PFOS,0.0495832452340325,0.999139297746776,False,up
WBGene00012860,3,1.0,PFOS,0.0495450645946582,0.999139297746776,False,up
WBGene00000459,3,1.0,PFOS,0.0495312415837627,0.999139297746776,False,up
WBGene00021201,3,0.9333333333333333,PFOS,0.049422231223423,0.999139297746776,False,up
WBGene00003980,3,1.0,PFOS,0.0492795877147233,0.999139297746776,False,up
WBGene00020904,3,1.0,PFOS,0.0485885418076537,0.999139297746776,False,up
WBGene00012131,3,0.9333333333333333,PFOS,0.0485147886898599,0.999139297746776,False,up
WBGene00003651,3,0.9,PFOS,0.0483478034107623,0.999139297746776,False,up
WBGene00009639,3,1.0,PFOS,0.0482534217786824,0.999139297746776,False,up
WBGene00000726,3,1.0,PFOS,0.0481528989824191,0.999139297746776,False,up
WBGene00009696,3,1.0,PFOS,0.0479210157525365,0.999139297746776,False,up
WBGene00022010,3,1.0,PFOS,0.0479051077737156,0.999139297746776,False,up
WBGene00009025,3,1.0,PFOS,0.0478953244143721,0.999139297746776,False,up
WBGene00015859,3,1.0,PFOS,0.0478004117156452,0.999139297746776,False,up
WBGene00019115,3,0.9,PFOS,0.0476547803968726,0.999139297746776,False,up
WBGene00021547,3,0.7333333333333333,PFOS,0.0476318250981684,0.999139297746776,False,up
WBGene00004356,3,1.0,PFOS,0.0475537810093807,0.999139297746776,False,up
WBGene00013104,3,1.0,PFOS,0.0473952382168002,0.999139297746776,False,up
WBGene00006352,3,1.0,PFOS,0.0473466865544414,0.999139297746776,False,up
WBGene00008510,3,1.0,PFOS,0.0472635985999302,0.999139297746776,False,up
WBGene00004878,3,1.0,PFOS,0.0472530176664785,0.999139297746776,False,up
WBGene00004773,3,0.7,PFOS,0.0471757596185641,0.999139297746776,False,up
WBGene00195073,3,0.9,PFOS,0.0471616373879231,0.999139297746776,False,up
WBGene00000289,3,1.0,PFOS,0.0468478171863202,0.999139297746776,False,up
WBGene00022473,3,0.9,PFOS,0.0468325424936537,0.999139297746776,False,up
WBGene00010805,3,1.0,PFOS,0.0467583062130966,0.999139297746776,False,up
WBGene00044701,3,1.0,PFOS,0.0465722350150228,0.999139297746776,False,up
WBGene00006462,3,0.9,PFOS,0.0465581733158422,0.999139297746776,False,up
WBGene00020997,3,1.0,PFOS,0.046531221011409,0.999139297746776,False,up
WBGene00019649,3,1.0,PFOS,0.0462498034833281,0.999139297746776,False,up
WBGene00006619,3,1.0,PFOS,0.046205454380308,0.999139297746776,False,up
WBGene00018369,3,1.0,PFOS,0.0460960918593226,0.999139297746776,False,up
WBGene00004801,3,0.9,PFOS,0.0459446795954778,0.999139297746776,False,up
WBGene00000517,3,1.0,PFOS,0.0459087215369784,0.999139297746776,False,up
WBGene00017828,3,0.9,PFOS,0.0457070401944062,0.999139297746776,False,up
WBGene00003043,3,1.0,PFOS,0.0452873646445781,0.999139297746776,False,up
WBGene00012535,3,1.0,PFOS,0.045250228332559,0.999139297746776,False,up
WBGene00018316,3,0.9,PFOS,0.0452018673841699,0.999139297746776,False,up
WBGene00015074,3,1.0,PFOS,0.0450829220095912,0.999139297746776,False,up
WBGene00206521,3,0.9666666666666667,PFOS,0.0450565947783342,0.999139297746776,False,up
WBGene00009717,3,1.0,PFOS,0.0449586132088437,0.999139297746776,False,up
WBGene00011974,3,1.0,PFOS,0.0449351145039166,0.999139297746776,False,up
WBGene00008121,3,1.0,PFOS,0.0448367638868894,0.999139297746776,False,up
WBGene00015161,3,1.0,PFOS,0.0448262310238611,0.999139297746776,False,up
WBGene00010272,3,1.0,PFOS,0.0446177863391068,0.999139297746776,False,up
WBGene00019234,3,1.0,PFOS,0.0444715116081692,0.999139297746776,False,up
WBGene00007562,3,0.9,PFOS,0.0441625894295864,0.999139297746776,False,up
WBGene00003613,3,0.9666666666666667,PFOS,0.0441440706367199,0.999139297746776,False,up
WBGene00021468,3,1.0,PFOS,0.0440514982908239,0.999139297746776,False,up
WBGene00016038,3,1.0,PFOS,0.0440080339162606,0.999139297746776,False,up
WBGene00007213,3,1.0,PFOS,0.0439868748093731,0.999139297746776,False,up
WBGene00006779,3,1.0,PFOS,0.0438204559610751,0.999139297746776,False,up
WBGene00003630,3,0.8666666666666667,PFOS,0.0437874559579059,0.999139297746776,False,up
WBGene00004210,3,0.9666666666666667,PFOS,0.0436965895716848,0.999139297746776,False,up
WBGene00007969,3,1.0,PFOS,0.0433501159781562,0.999139297746776,False,up
WBGene00009180,3,1.0,PFOS,0.0433176567569744,0.999139297746776,False,up
WBGene00006580,3,0.9,PFOS,0.042917945084332,0.999139297746776,False,up
WBGene00000662,3,1.0,PFOS,0.0428495080535107,0.999139297746776,False,up
WBGene00015981,3,0.9666666666666667,PFOS,0.0427303042345851,0.999139297746776,False,up
WBGene00010297,3,1.0,PFOS,0.0424777875091548,0.999139297746776,False,up
WBGene00043060,3,1.0,PFOS,0.0424603450059161,0.999139297746776,False,up
WBGene00004373,3,1.0,PFOS,0.0423882989871483,0.999139297746776,False,up
WBGene00010641,3,1.0,PFOS,0.0423855807028897,0.999139297746776,False,up
WBGene00017613,3,1.0,PFOS,0.0418715176258645,0.999139297746776,False,up
WBGene00044527,3,0.9,PFOS,0.0416869145306874,0.999139297746776,False,up
WBGene00015263,3,1.0,PFOS,0.0415609205787651,0.999139297746776,False,up
WBGene00000241,3,1.0,PFOS,0.0415188515051257,0.999139297746776,False,up
WBGene00011959,3,0.5666666666666667,PFOS,0.0414242593681585,0.999139297746776,False,up
WBGene00007133,3,0.6333333333333333,PFOS,0.0411300376355432,0.999139297746776,False,up
WBGene00012959,3,1.0,PFOS,0.040897582466846,0.999139297746776,False,up
WBGene00001811,3,1.0,PFOS,0.040886809962923,0.999139297746776,False,up
WBGene00000529,3,1.0,PFOS,0.0407603819354129,0.999139297746776,False,up
WBGene00004033,3,0.9,PFOS,0.0404855683908957,0.999139297746776,False,up
WBGene00020106,3,0.6333333333333333,PFOS,0.0403426855691581,0.999139297746776,False,up
WBGene00016848,3,1.0,PFOS,0.0400693956073813,0.999139297746776,False,up
WBGene00001537,3,0.9333333333333333,PFOS,0.0396925523846477,0.999139297746776,False,up
WBGene00018068,3,1.0,PFOS,0.0395836562549041,0.999139297746776,False,up
WBGene00018406,3,1.0,PFOS,0.0393830710106525,0.999139297746776,False,up
WBGene00011452,3,0.9333333333333333,PFOS,0.039369040363715,0.999139297746776,False,up
WBGene00008997,3,0.9666666666666667,PFOS,0.0393611850680464,0.999139297746776,False,up
WBGene00017920,3,0.9333333333333333,PFOS,0.0391782261067305,0.999139297746776,False,up
WBGene00020917,3,0.8666666666666667,PFOS,0.0391286804918694,0.999139297746776,False,up
WBGene00010951,3,0.6333333333333333,PFOS,0.0390117459232043,0.999139297746776,False,up
WBGene00007707,3,1.0,PFOS,0.0389935656000127,0.999139297746776,False,up
WBGene00000518,3,0.5,PFOS,0.0388567895000009,0.999139297746776,False,up
WBGene00001058,3,1.0,PFOS,0.0388084279486654,0.999139297746776,False,up
WBGene00019519,3,1.0,PFOS,0.0386004394020355,0.999139297746776,False,up
WBGene00021643,3,1.0,PFOS,0.0385209006477359,0.999139297746776,False,up
WBGene00022812,3,1.0,PFOS,0.0383608540607698,0.999139297746776,False,up
WBGene00001489,3,0.6333333333333333,PFOS,0.0383190119805203,0.999139297746776,False,up
WBGene00016417,3,0.5333333333333333,PFOS,0.0382715947255779,0.999139297746776,False,up
WBGene00019744,3,1.0,PFOS,0.0381843653328238,0.999139297746776,False,up
WBGene00006497,3,1.0,PFOS,0.0379623906319955,0.999139297746776,False,up
WBGene00002268,3,0.7666666666666667,PFOS,0.0378230252301361,0.999139297746776,False,up
WBGene00016772,3,1.0,PFOS,0.0377967721715135,0.999139297746776,False,up
WBGene00004344,3,0.9666666666666667,PFOS,0.0377870299281492,0.999139297746776,False,up
WBGene00003034,3,1.0,PFOS,0.0377291650654615,0.999139297746776,False,up
WBGene00016326,3,1.0,PFOS,0.0375072923624712,0.999139297746776,False,up
WBGene00008415,3,0.9,PFOS,0.0375016204856629,0.999139297746776,False,up
WBGene00001026,3,0.9,PFOS,0.0373919699784851,0.999139297746776,False,up
WBGene00019871,3,0.9666666666666667,PFOS,0.0371316812732355,0.999139297746776,False,up
WBGene00019327,3,1.0,PFOS,0.0370986404391266,0.999139297746776,False,up
WBGene00002217,3,1.0,PFOS,0.037028344582608,0.999139297746776,False,up
WBGene00019235,3,0.9,PFOS,0.0370068910077174,0.999139297746776,False,up
WBGene00020450,3,1.0,PFOS,0.0369735487685125,0.999139297746776,False,up
WBGene00015139,3,0.7666666666666667,PFOS,0.036920675420099,0.999139297746776,False,up
WBGene00000673,3,1.0,PFOS,0.0367755284251372,0.999139297746776,False,up
WBGene00016630,3,0.9666666666666667,PFOS,0.0367487310174068,0.999139297746776,False,up
WBGene00016331,3,1.0,PFOS,0.036413923772915,0.999139297746776,False,up
WBGene00016215,3,1.0,PFOS,0.0363736738918997,0.999139297746776,False,up
WBGene00022868,3,1.0,PFOS,0.0363597244924281,0.999139297746776,False,up
WBGene00007389,3,1.0,PFOS,0.0361959802932349,0.999139297746776,False,up
WBGene00003604,3,0.9666666666666667,PFOS,0.0360587660043383,0.999139297746776,False,up
WBGene00011230,3,0.9666666666666667,PFOS,0.0358840011360558,0.999139297746776,False,up
WBGene00019624,3,1.0,PFOS,0.0358271759619363,0.999139297746776,False,up
WBGene00016059,3,0.6666666666666666,PFOS,0.0355142762246018,0.999139297746776,False,up
WBGene00016665,3,1.0,PFOS,0.0353599899742759,0.999139297746776,False,up
WBGene00007982,3,1.0,PFOS,0.0353570855824441,0.999139297746776,False,up
WBGene00010836,3,0.8666666666666667,PFOS,0.0351595280890099,0.999139297746776,False,up
WBGene00007425,3,1.0,PFOS,0.0351352711733156,0.999139297746776,False,up
WBGene00001121,3,1.0,PFOS,0.0346532970801715,0.999139297746776,False,up
WBGene00044467,3,1.0,PFOS,0.0343601551408613,0.999139297746776,False,up
WBGene00005362,3,1.0,PFOS,0.0342026020467633,0.999139297746776,False,up
WBGene00009888,3,1.0,PFOS,0.0340337692855463,0.999139297746776,False,up
WBGene00018797,3,0.9,PFOS,0.0339987833828381,0.999139297746776,False,up
WBGene00006932,3,0.9666666666666667,PFOS,0.0339741144482546,0.999139297746776,False,up
WBGene00008436,3,1.0,PFOS,0.0339122741865525,0.999139297746776,False,up
WBGene00000244,3,0.7,PFOS,0.033876461446435,0.999139297746776,False,up
WBGene00015307,3,1.0,PFOS,0.0337538959042026,0.999139297746776,False,up
WBGene00021576,3,0.9,PFOS,0.0337311131295513,0.999139297746776,False,up
WBGene00017429,3,0.5333333333333333,PFOS,0.0335975096705584,0.999139297746776,False,up
WBGene00011647,3,0.9666666666666667,PFOS,0.0335873389320008,0.999139297746776,False,up
WBGene00000151,3,0.9,PFOS,0.0333697709933875,0.999139297746776,False,up
WBGene00013902,3,0.9,PFOS,0.0333524482201108,0.999139297746776,False,up
WBGene00021755,3,0.9333333333333333,PFOS,0.03315727444891,0.999139297746776,False,up
WBGene00008270,3,1.0,PFOS,0.032806922578235,0.999139297746776,False,up
WBGene00077693,3,0.9666666666666667,PFOS,0.0326440609175209,0.999139297746776,False,up
WBGene00021078,3,0.9666666666666667,PFOS,0.0323537508949935,0.999139297746776,False,up
WBGene00006865,3,1.0,PFOS,0.0323297438274434,0.999139297746776,False,up
WBGene00011442,3,0.6333333333333333,PFOS,0.0322221189698247,0.999139297746776,False,up
WBGene00003916,3,0.9333333333333333,PFOS,0.0321177190791828,0.999139297746776,False,up
WBGene00015750,3,0.9,PFOS,0.0320616326691761,0.999139297746776,False,up
WBGene00010328,3,0.9666666666666667,PFOS,0.0315871726976161,0.999139297746776,False,up
WBGene00018847,3,1.0,PFOS,0.0315014275145332,0.999139297746776,False,up
WBGene00014136,3,0.9666666666666667,PFOS,0.0313247888623699,0.999139297746776,False,up
WBGene00044795,3,1.0,PFOS,0.0312506003822616,0.999139297746776,False,up
WBGene00012084,3,1.0,PFOS,0.0312460060953033,0.999139297746776,False,up
WBGene00012143,3,1.0,PFOS,0.0312303147178082,0.999139297746776,False,up
WBGene00021535,3,1.0,PFOS,0.0312130708234095,0.999139297746776,False,up
WBGene00045255,3,1.0,PFOS,0.0310668947220197,0.999139297746776,False,up
WBGene00022603,3,1.0,PFOS,0.0308861765222183,0.999139297746776,False,up
WBGene00002132,3,1.0,PFOS,0.0308294826720481,0.999139297746776,False,up
WBGene00012259,3,1.0,PFOS,0.0308141079926369,0.999139297746776,False,up
WBGene00006914,3,1.0,PFOS,0.0307740899568726,0.999139297746776,False,up
WBGene00006777,3,1.0,PFOS,0.0307412636310104,0.999139297746776,False,up
WBGene00017373,3,1.0,PFOS,0.0307227208263839,0.999139297746776,False,up
WBGene00004995,3,0.9,PFOS,0.0306290204454633,0.999139297746776,False,up
WBGene00012692,3,1.0,PFOS,0.03058087941072,0.999139297746776,False,up
WBGene00021666,3,0.9666666666666667,PFOS,0.0304487862907618,0.999139297746776,False,up
WBGene00009618,3,1.0,PFOS,0.0304290224082952,0.999139297746776,False,up
WBGene00008747,3,0.9666666666666667,PFOS,0.0303458349855331,0.999139297746776,False,up
WBGene00022410,3,1.0,PFOS,0.0302494343841198,0.999139297746776,False,up
WBGene00009558,3,1.0,PFOS,0.0301588815258281,0.999139297746776,False,up
WBGene00011289,3,0.9666666666666667,PFOS,0.0301530421918573,0.999139297746776,False,up
WBGene00000288,3,0.9,PFOS,0.030147624384028,0.999139297746776,False,up
WBGene00000421,3,1.0,PFOS,0.0297037530319183,0.999139297746776,False,up
WBGene00016432,3,1.0,PFOS,0.0297012358001349,0.999139297746776,False,up
WBGene00006745,3,0.9666666666666667,PFOS,0.0296603362393301,0.999139297746776,False,up
WBGene00000073,3,1.0,PFOS,0.0296265388471826,0.999139297746776,False,up
WBGene00020596,3,1.0,PFOS,0.0293230092436946,0.999139297746776,False,up
WBGene00000285,3,0.8,PFOS,0.029289256769135,0.999139297746776,False,up
WBGene00077539,3,0.9666666666666667,PFOS,0.0291840237568733,0.999139297746776,False,up
WBGene00003656,3,1.0,PFOS,0.0291404190082632,0.999139297746776,False,up
WBGene00016378,3,1.0,PFOS,0.0288850659784116,0.999139297746776,False,up
WBGene00019877,3,0.9,PFOS,0.0287742217710478,0.999139297746776,False,up
WBGene00012097,3,0.8333333333333334,PFOS,0.0286893177866402,0.999139297746776,False,up
WBGene00009337,3,1.0,PFOS,0.0286612082718807,0.999139297746776,False,up
WBGene00009810,3,1.0,PFOS,0.028356256167013,0.999139297746776,False,up
WBGene00004215,3,0.9666666666666667,PFOS,0.0283250264016322,0.999139297746776,False,up
WBGene00004922,3,0.9333333333333333,PFOS,0.0283205557375884,0.999139297746776,False,up
WBGene00008127,3,1.0,PFOS,0.0282179140383828,0.999139297746776,False,up
WBGene00004266,3,1.0,PFOS,0.0280423822201756,0.999139297746776,False,up
WBGene00021948,3,0.9666666666666667,PFOS,0.0278807476259639,0.999139297746776,False,up
WBGene00015285,3,1.0,PFOS,0.027836249798192,0.999139297746776,False,up
WBGene00012885,3,0.9333333333333333,PFOS,0.0277686591024123,0.999139297746776,False,up
WBGene00012605,3,1.0,PFOS,0.0277565932962748,0.999139297746776,False,up
WBGene00007340,3,1.0,PFOS,0.0276573370880144,0.999139297746776,False,up
WBGene00000814,3,1.0,PFOS,0.0275297021317173,0.999139297746776,False,up
WBGene00007951,3,0.9666666666666667,PFOS,0.0274583660374773,0.999139297746776,False,up
WBGene00019237,3,1.0,PFOS,0.027376383651151,0.999139297746776,False,up
WBGene00017776,3,0.9,PFOS,0.0273137047255733,0.999139297746776,False,up
WBGene00000906,3,0.9666666666666667,PFOS,0.0271875080658192,0.999139297746776,False,up
WBGene00002295,3,0.9,PFOS,0.0271137124899362,0.999139297746776,False,up
WBGene00004728,3,1.0,PFOS,0.0269590218092208,0.999139297746776,False,up
WBGene00017764,3,1.0,PFOS,0.026878497893936,0.999139297746776,False,up
WBGene00006743,3,1.0,PFOS,0.026829665216192,0.999139297746776,False,up
WBGene00021910,3,0.7,PFOS,0.0267933346531282,0.999139297746776,False,up
WBGene00009931,3,1.0,PFOS,0.0267471687150727,0.999139297746776,False,up
WBGene00013440,3,1.0,PFOS,0.0266461441068297,0.999139297746776,False,up
WBGene00003860,3,1.0,PFOS,0.0265276696498525,0.999139297746776,False,up
WBGene00000090,3,1.0,PFOS,0.0262332716312365,0.999139297746776,False,up
WBGene00004268,3,1.0,PFOS,0.0261913841146439,0.999139297746776,False,up
WBGene00021272,3,1.0,PFOS,0.0261658615055459,0.999139297746776,False,up
WBGene00019615,3,1.0,PFOS,0.026017886050319,0.999139297746776,False,up
WBGene00021607,3,1.0,PFOS,0.02588631421259,0.999139297746776,False,up
WBGene00001171,3,0.9666666666666667,PFOS,0.0256761133940524,0.999139297746776,False,up
WBGene00014090,3,0.9333333333333333,PFOS,0.025335964031433,0.999139297746776,False,up
WBGene00004364,3,0.9,PFOS,0.0252981989700777,0.999139297746776,False,up
WBGene00012854,3,0.9666666666666667,PFOS,0.0252105446073731,0.999139297746776,False,up
WBGene00007053,3,1.0,PFOS,0.0250855194213901,0.999139297746776,False,up
WBGene00008613,3,1.0,PFOS,0.0248871969495466,0.999139297746776,False,up
WBGene00014258,3,1.0,PFOS,0.0248603869743883,0.999139297746776,False,up
WBGene00013970,3,1.0,PFOS,0.0248078110492003,0.999139297746776,False,up
WBGene00006843,3,0.9666666666666667,PFOS,0.0245696709233586,0.999139297746776,False,up
WBGene00004856,3,1.0,PFOS,0.0245575630480432,0.999139297746776,False,up
WBGene00016116,3,0.9,PFOS,0.0244671086385748,0.999139297746776,False,up
WBGene00015053,3,1.0,PFOS,0.0244575298720309,0.999139297746776,False,up
WBGene00014098,3,1.0,PFOS,0.0243953003829914,0.999139297746776,False,up
WBGene00007071,3,1.0,PFOS,0.0243849344339346,0.999139297746776,False,up
WBGene00015163,3,1.0,PFOS,0.0242550515963204,0.999139297746776,False,up
WBGene00015148,3,0.9666666666666667,PFOS,0.024090073543971,0.999139297746776,False,up
WBGene00004892,3,0.9666666666666667,PFOS,0.0240587782105773,0.999139297746776,False,up
WBGene00019821,3,0.9,PFOS,0.0240348514350007,0.999139297746776,False,up
WBGene00009831,3,1.0,PFOS,0.0240202326726007,0.999139297746776,False,up
WBGene00000448,3,1.0,PFOS,0.0239416283875555,0.999139297746776,False,up
WBGene00001345,3,0.9,PFOS,0.023524523532654,0.999139297746776,False,up
WBGene00018518,3,1.0,PFOS,0.0234195916885361,0.999139297746776,False,up
WBGene00003859,3,0.9,PFOS,0.023381219162807,0.999139297746776,False,up
WBGene00011629,3,0.9666666666666667,PFOS,0.0233360786730946,0.999139297746776,False,up
WBGene00044313,3,1.0,PFOS,0.0232855964506202,0.999139297746776,False,up
WBGene00003112,3,1.0,PFOS,0.0232166078063718,0.999139297746776,False,up
WBGene00013034,3,0.9666666666666667,PFOS,0.0230336396678283,0.999139297746776,False,up
WBGene00004898,3,1.0,PFOS,0.0227509514579627,0.999139297746776,False,up
WBGene00010971,3,1.0,PFOS,0.0225629343992039,0.999139297746776,False,up
WBGene00007689,3,1.0,PFOS,0.0223185002205927,0.999139297746776,False,up
WBGene00015395,3,1.0,PFOS,0.0222028465963068,0.999139297746776,False,up
WBGene00018356,3,0.7,PFOS,0.0222019281951886,0.999139297746776,False,up
WBGene00006814,3,1.0,PFOS,0.0221637611834417,0.999139297746776,False,up
WBGene00008298,3,0.9,PFOS,0.0219972254710952,0.999139297746776,False,up
WBGene00015626,3,1.0,PFOS,0.0219970974389486,0.999139297746776,False,up
WBGene00011720,3,1.0,PFOS,0.0219160111658724,0.999139297746776,False,up
WBGene00010575,3,0.7,PFOS,0.0218930097834125,0.999139297746776,False,up
WBGene00003889,3,1.0,PFOS,0.0218433569737357,0.999139297746776,False,up
WBGene00015478,3,1.0,PFOS,0.0215606377739631,0.999139297746776,False,up
WBGene00000584,3,0.9,PFOS,0.0214747000881659,0.999139297746776,False,up
WBGene00021871,3,1.0,PFOS,0.0214340824669143,0.999139297746776,False,up
WBGene00000914,3,1.0,PFOS,0.0213973397861932,0.999139297746776,False,up
WBGene00017292,3,1.0,PFOS,0.0213902118010628,0.999139297746776,False,up
WBGene00016244,3,1.0,PFOS,0.0209843388259988,0.999139297746776,False,up
WBGene00011858,3,0.7666666666666667,PFOS,0.0209333120722685,0.999139297746776,False,up
WBGene00007541,3,0.9666666666666667,PFOS,0.0208316852599035,0.999139297746776,False,up
WBGene00018819,3,1.0,PFOS,0.0207627748499114,0.999139297746776,False,up
WBGene00003517,3,1.0,PFOS,0.0206761997624203,0.999139297746776,False,up
WBGene00001122,3,0.9,PFOS,0.0206569524212117,0.999139297746776,False,up
WBGene00009780,3,1.0,PFOS,0.0206118489781734,0.999139297746776,False,up
WBGene00002881,3,1.0,PFOS,0.0205555292074694,0.999139297746776,False,up
WBGene00003694,3,1.0,PFOS,0.020453820139105,0.999139297746776,False,up
WBGene00017226,3,0.9666666666666667,PFOS,0.0204457855647997,0.999139297746776,False,up
WBGene00013336,3,1.0,PFOS,0.020381169197193,0.999139297746776,False,up
WBGene00019048,3,1.0,PFOS,0.0203215977605004,0.999139297746776,False,up
WBGene00022837,3,1.0,PFOS,0.0202247022355173,0.999139297746776,False,up
WBGene00013637,3,1.0,PFOS,0.0200864766159089,0.999139297746776,False,up
WBGene00008222,3,0.9,PFOS,0.0199921112940109,0.999139297746776,False,up
WBGene00006416,3,1.0,PFOS,0.019914514350904,0.999139297746776,False,up
WBGene00022788,3,1.0,PFOS,0.0198631852729414,0.999139297746776,False,up
WBGene00016443,3,1.0,PFOS,0.0197592868918194,0.999139297746776,False,up
WBGene00019023,3,1.0,PFOS,0.0196533817716567,0.999139297746776,False,up
WBGene00005643,3,1.0,PFOS,0.0194779511944407,0.999139297746776,False,up
WBGene00000438,3,0.9,PFOS,0.0191389504319625,0.999139297746776,False,up
WBGene00001561,3,0.9666666666666667,PFOS,0.0190482492872066,0.999139297746776,False,up
WBGene00000641,3,1.0,PFOS,0.0190412035645619,0.999139297746776,False,up
WBGene00008407,3,1.0,PFOS,0.0188462482772894,0.999139297746776,False,up
WBGene00019477,3,0.9333333333333333,PFOS,0.0187070775126132,0.999139297746776,False,up
WBGene00017980,3,1.0,PFOS,0.0185741407812691,0.999139297746776,False,up
WBGene00021395,3,1.0,PFOS,0.0185694817543144,0.999139297746776,False,up
WBGene00011978,3,0.9666666666666667,PFOS,0.0185515717642363,0.999139297746776,False,up
WBGene00019001,3,0.9666666666666667,PFOS,0.0181089733823521,0.999139297746776,False,up
WBGene00011250,3,0.7333333333333333,PFOS,0.018052384308185,0.999139297746776,False,up
WBGene00008733,3,0.9666666666666667,PFOS,0.0179441902686103,0.999139297746776,False,up
WBGene00007026,3,1.0,PFOS,0.0178274003711299,0.999139297746776,False,up
WBGene00017904,3,0.9666666666666667,PFOS,0.0178129089139499,0.999139297746776,False,up
WBGene00015957,3,1.0,PFOS,0.0177735083844815,0.999139297746776,False,up
WBGene00044035,3,1.0,PFOS,0.0177538270946637,0.999139297746776,False,up
WBGene00020962,3,1.0,PFOS,0.0177382900013442,0.999139297746776,False,up
WBGene00003743,3,0.6666666666666666,PFOS,0.017694886582872,0.999139297746776,False,up
WBGene00008681,3,0.9,PFOS,0.0175889298912202,0.999139297746776,False,up
WBGene00014080,3,1.0,PFOS,0.0175590713142388,0.999139297746776,False,up
WBGene00006852,3,1.0,PFOS,0.0173636921739815,0.999139297746776,False,up
WBGene00008239,3,1.0,PFOS,0.0169686675362183,0.999139297746776,False,up
WBGene00016803,3,1.0,PFOS,0.0168416932278432,0.999139297746776,False,up
WBGene00000186,3,0.9333333333333333,PFOS,0.0167351210404737,0.999139297746776,False,up
WBGene00003726,3,1.0,PFOS,0.0165953300091833,0.999139297746776,False,up
WBGene00008020,3,0.9666666666666667,PFOS,0.0165221485015224,0.999139297746776,False,up
WBGene00008956,3,1.0,PFOS,0.0164900094540383,0.999139297746776,False,up
WBGene00009190,3,1.0,PFOS,0.0164083653202178,0.999139297746776,False,up
WBGene00017016,3,1.0,PFOS,0.0163096252972173,0.999139297746776,False,up
WBGene00003682,3,0.9666666666666667,PFOS,0.0162028172760795,0.999139297746776,False,up
WBGene00009867,3,1.0,PFOS,0.0161106176227301,0.999139297746776,False,up
WBGene00013718,3,1.0,PFOS,0.0159285271168641,0.999139297746776,False,up
WBGene00003943,3,1.0,PFOS,0.0158770558422152,0.999139297746776,False,up
WBGene00007933,3,1.0,PFOS,0.0158405202264062,0.999139297746776,False,up
WBGene00086546,3,1.0,PFOS,0.0158069370818015,0.999139297746776,False,up
WBGene00015468,3,0.9666666666666667,PFOS,0.0157739160209287,0.999139297746776,False,up
WBGene00016539,3,1.0,PFOS,0.0157577487325358,0.999139297746776,False,up
WBGene00011423,3,1.0,PFOS,0.0156186600069742,0.999139297746776,False,up
WBGene00003401,3,1.0,PFOS,0.0156119455916272,0.999139297746776,False,up
WBGene00015641,3,0.9,PFOS,0.0153951884932902,0.999139297746776,False,up
WBGene00014151,3,0.8333333333333334,PFOS,0.0153777934534076,0.999139297746776,False,up
WBGene00001526,3,1.0,PFOS,0.0153268324497115,0.999139297746776,False,up
WBGene00016157,3,1.0,PFOS,0.015233886545352,0.999139297746776,False,up
WBGene00009924,3,1.0,PFOS,0.015152377871089,0.999139297746776,False,up
WBGene00020762,3,0.9333333333333333,PFOS,0.0151496993067563,0.999139297746776,False,up
WBGene00017076,3,1.0,PFOS,0.0151045118623099,0.999139297746776,False,up
WBGene00019713,3,1.0,PFOS,0.0150058489863151,0.999139297746776,False,up
WBGene00012906,3,1.0,PFOS,0.0148594518922809,0.999139297746776,False,up
WBGene00015561,3,1.0,PFOS,0.0148525050651042,0.999139297746776,False,up
WBGene00020852,3,1.0,PFOS,0.0148504808213495,0.999139297746776,False,up
WBGene00020374,3,0.9,PFOS,0.0148139854532144,0.999139297746776,False,up
WBGene00018523,3,1.0,PFOS,0.0147371290724292,0.999139297746776,False,up
WBGene00013701,3,0.7,PFOS,0.0146108952466463,0.999139297746776,False,up
WBGene00013481,3,0.9666666666666667,PFOS,0.0145244061269932,0.999139297746776,False,up
WBGene00019182,3,1.0,PFOS,0.0144949114785499,0.999139297746776,False,up
WBGene00007604,3,0.9666666666666667,PFOS,0.0144144084315796,0.999139297746776,False,up
WBGene00020695,3,1.0,PFOS,0.0142850626991533,0.999139297746776,False,up
WBGene00008303,3,0.9,PFOS,0.0142378819221241,0.999139297746776,False,up
WBGene00003570,3,0.9333333333333333,PFOS,0.0142318473382803,0.999139297746776,False,up
WBGene00003644,3,0.9,PFOS,0.0141125266572128,0.999139297746776,False,up
WBGene00044349,3,1.0,PFOS,0.0139343257493859,0.999139297746776,False,up
WBGene00044699,3,0.9,PFOS,0.0137243725394693,0.999139297746776,False,up
WBGene00011970,3,0.9,PFOS,0.0137076601083915,0.999139297746776,False,up
WBGene00007577,3,0.5333333333333333,PFOS,0.0136051737482986,0.999139297746776,False,up
WBGene00011217,3,0.9,PFOS,0.013595372608718,0.999139297746776,False,up
WBGene00011681,3,0.9,PFOS,0.0134382597174889,0.999139297746776,False,up
WBGene00003647,3,1.0,PFOS,0.0133393936967072,0.999139297746776,False,up
WBGene00000910,3,1.0,PFOS,0.0133248030753481,0.999139297746776,False,up
WBGene00019009,3,1.0,PFOS,0.0132995465230173,0.999139297746776,False,up
WBGene00017302,3,0.7,PFOS,0.0132720211553206,0.999139297746776,False,up
WBGene00003179,3,0.5333333333333333,PFOS,0.0132277207610053,0.999139297746776,False,up
WBGene00008834,3,0.9,PFOS,0.0130048794267003,0.999139297746776,False,up
WBGene00003628,3,0.5,PFOS,0.0129710038658181,0.999139297746776,False,up
WBGene00018562,3,1.0,PFOS,0.0128069218680499,0.999139297746776,False,up
WBGene00013695,3,1.0,PFOS,0.0126466565131321,0.999139297746776,False,up
WBGene00017268,3,0.5666666666666667,PFOS,0.0125309089922381,0.999139297746776,False,up
WBGene00009116,3,0.9,PFOS,0.0123228579940217,0.999139297746776,False,up
WBGene00018184,3,0.9333333333333333,PFOS,0.0122252749453344,0.999139297746776,False,up
WBGene00018208,3,0.9666666666666667,PFOS,0.0122248388204198,0.999139297746776,False,up
WBGene00007680,3,0.9,PFOS,0.0122061596537664,0.999139297746776,False,up
WBGene00000477,3,1.0,PFOS,0.0120267637477226,0.999139297746776,False,up
WBGene00012222,3,0.9333333333333333,PFOS,0.0118864350492556,0.999139297746776,False,up
WBGene00000761,3,0.9666666666666667,PFOS,0.0117219768693587,0.999139297746776,False,up
WBGene00004147,3,0.9,PFOS,0.0116789776773383,0.999139297746776,False,up
WBGene00003719,3,0.9666666666666667,PFOS,0.0116548817230855,0.999139297746776,False,up
WBGene00007505,3,0.9,PFOS,0.0115664448806492,0.999139297746776,False,up
WBGene00020583,3,1.0,PFOS,0.0115350112188091,0.999139297746776,False,up
WBGene00009741,3,0.9666666666666667,PFOS,0.0115289770139383,0.999139297746776,False,up
WBGene00020705,3,0.6666666666666666,PFOS,0.011416361455644,0.999139297746776,False,up
WBGene00015216,3,0.9,PFOS,0.0113211229351081,0.999139297746776,False,up
WBGene00012764,3,0.9666666666666667,PFOS,0.0112565690884843,0.999139297746776,False,up
WBGene00006819,3,1.0,PFOS,0.0111785881749936,0.999139297746776,False,up
WBGene00119203,3,0.5333333333333333,PFOS,0.0111434205114211,0.999139297746776,False,up
WBGene00015621,3,0.9,PFOS,0.0104638975919821,0.999139297746776,False,up
WBGene00008601,3,1.0,PFOS,0.0104544467376358,0.999139297746776,False,up
WBGene00007009,3,1.0,PFOS,0.0104066213677995,0.999139297746776,False,up
WBGene00195154,3,1.0,PFOS,0.0103952976055788,0.999139297746776,False,up
WBGene00003723,3,0.9,PFOS,0.0101890018963303,0.999139297746776,False,up
WBGene00009676,3,1.0,PFOS,0.0097156107265501,0.999139297746776,False,up
WBGene00007534,3,1.0,PFOS,0.0096028165433974,0.999139297746776,False,up
WBGene00003527,3,1.0,PFOS,0.0093770315643943,0.999139297746776,False,up
WBGene00000500,3,1.0,PFOS,0.0093343231566876,0.999139297746776,False,up
WBGene00011500,3,1.0,PFOS,0.0092252286388637,0.999139297746776,False,up
WBGene00008861,3,1.0,PFOS,0.0091747741461179,0.999139297746776,False,up
WBGene00012856,3,0.7,PFOS,0.0091634720671147,0.999139297746776,False,up
WBGene00014256,3,0.6333333333333333,PFOS,0.0090074535967971,0.999139297746776,False,up
WBGene00009331,3,1.0,PFOS,0.0089903930354814,0.999139297746776,False,up
WBGene00014036,3,0.9666666666666667,PFOS,0.0086590977904307,0.999139297746776,False,up
WBGene00008706,3,1.0,PFOS,0.0084770040807281,0.999139297746776,False,up
WBGene00013709,3,0.9,PFOS,0.0083209201803627,0.999139297746776,False,up
WBGene00020324,3,0.9,PFOS,0.008270058683656,0.999139297746776,False,up
WBGene00009881,3,1.0,PFOS,0.0081080943330793,0.999139297746776,False,up
WBGene00010754,3,1.0,PFOS,0.0079636951959637,0.999139297746776,False,up
WBGene00010096,3,1.0,PFOS,0.0077429840131333,0.999139297746776,False,up
WBGene00011773,3,1.0,PFOS,0.0076284630891604,0.999139297746776,False,up
WBGene00008745,3,1.0,PFOS,0.0075849081923991,0.999139297746776,False,up
WBGene00018266,3,1.0,PFOS,0.0074762813894395,0.999139297746776,False,up
WBGene00013077,3,1.0,PFOS,0.0074072764196481,0.999139297746776,False,up
WBGene00010385,3,1.0,PFOS,0.0072904967092126,0.999139297746776,False,up
WBGene00044389,3,0.9333333333333333,PFOS,0.0071465530444083,0.999139297746776,False,up
WBGene00004437,3,0.9,PFOS,0.0069513117393953,0.999139297746776,False,up
WBGene00007274,3,0.9666666666666667,PFOS,0.0069343833253248,0.999139297746776,False,up
WBGene00007430,3,1.0,PFOS,0.0068881110244116,0.999139297746776,False,up
WBGene00002239,3,1.0,PFOS,0.0067760124350916,0.999139297746776,False,up
WBGene00010980,3,1.0,PFOS,0.0067166657080739,0.999139297746776,False,up
WBGene00009790,3,1.0,PFOS,0.0065601872361152,0.999139297746776,False,up
WBGene00021741,3,1.0,PFOS,0.006428222149831,0.999139297746776,False,up
WBGene00012514,3,1.0,PFOS,0.006375122406871,0.999139297746776,False,up
WBGene00077771,3,0.9333333333333333,PFOS,0.0060524690531699,0.999139297746776,False,up
WBGene00013923,3,1.0,PFOS,0.0059300132847832,0.999139297746776,False,up
WBGene00018005,3,1.0,PFOS,0.005927207267919,0.999139297746776,False,up
WBGene00000284,3,0.9,PFOS,0.0056869200857725,0.999139297746776,False,up
WBGene00000035,3,0.9,PFOS,0.005671097618883,0.999139297746776,False,up
WBGene00001592,3,1.0,PFOS,0.0056657588160442,0.999139297746776,False,up
WBGene00016120,3,1.0,PFOS,0.0054525085775233,0.999139297746776,False,up
WBGene00017471,3,1.0,PFOS,0.0054091871165451,0.999139297746776,False,up
WBGene00022402,3,0.9333333333333333,PFOS,0.0053359400466963,0.999139297746776,False,up
WBGene00007779,3,1.0,PFOS,0.005237595205688,0.999139297746776,False,up
WBGene00012632,3,1.0,PFOS,0.0051389154502828,0.999139297746776,False,up
WBGene00018314,3,1.0,PFOS,0.0051140397682313,0.999139297746776,False,up
WBGene00011021,3,1.0,PFOS,0.0050266899522527,0.999139297746776,False,up
WBGene00011404,3,1.0,PFOS,0.0050095190724754,0.999139297746776,False,up
WBGene00003387,3,1.0,PFOS,0.0049477677719698,0.999139297746776,False,up
WBGene00012178,3,0.9666666666666667,PFOS,0.0048706237008556,0.999139297746776,False,up
WBGene00002210,3,0.9666666666666667,PFOS,0.0047938017396913,0.999139297746776,False,up
WBGene00009579,3,1.0,PFOS,0.004775420876911,0.999139297746776,False,up
WBGene00010806,3,1.0,PFOS,0.0046511443104377,0.999139297746776,False,up
WBGene00022331,3,1.0,PFOS,0.004646516652796,0.999139297746776,False,up
WBGene00043988,3,0.9333333333333333,PFOS,0.0045863668414563,0.999139297746776,False,up
WBGene00010813,3,1.0,PFOS,0.0045608131972624,0.999139297746776,False,up
WBGene00008319,3,1.0,PFOS,0.0044495664036012,0.999139297746776,False,up
WBGene00004375,3,1.0,PFOS,0.0043887962044297,0.999139297746776,False,up
WBGene00004032,3,0.6333333333333333,PFOS,0.0043774424113207,0.999139297746776,False,up
WBGene00007349,3,1.0,PFOS,0.003993679995746,0.999139297746776,False,up
WBGene00009277,3,1.0,PFOS,0.0036933149471392,0.999139297746776,False,up
WBGene00005026,3,1.0,PFOS,0.0035881238082799,0.999139297746776,False,up
WBGene00008213,3,0.6333333333333333,PFOS,0.0035872437353116,0.999139297746776,False,up
WBGene00009619,3,0.9,PFOS,0.0035818135194326,0.999139297746776,False,up
WBGene00022271,3,0.9,PFOS,0.0033461117651786,0.999139297746776,False,up
WBGene00009176,3,1.0,PFOS,0.0033098739386904,0.999139297746776,False,up
WBGene00023520,3,0.9666666666666667,PFOS,0.0031911498332938,0.999139297746776,False,up
WBGene00003821,3,1.0,PFOS,0.0031491993925172,0.999139297746776,False,up
WBGene00022391,3,0.9,PFOS,0.0028648366066233,0.999139297746776,False,up
WBGene00018376,3,0.9666666666666667,PFOS,0.0026290883387293,0.999139297746776,False,up
WBGene00012268,3,1.0,PFOS,0.0024724329092034,0.999139297746776,False,up
WBGene00010315,3,1.0,PFOS,0.002437302794159,0.999139297746776,False,up
WBGene00002276,3,1.0,PFOS,0.0024245750352747,0.999139297746776,False,up
WBGene00010887,3,1.0,PFOS,0.002340593394004,0.999139297746776,False,up
WBGene00016318,3,1.0,PFOS,0.0022866221913746,0.999139297746776,False,up
WBGene00007180,3,1.0,PFOS,0.0020973474435471,0.999139297746776,False,up
WBGene00017838,3,0.9,PFOS,0.0018684761555362,0.999139297746776,False,up
WBGene00023418,3,1.0,PFOS,0.0018372821583574,0.999139297746776,False,up
WBGene00015471,3,1.0,PFOS,0.0016701547469573,0.999139297746776,False,up
WBGene00010038,3,0.9666666666666667,PFOS,0.0012359595148709,0.999139297746776,False,up
WBGene00010803,3,0.9,PFOS,0.0009713376010388,0.999139297746776,False,up
WBGene00001680,3,1.0,PFOS,0.0008645692458094,0.999139297746776,False,up
WBGene00019324,3,0.9666666666666667,PFOS,-0.0005158269295671,0.999139297746776,False,down
WBGene00021316,3,0.9666666666666667,PFOS,-0.0007044107749006,0.999139297746776,False,down
WBGene00016671,3,0.9666666666666667,PFOS,-0.0015015621973342,0.999139297746776,False,down
WBGene00002004,3,1.0,PFOS,-0.0017275425696419,0.999139297746776,False,down
WBGene00003887,3,0.9666666666666667,PFOS,-0.0020614384194077,0.999139297746776,False,down
WBGene00011116,3,1.0,PFOS,-0.0024192512154408,0.999139297746776,False,down
WBGene00013480,3,1.0,PFOS,-0.0026681685164419,0.999139297746776,False,down
WBGene00013081,3,1.0,PFOS,-0.0027842569832672,0.999139297746776,False,down
WBGene00009172,3,0.9,PFOS,-0.0028395031621308,0.999139297746776,False,down
WBGene00012626,3,1.0,PFOS,-0.0029208773908695,0.999139297746776,False,down
WBGene00015861,3,0.9666666666666667,PFOS,-0.0029342097016286,0.999139297746776,False,down
WBGene00003849,3,1.0,PFOS,-0.0029420983757071,0.999139297746776,False,down
WBGene00006807,3,1.0,PFOS,-0.0030805432811127,0.999139297746776,False,down
WBGene00013484,3,1.0,PFOS,-0.0031458262859214,0.999139297746776,False,down
WBGene00044500,3,0.7666666666666667,PFOS,-0.0032463808394174,0.999139297746776,False,down
WBGene00006470,3,1.0,PFOS,-0.0033759806732361,0.999139297746776,False,down
WBGene00000056,3,0.8666666666666667,PFOS,-0.0034025703842554,0.999139297746776,False,down
WBGene00004313,3,0.7666666666666667,PFOS,-0.003540032575212,0.999139297746776,False,down
WBGene00009640,3,1.0,PFOS,-0.0035521674337424,0.999139297746776,False,down
WBGene00008352,3,0.7,PFOS,-0.0035872385592561,0.999139297746776,False,down
WBGene00022248,3,0.9666666666666667,PFOS,-0.0037637628773936,0.999139297746776,False,down
WBGene00012136,3,0.9666666666666667,PFOS,-0.0038387713173389,0.999139297746776,False,down
WBGene00009587,3,1.0,PFOS,-0.0038604332505366,0.999139297746776,False,down
WBGene00017580,3,0.6333333333333333,PFOS,-0.0039282051977973,0.999139297746776,False,down
WBGene00006655,3,1.0,PFOS,-0.0040119154992482,0.999139297746776,False,down
WBGene00011382,3,1.0,PFOS,-0.0040823125273809,0.999139297746776,False,down
WBGene00022191,3,0.9,PFOS,-0.0041365356686568,0.999139297746776,False,down
WBGene00003638,3,1.0,PFOS,-0.0041995170697915,0.999139297746776,False,down
WBGene00012989,3,1.0,PFOS,-0.0042227754704866,0.999139297746776,False,down
WBGene00021264,3,0.9,PFOS,-0.0042384617699921,0.999139297746776,False,down
WBGene00016945,3,1.0,PFOS,-0.0042491144171536,0.999139297746776,False,down
WBGene00020086,3,0.9,PFOS,-0.0042779738806359,0.999139297746776,False,down
WBGene00013042,3,0.9,PFOS,-0.0044770003191426,0.999139297746776,False,down
WBGene00004778,3,1.0,PFOS,-0.0048042265461566,0.999139297746776,False,down
WBGene00007336,3,0.9666666666666667,PFOS,-0.0050079521572512,0.999139297746776,False,down
WBGene00018035,3,1.0,PFOS,-0.0053871564427323,0.999139297746776,False,down
WBGene00007044,3,1.0,PFOS,-0.0055332543390657,0.999139297746776,False,down
WBGene00021210,3,1.0,PFOS,-0.005606787113911,0.999139297746776,False,down
WBGene00086557,3,1.0,PFOS,-0.0059375371216808,0.999139297746776,False,down
WBGene00009730,3,0.9666666666666667,PFOS,-0.005954587875978,0.999139297746776,False,down
WBGene00003564,3,1.0,PFOS,-0.0060532561646757,0.999139297746776,False,down
WBGene00009885,3,1.0,PFOS,-0.00612416365216,0.999139297746776,False,down
WBGene00002187,3,1.0,PFOS,-0.0061942670009656,0.999139297746776,False,down
WBGene00022471,3,1.0,PFOS,-0.0062566947996579,0.999139297746776,False,down
WBGene00010408,3,1.0,PFOS,-0.0062962446211539,0.999139297746776,False,down
WBGene00009139,3,1.0,PFOS,-0.0063700933362984,0.999139297746776,False,down
WBGene00011296,3,1.0,PFOS,-0.0064272004207277,0.999139297746776,False,down
WBGene00017078,3,0.8333333333333334,PFOS,-0.0065615227299657,0.999139297746776,False,down
WBGene00000259,3,1.0,PFOS,-0.0068111812492914,0.999139297746776,False,down
WBGene00016546,3,1.0,PFOS,-0.0068297618907544,0.999139297746776,False,down
WBGene00012381,3,0.9,PFOS,-0.0070769803571982,0.999139297746776,False,down
WBGene00013198,3,1.0,PFOS,-0.0070933399537319,0.999139297746776,False,down
WBGene00006711,3,1.0,PFOS,-0.0072411592968337,0.999139297746776,False,down
WBGene00019716,3,1.0,PFOS,-0.0075389627107036,0.999139297746776,False,down
WBGene00021405,3,0.6,PFOS,-0.0075697479867131,0.999139297746776,False,down
WBGene00019285,3,1.0,PFOS,-0.0076685628711718,0.999139297746776,False,down
WBGene00017298,3,1.0,PFOS,-0.0077570738212206,0.999139297746776,False,down
WBGene00022015,3,0.9666666666666667,PFOS,-0.0079711770049589,0.999139297746776,False,down
WBGene00022664,3,0.8666666666666667,PFOS,-0.0079788213368275,0.999139297746776,False,down
WBGene00003549,3,1.0,PFOS,-0.0079995051738306,0.999139297746776,False,down
WBGene00005127,3,0.7666666666666667,PFOS,-0.0080486095825378,0.999139297746776,False,down
WBGene00014101,3,1.0,PFOS,-0.0081932186303154,0.999139297746776,False,down
WBGene00005147,3,1.0,PFOS,-0.0084062750083995,0.999139297746776,False,down
WBGene00013812,3,1.0,PFOS,-0.0086214209834525,0.999139297746776,False,down
WBGene00009477,3,0.9,PFOS,-0.0087091067643213,0.999139297746776,False,down
WBGene00007174,3,1.0,PFOS,-0.0087812729336839,0.999139297746776,False,down
WBGene00020497,3,0.9666666666666667,PFOS,-0.0090963718635664,0.999139297746776,False,down
WBGene00010540,3,1.0,PFOS,-0.009202716093599,0.999139297746776,False,down
WBGene00001972,3,1.0,PFOS,-0.0092485097957628,0.999139297746776,False,down
WBGene00010311,3,1.0,PFOS,-0.009396113948028,0.999139297746776,False,down
WBGene00017868,3,1.0,PFOS,-0.0096365035715845,0.999139297746776,False,down
WBGene00007357,3,1.0,PFOS,-0.0099108562333695,0.999139297746776,False,down
WBGene00013518,3,1.0,PFOS,-0.0102939829856424,0.999139297746776,False,down
WBGene00017144,3,1.0,PFOS,-0.010414799772267,0.999139297746776,False,down
WBGene00018352,3,1.0,PFOS,-0.010545343206246,0.999139297746776,False,down
WBGene00005182,3,1.0,PFOS,-0.0107436748317386,0.999139297746776,False,down
WBGene00013159,3,0.9666666666666667,PFOS,-0.0107851461461359,0.999139297746776,False,down
WBGene00007476,3,0.6333333333333333,PFOS,-0.0108993192182819,0.999139297746776,False,down
WBGene00008726,3,0.9666666666666667,PFOS,-0.0112759644857232,0.999139297746776,False,down
WBGene00013839,3,1.0,PFOS,-0.0112824108685014,0.999139297746776,False,down
WBGene00008197,3,1.0,PFOS,-0.0113364743442654,0.999139297746776,False,down
WBGene00022805,3,0.9666666666666667,PFOS,-0.0114397782056707,0.999139297746776,False,down
WBGene00019428,3,1.0,PFOS,-0.0115674098284719,0.999139297746776,False,down
WBGene00009234,3,0.7333333333333333,PFOS,-0.0116292882832879,0.999139297746776,False,down
WBGene00015418,3,0.5,PFOS,-0.011630528176205,0.999139297746776,False,down
WBGene00017340,3,0.9666666666666667,PFOS,-0.0116786196602165,0.999139297746776,False,down
WBGene00003386,3,1.0,PFOS,-0.0117150578545488,0.999139297746776,False,down
WBGene00017142,3,1.0,PFOS,-0.011872508239766,0.999139297746776,False,down
WBGene00001167,3,1.0,PFOS,-0.0119080767457571,0.999139297746776,False,down
WBGene00018033,3,1.0,PFOS,-0.0119860049737915,0.999139297746776,False,down
WBGene00043054,3,0.5666666666666667,PFOS,-0.0120383683987444,0.999139297746776,False,down
WBGene00000484,3,1.0,PFOS,-0.0123229332265777,0.999139297746776,False,down
WBGene00015295,3,0.9666666666666667,PFOS,-0.0125471231154465,0.999139297746776,False,down
WBGene00012838,3,1.0,PFOS,-0.0133534337275573,0.999139297746776,False,down
WBGene00009512,3,1.0,PFOS,-0.0133796144114161,0.999139297746776,False,down
WBGene00008476,3,1.0,PFOS,-0.0135897742849503,0.999139297746776,False,down
WBGene00010686,3,1.0,PFOS,-0.0137422364286778,0.999139297746776,False,down
WBGene00000253,3,0.9666666666666667,PFOS,-0.013908972605207,0.999139297746776,False,down
WBGene00004148,3,0.9333333333333333,PFOS,-0.0139988909019782,0.999139297746776,False,down
WBGene00019829,3,0.9333333333333333,PFOS,-0.0141399013521975,0.999139297746776,False,down
WBGene00017778,3,1.0,PFOS,-0.014308143437056,0.999139297746776,False,down
WBGene00000037,3,0.7666666666666667,PFOS,-0.0144637326465101,0.999139297746776,False,down
WBGene00003918,3,0.9,PFOS,-0.0145160977653452,0.999139297746776,False,down
WBGene00019720,3,0.9,PFOS,-0.014524330485885,0.999139297746776,False,down
WBGene00000853,3,1.0,PFOS,-0.014615975357685,0.999139297746776,False,down
WBGene00011579,3,1.0,PFOS,-0.0146169492614195,0.999139297746776,False,down
WBGene00000293,3,0.6,PFOS,-0.0146284796301754,0.999139297746776,False,down
WBGene00003757,3,0.9666666666666667,PFOS,-0.0147436785046456,0.999139297746776,False,down
WBGene00007024,3,0.9666666666666667,PFOS,-0.014754243381127,0.999139297746776,False,down
WBGene00019143,3,1.0,PFOS,-0.0149671042984423,0.999139297746776,False,down
WBGene00017010,3,0.9,PFOS,-0.0149798485097407,0.999139297746776,False,down
WBGene00006404,3,0.8666666666666667,PFOS,-0.015050765742634,0.999139297746776,False,down
WBGene00015041,3,0.9666666666666667,PFOS,-0.015087808560544,0.999139297746776,False,down
WBGene00017350,3,0.5,PFOS,-0.0152436884286042,0.999139297746776,False,down
WBGene00013489,3,0.6333333333333333,PFOS,-0.015414699271395,0.999139297746776,False,down
WBGene00016419,3,1.0,PFOS,-0.0155798295827739,0.999139297746776,False,down
WBGene00020318,3,1.0,PFOS,-0.0156968270946028,0.999139297746776,False,down
WBGene00002255,3,1.0,PFOS,-0.015873413019186,0.999139297746776,False,down
WBGene00010357,3,0.9666666666666667,PFOS,-0.0159915344348417,0.999139297746776,False,down
WBGene00189956,3,0.9333333333333333,PFOS,-0.0160420154753721,0.999139297746776,False,down
WBGene00006618,3,1.0,PFOS,-0.0160486038503017,0.999139297746776,False,down
WBGene00044743,3,0.9666666666666667,PFOS,-0.0160757362236954,0.999139297746776,False,down
WBGene00003243,3,1.0,PFOS,-0.016611849841754,0.999139297746776,False,down
WBGene00018268,3,0.5,PFOS,-0.016626723743167,0.999139297746776,False,down
WBGene00000905,3,0.5333333333333333,PFOS,-0.0166954433798567,0.999139297746776,False,down
WBGene00000975,3,1.0,PFOS,-0.0167347228768269,0.999139297746776,False,down
WBGene00021134,3,1.0,PFOS,-0.0169387783157409,0.999139297746776,False,down
WBGene00019296,3,1.0,PFOS,-0.0170929903334641,0.999139297746776,False,down
WBGene00014202,3,0.5333333333333333,PFOS,-0.0171033763863209,0.999139297746776,False,down
WBGene00001588,3,0.7333333333333333,PFOS,-0.0171511721786025,0.999139297746776,False,down
WBGene00007409,3,1.0,PFOS,-0.0171745008037397,0.999139297746776,False,down
WBGene00008975,3,1.0,PFOS,-0.0172570048645048,0.999139297746776,False,down
WBGene00001604,3,0.9666666666666667,PFOS,-0.01736114429816,0.999139297746776,False,down
WBGene00019946,3,0.7333333333333333,PFOS,-0.0173806742119663,0.999139297746776,False,down
WBGene00020426,3,0.9666666666666667,PFOS,-0.0175692583671044,0.999139297746776,False,down
WBGene00004235,3,0.9666666666666667,PFOS,-0.0175819307070998,0.999139297746776,False,down
WBGene00008332,3,1.0,PFOS,-0.0178088324390053,0.999139297746776,False,down
WBGene00008120,3,1.0,PFOS,-0.017856835617636,0.999139297746776,False,down
WBGene00001329,3,0.9,PFOS,-0.0179593060716503,0.999139297746776,False,down
WBGene00001509,3,1.0,PFOS,-0.0180256970471855,0.999139297746776,False,down
WBGene00001324,3,1.0,PFOS,-0.0183638129709169,0.999139297746776,False,down
WBGene00011813,3,1.0,PFOS,-0.0183911996415246,0.999139297746776,False,down
WBGene00011465,3,1.0,PFOS,-0.018533468169501,0.999139297746776,False,down
WBGene00000912,3,0.7333333333333333,PFOS,-0.0187462067741314,0.999139297746776,False,down
WBGene00002201,3,0.9666666666666667,PFOS,-0.0187962869784296,0.999139297746776,False,down
WBGene00010897,3,1.0,PFOS,-0.0189673928431371,0.999139297746776,False,down
WBGene00010513,3,1.0,PFOS,-0.0193776318269878,0.999139297746776,False,down
WBGene00016977,3,0.6666666666666666,PFOS,-0.0193820245864001,0.999139297746776,False,down
WBGene00009896,3,1.0,PFOS,-0.019940953179615,0.999139297746776,False,down
WBGene00013040,3,1.0,PFOS,-0.0203890317749574,0.999139297746776,False,down
WBGene00010141,3,0.9666666666666667,PFOS,-0.0205748299672706,0.999139297746776,False,down
WBGene00021756,3,1.0,PFOS,-0.0206335916860497,0.999139297746776,False,down
WBGene00009484,3,0.6333333333333333,PFOS,-0.0206968522405228,0.999139297746776,False,down
WBGene00013713,3,1.0,PFOS,-0.0207680829714921,0.999139297746776,False,down
WBGene00016172,3,0.9,PFOS,-0.0211688779592533,0.999139297746776,False,down
WBGene00000458,3,1.0,PFOS,-0.0211882883061123,0.999139297746776,False,down
WBGene00001117,3,0.9333333333333333,PFOS,-0.0212881451480057,0.999139297746776,False,down
WBGene00015200,3,0.9,PFOS,-0.0214319653248366,0.999139297746776,False,down
WBGene00012142,3,1.0,PFOS,-0.0216325095137896,0.999139297746776,False,down
WBGene00003783,3,1.0,PFOS,-0.0216326467339426,0.999139297746776,False,down
WBGene00018996,3,0.9,PFOS,-0.0216520046064792,0.999139297746776,False,down
WBGene00009560,3,0.6,PFOS,-0.0217756031152173,0.999139297746776,False,down
WBGene00018509,3,0.5,PFOS,-0.0219890790486487,0.999139297746776,False,down
WBGene00021945,3,1.0,PFOS,-0.0222772323599309,0.999139297746776,False,down
WBGene00017017,3,1.0,PFOS,-0.0223448211943379,0.999139297746776,False,down
WBGene00022647,3,1.0,PFOS,-0.0226812796357477,0.999139297746776,False,down
WBGene00006066,3,1.0,PFOS,-0.0226860329769375,0.999139297746776,False,down
WBGene00015531,3,1.0,PFOS,-0.0226953562974775,0.999139297746776,False,down
WBGene00003732,3,1.0,PFOS,-0.0228970067275964,0.999139297746776,False,down
WBGene00017583,3,1.0,PFOS,-0.0229616742109138,0.999139297746776,False,down
WBGene00020373,3,1.0,PFOS,-0.0229976377303124,0.999139297746776,False,down
WBGene00018522,3,1.0,PFOS,-0.0230084325438969,0.999139297746776,False,down
WBGene00009266,3,0.9666666666666667,PFOS,-0.0230516803959336,0.999139297746776,False,down
WBGene00020276,3,1.0,PFOS,-0.0231720080179523,0.999139297746776,False,down
WBGene00022456,3,0.7666666666666667,PFOS,-0.02327991844363,0.999139297746776,False,down
WBGene00003566,3,0.9,PFOS,-0.0232918536703919,0.999139297746776,False,down
WBGene00019734,3,0.9666666666666667,PFOS,-0.0232948718301246,0.999139297746776,False,down
WBGene00015671,3,0.9666666666666667,PFOS,-0.0233312911614412,0.999139297746776,False,down
WBGene00015660,3,0.9,PFOS,-0.0236147557201875,0.999139297746776,False,down
WBGene00015897,3,1.0,PFOS,-0.0237434499725242,0.999139297746776,False,down
WBGene00017164,3,1.0,PFOS,-0.0237752157313553,0.999139297746776,False,down
WBGene00016704,3,1.0,PFOS,-0.0243698350587116,0.999139297746776,False,down
WBGene00016907,3,1.0,PFOS,-0.0243704126495341,0.999139297746776,False,down
WBGene00015186,3,1.0,PFOS,-0.0243764220345844,0.999139297746776,False,down
WBGene00022641,3,0.9333333333333333,PFOS,-0.0246306430511913,0.999139297746776,False,down
WBGene00016006,3,1.0,PFOS,-0.0246500819645075,0.999139297746776,False,down
WBGene00007542,3,1.0,PFOS,-0.0247191047386141,0.999139297746776,False,down
WBGene00000282,3,1.0,PFOS,-0.025419253071735,0.999139297746776,False,down
WBGene00003515,3,0.6,PFOS,-0.0254540689865738,0.999139297746776,False,down
WBGene00007546,3,0.9333333333333333,PFOS,-0.0258884898345486,0.999139297746776,False,down
WBGene00016961,3,1.0,PFOS,-0.0259581726784523,0.999139297746776,False,down
WBGene00016169,3,0.9666666666666667,PFOS,-0.0260678539326149,0.999139297746776,False,down
WBGene00016005,3,0.9,PFOS,-0.0260702169757181,0.999139297746776,False,down
WBGene00003612,3,1.0,PFOS,-0.0263461790021982,0.999139297746776,False,down
WBGene00006405,3,0.8666666666666667,PFOS,-0.0265744561571715,0.999139297746776,False,down
WBGene00004040,3,0.7,PFOS,-0.0266188968094313,0.999139297746776,False,down
WBGene00011495,3,1.0,PFOS,-0.0269083956477035,0.999139297746776,False,down
WBGene00019407,3,1.0,PFOS,-0.0269179311226163,0.999139297746776,False,down
WBGene00006938,3,0.9,PFOS,-0.0271659369632968,0.999139297746776,False,down
WBGene00016324,3,1.0,PFOS,-0.0274133413050602,0.999139297746776,False,down
WBGene00020672,3,0.9333333333333333,PFOS,-0.0274981408036618,0.999139297746776,False,down
WBGene00003185,3,1.0,PFOS,-0.0275730193472354,0.999139297746776,False,down
WBGene00017041,3,0.9,PFOS,-0.0278537585690439,0.999139297746776,False,down
WBGene00017367,3,0.7,PFOS,-0.0279105376589183,0.999139297746776,False,down
WBGene00016535,3,1.0,PFOS,-0.028332537498969,0.999139297746776,False,down
WBGene00013588,3,0.7333333333333333,PFOS,-0.0283634936826927,0.999139297746776,False,down
WBGene00013776,3,0.9333333333333333,PFOS,-0.0284060682085396,0.999139297746776,False,down
WBGene00003615,3,0.9666666666666667,PFOS,-0.028590047070338,0.999139297746776,False,down
WBGene00006811,3,1.0,PFOS,-0.0286669473870608,0.999139297746776,False,down
WBGene00019200,3,0.9666666666666667,PFOS,-0.0287416404991483,0.999139297746776,False,down
WBGene00003404,3,1.0,PFOS,-0.0290269621477692,0.999139297746776,False,down
WBGene00011838,3,1.0,PFOS,-0.0291134770441268,0.999139297746776,False,down
WBGene00001795,3,0.5666666666666667,PFOS,-0.0294885324954655,0.999139297746776,False,down
WBGene00004212,3,1.0,PFOS,-0.0295383610502279,0.999139297746776,False,down
WBGene00004912,3,1.0,PFOS,-0.0296832185998621,0.999139297746776,False,down
WBGene00011566,3,0.9666666666666667,PFOS,-0.0297592577300301,0.999139297746776,False,down
WBGene00000004,3,0.9666666666666667,PFOS,-0.0300316365958696,0.999139297746776,False,down
WBGene00006582,3,1.0,PFOS,-0.0300845772314598,0.999139297746776,False,down
WBGene00002207,3,0.9,PFOS,-0.0300929750817548,0.999139297746776,False,down
WBGene00019656,3,1.0,PFOS,-0.0303461113860646,0.999139297746776,False,down
WBGene00001131,3,0.5,PFOS,-0.0303752781741972,0.999139297746776,False,down
WBGene00004829,3,1.0,PFOS,-0.0304303365098506,0.999139297746776,False,down
WBGene00022719,3,1.0,PFOS,-0.0305599840064913,0.999139297746776,False,down
WBGene00000763,3,1.0,PFOS,-0.0306314549235194,0.999139297746776,False,down
WBGene00015279,3,1.0,PFOS,-0.0306998264525643,0.999139297746776,False,down
WBGene00015115,3,0.9666666666666667,PFOS,-0.0307644952375697,0.999139297746776,False,down
WBGene00004735,3,0.6333333333333333,PFOS,-0.0307852527160869,0.999139297746776,False,down
WBGene00015710,3,1.0,PFOS,-0.030803556763511,0.999139297746776,False,down
WBGene00018259,3,1.0,PFOS,-0.0308314482960834,0.999139297746776,False,down
WBGene00014109,3,0.8333333333333334,PFOS,-0.0310876533331275,0.999139297746776,False,down
WBGene00007216,3,1.0,PFOS,-0.0312010145580961,0.999139297746776,False,down
WBGene00021531,3,1.0,PFOS,-0.0312439659408647,0.999139297746776,False,down
WBGene00007166,3,0.9,PFOS,-0.0316400610478065,0.999139297746776,False,down
WBGene00012028,3,0.9,PFOS,-0.0317223993920305,0.999139297746776,False,down
WBGene00044921,3,1.0,PFOS,-0.0321978373634568,0.999139297746776,False,down
WBGene00020090,3,0.9666666666666667,PFOS,-0.0322156139095681,0.999139297746776,False,down
WBGene00010911,3,1.0,PFOS,-0.0325004200666632,0.999139297746776,False,down
WBGene00044643,3,0.9666666666666667,PFOS,-0.0325914352122691,0.999139297746776,False,down
WBGene00016997,3,0.8666666666666667,PFOS,-0.0326197935563703,0.999139297746776,False,down
WBGene00021079,3,0.9333333333333333,PFOS,-0.0331103000367802,0.999139297746776,False,down
WBGene00017428,3,0.8666666666666667,PFOS,-0.0340025270283604,0.999139297746776,False,down
WBGene00012930,3,1.0,PFOS,-0.0340640632700182,0.999139297746776,False,down
WBGene00004354,3,1.0,PFOS,-0.0341958690082501,0.999139297746776,False,down
WBGene00012728,3,0.9,PFOS,-0.0343776175334883,0.999139297746776,False,down
WBGene00001550,3,1.0,PFOS,-0.0347861841384128,0.999139297746776,False,down
WBGene00012281,3,1.0,PFOS,-0.0348690572820855,0.999139297746776,False,down
WBGene00001173,3,1.0,PFOS,-0.034903560112135,0.999139297746776,False,down
WBGene00021515,3,1.0,PFOS,-0.0349960043420225,0.999139297746776,False,down
WBGene00020943,3,1.0,PFOS,-0.0351278653403431,0.999139297746776,False,down
WBGene00014262,3,1.0,PFOS,-0.0351611045329236,0.999139297746776,False,down
WBGene00017290,3,1.0,PFOS,-0.035288020443136,0.999139297746776,False,down
WBGene00019518,3,1.0,PFOS,-0.035391711090368,0.999139297746776,False,down
WBGene00045013,3,1.0,PFOS,-0.0355151101638666,0.999139297746776,False,down
WBGene00016879,3,1.0,PFOS,-0.0355579934099482,0.999139297746776,False,down
WBGene00010755,3,1.0,PFOS,-0.0358730683797585,0.999139297746776,False,down
WBGene00006467,3,0.9666666666666667,PFOS,-0.0359406131774583,0.999139297746776,False,down
WBGene00015631,3,1.0,PFOS,-0.0359424025551384,0.999139297746776,False,down
WBGene00009091,3,0.9666666666666667,PFOS,-0.036170141506187,0.999139297746776,False,down
WBGene00016094,3,0.9666666666666667,PFOS,-0.0363696460442928,0.999139297746776,False,down
WBGene00010940,3,0.9666666666666667,PFOS,-0.0363749246663056,0.999139297746776,False,down
WBGene00001971,3,0.9,PFOS,-0.0367926683137659,0.999139297746776,False,down
WBGene00010082,3,1.0,PFOS,-0.0368226413525526,0.999139297746776,False,down
WBGene00002263,3,1.0,PFOS,-0.0370711701850208,0.999139297746776,False,down
WBGene00003938,3,1.0,PFOS,-0.037098953122119,0.999139297746776,False,down
WBGene00016260,3,1.0,PFOS,-0.0371256021323071,0.999139297746776,False,down
WBGene00044774,3,0.8333333333333334,PFOS,-0.0372215672220185,0.999139297746776,False,down
WBGene00010260,3,0.7333333333333333,PFOS,-0.0373114077592915,0.999139297746776,False,down
WBGene00010770,3,1.0,PFOS,-0.0373677221885278,0.999139297746776,False,down
WBGene00020051,3,1.0,PFOS,-0.037461270351775,0.999139297746776,False,down
WBGene00020158,3,0.9,PFOS,-0.0375291518661835,0.999139297746776,False,down
WBGene00002200,3,1.0,PFOS,-0.0379560262773814,0.999139297746776,False,down
WBGene00018700,3,1.0,PFOS,-0.0389639065518827,0.999139297746776,False,down
WBGene00014300,3,0.9666666666666667,PFOS,-0.0390754269492354,0.999139297746776,False,down
WBGene00006853,3,1.0,PFOS,-0.0392996341376529,0.999139297746776,False,down
WBGene00016912,3,0.6666666666666666,PFOS,-0.0394815701151756,0.999139297746776,False,down
WBGene00021980,3,1.0,PFOS,-0.0395770994842834,0.999139297746776,False,down
WBGene00009904,3,1.0,PFOS,-0.0395899677377915,0.999139297746776,False,down
WBGene00008366,3,0.9333333333333333,PFOS,-0.0396341888202434,0.999139297746776,False,down
WBGene00022106,3,1.0,PFOS,-0.0399664717644387,0.999139297746776,False,down
WBGene00004184,3,0.6333333333333333,PFOS,-0.0400413248177095,0.999139297746776,False,down
WBGene00021178,3,0.9333333333333333,PFOS,-0.0401226779955435,0.999139297746776,False,down
WBGene00018966,3,0.6333333333333333,PFOS,-0.0405610530108882,0.999139297746776,False,down
WBGene00020698,3,1.0,PFOS,-0.0406328449519022,0.999139297746776,False,down
WBGene00010882,3,1.0,PFOS,-0.0406753550046519,0.999139297746776,False,down
WBGene00008034,3,1.0,PFOS,-0.0407028600512076,0.999139297746776,False,down
WBGene00019116,3,1.0,PFOS,-0.0407527306530775,0.999139297746776,False,down
WBGene00011969,3,0.6333333333333333,PFOS,-0.0408315074384832,0.999139297746776,False,down
WBGene00020842,3,0.9666666666666667,PFOS,-0.0410310095765921,0.999139297746776,False,down
WBGene00016156,3,1.0,PFOS,-0.0410486005743897,0.999139297746776,False,down
WBGene00011420,3,1.0,PFOS,-0.0410719839989885,0.999139297746776,False,down
WBGene00001594,3,1.0,PFOS,-0.0414220703942311,0.999139297746776,False,down
WBGene00010756,3,1.0,PFOS,-0.041905807754441,0.999139297746776,False,down
WBGene00006444,3,1.0,PFOS,-0.0420122105574615,0.999139297746776,False,down
WBGene00004045,3,0.9666666666666667,PFOS,-0.0420627931942176,0.999139297746776,False,down
WBGene00009042,3,1.0,PFOS,-0.0421570715118948,0.999139297746776,False,down
WBGene00009742,3,0.5333333333333333,PFOS,-0.0426421775490613,0.999139297746776,False,down
WBGene00009202,3,0.5,PFOS,-0.0430622696194131,0.999139297746776,False,down
WBGene00016266,3,1.0,PFOS,-0.043329940900582,0.999139297746776,False,down
WBGene00015008,3,1.0,PFOS,-0.043438787099224,0.999139297746776,False,down
WBGene00009664,3,0.9666666666666667,PFOS,-0.0435459328673565,0.999139297746776,False,down
WBGene00019997,3,1.0,PFOS,-0.0437867948724548,0.999139297746776,False,down
WBGene00012739,3,1.0,PFOS,-0.0438018234063558,0.999139297746776,False,down
WBGene00000727,3,1.0,PFOS,-0.0444338047174155,0.999139297746776,False,down
WBGene00003064,3,0.9333333333333333,PFOS,-0.0444750963465588,0.999139297746776,False,down
WBGene00271414,3,0.9666666666666667,PFOS,-0.0449200779743451,0.999139297746776,False,down
WBGene00000533,3,1.0,PFOS,-0.044936021864966,0.999139297746776,False,down
WBGene00001557,3,1.0,PFOS,-0.0450127395400694,0.999139297746776,False,down
WBGene00003547,3,0.7,PFOS,-0.0450883479148934,0.999139297746776,False,down
WBGene00044556,3,1.0,PFOS,-0.0452502033118734,0.999139297746776,False,down
WBGene00012372,3,0.6333333333333333,PFOS,-0.0466159390292941,0.999139297746776,False,down
WBGene00022648,3,0.6333333333333333,PFOS,-0.0466250406991087,0.999139297746776,False,down
WBGene00004076,3,1.0,PFOS,-0.0466279831039833,0.999139297746776,False,down
WBGene00010150,3,0.6333333333333333,PFOS,-0.046664756051411,0.999139297746776,False,down
WBGene00012818,3,1.0,PFOS,-0.0466778614821122,0.999139297746776,False,down
WBGene00013378,3,1.0,PFOS,-0.0467107098693679,0.999139297746776,False,down
WBGene00008454,3,1.0,PFOS,-0.0467935915057548,0.999139297746776,False,down
WBGene00019484,3,1.0,PFOS,-0.047150162857213,0.999139297746776,False,down
WBGene00008248,3,1.0,PFOS,-0.0473120696022829,0.999139297746776,False,down
WBGene00001052,3,0.9,PFOS,-0.0473356138649578,0.999139297746776,False,down
WBGene00009835,3,1.0,PFOS,-0.0473827820020861,0.999139297746776,False,down
WBGene00004374,3,1.0,PFOS,-0.0473830303964076,0.999139297746776,False,down
WBGene00017275,3,0.7333333333333333,PFOS,-0.0476053741915682,0.999139297746776,False,down
WBGene00008974,3,1.0,PFOS,-0.0477721929056268,0.999139297746776,False,down
WBGene00000734,3,1.0,PFOS,-0.0480157660623726,0.999139297746776,False,down
WBGene00006971,3,1.0,PFOS,-0.0484318194609059,0.999139297746776,False,down
WBGene00004811,3,1.0,PFOS,-0.0485058872543194,0.999139297746776,False,down
WBGene00018466,3,1.0,PFOS,-0.0492297130740962,0.999139297746776,False,down
WBGene00010086,3,0.9,PFOS,-0.0494739098014138,0.999139297746776,False,down
WBGene00015602,3,1.0,PFOS,-0.0495159492890646,0.999139297746776,False,down
WBGene00003779,3,1.0,PFOS,-0.0495396577590695,0.999139297746776,False,down
WBGene00022330,3,0.9,PFOS,-0.0498267444825727,0.999139297746776,False,down
WBGene00012137,3,1.0,PFOS,-0.0502344321363278,0.999139297746776,False,down
WBGene00002052,3,0.9,PFOS,-0.0506486194482836,0.999139297746776,False,down
WBGene00012413,3,0.5,PFOS,-0.0506593468880041,0.999139297746776,False,down
WBGene00019394,3,1.0,PFOS,-0.0506693752105099,0.999139297746776,False,down
WBGene00010856,3,0.9666666666666667,PFOS,-0.0508145757814627,0.999139297746776,False,down
WBGene00023404,3,1.0,PFOS,-0.050826621285713,0.999139297746776,False,down
WBGene00020390,3,1.0,PFOS,-0.0508691238147928,0.999139297746776,False,down
WBGene00013994,3,0.9666666666666667,PFOS,-0.0510335472378274,0.999139297746776,False,down
WBGene00012463,3,1.0,PFOS,-0.0520489297411841,0.999139297746776,False,down
WBGene00004827,3,1.0,PFOS,-0.0521970711896128,0.999139297746776,False,down
WBGene00009844,3,1.0,PFOS,-0.0521983659005636,0.999139297746776,False,down
WBGene00001127,3,1.0,PFOS,-0.0522043276518586,0.999139297746776,False,down
WBGene00013325,3,0.9666666666666667,PFOS,-0.0523015302057696,0.999139297746776,False,down
WBGene00016703,3,1.0,PFOS,-0.052448643627038,0.999139297746776,False,down
WBGene00001366,3,1.0,PFOS,-0.0528614998032076,0.999139297746776,False,down
WBGene00014030,3,0.9,PFOS,-0.0528687717730156,0.999139297746776,False,down
WBGene00001586,3,1.0,PFOS,-0.0529362647872645,0.999139297746776,False,down
WBGene00044510,3,1.0,PFOS,-0.0532362951821565,0.999139297746776,False,down
WBGene00044612,3,0.9,PFOS,-0.0538467701086815,0.999139297746776,False,down
WBGene00044342,3,1.0,PFOS,-0.0539838976302188,0.999139297746776,False,down
WBGene00004113,3,1.0,PFOS,-0.0540356623930451,0.999139297746776,False,down
WBGene00044570,3,0.9666666666666667,PFOS,-0.054449652601474,0.999139297746776,False,down
WBGene00012245,3,1.0,PFOS,-0.0546795800707203,0.999139297746776,False,down
WBGene00021205,3,1.0,PFOS,-0.054753493337059,0.999139297746776,False,down
WBGene00001920,3,0.7333333333333333,PFOS,-0.0548451752176175,0.999139297746776,False,down
WBGene00023498,3,1.0,PFOS,-0.0549181017629946,0.999139297746776,False,down
WBGene00019847,3,0.9666666666666667,PFOS,-0.0552716252200924,0.999139297746776,False,down
WBGene00003550,3,1.0,PFOS,-0.0553162002897607,0.999139297746776,False,down
WBGene00002174,3,1.0,PFOS,-0.0556587085478584,0.999139297746776,False,down
WBGene00008031,3,0.9666666666666667,PFOS,-0.05574523139775,0.999139297746776,False,down
WBGene00018586,3,1.0,PFOS,-0.0557747275229755,0.999139297746776,False,down
WBGene00003706,3,1.0,PFOS,-0.0558758638612456,0.999139297746776,False,down
WBGene00019067,3,1.0,PFOS,-0.0562462303629787,0.999139297746776,False,down
WBGene00018622,3,1.0,PFOS,-0.0562510023606938,0.999139297746776,False,down
WBGene00022397,3,1.0,PFOS,-0.0562590333985546,0.999139297746776,False,down
WBGene00013224,3,0.9,PFOS,-0.0565701620363866,0.999139297746776,False,down
WBGene00015700,3,1.0,PFOS,-0.0569078812834121,0.999139297746776,False,down
WBGene00008989,3,1.0,PFOS,-0.0572382320105619,0.999139297746776,False,down
WBGene00269434,3,0.5333333333333333,PFOS,-0.0577535034380676,0.999139297746776,False,down
WBGene00003370,3,1.0,PFOS,-0.0578517307210037,0.999139297746776,False,down
WBGene00010341,3,0.6333333333333333,PFOS,-0.0580415200255792,0.999139297746776,False,down
WBGene00008320,3,1.0,PFOS,-0.0583825170363734,0.999139297746776,False,down
WBGene00010040,3,1.0,PFOS,-0.0585454709075964,0.999139297746776,False,down
WBGene00011317,3,0.9666666666666667,PFOS,-0.058723173791134,0.999139297746776,False,down
WBGene00044792,3,0.9333333333333333,PFOS,-0.0587338260670749,0.999139297746776,False,down
WBGene00022412,3,1.0,PFOS,-0.0588814423999978,0.999139297746776,False,down
WBGene00004509,3,1.0,PFOS,-0.0588857445285364,0.999139297746776,False,down
WBGene00000677,3,1.0,PFOS,-0.0589263053662355,0.999139297746776,False,down
WBGene00016066,3,1.0,PFOS,-0.0594036590940604,0.999139297746776,False,down
WBGene00021473,3,1.0,PFOS,-0.0596135257602861,0.999139297746776,False,down
WBGene00018024,3,1.0,PFOS,-0.060061975755859,0.999139297746776,False,down
WBGene00019511,3,0.9333333333333333,PFOS,-0.0603867980546911,0.999139297746776,False,down
WBGene00007627,3,1.0,PFOS,-0.0605056709882462,0.999139297746776,False,down
WBGene00019351,3,0.9666666666666667,PFOS,-0.0605296577521691,0.999139297746776,False,down
WBGene00044079,3,0.5666666666666667,PFOS,-0.0608559641597953,0.999139297746776,False,down
WBGene00044143,3,0.9666666666666667,PFOS,-0.0610457806236896,0.999139297746776,False,down
WBGene00021397,3,1.0,PFOS,-0.0614133314335031,0.999139297746776,False,down
WBGene00014196,3,1.0,PFOS,-0.0616113695622588,0.999139297746776,False,down
WBGene00019597,3,0.9666666666666667,PFOS,-0.062164363391499,0.999139297746776,False,down
WBGene00016362,3,0.7333333333333333,PFOS,-0.0622355495670009,0.999139297746776,False,down
WBGene00017483,3,0.9,PFOS,-0.0622621585049195,0.999139297746776,False,down
WBGene00011511,3,1.0,PFOS,-0.0624969386149959,0.999139297746776,False,down
WBGene00016427,3,0.9,PFOS,-0.0626797353280413,0.999139297746776,False,down
WBGene00008392,3,0.9333333333333333,PFOS,-0.0627274269385733,0.999139297746776,False,down
WBGene00012382,3,0.9,PFOS,-0.062760688767342,0.999139297746776,False,down
WBGene00019320,3,0.7333333333333333,PFOS,-0.0629106336674155,0.999139297746776,False,down
WBGene00021894,3,1.0,PFOS,-0.0631048409367088,0.999139297746776,False,down
WBGene00013758,3,0.9666666666666667,PFOS,-0.0632117592508652,0.999139297746776,False,down
WBGene00013636,3,1.0,PFOS,-0.0632651232441956,0.999139297746776,False,down
WBGene00020649,3,0.9,PFOS,-0.0634138260104271,0.999139297746776,False,down
WBGene00044696,3,0.8666666666666667,PFOS,-0.0635089257648722,0.999139297746776,False,down
WBGene00009711,3,1.0,PFOS,-0.063920881290561,0.999139297746776,False,down
WBGene00016566,3,1.0,PFOS,-0.0640780781296446,0.999139297746776,False,down
WBGene00000960,3,1.0,PFOS,-0.0646055390587151,0.999139297746776,False,down
WBGene00020761,3,0.9,PFOS,-0.064658074310968,0.999139297746776,False,down
WBGene00018303,3,1.0,PFOS,-0.0647219528291965,0.999139297746776,False,down
WBGene00005008,3,0.9,PFOS,-0.0648511995401601,0.999139297746776,False,down
WBGene00019012,3,1.0,PFOS,-0.0652540870414666,0.999139297746776,False,down
WBGene00007178,3,0.9,PFOS,-0.0655218345613314,0.999139297746776,False,down
WBGene00001891,3,0.6333333333333333,PFOS,-0.0659703968999212,0.999139297746776,False,down
WBGene00002188,3,1.0,PFOS,-0.066043722234282,0.999139297746776,False,down
WBGene00014022,3,0.9,PFOS,-0.0662922798234026,0.999139297746776,False,down
WBGene00022673,3,1.0,PFOS,-0.06656019390181,0.999139297746776,False,down
WBGene00009523,3,1.0,PFOS,-0.0670045331874217,0.999139297746776,False,down
WBGene00022519,3,1.0,PFOS,-0.0672808596532429,0.999139297746776,False,down
WBGene00000776,3,0.5666666666666667,PFOS,-0.0674545540259952,0.999139297746776,False,down
WBGene00021911,3,0.9666666666666667,PFOS,-0.0677961874781408,0.999139297746776,False,down
WBGene00016916,3,1.0,PFOS,-0.0678377340611596,0.999139297746776,False,down
WBGene00006055,3,1.0,PFOS,-0.0679017546468969,0.999139297746776,False,down
WBGene00012525,3,0.9,PFOS,-0.0682207659105665,0.999139297746776,False,down
WBGene00010664,3,0.9666666666666667,PFOS,-0.0688256219612388,0.999139297746776,False,down
WBGene00014669,3,0.9666666666666667,PFOS,-0.0693823426029509,0.999139297746776,False,down
WBGene00015357,3,1.0,PFOS,-0.0698000059543847,0.999139297746776,False,down
WBGene00012610,3,0.9,PFOS,-0.0700212154719189,0.999139297746776,False,down
WBGene00018757,3,0.5333333333333333,PFOS,-0.0701005234729976,0.999139297746776,False,down
WBGene00009769,3,1.0,PFOS,-0.0703060460611532,0.999139297746776,False,down
WBGene00007419,3,1.0,PFOS,-0.0715888586161745,0.999139297746776,False,down
WBGene00016860,3,0.9,PFOS,-0.0716353175699737,0.999139297746776,False,down
WBGene00008388,3,0.9,PFOS,-0.07178011878162,0.999139297746776,False,down
WBGene00015624,3,1.0,PFOS,-0.0719150452242219,0.999139297746776,False,down
WBGene00000491,3,1.0,PFOS,-0.0719924371605823,0.999139297746776,False,down
WBGene00009023,3,1.0,PFOS,-0.0729925364503323,0.999139297746776,False,down
WBGene00022824,3,0.9,PFOS,-0.0730544358942499,0.999139297746776,False,down
WBGene00020267,3,0.6333333333333333,PFOS,-0.0731970545214773,0.999139297746776,False,down
WBGene00021725,3,1.0,PFOS,-0.073211756557249,0.999139297746776,False,down
WBGene00012491,3,1.0,PFOS,-0.073279581864026,0.999139297746776,False,down
WBGene00021297,3,1.0,PFOS,-0.0733576319850042,0.999139297746776,False,down
WBGene00020801,3,1.0,PFOS,-0.0736304793561087,0.999139297746776,False,down
WBGene00019444,3,0.7,PFOS,-0.0738429094760153,0.999139297746776,False,down
WBGene00022047,3,1.0,PFOS,-0.07388999395227,0.999139297746776,False,down
WBGene00013903,3,1.0,PFOS,-0.0746125311946402,0.999139297746776,False,down
WBGene00017864,3,1.0,PFOS,-0.0752263425916187,0.999139297746776,False,down
WBGene00009388,3,1.0,PFOS,-0.0754359077115745,0.999139297746776,False,down
WBGene00007099,3,0.6333333333333333,PFOS,-0.0754866672504784,0.999139297746776,False,down
WBGene00020444,3,1.0,PFOS,-0.0756301591266862,0.999139297746776,False,down
WBGene00045418,3,0.9,PFOS,-0.0761340464991379,0.999139297746776,False,down
WBGene00009729,3,1.0,PFOS,-0.0764911461838132,0.999139297746776,False,down
WBGene00004363,3,0.6333333333333333,PFOS,-0.0771735757005636,0.999139297746776,False,down
WBGene00000903,3,0.5666666666666667,PFOS,-0.0774024851544875,0.999139297746776,False,down
WBGene00008359,3,1.0,PFOS,-0.0774078137155259,0.999139297746776,False,down
WBGene00018031,3,0.9666666666666667,PFOS,-0.0775710291952765,0.999139297746776,False,down
WBGene00044681,3,1.0,PFOS,-0.0775958267527134,0.999139297746776,False,down
WBGene00016199,3,0.9666666666666667,PFOS,-0.0776180222004064,0.999139297746776,False,down
WBGene00021863,3,1.0,PFOS,-0.07766578053821,0.999139297746776,False,down
WBGene00001541,3,1.0,PFOS,-0.0777824540642699,0.999139297746776,False,down
WBGene00011141,3,1.0,PFOS,-0.0778085403901964,0.999139297746776,False,down
WBGene00011578,3,0.8666666666666667,PFOS,-0.0780571396106865,0.999139297746776,False,down
WBGene00219313,3,1.0,PFOS,-0.0780661461073505,0.999139297746776,False,down
WBGene00014055,3,1.0,PFOS,-0.0780846724896931,0.999139297746776,False,down
WBGene00007511,3,0.9666666666666667,PFOS,-0.0781843392438533,0.999139297746776,False,down
WBGene00021080,3,0.9666666666666667,PFOS,-0.0784893438267185,0.999139297746776,False,down
WBGene00009271,3,1.0,PFOS,-0.0785126781319435,0.999139297746776,False,down
WBGene00021123,3,1.0,PFOS,-0.0787051452769772,0.999139297746776,False,down
WBGene00010974,3,1.0,PFOS,-0.0788007494141928,0.999139297746776,False,down
WBGene00007864,3,0.6666666666666666,PFOS,-0.0791871405048072,0.999139297746776,False,down
WBGene00013353,3,1.0,PFOS,-0.0796388906812278,0.999139297746776,False,down
WBGene00006452,3,0.9666666666666667,PFOS,-0.0796910213647364,0.999139297746776,False,down
WBGene00017507,3,1.0,PFOS,-0.0797608066496017,0.999139297746776,False,down
WBGene00006454,3,1.0,PFOS,-0.0803382689361344,0.999139297746776,False,down
WBGene00004024,3,0.8333333333333334,PFOS,-0.0810861536805987,0.999139297746776,False,down
WBGene00015271,3,1.0,PFOS,-0.0812646716543679,0.999139297746776,False,down
WBGene00011869,3,1.0,PFOS,-0.0818205922741697,0.999139297746776,False,down
WBGene00009129,3,0.9,PFOS,-0.0820234849878126,0.999139297746776,False,down
WBGene00021781,3,1.0,PFOS,-0.0820778054526377,0.999139297746776,False,down
WBGene00016364,3,0.9666666666666667,PFOS,-0.0824948645851813,0.999139297746776,False,down
WBGene00010889,3,0.7,PFOS,-0.0830476908385349,0.999139297746776,False,down
WBGene00020684,3,1.0,PFOS,-0.0831570624159402,0.999139297746776,False,down
WBGene00008665,3,0.9666666666666667,PFOS,-0.0833794707652447,0.999139297746776,False,down
WBGene00009778,3,0.9,PFOS,-0.0840467210468281,0.999139297746776,False,down
WBGene00017823,3,1.0,PFOS,-0.0841754631498562,0.999139297746776,False,down
WBGene00003480,3,1.0,PFOS,-0.0841862240527699,0.999139297746776,False,down
WBGene00022427,3,1.0,PFOS,-0.0842411630607246,0.999139297746776,False,down
WBGene00206505,3,1.0,PFOS,-0.0845305722863849,0.999139297746776,False,down
WBGene00008927,3,1.0,PFOS,-0.0848624603814214,0.999139297746776,False,down
WBGene00022027,3,1.0,PFOS,-0.0853696792425948,0.999139297746776,False,down
WBGene00017908,3,1.0,PFOS,-0.0855030491434721,0.999139297746776,False,down
WBGene00018051,3,0.7333333333333333,PFOS,-0.085664736035523,0.999139297746776,False,down
WBGene00016900,3,1.0,PFOS,-0.0858969407405108,0.999139297746776,False,down
WBGene00045052,3,1.0,PFOS,-0.085906152551048,0.999139297746776,False,down
WBGene00016884,3,1.0,PFOS,-0.0859793115482257,0.999139297746776,False,down
WBGene00012122,3,1.0,PFOS,-0.0863165483627563,0.999139297746776,False,down
WBGene00010667,3,1.0,PFOS,-0.0863739561087677,0.999139297746776,False,down
WBGene00011521,3,1.0,PFOS,-0.0864731147197807,0.999139297746776,False,down
WBGene00016621,3,1.0,PFOS,-0.0866731797313327,0.999139297746776,False,down
WBGene00015495,3,1.0,PFOS,-0.0868826964606134,0.999139297746776,False,down
WBGene00016565,3,1.0,PFOS,-0.0869139117651631,0.999139297746776,False,down
WBGene00020247,3,0.9,PFOS,-0.0884106328787664,0.999139297746776,False,down
WBGene00021002,3,1.0,PFOS,-0.0885566945388002,0.999139297746776,False,down
WBGene00000188,3,0.7666666666666667,PFOS,-0.0885764903140019,0.999139297746776,False,down
WBGene00011388,3,1.0,PFOS,-0.0890390369089007,0.999139297746776,False,down
WBGene00015299,3,1.0,PFOS,-0.0895189423098274,0.999139297746776,False,down
WBGene00013127,3,0.9,PFOS,-0.0898542963671643,0.999139297746776,False,down
WBGene00000703,3,0.9666666666666667,PFOS,-0.0900721524921919,0.999139297746776,False,down
WBGene00011070,3,1.0,PFOS,-0.0902123450332028,0.999139297746776,False,down
WBGene00022696,3,1.0,PFOS,-0.0903526909936974,0.999139297746776,False,down
WBGene00004096,3,1.0,PFOS,-0.090441346876884,0.999139297746776,False,down
WBGene00001552,3,1.0,PFOS,-0.09073466590605,0.999139297746776,False,down
WBGene00011158,3,0.7333333333333333,PFOS,-0.0907765695603469,0.999139297746776,False,down
WBGene00015569,3,0.9666666666666667,PFOS,-0.0909395229463994,0.999139297746776,False,down
WBGene00303011,3,1.0,PFOS,-0.090953861313326,0.999139297746776,False,down
WBGene00044487,3,1.0,PFOS,-0.091329424155955,0.999139297746776,False,down
WBGene00043989,3,1.0,PFOS,-0.0918571429601774,0.999139297746776,False,down
WBGene00017512,3,0.6333333333333333,PFOS,-0.0925342827825173,0.999139297746776,False,down
WBGene00001973,3,1.0,PFOS,-0.0927609445340958,0.999139297746776,False,down
WBGene00004882,3,1.0,PFOS,-0.0931179550719475,0.999139297746776,False,down
WBGene00020126,3,0.9,PFOS,-0.0934050183561302,0.999139297746776,False,down
WBGene00020455,3,0.7,PFOS,-0.0934125619524057,0.999139297746776,False,down
WBGene00005988,3,1.0,PFOS,-0.0935270496083792,0.999139297746776,False,down
WBGene00015518,3,1.0,PFOS,-0.0939856671681703,0.999139297746776,False,down
WBGene00013906,3,1.0,PFOS,-0.0945406505313651,0.999139297746776,False,down
WBGene00009582,3,1.0,PFOS,-0.0947125508002134,0.999139297746776,False,down
WBGene00013742,3,1.0,PFOS,-0.0954235890495273,0.999139297746776,False,down
WBGene00022489,3,1.0,PFOS,-0.0957012867744359,0.999139297746776,False,down
WBGene00022695,3,0.8333333333333334,PFOS,-0.0957391997291309,0.999139297746776,False,down
WBGene00019999,3,0.9,PFOS,-0.0958059473372747,0.999139297746776,False,down
WBGene00009917,3,1.0,PFOS,-0.095882353364878,0.999139297746776,False,down
WBGene00018456,3,1.0,PFOS,-0.0966697651275542,0.999139297746776,False,down
WBGene00020449,3,1.0,PFOS,-0.0970010697683369,0.999139297746776,False,down
WBGene00045461,3,1.0,PFOS,-0.0970524643884493,0.999139297746776,False,down
WBGene00018023,3,1.0,PFOS,-0.0972008590587735,0.999139297746776,False,down
WBGene00044144,3,1.0,PFOS,-0.0975992383964718,0.999139297746776,False,down
WBGene00019183,3,0.9,PFOS,-0.0978843117869988,0.999139297746776,False,down
WBGene00007548,3,0.7333333333333333,PFOS,-0.0982860551290307,0.999139297746776,False,down
WBGene00021239,3,0.8666666666666667,PFOS,-0.0982983657184439,0.999139297746776,False,down
WBGene00018149,3,1.0,PFOS,-0.0983878526799254,0.999139297746776,False,down
WBGene00019674,3,1.0,PFOS,-0.0992254866104973,0.999139297746776,False,down
WBGene00017488,3,0.9,PFOS,-0.0994701958057444,0.999139297746776,False,down
WBGene00007763,3,0.8333333333333334,PFOS,-0.0996627597218516,0.999139297746776,False,down
WBGene00006622,3,0.9,PFOS,-0.100071052674759,0.999139297746776,False,down
WBGene00008309,3,0.9666666666666667,PFOS,-0.101041282647482,0.999139297746776,False,down
WBGene00011285,3,1.0,PFOS,-0.101457766463202,0.999139297746776,False,down
WBGene00015349,3,1.0,PFOS,-0.101480975308035,0.999139297746776,False,down
WBGene00018232,3,1.0,PFOS,-0.101562252556235,0.999139297746776,False,down
WBGene00021161,3,1.0,PFOS,-0.101688566211368,0.999139297746776,False,down
WBGene00021038,3,0.9,PFOS,-0.101729641069088,0.999139297746776,False,down
WBGene00013236,3,0.9666666666666667,PFOS,-0.101988258031999,0.999139297746776,False,down
WBGene00020878,3,1.0,PFOS,-0.102111210220668,0.999139297746776,False,down
WBGene00009101,3,1.0,PFOS,-0.102195113732558,0.999139297746776,False,down
WBGene00001453,3,0.9666666666666667,PFOS,-0.102227327252468,0.999139297746776,False,down
WBGene00011948,3,0.9666666666666667,PFOS,-0.102427790844215,0.999139297746776,False,down
WBGene00235315,3,1.0,PFOS,-0.102570712150022,0.999139297746776,False,down
WBGene00015578,3,1.0,PFOS,-0.102739761506399,0.999139297746776,False,down
WBGene00008900,3,0.7,PFOS,-0.1027766998535,0.999139297746776,False,down
WBGene00006778,3,1.0,PFOS,-0.103046501072304,0.999139297746776,False,down
WBGene00021461,3,1.0,PFOS,-0.104131315246014,0.999139297746776,False,down
WBGene00012398,3,1.0,PFOS,-0.105253524953259,0.999139297746776,False,down
WBGene00009333,3,1.0,PFOS,-0.105279064314599,0.999139297746776,False,down
WBGene00009242,3,1.0,PFOS,-0.105315851576738,0.999139297746776,False,down
WBGene00206355,3,1.0,PFOS,-0.105465718005937,0.999139297746776,False,down
WBGene00007595,3,1.0,PFOS,-0.105672624915352,0.999139297746776,False,down
WBGene00008304,3,0.9,PFOS,-0.10567749931967,0.999139297746776,False,down
WBGene00001601,3,1.0,PFOS,-0.106290338331501,0.999139297746776,False,down
WBGene00019776,3,0.9666666666666667,PFOS,-0.106491234240375,0.999139297746776,False,down
WBGene00008713,3,1.0,PFOS,-0.106512792829011,0.999139297746776,False,down
WBGene00015593,3,1.0,PFOS,-0.106736043311008,0.999139297746776,False,down
WBGene00011213,3,1.0,PFOS,-0.107704709369392,0.999139297746776,False,down
WBGene00015842,3,1.0,PFOS,-0.107896646079745,0.999139297746776,False,down
WBGene00001988,3,1.0,PFOS,-0.108746959557082,0.999139297746776,False,down
WBGene00007397,3,0.9666666666666667,PFOS,-0.109151272683485,0.999139297746776,False,down
WBGene00138724,3,1.0,PFOS,-0.109193832892279,0.999139297746776,False,down
WBGene00235325,3,1.0,PFOS,-0.110250757759388,0.999139297746776,False,down
WBGene00006731,3,1.0,PFOS,-0.11073674947452,0.999139297746776,False,down
WBGene00021254,3,1.0,PFOS,-0.111787038997696,0.999139297746776,False,down
WBGene00015505,3,0.9333333333333333,PFOS,-0.112617674515686,0.999139297746776,False,down
WBGene00022326,3,1.0,PFOS,-0.112675819068466,0.999139297746776,False,down
WBGene00009856,3,1.0,PFOS,-0.113040829009242,0.999139297746776,False,down
WBGene00000984,3,0.8,PFOS,-0.113129663710684,0.999139297746776,False,down
WBGene00008485,3,0.9333333333333333,PFOS,-0.113390294015195,0.999139297746776,False,down
WBGene00012699,3,1.0,PFOS,-0.113734984810247,0.999139297746776,False,down
WBGene00007393,3,0.7,PFOS,-0.113933501304904,0.999139297746776,False,down
WBGene00010585,3,0.9666666666666667,PFOS,-0.114039917424005,0.999139297746776,False,down
WBGene00003646,3,1.0,PFOS,-0.114907503705731,0.999139297746776,False,down
WBGene00016165,3,1.0,PFOS,-0.114999715314266,0.999139297746776,False,down
WBGene00004996,3,0.9666666666666667,PFOS,-0.115030427338459,0.999139297746776,False,down
WBGene00002976,3,0.5333333333333333,PFOS,-0.116287469245565,0.999139297746776,False,down
WBGene00010308,3,0.6333333333333333,PFOS,-0.116461767530879,0.999139297746776,False,down
WBGene00010434,3,1.0,PFOS,-0.117662518968743,0.999139297746776,False,down
WBGene00007849,3,1.0,PFOS,-0.117835658662713,0.999139297746776,False,down
WBGene00011859,3,0.9666666666666667,PFOS,-0.118014143687057,0.999139297746776,False,down
WBGene00001902,3,1.0,PFOS,-0.118604555004355,0.999139297746776,False,down
WBGene00012566,3,1.0,PFOS,-0.118847991782285,0.999139297746776,False,down
WBGene00013658,3,1.0,PFOS,-0.119481396049178,0.999139297746776,False,down
WBGene00194815,3,0.9666666666666667,PFOS,-0.11970133594854,0.999139297746776,False,down
WBGene00013907,3,0.9,PFOS,-0.120527572829635,0.999139297746776,False,down
WBGene00019546,3,0.9,PFOS,-0.120864649516645,0.999139297746776,False,down
WBGene00001673,3,1.0,PFOS,-0.121203192648999,0.999139297746776,False,down
WBGene00019332,3,0.5333333333333333,PFOS,-0.122137936283093,0.999139297746776,False,down
WBGene00011809,3,1.0,PFOS,-0.122411795048234,0.999139297746776,False,down
WBGene00008988,3,1.0,PFOS,-0.122535923747759,0.999139297746776,False,down
WBGene00010661,3,0.9,PFOS,-0.122671605383454,0.999139297746776,False,down
WBGene00017250,3,1.0,PFOS,-0.123241732533213,0.999139297746776,False,down
WBGene00018358,3,1.0,PFOS,-0.123341176773235,0.999139297746776,False,down
WBGene00001250,3,0.5333333333333333,PFOS,-0.124367353675809,0.999139297746776,False,down
WBGene00011581,3,1.0,PFOS,-0.124476552328972,0.999139297746776,False,down
WBGene00007366,3,1.0,PFOS,-0.12482990957394,0.999139297746776,False,down
WBGene00002211,3,1.0,PFOS,-0.125558740294514,0.999139297746776,False,down
WBGene00008554,3,1.0,PFOS,-0.125672084929457,0.999139297746776,False,down
WBGene00008310,3,0.7333333333333333,PFOS,-0.127205196868945,0.999139297746776,False,down
WBGene00008142,3,0.9666666666666667,PFOS,-0.127231951610164,0.999139297746776,False,down
WBGene00021875,3,1.0,PFOS,-0.127449647852629,0.999139297746776,False,down
WBGene00044582,3,1.0,PFOS,-0.127536249771287,0.999139297746776,False,down
WBGene00017618,3,0.7,PFOS,-0.127755039602962,0.999139297746776,False,down
WBGene00021409,3,0.9,PFOS,-0.128217943275901,0.999139297746776,False,down
WBGene00019343,3,1.0,PFOS,-0.128306816289602,0.999139297746776,False,down
WBGene00009930,3,1.0,PFOS,-0.128342716795602,0.999139297746776,False,down
WBGene00018931,3,0.9,PFOS,-0.128359937176871,0.999139297746776,False,down
WBGene00077712,3,0.6333333333333333,PFOS,-0.128441096867024,0.999139297746776,False,down
WBGene00044492,3,0.9666666666666667,PFOS,-0.128474713777359,0.999139297746776,False,down
WBGene00022720,3,1.0,PFOS,-0.128588697599693,0.999139297746776,False,down
WBGene00022867,3,1.0,PFOS,-0.130357855021404,0.999139297746776,False,down
WBGene00195166,3,1.0,PFOS,-0.13080839151667,0.999139297746776,False,down
WBGene00013989,3,1.0,PFOS,-0.130876164312488,0.999139297746776,False,down
WBGene00009840,3,0.9666666666666667,PFOS,-0.131015145563157,0.999139297746776,False,down
WBGene00008569,3,0.9333333333333333,PFOS,-0.131213871819783,0.999139297746776,False,down
WBGene00003033,3,0.9666666666666667,PFOS,-0.132195637904864,0.999139297746776,False,down
WBGene00016574,3,1.0,PFOS,-0.132608446321761,0.999139297746776,False,down
WBGene00019020,3,1.0,PFOS,-0.13270892505675,0.999139297746776,False,down
WBGene00012779,3,1.0,PFOS,-0.133168413740625,0.999139297746776,False,down
WBGene00016576,3,1.0,PFOS,-0.13329455322364,0.999139297746776,False,down
WBGene00020551,3,0.9666666666666667,PFOS,-0.135456094372627,0.999139297746776,False,down
WBGene00016121,3,0.9,PFOS,-0.135668880301057,0.999139297746776,False,down
WBGene00015919,3,1.0,PFOS,-0.135683745778858,0.999139297746776,False,down
WBGene00001821,3,0.7,PFOS,-0.135879393917463,0.999139297746776,False,down
WBGene00022584,3,1.0,PFOS,-0.136079470901581,0.999139297746776,False,down
WBGene00021188,3,1.0,PFOS,-0.136171169777419,0.999139297746776,False,down
WBGene00001437,3,0.7333333333333333,PFOS,-0.136391649763377,0.999139297746776,False,down
WBGene00015948,3,0.5,PFOS,-0.136477739903632,0.999139297746776,False,down
WBGene00044082,3,1.0,PFOS,-0.13678543665752,0.999139297746776,False,down
WBGene00021986,3,1.0,PFOS,-0.137867711968742,0.999139297746776,False,down
WBGene00000139,3,0.7,PFOS,-0.137920684724869,0.999139297746776,False,down
WBGene00020700,3,0.5333333333333333,PFOS,-0.138062954137081,0.999139297746776,False,down
WBGene00008905,3,0.9,PFOS,-0.138242572666019,0.999139297746776,False,down
WBGene00013762,3,0.9,PFOS,-0.140091186828557,0.999139297746776,False,down
WBGene00019718,3,1.0,PFOS,-0.140198026477525,0.999139297746776,False,down
WBGene00013693,3,1.0,PFOS,-0.140598103698852,0.999139297746776,False,down
WBGene00006279,3,0.5333333333333333,PFOS,-0.141980145652603,0.999139297746776,False,down
WBGene00021034,3,0.8666666666666667,PFOS,-0.142429734707875,0.999139297746776,False,down
WBGene00017445,3,1.0,PFOS,-0.14260085049554,0.999139297746776,False,down
WBGene00017272,3,1.0,PFOS,-0.142617998692705,0.999139297746776,False,down
WBGene00012948,3,1.0,PFOS,-0.143281337316078,0.999139297746776,False,down
WBGene00003839,3,1.0,PFOS,-0.144266646630689,0.999139297746776,False,down
WBGene00045248,3,1.0,PFOS,-0.14474001041863,0.999139297746776,False,down
WBGene00018286,3,0.6,PFOS,-0.144872954531243,0.999139297746776,False,down
WBGene00020846,3,1.0,PFOS,-0.144907278432668,0.999139297746776,False,down
WBGene00012622,3,1.0,PFOS,-0.145242128196154,0.999139297746776,False,down
WBGene00001888,3,0.7333333333333333,PFOS,-0.145551701253151,0.999139297746776,False,down
WBGene00019019,3,0.9333333333333333,PFOS,-0.145702929687872,0.999139297746776,False,down
WBGene00008667,3,0.9,PFOS,-0.146082828249191,0.999139297746776,False,down
WBGene00022574,3,1.0,PFOS,-0.146645798462442,0.999139297746776,False,down
WBGene00011082,3,1.0,PFOS,-0.146772255589487,0.999139297746776,False,down
WBGene00001434,3,1.0,PFOS,-0.147524876774339,0.999139297746776,False,down
WBGene00001371,3,1.0,PFOS,-0.14759394983505,0.999139297746776,False,down
WBGene00020575,3,1.0,PFOS,-0.147677520010222,0.999139297746776,False,down
WBGene00017565,3,1.0,PFOS,-0.147874588758951,0.999139297746776,False,down
WBGene00020689,3,0.9666666666666667,PFOS,-0.148003408787056,0.999139297746776,False,down
WBGene00011957,3,1.0,PFOS,-0.14801388963879,0.999139297746776,False,down
WBGene00018611,3,1.0,PFOS,-0.148339637564694,0.999139297746776,False,down
WBGene00007953,3,1.0,PFOS,-0.148672832852933,0.999139297746776,False,down
WBGene00012548,3,0.7333333333333333,PFOS,-0.149204702191807,0.999139297746776,False,down
WBGene00011595,3,0.7,PFOS,-0.150028694028101,0.999139297746776,False,down
WBGene00194883,3,1.0,PFOS,-0.150295919094962,0.999139297746776,False,down
WBGene00020690,3,1.0,PFOS,-0.150586552785235,0.999139297746776,False,down
WBGene00235340,3,1.0,PFOS,-0.151343432739226,0.999139297746776,False,down
WBGene00022337,3,1.0,PFOS,-0.151806840744814,0.999139297746776,False,down
WBGene00001668,3,0.6,PFOS,-0.151988979632487,0.999139297746776,False,down
WBGene00016903,3,0.9,PFOS,-0.152646895958928,0.999139297746776,False,down
WBGene00012307,3,1.0,PFOS,-0.152675552361984,0.999139297746776,False,down
WBGene00019153,3,0.9666666666666667,PFOS,-0.152728036962756,0.999139297746776,False,down
WBGene00010884,3,1.0,PFOS,-0.153845050019883,0.999139297746776,False,down
WBGene00235330,3,0.9,PFOS,-0.154564606515446,0.999139297746776,False,down
WBGene00003249,3,1.0,PFOS,-0.155638991372543,0.999139297746776,False,down
WBGene00020361,3,1.0,PFOS,-0.15587014765243,0.999139297746776,False,down
WBGene00016212,3,0.9,PFOS,-0.15713294685048,0.999139297746776,False,down
WBGene00017364,3,0.7666666666666667,PFOS,-0.157979590838137,0.999139297746776,False,down
WBGene00008358,3,0.9666666666666667,PFOS,-0.158197631671807,0.999139297746776,False,down
WBGene00022145,3,1.0,PFOS,-0.158259363164319,0.999139297746776,False,down
WBGene00008256,3,1.0,PFOS,-0.159458476880019,0.999139297746776,False,down
WBGene00045411,3,0.9666666666666667,PFOS,-0.159733514987981,0.999139297746776,False,down
WBGene00007070,3,1.0,PFOS,-0.160322959855989,0.999139297746776,False,down
WBGene00018435,3,0.9333333333333333,PFOS,-0.16081217554738,0.999139297746776,False,down
WBGene00019092,3,1.0,PFOS,-0.161198671492431,0.999139297746776,False,down
WBGene00007445,3,1.0,PFOS,-0.161383070945193,0.999139297746776,False,down
WBGene00016599,3,0.9666666666666667,PFOS,-0.162124691018915,0.999139297746776,False,down
WBGene00018465,3,0.9333333333333333,PFOS,-0.16394236710455,0.999139297746776,False,down
WBGene00016092,3,1.0,PFOS,-0.165487945771191,0.999139297746776,False,down
WBGene00045397,3,1.0,PFOS,-0.166146836886983,0.999139297746776,False,down
WBGene00001899,3,1.0,PFOS,-0.167263471297544,0.999139297746776,False,down
WBGene00015081,3,1.0,PFOS,-0.168778515170444,0.999139297746776,False,down
WBGene00011923,3,0.9333333333333333,PFOS,-0.169295482413239,0.999139297746776,False,down
WBGene00001934,3,0.6666666666666666,PFOS,-0.169965983177176,0.999139297746776,False,down
WBGene00019476,3,0.6333333333333333,PFOS,-0.170429991880858,0.999139297746776,False,down
WBGene00016872,3,0.9,PFOS,-0.171534982522088,0.999139297746776,False,down
WBGene00017754,3,0.9666666666666667,PFOS,-0.1718007699858,0.999139297746776,False,down
WBGene00045053,3,1.0,PFOS,-0.171811234923481,0.999139297746776,False,down
WBGene00008952,3,0.9,PFOS,-0.171827781231795,0.999139297746776,False,down
WBGene00007525,3,0.9333333333333333,PFOS,-0.171866569961134,0.999139297746776,False,down
WBGene00044922,3,0.9666666666666667,PFOS,-0.172191709007503,0.999139297746776,False,down
WBGene00023519,3,1.0,PFOS,-0.172503180127473,0.999139297746776,False,down
WBGene00014164,3,0.9666666666666667,PFOS,-0.172882518445237,0.999139297746776,False,down
WBGene00006966,3,1.0,PFOS,-0.176222505952577,0.999139297746776,False,down
WBGene00021605,3,1.0,PFOS,-0.177137452121959,0.999139297746776,False,down
WBGene00003886,3,1.0,PFOS,-0.178251449062413,0.999139297746776,False,down
WBGene00015786,3,0.9,PFOS,-0.17855494886701,0.999139297746776,False,down
WBGene00018946,3,0.9,PFOS,-0.178746756901011,0.999139297746776,False,down
WBGene00015605,3,0.6,PFOS,-0.178866576732121,0.999139297746776,False,down
WBGene00000698,3,1.0,PFOS,-0.179091785581,0.999139297746776,False,down
WBGene00000693,3,0.6333333333333333,PFOS,-0.179330187304841,0.999139297746776,False,down
WBGene00044605,3,0.9333333333333333,PFOS,-0.179660317465082,0.999139297746776,False,down
WBGene00044120,3,0.9,PFOS,-0.18099716465577,0.999139297746776,False,down
WBGene00022454,3,1.0,PFOS,-0.181170686392368,0.999139297746776,False,down
WBGene00009895,3,0.9333333333333333,PFOS,-0.181582494947035,0.999139297746776,False,down
WBGene00012821,3,0.8666666666666667,PFOS,-0.182327618108226,0.999139297746776,False,down
WBGene00077522,3,0.8666666666666667,PFOS,-0.183494082460123,0.999139297746776,False,down
WBGene00235110,3,0.9666666666666667,PFOS,-0.184535467947594,0.999139297746776,False,down
WBGene00016218,3,1.0,PFOS,-0.18548207973028,0.999139297746776,False,down
WBGene00019108,3,1.0,PFOS,-0.185781040223709,0.999139297746776,False,down
WBGene00010334,3,0.9666666666666667,PFOS,-0.186670887797334,0.999139297746776,False,down
WBGene00005758,3,0.9666666666666667,PFOS,-0.187016038352294,0.999139297746776,False,down
WBGene00013041,3,1.0,PFOS,-0.187538593602706,0.999139297746776,False,down
WBGene00050915,3,0.9,PFOS,-0.187722895892431,0.999139297746776,False,down
WBGene00008065,3,0.9,PFOS,-0.187935587979196,0.999139297746776,False,down
WBGene00010008,3,0.9,PFOS,-0.18925233551487,0.999139297746776,False,down
WBGene00019312,3,1.0,PFOS,-0.18926953641081,0.999139297746776,False,down
WBGene00271606,3,1.0,PFOS,-0.189523581498709,0.999139297746776,False,down
WBGene00013710,3,1.0,PFOS,-0.190027998456433,0.999139297746776,False,down
WBGene00044331,3,1.0,PFOS,-0.190478085987626,0.999139297746776,False,down
WBGene00018410,3,1.0,PFOS,-0.190482463226726,0.999139297746776,False,down
WBGene00017964,3,1.0,PFOS,-0.190534892720706,0.999139297746776,False,down
WBGene00009984,3,1.0,PFOS,-0.191849303811248,0.999139297746776,False,down
WBGene00020380,3,0.6666666666666666,PFOS,-0.1940868835855,0.999139297746776,False,down
WBGene00044421,3,1.0,PFOS,-0.1961711303381,0.999139297746776,False,down
WBGene00017054,3,0.9,PFOS,-0.196687508277143,0.999139297746776,False,down
WBGene00005653,3,1.0,PFOS,-0.197212421343123,0.999139297746776,False,down
WBGene00022295,3,1.0,PFOS,-0.197662168143024,0.999139297746776,False,down
WBGene00017637,3,1.0,PFOS,-0.197934929225067,0.999139297746776,False,down
WBGene00008804,3,1.0,PFOS,-0.197987576729867,0.999139297746776,False,down
WBGene00010979,3,1.0,PFOS,-0.198237389902702,0.999139297746776,False,down
WBGene00020343,3,0.9,PFOS,-0.198557673612463,0.999139297746776,False,down
WBGene00021343,3,1.0,PFOS,-0.198976067335604,0.999139297746776,False,down
WBGene00007288,3,0.8666666666666667,PFOS,-0.19983251169537,0.999139297746776,False,down
WBGene00086569,3,1.0,PFOS,-0.199875074870844,0.999139297746776,False,down
WBGene00194909,3,0.9666666666666667,PFOS,-0.200584138495148,0.999139297746776,False,down
WBGene00009727,3,1.0,PFOS,-0.200991661379389,0.999139297746776,False,down
WBGene00012132,3,0.9666666666666667,PFOS,-0.201998898072282,0.999139297746776,False,down
WBGene00008712,3,0.8666666666666667,PFOS,-0.203222095586976,0.999139297746776,False,down
WBGene00045396,3,1.0,PFOS,-0.203458509292773,0.999139297746776,False,down
WBGene00004183,3,0.7666666666666667,PFOS,-0.20477862990651,0.999139297746776,False,down
WBGene00219376,3,1.0,PFOS,-0.206336201746813,0.999139297746776,False,down
WBGene00012441,3,1.0,PFOS,-0.206365320979497,0.999139297746776,False,down
WBGene00009969,3,1.0,PFOS,-0.206957832250598,0.999139297746776,False,down
WBGene00021589,3,1.0,PFOS,-0.209601458531642,0.999139297746776,False,down
WBGene00017879,3,1.0,PFOS,-0.209672821228368,0.999139297746776,False,down
WBGene00015560,3,0.9,PFOS,-0.210154368317789,0.999139297746776,False,down
WBGene00010684,3,1.0,PFOS,-0.210355872757611,0.999139297746776,False,down
WBGene00019243,3,1.0,PFOS,-0.211063454171968,0.999139297746776,False,down
WBGene00002987,3,0.9666666666666667,PFOS,-0.212570829364244,0.999139297746776,False,down
WBGene00008372,3,1.0,PFOS,-0.214559743545456,0.999139297746776,False,down
WBGene00001887,3,0.9666666666666667,PFOS,-0.215462489089195,0.999139297746776,False,down
WBGene00020175,3,0.9666666666666667,PFOS,-0.21546785003296,0.999139297746776,False,down
WBGene00021349,3,1.0,PFOS,-0.215610504605257,0.999139297746776,False,down
WBGene00010907,3,1.0,PFOS,-0.217912906934934,0.999139297746776,False,down
WBGene00020339,3,1.0,PFOS,-0.21806547220061,0.999139297746776,False,down
WBGene00020236,3,0.9,PFOS,-0.222190282606877,0.999139297746776,False,down
WBGene00013844,3,0.7,PFOS,-0.223907131754915,0.999139297746776,False,down
WBGene00012564,3,1.0,PFOS,-0.225607295529012,0.999139297746776,False,down
WBGene00008007,3,1.0,PFOS,-0.225926463497195,0.999139297746776,False,down
WBGene00020196,3,0.9,PFOS,-0.22609036093302,0.999139297746776,False,down
WBGene00000133,3,0.9333333333333333,PFOS,-0.227574645822997,0.999139297746776,False,down
WBGene00018338,3,1.0,PFOS,-0.228955677000212,0.999139297746776,False,down
WBGene00000630,3,0.8333333333333334,PFOS,-0.229755410548574,0.999139297746776,False,down
WBGene00005759,3,0.9666666666666667,PFOS,-0.230910718517731,0.999139297746776,False,down
WBGene00012151,3,1.0,PFOS,-0.23191858432113,0.999139297746776,False,down
WBGene00050904,3,1.0,PFOS,-0.231998691839384,0.999139297746776,False,down
WBGene00011988,3,1.0,PFOS,-0.23274885132389,0.999139297746776,False,down
WBGene00013555,3,1.0,PFOS,-0.233224965915444,0.999139297746776,False,down
WBGene00004328,3,0.9666666666666667,PFOS,-0.234033311143323,0.999139297746776,False,down
WBGene00013233,3,1.0,PFOS,-0.234368899299534,0.999139297746776,False,down
WBGene00007820,3,1.0,PFOS,-0.234411209814206,0.999139297746776,False,down
WBGene00007725,3,1.0,PFOS,-0.235032101386583,0.999139297746776,False,down
WBGene00007832,3,0.7333333333333333,PFOS,-0.236873208184461,0.999139297746776,False,down
WBGene00012103,3,0.9,PFOS,-0.237001974255149,0.999139297746776,False,down
WBGene00010342,3,1.0,PFOS,-0.239551796606587,0.999139297746776,False,down
WBGene00050906,3,0.6,PFOS,-0.239702340968513,0.999139297746776,False,down
WBGene00013091,3,1.0,PFOS,-0.240600915115913,0.999139297746776,False,down
WBGene00003731,3,0.8333333333333334,PFOS,-0.240789570562227,0.999139297746776,False,down
WBGene00001883,3,0.9666666666666667,PFOS,-0.241616884592624,0.999139297746776,False,down
WBGene00012135,3,1.0,PFOS,-0.242995847821784,0.999139297746776,False,down
WBGene00006226,3,1.0,PFOS,-0.243733770328774,0.999139297746776,False,down
WBGene00000974,3,1.0,PFOS,-0.245894422626407,0.999139297746776,False,down
WBGene00009716,3,1.0,PFOS,-0.246621731507589,0.999139297746776,False,down
WBGene00000653,3,1.0,PFOS,-0.249354758458151,0.999139297746776,False,down
WBGene00004748,3,0.9666666666666667,PFOS,-0.251086124104595,0.999139297746776,False,down
WBGene00001785,3,0.9666666666666667,PFOS,-0.251824254725895,0.999139297746776,False,down
WBGene00000971,3,0.9666666666666667,PFOS,-0.253138669140546,0.999139297746776,False,down
WBGene00001158,3,1.0,PFOS,-0.253749661448106,0.999139297746776,False,down
WBGene00015747,3,1.0,PFOS,-0.254049284128712,0.999139297746776,False,down
WBGene00021640,3,1.0,PFOS,-0.25576988110956,0.999139297746776,False,down
WBGene00008448,3,1.0,PFOS,-0.257059966784222,0.999139297746776,False,down
WBGene00018476,3,1.0,PFOS,-0.257790261325928,0.999139297746776,False,down
WBGene00013836,3,1.0,PFOS,-0.259249420907439,0.999139297746776,False,down
WBGene00016403,3,0.7666666666666667,PFOS,-0.259885812235487,0.999139297746776,False,down
WBGene00017120,3,1.0,PFOS,-0.260691478915967,0.999139297746776,False,down
WBGene00271788,3,1.0,PFOS,-0.261264167351221,0.999139297746776,False,down
WBGene00001770,3,0.9666666666666667,PFOS,-0.261696750757176,0.999139297746776,False,down
WBGene00044353,3,1.0,PFOS,-0.261885143470383,0.999139297746776,False,down
WBGene00010608,3,1.0,PFOS,-0.261968936583118,0.999139297746776,False,down
WBGene00021654,3,1.0,PFOS,-0.26438027707304,0.999139297746776,False,down
WBGene00022263,3,0.9666666666666667,PFOS,-0.265137247175453,0.999139297746776,False,down
WBGene00012899,3,1.0,PFOS,-0.26659012928066,0.999139297746776,False,down
WBGene00000687,3,0.7,PFOS,-0.270230003026534,0.999139297746776,False,down
WBGene00018348,3,1.0,PFOS,-0.272851058172347,0.999139297746776,False,down
WBGene00010594,3,1.0,PFOS,-0.274325671496559,0.999139297746776,False,down
WBGene00009522,3,0.7666666666666667,PFOS,-0.274347214876741,0.999139297746776,False,down
WBGene00005664,3,1.0,PFOS,-0.274780418666422,0.999139297746776,False,down
WBGene00018252,3,0.9,PFOS,-0.276557255009428,0.999139297746776,False,down
WBGene00020584,3,1.0,PFOS,-0.276929861781134,0.999139297746776,False,down
WBGene00022597,3,0.9666666666666667,PFOS,-0.277481171315332,0.999139297746776,False,down
WBGene00011063,3,0.9666666666666667,PFOS,-0.27981199639592,0.999139297746776,False,down
WBGene00010293,3,1.0,PFOS,-0.282440178382469,0.999139297746776,False,down
WBGene00012778,3,1.0,PFOS,-0.28448231924134,0.999139297746776,False,down
WBGene00021404,3,0.7666666666666667,PFOS,-0.284744079226015,0.999139297746776,False,down
WBGene00043981,3,1.0,PFOS,-0.2883939817803,0.999139297746776,False,down
WBGene00008802,3,1.0,PFOS,-0.288700332287729,0.999139297746776,False,down
WBGene00021795,3,1.0,PFOS,-0.289366246594758,0.999139297746776,False,down
WBGene00000819,3,1.0,PFOS,-0.289717185599525,0.999139297746776,False,down
WBGene00011898,3,1.0,PFOS,-0.290195858131811,0.999139297746776,False,down
WBGene00021408,3,0.9,PFOS,-0.290303859974613,0.999139297746776,False,down
WBGene00021596,3,1.0,PFOS,-0.290869469053386,0.999139297746776,False,down
WBGene00020532,3,1.0,PFOS,-0.292128212194372,0.999139297746776,False,down
WBGene00017100,3,1.0,PFOS,-0.294914672035007,0.999139297746776,False,down
WBGene00021653,3,0.9666666666666667,PFOS,-0.295707132849954,0.999139297746776,False,down
WBGene00020941,3,1.0,PFOS,-0.298291155433981,0.999139297746776,False,down
WBGene00013453,3,1.0,PFOS,-0.300104033397496,0.999139297746776,False,down
WBGene00012020,3,1.0,PFOS,-0.301392863768791,0.999139297746776,False,down
WBGene00017673,3,1.0,PFOS,-0.305356670893969,0.999139297746776,False,down
WBGene00044780,3,0.9666666666666667,PFOS,-0.312405032016298,0.999139297746776,False,down
WBGene00017543,3,1.0,PFOS,-0.312906731741723,0.999139297746776,False,down
WBGene00012604,3,0.9,PFOS,-0.313860748972552,0.999139297746776,False,down
WBGene00018991,3,1.0,PFOS,-0.318813889360289,0.999139297746776,False,down
WBGene00011075,3,1.0,PFOS,-0.32906365028025,0.999139297746776,False,down
WBGene00017009,3,1.0,PFOS,-0.329168187738217,0.999139297746776,False,down
WBGene00021072,3,0.9666666666666667,PFOS,-0.330473975154738,0.999139297746776,False,down
WBGene00016052,3,1.0,PFOS,-0.330478357474786,0.999139297746776,False,down
WBGene00020080,3,1.0,PFOS,-0.334737473040052,0.999139297746776,False,down
WBGene00009908,3,1.0,PFOS,-0.335205022756224,0.999139297746776,False,down
WBGene00044586,3,1.0,PFOS,-0.335777910686672,0.999139297746776,False,down
WBGene00000558,3,1.0,PFOS,-0.337844686187338,0.999139297746776,False,down
WBGene00011584,3,1.0,PFOS,-0.341403095523994,0.999139297746776,False,down
WBGene00011610,3,1.0,PFOS,-0.342418885751434,0.999139297746776,False,down
WBGene00022496,3,0.6333333333333333,PFOS,-0.343006515265323,0.999139297746776,False,down
WBGene00044442,3,1.0,PFOS,-0.345154810118006,0.999139297746776,False,down
WBGene00008831,3,1.0,PFOS,-0.345912423303228,0.999139297746776,False,down
WBGene00020016,3,1.0,PFOS,-0.346163299993146,0.999139297746776,False,down
WBGene00044205,3,0.9666666666666667,PFOS,-0.348468948515118,0.999139297746776,False,down
WBGene00007537,3,0.9,PFOS,-0.348982542509777,0.999139297746776,False,down
WBGene00022838,3,0.9666666666666667,PFOS,-0.349978034431182,0.999139297746776,False,down
WBGene00008916,3,1.0,PFOS,-0.351840135091609,0.999139297746776,False,down
WBGene00043702,3,1.0,PFOS,-0.358278227505895,0.999139297746776,False,down
WBGene00019970,3,1.0,PFOS,-0.358672063083077,0.999139297746776,False,down
WBGene00019512,3,1.0,PFOS,-0.366324697901428,0.999139297746776,False,down
WBGene00012791,3,1.0,PFOS,-0.36922122534707,0.999139297746776,False,down
WBGene00077701,3,0.9666666666666667,PFOS,-0.369395438992505,0.999139297746776,False,down
WBGene00016429,3,1.0,PFOS,-0.371581604427169,0.999139297746776,False,down
WBGene00011793,3,1.0,PFOS,-0.379840935410873,0.999139297746776,False,down
WBGene00194905,3,1.0,PFOS,-0.381259011764163,0.999139297746776,False,down
WBGene00004987,3,1.0,PFOS,-0.387461369690041,0.999139297746776,False,down
WBGene00022112,3,1.0,PFOS,-0.389414775987517,0.999139297746776,False,down
WBGene00022111,3,0.6666666666666666,PFOS,-0.389864484981535,0.999139297746776,False,down
WBGene00005833,3,1.0,PFOS,-0.389977662187795,0.999139297746776,False,down
WBGene00009903,3,1.0,PFOS,-0.390487727420014,0.999139297746776,False,down
WBGene00009429,3,0.7666666666666667,PFOS,-0.391283317959588,0.999139297746776,False,down
WBGene00018595,3,0.8666666666666667,PFOS,-0.392724447401107,0.999139297746776,False,down
WBGene00021998,3,1.0,PFOS,-0.39566583215206,0.999139297746776,False,down
WBGene00015544,3,1.0,PFOS,-0.398479686098819,0.999139297746776,False,down
WBGene00020019,3,1.0,PFOS,-0.402394276894506,0.999139297746776,False,down
WBGene00018099,3,0.6333333333333333,PFOS,-0.402430283052869,0.999139297746776,False,down
WBGene00017949,3,1.0,PFOS,-0.412904614280729,0.999139297746776,False,down
WBGene00007597,3,1.0,PFOS,-0.41439240190568,0.999139297746776,False,down
WBGene00015914,3,1.0,PFOS,-0.414969572252272,0.999139297746776,False,down
WBGene00022547,3,0.7,PFOS,-0.43638154354845,0.999139297746776,False,down
WBGene00009213,3,1.0,PFOS,-0.437231497068669,0.999139297746776,False,down
WBGene00044183,3,1.0,PFOS,-0.442269738615892,0.999139297746776,False,down
WBGene00194849,3,1.0,PFOS,-0.444309577817712,0.999139297746776,False,down
WBGene00001777,3,1.0,PFOS,-0.444701401063089,0.999139297746776,False,down
WBGene00019667,3,1.0,PFOS,-0.445331702095913,0.999139297746776,False,down
WBGene00271817,3,0.9666666666666667,PFOS,-0.447546410914557,0.999139297746776,False,down
WBGene00012399,3,0.7,PFOS,-0.448841472691908,0.999139297746776,False,down
WBGene00003766,3,1.0,PFOS,-0.450814617786324,0.999139297746776,False,down
WBGene00020485,3,1.0,PFOS,-0.454354569936466,0.999139297746776,False,down
WBGene00008892,3,1.0,PFOS,-0.456959021628916,0.999139297746776,False,down
WBGene00005523,3,1.0,PFOS,-0.457845219913067,0.999139297746776,False,down
WBGene00021581,3,0.9,PFOS,-0.458129280531217,0.999139297746776,False,down
WBGene00010399,3,1.0,PFOS,-0.46216594887111,0.999139297746776,False,down
WBGene00077769,3,0.9666666666666667,PFOS,-0.466000720293004,0.999139297746776,False,down
WBGene00018104,3,0.7333333333333333,PFOS,-0.471649101927851,0.999139297746776,False,down
WBGene00016064,3,1.0,PFOS,-0.474414257436639,0.999139297746776,False,down
WBGene00012810,3,1.0,PFOS,-0.475390163932678,0.999139297746776,False,down
WBGene00045058,3,1.0,PFOS,-0.477531328884343,0.999139297746776,False,down
WBGene00022550,3,0.9,PFOS,-0.486272541488084,0.999139297746776,False,down
WBGene00019699,3,1.0,PFOS,-0.48938714105374,0.999139297746776,False,down
WBGene00002094,3,1.0,PFOS,-0.498599592266427,0.999139297746776,False,down
WBGene00008626,3,0.9,PFOS,-0.510646704610621,0.999139297746776,False,down
WBGene00015366,3,0.9,PFOS,-0.517175323479141,0.999139297746776,False,down
WBGene00018601,3,1.0,PFOS,-0.518073104878202,0.999139297746776,False,down
WBGene00008597,3,1.0,PFOS,-0.530691042056916,0.999139297746776,False,down
WBGene00044760,3,0.7,PFOS,-0.54355655967034,0.999139297746776,False,down
WBGene00005117,3,0.9,PFOS,-0.54686922120078,0.999139297746776,False,down
WBGene00019376,3,1.0,PFOS,-0.555020569833282,0.999139297746776,False,down
WBGene00011027,3,1.0,PFOS,-0.558240718555119,0.999139297746776,False,down
WBGene00006623,3,1.0,PFOS,-0.576507185004684,0.999139297746776,False,down
WBGene00018108,3,0.9,PFOS,-0.582190523478135,0.999139297746776,False,down
WBGene00021987,3,1.0,PFOS,-0.60233613924971,0.999139297746776,False,down
WBGene00005716,3,1.0,PFOS,-0.606720538907424,0.999139297746776,False,down
WBGene00003525,3,1.0,PFOS,-0.611540153461738,0.999139297746776,False,down
WBGene00044239,3,1.0,PFOS,-0.624419350841968,0.999139297746776,False,down
WBGene00044278,3,0.9333333333333333,PFOS,-0.675213732328838,0.999139297746776,False,down
WBGene00006163,3,0.9666666666666667,PFOS,-0.692306229889916,0.999139297746776,False,down
WBGene00007484,3,1.0,PFOS,-0.696614094893165,0.999139297746776,False,down
WBGene00016724,3,1.0,PFOS,-0.701235025250045,0.999139297746776,False,down
WBGene00020494,3,1.0,PFOS,-0.721131228673982,0.999139297746776,False,down
WBGene00015537,3,0.6,PFOS,-0.724248710694854,0.999139297746776,False,down
WBGene00020748,3,0.9,PFOS,-0.729704785271204,0.999139297746776,False,down
WBGene00015718,3,1.0,PFOS,-0.734166080299804,0.999139297746776,False,down
WBGene00001730,3,1.0,PFOS,-0.747231315855228,0.999139297746776,False,down
WBGene00003104,3,1.0,PFOS,-0.757079610513674,0.999139297746776,False,down
WBGene00020544,3,1.0,PFOS,-0.781658878465596,0.999139297746776,False,down
WBGene00014173,3,0.9333333333333333,PFOS,-0.850093561586417,0.999139297746776,False,down
WBGene00016670,3,0.9333333333333333,PFOS,-0.862019169518583,0.999139297746776,False,down
WBGene00021557,3,1.0,PFOS,-0.894437126711261,0.999139297746776,False,down
WBGene00020946,3,0.9666666666666667,PFOS,-1.09339870011864,0.999139297746776,False,down
WBGene00009805,3,0.9,PFOS,-1.18763263329563,0.999139297746776,False,down
WBGene00016295,3,0.9,PFOS,0.0012464180018472,0.999181353806444,False,up
WBGene00018074,3,1.0,PFOS,-0.0010721442018184,0.99931333098713,False,down
WBGene00005642,3,1.0,PFOS,0.0022103279325061,0.999628821937897,False,up
WBGene00255605,3,1.0,PFOS,-0.0035186802560972,0.999628821937897,False,down
WBGene00012538,3,1.0,PFOS,-0.0020955218074382,0.999915693339595,False,down
WBGene00011613,3,1.0,PFOS,0.0006347895706479,0.999986460519043,False,up
WBGene00023493,3,1.0,PFOS,-3.43954327837139e-05,0.999986460519043,False,down
WBGene00004213,3,0.9666666666666667,PFOS,-0.0001871860185898,0.999986460519043,False,down
WBGene00016622,3,1.0,PFOS,-0.0002597701339368,0.999986460519043,False,down
WBGene00012988,3,1.0,PFOS,-0.0005254978212498,0.999986460519043,False,down
WBGene00009258,3,0.9666666666666667,PFOS,-0.0007871261372221,0.999986460519043,False,down
