WB_id,module
WBGene00011673,5
WBGene00011671,5
WBGene00007231,4
WBGene00010413,8
WBGene00044514,2
WBGene00000986,2
WBGene00020587,2
WBGene00077764,8
WBGene00019818,4
WBGene00019515,5
WBGene00022813,5
WBGene00001756,5
WBGene00011672,5
WBGene00004236,2
WBGene00007232,4
WBGene00017480,5
WBGene00007811,2
WBGene00006890,7
WBGene00010904,5
WBGene00044658,4
WBGene00000372,5
WBGene00018206,5
WBGene00019516,5
WBGene00021610,4
WBGene00016505,4
WBGene00016174,8
WBGene00010706,2
WBGene00015045,2
WBGene00017970,4
WBGene00003997,4
WBGene00001387,8
WBGene00011002,2
WBGene00020891,8
WBGene00002270,4
WBGene00019875,4
WBGene00008032,8
WBGene00011190,3
WBGene00008607,6
WBGene00010707,2
WBGene00011800,5
WBGene00015692,2
WBGene00001814,0
WBGene00015044,2
WBGene00016863,2
WBGene00009319,0
WBGene00007215,0
WBGene00017426,0
WBGene00010697,4
WBGene00017244,5
WBGene00006418,8
WBGene00022159,0
WBGene00020382,0
WBGene00003410,0
WBGene00001390,4
WBGene00007072,5
WBGene00013435,0
WBGene00003561,4
WBGene00008273,5
WBGene00021611,2
WBGene00000412,5
WBGene00001775,6
WBGene00015752,0
WBGene00004176,4
WBGene00017154,0
WBGene00017488,8
WBGene00019234,2
WBGene00007810,5
WBGene00017315,2
WBGene00015067,4
WBGene00010738,0
WBGene00011894,8
WBGene00003415,0
WBGene00045379,0
WBGene00020947,4
WBGene00018488,1
WBGene00235110,8
WBGene00009812,0
WBGene00017621,4
WBGene00001624,2
WBGene00044278,8
WBGene00011408,0
WBGene00002007,0
WBGene00004020,6
WBGene00020110,0
WBGene00000017,4
WBGene00012909,0
WBGene00016594,4
WBGene00003964,0
WBGene00021327,0
WBGene00008775,0
WBGene00020301,4
WBGene00010627,0
WBGene00010478,0
WBGene00015168,0
WBGene00003877,0
WBGene00019543,0
WBGene00020915,0
WBGene00022306,4
WBGene00011480,0
WBGene00017431,8
WBGene00010524,0
WBGene00013882,4
WBGene00010303,0
WBGene00004894,4
WBGene00019965,7
WBGene00009383,4
WBGene00010032,0
WBGene00018340,0
WBGene00002238,0
WBGene00010896,0
WBGene00021088,0
WBGene00018430,5
WBGene00009920,8
WBGene00016906,0
WBGene00003752,4
WBGene00008743,4
WBGene00017220,4
WBGene00019104,4
WBGene00003995,5
WBGene00001621,4
WBGene00021048,4
WBGene00004008,4
WBGene00006617,0
WBGene00001025,8
WBGene00002066,0
WBGene00001228,0
WBGene00020895,5
WBGene00018748,4
WBGene00001209,0
WBGene00016180,4
WBGene00001232,0
WBGene00015920,0
WBGene00013181,4
WBGene00022173,0
WBGene00001650,0
WBGene00021934,0
WBGene00001497,0
WBGene00011771,0
WBGene00012717,4
WBGene00018373,0
WBGene00012531,5
WBGene00007946,2
WBGene00012978,0
WBGene00021369,4
WBGene00000016,4
WBGene00009660,4
WBGene00010681,4
WBGene00019357,4
WBGene00012182,4
WBGene00006984,4
WBGene00016583,0
WBGene00019220,0
WBGene00001674,4
WBGene00006889,0
WBGene00008602,7
WBGene00017865,4
WBGene00044182,8
WBGene00022078,4
WBGene00021546,0
WBGene00009110,2
WBGene00009803,4
WBGene00016607,0
WBGene00011424,4
WBGene00008439,4
WBGene00001243,1
WBGene00019827,4
WBGene00006787,0
WBGene00020788,1
WBGene00018731,4
WBGene00000155,0
WBGene00020784,4
WBGene00015930,5
WBGene00019246,0
WBGene00013906,2
WBGene00022599,0
WBGene00011440,6
WBGene00019510,0
WBGene00001945,4
WBGene00019537,0
WBGene00007055,4
WBGene00003989,0
WBGene00019800,0
WBGene00000977,5
WBGene00001226,0
WBGene00004981,0
WBGene00019830,7
WBGene00011286,4
WBGene00002083,0
WBGene00013577,4
WBGene00001231,0
WBGene00014826,8
WBGene00021852,6
WBGene00006945,0
WBGene00012964,0
WBGene00018271,0
WBGene00007350,0
WBGene00000067,1
WBGene00017245,0
WBGene00006662,4
WBGene00013586,8
WBGene00015282,0
WBGene00013740,0
WBGene00016844,0
WBGene00015076,4
WBGene00004227,4
WBGene00022739,0
WBGene00007460,4
WBGene00017892,0
WBGene00020184,0
WBGene00017283,0
WBGene00001774,0
WBGene00020068,0
WBGene00004014,0
WBGene00012665,0
WBGene00007001,0
WBGene00020269,0
WBGene00018953,4
WBGene00002244,0
WBGene00007764,4
WBGene00006684,4
WBGene00010872,4
WBGene00011042,8
WBGene00014244,6
WBGene00018204,4
WBGene00001446,4
WBGene00010665,5
WBGene00020592,5
WBGene00008583,6
WBGene00006686,8
WBGene00019233,2
WBGene00011488,0
WBGene00020902,0
WBGene00020148,4
WBGene00012738,0
WBGene00020706,4
WBGene00017342,4
WBGene00016234,4
WBGene00000788,4
WBGene00008780,4
WBGene00011803,0
WBGene00020142,4
WBGene00007302,4
WBGene00011344,4
WBGene00018744,0
WBGene00014016,4
WBGene00013672,8
WBGene00021757,0
WBGene00008123,0
WBGene00006724,0
WBGene00021351,0
WBGene00009380,4
WBGene00021888,0
WBGene00000381,0
WBGene00013340,0
WBGene00012977,0
WBGene00008832,4
WBGene00008603,4
WBGene00044481,2
WBGene00010015,0
WBGene00001501,1
WBGene00011481,0
WBGene00018984,6
WBGene00009092,0
WBGene00003599,4
WBGene00002804,0
WBGene00001758,0
WBGene00044183,2
WBGene00012714,0
WBGene00001452,4
WBGene00017515,5
WBGene00013647,2
WBGene00017719,1
WBGene00016103,0
WBGene00008040,4
WBGene00000391,1
WBGene00016894,4
WBGene00003725,4
WBGene00008401,0
WBGene00015965,6
WBGene00007000,0
WBGene00016866,4
WBGene00022180,0
WBGene00015676,0
WBGene00006705,4
WBGene00020219,4
WBGene00015551,4
WBGene00011112,0
WBGene00011232,4
WBGene00001233,0
WBGene00003925,0
WBGene00006512,0
WBGene00012825,4
WBGene00015042,2
WBGene00001154,0
WBGene00010405,0
WBGene00004144,4
WBGene00022615,0
WBGene00006604,0
WBGene00194641,4
WBGene00012992,0
WBGene00008258,1
WBGene00021276,0
WBGene00018341,0
WBGene00017834,4
WBGene00008409,0
WBGene00013311,0
WBGene00006924,0
WBGene00017948,0
WBGene00007508,4
WBGene00016142,0
WBGene00014058,4
WBGene00001234,0
WBGene00002077,0
WBGene00002497,0
WBGene00014249,0
WBGene00008494,1
WBGene00012713,0
WBGene00004382,4
WBGene00001635,0
WBGene00003573,4
WBGene00002879,0
WBGene00007712,0
WBGene00001423,0
WBGene00018872,4
WBGene00000383,4
WBGene00007630,0
WBGene00014083,0
WBGene00010139,0
WBGene00000266,1
WBGene00021248,0
WBGene00003815,0
WBGene00000298,8
WBGene00018866,0
WBGene00012466,4
WBGene00007395,4
WBGene00021890,4
WBGene00022722,0
WBGene00003130,0
WBGene00012610,2
WBGene00000800,0
WBGene00021466,0
WBGene00020909,2
WBGene00001427,0
WBGene00008617,8
WBGene00020216,0
WBGene00008692,0
WBGene00000475,0
WBGene00002005,1
WBGene00010985,8
WBGene00001840,0
WBGene00022181,4
WBGene00044344,0
WBGene00004233,0
WBGene00019232,4
WBGene00015552,4
WBGene00009291,4
WBGene00019748,4
WBGene00015350,4
WBGene00001439,4
WBGene00016340,5
WBGene00006603,2
WBGene00006447,0
WBGene00006964,0
WBGene00012366,4
WBGene00011018,4
WBGene00003390,0
WBGene00009211,0
WBGene00013997,0
WBGene00002981,4
WBGene00012126,0
WBGene00007605,5
WBGene00006059,0
WBGene00016407,4
WBGene00022797,4
WBGene00015250,4
WBGene00003893,0
WBGene00000883,0
WBGene00022793,0
WBGene00000503,4
WBGene00019380,0
WBGene00003568,4
WBGene00004302,0
WBGene00010097,0
WBGene00020097,0
WBGene00019645,5
WBGene00001020,0
WBGene00011849,4
WBGene00002980,4
WBGene00010480,4
WBGene00011899,4
WBGene00009797,4
WBGene00004210,2
WBGene00011222,6
WBGene00007992,4
WBGene00022738,0
WBGene00018732,4
WBGene00001113,0
WBGene00010766,0
WBGene00011412,0
WBGene00012361,0
WBGene00011730,0
WBGene00009578,4
WBGene00018758,4
WBGene00021512,0
WBGene00018293,1
WBGene00006626,0
WBGene00008781,0
WBGene00017816,0
WBGene00009033,4
WBGene00015461,0
WBGene00017319,0
WBGene00022046,0
WBGene00011006,1
WBGene00045433,0
WBGene00006472,0
WBGene00022122,0
WBGene00017336,5
WBGene00003957,1
WBGene00019284,4
WBGene00019678,0
WBGene00021754,0
WBGene00002070,0
WBGene00021624,4
WBGene00016250,1
WBGene00007073,5
WBGene00010560,0
WBGene00001240,1
WBGene00016913,0
WBGene00000179,0
WBGene00008027,4
WBGene00000933,0
WBGene00017149,1
WBGene00013039,4
WBGene00015369,4
WBGene00008428,0
WBGene00000877,0
WBGene00011586,4
WBGene00017085,0
WBGene00006700,0
WBGene00016101,4
WBGene00004506,1
WBGene00020576,6
WBGene00002037,0
WBGene00019893,0
WBGene00011285,2
WBGene00011182,0
WBGene00009028,4
WBGene00012945,4
WBGene00011638,0
WBGene00022178,8
WBGene00003697,4
WBGene00006936,0
WBGene00015249,4
WBGene00003926,0
WBGene00004461,0
WBGene00011059,0
WBGene00001089,0
WBGene00206525,4
WBGene00002256,0
WBGene00016140,0
WBGene00008444,4
WBGene00000731,0
WBGene00012123,1
WBGene00020600,0
WBGene00009367,0
WBGene00013668,0
WBGene00008646,0
WBGene00010177,4
WBGene00018362,0
WBGene00003799,0
WBGene00007455,9
WBGene00019436,4
WBGene00021073,0
WBGene00013481,2
WBGene00017510,8
WBGene00013983,0
WBGene00012013,4
WBGene00006915,0
WBGene00001333,0
WBGene00020437,0
WBGene00004411,0
WBGene00015947,4
WBGene00004156,0
WBGene00016097,4
WBGene00003928,0
WBGene00015777,0
WBGene00010018,4
WBGene00016496,0
WBGene00023500,0
WBGene00003829,0
WBGene00004825,4
WBGene00013765,0
WBGene00013018,0
WBGene00010277,6
WBGene00004188,0
WBGene00011759,0
WBGene00016500,4
WBGene00013633,4
WBGene00003696,5
WBGene00004915,0
WBGene00007784,0
WBGene00004788,0
WBGene00016934,1
WBGene00008408,6
WBGene00001229,0
WBGene00020836,0
WBGene00001395,4
WBGene00012887,0
WBGene00016716,4
WBGene00001819,6
WBGene00044321,0
WBGene00017984,0
WBGene00016653,0
WBGene00011775,0
WBGene00020682,0
WBGene00018891,0
WBGene00010677,0
WBGene00019209,0
WBGene00019162,0
WBGene00020683,0
WBGene00015497,4
WBGene00001772,1
WBGene00019617,0
WBGene00018492,2
WBGene00007696,0
WBGene00022148,0
WBGene00011026,4
WBGene00013073,9
WBGene00013899,4
WBGene00008412,4
WBGene00009082,1
WBGene00004502,7
WBGene00017364,4
WBGene00000894,4
WBGene00011099,4
WBGene00020854,4
WBGene00000111,2
WBGene00007235,0
WBGene00019481,0
WBGene00020499,0
WBGene00003963,0
WBGene00010094,0
WBGene00021844,0
WBGene00019968,5
WBGene00018294,4
WBGene00012728,2
WBGene00001328,1
WBGene00015501,4
WBGene00002060,0
WBGene00004234,4
WBGene00022235,6
WBGene00016877,0
WBGene00012185,4
WBGene00019673,6
WBGene00006666,0
WBGene00007666,4
WBGene00004304,0
WBGene00018156,0
WBGene00017241,1
WBGene00009384,4
WBGene00008435,4
WBGene00020258,6
WBGene00020919,0
WBGene00012819,4
WBGene00022373,0
WBGene00006781,0
WBGene00015133,0
WBGene00004231,4
WBGene00007394,0
WBGene00000722,0
WBGene00012144,4
WBGene00001227,0
WBGene00006523,4
WBGene00017028,0
WBGene00010407,4
WBGene00021909,4
WBGene00006656,8
WBGene00022470,0
WBGene00006734,1
WBGene00004138,4
WBGene00018159,0
WBGene00002247,0
WBGene00001169,0
WBGene00003902,6
WBGene00007638,4
WBGene00000740,0
WBGene00018893,0
WBGene00000920,1
WBGene00001455,4
WBGene00022072,0
WBGene00012342,0
WBGene00002084,4
WBGene00011694,0
WBGene00019885,2
WBGene00005657,4
WBGene00015814,0
WBGene00000502,1
WBGene00017613,2
WBGene00018967,0
WBGene00019235,2
WBGene00007507,8
WBGene00009542,0
WBGene00004978,0
WBGene00008628,4
WBGene00013946,6
WBGene00010725,0
WBGene00006921,0
WBGene00012834,0
WBGene00003795,0
WBGene00003522,0
WBGene00019983,0
WBGene00013905,4
WBGene00002080,0
WBGene00009982,0
WBGene00007686,0
WBGene00022261,5
WBGene00004189,0
WBGene00019127,2
WBGene00004465,7
WBGene00007414,4
WBGene00010019,4
WBGene00000182,0
WBGene00004504,7
WBGene00000378,0
WBGene00017060,2
WBGene00003858,4
WBGene00012497,0
WBGene00000898,4
WBGene00018046,0
WBGene00007919,4
WBGene00003744,4
WBGene00015620,0
WBGene00001000,0
WBGene00015040,4
WBGene00010251,4
WBGene00006590,0
WBGene00020160,0
WBGene00002071,0
WBGene00004177,4
WBGene00011284,4
WBGene00006826,0
WBGene00020601,0
WBGene00021686,0
WBGene00007878,4
WBGene00006574,0
WBGene00003922,1
WBGene00003730,0
WBGene00010116,6
WBGene00017044,0
WBGene00010925,6
WBGene00004015,0
WBGene00012928,4
WBGene00021587,2
WBGene00003738,0
WBGene00008988,8
WBGene00022798,4
WBGene00001566,0
WBGene00007855,4
WBGene00001045,0
WBGene00000197,0
WBGene00016134,6
WBGene00018911,6
WBGene00020593,4
WBGene00012494,5
WBGene00001591,4
WBGene00014697,2
WBGene00011050,4
WBGene00019300,4
WBGene00001029,0
WBGene00022781,8
WBGene00219316,4
WBGene00000282,7
WBGene00016235,0
WBGene00016302,8
WBGene00007927,0
WBGene00271821,7
WBGene00010723,4
WBGene00022401,4
WBGene00021534,1
WBGene00021930,0
WBGene00009189,0
WBGene00016014,0
WBGene00018045,6
WBGene00018781,0
WBGene00006916,8
WBGene00019782,4
WBGene00003962,0
WBGene00013898,4
WBGene00008572,4
WBGene00011158,8
WBGene00019323,0
WBGene00019381,4
WBGene00000901,4
WBGene00001479,4
WBGene00001303,0
WBGene00021789,0
WBGene00001456,4
WBGene00003923,0
WBGene00009342,0
WBGene00000215,6
WBGene00019497,4
WBGene00017101,1
WBGene00003482,0
WBGene00015916,0
WBGene00020869,8
WBGene00000534,4
WBGene00002025,0
WBGene00007950,4
WBGene00017435,0
WBGene00007952,0
WBGene00017095,5
WBGene00003921,0
WBGene00016513,4
WBGene00014081,4
WBGene00022851,6
WBGene00017217,0
WBGene00000550,0
WBGene00014125,4
WBGene00022792,0
WBGene00012316,0
WBGene00003162,0
WBGene00001166,0
WBGene00021921,0
WBGene00011097,4
WBGene00019017,1
WBGene00015352,2
WBGene00019636,4
WBGene00022115,4
WBGene00019105,2
WBGene00010582,0
WBGene00013238,0
WBGene00018823,1
WBGene00013146,4
WBGene00000401,0
WBGene00014013,4
WBGene00016093,2
WBGene00007890,5
WBGene00020687,0
WBGene00003411,7
WBGene00002069,4
WBGene00003796,0
WBGene00000541,0
WBGene00001057,0
WBGene00007681,0
WBGene00012070,2
WBGene00003746,4
WBGene00017127,4
WBGene00019275,0
WBGene00012386,0
WBGene00017799,0
WBGene00003567,0
WBGene00018729,4
WBGene00012383,4
WBGene00008447,8
WBGene00021112,0
WBGene00001258,0
WBGene00022131,2
WBGene00021681,0
WBGene00044650,4
WBGene00004085,0
WBGene00022188,6
WBGene00011292,4
WBGene00015941,0
WBGene00002273,1
WBGene00022087,0
WBGene00008762,0
WBGene00009050,4
WBGene00015776,4
WBGene00001815,0
WBGene00019693,0
WBGene00001459,4
WBGene00002253,4
WBGene00010624,0
WBGene00000931,0
WBGene00001454,4
WBGene00009674,0
WBGene00021595,0
WBGene00001430,0
WBGene00021826,0
WBGene00003678,4
WBGene00018621,4
WBGene00009533,8
WBGene00016837,0
WBGene00003148,0
WBGene00003948,1
WBGene00000765,0
WBGene00007833,2
WBGene00008274,8
WBGene00010701,0
WBGene00022119,0
WBGene00022026,4
WBGene00016114,4
WBGene00021134,8
WBGene00004698,0
WBGene00011995,4
WBGene00019466,4
WBGene00003072,4
WBGene00007900,4
WBGene00018827,0
WBGene00006530,0
WBGene00009503,4
WBGene00002048,4
WBGene00004134,0
WBGene00021660,0
WBGene00009702,4
WBGene00019263,4
WBGene00007226,4
WBGene00003762,1
WBGene00010115,4
WBGene00001230,0
WBGene00008891,6
WBGene00021597,4
WBGene00019487,4
WBGene00016104,0
WBGene00003798,0
WBGene00017979,4
WBGene00019353,4
WBGene00002044,1
WBGene00018961,0
WBGene00020224,4
WBGene00002153,1
WBGene00004727,4
WBGene00008926,4
WBGene00017478,4
WBGene00021312,4
WBGene00017331,8
WBGene00006607,4
WBGene00021047,4
WBGene00001431,0
WBGene00011561,4
WBGene00009955,4
WBGene00017830,0
WBGene00011270,4
WBGene00014096,4
WBGene00009515,6
WBGene00011605,0
WBGene00011304,4
WBGene00004271,4
WBGene00012469,0
WBGene00019813,1
WBGene00001744,0
WBGene00001047,0
WBGene00013025,0
WBGene00007958,4
WBGene00008678,5
WBGene00018604,0
WBGene00017045,4
WBGene00010244,4
WBGene00021715,0
WBGene00010796,4
WBGene00020423,0
WBGene00003036,0
WBGene00002850,0
WBGene00003677,8
WBGene00000136,9
WBGene00004914,0
WBGene00021335,1
WBGene00012018,0
WBGene00044181,2
WBGene00010488,4
WBGene00009106,4
WBGene00001498,0
WBGene00008514,0
WBGene00013213,0
WBGene00004468,7
WBGene00004501,1
WBGene00004068,8
WBGene00015251,4
WBGene00020054,1
WBGene00007556,0
WBGene00011939,0
WBGene00011639,4
WBGene00010440,4
WBGene00007544,4
WBGene00014176,0
WBGene00010437,0
WBGene00016011,1
WBGene00018226,5
WBGene00010670,0
WBGene00015425,0
WBGene00011052,4
WBGene00007362,2
WBGene00017163,0
WBGene00009842,4
WBGene00010845,0
WBGene00019629,0
WBGene00020200,4
WBGene00011679,0
WBGene00013654,9
WBGene00022382,1
WBGene00012659,0
WBGene00022610,1
WBGene00019427,4
WBGene00020736,4
WBGene00004702,0
WBGene00044433,4
WBGene00003753,4
WBGene00017362,1
WBGene00013168,0
WBGene00004755,0
WBGene00002637,0
WBGene00011328,4
WBGene00009809,4
WBGene00003055,0
WBGene00018932,0
WBGene00004208,4
WBGene00001476,4
WBGene00013242,4
WBGene00010945,4
WBGene00019679,0
WBGene00017126,2
WBGene00022540,4
WBGene00001262,5
WBGene00007207,0
WBGene00010330,0
WBGene00016396,4
WBGene00020383,1
WBGene00013575,1
WBGene00018334,5
WBGene00022056,1
WBGene00008625,2
WBGene00001637,0
WBGene00015043,8
WBGene00010984,0
WBGene00008522,8
WBGene00003924,1
WBGene00018533,0
WBGene00003392,0
WBGene00015956,0
WBGene00015286,4
WBGene00001781,5
WBGene00000286,4
WBGene00000896,0
WBGene00018762,0
WBGene00003794,0
WBGene00012326,4
WBGene00008647,4
WBGene00008886,4
WBGene00020191,6
WBGene00016964,1
WBGene00019298,4
WBGene00004214,0
WBGene00003721,4
WBGene00018161,0
WBGene00011302,0
WBGene00001955,4
WBGene00019658,0
WBGene00006591,4
WBGene00011526,0
WBGene00007957,4
WBGene00044640,4
WBGene00020263,0
WBGene00007859,0
WBGene00015399,2
WBGene00013926,4
WBGene00011850,7
WBGene00004888,0
WBGene00009118,0
WBGene00015868,4
WBGene00017838,8
WBGene00015400,2
WBGene00003953,1
WBGene00004933,4
WBGene00004467,8
WBGene00017749,0
WBGene00015413,1
WBGene00021237,4
WBGene00003693,4
WBGene00004025,0
WBGene00020742,0
WBGene00006663,4
WBGene00002039,0
WBGene00014054,1
WBGene00008459,0
WBGene00016508,0
WBGene00022114,0
WBGene00006942,0
WBGene00015599,2
WBGene00012750,2
WBGene00004249,4
WBGene00044811,5
WBGene00007443,0
WBGene00010055,1
WBGene00011758,0
WBGene00022258,2
WBGene00014258,2
WBGene00002045,6
WBGene00009045,6
WBGene00012484,0
WBGene00008405,1
WBGene00008323,8
WBGene00006675,0
WBGene00303021,0
WBGene00018656,0
WBGene00004464,7
WBGene00017620,4
WBGene00022037,1
WBGene00011392,4
WBGene00009978,4
WBGene00011692,4
WBGene00007564,0
WBGene00018017,0
WBGene00018431,0
WBGene00009829,0
WBGene00015889,2
WBGene00015434,4
WBGene00013874,6
WBGene00000941,0
WBGene00019113,4
WBGene00044737,4
WBGene00017969,0
WBGene00013637,3
WBGene00013900,4
WBGene00005602,4
WBGene00015633,4
WBGene00011098,4
WBGene00002229,0
WBGene00022044,0
WBGene00000785,9
WBGene00010320,4
WBGene00019433,0
WBGene00019276,1
WBGene00015713,1
WBGene00018853,0
WBGene00001087,4
WBGene00219373,8
WBGene00010785,0
WBGene00012015,1
WBGene00011953,4
WBGene00006491,0
WBGene00003801,0
WBGene00021176,8
WBGene00006572,0
WBGene00044094,1
WBGene00017484,4
WBGene00008971,4
WBGene00007105,0
WBGene00003610,8
WBGene00021783,0
WBGene00003756,4
WBGene00016995,1
WBGene00019759,0
WBGene00009237,6
WBGene00018782,1
WBGene00021567,9
WBGene00011281,0
WBGene00020391,0
WBGene00008914,4
WBGene00013263,0
WBGene00019322,0
WBGene00006408,1
WBGene00013578,4
WBGene00022386,4
WBGene00010232,4
WBGene00022441,4
WBGene00021482,4
WBGene00022144,4
WBGene00020886,4
WBGene00019166,4
WBGene00021322,1
WBGene00012641,4
WBGene00006608,4
WBGene00002001,0
WBGene00009386,4
WBGene00016888,0
WBGene00013156,0
WBGene00019886,5
WBGene00009583,0
WBGene00022176,0
WBGene00013361,0
WBGene00009439,4
WBGene00006613,0
WBGene00019388,2
WBGene00008354,0
WBGene00003589,4
WBGene00003606,4
WBGene00016506,8
WBGene00012697,0
WBGene00001225,6
WBGene00010713,0
WBGene00020549,1
WBGene00004466,7
WBGene00000380,0
WBGene00002275,0
WBGene00044779,4
WBGene00020317,4
WBGene00009653,0
WBGene00045516,4
WBGene00008774,0
WBGene00016664,0
WBGene00006529,0
WBGene00006786,4
WBGene00006720,4
WBGene00008506,1
WBGene00000225,1
WBGene00016422,0
WBGene00013924,0
WBGene00003652,5
WBGene00007971,0
WBGene00010703,0
WBGene00015326,9
WBGene00007972,0
WBGene00006856,0
WBGene00000990,0
WBGene00013111,4
WBGene00015759,9
WBGene00011705,4
WBGene00003949,1
WBGene00012445,0
WBGene00001396,2
WBGene00008043,5
WBGene00015515,0
WBGene00008615,4
WBGene00017768,0
WBGene00005078,0
WBGene00006815,1
WBGene00012804,0
WBGene00013382,4
WBGene00020932,0
WBGene00011353,6
WBGene00012216,8
WBGene00020479,0
WBGene00019741,8
WBGene00017785,4
WBGene00045387,2
WBGene00013880,0
WBGene00009818,0
WBGene00020995,4
WBGene00000370,4
WBGene00003951,7
WBGene00021420,0
WBGene00001068,0
WBGene00020469,4
WBGene00018836,0
WBGene00001464,4
WBGene00012934,0
WBGene00019854,4
WBGene00004318,4
WBGene00012351,4
WBGene00006575,8
WBGene00021268,4
WBGene00013324,0
WBGene00002152,0
WBGene00012886,4
WBGene00020717,0
WBGene00003622,0
WBGene00018008,0
WBGene00001309,0
WBGene00014099,4
WBGene00006640,0
WBGene00010070,6
WBGene00004875,1
WBGene00044525,2
WBGene00004336,4
WBGene00016677,4
WBGene00010075,0
WBGene00019593,4
WBGene00007050,0
WBGene00018380,8
WBGene00015927,0
WBGene00017726,4
WBGene00019727,0
WBGene00044471,8
WBGene00020849,4
WBGene00006536,0
WBGene00020808,0
WBGene00018564,4
WBGene00271795,4
WBGene00016670,2
WBGene00011064,0
WBGene00008389,4
WBGene00002000,0
WBGene00012722,0
WBGene00013007,1
WBGene00009559,0
WBGene00004874,0
WBGene00020208,4
WBGene00022042,6
WBGene00013020,4
WBGene00006823,4
WBGene00017098,0
WBGene00019148,0
WBGene00003986,0
WBGene00021133,0
WBGene00016412,0
WBGene00017800,0
WBGene00005117,7
WBGene00007312,0
WBGene00012980,4
WBGene00006489,0
WBGene00001852,4
WBGene00013950,4
WBGene00016195,0
WBGene00003952,1
WBGene00010730,4
WBGene00013516,4
WBGene00018913,9
WBGene00003544,4
WBGene00021469,4
WBGene00001320,0
WBGene00021170,0
WBGene00017571,1
WBGene00009057,0
WBGene00017306,4
WBGene00013920,1
WBGene00013151,0
WBGene00015476,4
WBGene00016119,2
WBGene00019918,4
WBGene00010941,0
WBGene00020999,0
WBGene00012652,0
WBGene00012555,0
WBGene00001073,0
WBGene00018897,0
WBGene00016411,0
WBGene00016391,1
WBGene00012205,0
WBGene00002079,0
WBGene00020315,4
WBGene00007555,4
WBGene00022816,0
WBGene00021427,0
WBGene00011185,4
WBGene00004386,0
WBGene00000123,0
WBGene00009787,1
WBGene00007435,0
WBGene00015055,4
WBGene00000273,4
WBGene00006701,4
WBGene00077526,0
WBGene00007647,4
WBGene00003649,4
WBGene00020691,0
WBGene00004703,0
WBGene00011740,0
WBGene00001330,0
WBGene00017464,4
WBGene00004923,4
WBGene00008042,6
WBGene00004388,0
WBGene00004187,0
WBGene00020813,6
WBGene00008458,0
WBGene00021475,0
WBGene00013267,0
WBGene00020083,0
WBGene00009654,0
WBGene00001331,0
WBGene00022493,0
WBGene00010812,0
WBGene00017950,4
WBGene00003635,4
WBGene00008777,8
WBGene00022643,4
WBGene00007479,0
WBGene00020135,4
WBGene00015695,6
WBGene00004732,1
WBGene00011289,2
WBGene00007765,8
WBGene00008053,1
WBGene00000277,4
WBGene00003870,0
WBGene00006431,4
WBGene00010746,8
WBGene00011003,8
WBGene00015124,6
WBGene00022864,1
WBGene00002268,4
WBGene00000675,4
WBGene00016641,0
WBGene00010178,0
WBGene00016631,6
WBGene00021830,0
WBGene00012148,4
WBGene00008411,0
WBGene00011043,0
WBGene00011932,1
WBGene00017300,0
WBGene00011364,2
WBGene00021956,4
WBGene00013046,4
WBGene00006307,0
WBGene00008205,1
WBGene00017681,5
WBGene00014017,4
WBGene00009521,0
WBGene00022063,4
WBGene00000978,4
WBGene00219274,2
WBGene00016509,4
WBGene00020446,4
WBGene00017303,4
WBGene00017961,4
WBGene00016714,6
WBGene00006794,0
WBGene00010720,0
WBGene00022440,4
WBGene00003632,4
WBGene00006366,0
WBGene00013244,4
WBGene00006982,4
WBGene00022463,0
WBGene00000923,0
WBGene00018150,4
WBGene00009594,4
WBGene00019365,8
WBGene00007750,1
WBGene00001069,0
WBGene00021752,0
WBGene00044324,0
WBGene00004918,0
WBGene00021702,4
WBGene00013958,0
WBGene00016345,4
WBGene00011839,4
WBGene00023408,4
WBGene00018036,2
WBGene00001769,2
WBGene00012966,0
WBGene00009352,0
WBGene00016734,4
WBGene00302980,0
WBGene00012556,0
WBGene00000172,1
WBGene00022416,0
WBGene00013321,0
WBGene00018743,0
WBGene00004916,0
WBGene00019488,4
WBGene00003123,0
WBGene00000549,0
WBGene00009133,0
WBGene00003062,0
WBGene00008624,0
WBGene00004194,2
WBGene00006706,0
WBGene00007989,8
WBGene00001031,1
WBGene00009801,4
WBGene00011239,0
WBGene00017133,4
WBGene00006515,0
WBGene00004503,1
WBGene00000236,1
WBGene00021876,4
WBGene00008485,4
WBGene00002075,0
WBGene00018960,0
WBGene00001444,4
WBGene00022253,0
WBGene00015949,1
WBGene00000479,0
WBGene00008591,8
WBGene00002073,0
WBGene00006897,6
WBGene00006565,0
WBGene00012550,0
WBGene00019836,0
WBGene00019884,4
WBGene00003528,4
WBGene00022057,0
WBGene00021497,4
WBGene00009966,0
WBGene00010262,4
WBGene00017667,8
WBGene00018406,2
WBGene00009996,4
WBGene00006372,4
WBGene00014098,2
WBGene00021857,0
WBGene00017169,0
WBGene00011032,0
WBGene00001448,4
WBGene00007017,0
WBGene00021933,0
WBGene00019734,8
WBGene00017003,0
WBGene00011517,4
WBGene00001581,1
WBGene00007685,1
WBGene00011883,1
WBGene00003947,1
WBGene00022130,4
WBGene00022107,6
WBGene00002107,2
WBGene00018951,6
WBGene00001858,4
WBGene00018426,1
WBGene00009187,1
WBGene00007509,7
WBGene00020703,9
WBGene00014175,4
WBGene00004878,2
WBGene00018318,4
WBGene00023485,2
WBGene00004123,4
WBGene00020636,0
WBGene00007178,2
WBGene00009330,0
WBGene00008132,1
WBGene00001001,0
WBGene00021875,2
WBGene00018249,4
WBGene00010328,8
WBGene00021247,0
WBGene00017663,4
WBGene00012343,0
WBGene00008963,0
WBGene00021446,4
WBGene00001438,4
WBGene00004463,0
WBGene00022718,4
WBGene00020714,4
WBGene00010847,0
WBGene00011527,1
WBGene00010935,4
WBGene00007372,4
WBGene00020839,1
WBGene00015344,0
WBGene00022393,4
WBGene00013790,0
WBGene00009929,4
WBGene00001623,8
WBGene00003956,1
WBGene00020462,4
WBGene00011033,0
WBGene00004924,4
WBGene00003247,0
WBGene00015918,2
WBGene00003789,0
WBGene00010721,0
WBGene00009140,4
WBGene00006518,0
WBGene00018418,0
WBGene00003950,1
WBGene00008225,4
WBGene00010041,4
WBGene00016749,0
WBGene00014213,4
WBGene00020171,0
WBGene00021932,0
WBGene00022347,0
WBGene00019994,0
WBGene00001999,0
WBGene00010923,0
WBGene00001487,4
WBGene00012648,0
WBGene00012999,0
WBGene00004700,0
WBGene00022146,0
WBGene00009980,0
WBGene00000206,0
WBGene00011726,4
WBGene00003788,0
WBGene00003684,4
WBGene00008639,0
WBGene00007749,4
WBGene00020107,0
WBGene00009532,4
WBGene00023489,0
WBGene00013996,4
WBGene00002113,8
WBGene00003700,4
WBGene00017811,4
WBGene00007626,0
WBGene00000039,0
WBGene00016438,2
WBGene00005000,4
WBGene00013738,0
WBGene00008317,4
WBGene00020740,4
WBGene00006220,2
WBGene00004706,0
WBGene00020016,8
WBGene00003681,0
WBGene00006392,4
WBGene00018572,0
WBGene00017238,0
WBGene00020031,4
WBGene00003791,0
WBGene00003806,0
WBGene00018750,4
WBGene00013515,8
WBGene00022458,0
WBGene00004754,0
WBGene00002010,1
WBGene00012896,0
WBGene00016958,4
WBGene00017988,0
WBGene00017201,0
WBGene00003927,1
WBGene00020748,2
WBGene00044206,3
WBGene00013268,0
WBGene00020102,0
WBGene00018803,4
WBGene00018590,4
WBGene00003476,4
WBGene00017419,0
WBGene00000816,0
WBGene00001790,0
WBGene00050939,0
WBGene00012140,4
WBGene00000387,1
WBGene00284848,8
WBGene00003804,0
WBGene00019259,0
WBGene00012658,0
WBGene00010470,5
WBGene00014233,4
WBGene00015702,0
WBGene00012676,0
WBGene00011288,5
WBGene00012907,4
WBGene00022445,4
WBGene00006833,4
WBGene00010905,0
WBGene00003797,0
WBGene00000509,4
WBGene00019760,0
WBGene00001037,0
WBGene00018413,4
WBGene00016269,4
WBGene00001816,0
WBGene00015181,0
WBGene00017447,6
WBGene00000993,4
WBGene00000198,1
WBGene00016446,0
WBGene00004315,0
WBGene00011524,6
WBGene00010290,4
WBGene00002047,0
WBGene00021270,0
WBGene00008122,0
WBGene00044977,4
WBGene00004221,2
WBGene00015660,8
WBGene00043097,5
WBGene00003680,4
WBGene00020014,4
WBGene00009207,0
WBGene00013083,0
WBGene00021292,0
WBGene00013636,3
WBGene00020511,6
WBGene00000966,2
WBGene00022301,0
WBGene00015104,0
WBGene00009925,1
WBGene00021400,4
WBGene00018339,6
WBGene00015268,0
WBGene00013872,6
WBGene00011554,8
WBGene00007881,4
WBGene00021952,0
WBGene00003751,4
WBGene00045078,0
WBGene00016456,4
WBGene00017686,0
WBGene00003792,0
WBGene00002100,4
WBGene00011306,0
WBGene00016015,0
WBGene00000802,1
WBGene00021784,0
WBGene00015202,4
WBGene00021004,0
WBGene00000138,7
WBGene00007875,9
WBGene00003685,4
WBGene00016147,4
WBGene00022734,0
WBGene00004135,4
WBGene00003915,0
WBGene00013530,0
WBGene00016283,2
WBGene00015294,4
WBGene00018112,8
WBGene00004408,6
WBGene00019946,2
WBGene00006629,4
WBGene00021348,0
WBGene00008177,4
WBGene00000741,1
WBGene00021281,4
WBGene00019780,4
WBGene00000992,0
WBGene00003710,4
WBGene00013605,0
WBGene00000235,0
WBGene00000033,4
WBGene00007352,7
WBGene00010266,0
WBGene00019301,4
WBGene00010274,6
WBGene00003716,4
WBGene00022267,2
WBGene00016738,4
WBGene00021493,4
WBGene00001403,4
WBGene00008388,8
WBGene00004380,4
WBGene00015197,8
WBGene00010909,0
WBGene00002133,4
WBGene00016417,8
WBGene00011272,0
WBGene00018934,0
WBGene00008749,1
WBGene00021922,4
WBGene00014004,4
WBGene00016629,0
WBGene00015915,0
WBGene00021813,0
WBGene00000980,4
WBGene00011727,4
WBGene00017390,7
WBGene00021371,4
WBGene00017691,9
WBGene00007444,0
WBGene00017119,0
WBGene00000967,6
WBGene00011817,4
WBGene00008820,4
WBGene00022439,4
WBGene00000872,4
WBGene00004458,7
WBGene00000891,0
WBGene00018151,0
WBGene00020153,4
WBGene00018044,4
WBGene00021899,0
WBGene00021412,2
WBGene00017759,1
WBGene00003822,4
WBGene00018779,6
WBGene00009514,1
WBGene00007931,4
WBGene00012339,4
WBGene00003026,0
WBGene00006935,6
WBGene00003675,0
WBGene00019607,1
WBGene00004185,0
WBGene00021828,0
WBGene00012830,0
WBGene00022394,0
WBGene00018403,7
WBGene00001604,2
WBGene00003156,0
WBGene00016111,4
WBGene00016693,4
WBGene00013543,0
WBGene00000794,0
WBGene00019953,0
WBGene00022153,0
WBGene00022774,0
WBGene00003209,4
WBGene00007943,0
WBGene00194855,4
WBGene00006986,3
WBGene00001005,0
WBGene00003982,1
WBGene00001827,0
WBGene00019906,4
WBGene00003119,6
WBGene00001189,4
WBGene00012322,0
WBGene00015048,4
WBGene00010427,4
WBGene00022117,0
WBGene00011675,5
WBGene00019076,0
WBGene00016628,2
WBGene00016684,4
WBGene00012360,4
WBGene00001630,6
WBGene00007562,2
WBGene00012858,6
WBGene00023417,4
WBGene00011688,0
WBGene00021277,0
WBGene00001426,0
WBGene00003739,4
WBGene00007748,4
WBGene00002043,9
WBGene00007653,1
WBGene00003617,4
WBGene00007145,6
WBGene00000542,4
WBGene00011247,6
WBGene00017781,4
WBGene00007331,9
WBGene00013260,0
WBGene00012113,4
WBGene00043156,0
WBGene00044280,4
WBGene00005015,0
WBGene00008502,0
WBGene00003254,1
WBGene00004862,4
WBGene00007587,0
WBGene00004505,7
WBGene00018269,4
WBGene00013949,7
WBGene00022141,0
WBGene00011752,4
WBGene00002957,0
WBGene00012668,4
WBGene00001172,4
WBGene00000743,1
WBGene00004892,8
WBGene00017675,4
WBGene00013210,6
WBGene00002169,0
WBGene00009368,0
WBGene00007107,0
WBGene00001049,0
WBGene00002827,0
WBGene00010042,0
WBGene00014006,8
WBGene00022694,6
WBGene00018160,0
WBGene00015117,1
WBGene00017786,4
WBGene00010052,1
WBGene00012412,8
WBGene00011760,1
WBGene00010174,4
WBGene00004326,0
WBGene00002061,0
WBGene00001983,0
WBGene00021253,4
WBGene00002219,0
WBGene00011244,8
WBGene00011307,0
WBGene00002232,4
WBGene00021095,0
WBGene00001391,4
WBGene00003990,0
WBGene00001462,4
WBGene00003803,0
WBGene00004919,0
WBGene00018288,4
WBGene00003133,0
WBGene00018285,4
WBGene00006351,9
WBGene00004459,1
WBGene00008311,4
WBGene00016167,4
WBGene00001829,0
WBGene00015381,2
WBGene00002269,6
WBGene00023419,0
WBGene00018778,0
WBGene00015075,0
WBGene00020340,0
WBGene00001059,4
WBGene00007463,0
WBGene00019219,0
WBGene00010037,4
WBGene00001628,0
WBGene00001007,1
WBGene00009052,9
WBGene00007730,4
WBGene00000415,4
WBGene00007981,4
WBGene00018612,0
WBGene00022201,0
WBGene00008714,0
WBGene00009012,0
WBGene00015470,4
WBGene00000121,0
WBGene00044611,7
WBGene00022139,4
WBGene00003074,6
WBGene00004735,8
WBGene00008679,2
WBGene00019333,1
WBGene00010133,4
WBGene00009620,0
WBGene00007691,4
WBGene00015517,4
WBGene00011100,4
WBGene00013144,4
WBGene00004305,0
WBGene00017989,0
WBGene00015525,0
WBGene00011938,1
WBGene00016330,4
WBGene00044620,0
WBGene00004756,0
WBGene00004037,4
WBGene00020868,6
WBGene00021800,6
WBGene00019742,8
WBGene00021347,0
WBGene00008211,4
WBGene00008035,0
WBGene00001247,1
WBGene00003626,4
WBGene00011416,2
WBGene00001671,4
WBGene00019592,4
WBGene00014120,0
WBGene00008616,4
WBGene00007413,6
WBGene00004704,6
WBGene00010086,8
WBGene00000064,0
WBGene00011648,1
WBGene00021156,4
WBGene00009804,4
WBGene00004699,0
WBGene00008806,0
WBGene00010834,0
WBGene00194651,2
WBGene00006473,6
WBGene00000498,0
WBGene00018384,4
WBGene00007402,0
WBGene00020158,2
WBGene00004090,0
WBGene00009008,6
WBGene00019160,4
WBGene00009820,4
WBGene00002231,0
WBGene00000987,0
WBGene00003914,1
WBGene00010851,1
WBGene00013919,0
WBGene00007186,0
WBGene00009926,0
WBGene00015593,3
WBGene00019004,2
WBGene00003812,4
WBGene00017591,1
WBGene00008576,4
WBGene00018747,8
WBGene00010616,0
WBGene00015298,0
WBGene00006688,2
WBGene00003958,1
WBGene00018931,8
WBGene00015938,8
WBGene00001688,0
WBGene00018333,5
WBGene00020092,4
WBGene00009922,1
WBGene00018350,6
WBGene00019438,2
WBGene00044167,4
WBGene00000379,0
WBGene00017356,0
WBGene00045338,3
WBGene00003778,4
WBGene00001071,0
WBGene00022076,9
WBGene00009973,2
WBGene00020562,4
WBGene00007365,4
WBGene00007973,4
WBGene00000098,0
WBGene00012472,1
WBGene00019747,4
WBGene00006920,0
WBGene00015734,0
WBGene00008151,6
WBGene00021325,1
WBGene00194692,4
WBGene00022858,0
WBGene00006829,0
WBGene00013674,0
WBGene00012936,0
WBGene00001163,0
WBGene00014250,4
WBGene00017280,0
WBGene00007499,4
WBGene00006367,0
WBGene00017317,0
WBGene00021260,4
WBGene00020649,2
WBGene00009119,6
WBGene00022425,0
WBGene00008944,1
WBGene00019005,6
WBGene00019376,2
WBGene00005655,2
WBGene00000083,0
WBGene00019831,4
WBGene00008803,2
WBGene00018730,4
WBGene00004219,0
WBGene00015219,4
WBGene00012407,1
WBGene00020368,8
WBGene00007832,8
WBGene00009408,0
WBGene00019092,2
WBGene00004460,1
WBGene00007615,1
WBGene00017825,1
WBGene00009051,0
WBGene00007536,1
WBGene00015427,8
WBGene00007646,6
WBGene00021963,0
WBGene00000063,1
WBGene00007545,4
WBGene00003154,0
WBGene00000932,4
WBGene00007336,3
WBGene00020953,0
WBGene00019941,1
WBGene00018351,4
WBGene00009243,4
WBGene00019960,4
WBGene00018703,1
WBGene00044696,2
WBGene00010908,1
WBGene00008143,0
WBGene00004237,4
WBGene00020693,0
WBGene00022012,4
WBGene00003076,0
WBGene00016193,4
WBGene00011291,9
WBGene00011857,0
WBGene00013225,0
WBGene00002065,6
WBGene00008041,0
WBGene00002142,4
WBGene00002074,1
WBGene00021929,0
WBGene00009783,1
WBGene00017065,0
WBGene00021026,0
WBGene00011141,8
WBGene00021370,5
WBGene00022048,4
WBGene00014224,0
WBGene00003400,0
WBGene00013734,4
WBGene00003847,0
WBGene00021157,4
WBGene00013984,0
WBGene00044394,0
WBGene00016790,0
WBGene00012783,4
WBGene00001496,4
WBGene00004387,0
WBGene00013716,1
WBGene00011856,1
WBGene00023493,2
WBGene00000209,0
WBGene00020699,4
WBGene00011540,4
WBGene00016404,4
WBGene00016057,0
WBGene00000874,6
WBGene00002129,4
WBGene00017374,2
WBGene00021522,4
WBGene00007990,2
WBGene00008139,8
WBGene00021845,0
WBGene00016278,1
WBGene00008765,1
WBGene00021425,0
WBGene00009366,1
WBGene00009732,0
WBGene00002267,2
WBGene00002003,0
WBGene00012777,4
WBGene00017195,4
WBGene00017582,4
WBGene00022852,0
WBGene00019544,0
WBGene00020297,4
WBGene00016151,1
WBGene00003689,4
WBGene00012068,8
WBGene00007118,0
WBGene00007440,8
WBGene00022588,8
WBGene00012593,5
WBGene00013209,0
WBGene00044069,0
WBGene00008936,0
WBGene00010433,1
WBGene00018409,0
WBGene00006755,4
WBGene00007504,1
WBGene00000066,1
WBGene00006708,0
WBGene00008000,0
WBGene00015430,4
WBGene00017274,4
WBGene00019435,1
WBGene00004807,4
WBGene00003991,0
WBGene00007220,6
WBGene00018485,4
WBGene00006580,2
WBGene00020112,0
WBGene00003851,0
WBGene00006917,6
WBGene00012600,1
WBGene00019837,4
WBGene00044078,4
WBGene00009535,8
WBGene00010545,3
WBGene00018757,2
WBGene00003615,2
WBGene00013037,6
WBGene00004169,4
WBGene00009322,0
WBGene00000767,0
WBGene00010546,4
WBGene00044318,6
WBGene00009500,8
WBGene00011482,6
WBGene00007405,2
WBGene00007623,0
WBGene00003151,4
WBGene00019762,0
WBGene00018756,4
WBGene00007219,4
WBGene00000879,0
WBGene00019489,8
WBGene00007108,9
WBGene00002348,0
WBGene00007111,0
WBGene00003518,4
WBGene00004487,6
WBGene00003904,0
WBGene00017760,4
WBGene00011802,0
WBGene00010638,6
WBGene00009621,0
WBGene00012423,1
WBGene00021491,2
WBGene00017738,0
WBGene00003892,7
WBGene00010976,8
WBGene00003856,8
WBGene00002135,1
WBGene00010897,5
WBGene00004003,5
WBGene00003149,4
WBGene00002265,4
WBGene00007886,4
WBGene00007195,0
WBGene00012592,5
WBGene00006697,4
WBGene00010541,4
WBGene00021036,4
WBGene00016929,4
WBGene00018614,3
WBGene00004228,0
WBGene00003619,4
WBGene00004873,0
WBGene00011798,5
WBGene00001035,0
WBGene00021536,0
WBGene00016719,3
WBGene00006996,4
WBGene00021973,1
WBGene00018018,4
WBGene00017609,4
WBGene00000253,2
WBGene00012983,0
WBGene00016115,4
WBGene00012000,0
WBGene00008666,4
WBGene00005833,2
WBGene00007586,4
WBGene00020651,2
WBGene00012545,0
WBGene00016249,0
WBGene00020865,4
WBGene00018721,0
WBGene00000041,4
WBGene00000157,0
WBGene00006109,7
WBGene00006702,4
WBGene00007593,0
WBGene00021401,1
WBGene00020764,4
WBGene00020481,0
WBGene00007400,0
WBGene00003158,0
WBGene00019979,8
WBGene00001077,0
WBGene00001792,5
WBGene00008400,1
WBGene00015025,1
WBGene00020837,6
WBGene00019345,1
WBGene00001632,0
WBGene00008530,4
WBGene00020930,8
WBGene00016659,6
WBGene00004173,4
WBGene00017993,0
WBGene00018508,4
WBGene00012465,0
WBGene00018682,0
WBGene00019326,8
WBGene00000567,0
WBGene00018213,4
WBGene00020313,8
WBGene00000545,4
WBGene00007464,0
WBGene00017939,1
WBGene00002259,8
WBGene00008769,0
WBGene00009562,4
WBGene00009226,4
WBGene00016728,8
WBGene00009883,6
WBGene00012382,8
WBGene00008969,8
WBGene00002023,1
WBGene00007621,4
WBGene00003574,8
WBGene00002258,0
WBGene00004385,0
WBGene00015703,6
WBGene00015366,8
WBGene00018422,0
WBGene00007745,4
WBGene00006738,4
WBGene00000723,4
WBGene00017832,0
WBGene00008970,8
WBGene00021697,0
WBGene00022648,8
WBGene00004145,4
WBGene00022052,0
WBGene00000202,0
WBGene00011737,4
WBGene00013485,4
WBGene00010236,4
WBGene00009534,4
WBGene00014200,8
WBGene00013131,0
WBGene00001832,0
WBGene00015233,0
WBGene00020392,0
WBGene00016384,4
WBGene00015410,4
WBGene00010136,2
WBGene00012995,0
WBGene00010955,4
WBGene00000411,0
WBGene00001478,8
WBGene00003643,2
WBGene00017852,4
WBGene00020579,1
WBGene00009120,8
WBGene00023422,0
WBGene00008730,2
WBGene00020030,4
WBGene00006103,4
WBGene00017137,4
WBGene00021097,1
WBGene00001458,4
WBGene00013947,6
WBGene00007203,8
WBGene00012344,6
WBGene00014139,1
WBGene00015921,8
WBGene00003409,5
WBGene00017997,6
WBGene00013482,0
WBGene00001394,4
WBGene00020806,4
WBGene00044789,1
WBGene00008768,0
WBGene00008490,5
WBGene00006537,0
WBGene00003654,4
WBGene00000773,0
WBGene00016431,0
WBGene00012166,0
WBGene00009049,4
WBGene00007692,6
WBGene00021336,8
WBGene00003582,4
WBGene00000940,0
WBGene00011449,4
WBGene00003020,0
WBGene00018181,0
WBGene00000742,1
WBGene00010557,1
WBGene00017054,8
WBGene00020006,6
WBGene00016644,0
WBGene00015057,8
WBGene00012255,0
WBGene00017769,0
WBGene00004283,1
WBGene00004205,6
WBGene00007529,0
WBGene00012759,4
WBGene00016845,4
WBGene00008779,4
WBGene00014221,0
WBGene00021959,7
WBGene00006812,8
WBGene00021816,0
WBGene00001160,4
WBGene00012959,2
WBGene00020251,4
WBGene00271812,7
WBGene00003082,0
WBGene00009722,0
WBGene00015362,4
WBGene00016588,0
WBGene00018645,5
WBGene00011559,6
WBGene00009639,2
WBGene00015266,0
WBGene00021965,8
WBGene00001042,0
WBGene00022776,1
WBGene00022307,4
WBGene00013606,1
WBGene00019547,6
WBGene00011429,2
WBGene00020498,0
WBGene00011931,4
WBGene00017291,4
WBGene00015706,1
WBGene00012694,1
WBGene00004920,0
WBGene00005002,6
WBGene00008397,0
WBGene00002195,4
WBGene00017643,0
WBGene00007045,1
WBGene00001281,1
WBGene00007200,4
WBGene00003214,0
WBGene00045418,8
WBGene00020931,4
WBGene00021093,0
WBGene00021460,0
WBGene00019820,0
WBGene00000369,0
WBGene00010910,4
WBGene00013969,2
WBGene00016408,0
WBGene00000203,1
WBGene00013460,6
WBGene00008532,0
WBGene00006919,6
WBGene00004042,0
WBGene00016793,0
WBGene00003786,8
WBGene00004051,1
WBGene00004370,0
WBGene00017162,0
WBGene00000239,1
WBGene00015609,1
WBGene00004377,1
WBGene00010001,8
WBGene00004740,4
WBGene00019212,0
WBGene00020921,1
WBGene00015635,0
WBGene00016406,4
WBGene00006494,0
WBGene00001803,4
WBGene00009624,1
WBGene00007284,0
WBGene00000233,4
WBGene00007669,7
WBGene00016062,0
WBGene00015805,4
WBGene00009336,0
WBGene00003749,4
WBGene00019620,1
WBGene00005153,1
WBGene00007616,0
WBGene00003015,1
WBGene00013550,6
WBGene00022765,6
WBGene00018411,4
WBGene00017430,4
WBGene00270322,4
WBGene00010799,8
WBGene00016634,4
WBGene00008921,0
WBGene00011398,0
WBGene00003884,4
WBGene00013849,0
WBGene00003577,0
WBGene00012443,4
WBGene00007514,0
WBGene00008519,9
WBGene00021470,0
WBGene00000899,4
WBGene00015463,6
WBGene00008876,4
WBGene00020334,4
WBGene00003707,4
WBGene00020594,8
WBGene00001157,5
WBGene00022202,0
WBGene00002110,0
WBGene00016135,4
WBGene00005832,4
WBGene00010771,0
WBGene00009895,2
WBGene00019399,4
WBGene00015565,6
WBGene00017721,0
WBGene00007126,4
WBGene00006983,4
WBGene00013557,1
WBGene00001813,1
WBGene00017282,1
WBGene00014095,6
WBGene00012875,1
WBGene00006692,1
WBGene00012375,0
WBGene00021637,4
WBGene00011713,6
WBGene00000238,0
WBGene00003800,0
WBGene00015479,4
WBGene00021372,2
WBGene00008980,4
WBGene00010793,6
WBGene00018625,0
WBGene00022358,4
WBGene00003159,0
WBGene00003965,4
WBGene00008107,0
WBGene00009201,8
WBGene00005014,6
WBGene00013343,6
WBGene00017975,1
WBGene00021128,1
WBGene00004076,2
WBGene00012059,0
WBGene00001094,0
WBGene00015329,0
WBGene00017348,0
WBGene00012808,7
WBGene00012554,4
WBGene00004270,0
WBGene00015729,8
WBGene00016172,2
WBGene00044746,0
WBGene00009128,0
WBGene00013150,1
WBGene00012398,3
WBGene00006715,1
WBGene00020267,2
WBGene00009772,4
WBGene00018788,4
WBGene00012256,0
WBGene00015675,4
WBGene00007007,4
WBGene00000666,4
WBGene00015403,9
WBGene00020273,0
WBGene00019495,9
WBGene00011419,2
WBGene00013892,6
WBGene00019627,1
WBGene00000174,4
WBGene00019967,5
WBGene00001689,0
WBGene00018890,0
WBGene00004391,0
WBGene00010239,4
WBGene00019199,1
WBGene00000413,0
WBGene00018898,0
WBGene00013639,4
WBGene00019719,4
WBGene00010791,2
WBGene00009084,0
WBGene00000983,2
WBGene00008990,0
WBGene00002134,1
WBGene00010225,1
WBGene00006061,0
WBGene00004395,0
WBGene00000020,8
WBGene00001833,0
WBGene00016978,0
WBGene00012444,4
WBGene00045246,0
WBGene00019819,1
WBGene00001072,0
WBGene00000086,4
WBGene00004945,4
WBGene00003073,4
WBGene00003080,0
WBGene00003607,4
WBGene00020861,4
WBGene00017659,4
WBGene00001385,1
WBGene00164968,0
WBGene00003233,9
WBGene00015809,4
WBGene00006817,0
WBGene00003063,4
WBGene00008426,0
WBGene00219283,4
WBGene00004917,0
WBGene00022862,0
WBGene00016469,0
WBGene00006415,4
WBGene00010717,7
WBGene00020662,6
WBGene00004248,0
WBGene00006762,4
WBGene00015733,4
WBGene00008515,4
WBGene00011326,8
WBGene00008343,4
WBGene00007668,0
WBGene00018582,4
WBGene00021323,0
WBGene00015748,4
WBGene00009093,4
WBGene00019623,2
WBGene00010093,0
WBGene00015397,8
WBGene00018138,1
WBGene00017746,0
WBGene00011171,4
WBGene00019711,0
WBGene00007316,2
WBGene00021058,1
WBGene00000223,4
WBGene00018610,2
WBGene00022420,0
WBGene00020188,2
WBGene00013514,1
WBGene00016759,1
WBGene00044071,8
WBGene00015157,0
WBGene00016374,0
WBGene00012824,4
WBGene00003157,0
WBGene00013463,6
WBGene00004428,6
WBGene00008859,4
WBGene00022388,1
WBGene00020199,1
WBGene00022245,2
WBGene00012984,0
WBGene00013732,4
WBGene00003834,4
WBGene00001574,4
WBGene00012535,8
WBGene00021563,0
WBGene00004774,0
WBGene00012187,6
WBGene00006863,1
WBGene00008131,0
WBGene00001445,4
WBGene00000165,0
WBGene00020037,0
WBGene00016194,4
WBGene00009805,8
WBGene00019241,0
WBGene00012317,0
WBGene00000691,1
WBGene00016209,6
WBGene00002255,5
WBGene00236809,8
WBGene00004034,0
WBGene00018602,2
WBGene00021215,8
WBGene00022856,1
WBGene00001461,4
WBGene00008830,8
WBGene00004168,4
WBGene00001030,0
WBGene00003405,0
WBGene00008677,4
WBGene00013074,9
WBGene00016488,4
WBGene00009726,0
WBGene00020782,1
WBGene00002112,8
WBGene00018769,0
WBGene00016395,1
WBGene00022077,4
WBGene00011935,4
WBGene00001577,4
WBGene00044283,4
WBGene00020595,4
WBGene00020170,4
WBGene00011966,4
WBGene00001564,4
WBGene00021855,4
WBGene00015624,7
WBGene00009498,0
WBGene00008359,2
WBGene00008571,0
WBGene00009164,4
WBGene00000514,1
WBGene00017546,0
WBGene00007170,0
WBGene00017999,0
WBGene00019730,9
WBGene00008375,1
WBGene00003740,4
WBGene00019686,4
WBGene00022683,1
WBGene00022246,1
WBGene00001911,4
WBGene00011520,4
WBGene00016128,4
WBGene00015354,4
WBGene00020920,0
WBGene00008413,0
WBGene00000003,1
WBGene00007043,0
WBGene00001099,1
WBGene00016981,1
WBGene00020557,6
WBGene00008100,4
WBGene00016442,1
WBGene00011761,0
WBGene00021586,8
WBGene00005228,4
WBGene00012608,1
WBGene00007724,0
WBGene00010458,0
WBGene00009921,0
WBGene00020324,8
WBGene00020025,1
WBGene00008410,0
WBGene00013008,8
WBGene00003155,0
WBGene00007333,1
WBGene00001177,4
WBGene00003134,0
WBGene00003504,0
WBGene00007175,2
WBGene00012341,0
WBGene00022121,1
WBGene00001977,0
WBGene00003423,4
WBGene00006585,1
WBGene00010056,0
WBGene00000950,4
WBGene00022371,0
WBGene00013301,0
WBGene00011904,1
WBGene00021935,6
WBGene00009512,5
WBGene00007194,0
WBGene00002192,8
WBGene00010473,4
WBGene00010317,1
WBGene00011060,4
WBGene00011037,0
WBGene00013803,0
WBGene00008204,4
WBGene00017797,0
WBGene00013202,4
WBGene00011743,6
WBGene00004119,4
WBGene00009347,5
WBGene00000106,0
WBGene00013869,4
WBGene00007236,6
WBGene00008586,0
WBGene00000399,0
WBGene00004317,4
WBGene00017806,5
WBGene00011684,5
WBGene00021850,1
WBGene00044761,4
WBGene00004182,4
WBGene00006934,0
WBGene00022748,4
WBGene00016746,0
WBGene00002111,4
WBGene00006699,1
WBGene00077751,2
WBGene00013237,0
WBGene00002183,9
WBGene00004895,0
WBGene00007753,2
WBGene00008578,0
WBGene00001194,4
WBGene00219288,4
WBGene00006636,9
WBGene00020260,4
WBGene00009069,6
WBGene00002276,8
WBGene00017671,4
WBGene00015707,6
WBGene00018904,0
WBGene00021648,0
WBGene00006647,0
WBGene00010922,0
WBGene00007266,1
WBGene00000099,0
WBGene00019305,4
WBGene00011397,4
WBGene00003085,6
WBGene00044500,2
WBGene00002228,0
WBGene00010645,0
WBGene00044348,4
WBGene00000984,2
WBGene00011592,4
WBGene00010439,0
WBGene00012103,2
WBGene00014698,8
WBGene00021854,0
WBGene00019844,4
WBGene00009731,0
WBGene00015449,9
WBGene00020229,4
WBGene00001996,6
WBGene00008513,4
WBGene00020172,6
WBGene00003609,4
WBGene00019168,0
WBGene00007928,7
WBGene00013021,1
WBGene00015753,8
WBGene00009444,0
WBGene00008882,1
WBGene00006753,4
WBGene00016751,4
WBGene00019890,4
WBGene00005022,0
WBGene00013344,0
WBGene00011977,0
WBGene00001449,4
WBGene00008805,1
WBGene00008335,5
WBGene00007698,1
WBGene00017924,0
WBGene00013690,1
WBGene00004181,0
WBGene00013189,1
WBGene00010072,4
WBGene00008338,0
WBGene00017427,2
WBGene00000377,0
WBGene00003837,1
WBGene00020471,1
WBGene00015433,4
WBGene00019998,4
WBGene00020152,4
WBGene00017304,4
WBGene00000133,2
WBGene00021862,4
WBGene00017385,4
WBGene00021359,1
WBGene00003836,0
WBGene00003221,8
WBGene00015957,8
WBGene00007467,4
WBGene00010230,0
WBGene00016911,8
WBGene00007155,8
WBGene00012483,0
WBGene00014078,6
WBGene00022134,0
WBGene00018541,1
WBGene00015554,0
WBGene00185067,0
WBGene00010307,0
WBGene00016504,4
WBGene00008915,4
WBGene00000594,1
WBGene00003724,4
WBGene00008234,8
WBGene00017724,4
WBGene00009078,1
WBGene00019177,7
WBGene00003844,2
WBGene00004701,0
WBGene00014136,2
WBGene00017855,0
WBGene00019121,1
WBGene00012031,4
WBGene00003009,4
WBGene00004955,1
WBGene00003598,8
WBGene00013312,0
WBGene00044631,0
WBGene00017644,4
WBGene00012306,4
WBGene00004371,0
WBGene00010870,4
WBGene00019655,1
WBGene00001749,1
WBGene00008304,2
WBGene00018274,4
WBGene00001428,0
WBGene00004995,2
WBGene00008588,4
WBGene00007288,8
WBGene00004409,6
WBGene00020215,0
WBGene00007223,6
WBGene00020207,0
WBGene00003079,0
WBGene00015510,0
WBGene00000285,8
WBGene00000908,0
WBGene00003748,4
WBGene00016766,4
WBGene00000095,4
WBGene00006737,0
WBGene00015021,0
WBGene00015464,0
WBGene00020516,1
WBGene00015472,0
WBGene00011801,2
WBGene00017502,4
WBGene00015705,4
WBGene00010865,8
WBGene00016129,1
WBGene00022455,0
WBGene00019351,2
WBGene00013362,0
WBGene00018349,4
WBGene00009404,6
WBGene00001869,0
WBGene00010135,4
WBGene00020672,2
WBGene00000070,1
WBGene00007923,8
WBGene00010924,6
WBGene00017159,1
WBGene00044513,4
WBGene00008052,4
WBGene00018674,6
WBGene00004224,0
WBGene00018346,3
WBGene00009981,0
WBGene00021494,2
WBGene00018375,4
WBGene00001830,1
WBGene00012007,1
WBGene00009710,1
WBGene00010009,8
WBGene00003061,0
WBGene00012615,1
WBGene00022021,6
WBGene00008739,8
WBGene00021382,8
WBGene00020718,0
WBGene00012265,4
WBGene00001751,8
WBGene00017180,8
WBGene00000183,0
WBGene00022591,0
WBGene00014666,1
WBGene00015128,4
WBGene00019612,8
WBGene00008897,8
WBGene00012474,1
WBGene00019432,1
WBGene00008923,9
WBGene00016366,4
WBGene00016808,0
WBGene00000843,1
WBGene00010993,1
WBGene00007934,0
WBGene00000882,0
WBGene00007091,4
WBGene00008237,0
WBGene00014148,2
WBGene00007551,4
WBGene00000275,0
WBGene00010628,2
WBGene00015954,0
WBGene00004775,1
WBGene00009638,2
WBGene00017660,2
WBGene00020962,2
WBGene00019055,4
WBGene00012650,0
WBGene00018145,4
WBGene00194815,3
WBGene00012950,0
WBGene00009741,8
WBGene00007101,0
WBGene00010893,0
WBGene00021406,0
WBGene00009740,0
WBGene00001582,1
WBGene00007008,1
WBGene00044107,1
WBGene00006464,4
WBGene00009431,1
WBGene00016768,2
WBGene00006359,0
WBGene00015646,9
WBGene00004343,0
WBGene00000405,0
WBGene00003802,0
WBGene00009002,1
WBGene00010740,8
WBGene00004340,0
WBGene00018146,9
WBGene00012364,4
WBGene00017813,4
WBGene00015160,0
WBGene00001079,0
WBGene00016883,4
WBGene00017166,2
WBGene00013127,8
WBGene00019767,6
WBGene00010827,8
WBGene00006683,4
WBGene00021456,8
WBGene00009276,0
WBGene00020946,2
WBGene00010305,6
WBGene00008563,0
WBGene00008341,2
WBGene00021628,1
WBGene00011102,6
WBGene00004738,0
WBGene00009485,8
WBGene00003418,0
WBGene00009734,0
WBGene00011391,0
WBGene00018607,4
WBGene00022612,0
WBGene00022802,8
WBGene00021057,4
WBGene00011799,5
WBGene00000692,4
WBGene00011893,8
WBGene00016368,4
WBGene00001259,6
WBGene00006495,4
WBGene00019962,6
WBGene00004437,8
WBGene00019995,8
WBGene00013241,0
WBGene00015116,1
WBGene00045295,4
WBGene00017850,8
WBGene00022313,5
WBGene00019521,2
WBGene00016884,2
WBGene00019726,8
WBGene00020237,9
WBGene00044163,1
WBGene00000888,0
WBGene00011128,1
WBGene00013862,0
WBGene00021509,4
WBGene00015943,0
WBGene00011349,0
WBGene00007106,1
WBGene00010044,6
WBGene00004989,0
WBGene00008642,0
WBGene00008546,1
WBGene00007208,4
WBGene00015096,0
WBGene00018421,0
WBGene00003222,0
WBGene00017070,1
WBGene00008621,9
WBGene00003887,8
WBGene00003911,0
WBGene00011189,4
WBGene00017160,4
WBGene00011095,1
WBGene00020721,2
WBGene00006723,0
WBGene00015371,4
WBGene00008764,1
WBGene00007206,4
WBGene00013303,2
WBGene00003066,0
WBGene00000485,8
WBGene00009889,0
WBGene00011944,4
WBGene00009640,2
WBGene00003718,4
WBGene00022423,4
WBGene00001441,4
WBGene00001747,0
WBGene00012932,0
WBGene00004801,2
WBGene00019682,6
WBGene00012261,0
WBGene00008366,2
WBGene00011820,0
WBGene00001457,4
WBGene00012868,4
WBGene00017360,0
WBGene00011681,8
WBGene00012230,6
WBGene00001950,0
WBGene00011955,8
WBGene00012421,4
WBGene00011756,5
WBGene00021089,4
WBGene00022383,4
WBGene00011580,1
WBGene00219423,7
WBGene00009939,0
WBGene00008555,8
WBGene00000787,8
WBGene00008860,0
WBGene00001492,0
WBGene00008878,4
WBGene00015297,6
WBGene00019973,6
WBGene00020113,0
WBGene00006481,0
WBGene00004338,1
WBGene00007926,2
WBGene00000804,0
WBGene00020022,1
WBGene00015555,1
WBGene00008978,1
WBGene00021613,1
WBGene00018237,1
WBGene00003712,8
WBGene00043995,8
WBGene00011674,5
WBGene00010505,1
WBGene00045411,3
WBGene00001784,1
WBGene00005032,8
WBGene00008431,1
WBGene00021149,0
WBGene00001133,4
WBGene00020553,1
WBGene00022277,1
WBGene00016602,4
WBGene00019513,8
WBGene00020584,2
WBGene00001336,1
WBGene00011846,1
WBGene00016655,1
WBGene00016099,4
WBGene00009851,4
WBGene00016148,0
WBGene00003955,0
WBGene00006331,4
WBGene00219208,0
WBGene00000754,4
WBGene00006621,8
WBGene00001578,8
WBGene00043983,7
WBGene00012142,2
WBGene00006308,1
WBGene00019589,3
WBGene00001520,6
WBGene00018474,0
WBGene00002027,0
WBGene00021818,2
WBGene00002127,0
WBGene00021753,0
WBGene00000302,9
WBGene00000784,9
WBGene00020501,0
WBGene00012005,4
WBGene00012996,0
WBGene00007925,0
WBGene00006760,1
WBGene00007452,2
WBGene00020256,6
WBGene00002078,4
WBGene00013852,0
WBGene00011017,0
WBGene00016898,1
WBGene00020276,2
WBGene00010047,4
WBGene00006439,4
WBGene00015795,0
WBGene00077525,7
WBGene00017557,4
WBGene00013601,0
WBGene00021024,1
WBGene00004389,6
WBGene00007021,6
WBGene00009126,9
WBGene00006599,4
WBGene00043297,4
WBGene00021808,4
WBGene00045356,8
WBGene00016645,2
WBGene00000870,0
WBGene00010214,9
WBGene00010039,4
WBGene00013204,6
WBGene00017084,1
WBGene00007062,0
WBGene00022759,1
WBGene00009778,8
WBGene00017132,0
WBGene00000699,1
WBGene00012776,4
WBGene00020264,1
WBGene00013219,0
WBGene00016332,4
WBGene00022330,8
WBGene00010520,8
WBGene00012987,4
WBGene00022381,0
WBGene00018357,0
WBGene00000515,6
WBGene00021121,2
WBGene00001053,4
WBGene00006931,1
WBGene00269434,4
WBGene00007375,0
WBGene00020442,1
WBGene00009396,5
WBGene00012186,0
WBGene00014177,0
WBGene00016507,5
WBGene00006594,8
WBGene00012682,8
WBGene00012424,4
WBGene00022717,4
WBGene00007204,4
WBGene00007397,8
WBGene00017038,8
WBGene00020530,4
WBGene00006727,8
WBGene00012525,2
WBGene00019832,6
WBGene00021080,2
WBGene00017048,5
WBGene00019902,8
WBGene00007533,0
WBGene00008483,6
WBGene00012835,1
WBGene00018635,1
WBGene00003510,4
WBGene00010755,2
WBGene00004297,1
WBGene00021354,6
WBGene00018210,0
WBGene00004811,3
WBGene00008548,9
WBGene00013717,2
WBGene00004739,8
WBGene00077490,4
WBGene00010028,4
WBGene00008356,4
WBGene00011479,8
WBGene00009284,1
WBGene00010083,6
WBGene00008149,4
WBGene00020577,4
WBGene00001064,0
WBGene00003699,2
WBGene00004910,1
WBGene00008480,6
WBGene00015778,4
WBGene00008119,4
WBGene00016968,4
WBGene00008499,2
WBGene00020197,1
WBGene00021815,0
WBGene00021019,4
WBGene00002992,4
WBGene00005703,7
WBGene00008565,6
WBGene00012604,5
WBGene00002067,1
WBGene00013119,5
WBGene00004420,6
WBGene00021513,8
WBGene00007787,9
WBGene00018275,0
WBGene00000838,0
WBGene00022168,2
WBGene00014938,1
WBGene00001002,0
WBGene00020268,1
WBGene00019675,5
WBGene00018257,7
WBGene00009213,2
WBGene00019203,2
WBGene00019277,0
WBGene00000402,0
WBGene00004355,0
WBGene00006528,0
WBGene00021600,8
WBGene00009577,5
WBGene00006496,0
WBGene00003572,1
WBGene00015486,0
WBGene00007877,4
WBGene00000265,6
WBGene00010304,1
WBGene00189958,0
WBGene00007573,1
WBGene00012595,2
WBGene00302964,0
WBGene00000832,8
WBGene00000248,0
WBGene00015159,2
WBGene00004996,2
WBGene00004122,4
WBGene00009004,0
WBGene00011831,0
WBGene00016187,8
WBGene00015148,8
WBGene00007492,4
WBGene00008567,0
WBGene00013006,0
WBGene00000120,1
WBGene00044615,4
WBGene00010789,8
WBGene00014000,5
WBGene00007421,4
WBGene00013736,2
WBGene00009784,0
WBGene00018830,0
WBGene00003703,1
WBGene00003634,4
WBGene00044636,4
WBGene00021467,1
WBGene00000681,4
WBGene00009634,2
WBGene00044697,8
WBGene00019146,1
WBGene00009663,4
WBGene00011733,4
WBGene00020625,1
WBGene00011318,0
WBGene00007694,3
WBGene00011908,0
WBGene00022598,1
WBGene00006460,4
WBGene00016113,0
WBGene00010809,4
WBGene00020889,1
WBGene00011677,2
WBGene00012156,0
WBGene00015232,4
WBGene00004190,0
WBGene00003659,4
WBGene00015267,0
WBGene00015999,7
WBGene00006438,1
WBGene00004017,1
WBGene00044630,1
WBGene00002188,7
WBGene00000962,0
WBGene00013875,2
WBGene00013584,7
WBGene00045386,7
WBGene00013360,0
WBGene00011441,0
WBGene00008800,0
WBGene00022703,1
WBGene00013750,8
WBGene00019003,1
WBGene00018763,4
WBGene00021061,6
WBGene00011732,4
WBGene00016796,4
WBGene00011381,7
WBGene00003723,2
WBGene00016237,4
WBGene00021506,0
WBGene00044686,4
WBGene00016310,4
WBGene00004201,1
WBGene00011404,2
WBGene00004083,4
WBGene00001974,1
WBGene00019957,1
WBGene00002123,1
WBGene00004203,1
WBGene00004416,6
WBGene00019605,5
WBGene00007883,4
WBGene00012097,2
WBGene00000939,6
WBGene00001242,0
WBGene00004952,0
WBGene00015273,1
WBGene00012998,0
WBGene00003876,4
WBGene00015063,4
WBGene00013406,6
WBGene00003674,8
WBGene00003143,0
WBGene00009371,0
WBGene00016996,6
WBGene00185001,0
WBGene00021227,0
WBGene00018613,0
WBGene00001235,0
WBGene00019120,1
WBGene00017534,0
WBGene00015216,2
WBGene00018958,5
WBGene00017398,5
WBGene00021931,0
WBGene00001184,4
WBGene00019498,6
WBGene00015409,8
WBGene00019100,5
WBGene00050915,8
WBGene00002163,4
WBGene00006785,7
WBGene00020436,2
WBGene00012192,0
WBGene00001027,0
WBGene00016610,5
WBGene00017639,4
WBGene00015560,8
WBGene00006462,8
WBGene00206361,1
WBGene00001555,8
WBGene00004024,8
WBGene00019978,2
WBGene00015549,4
WBGene00014164,2
WBGene00006913,6
WBGene00008622,1
WBGene00009116,8
WBGene00019461,4
WBGene00021167,8
WBGene00021843,4
WBGene00000793,4
WBGene00017128,2
WBGene00015861,8
WBGene00000065,1
WBGene00007525,8
WBGene00008953,8
WBGene00007938,0
WBGene00017261,1
WBGene00271701,4
WBGene00006584,0
WBGene00015205,6
WBGene00000673,2
WBGene00017301,6
WBGene00015173,1
WBGene00008560,6
WBGene00019715,6
WBGene00004928,4
WBGene00018260,8
WBGene00018742,1
WBGene00009531,1
WBGene00012883,9
WBGene00015857,4
WBGene00022160,0
WBGene00019204,4
WBGene00003553,0
WBGene00015126,4
WBGene00010221,8
WBGene00017394,8
WBGene00006805,4
WBGene00017428,2
WBGene00008681,8
WBGene00022353,4
WBGene00008380,6
WBGene00000103,4
WBGene00185048,1
WBGene00010871,4
WBGene00001239,9
WBGene00001864,4
WBGene00010049,2
WBGene00004413,6
WBGene00006685,2
WBGene00010727,0
WBGene00009068,4
WBGene00022092,6
WBGene00015220,8
WBGene00007894,1
WBGene00018874,2
WBGene00011009,5
WBGene00002053,0
WBGene00011824,2
WBGene00021397,2
WBGene00007028,0
WBGene00008134,1
WBGene00022697,0
WBGene00011242,8
WBGene00020027,0
WBGene00011623,4
WBGene00019710,6
WBGene00002216,1
WBGene00007089,1
WBGene00012204,4
WBGene00010864,8
WBGene00021598,4
WBGene00009399,4
WBGene00019006,4
WBGene00303423,4
WBGene00005131,1
WBGene00015811,4
WBGene00015245,0
WBGene00009447,4
WBGene00010684,2
WBGene00006868,0
WBGene00007063,4
WBGene00021239,8
WBGene00303009,0
WBGene00021256,3
WBGene00000871,0
WBGene00019801,4
WBGene00011558,0
WBGene00044536,4
WBGene00009918,6
WBGene00013239,0
WBGene00003930,1
WBGene00004737,0
WBGene00007304,8
WBGene00003514,0
WBGene00017062,0
WBGene00020704,0
WBGene00000237,6
WBGene00004479,6
WBGene00020985,8
WBGene00011433,8
WBGene00020957,1
WBGene00018542,0
WBGene00001493,4
WBGene00007474,9
WBGene00017363,1
WBGene00023407,8
WBGene00005024,1
WBGene00010579,1
WBGene00009158,1
WBGene00003393,0
WBGene00016449,0
WBGene00011928,0
WBGene00002105,1
WBGene00001560,4
WBGene00019855,0
WBGene00044478,8
WBGene00015206,1
WBGene00016017,4
WBGene00003785,1
WBGene00002282,0
WBGene00021829,0
WBGene00011335,1
WBGene00013985,0
WBGene00003931,1
WBGene00011038,0
WBGene00017798,0
WBGene00019666,4
WBGene00022345,8
WBGene00000881,1
WBGene00015791,1
WBGene00000110,2
WBGene00011310,4
WBGene00018672,2
WBGene00011259,4
WBGene00022712,7
WBGene00011331,4
WBGene00018366,0
WBGene00022356,4
WBGene00016109,8
WBGene00016365,7
WBGene00009236,4
WBGene00006956,0
WBGene00001061,0
WBGene00006888,0
WBGene00012866,4
WBGene00017501,0
WBGene00017246,1
WBGene00010912,0
WBGene00007018,6
WBGene00000535,2
WBGene00006795,0
WBGene00013317,4
WBGene00019900,0
WBGene00007898,4
WBGene00017734,1
WBGene00008634,9
WBGene00002108,4
WBGene00013143,1
WBGene00015481,0
WBGene00007763,8
WBGene00010453,4
WBGene00004316,8
WBGene00020348,0
WBGene00007592,2
WBGene00013632,4
WBGene00010685,0
WBGene00021146,1
WBGene00003720,5
WBGene00013603,4
WBGene00003588,4
WBGene00009274,0
WBGene00017436,1
WBGene00017951,4
WBGene00015035,1
WBGene00013847,9
WBGene00007860,8
WBGene00001134,1
WBGene00000664,8
WBGene00019492,4
WBGene00007129,9
WBGene00003558,4
WBGene00022280,4
WBGene00010348,4
WBGene00019691,8
WBGene00004257,1
WBGene00019421,4
WBGene00017075,9
WBGene00006776,0
WBGene00019781,4
WBGene00013531,0
WBGene00006440,1
WBGene00019022,5
WBGene00014001,2
WBGene00013376,0
WBGene00004036,4
WBGene00018216,4
WBGene00000539,1
WBGene00008215,1
WBGene00012997,0
WBGene00007110,1
WBGene00013921,4
WBGene00012860,5
WBGene00017328,0
WBGene00021219,2
WBGene00017471,2
WBGene00004419,6
WBGene00003077,6
WBGene00000490,8
WBGene00009661,1
WBGene00008091,1
WBGene00019157,1
WBGene00008239,2
WBGene00001118,4
WBGene00008493,1
WBGene00009595,3
WBGene00003604,8
WBGene00017990,1
WBGene00000040,1
WBGene00008910,4
WBGene00001016,0
WBGene00018599,1
WBGene00022314,4
WBGene00008336,9
WBGene00004879,4
WBGene00012904,1
WBGene00017756,2
WBGene00008358,8
WBGene00001008,5
WBGene00020950,6
WBGene00015769,1
WBGene00006534,0
WBGene00008254,1
WBGene00019619,9
WBGene00015407,1
WBGene00022166,6
WBGene00004751,8
WBGene00022497,9
WBGene00021657,1
WBGene00002262,1
WBGene00019280,4
WBGene00000875,0
WBGene00019651,4
WBGene00016074,1
WBGene00004723,0
WBGene00007911,4
WBGene00010500,1
WBGene00006441,8
WBGene00007922,1
WBGene00003741,4
WBGene00022415,1
WBGene00010484,4
WBGene00011450,2
WBGene00022288,2
WBGene00005271,8
WBGene00020796,6
WBGene00001048,0
WBGene00017794,1
WBGene00019077,0
WBGene00008360,4
WBGene00003238,1
WBGene00011166,2
WBGene00012124,0
WBGene00003406,0
WBGene00016335,5
WBGene00010200,4
WBGene00007625,0
WBGene00008708,0
WBGene00021068,4
WBGene00004209,8
WBGene00018342,6
WBGene00009948,4
WBGene00001065,0
WBGene00003735,1
WBGene00009771,6
WBGene00003682,2
WBGene00016040,8
WBGene00001433,0
WBGene00018232,2
WBGene00007058,4
WBGene00019648,2
WBGene00010942,0
WBGene00021333,4
WBGene00010284,0
WBGene00009290,1
WBGene00012972,0
WBGene00012829,1
WBGene00012244,4
WBGene00022713,3
WBGene00011334,6
WBGene00015611,8
WBGene00002233,4
WBGene00012291,1
WBGene00000115,1
WBGene00004116,0
WBGene00010982,4
WBGene00012330,1
WBGene00010622,6
WBGene00021691,4
WBGene00010858,1
WBGene00001093,1
WBGene00000057,7
WBGene00002081,6
WBGene00016532,4
WBGene00009385,1
WBGene00021331,1
WBGene00020851,8
WBGene00012289,4
WBGene00004509,3
WBGene00015751,4
WBGene00002299,4
WBGene00020441,1
WBGene00006749,1
WBGene00022182,1
WBGene00006490,0
WBGene00086546,2
WBGene00008934,6
WBGene00001853,1
WBGene00009254,0
WBGene00000205,6
WBGene00011227,8
WBGene00010118,0
WBGene00008531,4
WBGene00017504,4
WBGene00003587,0
WBGene00004854,1
WBGene00008760,4
WBGene00021060,4
WBGene00013895,8
WBGene00017190,4
WBGene00020867,0
WBGene00017748,4
WBGene00017692,4
WBGene00020114,4
WBGene00004926,4
WBGene00022233,4
WBGene00008421,2
WBGene00007999,0
WBGene00008357,4
WBGene00017286,1
WBGene00004858,8
WBGene00006614,8
WBGene00018475,0
WBGene00000204,1
WBGene00012464,1
WBGene00009013,6
WBGene00003759,8
WBGene00004358,9
WBGene00019118,0
WBGene00011058,0
WBGene00001824,0
WBGene00020394,9
WBGene00009975,4
WBGene00019211,4
WBGene00018088,1
WBGene00018952,4
WBGene00019061,6
WBGene00018510,0
WBGene00013806,4
WBGene00011754,8
WBGene00013539,2
WBGene00011188,2
WBGene00016171,1
WBGene00020827,4
WBGene00017578,2
WBGene00010887,2
WBGene00002257,1
WBGene00000776,2
WBGene00003519,7
WBGene00022593,5
WBGene00019170,4
WBGene00021531,2
WBGene00017547,4
WBGene00003182,8
WBGene00009992,1
WBGene00206366,8
WBGene00012432,8
WBGene00018152,1
WBGene00012146,8
WBGene00012740,1
WBGene00001620,1
WBGene00001109,4
WBGene00018837,4
WBGene00019493,6
WBGene00010609,0
WBGene00015803,0
WBGene00011111,1
WBGene00006750,8
WBGene00001092,1
WBGene00270319,4
WBGene00012888,1
WBGene00003690,2
WBGene00001638,1
WBGene00003941,1
WBGene00012143,5
WBGene00007547,8
WBGene00009814,8
WBGene00001506,2
WBGene00007537,8
WBGene00020911,1
WBGene00007059,1
WBGene00019321,1
WBGene00013399,8
WBGene00009575,6
WBGene00013897,2
WBGene00021078,8
WBGene00013079,2
WBGene00001155,6
WBGene00004990,9
WBGene00077771,2
WBGene00009239,8
WBGene00008594,9
WBGene00018482,0
WBGene00019408,2
WBGene00015295,8
WBGene00009712,6
WBGene00013257,2
WBGene00044534,2
WBGene00043066,1
WBGene00017861,2
WBGene00002393,0
WBGene00000611,4
WBGene00043054,2
WBGene00006562,9
WBGene00010204,6
WBGene00004766,1
WBGene00044784,1
WBGene00019318,0
WBGene00012413,8
WBGene00001958,0
WBGene00004216,0
WBGene00006709,1
WBGene00000187,1
WBGene00009957,4
WBGene00007254,1
WBGene00007552,0
WBGene00009305,0
WBGene00004180,1
WBGene00015248,6
WBGene00007241,2
WBGene00000900,4
WBGene00006465,1
WBGene00020106,2
WBGene00016458,4
WBGene00012117,4
WBGene00003644,8
WBGene00004392,0
WBGene00007184,1
WBGene00021020,1
WBGene00021894,2
WBGene00003059,6
WBGene00019273,1
WBGene00021505,8
WBGene00018410,2
WBGene00003640,4
WBGene00016643,1
WBGene00008006,4
WBGene00011309,0
WBGene00001837,8
WBGene00008229,4
WBGene00003249,2
WBGene00007932,7
WBGene00015578,8
WBGene00022174,0
WBGene00302978,0
WBGene00016138,4
WBGene00004876,2
WBGene00021340,2
WBGene00007583,1
WBGene00020181,6
WBGene00006373,1
WBGene00022324,4
WBGene00019525,2
WBGene00001519,4
WBGene00022554,2
WBGene00009482,1
WBGene00009204,1
WBGene00008419,7
WBGene00012176,9
WBGene00008856,8
WBGene00016415,2
WBGene00007258,0
WBGene00018270,0
WBGene00010063,2
WBGene00006958,0
WBGene00003210,1
WBGene00000969,1
WBGene00012362,4
WBGene00004889,1
WBGene00001517,8
WBGene00022531,0
WBGene00016862,5
WBGene00012559,1
WBGene00019401,0
WBGene00014053,4
WBGene00000105,1
WBGene00003790,0
WBGene00009896,2
WBGene00016199,2
WBGene00008392,2
WBGene00008110,1
WBGene00016960,1
WBGene00003616,8
WBGene00007716,8
WBGene00022232,0
WBGene00004384,4
WBGene00006571,1
WBGene00020504,8
WBGene00008344,6
WBGene00006698,6
WBGene00002024,4
WBGene00019609,1
WBGene00044661,2
WBGene00020903,8
WBGene00021831,0
WBGene00000112,0
WBGene00008626,8
WBGene00017347,6
WBGene00013676,6
WBGene00020574,2
WBGene00012014,8
WBGene00000219,2
WBGene00015405,6
WBGene00000047,1
WBGene00015802,0
WBGene00008850,7
WBGene00021938,1
WBGene00001762,5
WBGene00010540,2
WBGene00016740,0
WBGene00020126,8
WBGene00021741,2
WBGene00004473,6
WBGene00020115,0
WBGene00003388,4
WBGene00017380,4
WBGene00000753,1
WBGene00005663,6
WBGene00003787,0
WBGene00000102,4
WBGene00005262,8
WBGene00000887,0
WBGene00003805,0
WBGene00016044,4
WBGene00019456,8
WBGene00000903,4
WBGene00015619,8
WBGene00016812,0
WBGene00020131,1
WBGene00010867,1
WBGene00010256,7
WBGene00007016,4
WBGene00018255,8
WBGene00000928,0
WBGene00012628,0
WBGene00011088,8
WBGene00012651,1
WBGene00043981,2
WBGene00002783,1
WBGene00002998,0
WBGene00009850,8
WBGene00021529,6
WBGene00004991,4
WBGene00010873,2
WBGene00001834,0
WBGene00001661,6
WBGene00001541,2
WBGene00012027,4
WBGene00020011,2
WBGene00022569,1
WBGene00012460,6
WBGene00021012,0
WBGene00022665,1
WBGene00019717,6
WBGene00016848,2
WBGene00022893,2
WBGene00007391,2
WBGene00012803,6
WBGene00011891,1
WBGene00000228,1
WBGene00004752,1
WBGene00019407,2
WBGene00017792,4
WBGene00000229,6
WBGene00011414,8
WBGene00011828,1
WBGene00003161,1
WBGene00000734,2
WBGene00000553,4
WBGene00011162,1
WBGene00021849,6
WBGene00005719,7
WBGene00020163,4
WBGene00001337,0
WBGene00003603,2
WBGene00000739,1
WBGene00016465,8
WBGene00009553,0
WBGene00022597,8
WBGene00019911,2
WBGene00003037,0
WBGene00007600,1
WBGene00021858,4
WBGene00000288,8
WBGene00008852,1
WBGene00020586,8
WBGene00010972,2
WBGene00019595,1
WBGene00009081,8
WBGene00000100,4
WBGene00004095,4
WBGene00007174,2
WBGene00019947,0
WBGene00018509,8
WBGene00006437,0
WBGene00023067,6
WBGene00018407,1
WBGene00008680,8
WBGene00011261,4
WBGene00016439,0
WBGene00004157,8
WBGene00019699,3
WBGene00019089,5
WBGene00020702,0
WBGene00022360,1
WBGene00003081,6
WBGene00000981,5
WBGene00015601,3
WBGene00021442,1
WBGene00011029,1
WBGene00021286,1
WBGene00007840,8
WBGene00003018,0
WBGene00003860,2
WBGene00022099,0
WBGene00013415,1
WBGene00011116,8
WBGene00007650,9
WBGene00006520,1
WBGene00004495,6
WBGene00006725,6
WBGene00009255,9
WBGene00021645,8
WBGene00000272,0
WBGene00020302,8
WBGene00008986,1
WBGene00008031,2
WBGene00004286,4
WBGene00019404,5
WBGene00022459,1
WBGene00000148,0
WBGene00020185,0
WBGene00018007,0
WBGene00010595,1
WBGene00022574,2
WBGene00015680,2
WBGene00021011,4
WBGene00009469,1
WBGene00011634,6
WBGene00018408,1
WBGene00021626,6
WBGene00016133,0
WBGene00014186,9
WBGene00010339,9
WBGene00001508,0
WBGene00000158,1
WBGene00015047,4
WBGene00045483,0
WBGene00004303,1
WBGene00017489,8
WBGene00009706,5
WBGene00019816,4
WBGene00011393,1
WBGene00019313,4
WBGene00020466,0
WBGene00004196,5
WBGene00009985,4
WBGene00012764,5
WBGene00017250,2
WBGene00018391,0
WBGene00012094,0
WBGene00010426,5
WBGene00002036,4
WBGene00010778,9
WBGene00019909,8
WBGene00008979,6
WBGene00003861,4
WBGene00003639,8
WBGene00012253,6
WBGene00016676,1
WBGene00000274,0
WBGene00007128,1
WBGene00009466,4
WBGene00002028,0
WBGene00012139,4
WBGene00020300,1
WBGene00013499,4
WBGene00007488,0
WBGene00044063,0
WBGene00004023,4
WBGene00022254,4
WBGene00003163,4
WBGene00019663,0
WBGene00003745,4
WBGene00044512,8
WBGene00012396,0
WBGene00003646,2
WBGene00006923,4
WBGene00004361,1
WBGene00000583,4
WBGene00021994,0
WBGene00012026,8
WBGene00021920,0
WBGene00007257,6
WBGene00010814,1
WBGene00007743,6
WBGene00015993,4
WBGene00003422,1
WBGene00019940,6
WBGene00019914,9
WBGene00017776,2
WBGene00013029,1
WBGene00009668,6
WBGene00012854,2
WBGene00004178,1
WBGene00001398,2
WBGene00013136,8
WBGene00013595,4
WBGene00000518,8
WBGene00022668,8
WBGene00008564,9
WBGene00006424,0
WBGene00014189,1
WBGene00008021,4
WBGene00009141,0
WBGene00011833,1
WBGene00018239,0
WBGene00013802,8
WBGene00019871,8
WBGene00016004,2
WBGene00009484,8
WBGene00009262,4
WBGene00022100,1
WBGene00020296,0
WBGene00011884,1
WBGene00003757,8
WBGene00007169,0
WBGene00013139,1
WBGene00018282,1
WBGene00001052,8
WBGene00011507,1
WBGene00011081,1
WBGene00011034,1
WBGene00001796,4
WBGene00020376,1
WBGene00008874,5
WBGene00008987,0
WBGene00017329,0
WBGene00001548,4
WBGene00019334,0
WBGene00007854,8
WBGene00044797,6
WBGene00017874,9
WBGene00006938,8
WBGene00008918,0
WBGene00012257,0
WBGene00000164,1
WBGene00015687,0
WBGene00001843,1
WBGene00001791,1
WBGene00004306,1
WBGene00003750,4
WBGene00023421,1
WBGene00044641,0
WBGene00044418,4
WBGene00044323,0
WBGene00021820,7
WBGene00011321,2
WBGene00010709,6
WBGene00017226,4
WBGene00015041,2
WBGene00045195,8
WBGene00001329,2
WBGene00016028,4
WBGene00001159,1
WBGene00235330,8
WBGene00022695,8
WBGene00018343,6
WBGene00022279,1
WBGene00015346,4
WBGene00012794,4
WBGene00018108,2
WBGene00004300,4
WBGene00000835,6
WBGene00019913,8
WBGene00023432,2
WBGene00021975,4
WBGene00010731,8
WBGene00044354,4
WBGene00009665,1
WBGene00021879,8
WBGene00007476,8
WBGene00004344,8
WBGene00206532,2
WBGene00008663,2
WBGene00003086,4
WBGene00013441,1
WBGene00010522,4
WBGene00000207,6
WBGene00013407,6
WBGene00010589,7
WBGene00004044,1
WBGene00016392,1
WBGene00006430,0
WBGene00012037,6
WBGene00022075,0
WBGene00016289,4
WBGene00012491,2
WBGene00015139,2
WBGene00015978,8
WBGene00004830,1
WBGene00003660,8
WBGene00016139,0
WBGene00010899,1
WBGene00022649,1
WBGene00044066,8
WBGene00020274,0
WBGene00021079,8
WBGene00000820,4
WBGene00044205,2
WBGene00023415,4
WBGene00018511,4
WBGene00009108,0
WBGene00000437,7
WBGene00018102,3
WBGene00020847,6
WBGene00017361,8
WBGene00000674,1
WBGene00012891,1
WBGene00004767,1
WBGene00001463,4
WBGene00012810,2
WBGene00019882,0
WBGene00000382,1
WBGene00043064,1
WBGene00015279,2
WBGene00022487,4
WBGene00011074,4
WBGene00007836,1
WBGene00001707,4
WBGene00019571,4
WBGene00004038,4
WBGene00018307,1
WBGene00002046,6
WBGene00018215,1
WBGene00008605,0
WBGene00021392,0
WBGene00000160,1
WBGene00007419,2
WBGene00022010,2
WBGene00011167,2
WBGene00001523,2
WBGene00005552,5
WBGene00021976,0
WBGene00022040,7
WBGene00002076,0
WBGene00017002,1
WBGene00013426,1
WBGene00019615,2
WBGene00013548,4
WBGene00007684,6
WBGene00006914,2
WBGene00003747,2
WBGene00022805,8
WBGene00044310,1
WBGene00013484,8
WBGene00001512,4
WBGene00021840,1
WBGene00006793,0
WBGene00015786,2
WBGene00010419,6
WBGene00003758,2
WBGene00013038,0
WBGene00044349,7
WBGene00018164,8
WBGene00004445,6
WBGene00009059,1
WBGene00007385,6
WBGene00018104,8
WBGene00004480,6
WBGene00013549,1
WBGene00004132,4
WBGene00020393,2
WBGene00012134,1
WBGene00010502,1
WBGene00022491,1
WBGene00013220,2
WBGene00194695,4
WBGene00001151,0
WBGene00009132,0
WBGene00009113,1
WBGene00009742,8
WBGene00003090,6
WBGene00020855,0
WBGene00021960,0
WBGene00001028,1
WBGene00003600,8
WBGene00013034,2
WBGene00020719,1
WBGene00004415,6
WBGene00008166,0
WBGene00003548,8
WBGene00004429,6
WBGene00015535,5
WBGene00003719,2
WBGene00010459,1
WBGene00017747,7
WBGene00008453,8
WBGene00008741,1
WBGene00004911,7
WBGene00007368,2
WBGene00007516,2
WBGene00012723,1
WBGene00022389,1
WBGene00005077,0
WBGene00019738,9
WBGene00003078,1
WBGene00012850,4
WBGene00015393,4
WBGene00007918,6
WBGene00004112,1
WBGene00018025,1
WBGene00022770,1
WBGene00022803,6
WBGene00022231,1
WBGene00010758,1
WBGene00010033,0
WBGene00010848,4
WBGene00006728,6
WBGene00001041,0
WBGene00018793,6
WBGene00000834,1
WBGene00002915,1
WBGene00017262,9
WBGene00010747,7
WBGene00003840,8
WBGene00000774,0
WBGene00021519,1
WBGene00007109,1
WBGene00015404,0
WBGene00012236,1
WBGene00000464,2
WBGene00007180,8
WBGene00020407,4
WBGene00012938,5
WBGene00010110,4
WBGene00013447,1
WBGene00000693,8
WBGene00022794,9
WBGene00018885,6
WBGene00003571,2
WBGene00003831,6
WBGene00006988,1
WBGene00013498,4
WBGene00045507,9
WBGene00000961,0
WBGene00018319,4
WBGene00004462,1
WBGene00013711,4
WBGene00005612,8
WBGene00022675,1
WBGene00017991,0
WBGene00000616,4
WBGene00002058,1
WBGene00019970,2
WBGene00000093,0
WBGene00017289,1
WBGene00011337,8
WBGene00003728,2
WBGene00019464,9
WBGene00002012,2
WBGene00011004,4
WBGene00000257,1
WBGene00002189,7
WBGene00003943,2
WBGene00022492,0
WBGene00020089,0
WBGene00015642,4
WBGene00021740,4
WBGene00016974,4
WBGene00020247,2
WBGene00045383,6
WBGene00001831,0
WBGene00015349,2
WBGene00022500,4
WBGene00003593,8
WBGene00015056,4
WBGene00004130,1
WBGene00044916,0
WBGene00004339,1
WBGene00006479,4
WBGene00017422,7
WBGene00002101,4
WBGene00017275,2
WBGene00001585,1
WBGene00013902,2
WBGene00012786,1
WBGene00015322,1
WBGene00013532,0
WBGene00007214,1
WBGene00003818,1
WBGene00019103,2
WBGene00006660,4
WBGene00021636,0
WBGene00015600,3
WBGene00012254,8
WBGene00021635,5
WBGene00009984,2
WBGene00007913,9
WBGene00003645,2
WBGene00045052,2
WBGene00022672,0
WBGene00022488,0
WBGene00003167,4
WBGene00012953,0
WBGene00022158,1
WBGene00020943,2
WBGene00006732,4
WBGene00007500,1
WBGene00018233,2
WBGene00007959,6
WBGene00009781,8
WBGene00012919,8
WBGene00013295,2
WBGene00004887,9
WBGene00016055,0
WBGene00022392,8
WBGene00007844,8
WBGene00008877,6
WBGene00007430,8
WBGene00011836,1
WBGene00011154,4
WBGene00022069,0
WBGene00002363,1
WBGene00010977,8
WBGene00019344,8
WBGene00020487,0
WBGene00017901,4
WBGene00011742,1
WBGene00021917,1
WBGene00011430,2
WBGene00010537,1
WBGene00007588,1
WBGene00009623,8
WBGene00022025,1
WBGene00001636,0
WBGene00020993,1
WBGene00001579,1
WBGene00021238,8
WBGene00001372,6
WBGene00022170,6
WBGene00022788,7
WBGene00009839,3
WBGene00015859,2
WBGene00017285,1
WBGene00008641,0
WBGene00019868,6
WBGene00007695,6
WBGene00022350,0
WBGene00015650,4
WBGene00013347,1
WBGene00022192,6
WBGene00006881,4
WBGene00018305,0
WBGene00004140,0
WBGene00015332,6
WBGene00004768,1
WBGene00007112,1
WBGene00009743,8
WBGene00019264,0
WBGene00007070,2
WBGene00020887,4
WBGene00005818,4
WBGene00235268,0
WBGene00022473,2
WBGene00009964,5
WBGene00004206,1
WBGene00020563,8
WBGene00006810,1
WBGene00000088,3
WBGene00008097,1
WBGene00015971,0
WBGene00001856,6
WBGene00009131,6
WBGene00010338,6
WBGene00016860,8
WBGene00004499,6
WBGene00119203,8
WBGene00007387,0
WBGene00008296,5
WBGene00009877,2
WBGene00022089,6
WBGene00006862,2
WBGene00004150,2
WBGene00009123,0
WBGene00021329,0
WBGene00011731,1
WBGene00009776,4
WBGene00008414,6
WBGene00016879,2
WBGene00008645,1
WBGene00013096,6
WBGene00022152,1
WBGene00019822,6
WBGene00019718,2
WBGene00020399,1
WBGene00006639,8
WBGene00004436,6
WBGene00011124,8
WBGene00077701,2
WBGene00001447,8
WBGene00009224,1
WBGene00018679,0
WBGene00004432,6
WBGene00013673,0
WBGene00014145,7
WBGene00003129,1
WBGene00017574,5
WBGene00010911,2
WBGene00008566,6
WBGene00003683,2
WBGene00010501,1
WBGene00013217,1
WBGene00000830,2
WBGene00017583,2
WBGene00003585,2
WBGene00000211,2
WBGene00011578,2
WBGene00022663,1
WBGene00003367,0
WBGene00002041,4
WBGene00015149,8
WBGene00011734,1
WBGene00020970,1
WBGene00012657,1
WBGene00013458,0
WBGene00021675,0
WBGene00003417,1
WBGene00007247,2
WBGene00007275,1
WBGene00011268,1
WBGene00013729,1
WBGene00020246,1
WBGene00010686,2
WBGene00008407,8
WBGene00011400,4
WBGene00000884,1
WBGene00001649,5
WBGene00008443,8
WBGene00001670,4
WBGene00003638,2
WBGene00013075,0
WBGene00011142,6
WBGene00000726,2
WBGene00016926,8
WBGene00002050,1
WBGene00006827,8
WBGene00006535,8
WBGene00020561,0
WBGene00003229,0
WBGene00011641,1
WBGene00002176,8
WBGene00014114,1
WBGene00011103,8
WBGene00004472,6
WBGene00017482,9
WBGene00004448,6
WBGene00009159,6
WBGene00013560,4
WBGene00014205,0
WBGene00019224,2
WBGene00015718,2
WBGene00001450,2
WBGene00001860,1
WBGene00020507,1
WBGene00044792,2
WBGene00007137,1
WBGene00018987,0
WBGene00018946,8
WBGene00010061,0
WBGene00011035,6
WBGene00017773,1
WBGene00012221,4
WBGene00019014,4
WBGene00004272,4
WBGene00019426,0
WBGene00004705,6
WBGene00019536,8
WBGene00004417,6
WBGene00015271,2
WBGene00000481,8
WBGene00015605,3
WBGene00004787,1
WBGene00001325,4
WBGene00004055,2
WBGene00003743,8
WBGene00019108,5
WBGene00004100,4
WBGene00000403,4
WBGene00017764,2
WBGene00010699,1
WBGene00010660,5
WBGene00000073,2
WBGene00017925,6
WBGene00235352,2
WBGene00045276,1
WBGene00004357,1
WBGene00015303,7
WBGene00005643,7
WBGene00022263,8
WBGene00001515,2
WBGene00002093,2
WBGene00015981,8
WBGene00004423,6
WBGene00010610,4
WBGene00018903,9
WBGene00012046,0
WBGene00010356,1
WBGene00008303,8
WBGene00015002,8
WBGene00007370,8
WBGene00004491,6
WBGene00021178,5
WBGene00004125,1
WBGene00010422,2
WBGene00003052,1
WBGene00018468,8
WBGene00022549,9
WBGene00003164,1
WBGene00011144,0
WBGene00014208,1
WBGene00016842,4
WBGene00007812,8
WBGene00013232,1
WBGene00001590,1
WBGene00007139,9
WBGene00011994,1
WBGene00018975,6
WBGene00003591,4
WBGene00013755,1
WBGene00011213,2
WBGene00009266,2
WBGene00017440,4
WBGene00008610,4
WBGene00013339,1
WBGene00009835,3
WBGene00004484,6
WBGene00020494,7
WBGene00013667,1
WBGene00009840,3
WBGene00020720,8
WBGene00021950,1
WBGene00020194,0
WBGene00009584,4
WBGene00011571,2
WBGene00010878,1
WBGene00016204,7
WBGene00015337,5
WBGene00045013,2
WBGene00000869,6
WBGene00016722,1
WBGene00018561,8
WBGene00007493,1
WBGene00077690,1
WBGene00003939,1
WBGene00014077,4
WBGene00015145,1
WBGene00021629,4
WBGene00010644,2
WBGene00012448,2
WBGene00004412,6
WBGene00001088,1
WBGene00012543,1
WBGene00206522,8
WBGene00000557,6
WBGene00011224,1
WBGene00003583,4
WBGene00003793,1
WBGene00010334,2
WBGene00019025,8
WBGene00004469,6
WBGene00019188,1
WBGene00019090,5
WBGene00007680,2
WBGene00005191,4
WBGene00016383,4
WBGene00020774,3
WBGene00019597,8
WBGene00001460,4
WBGene00012440,8
WBGene00016624,1
WBGene00022824,8
WBGene00016970,1
WBGene00044894,6
WBGene00002089,1
WBGene00001580,1
WBGene00004931,6
WBGene00006959,3
WBGene00001633,1
WBGene00012198,0
WBGene00021638,6
WBGene00007801,2
WBGene00044762,4
WBGene00003169,1
WBGene00021148,6
WBGene00004800,1
WBGene00018998,6
WBGene00044527,3
WBGene00016027,9
WBGene00018240,0
WBGene00001018,1
WBGene00001957,8
WBGene00010556,6
WBGene00206362,8
WBGene00017064,0
WBGene00010223,8
WBGene00022348,1
WBGene00010141,2
WBGene00007428,1
WBGene00003686,4
WBGene00001971,2
WBGene00013724,0
WBGene00015423,5
WBGene00006836,1
WBGene00019872,4
WBGene00019937,1
WBGene00003611,9
WBGene00016697,5
WBGene00015099,1
WBGene00019294,4
WBGene00007345,4
WBGene00016535,2
WBGene00003258,1
WBGene00013558,6
WBGene00010002,1
WBGene00206487,1
WBGene00008386,1
WBGene00003704,1
WBGene00020853,8
WBGene00017046,1
WBGene00011687,6
WBGene00020700,8
WBGene00013448,4
WBGene00014047,2
WBGene00007827,8
WBGene00006941,8
WBGene00012699,2
WBGene00000766,0
WBGene00017926,6
WBGene00010043,8
WBGene00018214,4
WBGene00000080,1
WBGene00014051,2
WBGene00016264,0
WBGene00016003,8
WBGene00008722,0
WBGene00004111,1
WBGene00021094,8
WBGene00007951,2
WBGene00016489,1
WBGene00021785,6
WBGene00018015,0
WBGene00001026,8
WBGene00007770,0
WBGene00007255,9
WBGene00007818,2
WBGene00012513,0
WBGene00014251,1
WBGene00016704,2
WBGene00022641,2
WBGene00007416,4
WBGene00019154,0
WBGene00013404,6
WBGene00016448,4
WBGene00011763,8
WBGene00000005,0
WBGene00000249,1
WBGene00006932,8
WBGene00021883,0
WBGene00015391,1
WBGene00003776,1
WBGene00009374,4
WBGene00019102,4
WBGene00021639,4
WBGene00004431,6
WBGene00012562,6
WBGene00000406,1
WBGene00007945,2
WBGene00018723,1
WBGene00007522,8
WBGene00043985,1
WBGene00006674,1
WBGene00014020,6
WBGene00021082,1
WBGene00015064,6
WBGene00016355,1
WBGene00021939,2
WBGene00302993,0
WBGene00016188,6
WBGene00008892,7
WBGene00008748,2
WBGene00006516,1
WBGene00021535,2
WBGene00007152,0
WBGene00003630,8
WBGene00011870,9
WBGene00175030,1
WBGene00001753,5
WBGene00018740,8
WBGene00022103,0
WBGene00004398,0
WBGene00003918,8
WBGene00010974,8
WBGene00006412,8
WBGene00000846,1
WBGene00008330,6
WBGene00001145,4
WBGene00011806,1
WBGene00020701,6
WBGene00006819,2
WBGene00013265,6
WBGene00012449,2
WBGene00006468,1
WBGene00006742,7
WBGene00001667,7
WBGene00012429,1
WBGene00006321,8
WBGene00018363,7
WBGene00008757,7
WBGene00007546,2
WBGene00000482,0
WBGene00010564,1
WBGene00001615,8
WBGene00012941,6
WBGene00195248,0
WBGene00017031,4
WBGene00009483,1
WBGene00010341,2
WBGene00019643,1
WBGene00001763,7
WBGene00015092,6
WBGene00004471,6
WBGene00018064,1
WBGene00020822,2
WBGene00043982,8
WBGene00011338,1
WBGene00007071,2
WBGene00006628,8
WBGene00009087,1
WBGene00007624,6
WBGene00022635,4
WBGene00011299,7
WBGene00008688,6
WBGene00009798,1
WBGene00012976,1
WBGene00021743,9
WBGene00009608,6
WBGene00003160,1
WBGene00006474,1
WBGene00000917,1
WBGene00050899,3
WBGene00008198,4
WBGene00020695,8
WBGene00010783,0
WBGene00015494,4
WBGene00015602,3
WBGene00018435,2
WBGene00003065,0
WBGene00006791,4
WBGene00011108,1
WBGene00015767,9
WBGene00020510,8
WBGene00004929,1
WBGene00012990,0
WBGene00011813,7
WBGene00016935,8
WBGene00015389,1
WBGene00012479,6
WBGene00018735,1
WBGene00001975,1
WBGene00020426,7
WBGene00021282,1
WBGene00018317,2
WBGene00004493,6
WBGene00021847,1
WBGene00013677,6
WBGene00010045,4
WBGene00023409,0
WBGene00015935,8
WBGene00015735,8
WBGene00007528,1
WBGene00007330,9
WBGene00002148,1
WBGene00017341,2
WBGene00009179,9
WBGene00017818,9
WBGene00001592,2
WBGene00009627,0
WBGene00015113,8
WBGene00018718,1
WBGene00014204,6
WBGene00009395,0
WBGene00015940,0
WBGene00021476,1
WBGene00010625,9
WBGene00013216,5
WBGene00004268,2
WBGene00000092,8
WBGene00016400,1
WBGene00044643,2
WBGene00022285,7
WBGene00007361,8
WBGene00015710,2
WBGene00020564,8
WBGene00011970,2
WBGene00004058,6
WBGene00012028,8
WBGene00004121,1
WBGene00021984,2
WBGene00022284,4
WBGene00008929,1
WBGene00018415,4
WBGene00016961,2
WBGene00003576,1
WBGene00006467,8
WBGene00002187,2
WBGene00003368,8
WBGene00015647,2
WBGene00003768,6
WBGene00022378,6
WBGene00012167,1
WBGene00021316,8
WBGene00006736,0
WBGene00013222,4
WBGene00009750,8
WBGene00009600,7
WBGene00000089,2
WBGene00007450,9
WBGene00001389,1
WBGene00004726,1
WBGene00013326,8
WBGene00008334,5
WBGene00015278,4
WBGene00018262,8
WBGene00001513,1
WBGene00007577,8
WBGene00007484,2
WBGene00011094,9
WBGene00015538,1
WBGene00007167,1
WBGene00001244,9
WBGene00000293,2
WBGene00005758,8
WBGene00012100,4
WBGene00015577,5
WBGene00044638,6
WBGene00020465,1
WBGene00015487,6
WBGene00014093,2
WBGene00007752,8
WBGene00004056,8
WBGene00003112,2
WBGene00004113,2
WBGene00016492,1
WBGene00004425,6
WBGene00002057,9
WBGene00007561,6
WBGene00012758,9
WBGene00004045,8
WBGene00010124,5
WBGene00008018,4
WBGene00003653,4
WBGene00021339,3
WBGene00012951,1
WBGene00014156,1
WBGene00021841,0
WBGene00017676,8
WBGene00021365,6
WBGene00001404,1
WBGene00021191,1
WBGene00006573,6
WBGene00002280,1
WBGene00004266,2
WBGene00020038,1
WBGene00021404,3
WBGene00014021,4
WBGene00008905,8
WBGene00013838,1
WBGene00019477,2
WBGene00005654,4
WBGene00006993,1
WBGene00020250,0
WBGene00017567,1
WBGene00017237,0
WBGene00021350,6
WBGene00009293,0
WBGene00009372,1
WBGene00019320,8
WBGene00016118,0
WBGene00021926,8
WBGene00017158,8
WBGene00022128,1
WBGene00005533,4
WBGene00021075,8
WBGene00003664,9
WBGene00016316,2
WBGene00021074,9
WBGene00011156,6
WBGene00015450,6
WBGene00001085,6
WBGene00194921,7
WBGene00007862,2
WBGene00004057,4
WBGene00021893,8
WBGene00016530,8
WBGene00006818,8
WBGene00008664,1
WBGene00007168,0
WBGene00010409,1
WBGene00021117,2
WBGene00020396,1
WBGene00003144,1
WBGene00000366,4
WBGene00006593,1
WBGene00004053,7
WBGene00195176,4
WBGene00002207,8
WBGene00007436,0
WBGene00006319,1
WBGene00017039,4
WBGene00018694,8
WBGene00007100,1
WBGene00017618,2
WBGene00018051,8
WBGene00012471,9
WBGene00001676,8
WBGene00019877,2
WBGene00015402,4
WBGene00019841,8
WBGene00019237,2
WBGene00002213,0
WBGene00006627,8
WBGene00011854,4
WBGene00016313,0
WBGene00010951,2
WBGene00010833,1
WBGene00018187,1
WBGene00004016,1
WBGene00050957,3
WBGene00015203,1
WBGene00006503,6
WBGene00021504,4
WBGene00017178,8
WBGene00012184,0
WBGene00018356,8
WBGene00011707,6
WBGene00022742,6
WBGene00015926,4
WBGene00016052,2
WBGene00018264,7
WBGene00044499,1
WBGene00012739,2
WBGene00185092,4
WBGene00007728,6
WBGene00015708,1
WBGene00006788,1
WBGene00022633,1
WBGene00001896,5
WBGene00006870,8
WBGene00019312,8
WBGene00003485,1
WBGene00021363,1
WBGene00015948,4
WBGene00017807,2
WBGene00017184,1
WBGene00012624,8
WBGene00008248,2
WBGene00015200,8
WBGene00013865,2
WBGene00018195,2
WBGene00016667,9
WBGene00002118,9
WBGene00016321,4
WBGene00006710,2
WBGene00022022,0
WBGene00007517,4
WBGene00011747,9
WBGene00022039,4
WBGene00012420,1
WBGene00000449,8
WBGene00003241,0
WBGene00008307,2
WBGene00000762,1
WBGene00011274,2
WBGene00017982,6
WBGene00017353,4
WBGene00004213,8
WBGene00022251,1
WBGene00022673,3
WBGene00014222,1
WBGene00021514,6
WBGene00001559,0
WBGene00000528,5
WBGene00016060,6
WBGene00013989,2
WBGene00011420,2
WBGene00003566,2
WBGene00009844,3
WBGene00004269,1
WBGene00006610,1
WBGene00000703,8
WBGene00016207,2
WBGene00002092,0
WBGene00017891,1
WBGene00020967,1
WBGene00016262,8
WBGene00304788,8
WBGene00011980,1
WBGene00005253,2
WBGene00019546,2
WBGene00019898,0
WBGene00011030,7
WBGene00000417,1
WBGene00022061,8
WBGene00017570,1
WBGene00013529,6
WBGene00016903,2
WBGene00022397,8
WBGene00044568,8
WBGene00001161,0
WBGene00007363,8
WBGene00008810,5
WBGene00005007,1
WBGene00006389,6
WBGene00007429,0
WBGene00003412,1
WBGene00015996,8
WBGene00017313,6
WBGene00007185,6
WBGene00015980,2
WBGene00018954,8
WBGene00007183,5
WBGene00000831,2
WBGene00019750,4
WBGene00015477,1
WBGene00017968,8
WBGene00004264,1
WBGene00009745,6
WBGene00012347,8
WBGene00016944,1
WBGene00018925,1
WBGene00004474,6
WBGene00020559,2
WBGene00008044,2
WBGene00011725,2
WBGene00009448,4
WBGene00012605,2
WBGene00021486,0
WBGene00018999,1
WBGene00013275,1
WBGene00021507,1
WBGene00021337,8
WBGene00000623,0
WBGene00016916,8
WBGene00010803,2
WBGene00003048,1
WBGene00018071,1
WBGene00220259,4
WBGene00002184,4
WBGene00017344,9
WBGene00015293,7
WBGene00012225,1
WBGene00016210,1
WBGene00000262,8
WBGene00011374,6
WBGene00003676,8
WBGene00009423,2
WBGene00013708,2
WBGene00020502,7
WBGene00021561,8
WBGene00007505,2
WBGene00000971,8
WBGene00011719,1
WBGene00003014,4
WBGene00010828,1
WBGene00018470,7
WBGene00022297,1
WBGene00016064,5
WBGene00002173,5
WBGene00003597,8
WBGene00008009,8
WBGene00001352,0
WBGene00005481,2
WBGene00003034,2
WBGene00011417,2
WBGene00009178,2
WBGene00019599,5
WBGene00004030,4
WBGene00006208,8
WBGene00044001,9
WBGene00007779,5
WBGene00016258,1
WBGene00007166,8
WBGene00021439,4
WBGene00000585,0
WBGene00006771,1
WBGene00007513,2
WBGene00012602,6
WBGene00044699,2
WBGene00003663,1
WBGene00015885,1
WBGene00004235,2
WBGene00017733,1
WBGene00007227,4
WBGene00001060,1
WBGene00004426,6
WBGene00004400,1
WBGene00019087,0
WBGene00013015,1
WBGene00017091,2
WBGene00013561,1
WBGene00009441,1
WBGene00021605,2
WBGene00020363,8
WBGene00004508,1
WBGene00019115,2
WBGene00007351,8
WBGene00018218,1
WBGene00006940,1
WBGene00013938,1
WBGene00005544,0
WBGene00016281,3
WBGene00003041,1
WBGene00012626,7
WBGene00011028,8
WBGene00022865,1
WBGene00007140,9
WBGene00013235,1
WBGene00006601,0
WBGene00044745,1
WBGene00019590,5
WBGene00001511,1
WBGene00003550,2
WBGene00021811,1
WBGene00007622,6
WBGene00006567,6
WBGene00010815,1
WBGene00020765,6
WBGene00017514,1
WBGene00009819,8
WBGene00015728,7
WBGene00195073,8
WBGene00004921,4
WBGene00013236,8
WBGene00021063,6
WBGene00021185,4
WBGene00021787,7
WBGene00004430,6
WBGene00003920,0
WBGene00016145,1
WBGene00002011,1
WBGene00000853,2
WBGene00020933,6
WBGene00017765,9
WBGene00016975,4
WBGene00007518,8
WBGene00014153,0
WBGene00007130,5
WBGene00017449,9
WBGene00001565,2
WBGene00016091,8
WBGene00009042,8
WBGene00007929,2
WBGene00003403,4
WBGene00022645,6
WBGene00000540,2
WBGene00044311,4
WBGene00004276,4
WBGene00008398,1
WBGene00007917,9
WBGene00022783,1
WBGene00045412,2
WBGene00010756,8
WBGene00001156,9
WBGene00003107,1
WBGene00014209,1
WBGene00022476,3
WBGene00009148,1
WBGene00003517,2
WBGene00004476,6
WBGene00003242,9
WBGene00011635,1
WBGene00005194,6
WBGene00018601,2
WBGene00007826,1
WBGene00009390,8
WBGene00003722,4
WBGene00009476,2
WBGene00011647,8
WBGene00020451,9
WBGene00003732,2
WBGene00018831,6
WBGene00003821,8
WBGene00020080,3
WBGene00004891,9
WBGene00019183,8
WBGene00022053,6
WBGene00018786,6
WBGene00020912,2
WBGene00005647,8
WBGene00003002,6
WBGene00219313,2
WBGene00003596,8
WBGene00004721,1
WBGene00011887,1
WBGene00006602,4
WBGene00008233,8
WBGene00013693,2
WBGene00013197,5
WBGene00019021,1
WBGene00018910,2
WBGene00008916,2
WBGene00006853,7
WBGene00012489,1
WBGene00302974,1
WBGene00002052,7
WBGene00017469,7
WBGene00019733,4
WBGene00006963,9
WBGene00010655,4
WBGene00006671,1
WBGene00015684,6
WBGene00016123,1
WBGene00012779,8
WBGene00004442,6
WBGene00008224,4
WBGene00010752,3
WBGene00021640,2
WBGene00012025,9
WBGene00017646,2
WBGene00012170,6
WBGene00008332,2
WBGene00001532,8
WBGene00044466,1
WBGene00012234,1
WBGene00015756,2
WBGene00013544,6
WBGene00003669,2
WBGene00001549,8
WBGene00019823,1
WBGene00007720,0
WBGene00008226,2
WBGene00003579,1
WBGene00015029,1
WBGene00235312,8
WBGene00011253,0
WBGene00022150,6
WBGene00006824,1
WBGene00009493,5
WBGene00008538,5
WBGene00004154,2
WBGene00004215,8
WBGene00017563,2
WBGene00011015,6
WBGene00009908,3
WBGene00012632,2
WBGene00016606,0
WBGene00013923,7
WBGene00009246,6
WBGene00001207,4
WBGene00021714,6
WBGene00001936,2
WBGene00018854,1
WBGene00016046,4
WBGene00022255,8
WBGene00008148,1
WBGene00000118,9
WBGene00010161,6
WBGene00003562,4
WBGene00235271,5
WBGene00016143,1
WBGene00017894,8
WBGene00006365,1
WBGene00012644,8
WBGene00009221,4
WBGene00022773,1
WBGene00018696,7
WBGene00013907,8
WBGene00010138,2
WBGene00009202,8
WBGene00000109,2
WBGene00016173,6
WBGene00012332,4
WBGene00006595,1
WBGene00007122,9
WBGene00023490,2
WBGene00003575,4
WBGene00003628,8
WBGene00011163,1
WBGene00004383,0
WBGene00020058,5
WBGene00044073,5
WBGene00001646,6
WBGene00009880,0
WBGene00194883,7
WBGene00010565,1
WBGene00011890,1
WBGene00018009,1
WBGene00004778,2
WBGene00015704,8
WBGene00001662,1
WBGene00020976,7
WBGene00010805,2
WBGene00000438,8
WBGene00020379,1
WBGene00016170,1
WBGene00021352,5
WBGene00007453,2
WBGene00009424,5
WBGene00011644,4
WBGene00004312,1
WBGene00013695,3
WBGene00007772,8
WBGene00044608,0
WBGene00008973,1
WBGene00007994,1
WBGene00014090,2
WBGene00011443,0
WBGene00008710,0
WBGene00006911,6
WBGene00013835,1
WBGene00008194,9
WBGene00020894,1
WBGene00016002,0
WBGene00044528,2
WBGene00007565,9
WBGene00001468,1
WBGene00009456,6
WBGene00008345,8
WBGene00020777,4
WBGene00019329,2
WBGene00000533,2
WBGene00000169,4
WBGene00006747,1
WBGene00022506,2
WBGene00008457,1
WBGene00043062,9
WBGene00015540,1
WBGene00006379,0
WBGene00020456,2
WBGene00021224,2
WBGene00003620,8
WBGene00017707,1
WBGene00016849,2
WBGene00004307,0
WBGene00019680,0
WBGene00019479,7
WBGene00003729,9
WBGene00018295,1
WBGene00013551,1
WBGene00044922,2
WBGene00008120,2
WBGene00013365,1
WBGene00016295,8
WBGene00008601,2
WBGene00007980,8
WBGene00022363,6
WBGene00004447,6
WBGene00005205,8
WBGene00044120,8
WBGene00007260,4
WBGene00010038,8
WBGene00010491,9
WBGene00021468,8
WBGene00015865,1
WBGene00006310,2
WBGene00010928,9
WBGene00000630,8
WBGene00010700,8
WBGene00017310,8
WBGene00004296,6
WBGene00021158,2
WBGene00018298,7
WBGene00050885,0
WBGene00019772,8
WBGene00004482,6
WBGene00003827,7
WBGene00000188,4
WBGene00022104,1
WBGene00021655,6
WBGene00008385,9
WBGene00015088,2
WBGene00001101,7
WBGene00001368,7
WBGene00002845,1
WBGene00015864,2
WBGene00011521,7
WBGene00012596,2
WBGene00019226,7
WBGene00006757,5
WBGene00019245,6
WBGene00006163,8
WBGene00019944,2
WBGene00011422,1
WBGene00011502,1
WBGene00009387,4
WBGene00001535,4
WBGene00010736,8
WBGene00013269,1
WBGene00044492,8
WBGene00018252,2
WBGene00012989,7
WBGene00016540,2
WBGene00007192,1
WBGene00012929,8
WBGene00011083,6
WBGene00008218,0
WBGene00000176,9
WBGene00001425,1
WBGene00000424,1
WBGene00008422,7
WBGene00018281,8
WBGene00009739,6
WBGene00018900,1
WBGene00303026,0
WBGene00023477,1
WBGene00000512,8
WBGene00022033,1
WBGene00007409,2
WBGene00021948,8
WBGene00044457,2
WBGene00077693,2
WBGene00021441,1
WBGene00018466,2
WBGene00018811,1
WBGene00022522,8
WBGene00007162,7
WBGene00020052,1
WBGene00000264,1
WBGene00014111,6
WBGene00206521,2
WBGene00012553,6
WBGene00022047,2
WBGene00012381,3
WBGene00017299,8
WBGene00019720,2
WBGene00004356,3
WBGene00001821,2
WBGene00021765,1
WBGene00004433,6
WBGene00021856,1
WBGene00003056,9
WBGene00003661,7
WBGene00012548,8
WBGene00004782,1
WBGene00007553,8
WBGene00017653,4
WBGene00018024,2
WBGene00020658,5
WBGene00018877,1
WBGene00050906,3
WBGene00001883,5
WBGene00195063,6
WBGene00015466,1
WBGene00005759,8
WBGene00017051,2
WBGene00016367,2
WBGene00017416,1
WBGene00009952,9
WBGene00001909,6
WBGene00019339,7
WBGene00004440,6
WBGene00009138,1
WBGene00001570,1
WBGene00007541,7
WBGene00009547,4
WBGene00021002,2
WBGene00003978,8
WBGene00019840,4
WBGene00003025,1
WBGene00010250,7
WBGene00021872,5
WBGene00011027,2
WBGene00019713,2
WBGene00007113,1
WBGene00004451,6
WBGene00001748,4
WBGene00017699,7
WBGene00018657,8
WBGene00002086,4
WBGene00007287,1
WBGene00009435,8
WBGene00006804,6
WBGene00003706,2
WBGene00194680,6
WBGene00007848,2
WBGene00003033,8
WBGene00016611,0
WBGene00012591,5
WBGene00011279,4
WBGene00021021,6
WBGene00010263,6
WBGene00009958,1
WBGene00044612,2
WBGene00009688,6
WBGene00009888,2
WBGene00011193,9
WBGene00022271,2
WBGene00022274,1
WBGene00010023,5
WBGene00001214,1
WBGene00001107,1
WBGene00020347,9
WBGene00021394,2
WBGene00020417,6
WBGene00016124,1
WBGene00012389,4
WBGene00007054,4
WBGene00018376,8
WBGene00044043,1
WBGene00006226,8
WBGene00015396,1
WBGene00022631,8
WBGene00020917,2
WBGene00284867,7
WBGene00003668,2
WBGene00013124,2
WBGene00022309,1
WBGene00013737,0
WBGene00006726,1
WBGene00015204,2
WBGene00004897,4
WBGene00020339,2
WBGene00020878,2
WBGene00020831,1
WBGene00003408,5
WBGene00011566,2
WBGene00023450,6
WBGene00016067,0
WBGene00012282,8
WBGene00021168,2
WBGene00005640,8
WBGene00004368,2
WBGene00010283,1
WBGene00004803,2
WBGene00007501,0
WBGene00009582,2
WBGene00001171,7
WBGene00018963,6
WBGene00007984,8
WBGene00004477,6
WBGene00020555,4
WBGene00000259,2
WBGene00018634,1
WBGene00011164,1
WBGene00017879,8
WBGene00004175,1
WBGene00006075,8
WBGene00020374,2
WBGene00020128,5
WBGene00015621,8
WBGene00013901,5
WBGene00011556,1
WBGene00009993,9
WBGene00019361,1
WBGene00009429,2
WBGene00004949,4
WBGene00011538,6
WBGene00017916,6
WBGene00018035,2
WBGene00020936,0
WBGene00009163,1
WBGene00001608,4
WBGene00007707,8
WBGene00008670,1
WBGene00019647,9
WBGene00008309,8
WBGene00001386,1
WBGene00018154,6
WBGene00022474,2
WBGene00000778,1
WBGene00013808,6
WBGene00011867,1
WBGene00001805,9
WBGene00010621,0
WBGene00007704,9
WBGene00009100,4
WBGene00016632,6
WBGene00012778,2
WBGene00018241,2
WBGene00004320,1
WBGene00016920,9
WBGene00001690,1
WBGene00012271,1
WBGene00012538,2
WBGene00021661,1
WBGene00021279,1
WBGene00013425,8
WBGene00001186,1
WBGene00004064,2
WBGene00008834,8
WBGene00000161,1
WBGene00007295,4
WBGene00002297,1
WBGene00006620,1
WBGene00016273,1
WBGene00001682,1
WBGene00009969,5
WBGene00004427,6
WBGene00009769,2
WBGene00001132,1
WBGene00012116,8
WBGene00023487,1
WBGene00007549,6
WBGene00022682,9
WBGene00004760,1
WBGene00000863,1
WBGene00010040,2
WBGene00000974,8
WBGene00003546,1
WBGene00001785,5
WBGene00001752,9
WBGene00016218,5
WBGene00004274,1
WBGene00009650,6
WBGene00017823,8
WBGene00020798,0
WBGene00017372,1
WBGene00015631,2
WBGene00007366,2
WBGene00022627,2
WBGene00018615,8
WBGene00019368,6
WBGene00044654,7
WBGene00000677,2
WBGene00011119,9
WBGene00015207,1
WBGene00003404,8
WBGene00016182,1
WBGene00006655,8
WBGene00009443,1
WBGene00019153,7
WBGene00020445,5
WBGene00013669,1
WBGene00013433,1
WBGene00019628,4
WBGene00008118,1
WBGene00000996,9
WBGene00045403,1
WBGene00016973,6
WBGene00010130,6
WBGene00012643,8
WBGene00001131,8
WBGene00004258,2
WBGene00016016,8
WBGene00011068,1
WBGene00018624,1
WBGene00009974,4
WBGene00017763,1
WBGene00004490,6
WBGene00022193,1
WBGene00002062,1
WBGene00004256,1
WBGene00014230,1
WBGene00017814,4
WBGene00008930,1
WBGene00022832,6
WBGene00011082,2
WBGene00004856,2
WBGene00022380,1
WBGene00020698,2
WBGene00006454,7
WBGene00017973,8
WBGene00013804,6
WBGene00007892,8
WBGene00010722,2
WBGene00010515,9
WBGene00017974,1
WBGene00016203,1
WBGene00007347,8
WBGene00010383,9
WBGene00002146,2
WBGene00001755,5
WBGene00007687,1
WBGene00009094,1
WBGene00011110,6
WBGene00022750,2
WBGene00015632,1
WBGene00012869,8
WBGene00011375,1
WBGene00045397,3
WBGene00014198,4
WBGene00008783,8
WBGene00013405,1
WBGene00001808,1
WBGene00009953,4
WBGene00003903,1
WBGene00015822,2
WBGene00014002,2
WBGene00017744,2
WBGene00017880,7
WBGene00006067,1
WBGene00004229,0
WBGene00011428,5
WBGene00009995,9
WBGene00011591,2
WBGene00018265,4
WBGene00010188,8
WBGene00001365,1
WBGene00012319,2
WBGene00044009,8
WBGene00008742,8
WBGene00021764,1
WBGene00008957,6
WBGene00018869,2
WBGene00015019,1
WBGene00044760,8
WBGene00016282,1
WBGene00013704,2
WBGene00001334,1
WBGene00003053,9
WBGene00016566,7
WBGene00018802,9
WBGene00021297,8
WBGene00016331,2
WBGene00016608,0
WBGene00004444,6
WBGene00010629,1
WBGene00000558,8
WBGene00017980,7
WBGene00013091,2
WBGene00010975,1
WBGene00000995,0
WBGene00009768,9
WBGene00018878,1
WBGene00019101,1
WBGene00022129,1
WBGene00000231,1
WBGene00003515,2
WBGene00007690,1
WBGene00001672,7
WBGene00018737,1
WBGene00012354,6
WBGene00002109,5
WBGene00001393,2
WBGene00007966,1
WBGene00006622,8
WBGene00003017,1
WBGene00010868,8
WBGene00014202,4
WBGene00020422,1
WBGene00019977,6
WBGene00009007,1
WBGene00019697,4
WBGene00018609,2
WBGene00017197,2
WBGene00000002,1
WBGene00002201,8
WBGene00017016,2
WBGene00016918,0
WBGene00009796,5
WBGene00013768,1
WBGene00022719,2
WBGene00006508,1
WBGene00007392,5
WBGene00004086,1
WBGene00011275,1
WBGene00010375,7
WBGene00044406,2
WBGene00008492,9
WBGene00013354,1
WBGene00010160,0
WBGene00018928,1
WBGene00015781,0
WBGene00017592,2
WBGene00004422,6
WBGene00014075,1
WBGene00012259,2
WBGene00018487,9
WBGene00077775,2
WBGene00006711,2
WBGene00004345,4
WBGene00008164,6
WBGene00017594,1
WBGene00008932,2
WBGene00016019,2
WBGene00020725,7
WBGene00016192,1
WBGene00016841,2
WBGene00007604,2
WBGene00004898,2
WBGene00015301,2
WBGene00008310,2
WBGene00018512,0
WBGene00000910,7
WBGene00004010,1
WBGene00021295,1
WBGene00000994,1
WBGene00008348,7
WBGene00012522,6
WBGene00013080,2
WBGene00022191,2
WBGene00016735,1
WBGene00018849,1
WBGene00009354,9
WBGene00009006,0
WBGene00005010,1
WBGene00010229,9
WBGene00003779,2
WBGene00003384,2
WBGene00019698,2
WBGene00009831,7
WBGene00015401,8
WBGene00017885,8
WBGene00022515,2
WBGene00009142,8
WBGene00019731,9
WBGene00001056,1
WBGene00022300,1
WBGene00009077,3
WBGene00009664,2
WBGene00016614,1
WBGene00019182,8
WBGene00006066,7
WBGene00195183,4
WBGene00010594,2
WBGene00006672,0
WBGene00001823,9
WBGene00013042,8
WBGene00022737,9
WBGene00014228,1
WBGene00018855,8
WBGene00015508,4
WBGene00003089,2
WBGene00002240,4
WBGene00004043,1
WBGene00004684,1
WBGene00020852,7
WBGene00011958,8
WBGene00013359,3
WBGene00022550,3
WBGene00015328,1
WBGene00018068,2
WBGene00012634,2
WBGene00004139,2
WBGene00020517,9
WBGene00006707,9
WBGene00000911,4
WBGene00016454,8
WBGene00000914,7
WBGene00015495,8
WBGene00000782,2
WBGene00017007,1
WBGene00001193,4
WBGene00022836,1
WBGene00014219,0
WBGene00001993,1
WBGene00016577,9
WBGene00008849,8
WBGene00010693,8
WBGene00018719,1
WBGene00015347,1
WBGene00014066,4
WBGene00044586,2
WBGene00006713,1
WBGene00020375,6
WBGene00015235,6
WBGene00016190,3
WBGene00009121,8
WBGene00001556,8
WBGene00018908,1
WBGene00020964,6
WBGene00018005,2
WBGene00044032,1
WBGene00012640,6
WBGene00001645,1
WBGene00009340,1
WBGene00015022,6
WBGene00012136,2
WBGene00185005,2
WBGene00003850,8
WBGene00022270,1
WBGene00011897,1
WBGene00019290,5
WBGene00022547,3
WBGene00018370,0
WBGene00019554,1
WBGene00006745,8
WBGene00004483,6
WBGene00000159,1
WBGene00000645,5
WBGene00022644,9
WBGene00010442,1
WBGene00011300,9
WBGene00194895,2
WBGene00005011,1
WBGene00019509,1
WBGene00009824,9
WBGene00009724,8
WBGene00019654,1
WBGene00008292,0
WBGene00022745,5
WBGene00006865,2
WBGene00000530,4
WBGene00011296,2
WBGene00003000,7
WBGene00001841,7
WBGene00017322,9
WBGene00007075,8
WBGene00004744,1
WBGene00021644,1
WBGene00017828,8
WBGene00003614,9
WBGene00022517,6
WBGene00000079,1
WBGene00008121,2
WBGene00017420,9
WBGene00018261,8
WBGene00086553,8
WBGene00022592,8
WBGene00021423,1
WBGene00004496,6
WBGene00271817,2
WBGene00019332,2
WBGene00007314,7
WBGene00021328,8
WBGene00015177,1
WBGene00008924,1
WBGene00003623,8
WBGene00009329,1
WBGene00045405,8
WBGene00017608,9
WBGene00010856,2
WBGene00002979,2
WBGene00000496,1
WBGene00006589,1
WBGene00008547,1
WBGene00006383,1
WBGene00017787,8
WBGene00019473,2
WBGene00013587,9
WBGene00011146,4
WBGene00010676,1
WBGene00006540,1
WBGene00017904,2
WBGene00015196,1
WBGene00010496,1
WBGene00019774,8
WBGene00001340,1
WBGene00004424,6
WBGene00003773,5
WBGene00010013,1
WBGene00000702,1
WBGene00004510,1
WBGene00003047,1
WBGene00016108,1
WBGene00008084,9
WBGene00001924,2
WBGene00003633,9
WBGene00019007,6
WBGene00018957,1
WBGene00009477,2
WBGene00009406,2
WBGene00004128,4
WBGene00020558,1
WBGene00016387,1
WBGene00000168,0
WBGene00015866,7
WBGene00044061,0
WBGene00013679,6
WBGene00020139,6
WBGene00003092,2
WBGene00006886,9
WBGene00011327,8
WBGene00011661,1
WBGene00012767,1
WBGene00015313,9
WBGene00000818,1
WBGene00017373,2
WBGene00021870,1
WBGene00004880,1
WBGene00012952,1
WBGene00000035,8
WBGene00016443,2
WBGene00010397,6
WBGene00008213,8
WBGene00006539,2
WBGene00011051,1
WBGene00011447,0
WBGene00045208,2
WBGene00015270,2
WBGene00008503,1
WBGene00013378,2
WBGene00009162,2
WBGene00003901,1
WBGene00011122,9
WBGene00018052,7
WBGene00045415,3
WBGene00004953,1
WBGene00021490,8
WBGene00010231,6
WBGene00000263,6
WBGene00006578,4
WBGene00001754,5
WBGene00020550,1
WBGene00017545,8
WBGene00001899,5
WBGene00007197,1
WBGene00017960,1
WBGene00002243,1
WBGene00008554,2
WBGene00011744,1
WBGene00009440,6
WBGene00010513,2
WBGene00013970,7
WBGene00013680,1
WBGene00016630,8
WBGene00219378,2
WBGene00044468,5
WBGene00004481,6
WBGene00009856,8
WBGene00012969,5
WBGene00004332,9
WBGene00001653,6
WBGene00017009,7
WBGene00008954,7
WBGene00016156,2
WBGene00001544,4
WBGene00020196,8
WBGene00270303,7
WBGene00002056,5
WBGene00022503,8
WBGene00001788,8
WBGene00017483,2
WBGene00015744,4
WBGene00004475,6
WBGene00021296,2
WBGene00007652,1
WBGene00006968,1
WBGene00011280,1
WBGene00008510,2
WBGene00006432,0
WBGene00010027,9
WBGene00017761,1
WBGene00008662,2
WBGene00008456,1
WBGene00007725,2
WBGene00008438,8
WBGene00018266,7
WBGene00004979,2
WBGene00007837,2
WBGene00001782,8
WBGene00010889,2
WBGene00015492,1
WBGene00006807,2
WBGene00014989,8
WBGene00022605,2
WBGene00016362,2
WBGene00004438,6
WBGene00016303,8
WBGene00021693,4
WBGene00003966,4
WBGene00007364,5
WBGene00185079,1
WBGene00008481,8
WBGene00004105,1
WBGene00044239,2
WBGene00016427,8
WBGene00008240,2
WBGene00016378,2
WBGene00020883,1
WBGene00018988,2
WBGene00008683,1
WBGene00003374,8
WBGene00045455,9
WBGene00007116,6
WBGene00016202,1
WBGene00015011,6
WBGene00011670,1
WBGene00012683,9
WBGene00010475,8
WBGene00007357,2
WBGene00019614,8
WBGene00018812,1
WBGene00007296,9
WBGene00002985,1
WBGene00019971,1
WBGene00019631,6
WBGene00009713,6
WBGene00018427,1
WBGene00014181,2
WBGene00018859,2
WBGene00013994,8
WBGene00000222,1
WBGene00014080,2
WBGene00015581,6
WBGene00194955,5
WBGene00013422,6
WBGene00001789,2
WBGene00004434,6
WBGene00007502,4
WBGene00009097,5
WBGene00011722,6
WBGene00001410,8
WBGene00019656,2
WBGene00008533,1
WBGene00019074,1
WBGene00000536,1
WBGene00022583,6
WBGene00007731,6
WBGene00206514,8
WBGene00004947,2
WBGene00004486,6
WBGene00011978,2
WBGene00010780,1
WBGene00004488,6
WBGene00021132,6
WBGene00006752,7
WBGene00000051,8
WBGene00023414,7
WBGene00012716,9
WBGene00044026,1
WBGene00019324,8
WBGene00010008,8
WBGene00015936,5
WBGene00044442,2
WBGene00013207,1
WBGene00001768,1
WBGene00016116,2
WBGene00007480,8
WBGene00019020,2
WBGene00007703,1
WBGene00011948,2
WBGene00004013,8
WBGene00016966,2
WBGene00010325,6
WBGene00002200,2
WBGene00000768,1
WBGene00009940,1
WBGene00002072,8
WBGene00044508,4
WBGene00018472,1
WBGene00001081,4
WBGene00000511,1
WBGene00018886,2
WBGene00012463,2
WBGene00012399,3
WBGene00017332,2
WBGene00017535,1
WBGene00015330,1
WBGene00016157,2
WBGene00001440,8
WBGene00016943,1
WBGene00007437,8
WBGene00007947,9
WBGene00020109,1
WBGene00008857,8
WBGene00015231,8
WBGene00021842,7
WBGene00011676,9
WBGene00044924,9
WBGene00007969,2
WBGene00008890,7
WBGene00044618,1
WBGene00001884,5
WBGene00011452,8
WBGene00022736,2
WBGene00016919,4
WBGene00003885,8
WBGene00006364,1
WBGene00008685,1
WBGene00013159,7
WBGene00008010,5
WBGene00013041,2
WBGene00015010,9
WBGene00002088,1
WBGene00012703,4
WBGene00000862,5
WBGene00009565,1
WBGene00003968,1
WBGene00005638,8
WBGene00018794,1
WBGene00020565,7
WBGene00194934,8
WBGene00044509,4
WBGene00019018,8
WBGene00017340,2
WBGene00011768,1
WBGene00044074,1
WBGene00009951,1
WBGene00001583,6
WBGene00004032,8
WBGene00001743,9
WBGene00006498,1
WBGene00002889,4
WBGene00019838,6
WBGene00012131,8
WBGene00045053,2
WBGene00006839,1
WBGene00018073,1
WBGene00004007,9
WBGene00011195,1
WBGene00044138,1
WBGene00000218,9
WBGene00003959,9
WBGene00013436,6
WBGene00000963,7
WBGene00003093,9
WBGene00008020,8
WBGene00006722,1
WBGene00020427,8
WBGene00006505,8
WBGene00001518,7
WBGene00016095,2
WBGene00014138,9
WBGene00020146,1
WBGene00004114,8
WBGene00001572,2
WBGene00017438,5
WBGene00013776,8
WBGene00010630,5
WBGene00000886,1
WBGene00008799,9
WBGene00235102,1
WBGene00001631,1
WBGene00014003,9
WBGene00001770,2
WBGene00019987,0
WBGene00022576,1
WBGene00005245,8
WBGene00000196,6
WBGene00001948,1
WBGene00003715,2
WBGene00008690,0
WBGene00022031,1
WBGene00017615,2
WBGene00018638,1
WBGene00013477,2
WBGene00014234,1
WBGene00017123,5
WBGene00008505,8
WBGene00018921,3
WBGene00017314,0
WBGene00006796,1
WBGene00004313,8
WBGene00013123,1
WBGene00010657,6
WBGene00008744,7
WBGene00012194,8
WBGene00007953,2
WBGene00011793,2
WBGene00021461,8
WBGene00194905,7
WBGene00011511,2
WBGene00044331,2
WBGene00011629,2
WBGene00004195,5
WBGene00012404,2
WBGene00004810,3
WBGene00001406,6
WBGene00012664,9
WBGene00020532,2
WBGene00006852,2
WBGene00012228,9
WBGene00006731,2
WBGene00017762,4
WBGene00003183,1
WBGene00016100,2
WBGene00000858,9
WBGene00020767,8
WBGene00012434,1
WBGene00016663,5
WBGene00012132,8
WBGene00017350,8
WBGene00004987,2
WBGene00020484,1
WBGene00001776,9
WBGene00017194,1
WBGene00021408,3
WBGene00006381,1
WBGene00002139,9
WBGene00020209,4
WBGene00006767,8
WBGene00019075,1
WBGene00001685,5
WBGene00020697,5
WBGene00012352,2
WBGene00194906,1
WBGene00020450,7
WBGene00001537,2
WBGene00010449,7
WBGene00004449,6
WBGene00003104,2
WBGene00000798,9
WBGene00001587,8
WBGene00013594,5
WBGene00009267,1
WBGene00021254,8
WBGene00008733,8
WBGene00018042,7
WBGene00005036,1
WBGene00004172,3
WBGene00001812,1
WBGene00022325,2
WBGene00002245,4
WBGene00009849,9
WBGene00017757,6
WBGene00015545,1
WBGene00004167,1
WBGene00011590,2
WBGene00004882,2
WBGene00016997,8
WBGene00009218,1
WBGene00004485,6
WBGene00008451,9
WBGene00016803,2
WBGene00016158,2
WBGene00013692,4
WBGene00008284,8
WBGene00013164,5
WBGene00003477,1
WBGene00004401,8
WBGene00009944,0
WBGene00000653,2
WBGene00003031,8
WBGene00007520,6
WBGene00008147,1
WBGene00003621,5
WBGene00018023,7
WBGene00016375,6
WBGene00007237,9
WBGene00016175,8
WBGene00011604,1
WBGene00006442,9
WBGene00021643,8
WBGene00012428,2
WBGene00019869,6
WBGene00000294,1
WBGene00010364,1
WBGene00000537,1
WBGene00001152,5
WBGene00011864,1
WBGene00011092,1
WBGene00009139,2
WBGene00004802,9
WBGene00008793,9
WBGene00012988,2
WBGene00003564,2
WBGene00004958,1
WBGene00010788,5
WBGene00011230,7
WBGene00004806,1
WBGene00019587,1
WBGene00006486,5
WBGene00016212,8
WBGene00018230,0
WBGene00010068,1
WBGene00001887,5
WBGene00001558,1
WBGene00009308,7
WBGene00006587,9
WBGene00003007,9
WBGene00045192,1
WBGene00003998,5
WBGene00019250,1
WBGene00000988,9
WBGene00018075,2
WBGene00009112,8
WBGene00013662,8
WBGene00013588,8
WBGene00010286,1
WBGene00015107,2
WBGene00016868,6
WBGene00017774,0
WBGene00019215,9
WBGene00016493,6
WBGene00010333,1
WBGene00000010,1
WBGene00000139,8
WBGene00021226,1
WBGene00009987,1
WBGene00001916,5
WBGene00010034,9
WBGene00017004,1
WBGene00014086,9
WBGene00043989,8
WBGene00008361,0
WBGene00022835,1
WBGene00003980,2
WBGene00000556,9
WBGene00011576,1
WBGene00018964,6
WBGene00020596,7
WBGene00016094,2
WBGene00006693,8
WBGene00010365,4
WBGene00303364,4
WBGene00012034,2
WBGene00022396,8
WBGene00008270,5
WBGene00001779,5
WBGene00011139,1
WBGene00000819,2
WBGene00012629,2
WBGene00020583,2
WBGene00005542,8
WBGene00001679,1
WBGene00011444,1
WBGene00006654,8
WBGene00003692,8
WBGene00009717,2
WBGene00009579,7
WBGene00022108,8
WBGene00019343,2
WBGene00001453,8
WBGene00001284,0
WBGene00018369,7
WBGene00008713,7
WBGene00017580,8
WBGene00019939,8
WBGene00022787,1
WBGene00000227,1
WBGene00011454,1
WBGene00021647,9
WBGene00001117,8
WBGene00000563,2
WBGene00008511,9
WBGene00017702,8
WBGene00004282,1
WBGene00019455,7
WBGene00018593,0
WBGene00013857,1
WBGene00000081,5
WBGene00006970,1
WBGene00001874,1
WBGene00005642,2
WBGene00011340,2
WBGene00004281,8
WBGene00007606,1
WBGene00016582,1
WBGene00012811,1
WBGene00012371,9
WBGene00015512,1
WBGene00020939,8
WBGene00016018,1
WBGene00000532,1
WBGene00000799,2
WBGene00021911,8
WBGene00003612,7
WBGene00007993,1
WBGene00022269,6
WBGene00235340,2
WBGene00021244,8
WBGene00013756,4
WBGene00013859,8
WBGene00008436,2
WBGene00011283,8
WBGene00007766,1
WBGene00013198,2
WBGene00021607,7
WBGene00021919,0
WBGene00022273,1
WBGene00011456,2
WBGene00011971,1
WBGene00001366,2
WBGene00000009,2
WBGene00194642,1
WBGene00009563,9
WBGene00000529,2
WBGene00020786,7
WBGene00022656,5
WBGene00016539,2
WBGene00008711,7
WBGene00022154,1
WBGene00012175,9
WBGene00011155,6
WBGene00022702,1
WBGene00016758,6
WBGene00006869,9
WBGene00012325,6
WBGene00022357,1
WBGene00077712,8
WBGene00044151,1
WBGene00008927,7
WBGene00017487,9
WBGene00012721,5
WBGene00007864,2
WBGene00017411,4
WBGene00012585,4
WBGene00022230,9
WBGene00013709,2
WBGene00022727,8
WBGene00012675,1
WBGene00015622,2
WBGene00016838,1
WBGene00011490,1
WBGene00008298,5
WBGene00007339,9
WBGene00016865,4
WBGene00003003,8
WBGene00002032,1
WBGene00008370,1
WBGene00004393,7
WBGene00006414,1
WBGene00007511,2
WBGene00010012,7
WBGene00017240,9
WBGene00002997,4
WBGene00013169,5
WBGene00016325,9
WBGene00008339,6
WBGene00013896,2
WBGene00012645,6
WBGene00000552,1
WBGene00019279,9
WBGene00003527,7
WBGene00001889,5
WBGene00009744,1
WBGene00021516,8
WBGene00018456,8
WBGene00008900,5
WBGene00007173,7
WBGene00011251,2
WBGene00021465,1
WBGene00008667,2
WBGene00018188,7
WBGene00008455,2
WBGene00303030,1
WBGene00011699,7
WBGene00022368,1
WBGene00019644,9
WBGene00022830,0
WBGene00017687,1
WBGene00013893,6
WBGene00014188,1
WBGene00021895,9
WBGene00021756,2
WBGene00013701,8
WBGene00016169,8
WBGene00018522,2
WBGene00015469,5
WBGene00001665,8
WBGene00016318,2
WBGene00019520,1
WBGene00013845,5
WBGene00009917,2
WBGene00044413,6
WBGene00020825,7
WBGene00000447,2
WBGene00007563,7
WBGene00045272,9
WBGene00009854,2
WBGene00000409,9
WBGene00003523,9
WBGene00004457,7
WBGene00019486,6
WBGene00022029,1
WBGene00013538,2
WBGene00010004,3
WBGene00011593,5
WBGene00008665,8
WBGene00021758,9
WBGene00020130,1
WBGene00006306,2
WBGene00017858,7
WBGene00012208,1
WBGene00000270,1
WBGene00018149,2
WBGene00013509,8
WBGene00012433,1
WBGene00019111,9
WBGene00017247,2
WBGene00001795,2
WBGene00021884,1
WBGene00022213,1
WBGene00010010,8
WBGene00016021,1
WBGene00019749,8
WBGene00010315,2
WBGene00001595,6
WBGene00018863,1
WBGene00009129,2
WBGene00022519,2
WBGene00011040,1
WBGene00019716,2
WBGene00010476,9
WBGene00022629,1
WBGene00020341,2
WBGene00009287,1
WBGene00008974,2
WBGene00012307,8
WBGene00021072,8
WBGene00022749,8
WBGene00010643,2
WBGene00022486,9
WBGene00018814,1
WBGene00006416,2
WBGene00007817,2
WBGene00011539,3
WBGene00016154,9
WBGene00007904,2
WBGene00304806,9
WBGene00017831,1
WBGene00194747,8
WBGene00015138,1
WBGene00003220,6
WBGene00016755,9
WBGene00003019,1
WBGene00013553,1
WBGene00045396,7
WBGene00002094,2
WBGene00012970,5
WBGene00007115,7
WBGene00003495,1
WBGene00004277,2
WBGene00000812,1
WBGene00018286,2
WBGene00008694,9
WBGene00009716,7
WBGene00219376,2
WBGene00011317,2
WBGene00043702,2
WBGene00020343,2
WBGene00010795,2
WBGene00044329,1
WBGene00010990,4
WBGene00003882,0
WBGene00018523,2
WBGene00011016,6
WBGene00012358,9
WBGene00017981,1
WBGene00235274,2
WBGene00008488,6
WBGene00015919,2
WBGene00022647,7
WBGene00044006,2
WBGene00000276,2
WBGene00013507,1
WBGene00022837,7
WBGene00000938,2
WBGene00022149,1
WBGene00012226,1
WBGene00005004,9
WBGene00008275,2
WBGene00004060,6
WBGene00001241,9
WBGene00020413,9
WBGene00020929,2
WBGene00002217,7
WBGene00012251,9
WBGene00020689,2
WBGene00011773,2
WBGene00020401,5
WBGene00012206,9
WBGene00019917,2
WBGene00002138,9
WBGene00018476,2
WBGene00015701,8
WBGene00004094,1
WBGene00017445,8
WBGene00013725,9
WBGene00006497,2
WBGene00000554,7
WBGene00001989,8
WBGene00008206,4
WBGene00019665,4
WBGene00044245,5
WBGene00018361,6
WBGene00016421,1
WBGene00018013,1
WBGene00010351,6
WBGene00021375,8
WBGene00013643,2
WBGene00017375,7
WBGene00003967,1
WBGene00021346,1
WBGene00008191,2
WBGene00012635,6
WBGene00010329,2
WBGene00020732,2
WBGene00009738,4
WBGene00001836,1
WBGene00009103,1
WBGene00009048,5
WBGene00019859,2
WBGene00016971,1
WBGene00007233,1
WBGene00016324,2
WBGene00003602,5
WBGene00022361,0
WBGene00016247,2
WBGene00013562,7
WBGene00014669,2
WBGene00011529,9
WBGene00005523,7
WBGene00003375,9
WBGene00022800,1
WBGene00010131,2
WBGene00020480,1
WBGene00022580,1
WBGene00086569,2
WBGene00006933,1
WBGene00044795,2
WBGene00001434,7
WBGene00006618,2
WBGene00011070,2
WBGene00009096,9
WBGene00013043,8
WBGene00022236,1
WBGene00000633,9
WBGene00017293,1
WBGene00021871,2
WBGene00000813,1
WBGene00219455,7
WBGene00017771,2
WBGene00009343,6
WBGene00235133,3
WBGene00022281,6
WBGene00016066,2
WBGene00003694,5
WBGene00016030,1
WBGene00043988,8
WBGene00003702,5
WBGene00013840,9
WBGene00013175,8
WBGene00044210,2
WBGene00006994,1
WBGene00010988,1
WBGene00020189,1
WBGene00235164,3
WBGene00015507,9
WBGene00015666,7
WBGene00271414,8
WBGene00001730,2
WBGene00044723,6
WBGene00007756,5
WBGene00022613,1
WBGene00001949,0
WBGene00019023,2
WBGene00011180,6
WBGene00017711,1
WBGene00007729,9
WBGene00018423,1
WBGene00017605,1
WBGene00004922,2
WBGene00011271,9
WBGene00003253,9
WBGene00000244,8
WBGene00010850,3
WBGene00010279,9
WBGene00013825,8
WBGene00015896,5
WBGene00001997,9
WBGene00009618,8
WBGene00009507,1
WBGene00000906,8
WBGene00016326,2
WBGene00003932,1
WBGene00001122,8
WBGene00006450,4
WBGene00007338,8
WBGene00018716,2
WBGene00009146,9
WBGene00004859,1
WBGene00004373,2
WBGene00000462,1
WBGene00018358,2
WBGene00000902,2
WBGene00004089,9
WBGene00010264,8
WBGene00044035,8
WBGene00013332,6
WBGene00004454,6
WBGene00044326,1
WBGene00018847,2
WBGene00020193,1
WBGene00021576,8
WBGene00020941,2
WBGene00011071,1
WBGene00012122,2
WBGene00013270,1
WBGene00000817,9
WBGene00175027,2
WBGene00004212,2
WBGene00010884,2
WBGene00050904,2
WBGene00015468,8
WBGene00016219,5
WBGene00010199,1
WBGene00271744,3
WBGene00013137,6
WBGene00003889,8
WBGene00015189,9
WBGene00015392,9
WBGene00010109,1
WBGene00044008,1
WBGene00003378,8
WBGene00018404,8
WBGene00010875,1
WBGene00012813,8
WBGene00044757,7
WBGene00012583,9
WBGene00022618,1
WBGene00017962,6
WBGene00011796,1
WBGene00018006,9
WBGene00006937,6
WBGene00012281,7
WBGene00009000,2
WBGene00019931,2
WBGene00003783,2
WBGene00020551,2
WBGene00001158,7
WBGene00007044,7
WBGene00007019,6
WBGene00000090,2
WBGene00000189,1
WBGene00001090,9
WBGene00044588,5
WBGene00015357,2
WBGene00013805,4
WBGene00020322,1
WBGene00003813,1
WBGene00045255,7
WBGene00018860,5
WBGene00013088,9
WBGene00020326,3
WBGene00004769,1
WBGene00021596,8
WBGene00001723,2
WBGene00022485,5
WBGene00021603,9
WBGene00014079,7
WBGene00017796,6
WBGene00014119,1
WBGene00002990,8
WBGene00007193,4
WBGene00006743,7
WBGene00020843,1
WBGene00016061,9
WBGene00015087,5
WBGene00020366,2
WBGene00011021,2
WBGene00021945,2
WBGene00006769,1
WBGene00020746,7
WBGene00001324,7
WBGene00020844,7
WBGene00012692,2
WBGene00011198,7
WBGene00016005,8
WBGene00009855,2
WBGene00001865,9
WBGene00006961,1
WBGene00004410,6
WBGene00016945,8
WBGene00019779,2
WBGene00002125,1
WBGene00015519,1
WBGene00020756,9
WBGene00008403,2
WBGene00017949,2
WBGene00011875,0
WBGene00015573,9
WBGene00000517,7
WBGene00017804,2
WBGene00019047,7
WBGene00002205,1
WBGene00012197,1
WBGene00000453,8
WBGene00008352,3
WBGene00004198,5
WBGene00016575,8
WBGene00001910,6
WBGene00004776,9
WBGene00019778,1
WBGene00004046,1
WBGene00004827,2
WBGene00015568,2
WBGene00012939,1
WBGene00009924,8
WBGene00007746,1
WBGene00001934,5
WBGene00006778,7
WBGene00011616,5
WBGene00004284,2
WBGene00002274,9
WBGene00006716,8
WBGene00019888,8
WBGene00007963,2
WBGene00009177,9
WBGene00007228,5
WBGene00002246,0
WBGene00009692,9
WBGene00015793,9
WBGene00014137,9
WBGene00015137,1
WBGene00000738,2
WBGene00021444,1
WBGene00000836,0
WBGene00044338,6
WBGene00018765,9
WBGene00008550,2
WBGene00044488,1
WBGene00004335,1
WBGene00010293,7
WBGene00013904,9
WBGene00019490,1
WBGene00045336,4
WBGene00006632,8
WBGene00016590,1
WBGene00022106,7
WBGene00001998,9
WBGene00014256,5
WBGene00011698,8
WBGene00012222,7
WBGene00015523,0
WBGene00015623,9
WBGene00004006,2
WBGene00018760,9
WBGene00004348,1
WBGene00015264,2
WBGene00012387,4
WBGene00012369,6
WBGene00010994,2
WBGene00013694,4
WBGene00009145,9
WBGene00004298,6
WBGene00007880,6
WBGene00012165,1
WBGene00010319,9
WBGene00001664,7
WBGene00013004,6
WBGene00016294,9
WBGene00012258,9
WBGene00001902,8
WBGene00018157,1
WBGene00017381,1
WBGene00001345,8
WBGene00018518,7
WBGene00006634,1
WBGene00011906,9
WBGene00004091,2
WBGene00012993,2
WBGene00194726,7
WBGene00271715,1
WBGene00008745,2
WBGene00000459,8
WBGene00015437,8
WBGene00020248,4
WBGene00011269,1
WBGene00017782,1
WBGene00017741,9
WBGene00016494,2
WBGene00015263,2
WBGene00004902,1
WBGene00020033,8
WBGene00006946,1
WBGene00020307,5
WBGene00023515,5
WBGene00008880,7
WBGene00021503,5
WBGene00003012,1
WBGene00175035,6
WBGene00019480,7
WBGene00000650,8
WBGene00019289,8
WBGene00001855,6
WBGene00010362,6
WBGene00004364,8
WBGene00013493,5
WBGene00017214,3
WBGene00007590,2
WBGene00007256,9
WBGene00017637,2
WBGene00009619,2
WBGene00044079,8
WBGene00002210,8
WBGene00010980,2
WBGene00018348,2
WBGene00001980,1
WBGene00018033,2
WBGene00009296,4
WBGene00016976,8
WBGene00015544,2
WBGene00003647,2
WBGene00021452,1
WBGene00021654,3
WBGene00021732,8
WBGene00021136,5
WBGene00000777,1
WBGene00003705,5
WBGene00206505,7
WBGene00000487,8
WBGene00001894,5
WBGene00015038,1
WBGene00019674,2
WBGene00020284,1
WBGene00012961,5
WBGene00003525,2
WBGene00008652,2
WBGene00004494,6
WBGene00194909,7
WBGene00010197,9
WBGene00012270,1
WBGene00003095,9
WBGene00008495,9
WBGene00013832,5
WBGene00019457,9
WBGene00007099,2
WBGene00012578,2
WBGene00012130,5
WBGene00000477,2
WBGene00016900,2
WBGene00000548,1
WBGene00006605,1
WBGene00017355,9
WBGene00004745,9
WBGene00008773,2
WBGene00005662,1
WBGene00015451,2
WBGene00015150,1
WBGene00000655,5
WBGene00020195,1
WBGene00007683,1
WBGene00019935,1
WBGene00009644,1
WBGene00007974,1
WBGene00005246,8
WBGene00011063,8
WBGene00000889,6
WBGene00017037,1
WBGene00020692,1
WBGene00013176,5
WBGene00019744,7
WBGene00020838,1
WBGene00006433,1
WBGene00003096,2
WBGene00012179,6
WBGene00007975,1
WBGene00189987,7
WBGene00009234,8
WBGene00015518,2
WBGene00007188,1
WBGene00044736,8
WBGene00021583,5
WBGene00044487,2
WBGene00020506,2
WBGene00021725,2
WBGene00010641,2
WBGene00012923,9
WBGene00022516,0
WBGene00003736,5
WBGene00022369,1
WBGene00022786,9
WBGene00011181,1
WBGene00009808,2
WBGene00022584,7
WBGene00050941,2
WBGene00022546,3
WBGene00020444,5
WBGene00020007,4
WBGene00018514,2
WBGene00004349,8
WBGene00003246,1
WBGene00012674,2
WBGene00007449,6
WBGene00009220,9
WBGene00017269,9
WBGene00007726,9
WBGene00001838,6
WBGene00011879,8
WBGene00022197,4
WBGene00045461,2
WBGene00017198,7
WBGene00020182,9
WBGene00022179,9
WBGene00022868,2
WBGene00021735,9
WBGene00003755,7
WBGene00017775,9
WBGene00003594,1
WBGene00009777,1
WBGene00022195,1
WBGene00004443,6
WBGene00001102,1
WBGene00002295,8
WBGene00009711,2
WBGene00015928,9
WBGene00016022,5
WBGene00001888,5
WBGene00003040,7
WBGene00001973,2
WBGene00304812,9
WBGene00013968,9
WBGene00016599,2
WBGene00004147,3
WBGene00008961,2
WBGene00011205,1
WBGene00020448,8
WBGene00013077,2
WBGene00011717,1
WBGene00011636,1
WBGene00007393,5
WBGene00018283,1
WBGene00009884,9
WBGene00018480,1
WBGene00011215,2
WBGene00021378,1
WBGene00000698,2
WBGene00012712,9
WBGene00020633,1
WBGene00018515,1
WBGene00015285,2
WBGene00003479,1
WBGene00011735,1
WBGene00002224,2
WBGene00008219,9
WBGene00011738,5
WBGene00006875,9
WBGene00001561,2
WBGene00010335,7
WBGene00004927,1
WBGene00001648,1
WBGene00018078,8
WBGene00014113,9
WBGene00012085,5
WBGene00017868,2
WBGene00015711,5
WBGene00015969,7
WBGene00003777,6
WBGene00015333,5
WBGene00004367,1
WBGene00017758,6
WBGene00003841,2
WBGene00010776,1
WBGene00011579,8
WBGene00001121,7
WBGene00011194,9
WBGene00007761,7
WBGene00017015,2
WBGene00007882,2
WBGene00009370,9
WBGene00010702,1
WBGene00009904,7
WBGene00010342,2
WBGene00302991,9
WBGene00021264,2
WBGene00013325,8
WBGene00012178,8
WBGene00001338,9
WBGene00219422,8
WBGene00015937,1
WBGene00019512,2
WBGene00219322,6
WBGene00003475,2
WBGene00219289,8
WBGene00010575,5
WBGene00012020,2
WBGene00012473,2
WBGene00012914,5
WBGene00007026,2
WBGene00015418,8
WBGene00015053,8
WBGene00195177,3
WBGene00019458,9
WBGene00004096,8
WBGene00012359,1
WBGene00044677,7
WBGene00012062,7
WBGene00017292,8
WBGene00013593,9
WBGene00001332,9
WBGene00001668,5
WBGene00000200,1
WBGene00000936,1
WBGene00002271,6
WBGene00011587,4
WBGene00044077,7
WBGene00007042,1
WBGene00016274,9
WBGene00006470,2
WBGene00004829,2
WBGene00008315,8
WBGene00004478,6
WBGene00001399,9
WBGene00007717,5
WBGene00004359,2
WBGene00018937,2
WBGene00017708,1
WBGene00001185,1
WBGene00004328,8
WBGene00010759,1
WBGene00007286,9
WBGene00020373,2
WBGene00021473,7
WBGene00010807,2
WBGene00017161,1
WBGene00006429,1
WBGene00016121,8
WBGene00014008,9
WBGene00012564,7
WBGene00007955,1
WBGene00006499,7
WBGene00017576,7
WBGene00016215,2
WBGene00007150,1
WBGene00022336,6
WBGene00016596,8
WBGene00016744,7
WBGene00012935,1
WBGene00010979,2
WBGene00002999,7
WBGene00019048,2
WBGene00019843,9
WBGene00009790,2
WBGene00007664,8
WBGene00013233,8
WBGene00001550,8
WBGene00017907,7
WBGene00011362,9
WBGene00010408,2
WBGene00001412,1
WBGene00006831,8
WBGene00002987,8
WBGene00014135,2
WBGene00016654,9
WBGene00000421,2
WBGene00044294,1
WBGene00004932,7
WBGene00003038,4
WBGene00003766,2
WBGene00000727,2
WBGene00008794,9
WBGene00004764,0
WBGene00019347,7
WBGene00008598,6
WBGene00013001,1
WBGene00202512,2
WBGene00005026,2
WBGene00219275,9
WBGene00009878,1
WBGene00001475,5
WBGene00001167,2
WBGene00008997,8
WBGene00021355,9
WBGene00000510,4
WBGene00017349,1
WBGene00010282,5
WBGene00017490,1
WBGene00044807,2
WBGene00020012,1
WBGene00000151,8
WBGene00018727,8
WBGene00018316,7
WBGene00005437,5
WBGene00011974,2
WBGene00018208,7
WBGene00000973,5
WBGene00001915,9
WBGene00016293,2
WBGene00021332,1
WBGene00006405,8
WBGene00018279,9
WBGene00008998,9
WBGene00004418,6
WBGene00007389,7
WBGene00018280,9
WBGene00021415,1
WBGene00017290,2
WBGene00000912,8
WBGene00003917,1
WBGene00009333,2
WBGene00009945,2
WBGene00013870,2
WBGene00001740,9
WBGene00015218,2
WBGene00008528,6
WBGene00195166,5
WBGene00010542,1
WBGene00019352,8
WBGene00017042,2
WBGene00006974,1
WBGene00004204,1
WBGene00015141,9
WBGene00020397,1
WBGene00019221,1
WBGene00008577,9
WBGene00007216,5
WBGene00001058,2
WBGene00020710,2
WBGene00010123,9
WBGene00004047,1
WBGene00018364,9
WBGene00021653,2
WBGene00012859,2
WBGene00019821,8
WBGene00008195,2
WBGene00044681,2
WBGene00016836,6
WBGene00001129,7
WBGene00010642,4
WBGene00018785,1
WBGene00010306,1
WBGene00044637,1
WBGene00009183,7
WBGene00001485,1
WBGene00007131,3
WBGene00004439,6
WBGene00004489,6
WBGene00000829,1
WBGene00006062,1
WBGene00009558,2
WBGene00007408,4
WBGene00017041,3
WBGene00022854,1
WBGene00001972,2
WBGene00008379,9
WBGene00009169,9
WBGene00045248,7
WBGene00270321,5
WBGene00000772,9
WBGene00001552,2
WBGene00012719,1
WBGene00011892,9
WBGene00195154,7
WBGene00007153,9
WBGene00001503,1
WBGene00000455,7
WBGene00019771,1
WBGene00017673,7
WBGene00009727,2
WBGene00016006,2
WBGene00021827,1
WBGene00020095,2
WBGene00011418,1
WBGene00009011,1
WBGene00014171,5
WBGene00010745,9
WBGene00019302,7
WBGene00003389,1
WBGene00009353,1
WBGene00008687,9
WBGene00004450,6
WBGene00018031,8
WBGene00014022,8
WBGene00015308,1
WBGene00009556,9
WBGene00004969,1
WBGene00017376,9
WBGene00000520,1
WBGene00021685,1
WBGene00007136,9
WBGene00008912,2
WBGene00000937,1
WBGene00017895,1
WBGene00006704,6
WBGene00001374,8
WBGene00015236,1
WBGene00001516,9
WBGene00010434,8
WBGene00018728,7
WBGene00006735,9
WBGene00022127,9
WBGene00007303,9
WBGene00009885,2
WBGene00003372,1
WBGene00021044,0
WBGene00009041,2
WBGene00016090,2
WBGene00000905,8
WBGene00001767,5
WBGene00017500,1
WBGene00044648,1
WBGene00003826,1
WBGene00012649,1
WBGene00007722,4
WBGene00003698,4
WBGene00019961,9
WBGene00019163,9
WBGene00009994,9
WBGene00011804,1
WBGene00000142,1
WBGene00010726,9
WBGene00007191,8
WBGene00006802,9
WBGene00011263,8
WBGene00017429,2
WBGene00011637,1
WBGene00018405,5
WBGene00022696,8
WBGene00008415,5
WBGene00020026,1
WBGene00004143,1
WBGene00002128,1
WBGene00007022,1
WBGene00003224,9
WBGene00012558,6
WBGene00010354,5
WBGene00010562,9
WBGene00015395,2
WBGene00019763,9
WBGene00009667,8
WBGene00008595,1
WBGene00004497,6
WBGene00018133,0
WBGene00022125,5
WBGene00004748,2
WBGene00001820,1
WBGene00020320,9
WBGene00006947,9
WBGene00012930,2
WBGene00009294,6
WBGene00009101,2
WBGene00013234,8
WBGene00001500,9
WBGene00003713,2
WBGene00006524,9
WBGene00014255,2
WBGene00138711,2
WBGene00019261,2
WBGene00044029,2
WBGene00022376,6
WBGene00045275,1
WBGene00219309,9
WBGene00012029,9
WBGene00010370,1
WBGene00008740,1
WBGene00018879,8
WBGene00010205,1
WBGene00006729,1
WBGene00003186,1
WBGene00013569,3
WBGene00011613,8
WBGene00000214,1
WBGene00008809,5
WBGene00022337,5
WBGene00017866,1
WBGene00012496,1
WBGene00003592,1
WBGene00000513,6
WBGene00010724,5
WBGene00018397,9
WBGene00023491,1
WBGene00000407,1
WBGene00002196,1
WBGene00019122,1
WBGene00013446,9
WBGene00004245,1
WBGene00011339,1
WBGene00007679,1
WBGene00000186,8
WBGene00009320,1
WBGene00016555,3
WBGene00008509,1
WBGene00044297,7
WBGene00002891,9
WBGene00011969,8
WBGene00018684,7
WBGene00015849,7
WBGene00020690,2
WBGene00001867,9
WBGene00022374,6
WBGene00015582,1
WBGene00016797,9
WBGene00001533,7
WBGene00020270,1
WBGene00019394,2
WBGene00012241,1
WBGene00010680,5
WBGene00044553,4
WBGene00012582,2
WBGene00008320,7
WBGene00006773,1
WBGene00206371,9
WBGene00001249,1
WBGene00012597,2
WBGene00014074,4
WBGene00044557,2
WBGene00018092,1
WBGene00008904,2
WBGene00006582,2
WBGene00017066,4
WBGene00022887,9
WBGene00018061,1
WBGene00006452,8
WBGene00016166,9
WBGene00043992,7
WBGene00012128,4
WBGene00021562,9
WBGene00006690,1
WBGene00015377,1
WBGene00007849,8
WBGene00006987,8
WBGene00020893,6
WBGene00011923,2
WBGene00011191,7
WBGene00000085,8
WBGene00021103,1
WBGene00012188,6
WBGene00008606,1
WBGene00044345,1
WBGene00008173,9
WBGene00005670,2
WBGene00016907,8
WBGene00011695,8
WBGene00014226,8
WBGene00016315,8
WBGene00020464,1
WBGene00013201,9
WBGene00006349,1
WBGene00021305,1
WBGene00011376,6
WBGene00015146,6
WBGene00000448,2
WBGene00044423,5
WBGene00007964,2
WBGene00012365,1
WBGene00010082,7
WBGene00013104,5
WBGene00001777,7
WBGene00020236,8
WBGene00018491,9
WBGene00007885,5
WBGene00017543,2
WBGene00019729,1
WBGene00017082,1
WBGene00010403,1
WBGene00004061,1
WBGene00019068,9
WBGene00011399,9
WBGene00022326,7
WBGene00020566,5
WBGene00008802,2
WBGene00022498,5
WBGene00021262,5
WBGene00021160,1
WBGene00013489,5
WBGene00021986,2
WBGene00007404,2
WBGene00008094,5
WBGene00009064,1
WBGene00009881,2
WBGene00017027,5
WBGene00001039,9
WBGene00004106,7
WBGene00007495,2
WBGene00019180,8
WBGene00012631,2
WBGene00009222,8
WBGene00021311,1
WBGene00015176,9
WBGene00006527,8
WBGene00008068,9
WBGene00016337,1
WBGene00000284,7
WBGene00001526,5
WBGene00020321,7
WBGene00020824,1
WBGene00022054,1
WBGene00004002,9
WBGene00009400,9
WBGene00010790,4
WBGene00015161,2
WBGene00012363,1
WBGene00017642,6
WBGene00007548,2
WBGene00018067,9
WBGene00004087,1
WBGene00043067,2
WBGene00001765,5
WBGene00020637,3
WBGene00009242,7
WBGene00019600,1
WBGene00021343,2
WBGene00021755,2
WBGene00015531,2
WBGene00022454,8
WBGene00002040,7
WBGene00013350,1
WBGene00021515,2
WBGene00012121,1
WBGene00022379,6
WBGene00009388,2
WBGene00010737,5
WBGene00005664,2
WBGene00005422,2
WBGene00008804,2
WBGene00006843,2
WBGene00007651,7
WBGene00008142,8
WBGene00000584,8
WBGene00302998,9
WBGene00015105,6
WBGene00004679,6
WBGene00015081,2
WBGene00001699,5
WBGene00008477,5
WBGene00022867,2
WBGene00077643,1
WBGene00023405,9
WBGene00015167,9
WBGene00021272,2
WBGene00017742,9
WBGene00008165,9
WBGene00022499,6
WBGene00017628,2
WBGene00016423,6
WBGene00010770,7
WBGene00020684,8
WBGene00016568,8
WBGene00017983,5
WBGene00004446,6
WBGene00044720,6
WBGene00044389,8
WBGene00013758,8
WBGene00022501,9
WBGene00019478,2
WBGene00019963,9
WBGene00016686,5
WBGene00013962,2
WBGene00021923,9
WBGene00020762,2
WBGene00018465,2
WBGene00003994,9
WBGene00006561,5
WBGene00016314,5
WBGene00015223,3
WBGene00003938,2
WBGene00003961,1
WBGene00009058,9
WBGene00009350,2
WBGene00012734,1
WBGene00195212,8
WBGene00011087,1
WBGene00001432,9
WBGene00013298,8
WBGene00009729,7
WBGene00022073,1
WBGene00007412,9
WBGene00016769,9
WBGene00011250,2
WBGene00021510,7
WBGene00010297,2
WBGene00023520,8
WBGene00018043,2
WBGene00018352,3
WBGene00008831,2
WBGene00016792,7
WBGene00001547,4
WBGene00009172,2
WBGene00019552,9
WBGene00000484,8
WBGene00005163,2
WBGene00020150,9
WBGene00003688,5
WBGene00044666,9
WBGene00219493,3
WBGene00008868,1
WBGene00017778,2
WBGene00000210,6
WBGene00011729,1
WBGene00000960,7
WBGene00021589,2
WBGene00015755,6
WBGene00021183,5
WBGene00016725,1
WBGene00018640,6
WBGene00021564,9
WBGene00009073,9
WBGene00009523,2
WBGene00007482,2
WBGene00011503,1
WBGene00004093,3
WBGene00015839,3
WBGene00016419,2
WBGene00001886,5
WBGene00008691,7
WBGene00015238,6
WBGene00008920,6
WBGene00014076,2
WBGene00010592,8
WBGene00020419,9
WBGene00001135,7
WBGene00015186,2
WBGene00022004,2
WBGene00004975,0
WBGene00016329,7
WBGene00013259,1
WBGene00012901,2
WBGene00003006,1
WBGene00015115,2
WBGene00010089,6
WBGene00009461,9
WBGene00009023,2
WBGene00021914,1
WBGene00020230,9
WBGene00008390,9
WBGene00018576,1
WBGene00011308,9
WBGene00007144,9
WBGene00009457,7
WBGene00000890,0
WBGene00012337,1
WBGene00235315,2
WBGene00001153,9
WBGene00008952,8
WBGene00009495,9
WBGene00019262,2
WBGene00016989,1
WBGene00022145,8
WBGene00019652,2
WBGene00019753,8
WBGene00004452,6
WBGene00021666,8
WBGene00015532,5
WBGene00044296,9
WBGene00010765,2
WBGene00044289,2
WBGene00011221,7
WBGene00015934,7
WBGene00022351,1
WBGene00007388,1
WBGene00000241,7
WBGene00002225,9
WBGene00010597,5
WBGene00014182,1
WBGene00012462,5
WBGene00015823,9
WBGene00008729,1
WBGene00003996,9
WBGene00021548,6
WBGene00016592,9
WBGene00017010,8
WBGene00015426,5
WBGene00015842,7
WBGene00003526,7
WBGene00009943,9
WBGene00020485,2
WBGene00001918,5
WBGene00022850,6
WBGene00020977,9
WBGene00021641,2
WBGene00016927,2
WBGene00010806,2
WBGene00020380,5
WBGene00001651,9
WBGene00009025,7
WBGene00000678,4
WBGene00010521,1
WBGene00001038,1
WBGene00009107,7
WBGene00004886,9
WBGene00018714,9
WBGene00008262,6
WBGene00014159,8
WBGene00018857,1
WBGene00013180,5
WBGene00018710,1
WBGene00021502,1
WBGene00006714,9
WBGene00006641,2
WBGene00013967,9
WBGene00012193,4
WBGene00000523,1
WBGene00020094,1
WBGene00003976,5
WBGene00004040,2
WBGene00194674,2
WBGene00010399,2
WBGene00008442,9
WBGene00020358,3
WBGene00022670,1
WBGene00001509,7
WBGene00003570,2
WBGene00003370,2
WBGene00022530,7
WBGene00010552,7
WBGene00022283,9
WBGene00015700,2
WBGene00002064,1
WBGene00010238,9
WBGene00010659,2
WBGene00016152,9
WBGene00020801,2
WBGene00004314,1
WBGene00017770,8
WBGene00005020,9
WBGene00020760,5
WBGene00003407,1
WBGene00011532,9
WBGene00007689,2
WBGene00009930,2
WBGene00015171,9
WBGene00011757,9
WBGene00007672,8
WBGene00010525,1
WBGene00022791,1
WBGene00016544,1
WBGene00021980,2
WBGene00008797,9
WBGene00012821,8
WBGene00009259,9
WBGene00017842,1
WBGene00020491,1
WBGene00009452,2
WBGene00008140,9
WBGene00015163,2
WBGene00008319,2
WBGene00014165,9
WBGene00000880,9
WBGene00012478,9
WBGene00015028,2
WBGene00007423,5
WBGene00009678,1
WBGene00018611,8
WBGene00008418,1
WBGene00010585,2
WBGene00013713,2
WBGene00021795,2
WBGene00044072,1
WBGene00044342,8
WBGene00009451,9
WBGene00003849,2
WBGene00013608,2
WBGene00015527,5
WBGene00000454,8
WBGene00010096,2
WBGene00009192,2
WBGene00020064,9
WBGene00004223,1
WBGene00007445,5
WBGene00006478,9
WBGene00019959,6
WBGene00044483,9
WBGene00011143,1
WBGene00018311,8
WBGene00011333,1
WBGene00019471,2
WBGene00086560,3
WBGene00010631,1
WBGene00044440,5
WBGene00003993,9
WBGene00021419,1
WBGene00021985,1
WBGene00004341,9
WBGene00006404,5
WBGene00019508,0
WBGene00019069,7
WBGene00020365,9
WBGene00016397,2
WBGene00021163,5
WBGene00022564,1
WBGene00007261,1
WBGene00003878,7
WBGene00017703,9
WBGene00303011,2
WBGene00013456,7
WBGene00009587,2
WBGene00007431,9
WBGene00009060,2
WBGene00022413,9
WBGene00017854,2
WBGene00014141,9
WBGene00009977,9
WBGene00007242,6
WBGene00012408,1
WBGene00004753,1
WBGene00019391,2
WBGene00011451,9
WBGene00007774,1
WBGene00019328,1
WBGene00012852,7
WBGene00008432,2
WBGene00021349,7
WBGene00018966,5
WBGene00020403,1
WBGene00022534,1
WBGene00012756,9
WBGene00019630,9
WBGene00003651,5
WBGene00015671,5
WBGene00017565,2
WBGene00019549,7
WBGene00012073,1
WBGene00018398,9
WBGene00010140,1
WBGene00014109,2
WBGene00008964,9
WBGene00011273,6
WBGene00011136,7
WBGene00015424,9
WBGene00019769,9
WBGene00050937,9
WBGene00012715,1
WBGene00007135,1
WBGene00013576,8
WBGene00001942,5
WBGene00004033,8
WBGene00003825,1
WBGene00013541,5
WBGene00001684,9
WBGene00013353,7
WBGene00012730,1
WBGene00019129,8
WBGene00011495,2
WBGene00018912,5
WBGene00013878,5
WBGene00020225,2
WBGene00012394,2
WBGene00008117,2
WBGene00008065,8
WBGene00077761,2
WBGene00015567,8
WBGene00020281,1
WBGene00011047,1
WBGene00019080,2
WBGene00022043,1
WBGene00008767,1
WBGene00044304,7
WBGene00009188,1
WBGene00016574,8
WBGene00009686,9
WBGene00008212,6
WBGene00008302,3
WBGene00013352,9
WBGene00001584,1
WBGene00000991,9
WBGene00011595,2
WBGene00012698,9
WBGene00013980,5
WBGene00019677,9
WBGene00021687,1
WBGene00015135,1
WBGene00015561,2
WBGene00011678,5
WBGene00005021,1
WBGene00022456,2
WBGene00017011,6
WBGene00017568,9
WBGene00016381,1
WBGene00011330,5
WBGene00013762,2
WBGene00013243,7
WBGene00022838,8
WBGene00019754,1
WBGene00000500,8
WBGene00002211,2
WBGene00000122,9
WBGene00008316,1
WBGene00022661,5
WBGene00011581,2
WBGene00022138,1
WBGene00010416,1
WBGene00008956,2
WBGene00022677,2
WBGene00004403,1
WBGene00011930,9
WBGene00017120,2
WBGene00008034,2
WBGene00012768,9
WBGene00022427,2
WBGene00006658,9
WBGene00021319,9
WBGene00010331,5
WBGene00018918,9
WBGene00002068,9
WBGene00016260,5
WBGene00018070,9
WBGene00013284,5
WBGene00009876,9
WBGene00010626,9
WBGene00007234,9
WBGene00007868,7
WBGene00045357,9
WBGene00014101,7
WBGene00002251,1
WBGene00001895,5
WBGene00010454,5
WBGene00022562,3
WBGene00007635,7
WBGene00020149,5
WBGene00022812,2
WBGene00008255,7
WBGene00022248,8
WBGene00044651,1
WBGene00020361,2
WBGene00009258,5
WBGene00010074,2
WBGene00009450,9
WBGene00010907,2
WBGene00018103,2
WBGene00010296,9
WBGene00004225,2
WBGene00022410,7
WBGene00019847,7
WBGene00195084,1
WBGene00010340,1
WBGene00000647,9
WBGene00010667,7
WBGene00016418,1
WBGene00006657,7
WBGene00019360,9
WBGene00045382,5
WBGene00019496,5
WBGene00001680,5
WBGene00000292,9
WBGene00013822,2
WBGene00004470,6
WBGene00044774,8
WBGene00020101,1
WBGene00235287,8
WBGene00016564,6
WBGene00017976,9
WBGene00015074,7
WBGene00011916,1
WBGene00020509,2
WBGene00018544,9
WBGene00007711,2
WBGene00014215,5
WBGene00020823,6
WBGene00002991,1
WBGene00018355,2
WBGene00009931,2
WBGene00004152,2
WBGene00045050,1
WBGene00021204,7
WBGene00008587,8
WBGene00004498,6
WBGene00016503,5
WBGene00010357,2
WBGene00021511,5
WBGene00000458,2
WBGene00011584,2
WBGene00014052,9
WBGene00020082,9
WBGene00018741,6
WBGene00019484,2
WBGene00044313,2
WBGene00010310,2
WBGene00010971,7
WBGene00044459,2
WBGene00000976,1
WBGene00020023,5
WBGene00002974,9
WBGene00001070,9
WBGene00019346,1
WBGene00008369,1
WBGene00008318,1
WBGene00016069,1
WBGene00255605,7
WBGene00015975,1
WBGene00003401,7
WBGene00009677,2
WBGene00016990,9
WBGene00002008,9
WBGene00045215,2
WBGene00013506,1
WBGene00011964,7
WBGene00021205,7
WBGene00022453,6
WBGene00007710,1
WBGene00003970,8
WBGene00022720,8
WBGene00022013,1
WBGene00011367,9
WBGene00006393,6
WBGene00003043,7
WBGene00015963,5
WBGene00021395,2
WBGene00010741,7
WBGene00011368,1
WBGene00001898,9
WBGene00015914,7
WBGene00014300,5
WBGene00019009,2
WBGene00006619,7
WBGene00017073,6
WBGene00006679,1
WBGene00017017,2
WBGene00022527,7
WBGene00012994,1
WBGene00020019,7
WBGene00008002,7
WBGene00194849,7
WBGene00020447,2
WBGene00044435,9
WBGene00012899,8
WBGene00012948,8
WBGene00011090,5
WBGene00000970,2
WBGene00017367,2
WBGene00016942,1
WBGene00022623,7
WBGene00206485,5
WBGene00011069,7
WBGene00007941,1
WBGene00001596,1
WBGene00017092,1
WBGene00010879,9
WBGene00011896,7
WBGene00010698,9
WBGene00001112,1
WBGene00206529,2
WBGene00021362,1
WBGene00012107,5
WBGene00023519,2
WBGene00016432,8
WBGene00043057,9
WBGene00004492,6
WBGene00005063,5
WBGene00011207,3
WBGene00018586,2
WBGene00001702,5
WBGene00021193,3
WBGene00015747,2
WBGene00013011,1
WBGene00001817,9
WBGene00009346,1
WBGene00304203,2
WBGene00013358,9
WBGene00012529,1
WBGene00015122,5
WBGene00019503,1
WBGene00018337,9
WBGene00007267,9
WBGene00019603,2
WBGene00011545,8
WBGene00013490,8
WBGene00016551,6
WBGene00021835,9
WBGene00008300,5
WBGene00022329,5
WBGene00185102,9
WBGene00002982,2
WBGene00012943,1
WBGene00004855,9
WBGene00045305,1
WBGene00000952,9
WBGene00004049,9
WBGene00009810,7
WBGene00012201,9
WBGene00016619,8
WBGene00001811,5
WBGene00020096,8
WBGene00009799,7
WBGene00013718,2
WBGene00004453,6
WBGene00010202,5
WBGene00010481,6
WBGene00001995,1
WBGene00009560,2
WBGene00015484,5
WBGene00012245,8
WBGene00018706,4
WBGene00013828,2
WBGene00003916,2
WBGene00011226,9
WBGene00013518,7
WBGene00022577,1
WBGene00004310,5
WBGene00020259,6
WBGene00009919,1
WBGene00016811,9
WBGene00012566,2
WBGene00007390,9
WBGene00022883,1
WBGene00006811,7
WBGene00269432,8
WBGene00007469,8
WBGene00016979,1
WBGene00003480,5
WBGene00021028,5
WBGene00021188,2
WBGene00007873,6
WBGene00011423,7
WBGene00013443,1
WBGene00020311,9
WBGene00018991,2
WBGene00020500,1
WBGene00020761,5
WBGene00003010,1
WBGene00008747,8
WBGene00018219,7
WBGene00010288,1
WBGene00008078,1
WBGene00011305,5
WBGene00017929,9
WBGene00009306,1
WBGene00011973,9
WBGene00007434,9
WBGene00010947,9
WBGene00012647,9
WBGene00008569,2
WBGene00014152,2
WBGene00005362,7
WBGene00044150,7
WBGene00021367,1
WBGene00010882,2
WBGene00019511,5
WBGene00004337,1
WBGene00022448,1
WBGene00000783,5
WBGene00007933,7
WBGene00002994,9
WBGene00007741,2
WBGene00008081,9
WBGene00010311,2
WBGene00010191,7
WBGene00022391,8
WBGene00000418,9
WBGene00044431,6
WBGene00021377,6
WBGene00007470,4
WBGene00014203,1
WBGene00002151,8
WBGene00017507,8
WBGene00015537,3
WBGene00011988,2
WBGene00017103,2
WBGene00269387,2
WBGene00006792,6
WBGene00016266,2
WBGene00007921,1
WBGene00011959,5
WBGene00013552,1
WBGene00013122,9
WBGene00016772,5
WBGene00013379,9
WBGene00007674,3
WBGene00001692,5
WBGene00015569,3
WBGene00012788,9
WBGene00013211,6
WBGene00009161,9
WBGene00010822,5
WBGene00022027,2
WBGene00001757,5
WBGene00044212,3
WBGene00003030,7
WBGene00015903,2
WBGene00000701,7
WBGene00011223,9
WBGene00000815,9
WBGene00022412,2
WBGene00007988,9
WBGene00001920,5
WBGene00007820,2
WBGene00008989,8
WBGene00000283,9
WBGene00008051,2
WBGene00045058,2
WBGene00018700,2
WBGene00020846,2
WBGene00004860,9
WBGene00008127,5
WBGene00017087,1
WBGene00018314,2
WBGene00017124,2
WBGene00020245,9
WBGene00007978,9
WBGene00013093,4
WBGene00011589,6
WBGene00007299,2
WBGene00008861,2
WBGene00001082,1
WBGene00013266,5
WBGene00021104,9
WBGene00020125,1
WBGene00017826,2
WBGene00013591,6
WBGene00015858,7
WBGene00016467,2
WBGene00007053,5
WBGene00015277,5
WBGene00044701,2
WBGene00001835,2
WBGene00012765,1
WBGene00012293,5
WBGene00000038,6
WBGene00000915,9
WBGene00015327,9
WBGene00019116,2
WBGene00017513,7
WBGene00043060,2
WBGene00015559,8
WBGene00004729,9
WBGene00012806,9
WBGene00002855,9
WBGene00019564,2
WBGene00021403,9
WBGene00011723,8
WBGene00006396,0
WBGene00006910,9
WBGene00016360,5
WBGene00015897,2
WBGene00001546,2
WBGene00016546,2
WBGene00017908,5
WBGene00017284,1
WBGene00019240,9
WBGene00003386,2
WBGene00013167,9
WBGene00013387,9
WBGene00013555,5
WBGene00020104,1
WBGene00006677,7
WBGene00021123,8
WBGene00003413,9
WBGene00011019,2
WBGene00004207,9
WBGene00000162,1
WBGene00012276,9
WBGene00006949,4
WBGene00009027,1
WBGene00010678,9
WBGene00011956,2
WBGene00020086,2
WBGene00020652,2
WBGene00009480,5
WBGene00012528,2
WBGene00044353,2
WBGene00004758,5
WBGene00020678,7
WBGene00020275,6
WBGene00012791,8
WBGene00011075,7
WBGene00016801,2
WBGene00008180,9
WBGene00021602,9
WBGene00011382,2
WBGene00019972,9
WBGene00006443,9
WBGene00021190,9
WBGene00000395,0
WBGene00016674,1
WBGene00010321,2
WBGene00012308,2
WBGene00017909,1
WBGene00010150,2
WBGene00001891,5
WBGene00002220,1
WBGene00003898,1
WBGene00011410,9
WBGene00019649,7
WBGene00000071,1
WBGene00018804,2
WBGene00013040,2
WBGene00004773,8
WBGene00006352,2
WBGene00000425,5
WBGene00010813,5
WBGene00010248,2
WBGene00019143,2
WBGene00009903,2
WBGene00044421,8
WBGene00019285,2
WBGene00000004,8
WBGene00011487,6
WBGene00019396,1
WBGene00019444,2
WBGene00001116,9
WBGene00009676,2
WBGene00022845,9
WBGene00004404,9
WBGene00012272,2
WBGene00006374,8
WBGene00016750,9
WBGene00004831,9
WBGene00019550,9
WBGene00015574,2
WBGene00004184,2
WBGene00004062,6
WBGene00015922,1
WBGene00002132,2
WBGene00019460,9
WBGene00004912,8
WBGene00019849,9
WBGene00003613,2
WBGene00271606,8
WBGene00044570,8
WBGene00021269,9
WBGene00044989,1
WBGene00011960,2
WBGene00044898,9
WBGene00011807,1
WBGene00006279,8
WBGene00008152,2
WBGene00009601,2
WBGene00001236,1
WBGene00003218,1
WBGene00206374,5
WBGene00001253,1
WBGene00000934,7
WBGene00006999,9
WBGene00002174,2
WBGene00019200,2
WBGene00008220,2
WBGene00002004,5
WBGene00020580,5
WBGene00206538,5
WBGene00016626,1
WBGene00021998,2
WBGene00009156,2
WBGene00005653,7
WBGene00011396,2
WBGene00008130,8
WBGene00009915,9
WBGene00000491,2
WBGene00013440,5
WBGene00006809,7
WBGene00008008,2
WBGene00011067,1
WBGene00009219,6
WBGene00006951,1
WBGene00004905,9
WBGene00003578,1
WBGene00044780,5
WBGene00269433,9
WBGene00003627,5
WBGene00009331,2
WBGene00004397,1
WBGene00271788,2
WBGene00000075,6
WBGene00020954,5
WBGene00001745,9
WBGene00001510,2
WBGene00044663,3
WBGene00013727,9
WBGene00001147,6
WBGene00008073,8
WBGene00001490,9
WBGene00019060,5
WBGene00010649,9
WBGene00021539,1
WBGene00022003,7
WBGene00014118,8
WBGene00017964,2
WBGene00007024,5
WBGene00021161,2
WBGene00003225,1
WBGene00014151,5
WBGene00010275,5
WBGene00013903,7
WBGene00013094,9
WBGene00014030,2
WBGene00019097,5
WBGene00014965,1
WBGene00009490,2
WBGene00018935,9
WBGene00001589,9
WBGene00004050,6
WBGene00016912,3
WBGene00008848,1
WBGene00206418,1
WBGene00077522,5
WBGene00015806,9
WBGene00006918,9
WBGene00271830,9
WBGene00022505,2
WBGene00012807,9
WBGene00001040,9
WBGene00007627,2
WBGene00044646,5
WBGene00010732,9
WBGene00015049,2
WBGene00008022,9
WBGene00017260,7
WBGene00000457,7
WBGene00015098,9
WBGene00009735,9
WBGene00018330,9
WBGene00018974,1
WBGene00016319,9
WBGene00007534,2
WBGene00008542,9
WBGene00004743,1
WBGene00016059,2
WBGene00010308,5
WBGene00000720,9
WBGene00007723,2
WBGene00010050,9
WBGene00017864,2
WBGene00019067,2
WBGene00013963,2
WBGene00011811,2
WBGene00007515,2
WBGene00020008,5
WBGene00010385,2
WBGene00005019,9
WBGene00009369,9
WBGene00010632,5
WBGene00000597,7
WBGene00001960,5
WBGene00044387,7
WBGene00016514,2
WBGene00022354,2
WBGene00015008,2
WBGene00013574,5
WBGene00001150,2
WBGene00001545,5
WBGene00000466,2
WBGene00017934,9
WBGene00020663,2
WBGene00020588,1
WBGene00017298,2
WBGene00086558,5
WBGene00018678,9
WBGene00086566,1
WBGene00044082,2
WBGene00017144,2
WBGene00022690,1
WBGene00010810,5
WBGene00015789,1
WBGene00018527,1
WBGene00009174,2
WBGene00003807,2
WBGene00018985,9
WBGene00016425,5
WBGene00006721,1
WBGene00000467,9
WBGene00022642,9
WBGene00002324,1
WBGene00007076,8
WBGene00012906,7
WBGene00007617,9
WBGene00003625,5
WBGene00013819,9
WBGene00009091,2
WBGene00012762,1
WBGene00012084,2
WBGene00009730,2
WBGene00012514,7
WBGene00044903,9
WBGene00086557,2
WBGene00004824,9
WBGene00015485,9
WBGene00017164,2
WBGene00010742,9
WBGene00021901,9
WBGene00011720,7
WBGene00011209,9
WBGene00044360,9
WBGene00010077,9
WBGene00017625,5
WBGene00021000,9
WBGene00011622,5
WBGene00001470,1
WBGene00018595,2
WBGene00006646,8
WBGene00009625,2
WBGene00015307,2
WBGene00020673,2
WBGene00013836,8
WBGene00015505,2
WBGene00019019,5
WBGene00020709,9
WBGene00001978,1
WBGene00021127,8
WBGene00012589,9
WBGene00002095,9
WBGene00021977,5
WBGene00021736,1
WBGene00011522,9
WBGene00022400,7
WBGene00011610,5
WBGene00003239,9
WBGene00016020,9
WBGene00001988,7
WBGene00011886,9
WBGene00010750,9
WBGene00003166,7
WBGene00007367,9
WBGene00010661,5
WBGene00017900,9
WBGene00017076,2
WBGene00006055,7
WBGene00008372,2
WBGene00008331,1
WBGene00010446,5
WBGene00015739,9
WBGene00020010,2
WBGene00010754,2
WBGene00010436,6
WBGene00015156,5
WBGene00021396,6
WBGene00013658,2
WBGene00021676,9
WBGene00044467,5
WBGene00009176,2
WBGene00012032,1
WBGene00016639,9
WBGene00000371,6
WBGene00011979,9
WBGene00011952,9
WBGene00194742,9
WBGene00018819,7
WBGene00019227,1
WBGene00021314,8
WBGene00009544,2
WBGene00010647,6
WBGene00010563,9
WBGene00014123,9
WBGene00021557,8
WBGene00021391,9
WBGene00016373,9
WBGene00016333,9
WBGene00020183,9
WBGene00005008,5
WBGene00019943,9
WBGene00001900,5
WBGene00018268,8
WBGene00018250,5
WBGene00010842,9
WBGene00016601,6
WBGene00012748,5
WBGene00013480,7
WBGene00017000,1
WBGene00019776,8
WBGene00020099,9
WBGene00019867,2
WBGene00009549,7
WBGene00045482,2
WBGene00011217,2
WBGene00013839,2
WBGene00014232,7
WBGene00018189,2
WBGene00007758,5
WBGene00003655,5
WBGene00008281,1
WBGene00015471,5
WBGene00000246,6
WBGene00001705,5
WBGene00020408,9
WBGene00021987,2
WBGene00000797,8
WBGene00000056,2
WBGene00009780,2
WBGene00007907,9
WBGene00000763,7
WBGene00016703,5
WBGene00019624,2
WBGene00017036,7
WBGene00017397,9
WBGene00001127,2
WBGene00011880,9
WBGene00020222,9
WBGene00045249,1
WBGene00009736,1
WBGene00008726,2
WBGene00021781,2
WBGene00018587,5
WBGene00021344,7
WBGene00004893,1
WBGene00195142,7
WBGene00021936,9
WBGene00006928,9
WBGene00001594,5
WBGene00006669,5
WBGene00011852,9
WBGene00010514,9
WBGene00019428,7
WBGene00007982,2
WBGene00009090,9
WBGene00011762,9
WBGene00015720,7
WBGene00019139,7
WBGene00012441,2
WBGene00021913,1
WBGene00255600,1
WBGene00011055,1
WBGene00016363,2
WBGene00001786,9
WBGene00001489,5
WBGene00018646,5
WBGene00009455,9
WBGene00022142,5
WBGene00020051,2
WBGene00016565,2
WBGene00022825,5
WBGene00016622,7
WBGene00017243,5
WBGene00000745,9
WBGene00006840,1
WBGene00011965,1
WBGene00021208,2
WBGene00000975,5
WBGene00008656,2
WBGene00018328,1
WBGene00018137,9
WBGene00010497,9
WBGene00018665,7
WBGene00009200,9
WBGene00010507,8
WBGene00012268,2
WBGene00007321,8
WBGene00010031,9
WBGene00017100,2
WBGene00020705,2
WBGene00008448,2
WBGene00009393,3
WBGene00003555,5
WBGene00021704,8
WBGene00012947,5
WBGene00007471,7
WBGene00007348,1
WBGene00000410,9
WBGene00022112,2
WBGene00020090,8
WBGene00005147,2
WBGene00016380,1
WBGene00011473,7
WBGene00006388,7
WBGene00007384,9
WBGene00009843,1
WBGene00016621,2
WBGene00015536,2
WBGene00004131,8
WBGene00014227,1
WBGene00023431,8
WBGene00013336,5
WBGene00012781,9
WBGene00003511,9
WBGene00013964,2
WBGene00044322,6
WBGene00020390,7
WBGene00019518,2
WBGene00021210,7
WBGene00006566,9
WBGene00013866,1
WBGene00001893,5
WBGene00007835,5
WBGene00000173,1
WBGene00007013,9
WBGene00016647,9
WBGene00010986,8
WBGene00007163,9
WBGene00001778,5
WBGene00219451,9
WBGene00016665,2
WBGene00020904,8
WBGene00000135,5
WBGene00017239,9
WBGene00007542,2
WBGene00011115,9
WBGene00017767,1
WBGene00005716,2
WBGene00304808,2
WBGene00000143,6
WBGene00012622,2
WBGene00000082,2
WBGene00044921,2
WBGene00014914,9
WBGene00016705,9
WBGene00001618,9
WBGene00009312,7
WBGene00022457,5
WBGene00009522,2
WBGene00011858,5
WBGene00014073,7
WBGene00020378,9
WBGene00001429,1
WBGene00007841,9
WBGene00004456,6
WBGene00018153,2
WBGene00000096,7
WBGene00044742,5
WBGene00044144,8
WBGene00044117,1
WBGene00011869,2
WBGene00013188,9
WBGene00015557,9
WBGene00000839,1
WBGene00009453,5
WBGene00008613,2
WBGene00018016,9
WBGene00001554,8
WBGene00007349,2
WBGene00016648,9
WBGene00012927,9
WBGene00000145,1
WBGene00000964,9
WBGene00013334,7
WBGene00008230,5
WBGene00018099,8
WBGene00011996,2
WBGene00077692,5
WBGene00002272,5
WBGene00020575,2
WBGene00000641,2
WBGene00077539,2
WBGene00022823,2
WBGene00015037,9
WBGene00020942,1
WBGene00008706,2
WBGene00004126,5
WBGene00004988,9
WBGene00022434,9
WBGene00020047,5
WBGene00012391,9
WBGene00018229,9
WBGene00018738,9
WBGene00020544,8
WBGene00004390,9
WBGene00015473,9
WBGene00022460,1
WBGene00012818,7
WBGene00003590,5
WBGene00016724,5
WBGene00008266,2
WBGene00012151,2
WBGene00001713,9
WBGene00013028,2
WBGene00004790,9
WBGene00019895,9
WBGene00006477,1
WBGene00010666,5
WBGene00017142,2
WBGene00001892,5
WBGene00013742,2
WBGene00000979,9
WBGene00044788,5
WBGene00008007,7
WBGene00013098,7
WBGene00006779,5
WBGene00003839,2
WBGene00013934,7
WBGene00022247,9
WBGene00000789,2
WBGene00077679,9
WBGene00022573,9
WBGene00044949,2
WBGene00015336,9
WBGene00001437,8
WBGene00008553,9
WBGene00004781,9
WBGene00015933,9
WBGene00001929,5
WBGene00018142,9
WBGene00006363,5
WBGene00018221,1
WBGene00006782,5
WBGene00016038,2
WBGene00011133,7
WBGene00018828,1
WBGene00012435,8
WBGene00020280,9
WBGene00011859,2
WBGene00004273,2
WBGene00014106,9
WBGene00009117,9
WBGene00021421,1
WBGene00006461,9
WBGene00011838,5
WBGene00008256,8
WBGene00006324,1
WBGene00003642,9
WBGene00012456,3
WBGene00009180,2
WBGene00019030,1
WBGene00004347,5
WBGene00000662,2
WBGene00013160,9
WBGene00012105,9
WBGene00019012,7
WBGene00008695,7
WBGene00020834,2
WBGene00006533,9
WBGene00194998,2
WBGene00019997,2
WBGene00010574,7
WBGene00020318,7
WBGene00013439,2
WBGene00021131,9
WBGene00000193,2
WBGene00012370,6
WBGene00002017,9
WBGene00011123,1
WBGene00007557,9
WBGene00021978,5
WBGene00013957,5
WBGene00019001,5
WBGene00011500,7
WBGene00022881,9
WBGene00011236,9
WBGene00021547,2
WBGene00004402,3
WBGene00013419,5
WBGene00012920,8
WBGene00195045,9
WBGene00011809,2
WBGene00002227,7
WBGene00001946,9
WBGene00000116,5
WBGene00018383,9
WBGene00007483,9
WBGene00001930,5
WBGene00020997,2
WBGene00019231,5
WBGene00011258,2
WBGene00009166,5
WBGene00194926,5
WBGene00015110,5
WBGene00012393,6
WBGene00016165,7
WBGene00206355,7
WBGene00016495,9
WBGene00017150,7
WBGene00017255,2
WBGene00021034,5
WBGene00008314,2
WBGene00004120,1
WBGene00011044,9
WBGene00003687,5
WBGene00009277,7
WBGene00016710,9
WBGene00016450,9
WBGene00015810,1
WBGene00008197,2
WBGene00021910,2
WBGene00018520,9
WBGene00018395,1
WBGene00006519,9
WBGene00001043,1
WBGene00010583,6
WBGene00013830,7
WBGene00014036,2
WBGene00006882,1
WBGene00014035,9
WBGene00195093,9
WBGene00021581,2
WBGene00008099,3
WBGene00001263,9
WBGene00001666,5
WBGene00013140,1
WBGene00011231,7
WBGene00015750,2
WBGene00008279,9
WBGene00044204,9
WBGene00009307,6
WBGene00001362,9
WBGene00022603,2
WBGene00005182,2
WBGene00018144,9
WBGene00009793,1
WBGene00013224,2
WBGene00000507,9
WBGene00009867,2
WBGene00006444,2
WBGene00008994,7
WBGene00006777,5
WBGene00014060,1
WBGene00008975,2
WBGene00008095,5
WBGene00019667,7
WBGene00007702,6
WBGene00007297,3
WBGene00017985,8
WBGene00003022,6
WBGene00014262,2
WBGene00015478,2
WBGene00012155,9
WBGene00018478,9
WBGene00003886,2
WBGene00015984,1
WBGene00012112,9
WBGene00007014,9
WBGene00013109,9
WBGene00003243,2
WBGene00008005,9
WBGene00012348,2
WBGene00020467,5
WBGene00006353,9
WBGene00008570,2
WBGene00000717,1
WBGene00019828,7
WBGene00015299,2
WBGene00043279,5
WBGene00002059,9
WBGene00022704,9
WBGene00006368,9
WBGene00021109,9
WBGene00020743,9
WBGene00013876,9
WBGene00018565,9
WBGene00016045,9
WBGene00013998,9
WBGene00016985,8
WBGene00016871,1
WBGene00017971,9
WBGene00001771,9
WBGene00017537,9
WBGene00019803,9
WBGene00014055,2
WBGene00000814,3
WBGene00003111,9
WBGene00016120,2
WBGene00004759,5
WBGene00005127,2
WBGene00013844,5
WBGene00021209,1
WBGene00000216,5
WBGene00019213,9
WBGene00009902,9
WBGene00001719,9
WBGene00011352,7
WBGene00021867,1
WBGene00017755,9
WBGene00011109,9
WBGene00015386,5
WBGene00016424,5
WBGene00018771,5
WBGene00015741,2
WBGene00010128,9
WBGene00019519,7
WBGene00013710,5
WBGene00012616,2
WBGene00012372,5
WBGene00022111,5
WBGene00021201,8
WBGene00015768,5
WBGene00303233,2
WBGene00006568,1
WBGene00019400,9
WBGene00001557,7
WBGene00016892,9
WBGene00005988,2
WBGene00016323,9
WBGene00017512,8
WBGene00000008,2
WBGene00000795,9
WBGene00010608,2
WBGene00010272,5
WBGene00010781,7
WBGene00007340,5
WBGene00013609,2
WBGene00001095,9
WBGene00004375,5
WBGene00004354,2
WBGene00020779,9
WBGene00044143,8
WBGene00012802,1
WBGene00012606,5
WBGene00013402,7
WBGene00016244,2
WBGene00017463,2
WBGene00016429,2
WBGene00013884,9
WBGene00018400,5
WBGene00007799,5
WBGene00000217,2
WBGene00021038,2
WBGene00002978,9
WBGene00003726,5
WBGene00012962,5
WBGene00010472,1
WBGene00011990,9
WBGene00015118,9
WBGene00008102,3
WBGene00001443,9
WBGene00011868,5
WBGene00017174,7
WBGene00015310,1
WBGene00023498,7
WBGene00009499,2
WBGene00017658,9
WBGene00009529,5
WBGene00304201,3
WBGene00012269,1
WBGene00007425,2
WBGene00044556,5
WBGene00011293,5
WBGene00007015,9
WBGene00001917,5
WBGene00003547,5
WBGene00017837,1
WBGene00010353,5
WBGene00012452,9
WBGene00012867,1
WBGene00010396,1
WBGene00007670,2
WBGene00021409,3
WBGene00015162,2
WBGene00013959,9
WBGene00010421,9
WBGene00001991,2
WBGene00015125,9
WBGene00019327,8
WBGene00011829,2
WBGene00016106,9
WBGene00014196,2
WBGene00013812,8
WBGene00012838,2
WBGene00003248,2
WBGene00019373,9
WBGene00009475,2
WBGene00235325,2
WBGene00008996,2
WBGene00002881,8
WBGene00010053,9
WBGene00022796,5
WBGene00006638,9
WBGene00009782,5
WBGene00010652,9
WBGene00021405,5
WBGene00000865,1
WBGene00007103,9
WBGene00009672,9
WBGene00021236,9
WBGene00007213,2
WBGene00008019,9
WBGene00013925,9
WBGene00018193,1
WBGene00045297,9
WBGene00007949,9
WBGene00016112,9
WBGene00002019,9
WBGene00010504,9
WBGene00011442,2
WBGene00001673,7
WBGene00009901,5
WBGene00010749,9
WBGene00015787,2
WBGene00019109,5
WBGene00077769,8
WBGene00023404,7
WBGene00020043,2
WBGene00015283,9
WBGene00001926,5
WBGene00044510,2
WBGene00015641,2
WBGene00009031,9
WBGene00008395,9
WBGene00017499,9
WBGene00022252,9
WBGene00021321,9
WBGene00017418,5
WBGene00021580,5
WBGene00007506,5
WBGene00019955,5
WBGene00022402,2
WBGene00020175,2
WBGene00006712,2
WBGene00017272,2
WBGene00013103,9
WBGene00020955,9
WBGene00011323,1
WBGene00022471,2
WBGene00018313,9
WBGene00006971,7
WBGene00002136,2
WBGene00018074,5
WBGene00019128,5
WBGene00010566,9
WBGene00016623,9
WBGene00021721,5
WBGene00006678,5
WBGene00019296,8
WBGene00009866,5
WBGene00018791,5
WBGene00013261,5
WBGene00007386,9
WBGene00009223,9
WBGene00018117,2
WBGene00001173,2
WBGene00007597,2
WBGene00009271,7
WBGene00009337,7
WBGene00007751,9
WBGene00015626,5
WBGene00016393,9
WBGene00018996,8
WBGene00010620,5
WBGene00016872,5
WBGene00015539,5
WBGene00000230,6
WBGene00006681,1
WBGene00019295,1
WBGene00007009,7
WBGene00018184,5
WBGene00013381,9
WBGene00019565,2
WBGene00023418,2
WBGene00008089,1
WBGene00021768,9
WBGene00008597,2
WBGene00010080,9
WBGene00013147,9
WBGene00013453,5
WBGene00044582,5
WBGene00006543,5
WBGene00008404,9
WBGene00020294,9
WBGene00302986,1
WBGene00003549,5
WBGene00011765,9
WBGene00001371,2
WBGene00018622,7
WBGene00014173,5
WBGene00012137,8
WBGene00011498,9
WBGene00021081,3
WBGene00012135,2
WBGene00000683,2
WBGene00007967,7
WBGene00000269,1
WBGene00008776,9
WBGene00019243,2
WBGene00003859,8
WBGene00008101,9
WBGene00022028,9
WBGene00021223,9
WBGene00002263,7
WBGene00009635,9
WBGene00017650,5
WBGene00010931,9
WBGene00019370,5
WBGene00016073,9
WBGene00008500,5
WBGene00044644,5
WBGene00011885,9
WBGene00005713,5
WBGene00022847,5
WBGene00000935,9
WBGene00015017,9
WBGene00020386,5
WBGene00008476,5
WBGene00000289,5
WBGene00003559,1
WBGene00003091,9
WBGene00007609,5
WBGene00011957,5
WBGene00010646,9
WBGene00017358,1
WBGene00001466,5
WBGene00044375,9
WBGene00017506,9
WBGene00000719,6
WBGene00000526,5
WBGene00009785,5
WBGene00009190,7
WBGene00016763,3
WBGene00007068,5
WBGene00008584,5
WBGene00011528,9
WBGene00010450,9
WBGene00022873,5
WBGene00016511,9
WBGene00006896,9
WBGene00012030,5
WBGene00012280,9
WBGene00017720,5
WBGene00017302,5
WBGene00007620,5
WBGene00006391,9
WBGene00019908,9
WBGene00002097,5
WBGene00006623,7
WBGene00000501,7
WBGene00004000,9
WBGene00001750,5
WBGene00001397,2
WBGene00017078,5
WBGene00304787,9
WBGene00015356,1
WBGene00006309,9
WBGene00012067,9
WBGene00018393,9
WBGene00011453,5
WBGene00012747,9
WBGene00018310,5
WBGene00004771,5
WBGene00017156,5
WBGene00001602,5
WBGene00018939,9
WBGene00012533,9
WBGene00016033,5
WBGene00020364,3
WBGene00001746,5
WBGene00012670,9
WBGene00010940,5
WBGene00011997,5
WBGene00001562,7
WBGene00004435,6
WBGene00001928,5
WBGene00001766,5
WBGene00001609,9
WBGene00019187,5
WBGene00044617,9
WBGene00008599,5
WBGene00020472,5
WBGene00011967,9
WBGene00011821,9
WBGene00017936,9
WBGene00016336,6
WBGene00019299,9
WBGene00003891,5
WBGene00077573,5
WBGene00015783,2
WBGene00009648,9
WBGene00001927,5
WBGene00012921,9
WBGene00008885,5
WBGene00018920,9
WBGene00000781,9
WBGene00022019,2
WBGene00009696,5
WBGene00006611,7
WBGene00015419,5
WBGene00044767,5
WBGene00000163,9
WBGene00004441,6
WBGene00016144,5
WBGene00000841,3
WBGene00010111,1
WBGene00009361,9
WBGene00012856,5
WBGene00007133,3
WBGene00001480,9
WBGene00020741,2
WBGene00000213,9
WBGene00001588,5
WBGene00010654,5
WBGene00007924,9
WBGene00018755,5
WBGene00016013,5
WBGene00020227,3
WBGene00044469,9
WBGene00000522,5
WBGene00019829,5
WBGene00006434,9
WBGene00008168,5
WBGene00012439,2
WBGene00021863,5
WBGene00009454,9
WBGene00019304,5
WBGene00044260,9
WBGene00015324,5
WBGene00016499,2
WBGene00011476,9
WBGene00001669,5
WBGene00005648,5
WBGene00003934,9
WBGene00015280,2
WBGene00001885,5
WBGene00001538,9
WBGene00008917,2
WBGene00015009,9
WBGene00001793,9
WBGene00019846,9
WBGene00001208,9
WBGene00020015,5
WBGene00008265,5
WBGene00022276,9
WBGene00007023,9
WBGene00011388,5
WBGene00021873,2
WBGene00020049,9
WBGene00019660,9
WBGene00021487,9
WBGene00008222,2
WBGene00017257,2
WBGene00006635,9
WBGene00219216,2
WBGene00013611,5
WBGene00013678,6
WBGene00012376,6
WBGene00003369,1
WBGene00014253,5
WBGene00018708,5
WBGene00021582,9
WBGene00011898,5
WBGene00016435,9
WBGene00138724,5
WBGene00018562,5
WBGene00014132,9
WBGene00001925,5
WBGene00004421,6
WBGene00001709,7
WBGene00009334,5
WBGene00018402,5
WBGene00001933,5
WBGene00016649,9
WBGene00009947,9
WBGene00015388,5
WBGene00012492,2
WBGene00018077,1
WBGene00009070,5
WBGene00016806,5
WBGene00008067,5
WBGene00016522,5
WBGene00044743,5
WBGene00000733,9
WBGene00012840,9
WBGene00077684,3
WBGene00016987,9
WBGene00021179,3
WBGene00017717,5
WBGene00009170,9
WBGene00018338,2
WBGene00017795,9
WBGene00004265,7
WBGene00008712,2
WBGene00001901,5
WBGene00016781,9
WBGene00012822,3
WBGene00016657,2
WBGene00004275,9
WBGene00000837,9
WBGene00007956,5
WBGene00002054,5
WBGene00017881,9
WBGene00003371,9
WBGene00077763,5
WBGene00008454,5
WBGene00013634,5
WBGene00005132,5
WBGene00012594,5
WBGene00009433,5
WBGene00044020,5
WBGene00012295,5
WBGene00004896,9
WBGene00003497,5
WBGene00022817,5
WBGene00011101,5
WBGene00019214,9
WBGene00004944,5
WBGene00013602,5
WBGene00021518,9
WBGene00004728,5
WBGene00013273,1
WBGene00044034,5
WBGene00022286,9
WBGene00018702,9
WBGene00017443,5
WBGene00018374,6
WBGene00001923,5
WBGene00019806,2
WBGene00000287,5
WBGene00018797,5
WBGene00009511,5
WBGene00012400,3
WBGene00015227,3
WBGene00010774,9
WBGene00018303,2
WBGene00020556,2
WBGene00022331,5
WBGene00000779,9
WBGene00000732,9
WBGene00007599,2
WBGene00016635,5
WBGene00003185,7
WBGene00007132,3
WBGene00045488,5
WBGene00015050,9
WBGene00009168,5
WBGene00004148,5
WBGene00016646,9
WBGene00020497,5
WBGene00017754,2
WBGene00008763,1
WBGene00019164,9
WBGene00019288,5
WBGene00020357,3
WBGene00021159,9
WBGene00022199,5
WBGene00018543,9
WBGene00015932,1
WBGene00019315,5
WBGene00008644,5
WBGene00007786,5
WBGene00003919,9
WBGene00000245,5
WBGene00004161,5
WBGene00001937,5
WBGene00021213,9
WBGene00009886,9
WBGene00009389,2
WBGene00006764,2
WBGene00000687,5
WBGene00001137,9
WBGene00008798,5
WBGene00019945,5
WBGene00000840,9
WBGene00008368,5
WBGene00020359,3
WBGene00015955,5
WBGene00002055,5
WBGene00000375,9
WBGene00044396,5
WBGene00000700,5
WBGene00022169,9
WBGene00008785,9
WBGene00017945,9
WBGene00009225,5
WBGene00004124,9
WBGene00004255,5
WBGene00016451,9
WBGene00045390,5
WBGene00019572,6
WBGene00003992,9
WBGene00269421,5
WBGene00007465,5
WBGene00007909,5
WBGene00011575,5
WBGene00001794,9
WBGene00010844,9
WBGene00012195,5
WBGene00020842,5
WBGene00006510,9
WBGene00010337,9
WBGene00015716,9
WBGene00016957,9
WBGene00016131,9
WBGene00004321,5
WBGene00017072,5
WBGene00013081,5
WBGene00007778,5
WBGene00003001,1
WBGene00012782,9
WBGene00019008,9
WBGene00004346,5
WBGene00019907,5
WBGene00012911,9
WBGene00011062,5
WBGene00002162,9
WBGene00006966,5
WBGene00007090,5
WBGene00018902,9
WBGene00000178,9
WBGene00194902,3
WBGene00022366,7
WBGene00011089,5
WBGene00017022,5
WBGene00002063,5
WBGene00018038,9
WBGene00020449,3
WBGene00010559,5
WBGene00013698,5
WBGene00006514,9
WBGene00008184,9
WBGene00019653,9
WBGene00019504,5
WBGene00138721,3
WBGene00004414,9
WBGene00016576,5
WBGene00022657,5
WBGene00016721,9
WBGene00002694,9
WBGene00015225,3
WBGene00009526,5
WBGene00001250,5
WBGene00004183,2
WBGene00017959,9
WBGene00004059,5
WBGene00003387,5
WBGene00020457,3
WBGene00011265,5
WBGene00017599,2
WBGene00005484,2
WBGene00000521,9
WBGene00015052,2
WBGene00003907,5
WBGene00007682,5
WBGene00009813,5
WBGene00014057,9
WBGene00044605,2
WBGene00002199,5
WBGene00003232,5
WBGene00006522,6
WBGene00004374,7
WBGene00003711,9
WBGene00021195,5
WBGene00003656,5
WBGene00007891,9
WBGene00022766,9
WBGene00016089,5
WBGene00011530,9
WBGene00022260,9
WBGene00008735,9
WBGene00019207,9
WBGene00195181,5
WBGene00015046,5
WBGene00022891,9
WBGene00017151,9
WBGene00017920,5
WBGene00044708,3
WBGene00011776,9
WBGene00010367,5
WBGene00008214,5
WBGene00006814,5
WBGene00005293,9
WBGene00004259,9
WBGene00000712,5
WBGene00002250,9
WBGene00001204,5
WBGene00008167,9
WBGene00006649,9
WBGene00008521,2
WBGene00001878,5
WBGene00011129,5
WBGene00002252,6
WBGene00014864,5
WBGene00020648,9
WBGene00018579,9
WBGene00019476,2
WBGene00006609,2
WBGene00000543,9
WBGene00011936,9
WBGene00008596,2
WBGene00012091,3
WBGene00005649,5
WBGene00015644,9
WBGene00011262,9
WBGene00018990,5
WBGene00000022,5
WBGene00001586,5
WBGene00017093,9
WBGene00012252,5
WBGene00045331,9
WBGene00007221,5
WBGene00011106,2
WBGene00000037,5
WBGene00008269,3
WBGene00001694,5
WBGene00001905,5
WBGene00000180,5
WBGene00011945,9
WBGene00007574,9
WBGene00011914,9
WBGene00045457,5
WBGene00011767,2
WBGene00007138,5
WBGene00005009,5
WBGene00018675,9
WBGene00086568,3
WBGene00003624,9
WBGene00011045,9
WBGene00023492,5
WBGene00022200,9
WBGene00022295,5
WBGene00001647,9
WBGene00015913,5
WBGene00002239,5
WBGene00235114,5
WBGene00010664,5
WBGene00003172,9
WBGene00014207,2
WBGene00014046,5
WBGene00008427,9
WBGene00011238,9
WBGene00014252,2
WBGene00020157,5
WBGene00014172,5
WBGene00009900,9
WBGene00015259,9
WBGene00010508,3
WBGene00010784,9
WBGene00017131,6
WBGene00013650,9
WBGene00018191,5
WBGene00011465,5
WBGene00001392,5
WBGene00006874,5
WBGene00001601,5
WBGene00011311,9
WBGene00002140,5
WBGene00010998,9
WBGene00000985,9
WBGene00021532,5
WBGene00006952,9
WBGene00013585,9
WBGene00189956,5
WBGene00007595,5
WBGene00009811,5
WBGene00020335,2
WBGene00001914,5
WBGene00010058,5
WBGene00010539,9
WBGene00001919,5
WBGene00012968,9
WBGene00045510,5
WBGene00015100,3
WBGene00013748,9
WBGene00008507,3
WBGene00017023,5
WBGene00000488,5
WBGene00023483,3
WBGene00001877,5
WBGene00007322,9
WBGene00013935,9
WBGene00009432,6
WBGene00001984,9
WBGene00013292,5
WBGene00018354,3
WBGene00016191,3
WBGene00021915,2
WBGene00015906,9
WBGene00008425,9
WBGene00008462,2
WBGene00017467,5
WBGene00012035,2
WBGene00195185,5
WBGene00000240,9
WBGene00016782,5
WBGene00016246,5
WBGene00010943,2
WBGene00001882,5
WBGene00015807,9
WBGene00003731,2
WBGene00015553,9
WBGene00022496,2
WBGene00284844,9
WBGene00003764,5
WBGene00009358,9
WBGene00001644,2
WBGene00206359,3
WBGene00015089,5
WBGene00003733,5
WBGene00009488,9
WBGene00017777,9
WBGene00000761,5
WBGene00009518,5
WBGene00013294,3
WBGene00014801,5
WBGene00003771,9
WBGene00016671,5
WBGene00020938,2
WBGene00000281,5
WBGene00000420,9
WBGene00022870,3
WBGene00022504,9
WBGene00013078,5
WBGene00000396,5
WBGene00019588,9
WBGene00045475,3
WBGene00002249,9
WBGene00008629,9
WBGene00018704,9
WBGene00008826,5
WBGene00007660,3
WBGene00007944,9
WBGene00011436,5
WBGene00008632,5
WBGene00020455,5
WBGene00013820,9
WBGene00020628,9
WBGene00019362,9
WBGene00045393,3
WBGene00020088,9
WBGene00000373,9
WBGene00021865,3
WBGene00012152,5
WBGene00002026,5
WBGene00020862,2
WBGene00020908,9
WBGene00020220,9
WBGene00018412,5
WBGene00004681,5
WBGene00010260,5
WBGene00020141,9
WBGene00011407,9
WBGene00009789,5
WBGene00020972,9
WBGene00022606,9
WBGene00008227,2
WBGene00020989,9
WBGene00000786,9
WBGene00003933,5
WBGene00010773,5
WBGene00012753,9
WBGene00022406,5
WBGene00007274,5
WBGene00001932,5
WBGene00017727,9
WBGene00019732,5
WBGene00194645,3
WBGene00018345,3
WBGene00003097,9
WBGene00019604,9
WBGene00010253,5
WBGene00015894,9
WBGene00009430,5
WBGene00012855,9
WBGene00014761,9
WBGene00009504,9
WBGene00018259,5
WBGene00010836,5
WBGene00015829,3
WBGene00017200,9
WBGene00016226,5
WBGene00013766,2
WBGene00004369,5
WBGene00001034,9
WBGene00003530,5
WBGene00003765,5
WBGene00004191,9
WBGene00001903,5
WBGene00016542,9
WBGene00009494,2
WBGene00019999,5
WBGene00022375,3
WBGene00021745,9
WBGene00003179,5
WBGene00001149,9
WBGene00012552,5
WBGene00020166,9
WBGene00014091,5
WBGene00004193,5
WBGene00044237,3
WBGene00044455,2
WBGene00018955,9
WBGene00016063,5
WBGene00004809,3
WBGene00004823,9
WBGene00017448,9
WBGene00018806,9
WBGene00006845,5
WBGene00004789,9
WBGene00003763,5
WBGene00012323,9
WBGene00008940,9
WBGene00015834,3
WBGene00001168,2
WBGene00017012,9
WBGene00013035,2
WBGene00018971,9
WBGene00020884,9
WBGene00002021,3
WBGene00022489,5
WBGene00194746,5
WBGene00013019,3
WBGene00001527,9
WBGene00004986,9
WBGene00003879,5
WBGene00016717,3
WBGene00022571,5
WBGene00004363,2
WBGene00000959,2
WBGene00007027,9
WBGene00003695,5
WBGene00020924,5
WBGene00004285,9
WBGene00011926,5
WBGene00015284,9
WBGene00004890,9
WBGene00021897,5
WBGene00001761,5
WBGene00011940,2
WBGene00014206,9
WBGene00009983,9
WBGene00006615,5
WBGene00004963,5
WBGene00019764,5
WBGene00022801,9
WBGene00000982,5
WBGene00044707,3
WBGene00016087,9
WBGene00008301,3
WBGene00014210,5
WBGene00017530,3
WBGene00005931,3
WBGene00015887,9
WBGene00044403,2
WBGene00020901,5
WBGene00016162,9
WBGene00004001,5
WBGene00000212,2
WBGene00007240,9
WBGene00021683,9
WBGene00009554,5
WBGene00005893,9
WBGene00015291,9
WBGene00016809,5
WBGene00019225,9
WBGene00016977,5
WBGene00006887,9
WBGene00011564,9
WBGene00000074,9
WBGene00011255,5
WBGene00015188,2
WBGene00015373,5
WBGene00013564,5
WBGene00015890,9
WBGene00003767,5
WBGene00016817,9
WBGene00009256,9
WBGene00015799,5
WBGene00019355,5
WBGene00013101,9
WBGene00206354,9
WBGene00012688,9
WBGene00007134,3
WBGene00044401,9
WBGene00004323,3
WBGene00015172,5
WBGene00019265,5
WBGene00018467,9
WBGene00009137,5
WBGene00001488,9
WBGene00011832,9
WBGene00007658,3
WBGene00016585,9
WBGene00000472,9
WBGene00022548,3
WBGene00019073,5
WBGene00007656,3
WBGene00021526,2
WBGene00022848,9
WBGene00015454,9
WBGene00017957,9
WBGene00164973,9
WBGene00001687,9
WBGene00044759,5
WBGene00012546,5
WBGene00019249,9
WBGene00005652,5
WBGene00007067,5
WBGene00012885,5
WBGene00021492,9
WBGene00271605,5
WBGene00006730,9
WBGene00021709,9
WBGene00017032,5
WBGene00008342,9
WBGene00016048,2
WBGene00006423,5
WBGene00007867,5
WBGene00017441,5
WBGene00004197,5
WBGene00021860,5
WBGene00005001,9
WBGene00001906,5
WBGene00011668,5
WBGene00020402,5
WBGene00009061,3
WBGene00016201,5
WBGene00010964,9
WBGene00001939,5
WBGene00003064,5
WBGene00001451,5
WBGene00012530,9
WBGene00009617,5
WBGene00011212,9
WBGene00008484,5
WBGene00004005,2
WBGene00001879,5
WBGene00007558,9
WBGene00016756,2
WBGene00020029,2
WBGene00004238,9
WBGene00020726,5
WBGene00004405,9
WBGene00016292,9
WBGene00020249,5
WBGene00019029,2
WBGene00007866,2
WBGene00007657,3
WBGene00019058,3
WBGene00002717,9
WBGene00012149,2
WBGene00016409,5
WBGene00010960,9
WBGene00009413,2
WBGene00045416,3
WBGene00015224,3
WBGene00002223,9
WBGene00016939,5
WBGene00012910,3
WBGene00018839,9
WBGene00007591,9
WBGene00077757,9
WBGene00008948,9
WBGene00016217,9
WBGene00012042,5
WBGene00015226,3
WBGene00206384,9
WBGene00000049,5
WBGene00002260,9
WBGene00021749,5
WBGene00044014,3
WBGene00018715,9
WBGene00206373,5
WBGene00020155,2
WBGene00004930,9
WBGene00002344,9
WBGene00044574,9
WBGene00001876,5
WBGene00019314,5
WBGene00044067,5
WBGene00010206,3
WBGene00017268,5
WBGene00007659,3
WBGene00006463,2
WBGene00018424,9
WBGene00007906,5
WBGene00194928,5
WBGene00001760,5
WBGene00009165,9
WBGene00016403,2
WBGene00006667,5
WBGene00012973,9
WBGene00004218,9
WBGene00015185,9
WBGene00011437,9
WBGene00000068,5
WBGene00013281,5
WBGene00044772,9
WBGene00023451,9
WBGene00011235,9
WBGene00009898,3
WBGene00007056,9
WBGene00194869,5
WBGene00270320,9
WBGene00011510,9
WBGene00020156,9
WBGene00008199,9
WBGene00044416,9
WBGene00008575,9
WBGene00022572,5
WBGene00016096,2
WBGene00008050,9
WBGene00000069,5
WBGene00010902,2
WBGene00015143,5
WBGene00013417,5
WBGene00017867,2
WBGene00006493,5
WBGene00019725,9
WBGene00011076,9
WBGene00019472,2
WBGene00016092,5
WBGene00006944,9
WBGene00009394,3
WBGene00044291,5
WBGene00017125,9
WBGene00018113,5
WBGene00008452,9
WBGene00013497,9
WBGene00009157,9
WBGene00001494,5
WBGene00015080,2
WBGene00004804,5
WBGene00045401,3
WBGene00012101,5
WBGene00010516,9
WBGene00016559,5
WBGene00044382,9
WBGene00017751,9
WBGene00017379,5
WBGene00004311,9
WBGene00017080,9
WBGene00022490,9
WBGene00004796,9
WBGene00010637,9
WBGene00020589,5
WBGene00015790,5
WBGene00012324,5
WBGene00017071,9
WBGene00019664,5
WBGene00020346,5
WBGene00010965,9
WBGene00022518,5
WBGene00009056,9
WBGene00007317,9
WBGene00023497,5
WBGene00016364,7
WBGene00007662,3
WBGene00006483,5
WBGene00008858,3
WBGene00010471,5
WBGene00002976,5
WBGene00022365,5
WBGene00003170,3
WBGene00006369,5
WBGene00008819,5
WBGene00001881,5
WBGene00195165,3
WBGene00000968,2
WBGene00016034,5
WBGene00045048,5
WBGene00007991,5
WBGene00012726,3
WBGene00008654,2
WBGene00012744,9
WBGene00017121,9
WBGene00007655,3
WBGene00007353,5
WBGene00001780,5
WBGene00044316,5
WBGene00022093,5
WBGene00007010,5
WBGene00010959,9
WBGene00003565,2
WBGene00006407,9
WBGene00010830,5
WBGene00009215,2
WBGene00000822,9
WBGene00001922,5
WBGene00001046,5
WBGene00011774,2
WBGene00009397,9
WBGene00012967,5
WBGene00012857,9
WBGene00003717,5
WBGene00011611,5
WBGene00044207,3
WBGene00235158,5
WBGene00020048,5
WBGene00021043,5
WBGene00022194,5
WBGene00010962,9
WBGene00003507,5
WBGene00006064,5
WBGene00013597,9
WBGene00000451,2
WBGene00005342,5
WBGene00021008,5
WBGene00003377,9
WBGene00001854,5
WBGene00017641,3
WBGene00003397,2
WBGene00004900,9
WBGene00011474,5
WBGene00000190,5
WBGene00021983,5
WBGene00010148,9
WBGene00015509,9
WBGene00004048,5
WBGene00005110,5
WBGene00018174,5
WBGene00194646,3
WBGene00008267,3
WBGene00018591,5
WBGene00015309,9
WBGene00001940,5
WBGene00020009,5
WBGene00005582,3
WBGene00006513,5
WBGene00012239,9
WBGene00022346,5
WBGene00010503,9
WBGene00010605,9
WBGene00019057,3
WBGene00015514,2
WBGene00235113,5
WBGene00013746,5
WBGene00013917,5
WBGene00013215,9
WBGene00016159,9
WBGene00003868,3
WBGene00022015,5
WBGene00014214,5
WBGene00018692,5
WBGene00012168,5
WBGene00016739,5
WBGene00010006,9
WBGene00003769,5
WBGene00011830,9
WBGene00013540,5
WBGene00022756,9
WBGene00014115,9
WBGene00022469,9
WBGene00001921,5
WBGene00012505,3
WBGene00013559,5
WBGene00045365,9
WBGene00006979,9
WBGene00009114,5
WBGene00021814,5
WBGene00004149,5
WBGene00020626,9
WBGene00019986,9
WBGene00011841,9
WBGene00021556,5
WBGene00018594,5
WBGene00194908,9
WBGene00003094,2
WBGene00011282,5
WBGene00010326,9
WBGene00000137,5
WBGene00015828,3
WBGene00006780,5
WBGene00009552,5
WBGene00000279,5
WBGene00007942,9
WBGene00006876,5
WBGene00006754,9
WBGene00022067,5
WBGene00015794,5
WBGene00000929,5
WBGene00014108,9
WBGene00003099,9
WBGene00003396,5
WBGene00008486,5
WBGene00010280,5
WBGene00012279,5
WBGene00006633,5
WBGene00015483,5
WBGene00019367,9
WBGene00006751,5
WBGene00007358,5
WBGene00013604,9
WBGene00044201,5
WBGene00010821,3
WBGene00020797,5
WBGene00006504,5
WBGene00018353,3
WBGene00022691,5
WBGene00014243,5
WBGene00001773,5
WBGene00010558,9
WBGene00045419,9
WBGene00006718,3
WBGene00016595,9
WBGene00003714,5
WBGene00011130,9
WBGene00015382,3
WBGene00019579,3
WBGene00022664,5
WBGene00020003,5
WBGene00000478,5
WBGene00007094,5
WBGene00007324,5
WBGene00010901,2
WBGene00021590,9
WBGene00017947,2
WBGene00015693,9
WBGene00017024,5
WBGene00009311,2
WBGene00000564,5
WBGene00001764,9
WBGene00219420,9
WBGene00017645,2
WBGene00021566,9
WBGene00013752,9
WBGene00014092,9
WBGene00005585,5
WBGene00001931,5
WBGene00019465,9
WBGene00016150,2
WBGene00001880,5
WBGene00020612,9
WBGene00003385,9
WBGene00001491,9
WBGene00000972,9
WBGene00001536,5
WBGene00006975,5
WBGene00015378,9
WBGene00002191,9
WBGene00003862,5
WBGene00003828,2
WBGene00018986,5
WBGene00022240,5
WBGene00020820,9
WBGene00000439,2
WBGene00009825,5
WBGene00005925,9
WBGene00006588,9
WBGene00044028,5
WBGene00020137,2
WBGene00016517,9
WBGene00015455,3
WBGene00021928,5
WBGene00008170,5
WBGene00019393,9
WBGene00044132,5
WBGene00019268,2
WBGene00012125,5
WBGene00005712,5
WBGene00015190,2
WBGene00000442,5
WBGene00009216,5
WBGene00011105,9
WBGene00020151,5
WBGene00002137,9
WBGene00019580,5
WBGene00014254,5
WBGene00020143,9
WBGene00003474,9
WBGene00001787,5
WBGene00022062,5
WBGene00010970,5
WBGene00005671,2
WBGene00016571,5
WBGene00009971,5
WBGene00020360,9
WBGene00011860,9
WBGene00012023,9
WBGene00009774,5
WBGene00010840,5
WBGene00008922,5
WBGene00017688,2
WBGene00016998,9
WBGene00008985,5
WBGene00011708,2
WBGene00013289,9
WBGene00021066,5
WBGene00007661,3
WBGene00045253,9
WBGene00007819,9
WBGene00000150,9
WBGene00008993,9
WBGene00010411,5
WBGene00009124,9
WBGene00004999,2
WBGene00000114,9
