WB_id,consensus_strength
WBGene00011673,0.6
WBGene00011671,0.9
WBGene00007231,1.0
WBGene00010413,0.9666666666666667
WBGene00044514,0.9333333333333333
WBGene00000986,1.0
WBGene00020587,1.0
WBGene00077764,0.9333333333333333
WBGene00019818,1.0
WBGene00019515,0.9333333333333333
WBGene00022813,0.9333333333333333
WBGene00001756,1.0
WBGene00011672,0.9
WBGene00004236,1.0
WBGene00007232,1.0
WBGene00017480,1.0
WBGene00007811,1.0
WBGene00006890,1.0
WBGene00010904,0.9666666666666667
WBGene00044658,1.0
WBGene00000372,0.9666666666666667
WBGene00018206,0.9666666666666667
WBGene00019516,1.0
WBGene00021610,1.0
WBGene00016505,1.0
WBGene00016174,0.9
WBGene00010706,0.5333333333333333
WBGene00015045,0.6333333333333333
WBGene00017970,1.0
WBGene00003997,1.0
WBGene00001387,0.7333333333333333
WBGene00011002,1.0
WBGene00020891,0.5666666666666667
WBGene00002270,0.9666666666666667
WBGene00019875,1.0
WBGene00008032,0.9
WBGene00011190,1.0
WBGene00008607,1.0
WBGene00010707,0.9
WBGene00011800,0.9666666666666667
WBGene00015692,1.0
WBGene00001814,1.0
WBGene00015044,0.8
WBGene00016863,1.0
WBGene00009319,1.0
WBGene00007215,1.0
WBGene00017426,1.0
WBGene00010697,1.0
WBGene00017244,0.9666666666666667
WBGene00006418,0.9666666666666667
WBGene00022159,1.0
WBGene00020382,1.0
WBGene00003410,1.0
WBGene00001390,1.0
WBGene00007072,0.9
WBGene00013435,1.0
WBGene00003561,1.0
WBGene00008273,0.8666666666666667
WBGene00021611,0.9
WBGene00000412,0.9666666666666667
WBGene00001775,1.0
WBGene00015752,1.0
WBGene00004176,1.0
WBGene00017154,1.0
WBGene00017488,0.9
WBGene00019234,1.0
WBGene00007810,1.0
WBGene00017315,1.0
WBGene00015067,1.0
WBGene00010738,1.0
WBGene00011894,0.7
WBGene00003415,1.0
WBGene00045379,1.0
WBGene00020947,1.0
WBGene00018488,1.0
WBGene00235110,0.9666666666666667
WBGene00009812,1.0
WBGene00017621,1.0
WBGene00001624,0.5666666666666667
WBGene00044278,0.9333333333333333
WBGene00011408,1.0
WBGene00002007,1.0
WBGene00004020,1.0
WBGene00020110,1.0
WBGene00000017,1.0
WBGene00012909,1.0
WBGene00016594,1.0
WBGene00003964,1.0
WBGene00021327,1.0
WBGene00008775,1.0
WBGene00020301,1.0
WBGene00010627,1.0
WBGene00010478,1.0
WBGene00015168,1.0
WBGene00003877,1.0
WBGene00019543,1.0
WBGene00020915,1.0
WBGene00022306,1.0
WBGene00011480,1.0
WBGene00017431,0.9666666666666667
WBGene00010524,1.0
WBGene00013882,1.0
WBGene00010303,1.0
WBGene00004894,1.0
WBGene00019965,1.0
WBGene00009383,1.0
WBGene00010032,1.0
WBGene00018340,1.0
WBGene00002238,1.0
WBGene00010896,1.0
WBGene00021088,1.0
WBGene00018430,1.0
WBGene00009920,0.9666666666666667
WBGene00016906,1.0
WBGene00003752,1.0
WBGene00008743,1.0
WBGene00017220,1.0
WBGene00019104,1.0
WBGene00003995,0.9666666666666667
WBGene00001621,0.9666666666666667
WBGene00021048,1.0
WBGene00004008,1.0
WBGene00006617,1.0
WBGene00001025,1.0
WBGene00002066,1.0
WBGene00001228,1.0
WBGene00020895,1.0
WBGene00018748,1.0
WBGene00001209,1.0
WBGene00016180,1.0
WBGene00001232,1.0
WBGene00015920,1.0
WBGene00013181,1.0
WBGene00022173,1.0
WBGene00001650,1.0
WBGene00021934,1.0
WBGene00001497,1.0
WBGene00011771,1.0
WBGene00012717,1.0
WBGene00018373,1.0
WBGene00012531,1.0
WBGene00007946,0.9666666666666667
WBGene00012978,1.0
WBGene00021369,1.0
WBGene00000016,1.0
WBGene00009660,1.0
WBGene00010681,1.0
WBGene00019357,1.0
WBGene00012182,1.0
WBGene00006984,1.0
WBGene00016583,1.0
WBGene00019220,1.0
WBGene00001674,0.9
WBGene00006889,1.0
WBGene00008602,1.0
WBGene00017865,1.0
WBGene00044182,0.5666666666666667
WBGene00022078,1.0
WBGene00021546,0.9666666666666667
WBGene00009110,0.9
WBGene00009803,1.0
WBGene00016607,1.0
WBGene00011424,1.0
WBGene00008439,1.0
WBGene00001243,1.0
WBGene00019827,1.0
WBGene00006787,1.0
WBGene00020788,1.0
WBGene00018731,1.0
WBGene00000155,1.0
WBGene00020784,1.0
WBGene00015930,0.8333333333333334
WBGene00019246,1.0
WBGene00013906,1.0
WBGene00022599,1.0
WBGene00011440,0.5333333333333333
WBGene00019510,1.0
WBGene00001945,1.0
WBGene00019537,1.0
WBGene00007055,1.0
WBGene00003989,1.0
WBGene00019800,1.0
WBGene00000977,0.5666666666666667
WBGene00001226,1.0
WBGene00004981,1.0
WBGene00019830,1.0
WBGene00011286,1.0
WBGene00002083,1.0
WBGene00013577,1.0
WBGene00001231,1.0
WBGene00014826,0.8333333333333334
WBGene00021852,1.0
WBGene00006945,1.0
WBGene00012964,1.0
WBGene00018271,1.0
WBGene00007350,1.0
WBGene00000067,1.0
WBGene00017245,1.0
WBGene00006662,1.0
WBGene00013586,0.9666666666666667
WBGene00015282,1.0
WBGene00013740,1.0
WBGene00016844,1.0
WBGene00015076,1.0
WBGene00004227,1.0
WBGene00022739,1.0
WBGene00007460,1.0
WBGene00017892,0.5333333333333333
WBGene00020184,1.0
WBGene00017283,1.0
WBGene00001774,1.0
WBGene00020068,1.0
WBGene00004014,1.0
WBGene00012665,1.0
WBGene00007001,1.0
WBGene00020269,1.0
WBGene00018953,1.0
WBGene00002244,1.0
WBGene00007764,1.0
WBGene00006684,1.0
WBGene00010872,1.0
WBGene00011042,0.9
WBGene00014244,1.0
WBGene00018204,1.0
WBGene00001446,1.0
WBGene00010665,1.0
WBGene00020592,0.9666666666666667
WBGene00008583,1.0
WBGene00006686,0.9
WBGene00019233,1.0
WBGene00011488,1.0
WBGene00020902,1.0
WBGene00020148,1.0
WBGene00012738,1.0
WBGene00020706,1.0
WBGene00017342,1.0
WBGene00016234,1.0
WBGene00000788,1.0
WBGene00008780,1.0
WBGene00011803,1.0
WBGene00020142,1.0
WBGene00007302,1.0
WBGene00011344,1.0
WBGene00018744,1.0
WBGene00014016,1.0
WBGene00013672,0.9
WBGene00021757,1.0
WBGene00008123,1.0
WBGene00006724,1.0
WBGene00021351,1.0
WBGene00009380,1.0
WBGene00021888,1.0
WBGene00000381,1.0
WBGene00013340,1.0
WBGene00012977,1.0
WBGene00008832,1.0
WBGene00008603,1.0
WBGene00044481,1.0
WBGene00010015,1.0
WBGene00001501,1.0
WBGene00011481,1.0
WBGene00018984,1.0
WBGene00009092,1.0
WBGene00003599,1.0
WBGene00002804,1.0
WBGene00001758,1.0
WBGene00044183,1.0
WBGene00012714,1.0
WBGene00001452,1.0
WBGene00017515,1.0
WBGene00013647,1.0
WBGene00017719,1.0
WBGene00016103,1.0
WBGene00008040,1.0
WBGene00000391,0.6666666666666666
WBGene00016894,1.0
WBGene00003725,1.0
WBGene00008401,0.9666666666666667
WBGene00015965,0.7333333333333333
WBGene00007000,1.0
WBGene00016866,1.0
WBGene00022180,1.0
WBGene00015676,1.0
WBGene00006705,1.0
WBGene00020219,1.0
WBGene00015551,1.0
WBGene00011112,1.0
WBGene00011232,0.9666666666666667
WBGene00001233,1.0
WBGene00003925,1.0
WBGene00006512,1.0
WBGene00012825,1.0
WBGene00015042,1.0
WBGene00001154,1.0
WBGene00010405,1.0
WBGene00004144,1.0
WBGene00022615,1.0
WBGene00006604,1.0
WBGene00194641,1.0
WBGene00012992,1.0
WBGene00008258,0.5333333333333333
WBGene00021276,1.0
WBGene00018341,1.0
WBGene00017834,1.0
WBGene00008409,1.0
WBGene00013311,1.0
WBGene00006924,1.0
WBGene00017948,1.0
WBGene00007508,0.9333333333333333
WBGene00016142,1.0
WBGene00014058,1.0
WBGene00001234,1.0
WBGene00002077,1.0
WBGene00002497,1.0
WBGene00014249,1.0
WBGene00008494,1.0
WBGene00012713,1.0
WBGene00004382,1.0
WBGene00001635,1.0
WBGene00003573,0.9
WBGene00002879,1.0
WBGene00007712,1.0
WBGene00001423,1.0
WBGene00018872,1.0
WBGene00000383,1.0
WBGene00007630,1.0
WBGene00014083,1.0
WBGene00010139,1.0
WBGene00000266,0.9666666666666667
WBGene00021248,1.0
WBGene00003815,1.0
WBGene00000298,0.8
WBGene00018866,1.0
WBGene00012466,1.0
WBGene00007395,1.0
WBGene00021890,1.0
WBGene00022722,0.5333333333333333
WBGene00003130,1.0
WBGene00012610,0.9
WBGene00000800,1.0
WBGene00021466,1.0
WBGene00020909,0.6666666666666666
WBGene00001427,1.0
WBGene00008617,0.9
WBGene00020216,1.0
WBGene00008692,1.0
WBGene00000475,1.0
WBGene00002005,0.9
WBGene00010985,0.9666666666666667
WBGene00001840,1.0
WBGene00022181,1.0
WBGene00044344,1.0
WBGene00004233,1.0
WBGene00019232,0.9666666666666667
WBGene00015552,1.0
WBGene00009291,1.0
WBGene00019748,1.0
WBGene00015350,1.0
WBGene00001439,1.0
WBGene00016340,0.9666666666666667
WBGene00006603,0.7333333333333333
WBGene00006447,1.0
WBGene00006964,1.0
WBGene00012366,1.0
WBGene00011018,1.0
WBGene00003390,1.0
WBGene00009211,1.0
WBGene00013997,1.0
WBGene00002981,1.0
WBGene00012126,1.0
WBGene00007605,0.9666666666666667
WBGene00006059,1.0
WBGene00016407,1.0
WBGene00022797,1.0
WBGene00015250,1.0
WBGene00003893,1.0
WBGene00000883,1.0
WBGene00022793,1.0
WBGene00000503,1.0
WBGene00019380,1.0
WBGene00003568,1.0
WBGene00004302,1.0
WBGene00010097,1.0
WBGene00020097,1.0
WBGene00019645,0.5333333333333333
WBGene00001020,1.0
WBGene00011849,1.0
WBGene00002980,1.0
WBGene00010480,1.0
WBGene00011899,1.0
WBGene00009797,1.0
WBGene00004210,0.9666666666666667
WBGene00011222,1.0
WBGene00007992,0.9333333333333333
WBGene00022738,1.0
WBGene00018732,1.0
WBGene00001113,1.0
WBGene00010766,1.0
WBGene00011412,1.0
WBGene00012361,1.0
WBGene00011730,1.0
WBGene00009578,1.0
WBGene00018758,1.0
WBGene00021512,1.0
WBGene00018293,1.0
WBGene00006626,1.0
WBGene00008781,1.0
WBGene00017816,1.0
WBGene00009033,1.0
WBGene00015461,1.0
WBGene00017319,1.0
WBGene00022046,1.0
WBGene00011006,1.0
WBGene00045433,1.0
WBGene00006472,1.0
WBGene00022122,1.0
WBGene00017336,1.0
WBGene00003957,0.7666666666666667
WBGene00019284,1.0
WBGene00019678,1.0
WBGene00021754,1.0
WBGene00002070,1.0
WBGene00021624,1.0
WBGene00016250,1.0
WBGene00007073,0.8666666666666667
WBGene00010560,1.0
WBGene00001240,1.0
WBGene00016913,1.0
WBGene00000179,1.0
WBGene00008027,1.0
WBGene00000933,1.0
WBGene00017149,0.8666666666666667
WBGene00013039,1.0
WBGene00015369,1.0
WBGene00008428,1.0
WBGene00000877,1.0
WBGene00011586,1.0
WBGene00017085,1.0
WBGene00006700,1.0
WBGene00016101,1.0
WBGene00004506,1.0
WBGene00020576,1.0
WBGene00002037,1.0
WBGene00019893,0.9666666666666667
WBGene00011285,1.0
WBGene00011182,1.0
WBGene00009028,1.0
WBGene00012945,1.0
WBGene00011638,1.0
WBGene00022178,0.5666666666666667
WBGene00003697,1.0
WBGene00006936,1.0
WBGene00015249,1.0
WBGene00003926,0.9666666666666667
WBGene00004461,1.0
WBGene00011059,1.0
WBGene00001089,1.0
WBGene00206525,1.0
WBGene00002256,1.0
WBGene00016140,1.0
WBGene00008444,1.0
WBGene00000731,1.0
WBGene00012123,0.9
WBGene00020600,1.0
WBGene00009367,1.0
WBGene00013668,1.0
WBGene00008646,1.0
WBGene00010177,1.0
WBGene00018362,1.0
WBGene00003799,1.0
WBGene00007455,0.5
WBGene00019436,1.0
WBGene00021073,1.0
WBGene00013481,0.9666666666666667
WBGene00017510,1.0
WBGene00013983,1.0
WBGene00012013,1.0
WBGene00006915,1.0
WBGene00001333,1.0
WBGene00020437,1.0
WBGene00004411,1.0
WBGene00015947,1.0
WBGene00004156,1.0
WBGene00016097,1.0
WBGene00003928,1.0
WBGene00015777,1.0
WBGene00010018,1.0
WBGene00016496,1.0
WBGene00023500,1.0
WBGene00003829,1.0
WBGene00004825,1.0
WBGene00013765,1.0
WBGene00013018,1.0
WBGene00010277,1.0
WBGene00004188,1.0
WBGene00011759,1.0
WBGene00016500,1.0
WBGene00013633,1.0
WBGene00003696,1.0
WBGene00004915,1.0
WBGene00007784,1.0
WBGene00004788,1.0
WBGene00016934,0.9
WBGene00008408,1.0
WBGene00001229,1.0
WBGene00020836,1.0
WBGene00001395,1.0
WBGene00012887,1.0
WBGene00016716,1.0
WBGene00001819,1.0
WBGene00044321,1.0
WBGene00017984,1.0
WBGene00016653,1.0
WBGene00011775,1.0
WBGene00020682,1.0
WBGene00018891,1.0
WBGene00010677,1.0
WBGene00019209,1.0
WBGene00019162,1.0
WBGene00020683,1.0
WBGene00015497,1.0
WBGene00001772,0.6
WBGene00019617,1.0
WBGene00018492,1.0
WBGene00007696,1.0
WBGene00022148,1.0
WBGene00011026,1.0
WBGene00013073,0.9666666666666667
WBGene00013899,1.0
WBGene00008412,1.0
WBGene00009082,1.0
WBGene00004502,0.9666666666666667
WBGene00017364,0.7666666666666667
WBGene00000894,1.0
WBGene00011099,1.0
WBGene00020854,1.0
WBGene00000111,0.9333333333333333
WBGene00007235,1.0
WBGene00019481,1.0
WBGene00020499,1.0
WBGene00003963,1.0
WBGene00010094,0.9333333333333333
WBGene00021844,1.0
WBGene00019968,0.6
WBGene00018294,1.0
WBGene00012728,0.9
WBGene00001328,1.0
WBGene00015501,1.0
WBGene00002060,1.0
WBGene00004234,1.0
WBGene00022235,1.0
WBGene00016877,1.0
WBGene00012185,1.0
WBGene00019673,1.0
WBGene00006666,1.0
WBGene00007666,1.0
WBGene00004304,1.0
WBGene00018156,1.0
WBGene00017241,1.0
WBGene00009384,1.0
WBGene00008435,1.0
WBGene00020258,1.0
WBGene00020919,1.0
WBGene00012819,1.0
WBGene00022373,1.0
WBGene00006781,1.0
WBGene00015133,1.0
WBGene00004231,1.0
WBGene00007394,1.0
WBGene00000722,1.0
WBGene00012144,1.0
WBGene00001227,1.0
WBGene00006523,1.0
WBGene00017028,1.0
WBGene00010407,1.0
WBGene00021909,1.0
WBGene00006656,1.0
WBGene00022470,1.0
WBGene00006734,1.0
WBGene00004138,1.0
WBGene00018159,1.0
WBGene00002247,1.0
WBGene00001169,1.0
WBGene00003902,1.0
WBGene00007638,1.0
WBGene00000740,0.5333333333333333
WBGene00018893,1.0
WBGene00000920,1.0
WBGene00001455,0.7666666666666667
WBGene00022072,1.0
WBGene00012342,1.0
WBGene00002084,1.0
WBGene00011694,1.0
WBGene00019885,1.0
WBGene00005657,0.9666666666666667
WBGene00015814,1.0
WBGene00000502,1.0
WBGene00017613,1.0
WBGene00018967,1.0
WBGene00019235,0.9
WBGene00007507,0.9666666666666667
WBGene00009542,1.0
WBGene00004978,1.0
WBGene00008628,1.0
WBGene00013946,1.0
WBGene00010725,1.0
WBGene00006921,0.9666666666666667
WBGene00012834,1.0
WBGene00003795,1.0
WBGene00003522,1.0
WBGene00019983,1.0
WBGene00013905,0.9666666666666667
WBGene00002080,1.0
WBGene00009982,1.0
WBGene00007686,1.0
WBGene00022261,0.9666666666666667
WBGene00004189,1.0
WBGene00019127,0.9
WBGene00004465,1.0
WBGene00007414,1.0
WBGene00010019,0.8333333333333334
WBGene00000182,1.0
WBGene00004504,0.9666666666666667
WBGene00000378,1.0
WBGene00017060,1.0
WBGene00003858,1.0
WBGene00012497,1.0
WBGene00000898,1.0
WBGene00018046,1.0
WBGene00007919,1.0
WBGene00003744,1.0
WBGene00015620,1.0
WBGene00001000,1.0
WBGene00015040,0.6
WBGene00010251,1.0
WBGene00006590,1.0
WBGene00020160,1.0
WBGene00002071,1.0
WBGene00004177,1.0
WBGene00011284,1.0
WBGene00006826,1.0
WBGene00020601,1.0
WBGene00021686,1.0
WBGene00007878,1.0
WBGene00006574,1.0
WBGene00003922,1.0
WBGene00003730,1.0
WBGene00010116,1.0
WBGene00017044,1.0
WBGene00010925,1.0
WBGene00004015,1.0
WBGene00012928,1.0
WBGene00021587,1.0
WBGene00003738,1.0
WBGene00008988,1.0
WBGene00022798,1.0
WBGene00001566,1.0
WBGene00007855,1.0
WBGene00001045,1.0
WBGene00000197,1.0
WBGene00016134,1.0
WBGene00018911,1.0
WBGene00020593,1.0
WBGene00012494,1.0
WBGene00001591,1.0
WBGene00014697,1.0
WBGene00011050,1.0
WBGene00019300,1.0
WBGene00001029,1.0
WBGene00022781,0.5666666666666667
WBGene00219316,1.0
WBGene00000282,1.0
WBGene00016235,1.0
WBGene00016302,0.9
WBGene00007927,1.0
WBGene00271821,1.0
WBGene00010723,1.0
WBGene00022401,1.0
WBGene00021534,1.0
WBGene00021930,1.0
WBGene00009189,1.0
WBGene00016014,1.0
WBGene00018045,1.0
WBGene00018781,1.0
WBGene00006916,0.9
WBGene00019782,1.0
WBGene00003962,1.0
WBGene00013898,1.0
WBGene00008572,1.0
WBGene00011158,0.7333333333333333
WBGene00019323,1.0
WBGene00019381,1.0
WBGene00000901,1.0
WBGene00001479,1.0
WBGene00001303,1.0
WBGene00021789,1.0
WBGene00001456,1.0
WBGene00003923,0.9666666666666667
WBGene00009342,1.0
WBGene00000215,1.0
WBGene00019497,1.0
WBGene00017101,1.0
WBGene00003482,1.0
WBGene00015916,1.0
WBGene00020869,0.6333333333333333
WBGene00000534,1.0
WBGene00002025,1.0
WBGene00007950,1.0
WBGene00017435,1.0
WBGene00007952,1.0
WBGene00017095,1.0
WBGene00003921,1.0
WBGene00016513,1.0
WBGene00014081,1.0
WBGene00022851,1.0
WBGene00017217,1.0
WBGene00000550,1.0
WBGene00014125,1.0
WBGene00022792,1.0
WBGene00012316,1.0
WBGene00003162,1.0
WBGene00001166,1.0
WBGene00021921,0.9666666666666667
WBGene00011097,1.0
WBGene00019017,1.0
WBGene00015352,0.9
WBGene00019636,1.0
WBGene00022115,1.0
WBGene00019105,1.0
WBGene00010582,1.0
WBGene00013238,1.0
WBGene00018823,1.0
WBGene00013146,1.0
WBGene00000401,1.0
WBGene00014013,1.0
WBGene00016093,0.9666666666666667
WBGene00007890,1.0
WBGene00020687,1.0
WBGene00003411,1.0
WBGene00002069,1.0
WBGene00003796,1.0
WBGene00000541,1.0
WBGene00001057,0.9666666666666667
WBGene00007681,1.0
WBGene00012070,0.9666666666666667
WBGene00003746,1.0
WBGene00017127,1.0
WBGene00019275,1.0
WBGene00012386,1.0
WBGene00017799,1.0
WBGene00003567,1.0
WBGene00018729,1.0
WBGene00012383,1.0
WBGene00008447,1.0
WBGene00021112,1.0
WBGene00001258,1.0
WBGene00022131,1.0
WBGene00021681,1.0
WBGene00044650,1.0
WBGene00004085,1.0
WBGene00022188,1.0
WBGene00011292,1.0
WBGene00015941,1.0
WBGene00002273,0.9333333333333333
WBGene00022087,1.0
WBGene00008762,1.0
WBGene00009050,1.0
WBGene00015776,1.0
WBGene00001815,1.0
WBGene00019693,1.0
WBGene00001459,1.0
WBGene00002253,1.0
WBGene00010624,1.0
WBGene00000931,1.0
WBGene00001454,1.0
WBGene00009674,1.0
WBGene00021595,1.0
WBGene00001430,1.0
WBGene00021826,1.0
WBGene00003678,1.0
WBGene00018621,1.0
WBGene00009533,0.9333333333333333
WBGene00016837,1.0
WBGene00003148,1.0
WBGene00003948,0.9666666666666667
WBGene00000765,1.0
WBGene00007833,1.0
WBGene00008274,0.9
WBGene00010701,1.0
WBGene00022119,1.0
WBGene00022026,1.0
WBGene00016114,1.0
WBGene00021134,1.0
WBGene00004698,1.0
WBGene00011995,1.0
WBGene00019466,1.0
WBGene00003072,1.0
WBGene00007900,1.0
WBGene00018827,1.0
WBGene00006530,1.0
WBGene00009503,1.0
WBGene00002048,1.0
WBGene00004134,1.0
WBGene00021660,1.0
WBGene00009702,1.0
WBGene00019263,1.0
WBGene00007226,1.0
WBGene00003762,0.9666666666666667
WBGene00010115,1.0
WBGene00001230,1.0
WBGene00008891,0.9
WBGene00021597,1.0
WBGene00019487,1.0
WBGene00016104,1.0
WBGene00003798,1.0
WBGene00017979,1.0
WBGene00019353,1.0
WBGene00002044,1.0
WBGene00018961,1.0
WBGene00020224,1.0
WBGene00002153,0.9333333333333333
WBGene00004727,1.0
WBGene00008926,1.0
WBGene00017478,1.0
WBGene00021312,1.0
WBGene00017331,0.9
WBGene00006607,1.0
WBGene00021047,1.0
WBGene00001431,1.0
WBGene00011561,0.6666666666666666
WBGene00009955,1.0
WBGene00017830,1.0
WBGene00011270,1.0
WBGene00014096,1.0
WBGene00009515,1.0
WBGene00011605,1.0
WBGene00011304,1.0
WBGene00004271,1.0
WBGene00012469,1.0
WBGene00019813,1.0
WBGene00001744,1.0
WBGene00001047,1.0
WBGene00013025,1.0
WBGene00007958,1.0
WBGene00008678,1.0
WBGene00018604,1.0
WBGene00017045,1.0
WBGene00010244,1.0
WBGene00021715,1.0
WBGene00010796,1.0
WBGene00020423,1.0
WBGene00003036,1.0
WBGene00002850,1.0
WBGene00003677,0.9
WBGene00000136,0.9333333333333333
WBGene00004914,1.0
WBGene00021335,0.9
WBGene00012018,1.0
WBGene00044181,1.0
WBGene00010488,1.0
WBGene00009106,1.0
WBGene00001498,1.0
WBGene00008514,1.0
WBGene00013213,1.0
WBGene00004468,1.0
WBGene00004501,1.0
WBGene00004068,0.9666666666666667
WBGene00015251,1.0
WBGene00020054,1.0
WBGene00007556,1.0
WBGene00011939,1.0
WBGene00011639,1.0
WBGene00010440,1.0
WBGene00007544,1.0
WBGene00014176,1.0
WBGene00010437,1.0
WBGene00016011,0.8333333333333334
WBGene00018226,0.9666666666666667
WBGene00010670,1.0
WBGene00015425,1.0
WBGene00011052,0.7
WBGene00007362,0.6333333333333333
WBGene00017163,0.9666666666666667
WBGene00009842,1.0
WBGene00010845,1.0
WBGene00019629,1.0
WBGene00020200,1.0
WBGene00011679,1.0
WBGene00013654,0.9333333333333333
WBGene00022382,1.0
WBGene00012659,1.0
WBGene00022610,0.9666666666666667
WBGene00019427,1.0
WBGene00020736,1.0
WBGene00004702,1.0
WBGene00044433,1.0
WBGene00003753,1.0
WBGene00017362,1.0
WBGene00013168,1.0
WBGene00004755,1.0
WBGene00002637,1.0
WBGene00011328,1.0
WBGene00009809,1.0
WBGene00003055,1.0
WBGene00018932,1.0
WBGene00004208,1.0
WBGene00001476,1.0
WBGene00013242,1.0
WBGene00010945,1.0
WBGene00019679,1.0
WBGene00017126,0.6333333333333333
WBGene00022540,0.9666666666666667
WBGene00001262,0.9333333333333333
WBGene00007207,1.0
WBGene00010330,1.0
WBGene00016396,1.0
WBGene00020383,0.8666666666666667
WBGene00013575,1.0
WBGene00018334,1.0
WBGene00022056,0.9666666666666667
WBGene00008625,0.9666666666666667
WBGene00001637,1.0
WBGene00015043,0.9333333333333333
WBGene00010984,1.0
WBGene00008522,0.9
WBGene00003924,0.6666666666666666
WBGene00018533,1.0
WBGene00003392,1.0
WBGene00015956,1.0
WBGene00015286,1.0
WBGene00001781,0.9333333333333333
WBGene00000286,1.0
WBGene00000896,1.0
WBGene00018762,1.0
WBGene00003794,1.0
WBGene00012326,1.0
WBGene00008647,0.9666666666666667
WBGene00008886,1.0
WBGene00020191,1.0
WBGene00016964,0.8333333333333334
WBGene00019298,1.0
WBGene00004214,1.0
WBGene00003721,1.0
WBGene00018161,1.0
WBGene00011302,1.0
WBGene00001955,1.0
WBGene00019658,1.0
WBGene00006591,1.0
WBGene00011526,1.0
WBGene00007957,0.9333333333333333
WBGene00044640,1.0
WBGene00020263,1.0
WBGene00007859,1.0
WBGene00015399,1.0
WBGene00013926,1.0
WBGene00011850,0.9666666666666667
WBGene00004888,1.0
WBGene00009118,1.0
WBGene00015868,1.0
WBGene00017838,0.9
WBGene00015400,1.0
WBGene00003953,1.0
WBGene00004933,1.0
WBGene00004467,0.9666666666666667
WBGene00017749,1.0
WBGene00015413,1.0
WBGene00021237,1.0
WBGene00003693,1.0
WBGene00004025,1.0
WBGene00020742,1.0
WBGene00006663,1.0
WBGene00002039,1.0
WBGene00014054,1.0
WBGene00008459,1.0
WBGene00016508,1.0
WBGene00022114,1.0
WBGene00006942,1.0
WBGene00015599,1.0
WBGene00012750,1.0
WBGene00004249,1.0
WBGene00044811,0.9333333333333333
WBGene00007443,1.0
WBGene00010055,1.0
WBGene00011758,1.0
WBGene00022258,1.0
WBGene00014258,1.0
WBGene00002045,1.0
WBGene00009045,1.0
WBGene00012484,1.0
WBGene00008405,0.9333333333333333
WBGene00008323,0.6333333333333333
WBGene00006675,1.0
WBGene00303021,1.0
WBGene00018656,1.0
WBGene00004464,1.0
WBGene00017620,1.0
WBGene00022037,0.5333333333333333
WBGene00011392,1.0
WBGene00009978,1.0
WBGene00011692,1.0
WBGene00007564,1.0
WBGene00018017,1.0
WBGene00018431,1.0
WBGene00009829,1.0
WBGene00015889,0.8333333333333334
WBGene00015434,1.0
WBGene00013874,1.0
WBGene00000941,1.0
WBGene00019113,1.0
WBGene00044737,1.0
WBGene00017969,1.0
WBGene00013637,1.0
WBGene00013900,1.0
WBGene00005602,1.0
WBGene00015633,1.0
WBGene00011098,0.9666666666666667
WBGene00002229,1.0
WBGene00022044,1.0
WBGene00000785,1.0
WBGene00010320,1.0
WBGene00019433,0.9666666666666667
WBGene00019276,0.9666666666666667
WBGene00015713,0.8666666666666667
WBGene00018853,1.0
WBGene00001087,1.0
WBGene00219373,0.6666666666666666
WBGene00010785,1.0
WBGene00012015,1.0
WBGene00011953,1.0
WBGene00006491,1.0
WBGene00003801,1.0
WBGene00021176,0.6333333333333333
WBGene00006572,1.0
WBGene00044094,1.0
WBGene00017484,1.0
WBGene00008971,1.0
WBGene00007105,1.0
WBGene00003610,0.9
WBGene00021783,1.0
WBGene00003756,1.0
WBGene00016995,1.0
WBGene00019759,1.0
WBGene00009237,0.7
WBGene00018782,0.9666666666666667
WBGene00021567,1.0
WBGene00011281,1.0
WBGene00020391,1.0
WBGene00008914,1.0
WBGene00013263,1.0
WBGene00019322,1.0
WBGene00006408,1.0
WBGene00013578,1.0
WBGene00022386,1.0
WBGene00010232,1.0
WBGene00022441,1.0
WBGene00021482,1.0
WBGene00022144,1.0
WBGene00020886,1.0
WBGene00019166,1.0
WBGene00021322,1.0
WBGene00012641,1.0
WBGene00006608,1.0
WBGene00002001,1.0
WBGene00009386,1.0
WBGene00016888,1.0
WBGene00013156,1.0
WBGene00019886,0.9666666666666667
WBGene00009583,1.0
WBGene00022176,1.0
WBGene00013361,1.0
WBGene00009439,1.0
WBGene00006613,1.0
WBGene00019388,1.0
WBGene00008354,1.0
WBGene00003589,1.0
WBGene00003606,1.0
WBGene00016506,1.0
WBGene00012697,1.0
WBGene00001225,1.0
WBGene00010713,1.0
WBGene00020549,1.0
WBGene00004466,1.0
WBGene00000380,1.0
WBGene00002275,1.0
WBGene00044779,1.0
WBGene00020317,1.0
WBGene00009653,1.0
WBGene00045516,1.0
WBGene00008774,1.0
WBGene00016664,1.0
WBGene00006529,1.0
WBGene00006786,1.0
WBGene00006720,1.0
WBGene00008506,1.0
WBGene00000225,0.9666666666666667
WBGene00016422,1.0
WBGene00013924,1.0
WBGene00003652,1.0
WBGene00007971,1.0
WBGene00010703,1.0
WBGene00015326,0.9333333333333333
WBGene00007972,1.0
WBGene00006856,1.0
WBGene00000990,1.0
WBGene00013111,1.0
WBGene00015759,0.5333333333333333
WBGene00011705,1.0
WBGene00003949,1.0
WBGene00012445,1.0
WBGene00001396,0.9
WBGene00008043,0.9666666666666667
WBGene00015515,1.0
WBGene00008615,1.0
WBGene00017768,1.0
WBGene00005078,1.0
WBGene00006815,1.0
WBGene00012804,1.0
WBGene00013382,1.0
WBGene00020932,1.0
WBGene00011353,1.0
WBGene00012216,0.6666666666666666
WBGene00020479,1.0
WBGene00019741,0.7666666666666667
WBGene00017785,1.0
WBGene00045387,0.9666666666666667
WBGene00013880,1.0
WBGene00009818,1.0
WBGene00020995,1.0
WBGene00000370,0.9666666666666667
WBGene00003951,0.9666666666666667
WBGene00021420,1.0
WBGene00001068,1.0
WBGene00020469,1.0
WBGene00018836,1.0
WBGene00001464,1.0
WBGene00012934,1.0
WBGene00019854,0.9666666666666667
WBGene00004318,1.0
WBGene00012351,1.0
WBGene00006575,0.9
WBGene00021268,1.0
WBGene00013324,1.0
WBGene00002152,1.0
WBGene00012886,1.0
WBGene00020717,1.0
WBGene00003622,1.0
WBGene00018008,1.0
WBGene00001309,1.0
WBGene00014099,1.0
WBGene00006640,1.0
WBGene00010070,1.0
WBGene00004875,1.0
WBGene00044525,1.0
WBGene00004336,1.0
WBGene00016677,1.0
WBGene00010075,1.0
WBGene00019593,1.0
WBGene00007050,1.0
WBGene00018380,0.6333333333333333
WBGene00015927,1.0
WBGene00017726,0.9333333333333333
WBGene00019727,1.0
WBGene00044471,0.6666666666666666
WBGene00020849,1.0
WBGene00006536,1.0
WBGene00020808,1.0
WBGene00018564,1.0
WBGene00271795,1.0
WBGene00016670,0.9333333333333333
WBGene00011064,1.0
WBGene00008389,1.0
WBGene00002000,1.0
WBGene00012722,1.0
WBGene00013007,1.0
WBGene00009559,1.0
WBGene00004874,1.0
WBGene00020208,1.0
WBGene00022042,1.0
WBGene00013020,1.0
WBGene00006823,1.0
WBGene00017098,1.0
WBGene00019148,1.0
WBGene00003986,1.0
WBGene00021133,1.0
WBGene00016412,1.0
WBGene00017800,1.0
WBGene00005117,0.9
WBGene00007312,1.0
WBGene00012980,1.0
WBGene00006489,1.0
WBGene00001852,1.0
WBGene00013950,0.9333333333333333
WBGene00016195,1.0
WBGene00003952,1.0
WBGene00010730,1.0
WBGene00013516,1.0
WBGene00018913,1.0
WBGene00003544,1.0
WBGene00021469,1.0
WBGene00001320,1.0
WBGene00021170,1.0
WBGene00017571,1.0
WBGene00009057,1.0
WBGene00017306,1.0
WBGene00013920,1.0
WBGene00013151,1.0
WBGene00015476,1.0
WBGene00016119,1.0
WBGene00019918,0.7
WBGene00010941,0.9666666666666667
WBGene00020999,1.0
WBGene00012652,1.0
WBGene00012555,1.0
WBGene00001073,1.0
WBGene00018897,1.0
WBGene00016411,1.0
WBGene00016391,1.0
WBGene00012205,1.0
WBGene00002079,1.0
WBGene00020315,1.0
WBGene00007555,1.0
WBGene00022816,1.0
WBGene00021427,1.0
WBGene00011185,1.0
WBGene00004386,1.0
WBGene00000123,1.0
WBGene00009787,0.8
WBGene00007435,1.0
WBGene00015055,1.0
WBGene00000273,1.0
WBGene00006701,1.0
WBGene00077526,1.0
WBGene00007647,1.0
WBGene00003649,1.0
WBGene00020691,1.0
WBGene00004703,1.0
WBGene00011740,1.0
WBGene00001330,1.0
WBGene00017464,1.0
WBGene00004923,1.0
WBGene00008042,1.0
WBGene00004388,1.0
WBGene00004187,1.0
WBGene00020813,1.0
WBGene00008458,1.0
WBGene00021475,1.0
WBGene00013267,1.0
WBGene00020083,1.0
WBGene00009654,1.0
WBGene00001331,1.0
WBGene00022493,1.0
WBGene00010812,1.0
WBGene00017950,1.0
WBGene00003635,1.0
WBGene00008777,0.9666666666666667
WBGene00022643,1.0
WBGene00007479,1.0
WBGene00020135,1.0
WBGene00015695,1.0
WBGene00004732,0.6666666666666666
WBGene00011289,0.9666666666666667
WBGene00007765,1.0
WBGene00008053,1.0
WBGene00000277,1.0
WBGene00003870,1.0
WBGene00006431,1.0
WBGene00010746,0.7333333333333333
WBGene00011003,0.9666666666666667
WBGene00015124,0.9666666666666667
WBGene00022864,1.0
WBGene00002268,0.7666666666666667
WBGene00000675,1.0
WBGene00016641,1.0
WBGene00010178,1.0
WBGene00016631,1.0
WBGene00021830,1.0
WBGene00012148,1.0
WBGene00008411,1.0
WBGene00011043,1.0
WBGene00011932,1.0
WBGene00017300,1.0
WBGene00011364,1.0
WBGene00021956,1.0
WBGene00013046,1.0
WBGene00006307,1.0
WBGene00008205,1.0
WBGene00017681,1.0
WBGene00014017,1.0
WBGene00009521,1.0
WBGene00022063,1.0
WBGene00000978,1.0
WBGene00219274,0.9666666666666667
WBGene00016509,1.0
WBGene00020446,0.5666666666666667
WBGene00017303,1.0
WBGene00017961,0.9
WBGene00016714,1.0
WBGene00006794,1.0
WBGene00010720,1.0
WBGene00022440,1.0
WBGene00003632,1.0
WBGene00006366,1.0
WBGene00013244,1.0
WBGene00006982,1.0
WBGene00022463,1.0
WBGene00000923,1.0
WBGene00018150,1.0
WBGene00009594,1.0
WBGene00019365,0.9333333333333333
WBGene00007750,1.0
WBGene00001069,1.0
WBGene00021752,1.0
WBGene00044324,1.0
WBGene00004918,1.0
WBGene00021702,1.0
WBGene00013958,1.0
WBGene00016345,1.0
WBGene00011839,1.0
WBGene00023408,1.0
WBGene00018036,1.0
WBGene00001769,0.9666666666666667
WBGene00012966,1.0
WBGene00009352,1.0
WBGene00016734,1.0
WBGene00302980,1.0
WBGene00012556,1.0
WBGene00000172,1.0
WBGene00022416,1.0
WBGene00013321,1.0
WBGene00018743,1.0
WBGene00004916,1.0
WBGene00019488,1.0
WBGene00003123,1.0
WBGene00000549,1.0
WBGene00009133,1.0
WBGene00003062,1.0
WBGene00008624,1.0
WBGene00004194,1.0
WBGene00006706,1.0
WBGene00007989,0.9
WBGene00001031,1.0
WBGene00009801,1.0
WBGene00011239,1.0
WBGene00017133,1.0
WBGene00006515,1.0
WBGene00004503,1.0
WBGene00000236,1.0
WBGene00021876,1.0
WBGene00008485,0.9333333333333333
WBGene00002075,1.0
WBGene00018960,1.0
WBGene00001444,1.0
WBGene00022253,1.0
WBGene00015949,1.0
WBGene00000479,1.0
WBGene00008591,0.9333333333333333
WBGene00002073,1.0
WBGene00006897,1.0
WBGene00006565,1.0
WBGene00012550,1.0
WBGene00019836,1.0
WBGene00019884,1.0
WBGene00003528,1.0
WBGene00022057,1.0
WBGene00021497,1.0
WBGene00009966,1.0
WBGene00010262,1.0
WBGene00017667,0.9333333333333333
WBGene00018406,1.0
WBGene00009996,1.0
WBGene00006372,1.0
WBGene00014098,1.0
WBGene00021857,1.0
WBGene00017169,1.0
WBGene00011032,1.0
WBGene00001448,1.0
WBGene00007017,1.0
WBGene00021933,1.0
WBGene00019734,0.9666666666666667
WBGene00017003,1.0
WBGene00011517,1.0
WBGene00001581,1.0
WBGene00007685,0.9333333333333333
WBGene00011883,0.5333333333333333
WBGene00003947,0.5333333333333333
WBGene00022130,1.0
WBGene00022107,1.0
WBGene00002107,1.0
WBGene00018951,0.9333333333333333
WBGene00001858,1.0
WBGene00018426,1.0
WBGene00009187,1.0
WBGene00007509,1.0
WBGene00020703,0.9333333333333333
WBGene00014175,1.0
WBGene00004878,1.0
WBGene00018318,1.0
WBGene00023485,1.0
WBGene00004123,1.0
WBGene00020636,1.0
WBGene00007178,0.9
WBGene00009330,1.0
WBGene00008132,1.0
WBGene00001001,1.0
WBGene00021875,1.0
WBGene00018249,1.0
WBGene00010328,0.9666666666666667
WBGene00021247,1.0
WBGene00017663,1.0
WBGene00012343,1.0
WBGene00008963,1.0
WBGene00021446,1.0
WBGene00001438,1.0
WBGene00004463,1.0
WBGene00022718,1.0
WBGene00020714,1.0
WBGene00010847,1.0
WBGene00011527,0.9333333333333333
WBGene00010935,1.0
WBGene00007372,1.0
WBGene00020839,0.7
WBGene00015344,1.0
WBGene00022393,0.9666666666666667
WBGene00013790,1.0
WBGene00009929,1.0
WBGene00001623,0.9666666666666667
WBGene00003956,1.0
WBGene00020462,1.0
WBGene00011033,1.0
WBGene00004924,1.0
WBGene00003247,1.0
WBGene00015918,0.9
WBGene00003789,1.0
WBGene00010721,1.0
WBGene00009140,1.0
WBGene00006518,1.0
WBGene00018418,1.0
WBGene00003950,0.9666666666666667
WBGene00008225,1.0
WBGene00010041,1.0
WBGene00016749,1.0
WBGene00014213,1.0
WBGene00020171,1.0
WBGene00021932,1.0
WBGene00022347,1.0
WBGene00019994,1.0
WBGene00001999,1.0
WBGene00010923,1.0
WBGene00001487,0.9666666666666667
WBGene00012648,1.0
WBGene00012999,1.0
WBGene00004700,1.0
WBGene00022146,1.0
WBGene00009980,1.0
WBGene00000206,1.0
WBGene00011726,1.0
WBGene00003788,1.0
WBGene00003684,1.0
WBGene00008639,1.0
WBGene00007749,1.0
WBGene00020107,1.0
WBGene00009532,1.0
WBGene00023489,1.0
WBGene00013996,1.0
WBGene00002113,0.9
WBGene00003700,1.0
WBGene00017811,1.0
WBGene00007626,1.0
WBGene00000039,1.0
WBGene00016438,1.0
WBGene00005000,1.0
WBGene00013738,1.0
WBGene00008317,1.0
WBGene00020740,1.0
WBGene00006220,0.6666666666666666
WBGene00004706,1.0
WBGene00020016,1.0
WBGene00003681,1.0
WBGene00006392,1.0
WBGene00018572,1.0
WBGene00017238,1.0
WBGene00020031,1.0
WBGene00003791,1.0
WBGene00003806,1.0
WBGene00018750,1.0
WBGene00013515,0.9
WBGene00022458,1.0
WBGene00004754,1.0
WBGene00002010,1.0
WBGene00012896,1.0
WBGene00016958,1.0
WBGene00017988,1.0
WBGene00017201,1.0
WBGene00003927,1.0
WBGene00020748,0.9
WBGene00044206,1.0
WBGene00013268,1.0
WBGene00020102,1.0
WBGene00018803,1.0
WBGene00018590,1.0
WBGene00003476,1.0
WBGene00017419,1.0
WBGene00000816,1.0
WBGene00001790,1.0
WBGene00050939,1.0
WBGene00012140,1.0
WBGene00000387,1.0
WBGene00284848,0.9666666666666667
WBGene00003804,1.0
WBGene00019259,1.0
WBGene00012658,1.0
WBGene00010470,0.9333333333333333
WBGene00014233,1.0
WBGene00015702,1.0
WBGene00012676,1.0
WBGene00011288,0.9333333333333333
WBGene00012907,1.0
WBGene00022445,1.0
WBGene00006833,1.0
WBGene00010905,1.0
WBGene00003797,1.0
WBGene00000509,1.0
WBGene00019760,1.0
WBGene00001037,1.0
WBGene00018413,1.0
WBGene00016269,1.0
WBGene00001816,1.0
WBGene00015181,1.0
WBGene00017447,0.9666666666666667
WBGene00000993,1.0
WBGene00000198,1.0
WBGene00016446,0.9333333333333333
WBGene00004315,1.0
WBGene00011524,0.9666666666666667
WBGene00010290,1.0
WBGene00002047,1.0
WBGene00021270,1.0
WBGene00008122,1.0
WBGene00044977,1.0
WBGene00004221,1.0
WBGene00015660,0.9
WBGene00043097,1.0
WBGene00003680,1.0
WBGene00020014,1.0
WBGene00009207,1.0
WBGene00013083,1.0
WBGene00021292,1.0
WBGene00013636,1.0
WBGene00020511,1.0
WBGene00000966,1.0
WBGene00022301,1.0
WBGene00015104,1.0
WBGene00009925,1.0
WBGene00021400,1.0
WBGene00018339,0.7666666666666667
WBGene00015268,1.0
WBGene00013872,1.0
WBGene00011554,0.9
WBGene00007881,1.0
WBGene00021952,1.0
WBGene00003751,1.0
WBGene00045078,1.0
WBGene00016456,1.0
WBGene00017686,1.0
WBGene00003792,1.0
WBGene00002100,1.0
WBGene00011306,1.0
WBGene00016015,1.0
WBGene00000802,1.0
WBGene00021784,1.0
WBGene00015202,1.0
WBGene00021004,1.0
WBGene00000138,0.9666666666666667
WBGene00007875,0.8333333333333334
WBGene00003685,1.0
WBGene00016147,1.0
WBGene00022734,1.0
WBGene00004135,1.0
WBGene00003915,1.0
WBGene00013530,1.0
WBGene00016283,1.0
WBGene00015294,1.0
WBGene00018112,0.5333333333333333
WBGene00004408,1.0
WBGene00019946,0.7333333333333333
WBGene00006629,1.0
WBGene00021348,1.0
WBGene00008177,1.0
WBGene00000741,0.9666666666666667
WBGene00021281,1.0
WBGene00019780,1.0
WBGene00000992,1.0
WBGene00003710,1.0
WBGene00013605,1.0
WBGene00000235,1.0
WBGene00000033,0.9333333333333333
WBGene00007352,1.0
WBGene00010266,0.6666666666666666
WBGene00019301,1.0
WBGene00010274,1.0
WBGene00003716,1.0
WBGene00022267,0.8
WBGene00016738,1.0
WBGene00021493,1.0
WBGene00001403,1.0
WBGene00008388,0.9
WBGene00004380,1.0
WBGene00015197,0.6
WBGene00010909,1.0
WBGene00002133,1.0
WBGene00016417,0.5333333333333333
WBGene00011272,1.0
WBGene00018934,1.0
WBGene00008749,1.0
WBGene00021922,1.0
WBGene00014004,1.0
WBGene00016629,1.0
WBGene00015915,1.0
WBGene00021813,1.0
WBGene00000980,1.0
WBGene00011727,1.0
WBGene00017390,1.0
WBGene00021371,1.0
WBGene00017691,0.6666666666666666
WBGene00007444,1.0
WBGene00017119,0.9333333333333333
WBGene00000967,1.0
WBGene00011817,1.0
WBGene00008820,1.0
WBGene00022439,1.0
WBGene00000872,1.0
WBGene00004458,0.9333333333333333
WBGene00000891,1.0
WBGene00018151,1.0
WBGene00020153,1.0
WBGene00018044,1.0
WBGene00021899,1.0
WBGene00021412,0.9666666666666667
WBGene00017759,1.0
WBGene00003822,1.0
WBGene00018779,1.0
WBGene00009514,1.0
WBGene00007931,1.0
WBGene00012339,1.0
WBGene00003026,1.0
WBGene00006935,0.9333333333333333
WBGene00003675,1.0
WBGene00019607,0.9
WBGene00004185,1.0
WBGene00021828,1.0
WBGene00012830,1.0
WBGene00022394,1.0
WBGene00018403,1.0
WBGene00001604,0.9666666666666667
WBGene00003156,1.0
WBGene00016111,1.0
WBGene00016693,1.0
WBGene00013543,1.0
WBGene00000794,1.0
WBGene00019953,1.0
WBGene00022153,1.0
WBGene00022774,1.0
WBGene00003209,1.0
WBGene00007943,1.0
WBGene00194855,0.9333333333333333
WBGene00006986,1.0
WBGene00001005,1.0
WBGene00003982,1.0
WBGene00001827,1.0
WBGene00019906,1.0
WBGene00003119,1.0
WBGene00001189,1.0
WBGene00012322,1.0
WBGene00015048,1.0
WBGene00010427,1.0
WBGene00022117,1.0
WBGene00011675,0.9333333333333333
WBGene00019076,1.0
WBGene00016628,0.9
WBGene00016684,1.0
WBGene00012360,1.0
WBGene00001630,1.0
WBGene00007562,0.9
WBGene00012858,1.0
WBGene00023417,1.0
WBGene00011688,1.0
WBGene00021277,1.0
WBGene00001426,1.0
WBGene00003739,1.0
WBGene00007748,1.0
WBGene00002043,1.0
WBGene00007653,1.0
WBGene00003617,1.0
WBGene00007145,1.0
WBGene00000542,1.0
WBGene00011247,1.0
WBGene00017781,0.9666666666666667
WBGene00007331,1.0
WBGene00013260,1.0
WBGene00012113,1.0
WBGene00043156,1.0
WBGene00044280,1.0
WBGene00005015,1.0
WBGene00008502,1.0
WBGene00003254,0.8333333333333334
WBGene00004862,1.0
WBGene00007587,1.0
WBGene00004505,0.9333333333333333
WBGene00018269,1.0
WBGene00013949,0.9666666666666667
WBGene00022141,1.0
WBGene00011752,1.0
WBGene00002957,1.0
WBGene00012668,1.0
WBGene00001172,1.0
WBGene00000743,0.9
WBGene00004892,0.9666666666666667
WBGene00017675,1.0
WBGene00013210,1.0
WBGene00002169,1.0
WBGene00009368,1.0
WBGene00007107,1.0
WBGene00001049,0.8
WBGene00002827,1.0
WBGene00010042,1.0
WBGene00014006,0.5333333333333333
WBGene00022694,1.0
WBGene00018160,0.9666666666666667
WBGene00015117,1.0
WBGene00017786,1.0
WBGene00010052,0.9333333333333333
WBGene00012412,1.0
WBGene00011760,1.0
WBGene00010174,1.0
WBGene00004326,1.0
WBGene00002061,1.0
WBGene00001983,1.0
WBGene00021253,1.0
WBGene00002219,1.0
WBGene00011244,0.9
WBGene00011307,1.0
WBGene00002232,1.0
WBGene00021095,1.0
WBGene00001391,1.0
WBGene00003990,1.0
WBGene00001462,1.0
WBGene00003803,1.0
WBGene00004919,1.0
WBGene00018288,1.0
WBGene00003133,1.0
WBGene00018285,1.0
WBGene00006351,0.9666666666666667
WBGene00004459,1.0
WBGene00008311,1.0
WBGene00016167,1.0
WBGene00001829,1.0
WBGene00015381,1.0
WBGene00002269,1.0
WBGene00023419,1.0
WBGene00018778,1.0
WBGene00015075,1.0
WBGene00020340,1.0
WBGene00001059,1.0
WBGene00007463,1.0
WBGene00019219,1.0
WBGene00010037,1.0
WBGene00001628,1.0
WBGene00001007,1.0
WBGene00009052,1.0
WBGene00007730,1.0
WBGene00000415,1.0
WBGene00007981,1.0
WBGene00018612,1.0
WBGene00022201,1.0
WBGene00008714,1.0
WBGene00009012,1.0
WBGene00015470,1.0
WBGene00000121,1.0
WBGene00044611,1.0
WBGene00022139,1.0
WBGene00003074,1.0
WBGene00004735,0.6333333333333333
WBGene00008679,0.7333333333333333
WBGene00019333,0.9333333333333333
WBGene00010133,1.0
WBGene00009620,1.0
WBGene00007691,1.0
WBGene00015517,1.0
WBGene00011100,1.0
WBGene00013144,1.0
WBGene00004305,1.0
WBGene00017989,1.0
WBGene00015525,1.0
WBGene00011938,1.0
WBGene00016330,0.9333333333333333
WBGene00044620,1.0
WBGene00004756,1.0
WBGene00004037,1.0
WBGene00020868,1.0
WBGene00021800,0.6666666666666666
WBGene00019742,0.9
WBGene00021347,1.0
WBGene00008211,1.0
WBGene00008035,1.0
WBGene00001247,1.0
WBGene00003626,1.0
WBGene00011416,1.0
WBGene00001671,1.0
WBGene00019592,1.0
WBGene00014120,1.0
WBGene00008616,1.0
WBGene00007413,1.0
WBGene00004704,1.0
WBGene00010086,0.9
WBGene00000064,1.0
WBGene00011648,1.0
WBGene00021156,1.0
WBGene00009804,1.0
WBGene00004699,1.0
WBGene00008806,1.0
WBGene00010834,1.0
WBGene00194651,1.0
WBGene00006473,1.0
WBGene00000498,1.0
WBGene00018384,1.0
WBGene00007402,1.0
WBGene00020158,0.9
WBGene00004090,1.0
WBGene00009008,1.0
WBGene00019160,1.0
WBGene00009820,1.0
WBGene00002231,1.0
WBGene00000987,1.0
WBGene00003914,1.0
WBGene00010851,1.0
WBGene00013919,1.0
WBGene00007186,1.0
WBGene00009926,1.0
WBGene00015593,1.0
WBGene00019004,0.6
WBGene00003812,0.9333333333333333
WBGene00017591,1.0
WBGene00008576,1.0
WBGene00018747,0.9
WBGene00010616,1.0
WBGene00015298,1.0
WBGene00006688,1.0
WBGene00003958,1.0
WBGene00018931,0.9
WBGene00015938,0.9
WBGene00001688,1.0
WBGene00018333,0.9333333333333333
WBGene00020092,1.0
WBGene00009922,0.9333333333333333
WBGene00018350,1.0
WBGene00019438,1.0
WBGene00044167,1.0
WBGene00000379,1.0
WBGene00017356,1.0
WBGene00045338,1.0
WBGene00003778,1.0
WBGene00001071,1.0
WBGene00022076,1.0
WBGene00009973,1.0
WBGene00020562,1.0
WBGene00007365,1.0
WBGene00007973,1.0
WBGene00000098,1.0
WBGene00012472,1.0
WBGene00019747,1.0
WBGene00006920,1.0
WBGene00015734,1.0
WBGene00008151,0.5666666666666667
WBGene00021325,1.0
WBGene00194692,1.0
WBGene00022858,1.0
WBGene00006829,1.0
WBGene00013674,1.0
WBGene00012936,1.0
WBGene00001163,1.0
WBGene00014250,1.0
WBGene00017280,1.0
WBGene00007499,1.0
WBGene00006367,1.0
WBGene00017317,1.0
WBGene00021260,1.0
WBGene00020649,0.9
WBGene00009119,1.0
WBGene00022425,1.0
WBGene00008944,1.0
WBGene00019005,1.0
WBGene00019376,1.0
WBGene00005655,1.0
WBGene00000083,1.0
WBGene00019831,1.0
WBGene00008803,0.9
WBGene00018730,1.0
WBGene00004219,1.0
WBGene00015219,1.0
WBGene00012407,1.0
WBGene00020368,0.9333333333333333
WBGene00007832,0.7333333333333333
WBGene00009408,1.0
WBGene00019092,1.0
WBGene00004460,1.0
WBGene00007615,1.0
WBGene00017825,0.9666666666666667
WBGene00009051,1.0
WBGene00007536,1.0
WBGene00015427,0.6
WBGene00007646,1.0
WBGene00021963,1.0
WBGene00000063,1.0
WBGene00007545,1.0
WBGene00003154,1.0
WBGene00000932,1.0
WBGene00007336,0.9666666666666667
WBGene00020953,1.0
WBGene00019941,0.6666666666666666
WBGene00018351,1.0
WBGene00009243,0.5333333333333333
WBGene00019960,1.0
WBGene00018703,1.0
WBGene00044696,0.8666666666666667
WBGene00010908,0.8666666666666667
WBGene00008143,1.0
WBGene00004237,1.0
WBGene00020693,1.0
WBGene00022012,1.0
WBGene00003076,1.0
WBGene00016193,1.0
WBGene00011291,0.9333333333333333
WBGene00011857,1.0
WBGene00013225,1.0
WBGene00002065,1.0
WBGene00008041,1.0
WBGene00002142,1.0
WBGene00002074,0.9666666666666667
WBGene00021929,1.0
WBGene00009783,0.8666666666666667
WBGene00017065,1.0
WBGene00021026,1.0
WBGene00011141,1.0
WBGene00021370,1.0
WBGene00022048,1.0
WBGene00014224,1.0
WBGene00003400,1.0
WBGene00013734,1.0
WBGene00003847,1.0
WBGene00021157,0.9333333333333333
WBGene00013984,1.0
WBGene00044394,1.0
WBGene00016790,1.0
WBGene00012783,1.0
WBGene00001496,1.0
WBGene00004387,1.0
WBGene00013716,1.0
WBGene00011856,0.5666666666666667
WBGene00023493,1.0
WBGene00000209,1.0
WBGene00020699,1.0
WBGene00011540,1.0
WBGene00016404,1.0
WBGene00016057,1.0
WBGene00000874,0.9666666666666667
WBGene00002129,0.9666666666666667
WBGene00017374,1.0
WBGene00021522,1.0
WBGene00007990,0.5666666666666667
WBGene00008139,0.5666666666666667
WBGene00021845,1.0
WBGene00016278,1.0
WBGene00008765,1.0
WBGene00021425,1.0
WBGene00009366,0.9666666666666667
WBGene00009732,1.0
WBGene00002267,1.0
WBGene00002003,1.0
WBGene00012777,1.0
WBGene00017195,1.0
WBGene00017582,1.0
WBGene00022852,1.0
WBGene00019544,1.0
WBGene00020297,1.0
WBGene00016151,0.7
WBGene00003689,0.9666666666666667
WBGene00012068,0.6
WBGene00007118,1.0
WBGene00007440,0.9
WBGene00022588,0.9
WBGene00012593,0.8333333333333334
WBGene00013209,1.0
WBGene00044069,1.0
WBGene00008936,1.0
WBGene00010433,1.0
WBGene00018409,1.0
WBGene00006755,1.0
WBGene00007504,0.9666666666666667
WBGene00000066,1.0
WBGene00006708,1.0
WBGene00008000,1.0
WBGene00015430,1.0
WBGene00017274,1.0
WBGene00019435,0.9666666666666667
WBGene00004807,1.0
WBGene00003991,1.0
WBGene00007220,1.0
WBGene00018485,1.0
WBGene00006580,0.9
WBGene00020112,1.0
WBGene00003851,1.0
WBGene00006917,0.8666666666666667
WBGene00012600,1.0
WBGene00019837,0.6333333333333333
WBGene00044078,1.0
WBGene00009535,1.0
WBGene00010545,1.0
WBGene00018757,0.5333333333333333
WBGene00003615,0.9666666666666667
WBGene00013037,0.9
WBGene00004169,1.0
WBGene00009322,1.0
WBGene00000767,1.0
WBGene00010546,1.0
WBGene00044318,1.0
WBGene00009500,0.6333333333333333
WBGene00011482,0.9
WBGene00007405,0.9
WBGene00007623,1.0
WBGene00003151,0.9333333333333333
WBGene00019762,1.0
WBGene00018756,1.0
WBGene00007219,1.0
WBGene00000879,1.0
WBGene00019489,0.5333333333333333
WBGene00007108,1.0
WBGene00002348,1.0
WBGene00007111,1.0
WBGene00003518,1.0
WBGene00004487,1.0
WBGene00003904,1.0
WBGene00017760,1.0
WBGene00011802,1.0
WBGene00010638,0.9
WBGene00009621,1.0
WBGene00012423,0.8333333333333334
WBGene00021491,1.0
WBGene00017738,1.0
WBGene00003892,1.0
WBGene00010976,0.9333333333333333
WBGene00003856,0.9
WBGene00002135,0.5333333333333333
WBGene00010897,1.0
WBGene00004003,0.9666666666666667
WBGene00003149,1.0
WBGene00002265,1.0
WBGene00007886,1.0
WBGene00007195,1.0
WBGene00012592,0.6333333333333333
WBGene00006697,1.0
WBGene00010541,1.0
WBGene00021036,1.0
WBGene00016929,0.9333333333333333
WBGene00018614,1.0
WBGene00004228,1.0
WBGene00003619,1.0
WBGene00004873,1.0
WBGene00011798,1.0
WBGene00001035,1.0
WBGene00021536,1.0
WBGene00016719,0.9
WBGene00006996,1.0
WBGene00021973,1.0
WBGene00018018,1.0
WBGene00017609,1.0
WBGene00000253,0.9666666666666667
WBGene00012983,1.0
WBGene00016115,1.0
WBGene00012000,1.0
WBGene00008666,1.0
WBGene00005833,1.0
WBGene00007586,1.0
WBGene00020651,0.6666666666666666
WBGene00012545,1.0
WBGene00016249,1.0
WBGene00020865,0.8333333333333334
WBGene00018721,1.0
WBGene00000041,1.0
WBGene00000157,1.0
WBGene00006109,1.0
WBGene00006702,1.0
WBGene00007593,1.0
WBGene00021401,1.0
WBGene00020764,1.0
WBGene00020481,1.0
WBGene00007400,1.0
WBGene00003158,1.0
WBGene00019979,0.5
WBGene00001077,1.0
WBGene00001792,1.0
WBGene00008400,1.0
WBGene00015025,1.0
WBGene00020837,1.0
WBGene00019345,1.0
WBGene00001632,1.0
WBGene00008530,1.0
WBGene00020930,0.9
WBGene00016659,1.0
WBGene00004173,1.0
WBGene00017993,1.0
WBGene00018508,1.0
WBGene00012465,1.0
WBGene00018682,1.0
WBGene00019326,0.5666666666666667
WBGene00000567,1.0
WBGene00018213,1.0
WBGene00020313,0.9666666666666667
WBGene00000545,1.0
WBGene00007464,1.0
WBGene00017939,0.9666666666666667
WBGene00002259,1.0
WBGene00008769,1.0
WBGene00009562,1.0
WBGene00009226,0.9666666666666667
WBGene00016728,0.9666666666666667
WBGene00009883,1.0
WBGene00012382,0.9
WBGene00008969,0.9
WBGene00002023,1.0
WBGene00007621,1.0
WBGene00003574,0.9
WBGene00002258,1.0
WBGene00004385,1.0
WBGene00015703,1.0
WBGene00015366,0.9
WBGene00018422,1.0
WBGene00007745,1.0
WBGene00006738,1.0
WBGene00000723,1.0
WBGene00017832,1.0
WBGene00008970,0.5666666666666667
WBGene00021697,1.0
WBGene00022648,0.6333333333333333
WBGene00004145,1.0
WBGene00022052,1.0
WBGene00000202,1.0
WBGene00011737,1.0
WBGene00013485,1.0
WBGene00010236,1.0
WBGene00009534,1.0
WBGene00014200,0.9
WBGene00013131,1.0
WBGene00001832,1.0
WBGene00015233,1.0
WBGene00020392,1.0
WBGene00016384,1.0
WBGene00015410,1.0
WBGene00010136,1.0
WBGene00012995,1.0
WBGene00010955,0.6333333333333333
WBGene00000411,1.0
WBGene00001478,0.9666666666666667
WBGene00003643,1.0
WBGene00017852,1.0
WBGene00020579,1.0
WBGene00009120,0.9666666666666667
WBGene00023422,1.0
WBGene00008730,1.0
WBGene00020030,0.9333333333333333
WBGene00006103,1.0
WBGene00017137,1.0
WBGene00021097,0.7
WBGene00001458,1.0
WBGene00013947,1.0
WBGene00007203,0.6333333333333333
WBGene00012344,1.0
WBGene00014139,1.0
WBGene00015921,0.9333333333333333
WBGene00003409,1.0
WBGene00017997,1.0
WBGene00013482,1.0
WBGene00001394,1.0
WBGene00020806,1.0
WBGene00044789,0.8666666666666667
WBGene00008768,1.0
WBGene00008490,1.0
WBGene00006537,1.0
WBGene00003654,1.0
WBGene00000773,1.0
WBGene00016431,1.0
WBGene00012166,1.0
WBGene00009049,0.9666666666666667
WBGene00007692,1.0
WBGene00021336,0.5
WBGene00003582,1.0
WBGene00000940,1.0
WBGene00011449,1.0
WBGene00003020,1.0
WBGene00018181,1.0
WBGene00000742,1.0
WBGene00010557,0.9333333333333333
WBGene00017054,0.9
WBGene00020006,1.0
WBGene00016644,1.0
WBGene00015057,0.8333333333333334
WBGene00012255,1.0
WBGene00017769,1.0
WBGene00004283,1.0
WBGene00004205,0.6
WBGene00007529,1.0
WBGene00012759,1.0
WBGene00016845,1.0
WBGene00008779,1.0
WBGene00014221,1.0
WBGene00021959,0.9666666666666667
WBGene00006812,1.0
WBGene00021816,1.0
WBGene00001160,1.0
WBGene00012959,1.0
WBGene00020251,1.0
WBGene00271812,1.0
WBGene00003082,1.0
WBGene00009722,1.0
WBGene00015362,1.0
WBGene00016588,1.0
WBGene00018645,1.0
WBGene00011559,0.9666666666666667
WBGene00009639,1.0
WBGene00015266,1.0
WBGene00021965,0.7333333333333333
WBGene00001042,1.0
WBGene00022776,1.0
WBGene00022307,0.8
WBGene00013606,1.0
WBGene00019547,1.0
WBGene00011429,0.7
WBGene00020498,1.0
WBGene00011931,1.0
WBGene00017291,1.0
WBGene00015706,1.0
WBGene00012694,1.0
WBGene00004920,1.0
WBGene00005002,1.0
WBGene00008397,1.0
WBGene00002195,1.0
WBGene00017643,1.0
WBGene00007045,0.9333333333333333
WBGene00001281,0.9666666666666667
WBGene00007200,1.0
WBGene00003214,1.0
WBGene00045418,0.9
WBGene00020931,1.0
WBGene00021093,1.0
WBGene00021460,1.0
WBGene00019820,1.0
WBGene00000369,1.0
WBGene00010910,1.0
WBGene00013969,0.5666666666666667
WBGene00016408,1.0
WBGene00000203,1.0
WBGene00013460,1.0
WBGene00008532,1.0
WBGene00006919,1.0
WBGene00004042,1.0
WBGene00016793,1.0
WBGene00003786,0.9
WBGene00004051,1.0
WBGene00004370,1.0
WBGene00017162,1.0
WBGene00000239,1.0
WBGene00015609,1.0
WBGene00004377,0.7
WBGene00010001,0.5333333333333333
WBGene00004740,1.0
WBGene00019212,1.0
WBGene00020921,1.0
WBGene00015635,1.0
WBGene00016406,1.0
WBGene00006494,1.0
WBGene00001803,1.0
WBGene00009624,1.0
WBGene00007284,1.0
WBGene00000233,1.0
WBGene00007669,1.0
WBGene00016062,1.0
WBGene00015805,1.0
WBGene00009336,1.0
WBGene00003749,0.7666666666666667
WBGene00019620,1.0
WBGene00005153,0.9333333333333333
WBGene00007616,1.0
WBGene00003015,1.0
WBGene00013550,0.9333333333333333
WBGene00022765,1.0
WBGene00018411,1.0
WBGene00017430,1.0
WBGene00270322,1.0
WBGene00010799,0.9
WBGene00016634,1.0
WBGene00008921,1.0
WBGene00011398,1.0
WBGene00003884,1.0
WBGene00013849,1.0
WBGene00003577,1.0
WBGene00012443,1.0
WBGene00007514,1.0
WBGene00008519,1.0
WBGene00021470,1.0
WBGene00000899,1.0
WBGene00015463,1.0
WBGene00008876,1.0
WBGene00020334,1.0
WBGene00003707,0.5
WBGene00020594,0.9666666666666667
WBGene00001157,1.0
WBGene00022202,1.0
WBGene00002110,1.0
WBGene00016135,1.0
WBGene00005832,0.9666666666666667
WBGene00010771,1.0
WBGene00009895,0.9333333333333333
WBGene00019399,0.9666666666666667
WBGene00015565,1.0
WBGene00017721,1.0
WBGene00007126,1.0
WBGene00006983,0.9666666666666667
WBGene00013557,0.8333333333333334
WBGene00001813,1.0
WBGene00017282,1.0
WBGene00014095,1.0
WBGene00012875,1.0
WBGene00006692,1.0
WBGene00012375,1.0
WBGene00021637,0.5333333333333333
WBGene00011713,0.8666666666666667
WBGene00000238,1.0
WBGene00003800,1.0
WBGene00015479,1.0
WBGene00021372,1.0
WBGene00008980,1.0
WBGene00010793,0.8666666666666667
WBGene00018625,1.0
WBGene00022358,1.0
WBGene00003159,1.0
WBGene00003965,1.0
WBGene00008107,1.0
WBGene00009201,0.9
WBGene00005014,0.9333333333333333
WBGene00013343,1.0
WBGene00017975,1.0
WBGene00021128,0.9666666666666667
WBGene00004076,1.0
WBGene00012059,1.0
WBGene00001094,1.0
WBGene00015329,1.0
WBGene00017348,1.0
WBGene00012808,0.9333333333333333
WBGene00012554,1.0
WBGene00004270,1.0
WBGene00015729,0.9
WBGene00016172,0.9
WBGene00044746,1.0
WBGene00009128,1.0
WBGene00013150,0.5
WBGene00012398,1.0
WBGene00006715,0.8666666666666667
WBGene00020267,0.6333333333333333
WBGene00009772,1.0
WBGene00018788,1.0
WBGene00012256,1.0
WBGene00015675,1.0
WBGene00007007,1.0
WBGene00000666,1.0
WBGene00015403,0.9666666666666667
WBGene00020273,1.0
WBGene00019495,1.0
WBGene00011419,0.9333333333333333
WBGene00013892,1.0
WBGene00019627,0.9666666666666667
WBGene00000174,1.0
WBGene00019967,1.0
WBGene00001689,1.0
WBGene00018890,1.0
WBGene00004391,1.0
WBGene00010239,1.0
WBGene00019199,1.0
WBGene00000413,1.0
WBGene00018898,1.0
WBGene00013639,1.0
WBGene00019719,1.0
WBGene00010791,0.9666666666666667
WBGene00009084,1.0
WBGene00000983,0.9666666666666667
WBGene00008990,1.0
WBGene00002134,0.9
WBGene00010225,1.0
WBGene00006061,1.0
WBGene00004395,1.0
WBGene00000020,0.9333333333333333
WBGene00001833,1.0
WBGene00016978,1.0
WBGene00012444,1.0
WBGene00045246,1.0
WBGene00019819,0.9333333333333333
WBGene00001072,1.0
WBGene00000086,1.0
WBGene00004945,1.0
WBGene00003073,1.0
WBGene00003080,1.0
WBGene00003607,1.0
WBGene00020861,0.9666666666666667
WBGene00017659,1.0
WBGene00001385,1.0
WBGene00164968,1.0
WBGene00003233,0.6333333333333333
WBGene00015809,1.0
WBGene00006817,1.0
WBGene00003063,1.0
WBGene00008426,1.0
WBGene00219283,1.0
WBGene00004917,1.0
WBGene00022862,1.0
WBGene00016469,1.0
WBGene00006415,1.0
WBGene00010717,1.0
WBGene00020662,1.0
WBGene00004248,1.0
WBGene00006762,1.0
WBGene00015733,1.0
WBGene00008515,1.0
WBGene00011326,0.7
WBGene00008343,1.0
WBGene00007668,1.0
WBGene00018582,1.0
WBGene00021323,1.0
WBGene00015748,1.0
WBGene00009093,1.0
WBGene00019623,0.9666666666666667
WBGene00010093,1.0
WBGene00015397,0.9666666666666667
WBGene00018138,1.0
WBGene00017746,1.0
WBGene00011171,0.9
WBGene00019711,1.0
WBGene00007316,0.9666666666666667
WBGene00021058,0.7
WBGene00000223,1.0
WBGene00018610,0.9333333333333333
WBGene00022420,1.0
WBGene00020188,1.0
WBGene00013514,1.0
WBGene00016759,1.0
WBGene00044071,0.5666666666666667
WBGene00015157,1.0
WBGene00016374,1.0
WBGene00012824,0.9333333333333333
WBGene00003157,1.0
WBGene00013463,0.9666666666666667
WBGene00004428,1.0
WBGene00008859,1.0
WBGene00022388,1.0
WBGene00020199,0.9333333333333333
WBGene00022245,1.0
WBGene00012984,1.0
WBGene00013732,1.0
WBGene00003834,1.0
WBGene00001574,1.0
WBGene00012535,1.0
WBGene00021563,1.0
WBGene00004774,1.0
WBGene00012187,1.0
WBGene00006863,1.0
WBGene00008131,1.0
WBGene00001445,1.0
WBGene00000165,1.0
WBGene00020037,1.0
WBGene00016194,1.0
WBGene00009805,0.9
WBGene00019241,1.0
WBGene00012317,1.0
WBGene00000691,1.0
WBGene00016209,0.8
WBGene00002255,1.0
WBGene00236809,0.7666666666666667
WBGene00004034,1.0
WBGene00018602,1.0
WBGene00021215,0.9333333333333333
WBGene00022856,1.0
WBGene00001461,1.0
WBGene00008830,0.9333333333333333
WBGene00004168,1.0
WBGene00001030,1.0
WBGene00003405,1.0
WBGene00008677,1.0
WBGene00013074,0.9666666666666667
WBGene00016488,1.0
WBGene00009726,1.0
WBGene00020782,1.0
WBGene00002112,0.9333333333333333
WBGene00018769,1.0
WBGene00016395,0.9666666666666667
WBGene00022077,1.0
WBGene00011935,1.0
WBGene00001577,1.0
WBGene00044283,1.0
WBGene00020595,1.0
WBGene00020170,1.0
WBGene00011966,1.0
WBGene00001564,1.0
WBGene00021855,1.0
WBGene00015624,1.0
WBGene00009498,1.0
WBGene00008359,1.0
WBGene00008571,1.0
WBGene00009164,1.0
WBGene00000514,0.5333333333333333
WBGene00017546,1.0
WBGene00007170,1.0
WBGene00017999,1.0
WBGene00019730,1.0
WBGene00008375,1.0
WBGene00003740,1.0
WBGene00019686,1.0
WBGene00022683,0.9666666666666667
WBGene00022246,1.0
WBGene00001911,1.0
WBGene00011520,1.0
WBGene00016128,1.0
WBGene00015354,1.0
WBGene00020920,1.0
WBGene00008413,1.0
WBGene00000003,0.8333333333333334
WBGene00007043,1.0
WBGene00001099,1.0
WBGene00016981,1.0
WBGene00020557,1.0
WBGene00008100,1.0
WBGene00016442,1.0
WBGene00011761,1.0
WBGene00021586,0.8
WBGene00005228,1.0
WBGene00012608,1.0
WBGene00007724,1.0
WBGene00010458,1.0
WBGene00009921,1.0
WBGene00020324,0.9
WBGene00020025,1.0
WBGene00008410,1.0
WBGene00013008,1.0
WBGene00003155,1.0
WBGene00007333,0.5333333333333333
WBGene00001177,1.0
WBGene00003134,1.0
WBGene00003504,1.0
WBGene00007175,1.0
WBGene00012341,1.0
WBGene00022121,0.7
WBGene00001977,1.0
WBGene00003423,1.0
WBGene00006585,0.7
WBGene00010056,1.0
WBGene00000950,1.0
WBGene00022371,1.0
WBGene00013301,1.0
WBGene00011904,1.0
WBGene00021935,0.7
WBGene00009512,1.0
WBGene00007194,1.0
WBGene00002192,0.9666666666666667
WBGene00010473,0.8333333333333334
WBGene00010317,1.0
WBGene00011060,1.0
WBGene00011037,1.0
WBGene00013803,0.9666666666666667
WBGene00008204,1.0
WBGene00017797,1.0
WBGene00013202,1.0
WBGene00011743,0.6666666666666666
WBGene00004119,1.0
WBGene00009347,0.6333333333333333
WBGene00000106,1.0
WBGene00013869,1.0
WBGene00007236,1.0
WBGene00008586,0.9333333333333333
WBGene00000399,1.0
WBGene00004317,1.0
WBGene00017806,0.9
WBGene00011684,0.9333333333333333
WBGene00021850,1.0
WBGene00044761,1.0
WBGene00004182,1.0
WBGene00006934,1.0
WBGene00022748,1.0
WBGene00016746,1.0
WBGene00002111,1.0
WBGene00006699,0.9
WBGene00077751,1.0
WBGene00013237,1.0
WBGene00002183,0.8
WBGene00004895,1.0
WBGene00007753,1.0
WBGene00008578,1.0
WBGene00001194,1.0
WBGene00219288,1.0
WBGene00006636,1.0
WBGene00020260,0.9333333333333333
WBGene00009069,1.0
WBGene00002276,1.0
WBGene00017671,1.0
WBGene00015707,1.0
WBGene00018904,1.0
WBGene00021648,1.0
WBGene00006647,1.0
WBGene00010922,1.0
WBGene00007266,0.6666666666666666
WBGene00000099,1.0
WBGene00019305,1.0
WBGene00011397,1.0
WBGene00003085,1.0
WBGene00044500,0.7666666666666667
WBGene00002228,1.0
WBGene00010645,1.0
WBGene00044348,1.0
WBGene00000984,0.8
WBGene00011592,1.0
WBGene00010439,1.0
WBGene00012103,0.9
WBGene00014698,1.0
WBGene00021854,1.0
WBGene00019844,0.7
WBGene00009731,1.0
WBGene00015449,1.0
WBGene00020229,1.0
WBGene00001996,0.9333333333333333
WBGene00008513,1.0
WBGene00020172,1.0
WBGene00003609,1.0
WBGene00019168,1.0
WBGene00007928,0.9666666666666667
WBGene00013021,1.0
WBGene00015753,0.6666666666666666
WBGene00009444,1.0
WBGene00008882,1.0
WBGene00006753,1.0
WBGene00016751,1.0
WBGene00019890,0.9666666666666667
WBGene00005022,1.0
WBGene00013344,1.0
WBGene00011977,1.0
WBGene00001449,1.0
WBGene00008805,0.5333333333333333
WBGene00008335,0.7
WBGene00007698,1.0
WBGene00017924,1.0
WBGene00013690,0.9666666666666667
WBGene00004181,1.0
WBGene00013189,0.9333333333333333
WBGene00010072,1.0
WBGene00008338,1.0
WBGene00017427,1.0
WBGene00000377,1.0
WBGene00003837,1.0
WBGene00020471,1.0
WBGene00015433,1.0
WBGene00019998,1.0
WBGene00020152,1.0
WBGene00017304,1.0
WBGene00000133,0.9333333333333333
WBGene00021862,1.0
WBGene00017385,1.0
WBGene00021359,1.0
WBGene00003836,1.0
WBGene00003221,0.5333333333333333
WBGene00015957,1.0
WBGene00007467,1.0
WBGene00010230,1.0
WBGene00016911,0.5333333333333333
WBGene00007155,0.9
WBGene00012483,1.0
WBGene00014078,0.9666666666666667
WBGene00022134,1.0
WBGene00018541,0.8666666666666667
WBGene00015554,1.0
WBGene00185067,1.0
WBGene00010307,1.0
WBGene00016504,1.0
WBGene00008915,1.0
WBGene00000594,1.0
WBGene00003724,1.0
WBGene00008234,0.9
WBGene00017724,1.0
WBGene00009078,0.9666666666666667
WBGene00019177,1.0
WBGene00003844,1.0
WBGene00004701,1.0
WBGene00014136,0.9666666666666667
WBGene00017855,1.0
WBGene00019121,1.0
WBGene00012031,0.9333333333333333
WBGene00003009,1.0
WBGene00004955,1.0
WBGene00003598,0.9666666666666667
WBGene00013312,1.0
WBGene00044631,1.0
WBGene00017644,0.9333333333333333
WBGene00012306,1.0
WBGene00004371,1.0
WBGene00010870,0.9333333333333333
WBGene00019655,1.0
WBGene00001749,1.0
WBGene00008304,0.9
WBGene00018274,1.0
WBGene00001428,1.0
WBGene00004995,0.9
WBGene00008588,1.0
WBGene00007288,0.8666666666666667
WBGene00004409,1.0
WBGene00020215,1.0
WBGene00007223,1.0
WBGene00020207,1.0
WBGene00003079,1.0
WBGene00015510,1.0
WBGene00000285,0.8
WBGene00000908,1.0
WBGene00003748,1.0
WBGene00016766,1.0
WBGene00000095,1.0
WBGene00006737,1.0
WBGene00015021,0.9666666666666667
WBGene00015464,1.0
WBGene00020516,1.0
WBGene00015472,1.0
WBGene00011801,1.0
WBGene00017502,1.0
WBGene00015705,1.0
WBGene00010865,0.9
WBGene00016129,1.0
WBGene00022455,1.0
WBGene00019351,0.9666666666666667
WBGene00013362,1.0
WBGene00018349,1.0
WBGene00009404,1.0
WBGene00001869,1.0
WBGene00010135,1.0
WBGene00020672,0.9333333333333333
WBGene00000070,1.0
WBGene00007923,0.5666666666666667
WBGene00010924,1.0
WBGene00017159,0.9666666666666667
WBGene00044513,1.0
WBGene00008052,1.0
WBGene00018674,1.0
WBGene00004224,1.0
WBGene00018346,1.0
WBGene00009981,1.0
WBGene00021494,1.0
WBGene00018375,1.0
WBGene00001830,1.0
WBGene00012007,1.0
WBGene00009710,1.0
WBGene00010009,0.5666666666666667
WBGene00003061,1.0
WBGene00012615,1.0
WBGene00022021,1.0
WBGene00008739,1.0
WBGene00021382,0.5666666666666667
WBGene00020718,1.0
WBGene00012265,0.9666666666666667
WBGene00001751,0.7333333333333333
WBGene00017180,0.9
WBGene00000183,1.0
WBGene00022591,1.0
WBGene00014666,1.0
WBGene00015128,0.9333333333333333
WBGene00019612,0.9666666666666667
WBGene00008897,0.5666666666666667
WBGene00012474,1.0
WBGene00019432,1.0
WBGene00008923,0.9333333333333333
WBGene00016366,1.0
WBGene00016808,1.0
WBGene00000843,1.0
WBGene00010993,1.0
WBGene00007934,1.0
WBGene00000882,1.0
WBGene00007091,1.0
WBGene00008237,0.9666666666666667
WBGene00014148,1.0
WBGene00007551,1.0
WBGene00000275,1.0
WBGene00010628,1.0
WBGene00015954,1.0
WBGene00004775,1.0
WBGene00009638,0.9
WBGene00017660,0.9666666666666667
WBGene00020962,1.0
WBGene00019055,1.0
WBGene00012650,1.0
WBGene00018145,1.0
WBGene00194815,0.9666666666666667
WBGene00012950,1.0
WBGene00009741,0.9666666666666667
WBGene00007101,1.0
WBGene00010893,1.0
WBGene00021406,1.0
WBGene00009740,1.0
WBGene00001582,0.5333333333333333
WBGene00007008,1.0
WBGene00044107,1.0
WBGene00006464,1.0
WBGene00009431,1.0
WBGene00016768,0.7333333333333333
WBGene00006359,1.0
WBGene00015646,0.5666666666666667
WBGene00004343,1.0
WBGene00000405,1.0
WBGene00003802,1.0
WBGene00009002,0.9666666666666667
WBGene00010740,0.9
WBGene00004340,1.0
WBGene00018146,1.0
WBGene00012364,1.0
WBGene00017813,1.0
WBGene00015160,1.0
WBGene00001079,1.0
WBGene00016883,1.0
WBGene00017166,0.9333333333333333
WBGene00013127,0.9
WBGene00019767,1.0
WBGene00010827,0.9666666666666667
WBGene00006683,1.0
WBGene00021456,0.9
WBGene00009276,1.0
WBGene00020946,0.9666666666666667
WBGene00010305,0.9666666666666667
WBGene00008563,1.0
WBGene00008341,1.0
WBGene00021628,1.0
WBGene00011102,1.0
WBGene00004738,1.0
WBGene00009485,0.9
WBGene00003418,1.0
WBGene00009734,1.0
WBGene00011391,1.0
WBGene00018607,1.0
WBGene00022612,1.0
WBGene00022802,0.9
WBGene00021057,0.9333333333333333
WBGene00011799,0.9666666666666667
WBGene00000692,1.0
WBGene00011893,0.9333333333333333
WBGene00016368,1.0
WBGene00001259,0.9666666666666667
WBGene00006495,1.0
WBGene00019962,1.0
WBGene00004437,0.9
WBGene00019995,0.5666666666666667
WBGene00013241,1.0
WBGene00015116,1.0
WBGene00045295,1.0
WBGene00017850,0.9
WBGene00022313,1.0
WBGene00019521,1.0
WBGene00016884,1.0
WBGene00019726,0.6666666666666666
WBGene00020237,1.0
WBGene00044163,0.9
WBGene00000888,1.0
WBGene00011128,1.0
WBGene00013862,1.0
WBGene00021509,1.0
WBGene00015943,1.0
WBGene00011349,1.0
WBGene00007106,0.6
WBGene00010044,1.0
WBGene00004989,1.0
WBGene00008642,1.0
WBGene00008546,1.0
WBGene00007208,1.0
WBGene00015096,1.0
WBGene00018421,1.0
WBGene00003222,1.0
WBGene00017070,0.9666666666666667
WBGene00008621,0.9666666666666667
WBGene00003887,0.9666666666666667
WBGene00003911,1.0
WBGene00011189,1.0
WBGene00017160,1.0
WBGene00011095,1.0
WBGene00020721,0.8666666666666667
WBGene00006723,1.0
WBGene00015371,1.0
WBGene00008764,1.0
WBGene00007206,0.9666666666666667
WBGene00013303,0.9666666666666667
WBGene00003066,1.0
WBGene00000485,0.5333333333333333
WBGene00009889,1.0
WBGene00011944,1.0
WBGene00009640,1.0
WBGene00003718,1.0
WBGene00022423,1.0
WBGene00001441,1.0
WBGene00001747,1.0
WBGene00012932,1.0
WBGene00004801,0.9
WBGene00019682,1.0
WBGene00012261,1.0
WBGene00008366,0.9333333333333333
WBGene00011820,1.0
WBGene00001457,1.0
WBGene00012868,1.0
WBGene00017360,1.0
WBGene00011681,0.9
WBGene00012230,0.9666666666666667
WBGene00001950,1.0
WBGene00011955,1.0
WBGene00012421,1.0
WBGene00011756,1.0
WBGene00021089,1.0
WBGene00022383,1.0
WBGene00011580,1.0
WBGene00219423,0.9
WBGene00009939,1.0
WBGene00008555,0.9333333333333333
WBGene00000787,0.9333333333333333
WBGene00008860,1.0
WBGene00001492,1.0
WBGene00008878,1.0
WBGene00015297,0.8666666666666667
WBGene00019973,1.0
WBGene00020113,1.0
WBGene00006481,1.0
WBGene00004338,0.8666666666666667
WBGene00007926,0.9
WBGene00000804,1.0
WBGene00020022,1.0
WBGene00015555,0.7
WBGene00008978,0.9
WBGene00021613,1.0
WBGene00018237,1.0
WBGene00003712,0.5666666666666667
WBGene00043995,0.7666666666666667
WBGene00011674,0.9666666666666667
WBGene00010505,1.0
WBGene00045411,0.9666666666666667
WBGene00001784,0.7
WBGene00005032,0.9
WBGene00008431,0.7666666666666667
WBGene00021149,1.0
WBGene00001133,0.9333333333333333
WBGene00020553,0.7666666666666667
WBGene00022277,1.0
WBGene00016602,1.0
WBGene00019513,0.9
WBGene00020584,1.0
WBGene00001336,1.0
WBGene00011846,0.9333333333333333
WBGene00016655,1.0
WBGene00016099,0.9666666666666667
WBGene00009851,0.8
WBGene00016148,1.0
WBGene00003955,1.0
WBGene00006331,1.0
WBGene00219208,1.0
WBGene00000754,1.0
WBGene00006621,0.6
WBGene00001578,1.0
WBGene00043983,1.0
WBGene00012142,1.0
WBGene00006308,0.8333333333333334
WBGene00019589,1.0
WBGene00001520,1.0
WBGene00018474,1.0
WBGene00002027,1.0
WBGene00021818,1.0
WBGene00002127,1.0
WBGene00021753,1.0
WBGene00000302,0.5333333333333333
WBGene00000784,0.5
WBGene00020501,1.0
WBGene00012005,1.0
WBGene00012996,1.0
WBGene00007925,1.0
WBGene00006760,1.0
WBGene00007452,1.0
WBGene00020256,1.0
WBGene00002078,1.0
WBGene00013852,1.0
WBGene00011017,1.0
WBGene00016898,1.0
WBGene00020276,1.0
WBGene00010047,0.8333333333333334
WBGene00006439,1.0
WBGene00015795,1.0
WBGene00077525,1.0
WBGene00017557,1.0
WBGene00013601,1.0
WBGene00021024,1.0
WBGene00004389,1.0
WBGene00007021,1.0
WBGene00009126,0.9666666666666667
WBGene00006599,1.0
WBGene00043297,1.0
WBGene00021808,1.0
WBGene00045356,0.5333333333333333
WBGene00016645,1.0
WBGene00000870,1.0
WBGene00010214,0.9666666666666667
WBGene00010039,1.0
WBGene00013204,1.0
WBGene00017084,1.0
WBGene00007062,1.0
WBGene00022759,0.9
WBGene00009778,0.9
WBGene00017132,1.0
WBGene00000699,1.0
WBGene00012776,1.0
WBGene00020264,1.0
WBGene00013219,1.0
WBGene00016332,1.0
WBGene00022330,0.9
WBGene00010520,0.5666666666666667
WBGene00012987,1.0
WBGene00022381,1.0
WBGene00018357,1.0
WBGene00000515,1.0
WBGene00021121,1.0
WBGene00001053,0.9666666666666667
WBGene00006931,0.9666666666666667
WBGene00269434,0.5333333333333333
WBGene00007375,1.0
WBGene00020442,0.9666666666666667
WBGene00009396,0.9
WBGene00012186,1.0
WBGene00014177,1.0
WBGene00016507,1.0
WBGene00006594,0.9333333333333333
WBGene00012682,1.0
WBGene00012424,1.0
WBGene00022717,1.0
WBGene00007204,0.7666666666666667
WBGene00007397,0.9666666666666667
WBGene00017038,0.7333333333333333
WBGene00020530,1.0
WBGene00006727,0.9333333333333333
WBGene00012525,0.9
WBGene00019832,1.0
WBGene00021080,0.9666666666666667
WBGene00017048,0.8333333333333334
WBGene00019902,0.8333333333333334
WBGene00007533,1.0
WBGene00008483,1.0
WBGene00012835,1.0
WBGene00018635,0.6666666666666666
WBGene00003510,1.0
WBGene00010755,1.0
WBGene00004297,1.0
WBGene00021354,1.0
WBGene00018210,1.0
WBGene00004811,1.0
WBGene00008548,0.9666666666666667
WBGene00013717,0.5333333333333333
WBGene00004739,0.9333333333333333
WBGene00077490,0.8333333333333334
WBGene00010028,0.9333333333333333
WBGene00008356,1.0
WBGene00011479,0.5333333333333333
WBGene00009284,1.0
WBGene00010083,1.0
WBGene00008149,1.0
WBGene00020577,1.0
WBGene00001064,1.0
WBGene00003699,0.9666666666666667
WBGene00004910,1.0
WBGene00008480,1.0
WBGene00015778,0.9666666666666667
WBGene00008119,0.6666666666666666
WBGene00016968,0.9666666666666667
WBGene00008499,1.0
WBGene00020197,1.0
WBGene00021815,1.0
WBGene00021019,1.0
WBGene00002992,1.0
WBGene00005703,1.0
WBGene00008565,1.0
WBGene00012604,0.9
WBGene00002067,1.0
WBGene00013119,1.0
WBGene00004420,1.0
WBGene00021513,0.9
WBGene00007787,0.9666666666666667
WBGene00018275,1.0
WBGene00000838,1.0
WBGene00022168,0.5
WBGene00014938,0.5333333333333333
WBGene00001002,1.0
WBGene00020268,1.0
WBGene00019675,0.6
WBGene00018257,0.9666666666666667
WBGene00009213,1.0
WBGene00019203,1.0
WBGene00019277,0.9666666666666667
WBGene00000402,1.0
WBGene00004355,1.0
WBGene00006528,1.0
WBGene00021600,0.9333333333333333
WBGene00009577,0.6333333333333333
WBGene00006496,1.0
WBGene00003572,1.0
WBGene00015486,1.0
WBGene00007877,1.0
WBGene00000265,1.0
WBGene00010304,0.9666666666666667
WBGene00189958,1.0
WBGene00007573,1.0
WBGene00012595,0.9333333333333333
WBGene00302964,1.0
WBGene00000832,0.9333333333333333
WBGene00000248,1.0
WBGene00015159,1.0
WBGene00004996,0.9666666666666667
WBGene00004122,1.0
WBGene00009004,1.0
WBGene00011831,1.0
WBGene00016187,0.5666666666666667
WBGene00015148,0.9666666666666667
WBGene00007492,1.0
WBGene00008567,1.0
WBGene00013006,1.0
WBGene00000120,0.9666666666666667
WBGene00044615,0.7
WBGene00010789,0.5
WBGene00014000,0.9666666666666667
WBGene00007421,1.0
WBGene00013736,0.9333333333333333
WBGene00009784,1.0
WBGene00018830,1.0
WBGene00003703,1.0
WBGene00003634,1.0
WBGene00044636,1.0
WBGene00021467,0.9666666666666667
WBGene00000681,1.0
WBGene00009634,1.0
WBGene00044697,0.7333333333333333
WBGene00019146,1.0
WBGene00009663,0.7666666666666667
WBGene00011733,1.0
WBGene00020625,1.0
WBGene00011318,1.0
WBGene00007694,1.0
WBGene00011908,1.0
WBGene00022598,0.9333333333333333
WBGene00006460,1.0
WBGene00016113,1.0
WBGene00010809,1.0
WBGene00020889,1.0
WBGene00011677,0.9666666666666667
WBGene00012156,1.0
WBGene00015232,0.9666666666666667
WBGene00004190,1.0
WBGene00003659,1.0
WBGene00015267,1.0
WBGene00015999,1.0
WBGene00006438,0.7
WBGene00004017,1.0
WBGene00044630,0.9666666666666667
WBGene00002188,1.0
WBGene00000962,1.0
WBGene00013875,0.9333333333333333
WBGene00013584,0.9333333333333333
WBGene00045386,0.9333333333333333
WBGene00013360,1.0
WBGene00011441,1.0
WBGene00008800,1.0
WBGene00022703,1.0
WBGene00013750,0.8
WBGene00019003,1.0
WBGene00018763,0.9666666666666667
WBGene00021061,1.0
WBGene00011732,1.0
WBGene00016796,1.0
WBGene00011381,0.9666666666666667
WBGene00003723,0.9
WBGene00016237,1.0
WBGene00021506,1.0
WBGene00044686,1.0
WBGene00016310,1.0
WBGene00004201,1.0
WBGene00011404,1.0
WBGene00004083,1.0
WBGene00001974,0.9
WBGene00019957,1.0
WBGene00002123,0.9
WBGene00004203,0.8666666666666667
WBGene00004416,1.0
WBGene00019605,0.9666666666666667
WBGene00007883,1.0
WBGene00012097,0.8333333333333334
WBGene00000939,0.8666666666666667
WBGene00001242,1.0
WBGene00004952,1.0
WBGene00015273,1.0
WBGene00012998,1.0
WBGene00003876,1.0
WBGene00015063,1.0
WBGene00013406,1.0
WBGene00003674,0.9333333333333333
WBGene00003143,1.0
WBGene00009371,1.0
WBGene00016996,0.6
WBGene00185001,1.0
WBGene00021227,1.0
WBGene00018613,1.0
WBGene00001235,1.0
WBGene00019120,1.0
WBGene00017534,1.0
WBGene00015216,0.9
WBGene00018958,1.0
WBGene00017398,1.0
WBGene00021931,1.0
WBGene00001184,1.0
WBGene00019498,1.0
WBGene00015409,0.6666666666666666
WBGene00019100,0.9666666666666667
WBGene00050915,0.9
WBGene00002163,1.0
WBGene00006785,0.9666666666666667
WBGene00020436,0.7
WBGene00012192,1.0
WBGene00001027,1.0
WBGene00016610,0.9
WBGene00017639,1.0
WBGene00015560,0.9
WBGene00006462,0.9
WBGene00206361,0.5
WBGene00001555,0.8666666666666667
WBGene00004024,0.8333333333333334
WBGene00019978,1.0
WBGene00015549,1.0
WBGene00014164,0.9666666666666667
WBGene00006913,1.0
WBGene00008622,0.8666666666666667
WBGene00009116,0.9
WBGene00019461,1.0
WBGene00021167,0.9
WBGene00021843,1.0
WBGene00000793,1.0
WBGene00017128,0.6333333333333333
WBGene00015861,0.9666666666666667
WBGene00000065,1.0
WBGene00007525,0.9333333333333333
WBGene00008953,0.5666666666666667
WBGene00007938,1.0
WBGene00017261,1.0
WBGene00271701,0.9333333333333333
WBGene00006584,1.0
WBGene00015205,0.7
WBGene00000673,1.0
WBGene00017301,0.7
WBGene00015173,1.0
WBGene00008560,1.0
WBGene00019715,1.0
WBGene00004928,0.9333333333333333
WBGene00018260,0.9
WBGene00018742,0.8666666666666667
WBGene00009531,1.0
WBGene00012883,0.9666666666666667
WBGene00015857,1.0
WBGene00022160,1.0
WBGene00019204,0.9333333333333333
WBGene00003553,1.0
WBGene00015126,1.0
WBGene00010221,1.0
WBGene00017394,1.0
WBGene00006805,1.0
WBGene00017428,0.8666666666666667
WBGene00008681,0.9
WBGene00022353,1.0
WBGene00008380,1.0
WBGene00000103,1.0
WBGene00185048,0.9666666666666667
WBGene00010871,1.0
WBGene00001239,0.9333333333333333
WBGene00001864,1.0
WBGene00010049,1.0
WBGene00004413,1.0
WBGene00006685,0.9333333333333333
WBGene00010727,1.0
WBGene00009068,1.0
WBGene00022092,1.0
WBGene00015220,1.0
WBGene00007894,1.0
WBGene00018874,1.0
WBGene00011009,0.9666666666666667
WBGene00002053,1.0
WBGene00011824,0.5333333333333333
WBGene00021397,1.0
WBGene00007028,1.0
WBGene00008134,1.0
WBGene00022697,1.0
WBGene00011242,0.9666666666666667
WBGene00020027,1.0
WBGene00011623,1.0
WBGene00019710,0.9666666666666667
WBGene00002216,1.0
WBGene00007089,1.0
WBGene00012204,0.7
WBGene00010864,0.8
WBGene00021598,1.0
WBGene00009399,1.0
WBGene00019006,1.0
WBGene00303423,1.0
WBGene00005131,1.0
WBGene00015811,1.0
WBGene00015245,1.0
WBGene00009447,1.0
WBGene00010684,1.0
WBGene00006868,1.0
WBGene00007063,1.0
WBGene00021239,0.8666666666666667
WBGene00303009,1.0
WBGene00021256,1.0
WBGene00000871,1.0
WBGene00019801,1.0
WBGene00011558,1.0
WBGene00044536,1.0
WBGene00009918,1.0
WBGene00013239,1.0
WBGene00003930,1.0
WBGene00004737,1.0
WBGene00007304,0.5666666666666667
WBGene00003514,1.0
WBGene00017062,1.0
WBGene00020704,1.0
WBGene00000237,1.0
WBGene00004479,1.0
WBGene00020985,1.0
WBGene00011433,0.9666666666666667
WBGene00020957,1.0
WBGene00018542,1.0
WBGene00001493,1.0
WBGene00007474,0.9666666666666667
WBGene00017363,1.0
WBGene00023407,0.9
WBGene00005024,1.0
WBGene00010579,1.0
WBGene00009158,1.0
WBGene00003393,1.0
WBGene00016449,1.0
WBGene00011928,1.0
WBGene00002105,0.9666666666666667
WBGene00001560,1.0
WBGene00019855,1.0
WBGene00044478,0.7333333333333333
WBGene00015206,1.0
WBGene00016017,0.7666666666666667
WBGene00003785,0.9666666666666667
WBGene00002282,1.0
WBGene00021829,1.0
WBGene00011335,1.0
WBGene00013985,1.0
WBGene00003931,1.0
WBGene00011038,1.0
WBGene00017798,1.0
WBGene00019666,1.0
WBGene00022345,1.0
WBGene00000881,0.6
WBGene00015791,0.5333333333333333
WBGene00000110,1.0
WBGene00011310,1.0
WBGene00018672,1.0
WBGene00011259,1.0
WBGene00022712,1.0
WBGene00011331,1.0
WBGene00018366,1.0
WBGene00022356,1.0
WBGene00016109,0.7666666666666667
WBGene00016365,1.0
WBGene00009236,0.9666666666666667
WBGene00006956,1.0
WBGene00001061,1.0
WBGene00006888,1.0
WBGene00012866,0.9
WBGene00017501,1.0
WBGene00017246,1.0
WBGene00010912,1.0
WBGene00007018,1.0
WBGene00000535,1.0
WBGene00006795,1.0
WBGene00013317,1.0
WBGene00019900,1.0
WBGene00007898,0.9666666666666667
WBGene00017734,0.7
WBGene00008634,0.9666666666666667
WBGene00002108,1.0
WBGene00013143,1.0
WBGene00015481,1.0
WBGene00007763,0.8333333333333334
WBGene00010453,0.5333333333333333
WBGene00004316,0.9333333333333333
WBGene00020348,1.0
WBGene00007592,0.5666666666666667
WBGene00013632,0.9333333333333333
WBGene00010685,1.0
WBGene00021146,1.0
WBGene00003720,1.0
WBGene00013603,1.0
WBGene00003588,1.0
WBGene00009274,1.0
WBGene00017436,0.9666666666666667
WBGene00017951,0.9666666666666667
WBGene00015035,1.0
WBGene00013847,0.9666666666666667
WBGene00007860,0.9333333333333333
WBGene00001134,0.9
WBGene00000664,0.9
WBGene00019492,0.6333333333333333
WBGene00007129,0.5666666666666667
WBGene00003558,1.0
WBGene00022280,1.0
WBGene00010348,1.0
WBGene00019691,0.9
WBGene00004257,1.0
WBGene00019421,1.0
WBGene00017075,0.9333333333333333
WBGene00006776,1.0
WBGene00019781,1.0
WBGene00013531,1.0
WBGene00006440,1.0
WBGene00019022,0.8333333333333334
WBGene00014001,1.0
WBGene00013376,1.0
WBGene00004036,1.0
WBGene00018216,1.0
WBGene00000539,1.0
WBGene00008215,0.9
WBGene00012997,1.0
WBGene00007110,0.7
WBGene00013921,0.9666666666666667
WBGene00012860,1.0
WBGene00017328,1.0
WBGene00021219,1.0
WBGene00017471,1.0
WBGene00004419,1.0
WBGene00003077,0.5666666666666667
WBGene00000490,0.9666666666666667
WBGene00009661,0.9
WBGene00008091,1.0
WBGene00019157,1.0
WBGene00008239,1.0
WBGene00001118,1.0
WBGene00008493,1.0
WBGene00009595,1.0
WBGene00003604,0.9666666666666667
WBGene00017990,1.0
WBGene00000040,1.0
WBGene00008910,1.0
WBGene00001016,1.0
WBGene00018599,1.0
WBGene00022314,1.0
WBGene00008336,0.9666666666666667
WBGene00004879,1.0
WBGene00012904,0.8333333333333334
WBGene00017756,0.7666666666666667
WBGene00008358,0.9666666666666667
WBGene00001008,1.0
WBGene00020950,0.9333333333333333
WBGene00015769,1.0
WBGene00006534,1.0
WBGene00008254,1.0
WBGene00019619,0.7
WBGene00015407,1.0
WBGene00022166,1.0
WBGene00004751,0.9666666666666667
WBGene00022497,0.6333333333333333
WBGene00021657,0.9666666666666667
WBGene00002262,1.0
WBGene00019280,1.0
WBGene00000875,1.0
WBGene00019651,0.9333333333333333
WBGene00016074,1.0
WBGene00004723,1.0
WBGene00007911,1.0
WBGene00010500,1.0
WBGene00006441,0.6666666666666666
WBGene00007922,1.0
WBGene00003741,1.0
WBGene00022415,1.0
WBGene00010484,1.0
WBGene00011450,1.0
WBGene00022288,1.0
WBGene00005271,0.9
WBGene00020796,0.9333333333333333
WBGene00001048,1.0
WBGene00017794,0.9666666666666667
WBGene00019077,1.0
WBGene00008360,1.0
WBGene00003238,0.9333333333333333
WBGene00011166,1.0
WBGene00012124,1.0
WBGene00003406,1.0
WBGene00016335,1.0
WBGene00010200,1.0
WBGene00007625,1.0
WBGene00008708,1.0
WBGene00021068,1.0
WBGene00004209,0.9
WBGene00018342,1.0
WBGene00009948,1.0
WBGene00001065,1.0
WBGene00003735,1.0
WBGene00009771,0.8666666666666667
WBGene00003682,0.9666666666666667
WBGene00016040,0.9
WBGene00001433,1.0
WBGene00018232,1.0
WBGene00007058,0.9333333333333333
WBGene00019648,1.0
WBGene00010942,1.0
WBGene00021333,1.0
WBGene00010284,1.0
WBGene00009290,0.9666666666666667
WBGene00012972,1.0
WBGene00012829,0.9333333333333333
WBGene00012244,1.0
WBGene00022713,1.0
WBGene00011334,0.8666666666666667
WBGene00015611,1.0
WBGene00002233,0.6333333333333333
WBGene00012291,1.0
WBGene00000115,1.0
WBGene00004116,1.0
WBGene00010982,1.0
WBGene00012330,1.0
WBGene00010622,0.9333333333333333
WBGene00021691,1.0
WBGene00010858,0.9
WBGene00001093,1.0
WBGene00000057,0.9
WBGene00002081,0.9333333333333333
WBGene00016532,0.9666666666666667
WBGene00009385,1.0
WBGene00021331,1.0
WBGene00020851,0.9666666666666667
WBGene00012289,1.0
WBGene00004509,1.0
WBGene00015751,1.0
WBGene00002299,1.0
WBGene00020441,1.0
WBGene00006749,0.8333333333333334
WBGene00022182,1.0
WBGene00006490,1.0
WBGene00086546,1.0
WBGene00008934,0.8666666666666667
WBGene00001853,1.0
WBGene00009254,1.0
WBGene00000205,0.9666666666666667
WBGene00011227,0.6333333333333333
WBGene00010118,0.9666666666666667
WBGene00008531,0.9333333333333333
WBGene00017504,1.0
WBGene00003587,1.0
WBGene00004854,1.0
WBGene00008760,0.7666666666666667
WBGene00021060,0.9666666666666667
WBGene00013895,0.6666666666666666
WBGene00017190,0.9333333333333333
WBGene00020867,1.0
WBGene00017748,1.0
WBGene00017692,1.0
WBGene00020114,1.0
WBGene00004926,1.0
WBGene00022233,1.0
WBGene00008421,0.5666666666666667
WBGene00007999,1.0
WBGene00008357,1.0
WBGene00017286,1.0
WBGene00004858,0.6333333333333333
WBGene00006614,0.6333333333333333
WBGene00018475,1.0
WBGene00000204,0.8666666666666667
WBGene00012464,1.0
WBGene00009013,1.0
WBGene00003759,0.9
WBGene00004358,1.0
WBGene00019118,1.0
WBGene00011058,1.0
WBGene00001824,1.0
WBGene00020394,1.0
WBGene00009975,1.0
WBGene00019211,1.0
WBGene00018088,1.0
WBGene00018952,0.9666666666666667
WBGene00019061,1.0
WBGene00018510,1.0
WBGene00013806,1.0
WBGene00011754,0.9333333333333333
WBGene00013539,1.0
WBGene00011188,0.9
WBGene00016171,0.9666666666666667
WBGene00020827,1.0
WBGene00017578,1.0
WBGene00010887,1.0
WBGene00002257,1.0
WBGene00000776,0.5666666666666667
WBGene00003519,1.0
WBGene00022593,0.9
WBGene00019170,1.0
WBGene00021531,1.0
WBGene00017547,1.0
WBGene00003182,0.7333333333333333
WBGene00009992,1.0
WBGene00206366,0.9666666666666667
WBGene00012432,0.9
WBGene00018152,1.0
WBGene00012146,0.7
WBGene00012740,1.0
WBGene00001620,1.0
WBGene00001109,1.0
WBGene00018837,1.0
WBGene00019493,1.0
WBGene00010609,1.0
WBGene00015803,1.0
WBGene00011111,0.7
WBGene00006750,0.6
WBGene00001092,0.6666666666666666
WBGene00270319,1.0
WBGene00012888,1.0
WBGene00003690,1.0
WBGene00001638,0.9333333333333333
WBGene00003941,1.0
WBGene00012143,1.0
WBGene00007547,0.5666666666666667
WBGene00009814,0.7333333333333333
WBGene00001506,1.0
WBGene00007537,0.9
WBGene00020911,0.9666666666666667
WBGene00007059,1.0
WBGene00019321,1.0
WBGene00013399,0.9
WBGene00009575,1.0
WBGene00013897,0.5333333333333333
WBGene00021078,0.9666666666666667
WBGene00013079,0.9333333333333333
WBGene00001155,1.0
WBGene00004990,0.9
WBGene00077771,0.9333333333333333
WBGene00009239,0.5
WBGene00008594,0.9666666666666667
WBGene00018482,1.0
WBGene00019408,0.9333333333333333
WBGene00015295,0.9666666666666667
WBGene00009712,1.0
WBGene00013257,1.0
WBGene00044534,0.9333333333333333
WBGene00043066,1.0
WBGene00017861,1.0
WBGene00002393,1.0
WBGene00000611,0.9666666666666667
WBGene00043054,0.5666666666666667
WBGene00006562,0.6333333333333333
WBGene00010204,1.0
WBGene00004766,0.9666666666666667
WBGene00044784,1.0
WBGene00019318,1.0
WBGene00012413,0.5
WBGene00001958,1.0
WBGene00004216,1.0
WBGene00006709,1.0
WBGene00000187,1.0
WBGene00009957,0.9666666666666667
WBGene00007254,1.0
WBGene00007552,1.0
WBGene00009305,1.0
WBGene00004180,0.8333333333333334
WBGene00015248,1.0
WBGene00007241,1.0
WBGene00000900,1.0
WBGene00006465,0.9
WBGene00020106,0.6333333333333333
WBGene00016458,1.0
WBGene00012117,0.9666666666666667
WBGene00003644,0.9
WBGene00004392,1.0
WBGene00007184,1.0
WBGene00021020,1.0
WBGene00021894,1.0
WBGene00003059,1.0
WBGene00019273,1.0
WBGene00021505,0.9
WBGene00018410,1.0
WBGene00003640,0.9666666666666667
WBGene00016643,1.0
WBGene00008006,0.9333333333333333
WBGene00011309,1.0
WBGene00001837,0.9333333333333333
WBGene00008229,1.0
WBGene00003249,1.0
WBGene00007932,1.0
WBGene00015578,1.0
WBGene00022174,1.0
WBGene00302978,1.0
WBGene00016138,1.0
WBGene00004876,0.9
WBGene00021340,1.0
WBGene00007583,1.0
WBGene00020181,1.0
WBGene00006373,1.0
WBGene00022324,1.0
WBGene00019525,1.0
WBGene00001519,1.0
WBGene00022554,0.9666666666666667
WBGene00009482,1.0
WBGene00009204,1.0
WBGene00008419,1.0
WBGene00012176,0.9333333333333333
WBGene00008856,1.0
WBGene00016415,1.0
WBGene00007258,1.0
WBGene00018270,1.0
WBGene00010063,1.0
WBGene00006958,1.0
WBGene00003210,1.0
WBGene00000969,0.9333333333333333
WBGene00012362,1.0
WBGene00004889,1.0
WBGene00001517,0.8
WBGene00022531,1.0
WBGene00016862,0.7666666666666667
WBGene00012559,1.0
WBGene00019401,1.0
WBGene00014053,1.0
WBGene00000105,0.6
WBGene00003790,1.0
WBGene00009896,1.0
WBGene00016199,0.9666666666666667
WBGene00008392,0.9333333333333333
WBGene00008110,1.0
WBGene00016960,1.0
WBGene00003616,0.5666666666666667
WBGene00007716,0.9666666666666667
WBGene00022232,1.0
WBGene00004384,1.0
WBGene00006571,0.9666666666666667
WBGene00020504,0.9
WBGene00008344,1.0
WBGene00006698,1.0
WBGene00002024,1.0
WBGene00019609,1.0
WBGene00044661,1.0
WBGene00020903,1.0
WBGene00021831,1.0
WBGene00000112,1.0
WBGene00008626,0.9
WBGene00017347,1.0
WBGene00013676,1.0
WBGene00020574,1.0
WBGene00012014,1.0
WBGene00000219,1.0
WBGene00015405,1.0
WBGene00000047,0.8333333333333334
WBGene00015802,1.0
WBGene00008850,1.0
WBGene00021938,1.0
WBGene00001762,0.8333333333333334
WBGene00010540,1.0
WBGene00016740,1.0
WBGene00020126,0.9
WBGene00021741,1.0
WBGene00004473,1.0
WBGene00020115,1.0
WBGene00003388,0.9666666666666667
WBGene00017380,0.7
WBGene00000753,1.0
WBGene00005663,0.8666666666666667
WBGene00003787,1.0
WBGene00000102,1.0
WBGene00005262,0.7333333333333333
WBGene00000887,1.0
WBGene00003805,1.0
WBGene00016044,1.0
WBGene00019456,0.7666666666666667
WBGene00000903,0.5666666666666667
WBGene00015619,0.9
WBGene00016812,1.0
WBGene00020131,1.0
WBGene00010867,0.9666666666666667
WBGene00010256,1.0
WBGene00007016,1.0
WBGene00018255,0.9
WBGene00000928,1.0
WBGene00012628,1.0
WBGene00011088,1.0
WBGene00012651,0.6
WBGene00043981,1.0
WBGene00002783,1.0
WBGene00002998,1.0
WBGene00009850,0.9666666666666667
WBGene00021529,0.6666666666666666
WBGene00004991,1.0
WBGene00010873,0.9666666666666667
WBGene00001834,1.0
WBGene00001661,1.0
WBGene00001541,1.0
WBGene00012027,0.9333333333333333
WBGene00020011,0.9666666666666667
WBGene00022569,1.0
WBGene00012460,1.0
WBGene00021012,1.0
WBGene00022665,1.0
WBGene00019717,0.7666666666666667
WBGene00016848,1.0
WBGene00022893,0.6333333333333333
WBGene00007391,1.0
WBGene00012803,0.9666666666666667
WBGene00011891,0.9666666666666667
WBGene00000228,1.0
WBGene00004752,0.9333333333333333
WBGene00019407,1.0
WBGene00017792,1.0
WBGene00000229,1.0
WBGene00011414,0.7333333333333333
WBGene00011828,1.0
WBGene00003161,1.0
WBGene00000734,1.0
WBGene00000553,1.0
WBGene00011162,1.0
WBGene00021849,0.8666666666666667
WBGene00005719,1.0
WBGene00020163,1.0
WBGene00001337,1.0
WBGene00003603,1.0
WBGene00000739,1.0
WBGene00016465,0.5666666666666667
WBGene00009553,1.0
WBGene00022597,0.9666666666666667
WBGene00019911,1.0
WBGene00003037,1.0
WBGene00007600,1.0
WBGene00021858,1.0
WBGene00000288,0.9
WBGene00008852,1.0
WBGene00020586,0.5
WBGene00010972,1.0
WBGene00019595,1.0
WBGene00009081,0.9333333333333333
WBGene00000100,0.9666666666666667
WBGene00004095,1.0
WBGene00007174,1.0
WBGene00019947,1.0
WBGene00018509,0.5
WBGene00006437,1.0
WBGene00023067,1.0
WBGene00018407,1.0
WBGene00008680,0.9
WBGene00011261,1.0
WBGene00016439,1.0
WBGene00004157,0.7
WBGene00019699,1.0
WBGene00019089,0.9666666666666667
WBGene00020702,1.0
WBGene00022360,1.0
WBGene00003081,1.0
WBGene00000981,0.9
WBGene00015601,1.0
WBGene00021442,1.0
WBGene00011029,1.0
WBGene00021286,1.0
WBGene00007840,0.9
WBGene00003018,1.0
WBGene00003860,1.0
WBGene00022099,1.0
WBGene00013415,0.9
WBGene00011116,1.0
WBGene00007650,0.9
WBGene00006520,1.0
WBGene00004495,1.0
WBGene00006725,1.0
WBGene00009255,1.0
WBGene00021645,0.9666666666666667
WBGene00000272,1.0
WBGene00020302,0.9333333333333333
WBGene00008986,1.0
WBGene00008031,0.9666666666666667
WBGene00004286,1.0
WBGene00019404,0.5333333333333333
WBGene00022459,1.0
WBGene00000148,1.0
WBGene00020185,1.0
WBGene00018007,1.0
WBGene00010595,1.0
WBGene00022574,1.0
WBGene00015680,1.0
WBGene00021011,1.0
WBGene00009469,1.0
WBGene00011634,1.0
WBGene00018408,1.0
WBGene00021626,0.9666666666666667
WBGene00016133,1.0
WBGene00014186,0.9333333333333333
WBGene00010339,1.0
WBGene00001508,1.0
WBGene00000158,1.0
WBGene00015047,1.0
WBGene00045483,1.0
WBGene00004303,1.0
WBGene00017489,0.5666666666666667
WBGene00009706,0.9666666666666667
WBGene00019816,1.0
WBGene00011393,1.0
WBGene00019313,1.0
WBGene00020466,1.0
WBGene00004196,1.0
WBGene00009985,1.0
WBGene00012764,0.9666666666666667
WBGene00017250,1.0
WBGene00018391,1.0
WBGene00012094,1.0
WBGene00010426,1.0
WBGene00002036,1.0
WBGene00010778,1.0
WBGene00019909,1.0
WBGene00008979,0.6
WBGene00003861,1.0
WBGene00003639,0.9666666666666667
WBGene00012253,1.0
WBGene00016676,1.0
WBGene00000274,1.0
WBGene00007128,0.9
WBGene00009466,0.8333333333333334
WBGene00002028,1.0
WBGene00012139,0.9666666666666667
WBGene00020300,1.0
WBGene00013499,1.0
WBGene00007488,1.0
WBGene00044063,1.0
WBGene00004023,1.0
WBGene00022254,0.6333333333333333
WBGene00003163,1.0
WBGene00019663,1.0
WBGene00003745,1.0
WBGene00044512,1.0
WBGene00012396,1.0
WBGene00003646,1.0
WBGene00006923,1.0
WBGene00004361,0.7666666666666667
WBGene00000583,1.0
WBGene00021994,1.0
WBGene00012026,0.9
WBGene00021920,1.0
WBGene00007257,0.9666666666666667
WBGene00010814,0.8333333333333334
WBGene00007743,1.0
WBGene00015993,1.0
WBGene00003422,1.0
WBGene00019940,1.0
WBGene00019914,0.9333333333333333
WBGene00017776,0.9
WBGene00013029,1.0
WBGene00009668,0.9333333333333333
WBGene00012854,0.9666666666666667
WBGene00004178,1.0
WBGene00001398,1.0
WBGene00013136,1.0
WBGene00013595,1.0
WBGene00000518,0.5
WBGene00022668,0.9
WBGene00008564,1.0
WBGene00006424,1.0
WBGene00014189,1.0
WBGene00008021,0.9666666666666667
WBGene00009141,1.0
WBGene00011833,1.0
WBGene00018239,1.0
WBGene00013802,0.8
WBGene00019871,0.9666666666666667
WBGene00016004,0.9666666666666667
WBGene00009484,0.6333333333333333
WBGene00009262,1.0
WBGene00022100,1.0
WBGene00020296,1.0
WBGene00011884,0.8666666666666667
WBGene00003757,0.9666666666666667
WBGene00007169,1.0
WBGene00013139,0.5333333333333333
WBGene00018282,1.0
WBGene00001052,0.9
WBGene00011507,1.0
WBGene00011081,0.8666666666666667
WBGene00011034,1.0
WBGene00001796,1.0
WBGene00020376,1.0
WBGene00008874,0.9666666666666667
WBGene00008987,1.0
WBGene00017329,1.0
WBGene00001548,1.0
WBGene00019334,1.0
WBGene00007854,0.9333333333333333
WBGene00044797,1.0
WBGene00017874,0.6333333333333333
WBGene00006938,0.9
WBGene00008918,1.0
WBGene00012257,1.0
WBGene00000164,1.0
WBGene00015687,0.9666666666666667
WBGene00001843,1.0
WBGene00001791,1.0
WBGene00004306,1.0
WBGene00003750,1.0
WBGene00023421,1.0
WBGene00044641,1.0
WBGene00044418,1.0
WBGene00044323,1.0
WBGene00021820,1.0
WBGene00011321,0.9666666666666667
WBGene00010709,0.6333333333333333
WBGene00017226,0.9666666666666667
WBGene00015041,0.9666666666666667
WBGene00045195,0.9
WBGene00001329,0.9
WBGene00016028,1.0
WBGene00001159,1.0
WBGene00235330,0.9
WBGene00022695,0.8333333333333334
WBGene00018343,1.0
WBGene00022279,1.0
WBGene00015346,1.0
WBGene00012794,1.0
WBGene00018108,0.9
WBGene00004300,1.0
WBGene00000835,0.9666666666666667
WBGene00019913,0.7666666666666667
WBGene00023432,1.0
WBGene00021975,0.9
WBGene00010731,0.9
WBGene00044354,1.0
WBGene00009665,1.0
WBGene00021879,0.9
WBGene00007476,0.6333333333333333
WBGene00004344,0.9666666666666667
WBGene00206532,1.0
WBGene00008663,0.9666666666666667
WBGene00003086,1.0
WBGene00013441,1.0
WBGene00010522,1.0
WBGene00000207,1.0
WBGene00013407,1.0
WBGene00010589,1.0
WBGene00004044,1.0
WBGene00016392,0.8666666666666667
WBGene00006430,1.0
WBGene00012037,1.0
WBGene00022075,1.0
WBGene00016289,1.0
WBGene00012491,1.0
WBGene00015139,0.7666666666666667
WBGene00015978,0.5333333333333333
WBGene00004830,1.0
WBGene00003660,0.9
WBGene00016139,1.0
WBGene00010899,0.9666666666666667
WBGene00022649,0.9666666666666667
WBGene00044066,0.6
WBGene00020274,1.0
WBGene00021079,0.9333333333333333
WBGene00000820,1.0
WBGene00044205,0.9666666666666667
WBGene00023415,1.0
WBGene00018511,1.0
WBGene00009108,1.0
WBGene00000437,1.0
WBGene00018102,1.0
WBGene00020847,1.0
WBGene00017361,0.6333333333333333
WBGene00000674,1.0
WBGene00012891,1.0
WBGene00004767,1.0
WBGene00001463,1.0
WBGene00012810,1.0
WBGene00019882,1.0
WBGene00000382,0.9666666666666667
WBGene00043064,1.0
WBGene00015279,1.0
WBGene00022487,1.0
WBGene00011074,1.0
WBGene00007836,1.0
WBGene00001707,1.0
WBGene00019571,1.0
WBGene00004038,1.0
WBGene00018307,0.8666666666666667
WBGene00002046,1.0
WBGene00018215,0.8666666666666667
WBGene00008605,1.0
WBGene00021392,1.0
WBGene00000160,0.5333333333333333
WBGene00007419,1.0
WBGene00022010,1.0
WBGene00011167,0.9666666666666667
WBGene00001523,1.0
WBGene00005552,0.7666666666666667
WBGene00021976,1.0
WBGene00022040,1.0
WBGene00002076,1.0
WBGene00017002,1.0
WBGene00013426,0.9666666666666667
WBGene00019615,1.0
WBGene00013548,1.0
WBGene00007684,0.8666666666666667
WBGene00006914,1.0
WBGene00003747,1.0
WBGene00022805,0.9666666666666667
WBGene00044310,1.0
WBGene00013484,1.0
WBGene00001512,0.9666666666666667
WBGene00021840,0.9333333333333333
WBGene00006793,1.0
WBGene00015786,0.9
WBGene00010419,1.0
WBGene00003758,0.9666666666666667
WBGene00013038,1.0
WBGene00044349,1.0
WBGene00018164,0.9333333333333333
WBGene00004445,1.0
WBGene00009059,1.0
WBGene00007385,1.0
WBGene00018104,0.7333333333333333
WBGene00004480,1.0
WBGene00013549,0.5666666666666667
WBGene00004132,1.0
WBGene00020393,1.0
WBGene00012134,1.0
WBGene00010502,0.9333333333333333
WBGene00022491,1.0
WBGene00013220,1.0
WBGene00194695,0.9333333333333333
WBGene00001151,1.0
WBGene00009132,1.0
WBGene00009113,1.0
WBGene00009742,0.5333333333333333
WBGene00003090,1.0
WBGene00020855,1.0
WBGene00021960,1.0
WBGene00001028,1.0
WBGene00003600,0.9666666666666667
WBGene00013034,0.9666666666666667
WBGene00020719,1.0
WBGene00004415,1.0
WBGene00008166,1.0
WBGene00003548,0.9
WBGene00004429,1.0
WBGene00015535,1.0
WBGene00003719,0.9666666666666667
WBGene00010459,1.0
WBGene00017747,0.9666666666666667
WBGene00008453,0.9
WBGene00008741,0.6333333333333333
WBGene00004911,1.0
WBGene00007368,0.9333333333333333
WBGene00007516,1.0
WBGene00012723,1.0
WBGene00022389,1.0
WBGene00005077,1.0
WBGene00019738,0.9
WBGene00003078,1.0
WBGene00012850,1.0
WBGene00015393,0.9333333333333333
WBGene00007918,1.0
WBGene00004112,1.0
WBGene00018025,0.9666666666666667
WBGene00022770,1.0
WBGene00022803,1.0
WBGene00022231,1.0
WBGene00010758,0.9333333333333333
WBGene00010033,1.0
WBGene00010848,1.0
WBGene00006728,1.0
WBGene00001041,1.0
WBGene00018793,1.0
WBGene00000834,1.0
WBGene00002915,1.0
WBGene00017262,0.8666666666666667
WBGene00010747,1.0
WBGene00003840,0.9666666666666667
WBGene00000774,1.0
WBGene00021519,0.9666666666666667
WBGene00007109,1.0
WBGene00015404,1.0
WBGene00012236,0.9
WBGene00000464,0.9666666666666667
WBGene00007180,1.0
WBGene00020407,1.0
WBGene00012938,1.0
WBGene00010110,1.0
WBGene00013447,1.0
WBGene00000693,0.6333333333333333
WBGene00022794,1.0
WBGene00018885,1.0
WBGene00003571,0.6
WBGene00003831,1.0
WBGene00006988,1.0
WBGene00013498,1.0
WBGene00045507,1.0
WBGene00000961,0.9333333333333333
WBGene00018319,1.0
WBGene00004462,1.0
WBGene00013711,1.0
WBGene00005612,1.0
WBGene00022675,1.0
WBGene00017991,1.0
WBGene00000616,1.0
WBGene00002058,0.9666666666666667
WBGene00019970,1.0
WBGene00000093,1.0
WBGene00017289,0.7666666666666667
WBGene00011337,0.9333333333333333
WBGene00003728,1.0
WBGene00019464,0.9333333333333333
WBGene00002012,1.0
WBGene00011004,1.0
WBGene00000257,0.8
WBGene00002189,1.0
WBGene00003943,1.0
WBGene00022492,1.0
WBGene00020089,1.0
WBGene00015642,0.9333333333333333
WBGene00021740,1.0
WBGene00016974,0.9333333333333333
WBGene00020247,0.9
WBGene00045383,1.0
WBGene00001831,1.0
WBGene00015349,1.0
WBGene00022500,1.0
WBGene00003593,0.9333333333333333
WBGene00015056,1.0
WBGene00004130,1.0
WBGene00044916,1.0
WBGene00004339,1.0
WBGene00006479,0.9333333333333333
WBGene00017422,0.9666666666666667
WBGene00002101,1.0
WBGene00017275,0.7333333333333333
WBGene00001585,1.0
WBGene00013902,0.9
WBGene00012786,1.0
WBGene00015322,1.0
WBGene00013532,1.0
WBGene00007214,0.7
WBGene00003818,1.0
WBGene00019103,1.0
WBGene00006660,1.0
WBGene00021636,1.0
WBGene00015600,0.6333333333333333
WBGene00012254,0.6666666666666666
WBGene00021635,1.0
WBGene00009984,1.0
WBGene00007913,0.7333333333333333
WBGene00003645,0.9
WBGene00045052,1.0
WBGene00022672,1.0
WBGene00022488,1.0
WBGene00003167,1.0
WBGene00012953,1.0
WBGene00022158,0.9333333333333333
WBGene00020943,1.0
WBGene00006732,1.0
WBGene00007500,1.0
WBGene00018233,1.0
WBGene00007959,1.0
WBGene00009781,0.9
WBGene00012919,0.5333333333333333
WBGene00013295,1.0
WBGene00004887,0.9666666666666667
WBGene00016055,1.0
WBGene00022392,0.9
WBGene00007844,0.9
WBGene00008877,0.5333333333333333
WBGene00007430,1.0
WBGene00011836,0.6666666666666666
WBGene00011154,1.0
WBGene00022069,1.0
WBGene00002363,0.7
WBGene00010977,0.6333333333333333
WBGene00019344,1.0
WBGene00020487,1.0
WBGene00017901,1.0
WBGene00011742,1.0
WBGene00021917,1.0
WBGene00011430,1.0
WBGene00010537,0.9333333333333333
WBGene00007588,1.0
WBGene00009623,1.0
WBGene00022025,1.0
WBGene00001636,1.0
WBGene00020993,0.9666666666666667
WBGene00001579,1.0
WBGene00021238,0.9666666666666667
WBGene00001372,1.0
WBGene00022170,1.0
WBGene00022788,1.0
WBGene00009839,0.7
WBGene00015859,1.0
WBGene00017285,1.0
WBGene00008641,1.0
WBGene00019868,0.9
WBGene00007695,1.0
WBGene00022350,1.0
WBGene00015650,1.0
WBGene00013347,1.0
WBGene00022192,1.0
WBGene00006881,1.0
WBGene00018305,1.0
WBGene00004140,1.0
WBGene00015332,1.0
WBGene00004768,0.9333333333333333
WBGene00007112,1.0
WBGene00009743,0.9333333333333333
WBGene00019264,1.0
WBGene00007070,1.0
WBGene00020887,1.0
WBGene00005818,1.0
WBGene00235268,1.0
WBGene00022473,0.9
WBGene00009964,0.8
WBGene00004206,1.0
WBGene00020563,0.5
WBGene00006810,0.9333333333333333
WBGene00000088,0.9666666666666667
WBGene00008097,1.0
WBGene00015971,1.0
WBGene00001856,1.0
WBGene00009131,1.0
WBGene00010338,0.8333333333333334
WBGene00016860,0.9
WBGene00004499,1.0
WBGene00119203,0.5333333333333333
WBGene00007387,1.0
WBGene00008296,0.8666666666666667
WBGene00009877,0.9
WBGene00022089,1.0
WBGene00006862,1.0
WBGene00004150,1.0
WBGene00009123,1.0
WBGene00021329,1.0
WBGene00011731,0.8666666666666667
WBGene00009776,0.9
WBGene00008414,0.5333333333333333
WBGene00016879,1.0
WBGene00008645,0.8666666666666667
WBGene00013096,1.0
WBGene00022152,1.0
WBGene00019822,0.8333333333333334
WBGene00019718,1.0
WBGene00020399,0.9
WBGene00006639,1.0
WBGene00004436,1.0
WBGene00011124,0.9666666666666667
WBGene00077701,0.9666666666666667
WBGene00001447,0.9666666666666667
WBGene00009224,1.0
WBGene00018679,1.0
WBGene00004432,1.0
WBGene00013673,1.0
WBGene00014145,0.9666666666666667
WBGene00003129,1.0
WBGene00017574,0.5333333333333333
WBGene00010911,1.0
WBGene00008566,1.0
WBGene00003683,1.0
WBGene00010501,1.0
WBGene00013217,1.0
WBGene00000830,1.0
WBGene00017583,1.0
WBGene00003585,1.0
WBGene00000211,1.0
WBGene00011578,0.8666666666666667
WBGene00022663,1.0
WBGene00003367,1.0
WBGene00002041,1.0
WBGene00015149,0.9666666666666667
WBGene00011734,0.8333333333333334
WBGene00020970,0.9666666666666667
WBGene00012657,1.0
WBGene00013458,1.0
WBGene00021675,1.0
WBGene00003417,1.0
WBGene00007247,1.0
WBGene00007275,1.0
WBGene00011268,1.0
WBGene00013729,1.0
WBGene00020246,0.9666666666666667
WBGene00010686,1.0
WBGene00008407,1.0
WBGene00011400,1.0
WBGene00000884,1.0
WBGene00001649,1.0
WBGene00008443,1.0
WBGene00001670,1.0
WBGene00003638,1.0
WBGene00013075,1.0
WBGene00011142,0.9666666666666667
WBGene00000726,1.0
WBGene00016926,0.9666666666666667
WBGene00002050,1.0
WBGene00006827,0.6333333333333333
WBGene00006535,1.0
WBGene00020561,1.0
WBGene00003229,1.0
WBGene00011641,1.0
WBGene00002176,0.6666666666666666
WBGene00014114,0.8666666666666667
WBGene00011103,0.8333333333333334
WBGene00004472,1.0
WBGene00017482,0.9666666666666667
WBGene00004448,1.0
WBGene00009159,1.0
WBGene00013560,1.0
WBGene00014205,1.0
WBGene00019224,1.0
WBGene00015718,1.0
WBGene00001450,0.9666666666666667
WBGene00001860,1.0
WBGene00020507,1.0
WBGene00044792,0.9333333333333333
WBGene00007137,0.8333333333333334
WBGene00018987,1.0
WBGene00018946,0.9
WBGene00010061,1.0
WBGene00011035,1.0
WBGene00017773,1.0
WBGene00012221,1.0
WBGene00019014,1.0
WBGene00004272,1.0
WBGene00019426,1.0
WBGene00004705,1.0
WBGene00019536,0.9
WBGene00004417,1.0
WBGene00015271,1.0
WBGene00000481,0.9
WBGene00015605,0.6
WBGene00004787,0.9666666666666667
WBGene00001325,1.0
WBGene00004055,0.9666666666666667
WBGene00003743,0.6666666666666666
WBGene00019108,1.0
WBGene00004100,1.0
WBGene00000403,1.0
WBGene00017764,1.0
WBGene00010699,1.0
WBGene00010660,0.8666666666666667
WBGene00000073,1.0
WBGene00017925,0.9333333333333333
WBGene00235352,0.9666666666666667
WBGene00045276,1.0
WBGene00004357,1.0
WBGene00015303,1.0
WBGene00005643,1.0
WBGene00022263,0.9666666666666667
WBGene00001515,0.5666666666666667
WBGene00002093,1.0
WBGene00015981,0.9666666666666667
WBGene00004423,1.0
WBGene00010610,1.0
WBGene00018903,0.8666666666666667
WBGene00012046,1.0
WBGene00010356,1.0
WBGene00008303,0.9
WBGene00015002,0.5333333333333333
WBGene00007370,0.9666666666666667
WBGene00004491,1.0
WBGene00021178,0.9333333333333333
WBGene00004125,1.0
WBGene00010422,1.0
WBGene00003052,1.0
WBGene00018468,1.0
WBGene00022549,0.8666666666666667
WBGene00003164,1.0
WBGene00011144,1.0
WBGene00014208,0.9666666666666667
WBGene00016842,1.0
WBGene00007812,0.9
WBGene00013232,1.0
WBGene00001590,1.0
WBGene00007139,0.9666666666666667
WBGene00011994,1.0
WBGene00018975,1.0
WBGene00003591,1.0
WBGene00013755,1.0
WBGene00011213,1.0
WBGene00009266,0.9666666666666667
WBGene00017440,1.0
WBGene00008610,1.0
WBGene00013339,1.0
WBGene00009835,1.0
WBGene00004484,1.0
WBGene00020494,1.0
WBGene00013667,1.0
WBGene00009840,0.9666666666666667
WBGene00020720,0.9
WBGene00021950,0.9333333333333333
WBGene00020194,1.0
WBGene00009584,1.0
WBGene00011571,0.9
WBGene00010878,1.0
WBGene00016204,0.9666666666666667
WBGene00015337,0.9666666666666667
WBGene00045013,1.0
WBGene00000869,1.0
WBGene00016722,0.9666666666666667
WBGene00018561,0.9666666666666667
WBGene00007493,0.7
WBGene00077690,1.0
WBGene00003939,0.8666666666666667
WBGene00014077,1.0
WBGene00015145,0.5333333333333333
WBGene00021629,1.0
WBGene00010644,0.9666666666666667
WBGene00012448,1.0
WBGene00004412,1.0
WBGene00001088,0.8666666666666667
WBGene00012543,1.0
WBGene00206522,0.5666666666666667
WBGene00000557,1.0
WBGene00011224,1.0
WBGene00003583,1.0
WBGene00003793,1.0
WBGene00010334,0.9666666666666667
WBGene00019025,0.9666666666666667
WBGene00004469,1.0
WBGene00019188,1.0
WBGene00019090,0.9666666666666667
WBGene00007680,0.9
WBGene00005191,0.9666666666666667
WBGene00016383,1.0
WBGene00020774,0.6
WBGene00019597,0.9666666666666667
WBGene00001460,1.0
WBGene00012440,0.9
WBGene00016624,1.0
WBGene00022824,0.9
WBGene00016970,0.9666666666666667
WBGene00044894,1.0
WBGene00002089,1.0
WBGene00001580,1.0
WBGene00004931,1.0
WBGene00006959,1.0
WBGene00001633,0.9666666666666667
WBGene00012198,1.0
WBGene00021638,1.0
WBGene00007801,0.9
WBGene00044762,0.9666666666666667
WBGene00003169,1.0
WBGene00021148,1.0
WBGene00004800,1.0
WBGene00018998,1.0
WBGene00044527,0.9
WBGene00016027,0.9666666666666667
WBGene00018240,1.0
WBGene00001018,1.0
WBGene00001957,0.9
WBGene00010556,1.0
WBGene00206362,0.9
WBGene00017064,1.0
WBGene00010223,1.0
WBGene00022348,1.0
WBGene00010141,0.9666666666666667
WBGene00007428,1.0
WBGene00003686,1.0
WBGene00001971,0.9
WBGene00013724,1.0
WBGene00015423,0.9666666666666667
WBGene00006836,1.0
WBGene00019872,1.0
WBGene00019937,1.0
WBGene00003611,1.0
WBGene00016697,0.9333333333333333
WBGene00015099,1.0
WBGene00019294,1.0
WBGene00007345,1.0
WBGene00016535,1.0
WBGene00003258,1.0
WBGene00013558,0.8666666666666667
WBGene00010002,1.0
WBGene00206487,0.9666666666666667
WBGene00008386,1.0
WBGene00003704,0.9
WBGene00020853,0.9
WBGene00017046,0.9
WBGene00011687,1.0
WBGene00020700,0.5333333333333333
WBGene00013448,1.0
WBGene00014047,1.0
WBGene00007827,0.9
WBGene00006941,0.5333333333333333
WBGene00012699,1.0
WBGene00000766,1.0
WBGene00017926,1.0
WBGene00010043,0.9
WBGene00018214,0.8666666666666667
WBGene00000080,0.5333333333333333
WBGene00014051,1.0
WBGene00016264,1.0
WBGene00016003,0.9
WBGene00008722,1.0
WBGene00004111,1.0
WBGene00021094,0.9
WBGene00007951,0.9666666666666667
WBGene00016489,1.0
WBGene00021785,0.5666666666666667
WBGene00018015,1.0
WBGene00001026,0.9
WBGene00007770,1.0
WBGene00007255,0.9666666666666667
WBGene00007818,0.9666666666666667
WBGene00012513,1.0
WBGene00014251,1.0
WBGene00016704,1.0
WBGene00022641,0.9333333333333333
WBGene00007416,1.0
WBGene00019154,1.0
WBGene00013404,0.8666666666666667
WBGene00016448,1.0
WBGene00011763,0.8666666666666667
WBGene00000005,1.0
WBGene00000249,1.0
WBGene00006932,0.9666666666666667
WBGene00021883,1.0
WBGene00015391,0.5333333333333333
WBGene00003776,1.0
WBGene00009374,1.0
WBGene00019102,0.9
WBGene00021639,1.0
WBGene00004431,1.0
WBGene00012562,0.9333333333333333
WBGene00000406,0.9666666666666667
WBGene00007945,0.5666666666666667
WBGene00018723,1.0
WBGene00007522,0.9
WBGene00043985,1.0
WBGene00006674,1.0
WBGene00014020,1.0
WBGene00021082,0.9666666666666667
WBGene00015064,1.0
WBGene00016355,0.8
WBGene00021939,1.0
WBGene00302993,1.0
WBGene00016188,0.8333333333333334
WBGene00008892,1.0
WBGene00008748,0.9
WBGene00006516,1.0
WBGene00021535,1.0
WBGene00007152,1.0
WBGene00003630,0.8666666666666667
WBGene00011870,1.0
WBGene00175030,0.9
WBGene00001753,0.8666666666666667
WBGene00018740,0.9
WBGene00022103,1.0
WBGene00004398,1.0
WBGene00003918,0.9
WBGene00010974,1.0
WBGene00006412,0.7333333333333333
WBGene00000846,1.0
WBGene00008330,0.5666666666666667
WBGene00001145,1.0
WBGene00011806,0.9333333333333333
WBGene00020701,1.0
WBGene00006819,1.0
WBGene00013265,1.0
WBGene00012449,1.0
WBGene00006468,1.0
WBGene00006742,0.9
WBGene00001667,1.0
WBGene00012429,0.9
WBGene00006321,0.9666666666666667
WBGene00018363,1.0
WBGene00008757,1.0
WBGene00007546,0.9333333333333333
WBGene00000482,1.0
WBGene00010564,0.7
WBGene00001615,0.7
WBGene00012941,0.9666666666666667
WBGene00195248,1.0
WBGene00017031,1.0
WBGene00009483,1.0
WBGene00010341,0.6333333333333333
WBGene00019643,1.0
WBGene00001763,1.0
WBGene00015092,1.0
WBGene00004471,1.0
WBGene00018064,0.9
WBGene00020822,0.9
WBGene00043982,0.9666666666666667
WBGene00011338,1.0
WBGene00007071,1.0
WBGene00006628,0.9666666666666667
WBGene00009087,1.0
WBGene00007624,1.0
WBGene00022635,1.0
WBGene00011299,1.0
WBGene00008688,1.0
WBGene00009798,1.0
WBGene00012976,1.0
WBGene00021743,0.9666666666666667
WBGene00009608,0.8666666666666667
WBGene00003160,1.0
WBGene00006474,1.0
WBGene00000917,0.8
WBGene00050899,1.0
WBGene00008198,1.0
WBGene00020695,1.0
WBGene00010783,1.0
WBGene00015494,1.0
WBGene00015602,1.0
WBGene00018435,0.9333333333333333
WBGene00003065,1.0
WBGene00006791,1.0
WBGene00011108,0.9333333333333333
WBGene00015767,0.9666666666666667
WBGene00020510,0.9666666666666667
WBGene00004929,1.0
WBGene00012990,1.0
WBGene00011813,1.0
WBGene00016935,0.6333333333333333
WBGene00015389,1.0
WBGene00012479,0.8333333333333334
WBGene00018735,1.0
WBGene00001975,1.0
WBGene00020426,0.9666666666666667
WBGene00021282,1.0
WBGene00018317,1.0
WBGene00004493,1.0
WBGene00021847,1.0
WBGene00013677,1.0
WBGene00010045,1.0
WBGene00023409,1.0
WBGene00015935,0.9666666666666667
WBGene00015735,1.0
WBGene00007528,1.0
WBGene00007330,0.6
WBGene00002148,1.0
WBGene00017341,1.0
WBGene00009179,0.9666666666666667
WBGene00017818,1.0
WBGene00001592,1.0
WBGene00009627,1.0
WBGene00015113,1.0
WBGene00018718,1.0
WBGene00014204,1.0
WBGene00009395,1.0
WBGene00015940,1.0
WBGene00021476,0.8666666666666667
WBGene00010625,0.7
WBGene00013216,1.0
WBGene00004268,1.0
WBGene00000092,0.8
WBGene00016400,1.0
WBGene00044643,0.9666666666666667
WBGene00022285,1.0
WBGene00007361,0.9666666666666667
WBGene00015710,1.0
WBGene00020564,0.6
WBGene00011970,0.9
WBGene00004058,1.0
WBGene00012028,0.9
WBGene00004121,1.0
WBGene00021984,0.9
WBGene00022284,1.0
WBGene00008929,0.9666666666666667
WBGene00018415,1.0
WBGene00016961,1.0
WBGene00003576,0.9666666666666667
WBGene00006467,0.9666666666666667
WBGene00002187,1.0
WBGene00003368,0.9333333333333333
WBGene00015647,0.5333333333333333
WBGene00003768,1.0
WBGene00022378,1.0
WBGene00012167,1.0
WBGene00021316,0.9666666666666667
WBGene00006736,1.0
WBGene00013222,1.0
WBGene00009750,0.9333333333333333
WBGene00009600,0.9333333333333333
WBGene00000089,0.9666666666666667
WBGene00007450,1.0
WBGene00001389,1.0
WBGene00004726,0.9666666666666667
WBGene00013326,0.7666666666666667
WBGene00008334,1.0
WBGene00015278,1.0
WBGene00018262,0.9
WBGene00001513,0.9333333333333333
WBGene00007577,0.5333333333333333
WBGene00007484,1.0
WBGene00011094,0.5666666666666667
WBGene00015538,1.0
WBGene00007167,1.0
WBGene00001244,1.0
WBGene00000293,0.6
WBGene00005758,0.9666666666666667
WBGene00012100,1.0
WBGene00015577,0.8333333333333334
WBGene00044638,1.0
WBGene00020465,1.0
WBGene00015487,1.0
WBGene00014093,1.0
WBGene00007752,0.9
WBGene00004056,0.9666666666666667
WBGene00003112,1.0
WBGene00004113,1.0
WBGene00016492,1.0
WBGene00004425,1.0
WBGene00002057,1.0
WBGene00007561,1.0
WBGene00012758,0.6
WBGene00004045,0.9666666666666667
WBGene00010124,0.9
WBGene00008018,1.0
WBGene00003653,1.0
WBGene00021339,1.0
WBGene00012951,1.0
WBGene00014156,1.0
WBGene00021841,1.0
WBGene00017676,0.5333333333333333
WBGene00021365,1.0
WBGene00001404,1.0
WBGene00021191,1.0
WBGene00006573,0.6666666666666666
WBGene00002280,1.0
WBGene00004266,1.0
WBGene00020038,1.0
WBGene00021404,0.7666666666666667
WBGene00014021,1.0
WBGene00008905,0.9
WBGene00013838,1.0
WBGene00019477,0.9333333333333333
WBGene00005654,1.0
WBGene00006993,1.0
WBGene00020250,1.0
WBGene00017567,1.0
WBGene00017237,1.0
WBGene00021350,1.0
WBGene00009293,1.0
WBGene00009372,1.0
WBGene00019320,0.7333333333333333
WBGene00016118,1.0
WBGene00021926,1.0
WBGene00017158,0.5333333333333333
WBGene00022128,1.0
WBGene00005533,0.8
WBGene00021075,0.5333333333333333
WBGene00003664,0.9
WBGene00016316,0.5666666666666667
WBGene00021074,0.9666666666666667
WBGene00011156,1.0
WBGene00015450,1.0
WBGene00001085,1.0
WBGene00194921,1.0
WBGene00007862,0.9666666666666667
WBGene00004057,1.0
WBGene00021893,0.5333333333333333
WBGene00016530,0.9666666666666667
WBGene00006818,1.0
WBGene00008664,1.0
WBGene00007168,1.0
WBGene00010409,1.0
WBGene00021117,1.0
WBGene00020396,1.0
WBGene00003144,0.9666666666666667
WBGene00000366,1.0
WBGene00006593,1.0
WBGene00004053,1.0
WBGene00195176,0.9
WBGene00002207,0.9
WBGene00007436,1.0
WBGene00006319,0.9333333333333333
WBGene00017039,1.0
WBGene00018694,0.7333333333333333
WBGene00007100,1.0
WBGene00017618,0.7
WBGene00018051,0.7333333333333333
WBGene00012471,0.7333333333333333
WBGene00001676,1.0
WBGene00019877,0.9
WBGene00015402,1.0
WBGene00019841,0.9
WBGene00019237,1.0
WBGene00002213,1.0
WBGene00006627,1.0
WBGene00011854,1.0
WBGene00016313,1.0
WBGene00010951,0.6333333333333333
WBGene00010833,0.9666666666666667
WBGene00018187,1.0
WBGene00004016,1.0
WBGene00050957,0.5333333333333333
WBGene00015203,1.0
WBGene00006503,0.9666666666666667
WBGene00021504,1.0
WBGene00017178,0.9333333333333333
WBGene00012184,1.0
WBGene00018356,0.7
WBGene00011707,1.0
WBGene00022742,1.0
WBGene00015926,1.0
WBGene00016052,1.0
WBGene00018264,1.0
WBGene00044499,1.0
WBGene00012739,1.0
WBGene00185092,1.0
WBGene00007728,1.0
WBGene00015708,1.0
WBGene00006788,1.0
WBGene00022633,1.0
WBGene00001896,0.7666666666666667
WBGene00006870,0.6333333333333333
WBGene00019312,1.0
WBGene00003485,0.9666666666666667
WBGene00021363,1.0
WBGene00015948,0.5
WBGene00017807,1.0
WBGene00017184,1.0
WBGene00012624,1.0
WBGene00008248,1.0
WBGene00015200,0.9
WBGene00013865,1.0
WBGene00018195,1.0
WBGene00016667,1.0
WBGene00002118,0.5333333333333333
WBGene00016321,1.0
WBGene00006710,1.0
WBGene00022022,1.0
WBGene00007517,1.0
WBGene00011747,0.9666666666666667
WBGene00022039,1.0
WBGene00012420,1.0
WBGene00000449,1.0
WBGene00003241,1.0
WBGene00008307,0.9333333333333333
WBGene00000762,1.0
WBGene00011274,1.0
WBGene00017982,1.0
WBGene00017353,1.0
WBGene00004213,0.9666666666666667
WBGene00022251,0.6666666666666666
WBGene00022673,1.0
WBGene00014222,0.9666666666666667
WBGene00021514,1.0
WBGene00001559,1.0
WBGene00000528,0.9333333333333333
WBGene00016060,0.8666666666666667
WBGene00013989,1.0
WBGene00011420,1.0
WBGene00003566,0.9
WBGene00009844,1.0
WBGene00004269,1.0
WBGene00006610,1.0
WBGene00000703,0.9666666666666667
WBGene00016207,0.9
WBGene00002092,1.0
WBGene00017891,1.0
WBGene00020967,0.9666666666666667
WBGene00016262,1.0
WBGene00304788,0.9
WBGene00011980,1.0
WBGene00005253,1.0
WBGene00019546,0.9
WBGene00019898,1.0
WBGene00011030,0.9666666666666667
WBGene00000417,1.0
WBGene00022061,0.9
WBGene00017570,1.0
WBGene00013529,1.0
WBGene00016903,0.9
WBGene00022397,1.0
WBGene00044568,0.5333333333333333
WBGene00001161,1.0
WBGene00007363,0.6333333333333333
WBGene00008810,0.9666666666666667
WBGene00005007,1.0
WBGene00006389,1.0
WBGene00007429,1.0
WBGene00003412,1.0
WBGene00015996,0.5
WBGene00017313,1.0
WBGene00007185,1.0
WBGene00015980,0.9666666666666667
WBGene00018954,0.9666666666666667
WBGene00007183,0.9666666666666667
WBGene00000831,1.0
WBGene00019750,1.0
WBGene00015477,0.6666666666666666
WBGene00017968,0.9333333333333333
WBGene00004264,1.0
WBGene00009745,0.8666666666666667
WBGene00012347,1.0
WBGene00016944,1.0
WBGene00018925,1.0
WBGene00004474,1.0
WBGene00020559,1.0
WBGene00008044,1.0
WBGene00011725,1.0
WBGene00009448,1.0
WBGene00012605,1.0
WBGene00021486,1.0
WBGene00018999,1.0
WBGene00013275,1.0
WBGene00021507,1.0
WBGene00021337,1.0
WBGene00000623,1.0
WBGene00016916,1.0
WBGene00010803,0.9
WBGene00003048,1.0
WBGene00018071,1.0
WBGene00220259,1.0
WBGene00002184,1.0
WBGene00017344,0.9666666666666667
WBGene00015293,1.0
WBGene00012225,1.0
WBGene00016210,1.0
WBGene00000262,0.7333333333333333
WBGene00011374,1.0
WBGene00003676,1.0
WBGene00009423,0.5666666666666667
WBGene00013708,0.9333333333333333
WBGene00020502,1.0
WBGene00021561,1.0
WBGene00007505,0.9
WBGene00000971,0.9666666666666667
WBGene00011719,1.0
WBGene00003014,1.0
WBGene00010828,1.0
WBGene00018470,1.0
WBGene00022297,1.0
WBGene00016064,1.0
WBGene00002173,1.0
WBGene00003597,0.9
WBGene00008009,1.0
WBGene00001352,1.0
WBGene00005481,1.0
WBGene00003034,1.0
WBGene00011417,1.0
WBGene00009178,1.0
WBGene00019599,0.6333333333333333
WBGene00004030,0.9
WBGene00006208,0.9666666666666667
WBGene00044001,0.9
WBGene00007779,1.0
WBGene00016258,1.0
WBGene00007166,0.9
WBGene00021439,1.0
WBGene00000585,1.0
WBGene00006771,1.0
WBGene00007513,1.0
WBGene00012602,1.0
WBGene00044699,0.9
WBGene00003663,1.0
WBGene00015885,1.0
WBGene00004235,0.9666666666666667
WBGene00017733,1.0
WBGene00007227,1.0
WBGene00001060,1.0
WBGene00004426,1.0
WBGene00004400,0.9666666666666667
WBGene00019087,1.0
WBGene00013015,0.9666666666666667
WBGene00017091,1.0
WBGene00013561,1.0
WBGene00009441,1.0
WBGene00021605,1.0
WBGene00020363,1.0
WBGene00004508,1.0
WBGene00019115,0.9
WBGene00007351,0.9
WBGene00018218,1.0
WBGene00006940,0.8
WBGene00013938,1.0
WBGene00005544,1.0
WBGene00016281,0.5333333333333333
WBGene00003041,1.0
WBGene00012626,1.0
WBGene00011028,1.0
WBGene00022865,1.0
WBGene00007140,1.0
WBGene00013235,0.9666666666666667
WBGene00006601,1.0
WBGene00044745,1.0
WBGene00019590,1.0
WBGene00001511,1.0
WBGene00003550,1.0
WBGene00021811,1.0
WBGene00007622,1.0
WBGene00006567,1.0
WBGene00010815,0.9333333333333333
WBGene00020765,1.0
WBGene00017514,1.0
WBGene00009819,0.5333333333333333
WBGene00015728,1.0
WBGene00195073,0.9
WBGene00004921,1.0
WBGene00013236,0.9666666666666667
WBGene00021063,1.0
WBGene00021185,1.0
WBGene00021787,1.0
WBGene00004430,1.0
WBGene00003920,1.0
WBGene00016145,1.0
WBGene00002011,1.0
WBGene00000853,1.0
WBGene00020933,1.0
WBGene00017765,0.9666666666666667
WBGene00016975,1.0
WBGene00007518,0.9333333333333333
WBGene00014153,1.0
WBGene00007130,0.8666666666666667
WBGene00017449,0.9333333333333333
WBGene00001565,1.0
WBGene00016091,0.9666666666666667
WBGene00009042,1.0
WBGene00007929,1.0
WBGene00003403,1.0
WBGene00022645,1.0
WBGene00000540,1.0
WBGene00044311,0.9666666666666667
WBGene00004276,1.0
WBGene00008398,1.0
WBGene00007917,0.9333333333333333
WBGene00022783,1.0
WBGene00045412,1.0
WBGene00010756,1.0
WBGene00001156,0.9666666666666667
WBGene00003107,0.9666666666666667
WBGene00014209,1.0
WBGene00022476,1.0
WBGene00009148,1.0
WBGene00003517,1.0
WBGene00004476,1.0
WBGene00003242,0.9
WBGene00011635,1.0
WBGene00005194,0.5666666666666667
WBGene00018601,1.0
WBGene00007826,1.0
WBGene00009390,1.0
WBGene00003722,0.5333333333333333
WBGene00009476,1.0
WBGene00011647,0.9666666666666667
WBGene00020451,0.9666666666666667
WBGene00003732,1.0
WBGene00018831,1.0
WBGene00003821,1.0
WBGene00020080,1.0
WBGene00004891,1.0
WBGene00019183,0.9
WBGene00022053,1.0
WBGene00018786,1.0
WBGene00020912,1.0
WBGene00005647,1.0
WBGene00003002,1.0
WBGene00219313,1.0
WBGene00003596,1.0
WBGene00004721,0.5666666666666667
WBGene00011887,1.0
WBGene00006602,1.0
WBGene00008233,0.9666666666666667
WBGene00013693,1.0
WBGene00013197,0.9666666666666667
WBGene00019021,1.0
WBGene00018910,0.7666666666666667
WBGene00008916,1.0
WBGene00006853,1.0
WBGene00012489,0.9666666666666667
WBGene00302974,1.0
WBGene00002052,0.9
WBGene00017469,1.0
WBGene00019733,1.0
WBGene00006963,0.9666666666666667
WBGene00010655,0.9666666666666667
WBGene00006671,1.0
WBGene00015684,1.0
WBGene00016123,1.0
WBGene00012779,1.0
WBGene00004442,1.0
WBGene00008224,1.0
WBGene00010752,1.0
WBGene00021640,1.0
WBGene00012025,1.0
WBGene00017646,0.9
WBGene00012170,1.0
WBGene00008332,1.0
WBGene00001532,1.0
WBGene00044466,0.9666666666666667
WBGene00012234,0.9
WBGene00015756,1.0
WBGene00013544,1.0
WBGene00003669,1.0
WBGene00001549,0.9666666666666667
WBGene00019823,0.9
WBGene00007720,1.0
WBGene00008226,1.0
WBGene00003579,1.0
WBGene00015029,1.0
WBGene00235312,1.0
WBGene00011253,1.0
WBGene00022150,1.0
WBGene00006824,1.0
WBGene00009493,1.0
WBGene00008538,1.0
WBGene00004154,1.0
WBGene00004215,0.9666666666666667
WBGene00017563,1.0
WBGene00011015,1.0
WBGene00009908,1.0
WBGene00012632,1.0
WBGene00016606,1.0
WBGene00013923,1.0
WBGene00009246,1.0
WBGene00001207,1.0
WBGene00021714,1.0
WBGene00001936,1.0
WBGene00018854,1.0
WBGene00016046,1.0
WBGene00022255,1.0
WBGene00008148,1.0
WBGene00000118,0.9333333333333333
WBGene00010161,0.9666666666666667
WBGene00003562,1.0
WBGene00235271,1.0
WBGene00016143,1.0
WBGene00017894,0.7666666666666667
WBGene00006365,0.9666666666666667
WBGene00012644,0.7333333333333333
WBGene00009221,1.0
WBGene00022773,1.0
WBGene00018696,1.0
WBGene00013907,0.9
WBGene00010138,1.0
WBGene00009202,0.5
WBGene00000109,1.0
WBGene00016173,1.0
WBGene00012332,1.0
WBGene00006595,1.0
WBGene00007122,0.5666666666666667
WBGene00023490,1.0
WBGene00003575,1.0
WBGene00003628,0.5
WBGene00011163,1.0
WBGene00004383,1.0
WBGene00020058,0.5333333333333333
WBGene00044073,0.5333333333333333
WBGene00001646,1.0
WBGene00009880,1.0
WBGene00194883,1.0
WBGene00010565,1.0
WBGene00011890,1.0
WBGene00018009,1.0
WBGene00004778,1.0
WBGene00015704,0.5666666666666667
WBGene00001662,1.0
WBGene00020976,1.0
WBGene00010805,1.0
WBGene00000438,0.9
WBGene00020379,1.0
WBGene00016170,0.9666666666666667
WBGene00021352,1.0
WBGene00007453,1.0
WBGene00009424,0.6
WBGene00011644,1.0
WBGene00004312,0.5
WBGene00013695,1.0
WBGene00007772,0.5666666666666667
WBGene00044608,1.0
WBGene00008973,1.0
WBGene00007994,0.9666666666666667
WBGene00014090,0.9333333333333333
WBGene00011443,1.0
WBGene00008710,1.0
WBGene00006911,1.0
WBGene00013835,1.0
WBGene00008194,1.0
WBGene00020894,1.0
WBGene00016002,1.0
WBGene00044528,1.0
WBGene00007565,1.0
WBGene00001468,1.0
WBGene00009456,1.0
WBGene00008345,1.0
WBGene00020777,1.0
WBGene00019329,0.8
WBGene00000533,1.0
WBGene00000169,1.0
WBGene00006747,1.0
WBGene00022506,1.0
WBGene00008457,1.0
WBGene00043062,1.0
WBGene00015540,1.0
WBGene00006379,1.0
WBGene00020456,0.9333333333333333
WBGene00021224,0.7666666666666667
WBGene00003620,0.9333333333333333
WBGene00017707,1.0
WBGene00016849,0.9
WBGene00004307,1.0
WBGene00019680,1.0
WBGene00019479,0.9666666666666667
WBGene00003729,0.9666666666666667
WBGene00018295,1.0
WBGene00013551,1.0
WBGene00044922,0.9666666666666667
WBGene00008120,1.0
WBGene00013365,1.0
WBGene00016295,0.9
WBGene00008601,1.0
WBGene00007980,0.9666666666666667
WBGene00022363,1.0
WBGene00004447,1.0
WBGene00005205,1.0
WBGene00044120,0.9
WBGene00007260,1.0
WBGene00010038,0.9666666666666667
WBGene00010491,0.9666666666666667
WBGene00021468,1.0
WBGene00015865,1.0
WBGene00006310,1.0
WBGene00010928,0.6333333333333333
WBGene00000630,0.8333333333333334
WBGene00010700,0.9
WBGene00017310,1.0
WBGene00004296,1.0
WBGene00021158,1.0
WBGene00018298,1.0
WBGene00050885,1.0
WBGene00019772,0.9333333333333333
WBGene00004482,1.0
WBGene00003827,0.9666666666666667
WBGene00000188,0.7666666666666667
WBGene00022104,1.0
WBGene00021655,1.0
WBGene00008385,1.0
WBGene00015088,0.5666666666666667
WBGene00001101,0.9666666666666667
WBGene00001368,1.0
WBGene00002845,1.0
WBGene00015864,1.0
WBGene00011521,1.0
WBGene00012596,1.0
WBGene00019226,1.0
WBGene00006757,1.0
WBGene00019245,0.9333333333333333
WBGene00006163,0.9666666666666667
WBGene00019944,0.9333333333333333
WBGene00011422,1.0
WBGene00011502,0.9
WBGene00009387,1.0
WBGene00001535,1.0
WBGene00010736,0.9
WBGene00013269,1.0
WBGene00044492,0.9666666666666667
WBGene00018252,0.9
WBGene00012989,1.0
WBGene00016540,0.5666666666666667
WBGene00007192,1.0
WBGene00012929,0.7
WBGene00011083,1.0
WBGene00008218,1.0
WBGene00000176,0.9333333333333333
WBGene00001425,1.0
WBGene00000424,0.9333333333333333
WBGene00008422,1.0
WBGene00018281,0.5333333333333333
WBGene00009739,1.0
WBGene00018900,0.9666666666666667
WBGene00303026,0.9666666666666667
WBGene00023477,1.0
WBGene00000512,1.0
WBGene00022033,1.0
WBGene00007409,1.0
WBGene00021948,0.9666666666666667
WBGene00044457,0.6
WBGene00077693,0.9666666666666667
WBGene00021441,1.0
WBGene00018466,1.0
WBGene00018811,1.0
WBGene00022522,1.0
WBGene00007162,1.0
WBGene00020052,1.0
WBGene00000264,1.0
WBGene00014111,1.0
WBGene00206521,0.9666666666666667
WBGene00012553,1.0
WBGene00022047,1.0
WBGene00012381,0.9
WBGene00017299,0.7
WBGene00019720,0.9
WBGene00004356,1.0
WBGene00001821,0.7
WBGene00021765,1.0
WBGene00004433,1.0
WBGene00021856,1.0
WBGene00003056,0.9666666666666667
WBGene00003661,1.0
WBGene00012548,0.7333333333333333
WBGene00004782,0.9333333333333333
WBGene00007553,0.6666666666666666
WBGene00017653,1.0
WBGene00018024,1.0
WBGene00020658,0.9666666666666667
WBGene00018877,1.0
WBGene00050906,0.6
WBGene00001883,0.9666666666666667
WBGene00195063,1.0
WBGene00015466,1.0
WBGene00005759,0.9666666666666667
WBGene00017051,1.0
WBGene00016367,1.0
WBGene00017416,1.0
WBGene00009952,0.7
WBGene00001909,1.0
WBGene00019339,1.0
WBGene00004440,1.0
WBGene00009138,1.0
WBGene00001570,1.0
WBGene00007541,0.9666666666666667
WBGene00009547,1.0
WBGene00021002,1.0
WBGene00003978,0.9666666666666667
WBGene00019840,1.0
WBGene00003025,1.0
WBGene00010250,1.0
WBGene00021872,0.7
WBGene00011027,1.0
WBGene00019713,1.0
WBGene00007113,1.0
WBGene00004451,1.0
WBGene00001748,0.8
WBGene00017699,1.0
WBGene00018657,0.9
WBGene00002086,0.9333333333333333
WBGene00007287,1.0
WBGene00009435,0.6333333333333333
WBGene00006804,1.0
WBGene00003706,1.0
WBGene00194680,1.0
WBGene00007848,0.9666666666666667
WBGene00003033,0.9666666666666667
WBGene00016611,1.0
WBGene00012591,0.9
WBGene00011279,1.0
WBGene00021021,1.0
WBGene00010263,1.0
WBGene00009958,1.0
WBGene00044612,0.9
WBGene00009688,1.0
WBGene00009888,1.0
WBGene00011193,1.0
WBGene00022271,0.9
WBGene00022274,1.0
WBGene00010023,0.9666666666666667
WBGene00001214,1.0
WBGene00001107,1.0
WBGene00020347,1.0
WBGene00021394,1.0
WBGene00020417,1.0
WBGene00016124,1.0
WBGene00012389,0.9666666666666667
WBGene00007054,1.0
WBGene00018376,0.9666666666666667
WBGene00044043,0.9666666666666667
WBGene00006226,1.0
WBGene00015396,1.0
WBGene00022631,1.0
WBGene00020917,0.8666666666666667
WBGene00284867,1.0
WBGene00003668,1.0
WBGene00013124,1.0
WBGene00022309,1.0
WBGene00013737,1.0
WBGene00006726,1.0
WBGene00015204,0.5333333333333333
WBGene00004897,1.0
WBGene00020339,1.0
WBGene00020878,1.0
WBGene00020831,1.0
WBGene00003408,1.0
WBGene00011566,0.9666666666666667
WBGene00023450,1.0
WBGene00016067,1.0
WBGene00012282,0.9333333333333333
WBGene00021168,1.0
WBGene00005640,1.0
WBGene00004368,1.0
WBGene00010283,0.9666666666666667
WBGene00004803,0.9
WBGene00007501,1.0
WBGene00009582,1.0
WBGene00001171,0.9666666666666667
WBGene00018963,1.0
WBGene00007984,0.9
WBGene00004477,1.0
WBGene00020555,0.6333333333333333
WBGene00000259,1.0
WBGene00018634,1.0
WBGene00011164,1.0
WBGene00017879,1.0
WBGene00004175,0.7333333333333333
WBGene00006075,1.0
WBGene00020374,0.9
WBGene00020128,0.8666666666666667
WBGene00015621,0.9
WBGene00013901,0.9666666666666667
WBGene00011556,0.9666666666666667
WBGene00009993,0.6
WBGene00019361,0.9666666666666667
WBGene00009429,0.7666666666666667
WBGene00004949,0.9666666666666667
WBGene00011538,1.0
WBGene00017916,1.0
WBGene00018035,1.0
WBGene00020936,1.0
WBGene00009163,1.0
WBGene00001608,1.0
WBGene00007707,1.0
WBGene00008670,1.0
WBGene00019647,1.0
WBGene00008309,0.9666666666666667
WBGene00001386,0.9666666666666667
WBGene00018154,1.0
WBGene00022474,0.9666666666666667
WBGene00000778,1.0
WBGene00013808,1.0
WBGene00011867,1.0
WBGene00001805,0.9333333333333333
WBGene00010621,1.0
WBGene00007704,0.9666666666666667
WBGene00009100,1.0
WBGene00016632,1.0
WBGene00012778,1.0
WBGene00018241,0.9333333333333333
WBGene00004320,1.0
WBGene00016920,0.5333333333333333
WBGene00001690,1.0
WBGene00012271,1.0
WBGene00012538,1.0
WBGene00021661,1.0
WBGene00021279,1.0
WBGene00013425,1.0
WBGene00001186,0.9333333333333333
WBGene00004064,0.5666666666666667
WBGene00008834,0.9
WBGene00000161,1.0
WBGene00007295,0.9
WBGene00002297,1.0
WBGene00006620,0.6
WBGene00016273,1.0
WBGene00001682,1.0
WBGene00009969,1.0
WBGene00004427,1.0
WBGene00009769,1.0
WBGene00001132,1.0
WBGene00012116,0.7333333333333333
WBGene00023487,1.0
WBGene00007549,1.0
WBGene00022682,0.9666666666666667
WBGene00004760,1.0
WBGene00000863,1.0
WBGene00010040,1.0
WBGene00000974,1.0
WBGene00003546,1.0
WBGene00001785,0.9666666666666667
WBGene00001752,0.9666666666666667
WBGene00016218,1.0
WBGene00004274,1.0
WBGene00009650,1.0
WBGene00017823,1.0
WBGene00020798,1.0
WBGene00017372,1.0
WBGene00015631,1.0
WBGene00007366,1.0
WBGene00022627,1.0
WBGene00018615,1.0
WBGene00019368,1.0
WBGene00044654,1.0
WBGene00000677,1.0
WBGene00011119,0.9333333333333333
WBGene00015207,1.0
WBGene00003404,1.0
WBGene00016182,1.0
WBGene00006655,1.0
WBGene00009443,1.0
WBGene00019153,0.9666666666666667
WBGene00020445,0.5666666666666667
WBGene00013669,1.0
WBGene00013433,1.0
WBGene00019628,1.0
WBGene00008118,1.0
WBGene00000996,0.5666666666666667
WBGene00045403,1.0
WBGene00016973,0.9666666666666667
WBGene00010130,1.0
WBGene00012643,0.6
WBGene00001131,0.5
WBGene00004258,1.0
WBGene00016016,1.0
WBGene00011068,1.0
WBGene00018624,0.9666666666666667
WBGene00009974,0.9666666666666667
WBGene00017763,1.0
WBGene00004490,1.0
WBGene00022193,1.0
WBGene00002062,0.5
WBGene00004256,1.0
WBGene00014230,1.0
WBGene00017814,0.9333333333333333
WBGene00008930,1.0
WBGene00022832,1.0
WBGene00011082,1.0
WBGene00004856,1.0
WBGene00022380,1.0
WBGene00020698,1.0
WBGene00006454,1.0
WBGene00017973,0.8666666666666667
WBGene00013804,1.0
WBGene00007892,0.6333333333333333
WBGene00010722,1.0
WBGene00010515,1.0
WBGene00017974,1.0
WBGene00016203,0.9666666666666667
WBGene00007347,1.0
WBGene00010383,0.9666666666666667
WBGene00002146,0.8
WBGene00001755,0.5333333333333333
WBGene00007687,1.0
WBGene00009094,1.0
WBGene00011110,1.0
WBGene00022750,0.9666666666666667
WBGene00015632,1.0
WBGene00012869,1.0
WBGene00011375,1.0
WBGene00045397,1.0
WBGene00014198,1.0
WBGene00008783,0.9
WBGene00013405,1.0
WBGene00001808,1.0
WBGene00009953,1.0
WBGene00003903,1.0
WBGene00015822,1.0
WBGene00014002,0.9333333333333333
WBGene00017744,1.0
WBGene00017880,1.0
WBGene00006067,1.0
WBGene00004229,1.0
WBGene00011428,1.0
WBGene00009995,1.0
WBGene00011591,1.0
WBGene00018265,0.9666666666666667
WBGene00010188,0.6333333333333333
WBGene00001365,0.9666666666666667
WBGene00012319,0.6333333333333333
WBGene00044009,0.9
WBGene00008742,1.0
WBGene00021764,1.0
WBGene00008957,1.0
WBGene00018869,1.0
WBGene00015019,0.6333333333333333
WBGene00044760,0.7
WBGene00016282,1.0
WBGene00013704,1.0
WBGene00001334,1.0
WBGene00003053,0.9333333333333333
WBGene00016566,1.0
WBGene00018802,0.5666666666666667
WBGene00021297,1.0
WBGene00016331,1.0
WBGene00016608,1.0
WBGene00004444,1.0
WBGene00010629,1.0
WBGene00000558,1.0
WBGene00017980,1.0
WBGene00013091,1.0
WBGene00010975,0.8666666666666667
WBGene00000995,1.0
WBGene00009768,0.9333333333333333
WBGene00018878,1.0
WBGene00019101,1.0
WBGene00022129,0.9666666666666667
WBGene00000231,1.0
WBGene00003515,0.6
WBGene00007690,1.0
WBGene00001672,0.9666666666666667
WBGene00018737,0.5
WBGene00012354,1.0
WBGene00002109,1.0
WBGene00001393,1.0
WBGene00007966,1.0
WBGene00006622,0.9
WBGene00003017,0.9666666666666667
WBGene00010868,1.0
WBGene00014202,0.5333333333333333
WBGene00020422,0.9
WBGene00019977,1.0
WBGene00009007,1.0
WBGene00019697,0.9666666666666667
WBGene00018609,1.0
WBGene00017197,1.0
WBGene00000002,1.0
WBGene00002201,0.9666666666666667
WBGene00017016,1.0
WBGene00016918,1.0
WBGene00009796,0.8666666666666667
WBGene00013768,1.0
WBGene00022719,1.0
WBGene00006508,1.0
WBGene00007392,0.5333333333333333
WBGene00004086,1.0
WBGene00011275,1.0
WBGene00010375,1.0
WBGene00044406,1.0
WBGene00008492,1.0
WBGene00013354,1.0
WBGene00010160,1.0
WBGene00018928,1.0
WBGene00015781,1.0
WBGene00017592,0.9
WBGene00004422,1.0
WBGene00014075,1.0
WBGene00012259,1.0
WBGene00018487,1.0
WBGene00077775,1.0
WBGene00006711,1.0
WBGene00004345,1.0
WBGene00008164,0.9
WBGene00017594,1.0
WBGene00008932,0.9666666666666667
WBGene00016019,1.0
WBGene00020725,1.0
WBGene00016192,1.0
WBGene00016841,1.0
WBGene00007604,0.9666666666666667
WBGene00004898,1.0
WBGene00015301,1.0
WBGene00008310,0.7333333333333333
WBGene00018512,1.0
WBGene00000910,1.0
WBGene00004010,1.0
WBGene00021295,1.0
WBGene00000994,1.0
WBGene00008348,1.0
WBGene00012522,1.0
WBGene00013080,1.0
WBGene00022191,0.9
WBGene00016735,1.0
WBGene00018849,1.0
WBGene00009354,0.9666666666666667
WBGene00009006,1.0
WBGene00005010,0.8333333333333334
WBGene00010229,0.9666666666666667
WBGene00003779,1.0
WBGene00003384,1.0
WBGene00019698,1.0
WBGene00009831,1.0
WBGene00015401,1.0
WBGene00017885,1.0
WBGene00022515,0.6333333333333333
WBGene00009142,0.9666666666666667
WBGene00019731,0.7333333333333333
WBGene00001056,1.0
WBGene00022300,1.0
WBGene00009077,0.6
WBGene00009664,0.9666666666666667
WBGene00016614,1.0
WBGene00019182,1.0
WBGene00006066,1.0
WBGene00195183,1.0
WBGene00010594,1.0
WBGene00006672,1.0
WBGene00001823,0.9666666666666667
WBGene00013042,0.9
WBGene00022737,0.5333333333333333
WBGene00014228,0.9666666666666667
WBGene00018855,1.0
WBGene00015508,0.7666666666666667
WBGene00003089,1.0
WBGene00002240,1.0
WBGene00004043,1.0
WBGene00004684,1.0
WBGene00020852,1.0
WBGene00011958,1.0
WBGene00013359,1.0
WBGene00022550,0.9
WBGene00015328,1.0
WBGene00018068,1.0
WBGene00012634,0.9666666666666667
WBGene00004139,1.0
WBGene00020517,0.9666666666666667
WBGene00006707,0.9333333333333333
WBGene00000911,1.0
WBGene00016454,0.5333333333333333
WBGene00000914,1.0
WBGene00015495,1.0
WBGene00000782,1.0
WBGene00017007,1.0
WBGene00001193,1.0
WBGene00022836,1.0
WBGene00014219,1.0
WBGene00001993,0.9666666666666667
WBGene00016577,1.0
WBGene00008849,1.0
WBGene00010693,1.0
WBGene00018719,1.0
WBGene00015347,1.0
WBGene00014066,1.0
WBGene00044586,1.0
WBGene00006713,1.0
WBGene00020375,1.0
WBGene00015235,1.0
WBGene00016190,1.0
WBGene00009121,0.6666666666666666
WBGene00001556,1.0
WBGene00018908,1.0
WBGene00020964,1.0
WBGene00018005,1.0
WBGene00044032,1.0
WBGene00012640,1.0
WBGene00001645,0.5333333333333333
WBGene00009340,1.0
WBGene00015022,1.0
WBGene00012136,0.9666666666666667
WBGene00185005,1.0
WBGene00003850,0.6333333333333333
WBGene00022270,1.0
WBGene00011897,1.0
WBGene00019290,0.7666666666666667
WBGene00022547,0.7
WBGene00018370,1.0
WBGene00019554,1.0
WBGene00006745,0.9666666666666667
WBGene00004483,1.0
WBGene00000159,1.0
WBGene00000645,0.7666666666666667
WBGene00022644,0.7666666666666667
WBGene00010442,0.8666666666666667
WBGene00011300,0.9666666666666667
WBGene00194895,1.0
WBGene00005011,1.0
WBGene00019509,0.9666666666666667
WBGene00009824,1.0
WBGene00009724,0.6333333333333333
WBGene00019654,0.9666666666666667
WBGene00008292,1.0
WBGene00022745,1.0
WBGene00006865,1.0
WBGene00000530,0.9
WBGene00011296,1.0
WBGene00003000,1.0
WBGene00001841,1.0
WBGene00017322,0.5333333333333333
WBGene00007075,0.9
WBGene00004744,1.0
WBGene00021644,1.0
WBGene00017828,0.9
WBGene00003614,0.9666666666666667
WBGene00022517,1.0
WBGene00000079,0.8666666666666667
WBGene00008121,1.0
WBGene00017420,0.9666666666666667
WBGene00018261,0.9666666666666667
WBGene00086553,0.5333333333333333
WBGene00022592,1.0
WBGene00021423,0.8333333333333334
WBGene00004496,1.0
WBGene00271817,0.9666666666666667
WBGene00019332,0.5333333333333333
WBGene00007314,1.0
WBGene00021328,0.9666666666666667
WBGene00015177,0.9666666666666667
WBGene00008924,1.0
WBGene00003623,0.9333333333333333
WBGene00009329,1.0
WBGene00045405,0.9333333333333333
WBGene00017608,0.9666666666666667
WBGene00010856,0.9666666666666667
WBGene00002979,0.9333333333333333
WBGene00000496,1.0
WBGene00006589,1.0
WBGene00008547,0.8666666666666667
WBGene00006383,1.0
WBGene00017787,0.8333333333333334
WBGene00019473,0.6
WBGene00013587,1.0
WBGene00011146,1.0
WBGene00010676,1.0
WBGene00006540,1.0
WBGene00017904,0.9666666666666667
WBGene00015196,1.0
WBGene00010496,1.0
WBGene00019774,1.0
WBGene00001340,0.9333333333333333
WBGene00004424,1.0
WBGene00003773,0.9
WBGene00010013,1.0
WBGene00000702,1.0
WBGene00004510,1.0
WBGene00003047,0.9666666666666667
WBGene00016108,1.0
WBGene00008084,0.5333333333333333
WBGene00001924,1.0
WBGene00003633,1.0
WBGene00019007,1.0
WBGene00018957,0.6
WBGene00009477,0.9
WBGene00009406,1.0
WBGene00004128,1.0
WBGene00020558,0.5333333333333333
WBGene00016387,1.0
WBGene00000168,1.0
WBGene00015866,1.0
WBGene00044061,1.0
WBGene00013679,1.0
WBGene00020139,1.0
WBGene00003092,1.0
WBGene00006886,1.0
WBGene00011327,1.0
WBGene00011661,1.0
WBGene00012767,1.0
WBGene00015313,0.9666666666666667
WBGene00000818,1.0
WBGene00017373,1.0
WBGene00021870,1.0
WBGene00004880,0.9666666666666667
WBGene00012952,1.0
WBGene00000035,0.9
WBGene00016443,1.0
WBGene00010397,1.0
WBGene00008213,0.6333333333333333
WBGene00006539,1.0
WBGene00011051,1.0
WBGene00011447,1.0
WBGene00045208,0.9
WBGene00015270,1.0
WBGene00008503,1.0
WBGene00013378,1.0
WBGene00009162,0.9333333333333333
WBGene00003901,1.0
WBGene00011122,0.6666666666666666
WBGene00018052,1.0
WBGene00045415,0.6
WBGene00004953,1.0
WBGene00021490,0.8
WBGene00010231,1.0
WBGene00000263,1.0
WBGene00006578,1.0
WBGene00001754,0.9666666666666667
WBGene00020550,1.0
WBGene00017545,0.5666666666666667
WBGene00001899,1.0
WBGene00007197,1.0
WBGene00017960,1.0
WBGene00002243,1.0
WBGene00008554,1.0
WBGene00011744,0.8
WBGene00009440,1.0
WBGene00010513,1.0
WBGene00013970,1.0
WBGene00013680,1.0
WBGene00016630,0.9666666666666667
WBGene00219378,1.0
WBGene00044468,0.9666666666666667
WBGene00004481,1.0
WBGene00009856,1.0
WBGene00012969,0.9
WBGene00004332,0.9666666666666667
WBGene00001653,1.0
WBGene00017009,1.0
WBGene00008954,1.0
WBGene00016156,1.0
WBGene00001544,1.0
WBGene00020196,0.9
WBGene00270303,0.9666666666666667
WBGene00002056,1.0
WBGene00022503,1.0
WBGene00001788,0.9
WBGene00017483,0.9
WBGene00015744,1.0
WBGene00004475,1.0
WBGene00021296,1.0
WBGene00007652,1.0
WBGene00006968,1.0
WBGene00011280,1.0
WBGene00008510,1.0
WBGene00006432,1.0
WBGene00010027,1.0
WBGene00017761,1.0
WBGene00008662,0.7666666666666667
WBGene00008456,0.9666666666666667
WBGene00007725,1.0
WBGene00008438,0.8666666666666667
WBGene00018266,1.0
WBGene00004979,1.0
WBGene00007837,1.0
WBGene00001782,1.0
WBGene00010889,0.7
WBGene00015492,1.0
WBGene00006807,1.0
WBGene00014989,0.6
WBGene00022605,1.0
WBGene00016362,0.7333333333333333
WBGene00004438,0.9333333333333333
WBGene00016303,0.9666666666666667
WBGene00021693,1.0
WBGene00003966,1.0
WBGene00007364,0.9666666666666667
WBGene00185079,1.0
WBGene00008481,1.0
WBGene00004105,1.0
WBGene00044239,1.0
WBGene00016427,0.9
WBGene00008240,1.0
WBGene00016378,1.0
WBGene00020883,1.0
WBGene00018988,0.9666666666666667
WBGene00008683,0.9666666666666667
WBGene00003374,0.9666666666666667
WBGene00045455,0.9333333333333333
WBGene00007116,1.0
WBGene00016202,1.0
WBGene00015011,1.0
WBGene00011670,1.0
WBGene00012683,0.9666666666666667
WBGene00010475,1.0
WBGene00007357,1.0
WBGene00019614,0.5666666666666667
WBGene00018812,0.9666666666666667
WBGene00007296,0.6333333333333333
WBGene00002985,0.9666666666666667
WBGene00019971,1.0
WBGene00019631,1.0
WBGene00009713,0.8666666666666667
WBGene00018427,1.0
WBGene00014181,1.0
WBGene00018859,1.0
WBGene00013994,0.9666666666666667
WBGene00000222,1.0
WBGene00014080,1.0
WBGene00015581,1.0
WBGene00194955,0.6
WBGene00013422,1.0
WBGene00001789,1.0
WBGene00004434,1.0
WBGene00007502,0.9666666666666667
WBGene00009097,1.0
WBGene00011722,1.0
WBGene00001410,1.0
WBGene00019656,1.0
WBGene00008533,1.0
WBGene00019074,0.9333333333333333
WBGene00000536,1.0
WBGene00022583,1.0
WBGene00007731,0.9333333333333333
WBGene00206514,1.0
WBGene00004947,1.0
WBGene00004486,1.0
WBGene00011978,0.9666666666666667
WBGene00010780,1.0
WBGene00004488,1.0
WBGene00021132,1.0
WBGene00006752,1.0
WBGene00000051,0.9
WBGene00023414,1.0
WBGene00012716,0.9666666666666667
WBGene00044026,0.9666666666666667
WBGene00019324,0.9666666666666667
WBGene00010008,0.9
WBGene00015936,1.0
WBGene00044442,1.0
WBGene00013207,1.0
WBGene00001768,1.0
WBGene00016116,0.9
WBGene00007480,0.6666666666666666
WBGene00019020,1.0
WBGene00007703,1.0
WBGene00011948,0.9666666666666667
WBGene00004013,0.5666666666666667
WBGene00016966,0.7333333333333333
WBGene00010325,1.0
WBGene00002200,1.0
WBGene00000768,1.0
WBGene00009940,0.9666666666666667
WBGene00002072,1.0
WBGene00044508,1.0
WBGene00018472,0.6666666666666666
WBGene00001081,1.0
WBGene00000511,1.0
WBGene00018886,0.9666666666666667
WBGene00012463,1.0
WBGene00012399,0.7
WBGene00017332,0.9
WBGene00017535,1.0
WBGene00015330,1.0
WBGene00016157,1.0
WBGene00001440,0.9333333333333333
WBGene00016943,0.5333333333333333
WBGene00007437,1.0
WBGene00007947,1.0
WBGene00020109,0.9666666666666667
WBGene00008857,0.9666666666666667
WBGene00015231,1.0
WBGene00021842,1.0
WBGene00011676,1.0
WBGene00044924,0.9666666666666667
WBGene00007969,1.0
WBGene00008890,1.0
WBGene00044618,1.0
WBGene00001884,0.9
WBGene00011452,0.9333333333333333
WBGene00022736,1.0
WBGene00016919,1.0
WBGene00003885,1.0
WBGene00006364,1.0
WBGene00008685,1.0
WBGene00013159,0.9666666666666667
WBGene00008010,1.0
WBGene00013041,1.0
WBGene00015010,1.0
WBGene00002088,0.7333333333333333
WBGene00012703,1.0
WBGene00000862,1.0
WBGene00009565,1.0
WBGene00003968,0.5666666666666667
WBGene00005638,0.9
WBGene00018794,1.0
WBGene00020565,1.0
WBGene00194934,1.0
WBGene00044509,0.9666666666666667
WBGene00019018,0.7
WBGene00017340,0.9666666666666667
WBGene00011768,0.9666666666666667
WBGene00044074,1.0
WBGene00009951,0.9666666666666667
WBGene00001583,1.0
WBGene00004032,0.6333333333333333
WBGene00001743,1.0
WBGene00006498,1.0
WBGene00002889,0.6333333333333333
WBGene00019838,1.0
WBGene00012131,0.9333333333333333
WBGene00045053,1.0
WBGene00006839,1.0
WBGene00018073,0.9666666666666667
WBGene00004007,1.0
WBGene00011195,1.0
WBGene00044138,1.0
WBGene00000218,0.7666666666666667
WBGene00003959,0.5333333333333333
WBGene00013436,1.0
WBGene00000963,0.9666666666666667
WBGene00003093,1.0
WBGene00008020,0.9666666666666667
WBGene00006722,1.0
WBGene00020427,0.7333333333333333
WBGene00006505,0.5333333333333333
WBGene00001518,1.0
WBGene00016095,0.9666666666666667
WBGene00014138,0.9666666666666667
WBGene00020146,0.9666666666666667
WBGene00004114,0.9
WBGene00001572,0.9
WBGene00017438,0.9
WBGene00013776,0.9333333333333333
WBGene00010630,0.9333333333333333
WBGene00000886,1.0
WBGene00008799,0.9666666666666667
WBGene00235102,1.0
WBGene00001631,1.0
WBGene00014003,0.9666666666666667
WBGene00001770,0.9666666666666667
WBGene00019987,1.0
WBGene00022576,1.0
WBGene00005245,0.9333333333333333
WBGene00000196,1.0
WBGene00001948,1.0
WBGene00003715,0.8333333333333334
WBGene00008690,1.0
WBGene00022031,1.0
WBGene00017615,0.9666666666666667
WBGene00018638,1.0
WBGene00013477,1.0
WBGene00014234,1.0
WBGene00017123,0.8666666666666667
WBGene00008505,0.8666666666666667
WBGene00018921,1.0
WBGene00017314,1.0
WBGene00006796,1.0
WBGene00004313,0.7666666666666667
WBGene00013123,1.0
WBGene00010657,0.9666666666666667
WBGene00008744,1.0
WBGene00012194,0.5666666666666667
WBGene00007953,1.0
WBGene00011793,1.0
WBGene00021461,1.0
WBGene00194905,1.0
WBGene00011511,1.0
WBGene00044331,1.0
WBGene00011629,0.9666666666666667
WBGene00004195,0.8
WBGene00012404,1.0
WBGene00004810,0.9
WBGene00001406,0.8666666666666667
WBGene00012664,1.0
WBGene00020532,1.0
WBGene00006852,1.0
WBGene00012228,0.9666666666666667
WBGene00006731,1.0
WBGene00017762,1.0
WBGene00003183,1.0
WBGene00016100,1.0
WBGene00000858,0.9333333333333333
WBGene00020767,0.9
WBGene00012434,1.0
WBGene00016663,0.5333333333333333
WBGene00012132,0.9666666666666667
WBGene00017350,0.5
WBGene00004987,1.0
WBGene00020484,0.9
WBGene00001776,0.9333333333333333
WBGene00017194,1.0
WBGene00021408,0.9
WBGene00006381,1.0
WBGene00002139,0.8
WBGene00020209,1.0
WBGene00006767,0.5666666666666667
WBGene00019075,1.0
WBGene00001685,0.9
WBGene00020697,0.9666666666666667
WBGene00012352,0.6333333333333333
WBGene00194906,1.0
WBGene00020450,1.0
WBGene00001537,0.9333333333333333
WBGene00010449,0.9666666666666667
WBGene00004449,1.0
WBGene00003104,1.0
WBGene00000798,0.9666666666666667
WBGene00001587,0.9666666666666667
WBGene00013594,0.9666666666666667
WBGene00009267,1.0
WBGene00021254,1.0
WBGene00008733,0.9666666666666667
WBGene00018042,1.0
WBGene00005036,0.5333333333333333
WBGene00004172,0.9666666666666667
WBGene00001812,1.0
WBGene00022325,1.0
WBGene00002245,0.9333333333333333
WBGene00009849,0.9
WBGene00017757,1.0
WBGene00015545,0.9666666666666667
WBGene00004167,1.0
WBGene00011590,1.0
WBGene00004882,1.0
WBGene00016997,0.8666666666666667
WBGene00009218,0.9333333333333333
WBGene00004485,1.0
WBGene00008451,0.9666666666666667
WBGene00016803,1.0
WBGene00016158,1.0
WBGene00013692,1.0
WBGene00008284,1.0
WBGene00013164,1.0
WBGene00003477,1.0
WBGene00004401,1.0
WBGene00009944,1.0
WBGene00000653,1.0
WBGene00003031,1.0
WBGene00007520,0.9666666666666667
WBGene00008147,0.9666666666666667
WBGene00003621,0.9666666666666667
WBGene00018023,1.0
WBGene00016375,1.0
WBGene00007237,0.9333333333333333
WBGene00016175,1.0
WBGene00011604,1.0
WBGene00006442,1.0
WBGene00021643,1.0
WBGene00012428,1.0
WBGene00019869,1.0
WBGene00000294,1.0
WBGene00010364,0.9666666666666667
WBGene00000537,1.0
WBGene00001152,1.0
WBGene00011864,1.0
WBGene00011092,1.0
WBGene00009139,1.0
WBGene00004802,0.9333333333333333
WBGene00008793,1.0
WBGene00012988,1.0
WBGene00003564,1.0
WBGene00004958,0.9
WBGene00010788,0.6
WBGene00011230,0.9666666666666667
WBGene00004806,1.0
WBGene00019587,1.0
WBGene00006486,0.7666666666666667
WBGene00016212,0.9
WBGene00018230,1.0
WBGene00010068,1.0
WBGene00001887,0.9666666666666667
WBGene00001558,1.0
WBGene00009308,0.9666666666666667
WBGene00006587,0.6333333333333333
WBGene00003007,0.9666666666666667
WBGene00045192,1.0
WBGene00003998,1.0
WBGene00019250,0.9666666666666667
WBGene00000988,1.0
WBGene00018075,0.7
WBGene00009112,0.9666666666666667
WBGene00013662,0.7333333333333333
WBGene00013588,0.7333333333333333
WBGene00010286,1.0
WBGene00015107,0.7
WBGene00016868,1.0
WBGene00017774,1.0
WBGene00019215,0.9333333333333333
WBGene00016493,1.0
WBGene00010333,1.0
WBGene00000010,1.0
WBGene00000139,0.7
WBGene00021226,1.0
WBGene00009987,1.0
WBGene00001916,0.9
WBGene00010034,1.0
WBGene00017004,0.9666666666666667
WBGene00014086,0.9333333333333333
WBGene00043989,1.0
WBGene00008361,1.0
WBGene00022835,0.7
WBGene00003980,1.0
WBGene00000556,1.0
WBGene00011576,1.0
WBGene00018964,1.0
WBGene00020596,1.0
WBGene00016094,0.9666666666666667
WBGene00006693,0.5333333333333333
WBGene00010365,0.9333333333333333
WBGene00303364,1.0
WBGene00012034,1.0
WBGene00022396,0.6333333333333333
WBGene00008270,1.0
WBGene00001779,1.0
WBGene00011139,0.9333333333333333
WBGene00000819,1.0
WBGene00012629,1.0
WBGene00020583,1.0
WBGene00005542,1.0
WBGene00001679,0.9666666666666667
WBGene00011444,1.0
WBGene00006654,0.9
WBGene00003692,0.9666666666666667
WBGene00009717,1.0
WBGene00009579,1.0
WBGene00022108,1.0
WBGene00019343,1.0
WBGene00001453,0.9666666666666667
WBGene00001284,1.0
WBGene00018369,1.0
WBGene00008713,1.0
WBGene00017580,0.6333333333333333
WBGene00019939,1.0
WBGene00022787,1.0
WBGene00000227,1.0
WBGene00011454,1.0
WBGene00021647,0.7
WBGene00001117,0.9333333333333333
WBGene00000563,1.0
WBGene00008511,0.9666666666666667
WBGene00017702,0.7333333333333333
WBGene00004282,1.0
WBGene00019455,1.0
WBGene00018593,1.0
WBGene00013857,1.0
WBGene00000081,0.9
WBGene00006970,1.0
WBGene00001874,1.0
WBGene00005642,1.0
WBGene00011340,1.0
WBGene00004281,0.9
WBGene00007606,0.8
WBGene00016582,1.0
WBGene00012811,1.0
WBGene00012371,0.9666666666666667
WBGene00015512,0.9333333333333333
WBGene00020939,0.5666666666666667
WBGene00016018,0.9666666666666667
WBGene00000532,1.0
WBGene00000799,1.0
WBGene00021911,0.9666666666666667
WBGene00003612,1.0
WBGene00007993,1.0
WBGene00022269,1.0
WBGene00235340,1.0
WBGene00021244,1.0
WBGene00013756,0.9666666666666667
WBGene00013859,1.0
WBGene00008436,1.0
WBGene00011283,0.9
WBGene00007766,1.0
WBGene00013198,1.0
WBGene00021607,1.0
WBGene00021919,1.0
WBGene00022273,1.0
WBGene00011456,1.0
WBGene00011971,1.0
WBGene00001366,1.0
WBGene00000009,1.0
WBGene00194642,1.0
WBGene00009563,0.9666666666666667
WBGene00000529,1.0
WBGene00020786,1.0
WBGene00022656,0.6666666666666666
WBGene00016539,1.0
WBGene00008711,1.0
WBGene00022154,1.0
WBGene00012175,0.9333333333333333
WBGene00011155,1.0
WBGene00022702,1.0
WBGene00016758,1.0
WBGene00006869,1.0
WBGene00012325,1.0
WBGene00022357,1.0
WBGene00077712,0.6333333333333333
WBGene00044151,1.0
WBGene00008927,1.0
WBGene00017487,0.9666666666666667
WBGene00012721,0.5333333333333333
WBGene00007864,0.6666666666666666
WBGene00017411,1.0
WBGene00012585,1.0
WBGene00022230,0.8666666666666667
WBGene00013709,0.9
WBGene00022727,0.7333333333333333
WBGene00012675,1.0
WBGene00015622,1.0
WBGene00016838,1.0
WBGene00011490,1.0
WBGene00008298,0.9
WBGene00007339,0.9666666666666667
WBGene00016865,1.0
WBGene00003003,0.6333333333333333
WBGene00002032,1.0
WBGene00008370,1.0
WBGene00004393,1.0
WBGene00006414,1.0
WBGene00007511,0.9666666666666667
WBGene00010012,0.9333333333333333
WBGene00017240,0.9
WBGene00002997,1.0
WBGene00013169,1.0
WBGene00016325,0.9
WBGene00008339,1.0
WBGene00013896,1.0
WBGene00012645,1.0
WBGene00000552,1.0
WBGene00019279,1.0
WBGene00003527,1.0
WBGene00001889,0.5333333333333333
WBGene00009744,1.0
WBGene00021516,1.0
WBGene00018456,1.0
WBGene00008900,0.7
WBGene00007173,0.9666666666666667
WBGene00011251,0.5333333333333333
WBGene00021465,1.0
WBGene00008667,0.9
WBGene00018188,0.9666666666666667
WBGene00008455,0.9666666666666667
WBGene00303030,1.0
WBGene00011699,1.0
WBGene00022368,1.0
WBGene00019644,0.9666666666666667
WBGene00022830,1.0
WBGene00017687,1.0
WBGene00013893,1.0
WBGene00014188,1.0
WBGene00021895,1.0
WBGene00021756,1.0
WBGene00013701,0.7
WBGene00016169,0.9666666666666667
WBGene00018522,1.0
WBGene00015469,0.9
WBGene00001665,1.0
WBGene00016318,1.0
WBGene00019520,0.9666666666666667
WBGene00013845,1.0
WBGene00009917,1.0
WBGene00044413,1.0
WBGene00020825,0.8
WBGene00000447,1.0
WBGene00007563,1.0
WBGene00045272,0.9666666666666667
WBGene00009854,0.6333333333333333
WBGene00000409,0.6333333333333333
WBGene00003523,0.9666666666666667
WBGene00004457,1.0
WBGene00019486,1.0
WBGene00022029,1.0
WBGene00013538,1.0
WBGene00010004,0.5666666666666667
WBGene00011593,1.0
WBGene00008665,0.9666666666666667
WBGene00021758,0.9666666666666667
WBGene00020130,1.0
WBGene00006306,1.0
WBGene00017858,1.0
WBGene00012208,1.0
WBGene00000270,1.0
WBGene00018149,1.0
WBGene00013509,0.9
WBGene00012433,1.0
WBGene00019111,1.0
WBGene00017247,0.9
WBGene00001795,0.5666666666666667
WBGene00021884,1.0
WBGene00022213,1.0
WBGene00010010,0.9
WBGene00016021,1.0
WBGene00019749,0.9666666666666667
WBGene00010315,1.0
WBGene00001595,0.9666666666666667
WBGene00018863,1.0
WBGene00009129,0.9
WBGene00022519,1.0
WBGene00011040,1.0
WBGene00019716,1.0
WBGene00010476,0.9666666666666667
WBGene00022629,1.0
WBGene00020341,1.0
WBGene00009287,1.0
WBGene00008974,1.0
WBGene00012307,1.0
WBGene00021072,0.9666666666666667
WBGene00022749,0.5666666666666667
WBGene00010643,0.9666666666666667
WBGene00022486,0.6333333333333333
WBGene00018814,1.0
WBGene00006416,1.0
WBGene00007817,1.0
WBGene00011539,0.8666666666666667
WBGene00016154,0.9666666666666667
WBGene00007904,0.5333333333333333
WBGene00304806,0.9333333333333333
WBGene00017831,1.0
WBGene00194747,0.6333333333333333
WBGene00015138,0.9333333333333333
WBGene00003220,1.0
WBGene00016755,0.7666666666666667
WBGene00003019,1.0
WBGene00013553,1.0
WBGene00045396,1.0
WBGene00002094,1.0
WBGene00012970,0.9666666666666667
WBGene00007115,0.9666666666666667
WBGene00003495,0.5666666666666667
WBGene00004277,1.0
WBGene00000812,1.0
WBGene00018286,0.6
WBGene00008694,0.9333333333333333
WBGene00009716,1.0
WBGene00219376,1.0
WBGene00011317,0.9666666666666667
WBGene00043702,1.0
WBGene00020343,0.9
WBGene00010795,1.0
WBGene00044329,1.0
WBGene00010990,0.5666666666666667
WBGene00003882,1.0
WBGene00018523,1.0
WBGene00011016,1.0
WBGene00012358,0.9666666666666667
WBGene00017981,1.0
WBGene00235274,1.0
WBGene00008488,1.0
WBGene00015919,1.0
WBGene00022647,1.0
WBGene00044006,1.0
WBGene00000276,1.0
WBGene00013507,0.9666666666666667
WBGene00022837,1.0
WBGene00000938,1.0
WBGene00022149,0.5333333333333333
WBGene00012226,1.0
WBGene00005004,0.9
WBGene00008275,1.0
WBGene00004060,1.0
WBGene00001241,0.9333333333333333
WBGene00020413,0.9666666666666667
WBGene00020929,1.0
WBGene00002217,1.0
WBGene00012251,1.0
WBGene00020689,0.9666666666666667
WBGene00011773,1.0
WBGene00020401,1.0
WBGene00012206,0.9666666666666667
WBGene00019917,0.9
WBGene00002138,0.8
WBGene00018476,1.0
WBGene00015701,1.0
WBGene00004094,1.0
WBGene00017445,1.0
WBGene00013725,0.9666666666666667
WBGene00006497,1.0
WBGene00000554,1.0
WBGene00001989,1.0
WBGene00008206,1.0
WBGene00019665,1.0
WBGene00044245,1.0
WBGene00018361,1.0
WBGene00016421,1.0
WBGene00018013,1.0
WBGene00010351,1.0
WBGene00021375,1.0
WBGene00013643,1.0
WBGene00017375,1.0
WBGene00003967,1.0
WBGene00021346,1.0
WBGene00008191,1.0
WBGene00012635,1.0
WBGene00010329,1.0
WBGene00020732,0.9666666666666667
WBGene00009738,0.6
WBGene00001836,1.0
WBGene00009103,1.0
WBGene00009048,0.9
WBGene00019859,1.0
WBGene00016971,1.0
WBGene00007233,0.9666666666666667
WBGene00016324,1.0
WBGene00003602,1.0
WBGene00022361,1.0
WBGene00016247,1.0
WBGene00013562,1.0
WBGene00014669,0.9666666666666667
WBGene00011529,0.9333333333333333
WBGene00005523,1.0
WBGene00003375,0.5666666666666667
WBGene00022800,1.0
WBGene00010131,1.0
WBGene00020480,1.0
WBGene00022580,0.9333333333333333
WBGene00086569,1.0
WBGene00006933,1.0
WBGene00044795,1.0
WBGene00001434,1.0
WBGene00006618,1.0
WBGene00011070,1.0
WBGene00009096,0.7
WBGene00013043,1.0
WBGene00022236,1.0
WBGene00000633,0.9333333333333333
WBGene00017293,1.0
WBGene00021871,1.0
WBGene00000813,1.0
WBGene00219455,1.0
WBGene00017771,1.0
WBGene00009343,1.0
WBGene00235133,0.9333333333333333
WBGene00022281,1.0
WBGene00016066,1.0
WBGene00003694,1.0
WBGene00016030,0.9666666666666667
WBGene00043988,0.9333333333333333
WBGene00003702,0.9333333333333333
WBGene00013840,1.0
WBGene00013175,0.9333333333333333
WBGene00044210,1.0
WBGene00006994,1.0
WBGene00010988,0.5333333333333333
WBGene00020189,1.0
WBGene00235164,1.0
WBGene00015507,0.9666666666666667
WBGene00015666,1.0
WBGene00271414,0.9666666666666667
WBGene00001730,1.0
WBGene00044723,1.0
WBGene00007756,0.9333333333333333
WBGene00022613,1.0
WBGene00001949,1.0
WBGene00019023,1.0
WBGene00011180,1.0
WBGene00017711,1.0
WBGene00007729,0.5666666666666667
WBGene00018423,1.0
WBGene00017605,1.0
WBGene00004922,0.9333333333333333
WBGene00011271,0.9666666666666667
WBGene00003253,0.6333333333333333
WBGene00000244,0.7
WBGene00010850,1.0
WBGene00010279,0.9666666666666667
WBGene00013825,1.0
WBGene00015896,1.0
WBGene00001997,0.9333333333333333
WBGene00009618,1.0
WBGene00009507,1.0
WBGene00000906,0.9666666666666667
WBGene00016326,1.0
WBGene00003932,0.9666666666666667
WBGene00001122,0.9
WBGene00006450,0.9666666666666667
WBGene00007338,1.0
WBGene00018716,1.0
WBGene00009146,0.6333333333333333
WBGene00004859,1.0
WBGene00004373,1.0
WBGene00000462,1.0
WBGene00018358,1.0
WBGene00000902,1.0
WBGene00004089,0.9333333333333333
WBGene00010264,0.9333333333333333
WBGene00044035,1.0
WBGene00013332,1.0
WBGene00004454,1.0
WBGene00044326,1.0
WBGene00018847,1.0
WBGene00020193,1.0
WBGene00021576,0.9
WBGene00020941,1.0
WBGene00011071,1.0
WBGene00012122,1.0
WBGene00013270,1.0
WBGene00000817,0.9333333333333333
WBGene00175027,0.9666666666666667
WBGene00004212,1.0
WBGene00010884,1.0
WBGene00050904,1.0
WBGene00015468,0.9666666666666667
WBGene00016219,1.0
WBGene00010199,1.0
WBGene00271744,0.7
WBGene00013137,0.6333333333333333
WBGene00003889,1.0
WBGene00015189,0.9666666666666667
WBGene00015392,0.9
WBGene00010109,1.0
WBGene00044008,0.7
WBGene00003378,0.9666666666666667
WBGene00018404,1.0
WBGene00010875,1.0
WBGene00012813,0.6333333333333333
WBGene00044757,1.0
WBGene00012583,0.9333333333333333
WBGene00022618,1.0
WBGene00017962,1.0
WBGene00011796,1.0
WBGene00018006,1.0
WBGene00006937,1.0
WBGene00012281,1.0
WBGene00009000,1.0
WBGene00019931,1.0
WBGene00003783,1.0
WBGene00020551,0.9666666666666667
WBGene00001158,1.0
WBGene00007044,1.0
WBGene00007019,1.0
WBGene00000090,1.0
WBGene00000189,1.0
WBGene00001090,1.0
WBGene00044588,0.6
WBGene00015357,1.0
WBGene00013805,1.0
WBGene00020322,1.0
WBGene00003813,1.0
WBGene00045255,1.0
WBGene00018860,0.9666666666666667
WBGene00013088,0.9666666666666667
WBGene00020326,0.9666666666666667
WBGene00004769,1.0
WBGene00021596,1.0
WBGene00001723,1.0
WBGene00022485,1.0
WBGene00021603,0.9666666666666667
WBGene00014079,1.0
WBGene00017796,1.0
WBGene00014119,1.0
WBGene00002990,0.5666666666666667
WBGene00007193,0.9333333333333333
WBGene00006743,1.0
WBGene00020843,1.0
WBGene00016061,1.0
WBGene00015087,0.9666666666666667
WBGene00020366,0.6333333333333333
WBGene00011021,1.0
WBGene00021945,1.0
WBGene00006769,1.0
WBGene00020746,0.9333333333333333
WBGene00001324,1.0
WBGene00020844,0.9666666666666667
WBGene00012692,1.0
WBGene00011198,1.0
WBGene00016005,0.9
WBGene00009855,0.5333333333333333
WBGene00001865,0.9666666666666667
WBGene00006961,1.0
WBGene00004410,1.0
WBGene00016945,1.0
WBGene00019779,0.6333333333333333
WBGene00002125,1.0
WBGene00015519,1.0
WBGene00020756,0.9666666666666667
WBGene00008403,1.0
WBGene00017949,1.0
WBGene00011875,1.0
WBGene00015573,0.9333333333333333
WBGene00000517,1.0
WBGene00017804,1.0
WBGene00019047,1.0
WBGene00002205,1.0
WBGene00012197,1.0
WBGene00000453,0.7333333333333333
WBGene00008352,0.7
WBGene00004198,0.9
WBGene00016575,0.9
WBGene00001910,0.5333333333333333
WBGene00004776,0.9666666666666667
WBGene00019778,1.0
WBGene00004046,1.0
WBGene00004827,1.0
WBGene00015568,1.0
WBGene00012939,1.0
WBGene00009924,1.0
WBGene00007746,1.0
WBGene00001934,0.6666666666666666
WBGene00006778,1.0
WBGene00011616,0.7
WBGene00004284,0.5333333333333333
WBGene00002274,0.6333333333333333
WBGene00006716,0.9333333333333333
WBGene00019888,0.9
WBGene00007963,0.9333333333333333
WBGene00009177,0.9666666666666667
WBGene00007228,0.9666666666666667
WBGene00002246,1.0
WBGene00009692,0.6
WBGene00015793,1.0
WBGene00014137,0.9333333333333333
WBGene00015137,1.0
WBGene00000738,0.7666666666666667
WBGene00021444,1.0
WBGene00000836,1.0
WBGene00044338,1.0
WBGene00018765,1.0
WBGene00008550,1.0
WBGene00044488,0.9666666666666667
WBGene00004335,1.0
WBGene00010293,1.0
WBGene00013904,0.9666666666666667
WBGene00019490,1.0
WBGene00045336,0.9666666666666667
WBGene00006632,1.0
WBGene00016590,1.0
WBGene00022106,1.0
WBGene00001998,0.9666666666666667
WBGene00014256,0.6333333333333333
WBGene00011698,0.9333333333333333
WBGene00012222,0.9333333333333333
WBGene00015523,1.0
WBGene00015623,1.0
WBGene00004006,1.0
WBGene00018760,0.5666666666666667
WBGene00004348,0.9666666666666667
WBGene00015264,1.0
WBGene00012387,0.9333333333333333
WBGene00012369,1.0
WBGene00010994,1.0
WBGene00013694,1.0
WBGene00009145,0.9
WBGene00004298,1.0
WBGene00007880,1.0
WBGene00012165,1.0
WBGene00010319,0.9666666666666667
WBGene00001664,1.0
WBGene00013004,1.0
WBGene00016294,0.6
WBGene00012258,0.9666666666666667
WBGene00001902,1.0
WBGene00018157,0.9666666666666667
WBGene00017381,1.0
WBGene00001345,0.9
WBGene00018518,1.0
WBGene00006634,1.0
WBGene00011906,0.9
WBGene00004091,0.6
WBGene00012993,1.0
WBGene00194726,1.0
WBGene00271715,1.0
WBGene00008745,1.0
WBGene00000459,1.0
WBGene00015437,1.0
WBGene00020248,1.0
WBGene00011269,1.0
WBGene00017782,1.0
WBGene00017741,0.9666666666666667
WBGene00016494,1.0
WBGene00015263,1.0
WBGene00004902,1.0
WBGene00020033,0.9666666666666667
WBGene00006946,1.0
WBGene00020307,0.6333333333333333
WBGene00023515,1.0
WBGene00008880,1.0
WBGene00021503,0.9
WBGene00003012,1.0
WBGene00175035,1.0
WBGene00019480,1.0
WBGene00000650,0.9
WBGene00019289,0.9666666666666667
WBGene00001855,1.0
WBGene00010362,1.0
WBGene00004364,0.9
WBGene00013493,0.9333333333333333
WBGene00017214,0.8666666666666667
WBGene00007590,1.0
WBGene00007256,0.9333333333333333
WBGene00017637,1.0
WBGene00009619,0.9
WBGene00044079,0.5666666666666667
WBGene00002210,0.9666666666666667
WBGene00010980,1.0
WBGene00018348,1.0
WBGene00001980,1.0
WBGene00018033,1.0
WBGene00009296,1.0
WBGene00016976,1.0
WBGene00015544,1.0
WBGene00003647,1.0
WBGene00021452,1.0
WBGene00021654,1.0
WBGene00021732,1.0
WBGene00021136,0.7666666666666667
WBGene00000777,1.0
WBGene00003705,1.0
WBGene00206505,1.0
WBGene00000487,1.0
WBGene00001894,0.9
WBGene00015038,1.0
WBGene00019674,1.0
WBGene00020284,1.0
WBGene00012961,1.0
WBGene00003525,1.0
WBGene00008652,1.0
WBGene00004494,1.0
WBGene00194909,0.9666666666666667
WBGene00010197,1.0
WBGene00012270,1.0
WBGene00003095,1.0
WBGene00008495,0.9
WBGene00013832,0.9
WBGene00019457,0.6
WBGene00007099,0.6333333333333333
WBGene00012578,1.0
WBGene00012130,0.7
WBGene00000477,1.0
WBGene00016900,1.0
WBGene00000548,1.0
WBGene00006605,0.9666666666666667
WBGene00017355,0.9666666666666667
WBGene00004745,0.8
WBGene00008773,1.0
WBGene00005662,1.0
WBGene00015451,1.0
WBGene00015150,1.0
WBGene00000655,0.6333333333333333
WBGene00020195,0.5
WBGene00007683,0.9
WBGene00019935,1.0
WBGene00009644,0.9666666666666667
WBGene00007974,1.0
WBGene00005246,0.9
WBGene00011063,0.9666666666666667
WBGene00000889,1.0
WBGene00017037,1.0
WBGene00020692,1.0
WBGene00013176,1.0
WBGene00019744,1.0
WBGene00020838,1.0
WBGene00006433,1.0
WBGene00003096,0.8333333333333334
WBGene00012179,1.0
WBGene00007975,1.0
WBGene00189987,1.0
WBGene00009234,0.7333333333333333
WBGene00015518,1.0
WBGene00007188,0.7333333333333333
WBGene00044736,1.0
WBGene00021583,0.9666666666666667
WBGene00044487,1.0
WBGene00020506,1.0
WBGene00021725,1.0
WBGene00010641,1.0
WBGene00012923,0.9666666666666667
WBGene00022516,1.0
WBGene00003736,0.5
WBGene00022369,1.0
WBGene00022786,0.9
WBGene00011181,1.0
WBGene00009808,1.0
WBGene00022584,1.0
WBGene00050941,0.9
WBGene00022546,0.8
WBGene00020444,1.0
WBGene00020007,0.7666666666666667
WBGene00018514,1.0
WBGene00004349,1.0
WBGene00003246,1.0
WBGene00012674,1.0
WBGene00007449,1.0
WBGene00009220,0.9666666666666667
WBGene00017269,0.9
WBGene00007726,0.5333333333333333
WBGene00001838,0.9666666666666667
WBGene00011879,1.0
WBGene00022197,0.9
WBGene00045461,1.0
WBGene00017198,1.0
WBGene00020182,0.9333333333333333
WBGene00022179,1.0
WBGene00022868,1.0
WBGene00021735,0.9333333333333333
WBGene00003755,1.0
WBGene00017775,1.0
WBGene00003594,1.0
WBGene00009777,1.0
WBGene00022195,1.0
WBGene00004443,1.0
WBGene00001102,1.0
WBGene00002295,0.9
WBGene00009711,1.0
WBGene00015928,1.0
WBGene00016022,0.8666666666666667
WBGene00001888,0.7333333333333333
WBGene00003040,1.0
WBGene00001973,1.0
WBGene00304812,0.9666666666666667
WBGene00013968,0.9666666666666667
WBGene00016599,0.9666666666666667
WBGene00004147,0.9
WBGene00008961,1.0
WBGene00011205,0.5666666666666667
WBGene00020448,0.9
WBGene00013077,1.0
WBGene00011717,1.0
WBGene00011636,1.0
WBGene00007393,0.7
WBGene00018283,1.0
WBGene00009884,0.9333333333333333
WBGene00018480,1.0
WBGene00011215,1.0
WBGene00021378,1.0
WBGene00000698,1.0
WBGene00012712,0.9666666666666667
WBGene00020633,1.0
WBGene00018515,1.0
WBGene00015285,1.0
WBGene00003479,1.0
WBGene00011735,1.0
WBGene00002224,1.0
WBGene00008219,0.9666666666666667
WBGene00011738,0.9666666666666667
WBGene00006875,0.8
WBGene00001561,0.9666666666666667
WBGene00010335,1.0
WBGene00004927,1.0
WBGene00001648,1.0
WBGene00018078,0.9666666666666667
WBGene00014113,1.0
WBGene00012085,0.5666666666666667
WBGene00017868,1.0
WBGene00015711,0.9333333333333333
WBGene00015969,1.0
WBGene00003777,1.0
WBGene00015333,0.9666666666666667
WBGene00004367,1.0
WBGene00017758,1.0
WBGene00003841,1.0
WBGene00010776,1.0
WBGene00011579,1.0
WBGene00001121,1.0
WBGene00011194,0.9666666666666667
WBGene00007761,1.0
WBGene00017015,1.0
WBGene00007882,0.9333333333333333
WBGene00009370,0.9666666666666667
WBGene00010702,1.0
WBGene00009904,1.0
WBGene00010342,1.0
WBGene00302991,0.9333333333333333
WBGene00021264,0.9
WBGene00013325,0.9666666666666667
WBGene00012178,0.9666666666666667
WBGene00001338,0.9666666666666667
WBGene00219422,1.0
WBGene00015937,1.0
WBGene00019512,1.0
WBGene00219322,1.0
WBGene00003475,1.0
WBGene00219289,1.0
WBGene00010575,0.7
WBGene00012020,1.0
WBGene00012473,1.0
WBGene00012914,0.8666666666666667
WBGene00007026,1.0
WBGene00015418,0.5
WBGene00015053,1.0
WBGene00195177,0.9333333333333333
WBGene00019458,1.0
WBGene00004096,1.0
WBGene00012359,1.0
WBGene00044677,1.0
WBGene00012062,1.0
WBGene00017292,1.0
WBGene00013593,0.7333333333333333
WBGene00001332,0.9666666666666667
WBGene00001668,0.6
WBGene00000200,1.0
WBGene00000936,1.0
WBGene00002271,1.0
WBGene00011587,0.9666666666666667
WBGene00044077,1.0
WBGene00007042,1.0
WBGene00016274,0.8666666666666667
WBGene00006470,1.0
WBGene00004829,1.0
WBGene00008315,0.5666666666666667
WBGene00004478,1.0
WBGene00001399,1.0
WBGene00007717,0.6
WBGene00004359,1.0
WBGene00018937,0.9666666666666667
WBGene00017708,1.0
WBGene00001185,1.0
WBGene00004328,0.9666666666666667
WBGene00010759,1.0
WBGene00007286,0.9666666666666667
WBGene00020373,1.0
WBGene00021473,1.0
WBGene00010807,1.0
WBGene00017161,1.0
WBGene00006429,0.9666666666666667
WBGene00016121,0.9
WBGene00014008,0.6
WBGene00012564,1.0
WBGene00007955,1.0
WBGene00006499,1.0
WBGene00017576,1.0
WBGene00016215,1.0
WBGene00007150,1.0
WBGene00022336,1.0
WBGene00016596,0.5666666666666667
WBGene00016744,1.0
WBGene00012935,1.0
WBGene00010979,1.0
WBGene00002999,0.9666666666666667
WBGene00019048,1.0
WBGene00019843,1.0
WBGene00009790,1.0
WBGene00007664,0.9
WBGene00013233,1.0
WBGene00001550,1.0
WBGene00017907,1.0
WBGene00011362,0.9333333333333333
WBGene00010408,1.0
WBGene00001412,1.0
WBGene00006831,0.9666666666666667
WBGene00002987,0.9666666666666667
WBGene00014135,0.8
WBGene00016654,0.9666666666666667
WBGene00000421,1.0
WBGene00044294,0.9666666666666667
WBGene00004932,1.0
WBGene00003038,0.9666666666666667
WBGene00003766,1.0
WBGene00000727,1.0
WBGene00008794,1.0
WBGene00004764,0.9666666666666667
WBGene00019347,1.0
WBGene00008598,1.0
WBGene00013001,1.0
WBGene00202512,1.0
WBGene00005026,1.0
WBGene00219275,0.9666666666666667
WBGene00009878,1.0
WBGene00001475,1.0
WBGene00001167,1.0
WBGene00008997,0.9666666666666667
WBGene00021355,0.9333333333333333
WBGene00000510,1.0
WBGene00017349,1.0
WBGene00010282,0.5
WBGene00017490,1.0
WBGene00044807,0.9333333333333333
WBGene00020012,1.0
WBGene00000151,0.9
WBGene00018727,1.0
WBGene00018316,0.9
WBGene00005437,0.6666666666666666
WBGene00011974,1.0
WBGene00018208,0.9666666666666667
WBGene00000973,0.5333333333333333
WBGene00001915,1.0
WBGene00016293,0.6666666666666666
WBGene00021332,1.0
WBGene00006405,0.8666666666666667
WBGene00018279,1.0
WBGene00008998,0.9333333333333333
WBGene00004418,1.0
WBGene00007389,1.0
WBGene00018280,1.0
WBGene00021415,1.0
WBGene00017290,1.0
WBGene00000912,0.7333333333333333
WBGene00003917,0.9666666666666667
WBGene00009333,1.0
WBGene00009945,1.0
WBGene00013870,1.0
WBGene00001740,0.5666666666666667
WBGene00015218,1.0
WBGene00008528,1.0
WBGene00195166,1.0
WBGene00010542,1.0
WBGene00019352,1.0
WBGene00017042,1.0
WBGene00006974,1.0
WBGene00004204,0.9666666666666667
WBGene00015141,0.9333333333333333
WBGene00020397,1.0
WBGene00019221,1.0
WBGene00008577,0.6
WBGene00007216,1.0
WBGene00001058,1.0
WBGene00020710,0.9
WBGene00010123,1.0
WBGene00004047,1.0
WBGene00018364,0.9666666666666667
WBGene00021653,0.9666666666666667
WBGene00012859,0.7333333333333333
WBGene00019821,0.9
WBGene00008195,1.0
WBGene00044681,1.0
WBGene00016836,1.0
WBGene00001129,1.0
WBGene00010642,1.0
WBGene00018785,1.0
WBGene00010306,1.0
WBGene00044637,1.0
WBGene00009183,1.0
WBGene00001485,1.0
WBGene00007131,0.8666666666666667
WBGene00004439,1.0
WBGene00004489,1.0
WBGene00000829,1.0
WBGene00006062,1.0
WBGene00009558,1.0
WBGene00007408,1.0
WBGene00017041,0.9
WBGene00022854,1.0
WBGene00001972,1.0
WBGene00008379,0.9
WBGene00009169,1.0
WBGene00045248,1.0
WBGene00270321,0.9666666666666667
WBGene00000772,0.9333333333333333
WBGene00001552,1.0
WBGene00012719,0.9666666666666667
WBGene00011892,0.9
WBGene00195154,1.0
WBGene00007153,1.0
WBGene00001503,1.0
WBGene00000455,1.0
WBGene00019771,1.0
WBGene00017673,1.0
WBGene00009727,1.0
WBGene00016006,1.0
WBGene00021827,1.0
WBGene00020095,1.0
WBGene00011418,0.9666666666666667
WBGene00009011,1.0
WBGene00014171,0.6333333333333333
WBGene00010745,1.0
WBGene00019302,1.0
WBGene00003389,1.0
WBGene00009353,1.0
WBGene00008687,0.9666666666666667
WBGene00004450,1.0
WBGene00018031,0.9666666666666667
WBGene00014022,0.9
WBGene00015308,1.0
WBGene00009556,1.0
WBGene00004969,1.0
WBGene00017376,1.0
WBGene00000520,0.9
WBGene00021685,1.0
WBGene00007136,0.9333333333333333
WBGene00008912,1.0
WBGene00000937,1.0
WBGene00017895,1.0
WBGene00006704,1.0
WBGene00001374,0.9666666666666667
WBGene00015236,1.0
WBGene00001516,0.9333333333333333
WBGene00010434,1.0
WBGene00018728,1.0
WBGene00006735,1.0
WBGene00022127,0.9666666666666667
WBGene00007303,0.9
WBGene00009885,1.0
WBGene00003372,0.9333333333333333
WBGene00021044,1.0
WBGene00009041,1.0
WBGene00016090,0.5333333333333333
WBGene00000905,0.5333333333333333
WBGene00001767,1.0
WBGene00017500,0.9666666666666667
WBGene00044648,1.0
WBGene00003826,1.0
WBGene00012649,1.0
WBGene00007722,1.0
WBGene00003698,1.0
WBGene00019961,0.9
WBGene00019163,0.7666666666666667
WBGene00009994,0.7
WBGene00011804,1.0
WBGene00000142,1.0
WBGene00010726,0.9333333333333333
WBGene00007191,0.7666666666666667
WBGene00006802,0.9666666666666667
WBGene00011263,0.6666666666666666
WBGene00017429,0.5333333333333333
WBGene00011637,1.0
WBGene00018405,1.0
WBGene00022696,1.0
WBGene00008415,0.9
WBGene00020026,1.0
WBGene00004143,0.9666666666666667
WBGene00002128,0.9666666666666667
WBGene00007022,1.0
WBGene00003224,0.7666666666666667
WBGene00012558,1.0
WBGene00010354,0.9
WBGene00010562,0.9666666666666667
WBGene00015395,1.0
WBGene00019763,0.6333333333333333
WBGene00009667,0.5666666666666667
WBGene00008595,1.0
WBGene00004497,1.0
WBGene00018133,1.0
WBGene00022125,0.9666666666666667
WBGene00004748,0.9666666666666667
WBGene00001820,0.9666666666666667
WBGene00020320,0.9333333333333333
WBGene00006947,0.7333333333333333
WBGene00012930,1.0
WBGene00009294,1.0
WBGene00009101,1.0
WBGene00013234,0.9666666666666667
WBGene00001500,1.0
WBGene00003713,1.0
WBGene00006524,0.9333333333333333
WBGene00014255,1.0
WBGene00138711,1.0
WBGene00019261,0.9
WBGene00044029,1.0
WBGene00022376,1.0
WBGene00045275,0.9666666666666667
WBGene00219309,1.0
WBGene00012029,0.9333333333333333
WBGene00010370,0.9666666666666667
WBGene00008740,1.0
WBGene00018879,1.0
WBGene00010205,1.0
WBGene00006729,1.0
WBGene00003186,1.0
WBGene00013569,0.9
WBGene00011613,1.0
WBGene00000214,1.0
WBGene00008809,0.8666666666666667
WBGene00022337,1.0
WBGene00017866,1.0
WBGene00012496,1.0
WBGene00003592,1.0
WBGene00000513,1.0
WBGene00010724,1.0
WBGene00018397,0.9
WBGene00023491,0.9666666666666667
WBGene00000407,0.9666666666666667
WBGene00002196,1.0
WBGene00019122,0.9666666666666667
WBGene00013446,0.8333333333333334
WBGene00004245,1.0
WBGene00011339,0.5333333333333333
WBGene00007679,1.0
WBGene00000186,0.9333333333333333
WBGene00009320,1.0
WBGene00016555,0.8666666666666667
WBGene00008509,0.9666666666666667
WBGene00044297,0.9
WBGene00002891,0.6
WBGene00011969,0.6333333333333333
WBGene00018684,1.0
WBGene00015849,1.0
WBGene00020690,1.0
WBGene00001867,0.9666666666666667
WBGene00022374,1.0
WBGene00015582,0.9666666666666667
WBGene00016797,0.9666666666666667
WBGene00001533,1.0
WBGene00020270,1.0
WBGene00019394,1.0
WBGene00012241,1.0
WBGene00010680,0.6333333333333333
WBGene00044553,1.0
WBGene00012582,1.0
WBGene00008320,1.0
WBGene00006773,1.0
WBGene00206371,1.0
WBGene00001249,1.0
WBGene00012597,1.0
WBGene00014074,1.0
WBGene00044557,1.0
WBGene00018092,1.0
WBGene00008904,1.0
WBGene00006582,1.0
WBGene00017066,0.8666666666666667
WBGene00022887,0.9
WBGene00018061,1.0
WBGene00006452,0.9666666666666667
WBGene00016166,0.9666666666666667
WBGene00043992,1.0
WBGene00012128,1.0
WBGene00021562,1.0
WBGene00006690,1.0
WBGene00015377,1.0
WBGene00007849,1.0
WBGene00006987,0.5
WBGene00020893,1.0
WBGene00011923,0.9333333333333333
WBGene00011191,1.0
WBGene00000085,0.9666666666666667
WBGene00021103,1.0
WBGene00012188,1.0
WBGene00008606,1.0
WBGene00044345,1.0
WBGene00008173,0.9333333333333333
WBGene00005670,0.9
WBGene00016907,1.0
WBGene00011695,0.9666666666666667
WBGene00014226,0.5666666666666667
WBGene00016315,1.0
WBGene00020464,1.0
WBGene00013201,0.9333333333333333
WBGene00006349,0.9666666666666667
WBGene00021305,0.7666666666666667
WBGene00011376,1.0
WBGene00015146,1.0
WBGene00000448,1.0
WBGene00044423,0.7
WBGene00007964,0.6333333333333333
WBGene00012365,1.0
WBGene00010082,1.0
WBGene00013104,1.0
WBGene00001777,1.0
WBGene00020236,0.9
WBGene00018491,0.9333333333333333
WBGene00007885,0.7666666666666667
WBGene00017543,1.0
WBGene00019729,0.9
WBGene00017082,0.9666666666666667
WBGene00010403,1.0
WBGene00004061,1.0
WBGene00019068,0.5666666666666667
WBGene00011399,0.6666666666666666
WBGene00022326,1.0
WBGene00020566,0.9
WBGene00008802,1.0
WBGene00022498,1.0
WBGene00021262,0.9333333333333333
WBGene00021160,1.0
WBGene00013489,0.6333333333333333
WBGene00021986,1.0
WBGene00007404,0.5
WBGene00008094,0.9666666666666667
WBGene00009064,1.0
WBGene00009881,1.0
WBGene00017027,0.7
WBGene00001039,0.6
WBGene00004106,1.0
WBGene00007495,0.7
WBGene00019180,1.0
WBGene00012631,1.0
WBGene00009222,0.9
WBGene00021311,1.0
WBGene00015176,0.9666666666666667
WBGene00006527,1.0
WBGene00008068,1.0
WBGene00016337,1.0
WBGene00000284,0.9
WBGene00001526,1.0
WBGene00020321,1.0
WBGene00020824,1.0
WBGene00022054,1.0
WBGene00004002,0.7
WBGene00009400,0.8666666666666667
WBGene00010790,0.9666666666666667
WBGene00015161,1.0
WBGene00012363,0.8333333333333334
WBGene00017642,1.0
WBGene00007548,0.7333333333333333
WBGene00018067,1.0
WBGene00004087,1.0
WBGene00043067,1.0
WBGene00001765,1.0
WBGene00020637,0.9
WBGene00009242,1.0
WBGene00019600,1.0
WBGene00021343,1.0
WBGene00021755,0.9333333333333333
WBGene00015531,1.0
WBGene00022454,1.0
WBGene00002040,1.0
WBGene00013350,1.0
WBGene00021515,1.0
WBGene00012121,1.0
WBGene00022379,1.0
WBGene00009388,1.0
WBGene00010737,0.9666666666666667
WBGene00005664,1.0
WBGene00005422,0.9333333333333333
WBGene00008804,1.0
WBGene00006843,0.9666666666666667
WBGene00007651,1.0
WBGene00008142,0.9666666666666667
WBGene00000584,0.9
WBGene00302998,0.9666666666666667
WBGene00015105,1.0
WBGene00004679,1.0
WBGene00015081,1.0
WBGene00001699,0.9666666666666667
WBGene00008477,0.9333333333333333
WBGene00022867,1.0
WBGene00077643,0.9666666666666667
WBGene00023405,0.9666666666666667
WBGene00015167,0.8666666666666667
WBGene00021272,1.0
WBGene00017742,0.9
WBGene00008165,1.0
WBGene00022499,1.0
WBGene00017628,1.0
WBGene00016423,1.0
WBGene00010770,1.0
WBGene00020684,1.0
WBGene00016568,1.0
WBGene00017983,0.5666666666666667
WBGene00004446,1.0
WBGene00044720,1.0
WBGene00044389,0.9333333333333333
WBGene00013758,0.9666666666666667
WBGene00022501,0.9666666666666667
WBGene00019478,1.0
WBGene00019963,0.9666666666666667
WBGene00016686,0.9333333333333333
WBGene00013962,1.0
WBGene00021923,0.9333333333333333
WBGene00020762,0.9333333333333333
WBGene00018465,0.9333333333333333
WBGene00003994,0.9666666666666667
WBGene00006561,0.9333333333333333
WBGene00016314,1.0
WBGene00015223,0.8666666666666667
WBGene00003938,1.0
WBGene00003961,1.0
WBGene00009058,1.0
WBGene00009350,0.9333333333333333
WBGene00012734,0.9666666666666667
WBGene00195212,1.0
WBGene00011087,1.0
WBGene00001432,0.5666666666666667
WBGene00013298,0.9666666666666667
WBGene00009729,1.0
WBGene00022073,1.0
WBGene00007412,0.9333333333333333
WBGene00016769,1.0
WBGene00011250,0.7333333333333333
WBGene00021510,1.0
WBGene00010297,1.0
WBGene00023520,0.9666666666666667
WBGene00018043,1.0
WBGene00018352,1.0
WBGene00008831,1.0
WBGene00016792,1.0
WBGene00001547,0.9666666666666667
WBGene00009172,0.9
WBGene00019552,1.0
WBGene00000484,1.0
WBGene00005163,0.9
WBGene00020150,0.9666666666666667
WBGene00003688,0.9666666666666667
WBGene00044666,0.5
WBGene00219493,0.9333333333333333
WBGene00008868,0.9666666666666667
WBGene00017778,1.0
WBGene00000210,1.0
WBGene00011729,1.0
WBGene00000960,1.0
WBGene00021589,1.0
WBGene00015755,1.0
WBGene00021183,0.6333333333333333
WBGene00016725,1.0
WBGene00018640,1.0
WBGene00021564,0.9333333333333333
WBGene00009073,0.5333333333333333
WBGene00009523,1.0
WBGene00007482,1.0
WBGene00011503,0.9666666666666667
WBGene00004093,1.0
WBGene00015839,0.6
WBGene00016419,1.0
WBGene00001886,0.5
WBGene00008691,1.0
WBGene00015238,1.0
WBGene00008920,0.9333333333333333
WBGene00014076,1.0
WBGene00010592,0.9
WBGene00020419,0.9333333333333333
WBGene00001135,1.0
WBGene00015186,1.0
WBGene00022004,0.9666666666666667
WBGene00004975,1.0
WBGene00016329,1.0
WBGene00013259,0.9333333333333333
WBGene00012901,1.0
WBGene00003006,1.0
WBGene00015115,0.9666666666666667
WBGene00010089,1.0
WBGene00009461,0.9666666666666667
WBGene00009023,1.0
WBGene00021914,1.0
WBGene00020230,1.0
WBGene00008390,0.6
WBGene00018576,1.0
WBGene00011308,0.9666666666666667
WBGene00007144,0.9666666666666667
WBGene00009457,1.0
WBGene00000890,1.0
WBGene00012337,0.9666666666666667
WBGene00235315,1.0
WBGene00001153,1.0
WBGene00008952,0.9
WBGene00009495,0.9333333333333333
WBGene00019262,1.0
WBGene00016989,1.0
WBGene00022145,1.0
WBGene00019652,1.0
WBGene00019753,0.7666666666666667
WBGene00004452,1.0
WBGene00021666,0.9666666666666667
WBGene00015532,1.0
WBGene00044296,0.9
WBGene00010765,1.0
WBGene00044289,1.0
WBGene00011221,1.0
WBGene00015934,1.0
WBGene00022351,1.0
WBGene00007388,1.0
WBGene00000241,1.0
WBGene00002225,0.9666666666666667
WBGene00010597,0.9666666666666667
WBGene00014182,1.0
WBGene00012462,1.0
WBGene00015823,1.0
WBGene00008729,1.0
WBGene00003996,0.8
WBGene00021548,0.9333333333333333
WBGene00016592,0.9333333333333333
WBGene00017010,0.9
WBGene00015426,0.7
WBGene00015842,1.0
WBGene00003526,1.0
WBGene00009943,0.9
WBGene00020485,1.0
WBGene00001918,0.5666666666666667
WBGene00022850,1.0
WBGene00020977,0.9666666666666667
WBGene00021641,0.9666666666666667
WBGene00016927,1.0
WBGene00010806,1.0
WBGene00020380,0.6666666666666666
WBGene00001651,0.9333333333333333
WBGene00009025,1.0
WBGene00000678,1.0
WBGene00010521,1.0
WBGene00001038,1.0
WBGene00009107,1.0
WBGene00004886,0.7
WBGene00018714,0.9666666666666667
WBGene00008262,1.0
WBGene00014159,0.6333333333333333
WBGene00018857,1.0
WBGene00013180,0.9
WBGene00018710,1.0
WBGene00021502,1.0
WBGene00006714,0.9666666666666667
WBGene00006641,1.0
WBGene00013967,0.9333333333333333
WBGene00012193,0.9
WBGene00000523,0.9666666666666667
WBGene00020094,1.0
WBGene00003976,0.9
WBGene00004040,0.7
WBGene00194674,1.0
WBGene00010399,1.0
WBGene00008442,0.9666666666666667
WBGene00020358,0.8666666666666667
WBGene00022670,0.9666666666666667
WBGene00001509,1.0
WBGene00003570,0.9333333333333333
WBGene00003370,1.0
WBGene00022530,0.9
WBGene00010552,1.0
WBGene00022283,0.6333333333333333
WBGene00015700,1.0
WBGene00002064,1.0
WBGene00010238,1.0
WBGene00010659,0.8
WBGene00016152,0.9666666666666667
WBGene00020801,1.0
WBGene00004314,0.9666666666666667
WBGene00017770,1.0
WBGene00005020,1.0
WBGene00020760,0.6
WBGene00003407,1.0
WBGene00011532,1.0
WBGene00007689,1.0
WBGene00009930,1.0
WBGene00015171,1.0
WBGene00011757,1.0
WBGene00007672,1.0
WBGene00010525,1.0
WBGene00022791,0.9666666666666667
WBGene00016544,1.0
WBGene00021980,1.0
WBGene00008797,0.9
WBGene00012821,0.8666666666666667
WBGene00009259,0.6666666666666666
WBGene00017842,1.0
WBGene00020491,1.0
WBGene00009452,1.0
WBGene00008140,0.9333333333333333
WBGene00015163,1.0
WBGene00008319,1.0
WBGene00014165,0.9
WBGene00000880,0.9666666666666667
WBGene00012478,0.9333333333333333
WBGene00015028,1.0
WBGene00007423,1.0
WBGene00009678,0.5333333333333333
WBGene00018611,1.0
WBGene00008418,1.0
WBGene00010585,0.9666666666666667
WBGene00013713,1.0
WBGene00021795,1.0
WBGene00044072,0.9666666666666667
WBGene00044342,1.0
WBGene00009451,0.9666666666666667
WBGene00003849,1.0
WBGene00013608,0.7
WBGene00015527,1.0
WBGene00000454,1.0
WBGene00010096,1.0
WBGene00009192,1.0
WBGene00020064,0.5666666666666667
WBGene00004223,1.0
WBGene00007445,1.0
WBGene00006478,0.8666666666666667
WBGene00019959,1.0
WBGene00044483,0.9666666666666667
WBGene00011143,0.9666666666666667
WBGene00018311,1.0
WBGene00011333,1.0
WBGene00019471,0.9666666666666667
WBGene00086560,0.9333333333333333
WBGene00010631,1.0
WBGene00044440,0.6
WBGene00003993,0.9
WBGene00021419,1.0
WBGene00021985,1.0
WBGene00004341,0.9333333333333333
WBGene00006404,0.8666666666666667
WBGene00019508,1.0
WBGene00019069,1.0
WBGene00020365,1.0
WBGene00016397,1.0
WBGene00021163,1.0
WBGene00022564,0.9666666666666667
WBGene00007261,1.0
WBGene00003878,1.0
WBGene00017703,0.6333333333333333
WBGene00303011,1.0
WBGene00013456,1.0
WBGene00009587,1.0
WBGene00007431,0.9333333333333333
WBGene00009060,0.8333333333333334
WBGene00022413,1.0
WBGene00017854,1.0
WBGene00014141,0.9333333333333333
WBGene00009977,1.0
WBGene00007242,1.0
WBGene00012408,1.0
WBGene00004753,1.0
WBGene00019391,1.0
WBGene00011451,0.9
WBGene00007774,0.9666666666666667
WBGene00019328,1.0
WBGene00012852,1.0
WBGene00008432,1.0
WBGene00021349,1.0
WBGene00018966,0.6333333333333333
WBGene00020403,0.9666666666666667
WBGene00022534,1.0
WBGene00012756,0.9333333333333333
WBGene00019630,0.9333333333333333
WBGene00003651,0.9
WBGene00015671,0.9666666666666667
WBGene00017565,1.0
WBGene00019549,0.9
WBGene00012073,1.0
WBGene00018398,0.9666666666666667
WBGene00010140,1.0
WBGene00014109,0.8333333333333334
WBGene00008964,0.9666666666666667
WBGene00011273,1.0
WBGene00011136,1.0
WBGene00015424,1.0
WBGene00019769,0.9666666666666667
WBGene00050937,0.9666666666666667
WBGene00012715,1.0
WBGene00007135,1.0
WBGene00013576,0.9333333333333333
WBGene00001942,1.0
WBGene00004033,0.9
WBGene00003825,0.9666666666666667
WBGene00013541,0.9666666666666667
WBGene00001684,0.9666666666666667
WBGene00013353,1.0
WBGene00012730,1.0
WBGene00019129,1.0
WBGene00011495,1.0
WBGene00018912,0.9666666666666667
WBGene00013878,1.0
WBGene00020225,0.5333333333333333
WBGene00012394,1.0
WBGene00008117,1.0
WBGene00008065,0.9
WBGene00077761,1.0
WBGene00015567,1.0
WBGene00020281,0.9666666666666667
WBGene00011047,1.0
WBGene00019080,0.9333333333333333
WBGene00022043,0.9666666666666667
WBGene00008767,1.0
WBGene00044304,1.0
WBGene00009188,1.0
WBGene00016574,1.0
WBGene00009686,0.6333333333333333
WBGene00008212,1.0
WBGene00008302,0.9333333333333333
WBGene00013352,0.9666666666666667
WBGene00001584,1.0
WBGene00000991,1.0
WBGene00011595,0.7
WBGene00012698,0.9333333333333333
WBGene00013980,0.6
WBGene00019677,0.7
WBGene00021687,1.0
WBGene00015135,0.9333333333333333
WBGene00015561,1.0
WBGene00011678,0.7
WBGene00005021,0.8333333333333334
WBGene00022456,0.7666666666666667
WBGene00017011,1.0
WBGene00017568,0.9
WBGene00016381,1.0
WBGene00011330,0.9
WBGene00013762,0.9
WBGene00013243,1.0
WBGene00022838,0.9666666666666667
WBGene00019754,1.0
WBGene00000500,1.0
WBGene00002211,1.0
WBGene00000122,0.6333333333333333
WBGene00008316,1.0
WBGene00022661,0.9666666666666667
WBGene00011581,1.0
WBGene00022138,0.7333333333333333
WBGene00010416,1.0
WBGene00008956,1.0
WBGene00022677,1.0
WBGene00004403,1.0
WBGene00011930,0.9333333333333333
WBGene00017120,1.0
WBGene00008034,1.0
WBGene00012768,0.9666666666666667
WBGene00022427,1.0
WBGene00006658,1.0
WBGene00021319,0.9666666666666667
WBGene00010331,1.0
WBGene00018918,1.0
WBGene00002068,0.8
WBGene00016260,1.0
WBGene00018070,0.9333333333333333
WBGene00013284,1.0
WBGene00009876,1.0
WBGene00010626,0.9333333333333333
WBGene00007234,0.9333333333333333
WBGene00007868,1.0
WBGene00045357,0.6333333333333333
WBGene00014101,1.0
WBGene00002251,0.9666666666666667
WBGene00001895,0.9
WBGene00010454,0.9666666666666667
WBGene00022562,0.7
WBGene00007635,1.0
WBGene00020149,1.0
WBGene00022812,1.0
WBGene00008255,1.0
WBGene00022248,0.9666666666666667
WBGene00044651,1.0
WBGene00020361,1.0
WBGene00009258,0.9666666666666667
WBGene00010074,1.0
WBGene00009450,1.0
WBGene00010907,1.0
WBGene00018103,1.0
WBGene00010296,0.9333333333333333
WBGene00004225,0.5333333333333333
WBGene00022410,1.0
WBGene00019847,0.9666666666666667
WBGene00195084,1.0
WBGene00010340,1.0
WBGene00000647,0.9
WBGene00010667,1.0
WBGene00016418,1.0
WBGene00006657,1.0
WBGene00019360,0.9333333333333333
WBGene00045382,0.7
WBGene00019496,0.9666666666666667
WBGene00001680,1.0
WBGene00000292,0.9
WBGene00013822,1.0
WBGene00004470,1.0
WBGene00044774,0.8333333333333334
WBGene00020101,1.0
WBGene00235287,1.0
WBGene00016564,1.0
WBGene00017976,0.9666666666666667
WBGene00015074,1.0
WBGene00011916,1.0
WBGene00020509,0.5666666666666667
WBGene00018544,0.9
WBGene00007711,1.0
WBGene00014215,0.9
WBGene00020823,1.0
WBGene00002991,0.9666666666666667
WBGene00018355,0.5666666666666667
WBGene00009931,1.0
WBGene00004152,0.9333333333333333
WBGene00045050,1.0
WBGene00021204,0.9666666666666667
WBGene00008587,1.0
WBGene00004498,0.9
WBGene00016503,0.6
WBGene00010357,0.9666666666666667
WBGene00021511,1.0
WBGene00000458,1.0
WBGene00011584,1.0
WBGene00014052,0.6
WBGene00020082,1.0
WBGene00018741,1.0
WBGene00019484,1.0
WBGene00044313,1.0
WBGene00010310,1.0
WBGene00010971,1.0
WBGene00044459,1.0
WBGene00000976,0.5333333333333333
WBGene00020023,1.0
WBGene00002974,0.6
WBGene00001070,0.9333333333333333
WBGene00019346,1.0
WBGene00008369,1.0
WBGene00008318,1.0
WBGene00016069,1.0
WBGene00255605,1.0
WBGene00015975,1.0
WBGene00003401,1.0
WBGene00009677,1.0
WBGene00016990,0.9
WBGene00002008,1.0
WBGene00045215,1.0
WBGene00013506,1.0
WBGene00011964,1.0
WBGene00021205,1.0
WBGene00022453,1.0
WBGene00007710,1.0
WBGene00003970,0.9666666666666667
WBGene00022720,1.0
WBGene00022013,0.8333333333333334
WBGene00011367,0.9666666666666667
WBGene00006393,1.0
WBGene00003043,1.0
WBGene00015963,0.9666666666666667
WBGene00021395,1.0
WBGene00010741,1.0
WBGene00011368,1.0
WBGene00001898,0.8666666666666667
WBGene00015914,1.0
WBGene00014300,0.9666666666666667
WBGene00019009,1.0
WBGene00006619,1.0
WBGene00017073,1.0
WBGene00006679,0.9666666666666667
WBGene00017017,1.0
WBGene00022527,1.0
WBGene00012994,1.0
WBGene00020019,1.0
WBGene00008002,1.0
WBGene00194849,1.0
WBGene00020447,1.0
WBGene00044435,0.6333333333333333
WBGene00012899,1.0
WBGene00012948,1.0
WBGene00011090,0.9666666666666667
WBGene00000970,0.9666666666666667
WBGene00017367,0.7
WBGene00016942,1.0
WBGene00022623,1.0
WBGene00206485,0.9
WBGene00011069,1.0
WBGene00007941,0.9666666666666667
WBGene00001596,1.0
WBGene00017092,1.0
WBGene00010879,0.9333333333333333
WBGene00011896,1.0
WBGene00010698,0.9666666666666667
WBGene00001112,1.0
WBGene00206529,1.0
WBGene00021362,0.9666666666666667
WBGene00012107,0.9333333333333333
WBGene00023519,1.0
WBGene00016432,1.0
WBGene00043057,1.0
WBGene00004492,1.0
WBGene00005063,0.5
WBGene00011207,0.9333333333333333
WBGene00018586,1.0
WBGene00001702,0.9666666666666667
WBGene00021193,0.8
WBGene00015747,1.0
WBGene00013011,1.0
WBGene00001817,0.7
WBGene00009346,1.0
WBGene00304203,1.0
WBGene00013358,1.0
WBGene00012529,1.0
WBGene00015122,0.5
WBGene00019503,1.0
WBGene00018337,0.9333333333333333
WBGene00007267,0.6333333333333333
WBGene00019603,0.9666666666666667
WBGene00011545,1.0
WBGene00013490,0.9666666666666667
WBGene00016551,1.0
WBGene00021835,0.7
WBGene00008300,0.7333333333333333
WBGene00022329,0.8
WBGene00185102,0.9666666666666667
WBGene00002982,1.0
WBGene00012943,1.0
WBGene00004855,0.9666666666666667
WBGene00045305,1.0
WBGene00000952,0.9666666666666667
WBGene00004049,0.9
WBGene00009810,1.0
WBGene00012201,0.9666666666666667
WBGene00016619,1.0
WBGene00001811,1.0
WBGene00020096,0.9
WBGene00009799,1.0
WBGene00013718,1.0
WBGene00004453,1.0
WBGene00010202,0.9666666666666667
WBGene00010481,1.0
WBGene00001995,1.0
WBGene00009560,0.6
WBGene00015484,1.0
WBGene00012245,1.0
WBGene00018706,0.9666666666666667
WBGene00013828,1.0
WBGene00003916,0.9333333333333333
WBGene00011226,0.9333333333333333
WBGene00013518,1.0
WBGene00022577,0.9
WBGene00004310,1.0
WBGene00020259,1.0
WBGene00009919,0.9333333333333333
WBGene00016811,0.9
WBGene00012566,1.0
WBGene00007390,0.9666666666666667
WBGene00022883,1.0
WBGene00006811,1.0
WBGene00269432,1.0
WBGene00007469,0.9333333333333333
WBGene00016979,1.0
WBGene00003480,1.0
WBGene00021028,1.0
WBGene00021188,1.0
WBGene00007873,1.0
WBGene00011423,1.0
WBGene00013443,1.0
WBGene00020311,1.0
WBGene00018991,1.0
WBGene00020500,1.0
WBGene00020761,0.9
WBGene00003010,1.0
WBGene00008747,0.9666666666666667
WBGene00018219,1.0
WBGene00010288,1.0
WBGene00008078,1.0
WBGene00011305,1.0
WBGene00017929,0.9666666666666667
WBGene00009306,0.6333333333333333
WBGene00011973,0.9333333333333333
WBGene00007434,1.0
WBGene00010947,1.0
WBGene00012647,0.9666666666666667
WBGene00008569,0.9333333333333333
WBGene00014152,1.0
WBGene00005362,1.0
WBGene00044150,1.0
WBGene00021367,1.0
WBGene00010882,1.0
WBGene00019511,0.9333333333333333
WBGene00004337,1.0
WBGene00022448,1.0
WBGene00000783,0.9666666666666667
WBGene00007933,1.0
WBGene00002994,0.9666666666666667
WBGene00007741,1.0
WBGene00008081,0.9666666666666667
WBGene00010311,1.0
WBGene00010191,1.0
WBGene00022391,0.9
WBGene00000418,0.6666666666666666
WBGene00044431,1.0
WBGene00021377,1.0
WBGene00007470,0.6333333333333333
WBGene00014203,1.0
WBGene00002151,0.9666666666666667
WBGene00017507,1.0
WBGene00015537,0.6
WBGene00011988,1.0
WBGene00017103,1.0
WBGene00269387,0.9333333333333333
WBGene00006792,1.0
WBGene00016266,1.0
WBGene00007921,0.9666666666666667
WBGene00011959,0.5666666666666667
WBGene00013552,1.0
WBGene00013122,0.8
WBGene00016772,1.0
WBGene00013379,0.5333333333333333
WBGene00007674,0.8666666666666667
WBGene00001692,0.9666666666666667
WBGene00015569,0.9666666666666667
WBGene00012788,0.9333333333333333
WBGene00013211,1.0
WBGene00009161,0.9666666666666667
WBGene00010822,0.8666666666666667
WBGene00022027,1.0
WBGene00001757,1.0
WBGene00044212,0.9666666666666667
WBGene00003030,1.0
WBGene00015903,1.0
WBGene00000701,1.0
WBGene00011223,1.0
WBGene00000815,0.9333333333333333
WBGene00022412,1.0
WBGene00007988,0.9333333333333333
WBGene00001920,0.7333333333333333
WBGene00007820,1.0
WBGene00008989,1.0
WBGene00000283,0.7
WBGene00008051,1.0
WBGene00045058,1.0
WBGene00018700,1.0
WBGene00020846,1.0
WBGene00004860,0.9666666666666667
WBGene00008127,1.0
WBGene00017087,1.0
WBGene00018314,1.0
WBGene00017124,1.0
WBGene00020245,0.9666666666666667
WBGene00007978,1.0
WBGene00013093,1.0
WBGene00011589,1.0
WBGene00007299,0.9
WBGene00008861,1.0
WBGene00001082,1.0
WBGene00013266,1.0
WBGene00021104,1.0
WBGene00020125,0.9666666666666667
WBGene00017826,0.9
WBGene00013591,0.6666666666666666
WBGene00015858,1.0
WBGene00016467,1.0
WBGene00007053,1.0
WBGene00015277,0.9
WBGene00044701,1.0
WBGene00001835,0.6
WBGene00012765,1.0
WBGene00012293,0.9666666666666667
WBGene00000038,1.0
WBGene00000915,0.9
WBGene00015327,0.6
WBGene00019116,1.0
WBGene00017513,1.0
WBGene00043060,1.0
WBGene00015559,1.0
WBGene00004729,1.0
WBGene00012806,0.9333333333333333
WBGene00002855,1.0
WBGene00019564,1.0
WBGene00021403,0.7333333333333333
WBGene00011723,0.9
WBGene00006396,1.0
WBGene00006910,1.0
WBGene00016360,0.8
WBGene00015897,1.0
WBGene00001546,0.8
WBGene00016546,1.0
WBGene00017908,1.0
WBGene00017284,1.0
WBGene00019240,0.9333333333333333
WBGene00003386,1.0
WBGene00013167,0.9333333333333333
WBGene00013387,0.9333333333333333
WBGene00013555,1.0
WBGene00020104,0.4666666666666667
WBGene00006677,1.0
WBGene00021123,1.0
WBGene00003413,1.0
WBGene00011019,1.0
WBGene00004207,0.9666666666666667
WBGene00000162,1.0
WBGene00012276,1.0
WBGene00006949,1.0
WBGene00009027,1.0
WBGene00010678,0.9666666666666667
WBGene00011956,1.0
WBGene00020086,0.9
WBGene00020652,1.0
WBGene00009480,0.5
WBGene00012528,0.9666666666666667
WBGene00044353,1.0
WBGene00004758,1.0
WBGene00020678,1.0
WBGene00020275,1.0
WBGene00012791,1.0
WBGene00011075,1.0
WBGene00016801,1.0
WBGene00008180,0.5666666666666667
WBGene00021602,1.0
WBGene00011382,1.0
WBGene00019972,0.9
WBGene00006443,0.9666666666666667
WBGene00021190,0.9666666666666667
WBGene00000395,1.0
WBGene00016674,0.9666666666666667
WBGene00010321,0.9333333333333333
WBGene00012308,0.9
WBGene00017909,1.0
WBGene00010150,0.6333333333333333
WBGene00001891,0.6333333333333333
WBGene00002220,1.0
WBGene00003898,1.0
WBGene00011410,0.9333333333333333
WBGene00019649,1.0
WBGene00000071,1.0
WBGene00018804,1.0
WBGene00013040,1.0
WBGene00004773,0.7
WBGene00006352,1.0
WBGene00000425,1.0
WBGene00010813,1.0
WBGene00010248,1.0
WBGene00019143,1.0
WBGene00009903,1.0
WBGene00044421,1.0
WBGene00019285,1.0
WBGene00000004,0.9666666666666667
WBGene00011487,1.0
WBGene00019396,1.0
WBGene00019444,0.7
WBGene00001116,1.0
WBGene00009676,1.0
WBGene00022845,0.9
WBGene00004404,0.9666666666666667
WBGene00012272,1.0
WBGene00006374,1.0
WBGene00016750,0.9333333333333333
WBGene00004831,0.9333333333333333
WBGene00019550,0.8666666666666667
WBGene00015574,0.9
WBGene00004184,0.6333333333333333
WBGene00004062,1.0
WBGene00015922,0.9666666666666667
WBGene00002132,1.0
WBGene00019460,0.9666666666666667
WBGene00004912,1.0
WBGene00019849,0.9
WBGene00003613,0.9666666666666667
WBGene00271606,1.0
WBGene00044570,0.9666666666666667
WBGene00021269,0.9333333333333333
WBGene00044989,1.0
WBGene00011960,0.7
WBGene00044898,1.0
WBGene00011807,1.0
WBGene00006279,0.5333333333333333
WBGene00008152,1.0
WBGene00009601,1.0
WBGene00001236,1.0
WBGene00003218,1.0
WBGene00206374,0.9666666666666667
WBGene00001253,0.9666666666666667
WBGene00000934,1.0
WBGene00006999,0.9333333333333333
WBGene00002174,1.0
WBGene00019200,0.9666666666666667
WBGene00008220,1.0
WBGene00002004,1.0
WBGene00020580,0.9666666666666667
WBGene00206538,1.0
WBGene00016626,0.7666666666666667
WBGene00021998,1.0
WBGene00009156,1.0
WBGene00005653,1.0
WBGene00011396,1.0
WBGene00008130,1.0
WBGene00009915,0.9666666666666667
WBGene00000491,1.0
WBGene00013440,1.0
WBGene00006809,1.0
WBGene00008008,0.9666666666666667
WBGene00011067,1.0
WBGene00009219,1.0
WBGene00006951,1.0
WBGene00004905,0.9666666666666667
WBGene00003578,1.0
WBGene00044780,0.9666666666666667
WBGene00269433,0.6333333333333333
WBGene00003627,0.9666666666666667
WBGene00009331,1.0
WBGene00004397,0.5333333333333333
WBGene00271788,1.0
WBGene00000075,1.0
WBGene00020954,1.0
WBGene00001745,0.9666666666666667
WBGene00001510,1.0
WBGene00044663,0.9666666666666667
WBGene00013727,0.9333333333333333
WBGene00001147,1.0
WBGene00008073,1.0
WBGene00001490,1.0
WBGene00019060,0.9
WBGene00010649,0.6
WBGene00021539,1.0
WBGene00022003,1.0
WBGene00014118,1.0
WBGene00017964,1.0
WBGene00007024,0.9666666666666667
WBGene00021161,1.0
WBGene00003225,1.0
WBGene00014151,0.8333333333333334
WBGene00010275,0.9
WBGene00013903,1.0
WBGene00013094,0.9666666666666667
WBGene00014030,0.9
WBGene00019097,1.0
WBGene00014965,1.0
WBGene00009490,1.0
WBGene00018935,0.9666666666666667
WBGene00001589,0.9333333333333333
WBGene00004050,0.7
WBGene00016912,0.6666666666666666
WBGene00008848,0.9666666666666667
WBGene00206418,1.0
WBGene00077522,0.8666666666666667
WBGene00015806,0.9666666666666667
WBGene00006918,0.7666666666666667
WBGene00271830,0.9
WBGene00022505,0.9
WBGene00012807,0.9
WBGene00001040,1.0
WBGene00007627,1.0
WBGene00044646,1.0
WBGene00010732,0.8666666666666667
WBGene00015049,1.0
WBGene00008022,0.9333333333333333
WBGene00017260,1.0
WBGene00000457,1.0
WBGene00015098,1.0
WBGene00009735,0.9333333333333333
WBGene00018330,1.0
WBGene00018974,1.0
WBGene00016319,0.8666666666666667
WBGene00007534,1.0
WBGene00008542,0.6
WBGene00004743,0.9666666666666667
WBGene00016059,0.6666666666666666
WBGene00010308,0.6333333333333333
WBGene00000720,0.9666666666666667
WBGene00007723,0.6666666666666666
WBGene00010050,0.8
WBGene00017864,1.0
WBGene00019067,1.0
WBGene00013963,1.0
WBGene00011811,1.0
WBGene00007515,0.9333333333333333
WBGene00020008,0.9
WBGene00010385,1.0
WBGene00005019,0.9666666666666667
WBGene00009369,1.0
WBGene00010632,0.8666666666666667
WBGene00000597,0.9666666666666667
WBGene00001960,0.9
WBGene00044387,1.0
WBGene00016514,1.0
WBGene00022354,1.0
WBGene00015008,1.0
WBGene00013574,1.0
WBGene00001150,0.7333333333333333
WBGene00001545,0.9
WBGene00000466,0.9666666666666667
WBGene00017934,1.0
WBGene00020663,1.0
WBGene00020588,1.0
WBGene00017298,1.0
WBGene00086558,0.6333333333333333
WBGene00018678,0.9333333333333333
WBGene00086566,1.0
WBGene00044082,1.0
WBGene00017144,1.0
WBGene00022690,1.0
WBGene00010810,0.9
WBGene00015789,1.0
WBGene00018527,0.9666666666666667
WBGene00009174,1.0
WBGene00003807,0.7666666666666667
WBGene00018985,0.9666666666666667
WBGene00016425,0.9666666666666667
WBGene00006721,1.0
WBGene00000467,0.6
WBGene00022642,1.0
WBGene00002324,1.0
WBGene00007076,0.9
WBGene00012906,1.0
WBGene00007617,0.9333333333333333
WBGene00003625,0.9666666666666667
WBGene00013819,0.9666666666666667
WBGene00009091,0.9666666666666667
WBGene00012762,1.0
WBGene00012084,1.0
WBGene00009730,0.9666666666666667
WBGene00012514,1.0
WBGene00044903,1.0
WBGene00086557,1.0
WBGene00004824,0.9333333333333333
WBGene00015485,0.9333333333333333
WBGene00017164,1.0
WBGene00010742,0.9
WBGene00021901,0.7
WBGene00011720,1.0
WBGene00011209,1.0
WBGene00044360,0.9666666666666667
WBGene00010077,1.0
WBGene00017625,0.9666666666666667
WBGene00021000,0.6333333333333333
WBGene00011622,0.9333333333333333
WBGene00001470,1.0
WBGene00018595,0.8666666666666667
WBGene00006646,1.0
WBGene00009625,1.0
WBGene00015307,1.0
WBGene00020673,1.0
WBGene00013836,1.0
WBGene00015505,0.9333333333333333
WBGene00019019,0.9333333333333333
WBGene00020709,1.0
WBGene00001978,0.9666666666666667
WBGene00021127,0.9
WBGene00012589,1.0
WBGene00002095,1.0
WBGene00021977,0.9333333333333333
WBGene00021736,1.0
WBGene00011522,0.9666666666666667
WBGene00022400,1.0
WBGene00011610,1.0
WBGene00003239,0.9
WBGene00016020,0.9333333333333333
WBGene00001988,1.0
WBGene00011886,1.0
WBGene00010750,0.9333333333333333
WBGene00003166,1.0
WBGene00007367,0.9
WBGene00010661,0.9
WBGene00017900,0.9
WBGene00017076,1.0
WBGene00006055,1.0
WBGene00008372,1.0
WBGene00008331,1.0
WBGene00010446,0.9666666666666667
WBGene00015739,1.0
WBGene00020010,0.6
WBGene00010754,1.0
WBGene00010436,1.0
WBGene00015156,0.7
WBGene00021396,0.9666666666666667
WBGene00013658,1.0
WBGene00021676,0.9666666666666667
WBGene00044467,1.0
WBGene00009176,1.0
WBGene00012032,0.9
WBGene00016639,0.7
WBGene00000371,1.0
WBGene00011979,0.9666666666666667
WBGene00011952,0.6333333333333333
WBGene00194742,0.9
WBGene00018819,1.0
WBGene00019227,1.0
WBGene00021314,1.0
WBGene00009544,1.0
WBGene00010647,1.0
WBGene00010563,0.5333333333333333
WBGene00014123,0.9666666666666667
WBGene00021557,1.0
WBGene00021391,0.9666666666666667
WBGene00016373,0.9666666666666667
WBGene00016333,0.9666666666666667
WBGene00020183,0.5666666666666667
WBGene00005008,0.9
WBGene00019943,0.9666666666666667
WBGene00001900,0.6
WBGene00018268,0.5
WBGene00018250,1.0
WBGene00010842,0.9333333333333333
WBGene00016601,1.0
WBGene00012748,0.8
WBGene00013480,1.0
WBGene00017000,1.0
WBGene00019776,0.9666666666666667
WBGene00020099,0.6
WBGene00019867,1.0
WBGene00009549,1.0
WBGene00045482,0.5666666666666667
WBGene00011217,0.9
WBGene00013839,1.0
WBGene00014232,1.0
WBGene00018189,0.8
WBGene00007758,0.6666666666666666
WBGene00003655,1.0
WBGene00008281,1.0
WBGene00015471,1.0
WBGene00000246,1.0
WBGene00001705,0.5
WBGene00020408,0.9333333333333333
WBGene00021987,1.0
WBGene00000797,0.6666666666666666
WBGene00000056,0.8666666666666667
WBGene00009780,1.0
WBGene00007907,0.6333333333333333
WBGene00000763,1.0
WBGene00016703,1.0
WBGene00019624,1.0
WBGene00017036,1.0
WBGene00017397,0.7
WBGene00001127,1.0
WBGene00011880,1.0
WBGene00020222,0.9333333333333333
WBGene00045249,1.0
WBGene00009736,0.9666666666666667
WBGene00008726,0.9666666666666667
WBGene00021781,1.0
WBGene00018587,0.9333333333333333
WBGene00021344,1.0
WBGene00004893,1.0
WBGene00195142,1.0
WBGene00021936,0.9
WBGene00006928,0.6333333333333333
WBGene00001594,1.0
WBGene00006669,1.0
WBGene00011852,0.9
WBGene00010514,0.8666666666666667
WBGene00019428,1.0
WBGene00007982,1.0
WBGene00009090,0.9666666666666667
WBGene00011762,0.9
WBGene00015720,1.0
WBGene00019139,0.9333333333333333
WBGene00012441,1.0
WBGene00021913,1.0
WBGene00255600,1.0
WBGene00011055,0.9666666666666667
WBGene00016363,1.0
WBGene00001786,0.6333333333333333
WBGene00001489,0.6333333333333333
WBGene00018646,0.9666666666666667
WBGene00009455,0.9666666666666667
WBGene00022142,0.9666666666666667
WBGene00020051,1.0
WBGene00016565,1.0
WBGene00022825,0.9666666666666667
WBGene00016622,1.0
WBGene00017243,1.0
WBGene00000745,0.9
WBGene00006840,1.0
WBGene00011965,0.9666666666666667
WBGene00021208,1.0
WBGene00000975,1.0
WBGene00008656,0.9666666666666667
WBGene00018328,1.0
WBGene00018137,0.9
WBGene00010497,0.9666666666666667
WBGene00018665,1.0
WBGene00009200,0.6
WBGene00010507,0.9666666666666667
WBGene00012268,1.0
WBGene00007321,0.9333333333333333
WBGene00010031,1.0
WBGene00017100,1.0
WBGene00020705,0.6666666666666666
WBGene00008448,1.0
WBGene00009393,0.9666666666666667
WBGene00003555,0.5
WBGene00021704,1.0
WBGene00012947,0.7333333333333333
WBGene00007471,1.0
WBGene00007348,0.9666666666666667
WBGene00000410,0.9333333333333333
WBGene00022112,1.0
WBGene00020090,0.9666666666666667
WBGene00005147,1.0
WBGene00016380,1.0
WBGene00011473,1.0
WBGene00006388,1.0
WBGene00007384,1.0
WBGene00009843,1.0
WBGene00016621,1.0
WBGene00015536,1.0
WBGene00004131,1.0
WBGene00014227,1.0
WBGene00023431,1.0
WBGene00013336,1.0
WBGene00012781,0.5
WBGene00003511,0.8333333333333334
WBGene00013964,1.0
WBGene00044322,1.0
WBGene00020390,1.0
WBGene00019518,1.0
WBGene00021210,1.0
WBGene00006566,0.9
WBGene00013866,0.9666666666666667
WBGene00001893,0.9333333333333333
WBGene00007835,0.7
WBGene00000173,1.0
WBGene00007013,0.6
WBGene00016647,1.0
WBGene00010986,1.0
WBGene00007163,1.0
WBGene00001778,0.9666666666666667
WBGene00219451,1.0
WBGene00016665,1.0
WBGene00020904,1.0
WBGene00000135,0.9
WBGene00017239,0.9666666666666667
WBGene00007542,1.0
WBGene00011115,0.8333333333333334
WBGene00017767,1.0
WBGene00005716,1.0
WBGene00304808,0.9333333333333333
WBGene00000143,1.0
WBGene00012622,1.0
WBGene00000082,1.0
WBGene00044921,1.0
WBGene00014914,1.0
WBGene00016705,0.9333333333333333
WBGene00001618,0.9333333333333333
WBGene00009312,1.0
WBGene00022457,0.9
WBGene00009522,0.7666666666666667
WBGene00011858,0.7666666666666667
WBGene00014073,1.0
WBGene00020378,1.0
WBGene00001429,0.9333333333333333
WBGene00007841,1.0
WBGene00004456,1.0
WBGene00018153,0.9
WBGene00000096,1.0
WBGene00044742,1.0
WBGene00044144,1.0
WBGene00044117,1.0
WBGene00011869,1.0
WBGene00013188,0.7
WBGene00015557,0.9333333333333333
WBGene00000839,0.9666666666666667
WBGene00009453,0.6666666666666666
WBGene00008613,1.0
WBGene00018016,0.9666666666666667
WBGene00001554,0.9666666666666667
WBGene00007349,1.0
WBGene00016648,1.0
WBGene00012927,0.9333333333333333
WBGene00000145,1.0
WBGene00000964,1.0
WBGene00013334,1.0
WBGene00008230,0.9
WBGene00018099,0.6333333333333333
WBGene00011996,0.9
WBGene00077692,0.9666666666666667
WBGene00002272,1.0
WBGene00020575,1.0
WBGene00000641,1.0
WBGene00077539,0.9666666666666667
WBGene00022823,0.9666666666666667
WBGene00015037,0.6333333333333333
WBGene00020942,1.0
WBGene00008706,1.0
WBGene00004126,0.9
WBGene00004988,0.6
WBGene00022434,0.9333333333333333
WBGene00020047,0.9666666666666667
WBGene00012391,1.0
WBGene00018229,1.0
WBGene00018738,0.9
WBGene00020544,1.0
WBGene00004390,0.7
WBGene00015473,0.6333333333333333
WBGene00022460,1.0
WBGene00012818,1.0
WBGene00003590,0.9666666666666667
WBGene00016724,1.0
WBGene00008266,1.0
WBGene00012151,1.0
WBGene00001713,0.9666666666666667
WBGene00013028,0.6666666666666666
WBGene00004790,1.0
WBGene00019895,1.0
WBGene00006477,1.0
WBGene00010666,0.5
WBGene00017142,1.0
WBGene00001892,0.9
WBGene00013742,1.0
WBGene00000979,0.6666666666666666
WBGene00044788,1.0
WBGene00008007,1.0
WBGene00013098,1.0
WBGene00006779,1.0
WBGene00003839,1.0
WBGene00013934,1.0
WBGene00022247,0.8666666666666667
WBGene00000789,0.7666666666666667
WBGene00077679,0.9666666666666667
WBGene00022573,0.9666666666666667
WBGene00044949,0.7
WBGene00015336,0.9333333333333333
WBGene00001437,0.7333333333333333
WBGene00008553,0.9
WBGene00004781,0.7666666666666667
WBGene00015933,1.0
WBGene00001929,0.9
WBGene00018142,0.9666666666666667
WBGene00006363,0.8
WBGene00018221,0.9666666666666667
WBGene00006782,1.0
WBGene00016038,1.0
WBGene00011133,1.0
WBGene00018828,0.7666666666666667
WBGene00012435,0.9
WBGene00020280,0.6666666666666666
WBGene00011859,0.9666666666666667
WBGene00004273,1.0
WBGene00014106,0.9666666666666667
WBGene00009117,0.6
WBGene00021421,1.0
WBGene00006461,0.6333333333333333
WBGene00011838,1.0
WBGene00008256,1.0
WBGene00006324,1.0
WBGene00003642,1.0
WBGene00012456,1.0
WBGene00009180,1.0
WBGene00019030,0.9666666666666667
WBGene00004347,0.9333333333333333
WBGene00000662,1.0
WBGene00013160,0.8333333333333334
WBGene00012105,1.0
WBGene00019012,1.0
WBGene00008695,1.0
WBGene00020834,0.9
WBGene00006533,0.5666666666666667
WBGene00194998,1.0
WBGene00019997,1.0
WBGene00010574,1.0
WBGene00020318,1.0
WBGene00013439,0.5333333333333333
WBGene00021131,1.0
WBGene00000193,1.0
WBGene00012370,1.0
WBGene00002017,1.0
WBGene00011123,1.0
WBGene00007557,0.9333333333333333
WBGene00021978,0.9
WBGene00013957,0.6333333333333333
WBGene00019001,0.9666666666666667
WBGene00011500,1.0
WBGene00022881,0.6
WBGene00011236,0.6
WBGene00021547,0.7333333333333333
WBGene00004402,1.0
WBGene00013419,0.9666666666666667
WBGene00012920,0.5
WBGene00195045,0.7
WBGene00011809,1.0
WBGene00002227,1.0
WBGene00001946,0.7666666666666667
WBGene00000116,0.9
WBGene00018383,0.9666666666666667
WBGene00007483,1.0
WBGene00001930,0.7666666666666667
WBGene00020997,1.0
WBGene00019231,0.7666666666666667
WBGene00011258,0.9
WBGene00009166,1.0
WBGene00194926,0.9666666666666667
WBGene00015110,0.9333333333333333
WBGene00012393,1.0
WBGene00016165,1.0
WBGene00206355,1.0
WBGene00016495,0.5666666666666667
WBGene00017150,1.0
WBGene00017255,1.0
WBGene00021034,0.8666666666666667
WBGene00008314,1.0
WBGene00004120,1.0
WBGene00011044,0.6333333333333333
WBGene00003687,0.9
WBGene00009277,1.0
WBGene00016710,0.9333333333333333
WBGene00016450,1.0
WBGene00015810,1.0
WBGene00008197,1.0
WBGene00021910,0.7
WBGene00018520,0.9666666666666667
WBGene00018395,1.0
WBGene00006519,0.9666666666666667
WBGene00001043,1.0
WBGene00010583,1.0
WBGene00013830,1.0
WBGene00014036,0.9666666666666667
WBGene00006882,0.9
WBGene00014035,0.9666666666666667
WBGene00195093,0.6333333333333333
WBGene00021581,0.9
WBGene00008099,0.9333333333333333
WBGene00001263,0.9333333333333333
WBGene00001666,0.8333333333333334
WBGene00013140,1.0
WBGene00011231,1.0
WBGene00015750,0.9
WBGene00008279,0.9333333333333333
WBGene00044204,0.9
WBGene00009307,1.0
WBGene00001362,0.6
WBGene00022603,1.0
WBGene00005182,1.0
WBGene00018144,0.8666666666666667
WBGene00009793,1.0
WBGene00013224,0.9
WBGene00000507,0.9666666666666667
WBGene00009867,1.0
WBGene00006444,1.0
WBGene00008994,1.0
WBGene00006777,1.0
WBGene00014060,1.0
WBGene00008975,1.0
WBGene00008095,1.0
WBGene00019667,1.0
WBGene00007702,0.9666666666666667
WBGene00007297,0.9666666666666667
WBGene00017985,1.0
WBGene00003022,1.0
WBGene00014262,1.0
WBGene00015478,1.0
WBGene00012155,1.0
WBGene00018478,0.7
WBGene00003886,1.0
WBGene00015984,1.0
WBGene00012112,0.9333333333333333
WBGene00007014,0.9666666666666667
WBGene00013109,0.5333333333333333
WBGene00003243,1.0
WBGene00008005,0.6333333333333333
WBGene00012348,0.7
WBGene00020467,1.0
WBGene00006353,0.9333333333333333
WBGene00008570,1.0
WBGene00000717,1.0
WBGene00019828,1.0
WBGene00015299,1.0
WBGene00043279,0.9
WBGene00002059,0.9333333333333333
WBGene00022704,0.9
WBGene00006368,0.9
WBGene00021109,0.9666666666666667
WBGene00020743,1.0
WBGene00013876,0.6
WBGene00018565,0.9333333333333333
WBGene00016045,0.7
WBGene00013998,0.9666666666666667
WBGene00016985,0.5333333333333333
WBGene00016871,1.0
WBGene00017971,1.0
WBGene00001771,1.0
WBGene00017537,1.0
WBGene00019803,0.9666666666666667
WBGene00014055,1.0
WBGene00000814,1.0
WBGene00003111,0.6333333333333333
WBGene00016120,1.0
WBGene00004759,0.9
WBGene00005127,0.7666666666666667
WBGene00013844,0.7
WBGene00021209,1.0
WBGene00000216,0.9666666666666667
WBGene00019213,0.8666666666666667
WBGene00009902,1.0
WBGene00001719,0.5666666666666667
WBGene00011352,1.0
WBGene00021867,0.9666666666666667
WBGene00017755,0.9333333333333333
WBGene00011109,1.0
WBGene00015386,0.9666666666666667
WBGene00016424,0.9666666666666667
WBGene00018771,0.9666666666666667
WBGene00015741,0.7
WBGene00010128,1.0
WBGene00019519,1.0
WBGene00013710,1.0
WBGene00012616,1.0
WBGene00012372,0.6333333333333333
WBGene00022111,0.6666666666666666
WBGene00021201,0.9333333333333333
WBGene00015768,0.9666666666666667
WBGene00303233,0.6333333333333333
WBGene00006568,0.9666666666666667
WBGene00019400,0.9666666666666667
WBGene00001557,1.0
WBGene00016892,1.0
WBGene00005988,1.0
WBGene00016323,1.0
WBGene00017512,0.6333333333333333
WBGene00000008,0.9333333333333333
WBGene00000795,1.0
WBGene00010608,1.0
WBGene00010272,1.0
WBGene00010781,1.0
WBGene00007340,1.0
WBGene00013609,1.0
WBGene00001095,0.9666666666666667
WBGene00004375,1.0
WBGene00004354,1.0
WBGene00020779,0.9
WBGene00044143,0.9666666666666667
WBGene00012802,1.0
WBGene00012606,1.0
WBGene00013402,1.0
WBGene00016244,1.0
WBGene00017463,0.9666666666666667
WBGene00016429,1.0
WBGene00013884,0.5666666666666667
WBGene00018400,0.9333333333333333
WBGene00007799,0.9333333333333333
WBGene00000217,0.9
WBGene00021038,0.9
WBGene00002978,1.0
WBGene00003726,1.0
WBGene00012962,0.6333333333333333
WBGene00010472,1.0
WBGene00011990,1.0
WBGene00015118,0.7
WBGene00008102,1.0
WBGene00001443,0.9666666666666667
WBGene00011868,0.7666666666666667
WBGene00017174,1.0
WBGene00015310,1.0
WBGene00023498,1.0
WBGene00009499,0.7
WBGene00017658,0.9333333333333333
WBGene00009529,0.6333333333333333
WBGene00304201,1.0
WBGene00012269,1.0
WBGene00007425,1.0
WBGene00044556,1.0
WBGene00011293,1.0
WBGene00007015,1.0
WBGene00001917,0.9
WBGene00003547,0.7
WBGene00017837,1.0
WBGene00010353,0.6333333333333333
WBGene00012452,0.8
WBGene00012867,1.0
WBGene00010396,1.0
WBGene00007670,1.0
WBGene00021409,0.9
WBGene00015162,0.9333333333333333
WBGene00013959,0.6
WBGene00010421,1.0
WBGene00001991,1.0
WBGene00015125,1.0
WBGene00019327,1.0
WBGene00011829,0.9
WBGene00016106,1.0
WBGene00014196,1.0
WBGene00013812,1.0
WBGene00012838,1.0
WBGene00003248,0.9
WBGene00019373,0.9333333333333333
WBGene00009475,0.9666666666666667
WBGene00235325,1.0
WBGene00008996,0.8
WBGene00002881,1.0
WBGene00010053,0.5666666666666667
WBGene00022796,0.9333333333333333
WBGene00006638,0.5666666666666667
WBGene00009782,0.6333333333333333
WBGene00010652,0.9
WBGene00021405,0.6
WBGene00000865,0.9666666666666667
WBGene00007103,0.6333333333333333
WBGene00009672,0.9
WBGene00021236,0.9333333333333333
WBGene00007213,1.0
WBGene00008019,1.0
WBGene00013925,0.9333333333333333
WBGene00018193,0.9666666666666667
WBGene00045297,0.9333333333333333
WBGene00007949,0.8
WBGene00016112,0.9333333333333333
WBGene00002019,1.0
WBGene00010504,1.0
WBGene00011442,0.6333333333333333
WBGene00001673,1.0
WBGene00009901,0.9
WBGene00010749,0.7
WBGene00015787,1.0
WBGene00019109,0.9
WBGene00077769,0.9666666666666667
WBGene00023404,1.0
WBGene00020043,1.0
WBGene00015283,0.9666666666666667
WBGene00001926,0.9333333333333333
WBGene00044510,1.0
WBGene00015641,0.9
WBGene00009031,1.0
WBGene00008395,0.6666666666666666
WBGene00017499,0.9333333333333333
WBGene00022252,1.0
WBGene00021321,0.9666666666666667
WBGene00017418,0.9333333333333333
WBGene00021580,0.5
WBGene00007506,1.0
WBGene00019955,1.0
WBGene00022402,0.9333333333333333
WBGene00020175,0.9666666666666667
WBGene00006712,0.6
WBGene00017272,1.0
WBGene00013103,0.9333333333333333
WBGene00020955,1.0
WBGene00011323,1.0
WBGene00022471,1.0
WBGene00018313,0.7
WBGene00006971,1.0
WBGene00002136,1.0
WBGene00018074,1.0
WBGene00019128,0.6
WBGene00010566,0.6333333333333333
WBGene00016623,0.7
WBGene00021721,0.7666666666666667
WBGene00006678,1.0
WBGene00019296,1.0
WBGene00009866,0.9
WBGene00018791,0.9333333333333333
WBGene00013261,0.9333333333333333
WBGene00007386,0.9333333333333333
WBGene00009223,0.9333333333333333
WBGene00018117,0.7333333333333333
WBGene00001173,1.0
WBGene00007597,1.0
WBGene00009271,1.0
WBGene00009337,1.0
WBGene00007751,0.5666666666666667
WBGene00015626,1.0
WBGene00016393,0.9666666666666667
WBGene00018996,0.9
WBGene00010620,0.6666666666666666
WBGene00016872,0.9
WBGene00015539,0.9666666666666667
WBGene00000230,0.9666666666666667
WBGene00006681,0.9666666666666667
WBGene00019295,1.0
WBGene00007009,1.0
WBGene00018184,0.9333333333333333
WBGene00013381,1.0
WBGene00019565,1.0
WBGene00023418,1.0
WBGene00008089,0.9666666666666667
WBGene00021768,0.8666666666666667
WBGene00008597,1.0
WBGene00010080,1.0
WBGene00013147,0.5333333333333333
WBGene00013453,1.0
WBGene00044582,1.0
WBGene00006543,0.9333333333333333
WBGene00008404,0.9666666666666667
WBGene00020294,0.9666666666666667
WBGene00302986,0.9666666666666667
WBGene00003549,1.0
WBGene00011765,0.6333333333333333
WBGene00001371,1.0
WBGene00018622,1.0
WBGene00014173,0.9333333333333333
WBGene00012137,1.0
WBGene00011498,0.9666666666666667
WBGene00021081,0.9666666666666667
WBGene00012135,1.0
WBGene00000683,1.0
WBGene00007967,1.0
WBGene00000269,0.9333333333333333
WBGene00008776,0.9666666666666667
WBGene00019243,1.0
WBGene00003859,0.9
WBGene00008101,1.0
WBGene00022028,0.6666666666666666
WBGene00021223,1.0
WBGene00002263,1.0
WBGene00009635,1.0
WBGene00017650,0.6
WBGene00010931,1.0
WBGene00019370,0.9
WBGene00016073,1.0
WBGene00008500,0.8666666666666667
WBGene00044644,0.9666666666666667
WBGene00011885,0.9333333333333333
WBGene00005713,1.0
WBGene00022847,0.9666666666666667
WBGene00000935,0.9666666666666667
WBGene00015017,0.9666666666666667
WBGene00020386,1.0
WBGene00008476,1.0
WBGene00000289,1.0
WBGene00003559,0.9666666666666667
WBGene00003091,1.0
WBGene00007609,0.8333333333333334
WBGene00011957,1.0
WBGene00010646,1.0
WBGene00017358,1.0
WBGene00001466,0.5666666666666667
WBGene00044375,0.5333333333333333
WBGene00017506,1.0
WBGene00000719,1.0
WBGene00000526,0.9666666666666667
WBGene00009785,0.9666666666666667
WBGene00009190,1.0
WBGene00016763,1.0
WBGene00007068,0.9666666666666667
WBGene00008584,1.0
WBGene00011528,1.0
WBGene00010450,1.0
WBGene00022873,1.0
WBGene00016511,0.9333333333333333
WBGene00006896,0.9333333333333333
WBGene00012030,0.9666666666666667
WBGene00012280,0.6
WBGene00017720,0.9
WBGene00017302,0.7
WBGene00007620,0.9666666666666667
WBGene00006391,0.9
WBGene00019908,0.7333333333333333
WBGene00002097,0.9666666666666667
WBGene00006623,1.0
WBGene00000501,1.0
WBGene00004000,1.0
WBGene00001750,0.9666666666666667
WBGene00001397,0.7
WBGene00017078,0.8333333333333334
WBGene00304787,0.6333333333333333
WBGene00015356,1.0
WBGene00006309,0.9666666666666667
WBGene00012067,0.6
WBGene00018393,1.0
WBGene00011453,0.6666666666666666
WBGene00012747,1.0
WBGene00018310,0.8666666666666667
WBGene00004771,1.0
WBGene00017156,0.8333333333333334
WBGene00001602,1.0
WBGene00018939,0.9333333333333333
WBGene00012533,1.0
WBGene00016033,0.9
WBGene00020364,0.9
WBGene00001746,0.9666666666666667
WBGene00012670,0.6
WBGene00010940,0.9666666666666667
WBGene00011997,0.9
WBGene00001562,1.0
WBGene00004435,1.0
WBGene00001928,0.9
WBGene00001766,0.9
WBGene00001609,0.6
WBGene00019187,0.9
WBGene00044617,0.9666666666666667
WBGene00008599,1.0
WBGene00020472,0.9666666666666667
WBGene00011967,1.0
WBGene00011821,1.0
WBGene00017936,0.6333333333333333
WBGene00016336,1.0
WBGene00019299,0.6
WBGene00003891,0.9666666666666667
WBGene00077573,0.9333333333333333
WBGene00015783,0.9333333333333333
WBGene00009648,1.0
WBGene00001927,0.9333333333333333
WBGene00012921,1.0
WBGene00008885,0.9
WBGene00018920,0.6
WBGene00000781,1.0
WBGene00022019,0.9
WBGene00009696,1.0
WBGene00006611,1.0
WBGene00015419,0.9333333333333333
WBGene00044767,0.9
WBGene00000163,0.8666666666666667
WBGene00004441,1.0
WBGene00016144,1.0
WBGene00000841,0.9333333333333333
WBGene00010111,0.7666666666666667
WBGene00009361,1.0
WBGene00012856,0.7
WBGene00007133,0.6333333333333333
WBGene00001480,1.0
WBGene00020741,1.0
WBGene00000213,0.8333333333333334
WBGene00001588,0.7333333333333333
WBGene00010654,1.0
WBGene00007924,0.9
WBGene00018755,0.8666666666666667
WBGene00016013,0.9666666666666667
WBGene00020227,0.9
WBGene00044469,0.7
WBGene00000522,0.6666666666666666
WBGene00019829,0.9333333333333333
WBGene00006434,0.9666666666666667
WBGene00008168,0.8666666666666667
WBGene00012439,1.0
WBGene00021863,1.0
WBGene00009454,0.9666666666666667
WBGene00019304,0.9333333333333333
WBGene00044260,0.6333333333333333
WBGene00015324,0.6
WBGene00016499,0.9666666666666667
WBGene00011476,1.0
WBGene00001669,0.9333333333333333
WBGene00005648,0.9333333333333333
WBGene00003934,1.0
WBGene00015280,0.5333333333333333
WBGene00001885,0.9
WBGene00001538,1.0
WBGene00008917,0.9
WBGene00015009,0.9666666666666667
WBGene00001793,0.9666666666666667
WBGene00019846,1.0
WBGene00001208,0.6
WBGene00020015,0.6333333333333333
WBGene00008265,0.6
WBGene00022276,0.8666666666666667
WBGene00007023,0.9666666666666667
WBGene00011388,1.0
WBGene00021873,0.9
WBGene00020049,0.9333333333333333
WBGene00019660,1.0
WBGene00021487,0.9666666666666667
WBGene00008222,0.9
WBGene00017257,0.9
WBGene00006635,0.9666666666666667
WBGene00219216,0.9333333333333333
WBGene00013611,0.9333333333333333
WBGene00013678,1.0
WBGene00012376,1.0
WBGene00003369,0.5333333333333333
WBGene00014253,1.0
WBGene00018708,0.9666666666666667
WBGene00021582,1.0
WBGene00011898,1.0
WBGene00016435,1.0
WBGene00138724,1.0
WBGene00018562,1.0
WBGene00014132,0.9
WBGene00001925,0.9333333333333333
WBGene00004421,0.5666666666666667
WBGene00001709,1.0
WBGene00009334,1.0
WBGene00018402,0.9
WBGene00001933,0.9666666666666667
WBGene00016649,1.0
WBGene00009947,1.0
WBGene00015388,0.9666666666666667
WBGene00012492,1.0
WBGene00018077,0.9666666666666667
WBGene00009070,0.9333333333333333
WBGene00016806,0.9666666666666667
WBGene00008067,1.0
WBGene00016522,1.0
WBGene00044743,0.9666666666666667
WBGene00000733,0.9333333333333333
WBGene00012840,1.0
WBGene00077684,0.9666666666666667
WBGene00016987,0.9333333333333333
WBGene00021179,0.9666666666666667
WBGene00017717,0.5
WBGene00009170,1.0
WBGene00018338,1.0
WBGene00017795,0.6333333333333333
WBGene00004265,1.0
WBGene00008712,0.8666666666666667
WBGene00001901,0.7333333333333333
WBGene00016781,1.0
WBGene00012822,0.9666666666666667
WBGene00016657,1.0
WBGene00004275,0.6
WBGene00000837,0.9666666666666667
WBGene00007956,0.9666666666666667
WBGene00002054,0.9666666666666667
WBGene00017881,1.0
WBGene00003371,0.9666666666666667
WBGene00077763,1.0
WBGene00008454,1.0
WBGene00013634,0.9666666666666667
WBGene00005132,0.6
WBGene00012594,1.0
WBGene00009433,0.9666666666666667
WBGene00044020,1.0
WBGene00012295,0.9666666666666667
WBGene00004896,0.8333333333333334
WBGene00003497,1.0
WBGene00022817,1.0
WBGene00011101,0.9666666666666667
WBGene00019214,0.9666666666666667
WBGene00004944,0.9666666666666667
WBGene00013602,0.6666666666666666
WBGene00021518,1.0
WBGene00004728,1.0
WBGene00013273,1.0
WBGene00044034,0.9666666666666667
WBGene00022286,0.5666666666666667
WBGene00018702,0.5
WBGene00017443,0.9666666666666667
WBGene00018374,0.9666666666666667
WBGene00001923,0.9
WBGene00019806,0.9
WBGene00000287,1.0
WBGene00018797,0.9
WBGene00009511,0.6
WBGene00012400,0.9666666666666667
WBGene00015227,0.9666666666666667
WBGene00010774,1.0
WBGene00018303,1.0
WBGene00020556,0.9333333333333333
WBGene00022331,1.0
WBGene00000779,1.0
WBGene00000732,0.9666666666666667
WBGene00007599,0.9666666666666667
WBGene00016635,0.8
WBGene00003185,1.0
WBGene00007132,0.9666666666666667
WBGene00045488,0.9666666666666667
WBGene00015050,1.0
WBGene00009168,1.0
WBGene00004148,0.9333333333333333
WBGene00016646,1.0
WBGene00020497,0.9666666666666667
WBGene00017754,0.9666666666666667
WBGene00008763,0.9333333333333333
WBGene00019164,1.0
WBGene00019288,0.9
WBGene00020357,0.9666666666666667
WBGene00021159,1.0
WBGene00022199,1.0
WBGene00018543,1.0
WBGene00015932,0.9666666666666667
WBGene00019315,0.9
WBGene00008644,0.6
WBGene00007786,0.9666666666666667
WBGene00003919,1.0
WBGene00000245,0.9666666666666667
WBGene00004161,0.6
WBGene00001937,0.9333333333333333
WBGene00021213,1.0
WBGene00009886,0.9
WBGene00009389,0.8
WBGene00006764,0.9666666666666667
WBGene00000687,0.7
WBGene00001137,1.0
WBGene00008798,0.6
WBGene00019945,1.0
WBGene00000840,0.8666666666666667
WBGene00008368,0.9666666666666667
WBGene00020359,0.7
WBGene00015955,0.8666666666666667
WBGene00002055,1.0
WBGene00000375,0.6333333333333333
WBGene00044396,0.9666666666666667
WBGene00000700,0.9666666666666667
WBGene00022169,0.9
WBGene00008785,0.8
WBGene00017945,1.0
WBGene00009225,1.0
WBGene00004124,0.9333333333333333
WBGene00004255,1.0
WBGene00016451,1.0
WBGene00045390,1.0
WBGene00019572,0.9666666666666667
WBGene00003992,0.5666666666666667
WBGene00269421,1.0
WBGene00007465,0.9666666666666667
WBGene00007909,0.9666666666666667
WBGene00011575,0.8333333333333334
WBGene00001794,0.9
WBGene00010844,0.9
WBGene00012195,1.0
WBGene00020842,0.9666666666666667
WBGene00006510,0.7
WBGene00010337,1.0
WBGene00015716,1.0
WBGene00016957,1.0
WBGene00016131,0.9333333333333333
WBGene00004321,0.7
WBGene00017072,0.9333333333333333
WBGene00013081,1.0
WBGene00007778,0.9666666666666667
WBGene00003001,0.9
WBGene00012782,1.0
WBGene00019008,1.0
WBGene00004346,0.9333333333333333
WBGene00019907,0.9333333333333333
WBGene00012911,0.9666666666666667
WBGene00011062,0.9
WBGene00002162,0.9666666666666667
WBGene00006966,1.0
WBGene00007090,0.8333333333333334
WBGene00018902,1.0
WBGene00000178,1.0
WBGene00194902,0.9666666666666667
WBGene00022366,1.0
WBGene00011089,1.0
WBGene00017022,0.9666666666666667
WBGene00002063,0.8666666666666667
WBGene00018038,1.0
WBGene00020449,1.0
WBGene00010559,0.8
WBGene00013698,1.0
WBGene00006514,0.6333333333333333
WBGene00008184,1.0
WBGene00019653,1.0
WBGene00019504,1.0
WBGene00138721,0.9666666666666667
WBGene00004414,1.0
WBGene00016576,1.0
WBGene00022657,0.9666666666666667
WBGene00016721,1.0
WBGene00002694,1.0
WBGene00015225,0.9666666666666667
WBGene00009526,0.9666666666666667
WBGene00001250,0.5333333333333333
WBGene00004183,0.7666666666666667
WBGene00017959,1.0
WBGene00004059,0.9666666666666667
WBGene00003387,1.0
WBGene00020457,0.9666666666666667
WBGene00011265,0.9
WBGene00017599,0.9666666666666667
WBGene00005484,0.9666666666666667
WBGene00000521,1.0
WBGene00015052,0.9333333333333333
WBGene00003907,0.9666666666666667
WBGene00007682,0.9333333333333333
WBGene00009813,0.9666666666666667
WBGene00014057,1.0
WBGene00044605,0.9333333333333333
WBGene00002199,0.9666666666666667
WBGene00003232,1.0
WBGene00006522,1.0
WBGene00004374,1.0
WBGene00003711,1.0
WBGene00021195,1.0
WBGene00003656,1.0
WBGene00007891,1.0
WBGene00022766,1.0
WBGene00016089,0.9666666666666667
WBGene00011530,1.0
WBGene00022260,1.0
WBGene00008735,1.0
WBGene00019207,1.0
WBGene00195181,0.9333333333333333
WBGene00015046,0.9666666666666667
WBGene00022891,1.0
WBGene00017151,1.0
WBGene00017920,0.9333333333333333
WBGene00044708,0.9666666666666667
WBGene00011776,0.5666666666666667
WBGene00010367,0.9
WBGene00008214,0.9666666666666667
WBGene00006814,1.0
WBGene00005293,0.9
WBGene00004259,1.0
WBGene00000712,0.9666666666666667
WBGene00002250,1.0
WBGene00001204,0.9
WBGene00008167,1.0
WBGene00006649,1.0
WBGene00008521,0.9333333333333333
WBGene00001878,0.9666666666666667
WBGene00011129,0.6
WBGene00002252,1.0
WBGene00014864,0.9666666666666667
WBGene00020648,1.0
WBGene00018579,1.0
WBGene00019476,0.6333333333333333
WBGene00006609,0.9
WBGene00000543,1.0
WBGene00011936,1.0
WBGene00008596,0.9
WBGene00012091,0.9666666666666667
WBGene00005649,0.9666666666666667
WBGene00015644,0.6333333333333333
WBGene00011262,1.0
WBGene00018990,1.0
WBGene00000022,0.9666666666666667
WBGene00001586,1.0
WBGene00017093,0.9666666666666667
WBGene00012252,0.9666666666666667
WBGene00045331,1.0
WBGene00007221,0.9666666666666667
WBGene00011106,0.5666666666666667
WBGene00000037,0.7666666666666667
WBGene00008269,0.9666666666666667
WBGene00001694,0.9
WBGene00001905,0.9333333333333333
WBGene00000180,0.5333333333333333
WBGene00011945,1.0
WBGene00007574,0.6
WBGene00011914,0.9666666666666667
WBGene00045457,0.9666666666666667
WBGene00011767,0.9666666666666667
WBGene00007138,1.0
WBGene00005009,0.5666666666666667
WBGene00018675,1.0
WBGene00086568,0.9666666666666667
WBGene00003624,1.0
WBGene00011045,0.8666666666666667
WBGene00023492,1.0
WBGene00022200,0.6
WBGene00022295,1.0
WBGene00001647,1.0
WBGene00015913,0.9666666666666667
WBGene00002239,1.0
WBGene00235114,1.0
WBGene00010664,0.9666666666666667
WBGene00003172,1.0
WBGene00014207,1.0
WBGene00014046,0.9666666666666667
WBGene00008427,0.7
WBGene00011238,1.0
WBGene00014252,0.9666666666666667
WBGene00020157,0.5333333333333333
WBGene00014172,0.9666666666666667
WBGene00009900,1.0
WBGene00015259,1.0
WBGene00010508,0.9
WBGene00010784,1.0
WBGene00017131,1.0
WBGene00013650,0.9666666666666667
WBGene00018191,0.9666666666666667
WBGene00011465,1.0
WBGene00001392,0.8666666666666667
WBGene00006874,0.6333333333333333
WBGene00001601,1.0
WBGene00011311,1.0
WBGene00002140,0.7
WBGene00010998,1.0
WBGene00000985,1.0
WBGene00021532,0.9666666666666667
WBGene00006952,1.0
WBGene00013585,1.0
WBGene00189956,0.9333333333333333
WBGene00007595,1.0
WBGene00009811,1.0
WBGene00020335,0.5
WBGene00001914,0.9333333333333333
WBGene00010058,0.9
WBGene00010539,0.9333333333333333
WBGene00001919,0.9
WBGene00012968,1.0
WBGene00045510,1.0
WBGene00015100,0.9666666666666667
WBGene00013748,1.0
WBGene00008507,0.9666666666666667
WBGene00017023,0.9666666666666667
WBGene00000488,1.0
WBGene00023483,1.0
WBGene00001877,1.0
WBGene00007322,0.9333333333333333
WBGene00013935,1.0
WBGene00009432,1.0
WBGene00001984,1.0
WBGene00013292,0.9666666666666667
WBGene00018354,0.9666666666666667
WBGene00016191,0.5333333333333333
WBGene00021915,1.0
WBGene00015906,1.0
WBGene00008425,1.0
WBGene00008462,0.9
WBGene00017467,0.5666666666666667
WBGene00012035,0.9666666666666667
WBGene00195185,0.6
WBGene00000240,0.9333333333333333
WBGene00016782,0.9
WBGene00016246,0.5333333333333333
WBGene00010943,1.0
WBGene00001882,0.9666666666666667
WBGene00015807,1.0
WBGene00003731,0.8333333333333334
WBGene00015553,1.0
WBGene00022496,0.6333333333333333
WBGene00284844,1.0
WBGene00003764,0.9666666666666667
WBGene00009358,0.9666666666666667
WBGene00001644,1.0
WBGene00206359,0.9333333333333333
WBGene00015089,0.9666666666666667
WBGene00003733,0.9666666666666667
WBGene00009488,1.0
WBGene00017777,1.0
WBGene00000761,0.9666666666666667
WBGene00009518,1.0
WBGene00013294,0.9666666666666667
WBGene00014801,1.0
WBGene00003771,1.0
WBGene00016671,0.9666666666666667
WBGene00020938,1.0
WBGene00000281,1.0
WBGene00000420,0.8666666666666667
WBGene00022870,0.9666666666666667
WBGene00022504,1.0
WBGene00013078,0.7666666666666667
WBGene00000396,0.9666666666666667
WBGene00019588,0.7
WBGene00045475,1.0
WBGene00002249,1.0
WBGene00008629,1.0
WBGene00018704,0.9
WBGene00008826,0.9666666666666667
WBGene00007660,0.9666666666666667
WBGene00007944,1.0
WBGene00011436,0.9666666666666667
WBGene00008632,0.9666666666666667
WBGene00020455,0.7
WBGene00013820,1.0
WBGene00020628,0.9333333333333333
WBGene00019362,1.0
WBGene00045393,0.9666666666666667
WBGene00020088,1.0
WBGene00000373,1.0
WBGene00021865,1.0
WBGene00012152,0.9333333333333333
WBGene00002026,0.5333333333333333
WBGene00020862,0.5
WBGene00020908,1.0
WBGene00020220,1.0
WBGene00018412,0.9666666666666667
WBGene00004681,0.9666666666666667
WBGene00010260,0.7333333333333333
WBGene00020141,1.0
WBGene00011407,0.9666666666666667
WBGene00009789,1.0
WBGene00020972,0.6333333333333333
WBGene00022606,1.0
WBGene00008227,0.9333333333333333
WBGene00020989,1.0
WBGene00000786,1.0
WBGene00003933,0.9666666666666667
WBGene00010773,0.9
WBGene00012753,1.0
WBGene00022406,0.5333333333333333
WBGene00007274,0.9666666666666667
WBGene00001932,1.0
WBGene00017727,1.0
WBGene00019732,0.9666666666666667
WBGene00194645,0.9666666666666667
WBGene00018345,0.9666666666666667
WBGene00003097,1.0
WBGene00019604,1.0
WBGene00010253,1.0
WBGene00015894,1.0
WBGene00009430,0.9666666666666667
WBGene00012855,0.7666666666666667
WBGene00014761,1.0
WBGene00009504,1.0
WBGene00018259,1.0
WBGene00010836,0.8666666666666667
WBGene00015829,0.9666666666666667
WBGene00017200,1.0
WBGene00016226,0.6
WBGene00013766,0.9
WBGene00004369,0.9666666666666667
WBGene00001034,1.0
WBGene00003530,0.9666666666666667
WBGene00003765,1.0
WBGene00004191,0.9333333333333333
WBGene00001903,0.9666666666666667
WBGene00016542,0.8
WBGene00009494,0.5666666666666667
WBGene00019999,0.9
WBGene00022375,0.9666666666666667
WBGene00021745,0.9
WBGene00003179,0.5333333333333333
WBGene00001149,1.0
WBGene00012552,0.9666666666666667
WBGene00020166,1.0
WBGene00014091,0.9666666666666667
WBGene00004193,1.0
WBGene00044237,0.9666666666666667
WBGene00044455,0.9
WBGene00018955,1.0
WBGene00016063,0.9666666666666667
WBGene00004809,0.9666666666666667
WBGene00004823,1.0
WBGene00017448,1.0
WBGene00018806,1.0
WBGene00006845,0.9
WBGene00004789,0.5333333333333333
WBGene00003763,0.9666666666666667
WBGene00012323,1.0
WBGene00008940,1.0
WBGene00015834,0.9666666666666667
WBGene00001168,1.0
WBGene00017012,1.0
WBGene00013035,1.0
WBGene00018971,1.0
WBGene00020884,1.0
WBGene00002021,1.0
WBGene00022489,1.0
WBGene00194746,0.9666666666666667
WBGene00013019,0.9666666666666667
WBGene00001527,1.0
WBGene00004986,1.0
WBGene00003879,0.7
WBGene00016717,0.9666666666666667
WBGene00022571,0.5333333333333333
WBGene00004363,0.6333333333333333
WBGene00000959,1.0
WBGene00007027,0.9333333333333333
WBGene00003695,1.0
WBGene00020924,0.7333333333333333
WBGene00004285,1.0
WBGene00011926,0.9666666666666667
WBGene00015284,1.0
WBGene00004890,1.0
WBGene00021897,0.9666666666666667
WBGene00001761,1.0
WBGene00011940,0.5333333333333333
WBGene00014206,1.0
WBGene00009983,1.0
WBGene00006615,0.9
WBGene00004963,0.9666666666666667
WBGene00019764,0.8666666666666667
WBGene00022801,1.0
WBGene00000982,0.9666666666666667
WBGene00044707,0.9666666666666667
WBGene00016087,0.7
WBGene00008301,0.9666666666666667
WBGene00014210,0.8666666666666667
WBGene00017530,1.0
WBGene00005931,0.6666666666666666
WBGene00015887,1.0
WBGene00044403,1.0
WBGene00020901,0.9666666666666667
WBGene00016162,1.0
WBGene00004001,0.9666666666666667
WBGene00000212,0.9
WBGene00007240,0.9333333333333333
WBGene00021683,1.0
WBGene00009554,0.9
WBGene00005893,1.0
WBGene00015291,1.0
WBGene00016809,0.9666666666666667
WBGene00019225,1.0
WBGene00016977,0.6666666666666666
WBGene00006887,0.9333333333333333
WBGene00011564,1.0
WBGene00000074,0.8666666666666667
WBGene00011255,1.0
WBGene00015188,0.6333333333333333
WBGene00015373,0.8666666666666667
WBGene00013564,0.9666666666666667
WBGene00015890,1.0
WBGene00003767,0.9
WBGene00016817,1.0
WBGene00009256,1.0
WBGene00015799,1.0
WBGene00019355,1.0
WBGene00013101,0.9333333333333333
WBGene00206354,1.0
WBGene00012688,1.0
WBGene00007134,0.9666666666666667
WBGene00044401,1.0
WBGene00004323,0.9666666666666667
WBGene00015172,0.9666666666666667
WBGene00019265,0.9
WBGene00018467,1.0
WBGene00009137,0.9666666666666667
WBGene00001488,0.9666666666666667
WBGene00011832,1.0
WBGene00007658,0.9666666666666667
WBGene00016585,0.5333333333333333
WBGene00000472,1.0
WBGene00022548,0.9666666666666667
WBGene00019073,1.0
WBGene00007656,0.9666666666666667
WBGene00021526,0.6333333333333333
WBGene00022848,1.0
WBGene00015454,1.0
WBGene00017957,1.0
WBGene00164973,1.0
WBGene00001687,1.0
WBGene00044759,0.9666666666666667
WBGene00012546,0.9
WBGene00019249,1.0
WBGene00005652,0.5666666666666667
WBGene00007067,0.9333333333333333
WBGene00012885,0.9333333333333333
WBGene00021492,1.0
WBGene00271605,0.9666666666666667
WBGene00006730,1.0
WBGene00021709,1.0
WBGene00017032,0.9333333333333333
WBGene00008342,1.0
WBGene00016048,0.7666666666666667
WBGene00006423,0.8333333333333334
WBGene00007867,0.9666666666666667
WBGene00017441,0.9666666666666667
WBGene00004197,1.0
WBGene00021860,0.8666666666666667
WBGene00005001,0.7333333333333333
WBGene00001906,0.9666666666666667
WBGene00011668,0.9333333333333333
WBGene00020402,0.9666666666666667
WBGene00009061,0.9666666666666667
WBGene00016201,0.9666666666666667
WBGene00010964,0.5333333333333333
WBGene00001939,0.9666666666666667
WBGene00003064,0.9333333333333333
WBGene00001451,0.9666666666666667
WBGene00012530,1.0
WBGene00009617,1.0
WBGene00011212,1.0
WBGene00008484,0.9666666666666667
WBGene00004005,0.9666666666666667
WBGene00001879,0.9666666666666667
WBGene00007558,1.0
WBGene00016756,0.9
WBGene00020029,0.9666666666666667
WBGene00004238,1.0
WBGene00020726,0.9666666666666667
WBGene00004405,1.0
WBGene00016292,1.0
WBGene00020249,0.6333333333333333
WBGene00019029,0.9666666666666667
WBGene00007866,0.5333333333333333
WBGene00007657,0.9666666666666667
WBGene00019058,1.0
WBGene00002717,0.9666666666666667
WBGene00012149,0.9
WBGene00016409,0.9666666666666667
WBGene00010960,0.9666666666666667
WBGene00009413,1.0
WBGene00045416,0.9666666666666667
WBGene00015224,0.9666666666666667
WBGene00002223,1.0
WBGene00016939,1.0
WBGene00012910,0.9666666666666667
WBGene00018839,1.0
WBGene00007591,1.0
WBGene00077757,0.8666666666666667
WBGene00008948,1.0
WBGene00016217,1.0
WBGene00012042,0.8666666666666667
WBGene00015226,0.9666666666666667
WBGene00206384,1.0
WBGene00000049,1.0
WBGene00002260,0.9
WBGene00021749,0.9666666666666667
WBGene00044014,0.9666666666666667
WBGene00018715,1.0
WBGene00206373,0.9666666666666667
WBGene00020155,0.5666666666666667
WBGene00004930,0.9333333333333333
WBGene00002344,1.0
WBGene00044574,1.0
WBGene00001876,0.9666666666666667
WBGene00019314,0.9333333333333333
WBGene00044067,0.9666666666666667
WBGene00010206,0.9666666666666667
WBGene00017268,0.5666666666666667
WBGene00007659,0.9666666666666667
WBGene00006463,0.9666666666666667
WBGene00018424,1.0
WBGene00007906,0.9666666666666667
WBGene00194928,1.0
WBGene00001760,0.9666666666666667
WBGene00009165,1.0
WBGene00016403,0.7666666666666667
WBGene00006667,0.9666666666666667
WBGene00012973,1.0
WBGene00004218,1.0
WBGene00015185,1.0
WBGene00011437,1.0
WBGene00000068,0.8666666666666667
WBGene00013281,1.0
WBGene00044772,1.0
WBGene00023451,0.9
WBGene00011235,1.0
WBGene00009898,0.9666666666666667
WBGene00007056,1.0
WBGene00194869,1.0
WBGene00270320,1.0
WBGene00011510,1.0
WBGene00020156,1.0
WBGene00008199,1.0
WBGene00044416,1.0
WBGene00008575,1.0
WBGene00022572,0.9666666666666667
WBGene00016096,1.0
WBGene00008050,1.0
WBGene00000069,0.9666666666666667
WBGene00010902,0.9
WBGene00015143,0.9333333333333333
WBGene00013417,0.9666666666666667
WBGene00017867,0.9
WBGene00006493,0.9666666666666667
WBGene00019725,0.9
WBGene00011076,1.0
WBGene00019472,1.0
WBGene00016092,1.0
WBGene00006944,1.0
WBGene00009394,1.0
WBGene00044291,0.9
WBGene00017125,1.0
WBGene00018113,0.9666666666666667
WBGene00008452,1.0
WBGene00013497,1.0
WBGene00009157,1.0
WBGene00001494,1.0
WBGene00015080,0.9
WBGene00004804,1.0
WBGene00045401,0.9666666666666667
WBGene00012101,0.9666666666666667
WBGene00010516,1.0
WBGene00016559,0.9333333333333333
WBGene00044382,0.5666666666666667
WBGene00017751,1.0
WBGene00017379,0.8333333333333334
WBGene00004311,1.0
WBGene00017080,1.0
WBGene00022490,1.0
WBGene00004796,1.0
WBGene00010637,1.0
WBGene00020589,0.9666666666666667
WBGene00015790,0.9666666666666667
WBGene00012324,0.9
WBGene00017071,1.0
WBGene00019664,0.9666666666666667
WBGene00020346,0.5666666666666667
WBGene00010965,0.5
WBGene00022518,0.9666666666666667
WBGene00009056,1.0
WBGene00007317,1.0
WBGene00023497,0.9333333333333333
WBGene00016364,0.9666666666666667
WBGene00007662,0.9666666666666667
WBGene00006483,0.9666666666666667
WBGene00008858,0.9666666666666667
WBGene00010471,0.9666666666666667
WBGene00002976,0.5333333333333333
WBGene00022365,1.0
WBGene00003170,0.9666666666666667
WBGene00006369,0.9666666666666667
WBGene00008819,0.8
WBGene00001881,0.9666666666666667
WBGene00195165,0.9666666666666667
WBGene00000968,0.9333333333333333
WBGene00016034,0.9666666666666667
WBGene00045048,1.0
WBGene00007991,1.0
WBGene00012726,0.9666666666666667
WBGene00008654,0.9666666666666667
WBGene00012744,1.0
WBGene00017121,1.0
WBGene00007655,0.9666666666666667
WBGene00007353,0.9333333333333333
WBGene00001780,0.8666666666666667
WBGene00044316,0.9666666666666667
WBGene00022093,0.9
WBGene00007010,0.9666666666666667
WBGene00010959,0.9
WBGene00003565,0.9666666666666667
WBGene00006407,1.0
WBGene00010830,0.9666666666666667
WBGene00009215,0.9333333333333333
WBGene00000822,0.9666666666666667
WBGene00001922,1.0
WBGene00001046,0.9666666666666667
WBGene00011774,0.9666666666666667
WBGene00009397,1.0
WBGene00012967,0.9666666666666667
WBGene00012857,1.0
WBGene00003717,1.0
WBGene00011611,0.9666666666666667
WBGene00044207,0.9666666666666667
WBGene00235158,1.0
WBGene00020048,0.9666666666666667
WBGene00021043,1.0
WBGene00022194,0.8666666666666667
WBGene00010962,1.0
WBGene00003507,0.9666666666666667
WBGene00006064,0.9666666666666667
WBGene00013597,1.0
WBGene00000451,0.9666666666666667
WBGene00005342,0.9666666666666667
WBGene00021008,0.9666666666666667
WBGene00003377,1.0
WBGene00001854,1.0
WBGene00017641,0.9666666666666667
WBGene00003397,0.9
WBGene00004900,0.9333333333333333
WBGene00011474,0.9666666666666667
WBGene00000190,0.9666666666666667
WBGene00021983,0.5666666666666667
WBGene00010148,1.0
WBGene00015509,1.0
WBGene00004048,0.9666666666666667
WBGene00005110,1.0
WBGene00018174,0.9666666666666667
WBGene00194646,0.9666666666666667
WBGene00008267,0.9666666666666667
WBGene00018591,0.9666666666666667
WBGene00015309,1.0
WBGene00001940,1.0
WBGene00020009,0.9666666666666667
WBGene00005582,1.0
WBGene00006513,0.9666666666666667
WBGene00012239,1.0
WBGene00022346,0.9666666666666667
WBGene00010503,1.0
WBGene00010605,1.0
WBGene00019057,0.9666666666666667
WBGene00015514,0.7333333333333333
WBGene00235113,0.9666666666666667
WBGene00013746,1.0
WBGene00013917,1.0
WBGene00013215,1.0
WBGene00016159,1.0
WBGene00003868,0.9666666666666667
WBGene00022015,0.9666666666666667
WBGene00014214,0.8666666666666667
WBGene00018692,1.0
WBGene00012168,1.0
WBGene00016739,0.9666666666666667
WBGene00010006,1.0
WBGene00003769,0.9666666666666667
WBGene00011830,1.0
WBGene00013540,0.9666666666666667
WBGene00022756,1.0
WBGene00014115,1.0
WBGene00022469,1.0
WBGene00001921,1.0
WBGene00012505,0.9666666666666667
WBGene00013559,1.0
WBGene00045365,1.0
WBGene00006979,1.0
WBGene00009114,0.9
WBGene00021814,1.0
WBGene00004149,0.9666666666666667
WBGene00020626,1.0
WBGene00019986,1.0
WBGene00011841,1.0
WBGene00021556,1.0
WBGene00018594,0.9666666666666667
WBGene00194908,0.9666666666666667
WBGene00003094,0.9
WBGene00011282,0.7333333333333333
WBGene00010326,1.0
WBGene00000137,0.9666666666666667
WBGene00015828,0.9666666666666667
WBGene00006780,0.9666666666666667
WBGene00009552,0.9666666666666667
WBGene00000279,0.9666666666666667
WBGene00007942,1.0
WBGene00006876,0.9666666666666667
WBGene00006754,1.0
WBGene00022067,0.8666666666666667
WBGene00015794,0.9666666666666667
WBGene00000929,0.9666666666666667
WBGene00014108,1.0
WBGene00003099,0.9666666666666667
WBGene00003396,0.9666666666666667
WBGene00008486,0.9666666666666667
WBGene00010280,0.9666666666666667
WBGene00012279,0.9666666666666667
WBGene00006633,0.9666666666666667
WBGene00015483,0.9
WBGene00019367,1.0
WBGene00006751,1.0
WBGene00007358,0.9
WBGene00013604,1.0
WBGene00044201,0.9666666666666667
WBGene00010821,0.9666666666666667
WBGene00020797,0.9666666666666667
WBGene00006504,1.0
WBGene00018353,0.9666666666666667
WBGene00022691,0.9666666666666667
WBGene00014243,0.9666666666666667
WBGene00001773,0.9666666666666667
WBGene00010558,1.0
WBGene00045419,1.0
WBGene00006718,0.9666666666666667
WBGene00016595,1.0
WBGene00003714,0.9666666666666667
WBGene00011130,1.0
WBGene00015382,0.9666666666666667
WBGene00019579,0.9666666666666667
WBGene00022664,0.8666666666666667
WBGene00020003,1.0
WBGene00000478,1.0
WBGene00007094,1.0
WBGene00007324,1.0
WBGene00010901,0.9
WBGene00021590,1.0
WBGene00017947,0.9
WBGene00015693,1.0
WBGene00017024,0.9666666666666667
WBGene00009311,0.7333333333333333
WBGene00000564,0.9666666666666667
WBGene00001764,1.0
WBGene00219420,1.0
WBGene00017645,1.0
WBGene00021566,1.0
WBGene00013752,1.0
WBGene00014092,1.0
WBGene00005585,0.9333333333333333
WBGene00001931,0.9666666666666667
WBGene00019465,1.0
WBGene00016150,0.8666666666666667
WBGene00001880,0.9666666666666667
WBGene00020612,1.0
WBGene00003385,1.0
WBGene00001491,1.0
WBGene00000972,1.0
WBGene00001536,1.0
WBGene00006975,1.0
WBGene00015378,1.0
WBGene00002191,1.0
WBGene00003862,0.9666666666666667
WBGene00003828,1.0
WBGene00018986,1.0
WBGene00022240,1.0
WBGene00020820,0.8
WBGene00000439,0.9666666666666667
WBGene00009825,1.0
WBGene00005925,1.0
WBGene00006588,1.0
WBGene00044028,1.0
WBGene00020137,1.0
WBGene00016517,1.0
WBGene00015455,0.9666666666666667
WBGene00021928,0.9666666666666667
WBGene00008170,0.9666666666666667
WBGene00019393,1.0
WBGene00044132,1.0
WBGene00019268,1.0
WBGene00012125,0.9666666666666667
WBGene00005712,0.9666666666666667
WBGene00015190,0.9666666666666667
WBGene00000442,0.9666666666666667
WBGene00009216,0.9666666666666667
WBGene00011105,1.0
WBGene00020151,0.9666666666666667
WBGene00002137,1.0
WBGene00019580,1.0
WBGene00014254,0.9666666666666667
WBGene00020143,1.0
WBGene00003474,1.0
WBGene00001787,0.9666666666666667
WBGene00022062,0.9666666666666667
WBGene00010970,0.9
WBGene00005671,0.9
WBGene00016571,0.9666666666666667
WBGene00009971,1.0
WBGene00020360,1.0
WBGene00011860,1.0
WBGene00012023,0.9666666666666667
WBGene00009774,0.9666666666666667
WBGene00010840,1.0
WBGene00008922,1.0
WBGene00017688,0.9
WBGene00016998,1.0
WBGene00008985,0.9666666666666667
WBGene00011708,0.9666666666666667
WBGene00013289,1.0
WBGene00021066,0.9666666666666667
WBGene00007661,0.9666666666666667
WBGene00045253,1.0
WBGene00007819,1.0
WBGene00000150,0.6666666666666666
WBGene00008993,1.0
WBGene00010411,1.0
WBGene00009124,1.0
WBGene00004999,1.0
WBGene00000114,1.0
